# Exported from USD: /World/gantry/gantry_home/ur10_flattened/robotiq_fixed_physics/Robotiq_2F_140_physics_edit/right_inner_finger/Finger4_01/Finger4
mtllib Finger4_1.mtl

g Finger4
v 4.36869250 0.10512539 0.16787534
v 4.36840746 0.10512539 0.16797390
v 4.36847652 0.10512539 0.16796480
v 4.36875048 0.10512539 0.16783085
v 4.36887796 0.10512539 0.16773303
v 4.36902028 0.10512539 0.16754757
v 4.36910974 0.10512539 0.16733159
v 4.36893261 0.10512539 0.16766182
v 4.36914025 0.10512539 0.16709982
v 4.36911515 0.10512539 0.16729051
v 4.36902028 0.10512539 0.16665207
v 4.36910974 0.10512539 0.16686804
v 4.36893261 0.10512539 0.16653781
v 4.36887796 0.10512539 0.16646660
v 4.36869250 0.10512539 0.16632429
v 4.36847652 0.10512539 0.16623483
v 4.36875048 0.10512539 0.16636878
v 4.36824475 0.10512539 0.16620432
v 4.36840746 0.10512539 0.16622574
v 4.36779700 0.10512539 0.16632429
v 4.36801297 0.10512539 0.16623483
v 4.36773901 0.10512539 0.16636878
v 4.36761154 0.10512539 0.16646660
v 4.36746923 0.10512539 0.16665207
v 4.36737976 0.10512539 0.16686804
v 4.36755689 0.10512539 0.16653781
v 4.36734925 0.10512539 0.16709982
v 4.36737435 0.10512539 0.16690912
v 4.36746923 0.10512539 0.16754757
v 4.36737976 0.10512539 0.16733159
v 4.36755689 0.10512539 0.16766182
v 4.36761154 0.10512539 0.16773303
v 4.36773901 0.10512539 0.16783085
v 4.36779700 0.10512539 0.16787534
v 4.36824475 0.10512539 0.16799532
v 4.36801297 0.10512539 0.16796480
v 4.36877456 0.10519610 0.16766243
v 4.36806502 0.10527762 0.16653720
v 4.36771494 0.10519610 0.16653720
v 4.36806502 0.10527762 0.16766243
v 4.36771494 0.10519610 0.16766243
v 4.36768582 0.10527762 0.16729067
v 4.36768582 0.10527762 0.16690896
v 4.36842448 0.10527762 0.16653720
v 4.36877456 0.10519610 0.16653720
v 4.36880369 0.10527762 0.16690896
v 4.36880369 0.10527762 0.16729067
v 4.36842448 0.10527762 0.16766243
v 4.36805514 0.10536363 0.16729067
v 4.36805514 0.10536363 0.16690896
v 4.36843436 0.10536363 0.16729067
v 4.36843436 0.10536363 0.16690896
v 4.36824475 0.10473540 0.16809982
v 4.36798593 0.10473540 0.16806574
v 4.36753765 0.10473540 0.16780692
v 4.36774475 0.10473540 0.16796584
v 4.36737873 0.10473540 0.16759982
v 4.36727882 0.10473540 0.16735863
v 4.36727882 0.10473540 0.16684100
v 4.36724476 0.10473540 0.16709982
v 4.36753765 0.10473540 0.16639271
v 4.36737873 0.10473540 0.16659982
v 4.36774475 0.10473540 0.16623379
v 4.36798593 0.10473540 0.16613389
v 4.36850356 0.10473540 0.16613389
v 4.36824475 0.10473540 0.16609982
v 4.36895186 0.10473540 0.16639271
v 4.36874475 0.10473540 0.16623379
v 4.36911078 0.10473540 0.16659982
v 4.36921068 0.10473540 0.16684100
v 4.36921068 0.10473540 0.16735863
v 4.36924475 0.10473540 0.16709982
v 4.36895186 0.10473540 0.16780692
v 4.36911078 0.10473540 0.16759982
v 4.36874475 0.10473540 0.16796584
v 4.36850356 0.10473540 0.16806574
v 4.36824475 0.10318539 0.16609982
v 4.36798593 0.10318539 0.16613389
v 4.36774475 0.10318539 0.16623379
v 4.36753765 0.10318539 0.16639271
v 4.36737873 0.10318539 0.16659982
v 4.36727882 0.10318539 0.16684100
v 4.36724476 0.10318539 0.16709982
v 4.36727882 0.10318539 0.16735863
v 4.36737873 0.10318539 0.16759982
v 4.36753765 0.10318539 0.16780692
v 4.36774475 0.10318539 0.16796584
v 4.36798593 0.10318539 0.16806574
v 4.36824475 0.10318539 0.16809982
v 4.36850356 0.10318539 0.16806574
v 4.36874475 0.10318539 0.16796584
v 4.36895186 0.10318539 0.16780692
v 4.36911078 0.10318539 0.16759982
v 4.36921068 0.10318539 0.16735863
v 4.36924475 0.10318539 0.16709982
v 4.36921068 0.10318539 0.16684100
v 4.36911078 0.10318539 0.16659982
v 4.36895186 0.10318539 0.16639271
v 4.36874475 0.10318539 0.16623379
v 4.36850356 0.10318539 0.16613389
v 4.36949475 0.10318539 0.17376488
v 4.36874475 0.10318539 0.17523379
v 4.36895186 0.10318539 0.17539271
v 4.36850356 0.10318539 0.17513389
v 4.36824475 0.10318539 0.17409982
v 4.36759771 0.10318539 0.17401463
v 4.36798593 0.10318539 0.17513389
v 4.36774475 0.10318539 0.17523379
v 4.36699475 0.10318539 0.17376488
v 4.36647698 0.10318539 0.17336758
v 4.36753765 0.10318539 0.17539271
v 4.36889180 0.10318539 0.16918500
v 4.36889180 0.10318539 0.17401463
v 4.36824475 0.10318539 0.17509982
v 4.36737873 0.10318539 0.17559982
v 4.36824475 0.10318539 0.16909982
v 4.37994476 0.10318539 0.17969982
v 4.36911078 0.10318539 0.17659982
v 4.36895186 0.10318539 0.17680692
v 4.36911078 0.10318539 0.17559982
v 4.38074475 0.10318539 0.16429982
v 4.37040982 0.10318539 0.17284982
v 4.37994476 0.10318539 0.16349982
v 4.36374474 0.10318539 0.17969982
v 4.36850356 0.10318539 0.17706574
v 4.36874475 0.10318539 0.17696584
v 4.38074475 0.10318539 0.17889982
v 4.36924475 0.10318539 0.17609982
v 4.37001252 0.10318539 0.17336758
v 4.36647698 0.10318539 0.16983205
v 4.36699475 0.10318539 0.16943475
v 4.36759771 0.10318539 0.16918500
v 4.37040982 0.10318539 0.17034982
v 4.36374474 0.10318539 0.16349982
v 4.36294475 0.10318539 0.17889982
v 4.36753765 0.10318539 0.17680692
v 4.36824475 0.10318539 0.17709982
v 4.36798593 0.10318539 0.17706574
v 4.36921068 0.10318539 0.17584100
v 4.37074476 0.10318539 0.17159982
v 4.37065957 0.10318539 0.17224686
v 4.36949475 0.10318539 0.16943475
v 4.36294475 0.10318539 0.16429982
v 4.36774475 0.10318539 0.17696584
v 4.36607969 0.10318539 0.17034982
v 4.37001252 0.10318539 0.16983205
v 4.37065957 0.10318539 0.17095277
v 4.36737873 0.10318539 0.17659982
v 4.36727882 0.10318539 0.17635863
v 4.36921068 0.10318539 0.17635863
v 4.36607969 0.10318539 0.17284982
v 4.36582994 0.10318539 0.17095277
v 4.36727882 0.10318539 0.17584100
v 4.36574475 0.10318539 0.17159982
v 4.36724476 0.10318539 0.17609982
v 4.36582994 0.10318539 0.17224686
v 4.38074475 0.09668539 0.16429982
v 4.38074475 0.09668539 0.17889982
v 4.35907453 0.09651562 0.17969982
v 4.36061598 0.09730103 0.17969982
v 4.36016863 0.09796427 0.17889982
v 4.36192164 0.09843602 0.17969982
v 4.36132713 0.09897133 0.17889982
v 4.36291394 0.09985317 0.17969982
v 4.36220758 0.10022875 0.17889982
v 4.36353392 0.10146827 0.17969982
v 4.36275768 0.10166181 0.17889982
v 4.35880092 0.09726738 0.17889982
v 4.36353392 0.10146827 0.16349982
v 4.36275768 0.10166181 0.16429982
v 4.36291394 0.09985317 0.16349982
v 4.36220758 0.10022875 0.16429982
v 4.36192164 0.09843602 0.16349982
v 4.36132713 0.09897133 0.16429982
v 4.36061598 0.09730103 0.16349982
v 4.36016863 0.09796427 0.16429982
v 4.35907453 0.09651562 0.16349982
v 4.35880092 0.09726738 0.16429982
v 4.36824475 0.10473540 0.17509982
v 4.36798593 0.10473540 0.17513389
v 4.36774475 0.10473540 0.17523379
v 4.36753765 0.10473540 0.17539271
v 4.36737873 0.10473540 0.17559982
v 4.36727882 0.10473540 0.17584100
v 4.36724476 0.10473540 0.17609982
v 4.36727882 0.10473540 0.17635863
v 4.36737873 0.10473540 0.17659982
v 4.36753765 0.10473540 0.17680692
v 4.36774475 0.10473540 0.17696584
v 4.36798593 0.10473540 0.17706574
v 4.36824475 0.10473540 0.17709982
v 4.36850356 0.10473540 0.17706574
v 4.36874475 0.10473540 0.17696584
v 4.36895186 0.10473540 0.17680692
v 4.36911078 0.10473540 0.17659982
v 4.36921068 0.10473540 0.17635863
v 4.36924475 0.10473540 0.17609982
v 4.36921068 0.10473540 0.17584100
v 4.36911078 0.10473540 0.17559982
v 4.36895186 0.10473540 0.17539271
v 4.36874475 0.10473540 0.17523379
v 4.36850356 0.10473540 0.17513389
v 4.36824475 0.10512539 0.17699532
v 4.36801297 0.10512539 0.17696480
v 4.36779700 0.10512539 0.17687534
v 4.36773901 0.10512539 0.17683085
v 4.36755689 0.10512539 0.17666182
v 4.36761154 0.10512539 0.17673303
v 4.36746923 0.10512539 0.17654757
v 4.36737976 0.10512539 0.17633159
v 4.36734925 0.10512539 0.17609982
v 4.36737435 0.10512539 0.17590912
v 4.36737976 0.10512539 0.17586804
v 4.36746923 0.10512539 0.17565207
v 4.36755689 0.10512539 0.17553781
v 4.36773901 0.10512539 0.17536878
v 4.36761154 0.10512539 0.17546660
v 4.36779700 0.10512539 0.17532429
v 4.36801297 0.10512539 0.17523483
v 4.36824475 0.10512539 0.17520432
v 4.36840746 0.10512539 0.17522574
v 4.36847652 0.10512539 0.17523483
v 4.36869250 0.10512539 0.17532429
v 4.36875048 0.10512539 0.17536878
v 4.36893261 0.10512539 0.17553781
v 4.36887796 0.10512539 0.17546660
v 4.36902028 0.10512539 0.17565207
v 4.36910974 0.10512539 0.17586804
v 4.36914025 0.10512539 0.17609982
v 4.36911515 0.10512539 0.17629051
v 4.36910974 0.10512539 0.17633159
v 4.36902028 0.10512539 0.17654757
v 4.36893261 0.10512539 0.17666182
v 4.36875048 0.10512539 0.17683085
v 4.36887796 0.10512539 0.17673303
v 4.36869250 0.10512539 0.17687534
v 4.36847652 0.10512539 0.17696480
v 4.36840746 0.10512539 0.17697390
v 4.36877456 0.10519610 0.17666243
v 4.36806502 0.10527762 0.17553720
v 4.36771494 0.10519610 0.17553720
v 4.36806502 0.10527762 0.17666243
v 4.36771494 0.10519610 0.17666243
v 4.36768582 0.10527762 0.17629067
v 4.36768582 0.10527762 0.17590896
v 4.36842448 0.10527762 0.17553720
v 4.36877456 0.10519610 0.17553720
v 4.36880369 0.10527762 0.17590896
v 4.36880369 0.10527762 0.17629067
v 4.36842448 0.10527762 0.17666243
v 4.36805514 0.10536363 0.17629067
v 4.36805514 0.10536363 0.17590896
v 4.36843436 0.10536363 0.17629067
v 4.36843436 0.10536363 0.17590896
v 4.36824475 0.10698540 0.17409982
v 4.36889180 0.10698540 0.17401463
v 4.36949475 0.10698540 0.17376488
v 4.37001252 0.10698540 0.17336758
v 4.37040982 0.10698540 0.17284982
v 4.37065957 0.10698540 0.17224686
v 4.37074476 0.10698540 0.17159982
v 4.37065957 0.10698540 0.17095277
v 4.37040982 0.10698540 0.17034982
v 4.37001252 0.10698540 0.16983205
v 4.36949475 0.10698540 0.16943475
v 4.36889180 0.10698540 0.16918500
v 4.36824475 0.10698540 0.16909982
v 4.36759771 0.10698540 0.16918500
v 4.36699475 0.10698540 0.16943475
v 4.36647698 0.10698540 0.16983205
v 4.36607969 0.10698540 0.17034982
v 4.36582994 0.10698540 0.17095277
v 4.36574475 0.10698540 0.17159982
v 4.36582994 0.10698540 0.17224686
v 4.36607969 0.10698540 0.17284982
v 4.36647698 0.10698540 0.17336758
v 4.36699475 0.10698540 0.17376488
v 4.36759771 0.10698540 0.17401463
v 4.36824475 0.10718540 0.16889982
v 4.36894356 0.10718540 0.16899182
v 4.36959475 0.10718540 0.16926155
v 4.37015394 0.10718540 0.16969063
v 4.37058301 0.10718540 0.17024982
v 4.37085275 0.10718540 0.17090100
v 4.37094475 0.10718540 0.17159982
v 4.37085275 0.10718540 0.17229863
v 4.37058301 0.10718540 0.17294982
v 4.37015394 0.10718540 0.17350900
v 4.36959475 0.10718540 0.17393808
v 4.36894356 0.10718540 0.17420782
v 4.36824475 0.10718540 0.17429982
v 4.36754593 0.10718540 0.17420782
v 4.36689475 0.10718540 0.17393808
v 4.36633556 0.10718540 0.17350900
v 4.36590648 0.10718540 0.17294982
v 4.36563674 0.10718540 0.17229863
v 4.36554475 0.10718540 0.17159982
v 4.36563674 0.10718540 0.17090100
v 4.36590648 0.10718540 0.17024982
v 4.36633556 0.10718540 0.16969063
v 4.36689475 0.10718540 0.16926155
v 4.36754593 0.10718540 0.16899182
v 4.36889356 0.10703717 0.16917842
v 4.36949816 0.10703717 0.16942885
v 4.37001734 0.10703717 0.16982723
v 4.37041572 0.10703717 0.17034641
v 4.37066615 0.10703717 0.17095100
v 4.37075157 0.10703717 0.17159982
v 4.37066615 0.10703717 0.17224863
v 4.37041572 0.10703717 0.17285322
v 4.37001734 0.10703717 0.17337240
v 4.36949816 0.10703717 0.17377078
v 4.36889356 0.10703717 0.17402121
v 4.36824475 0.10703717 0.17410663
v 4.36759593 0.10703717 0.17402121
v 4.36699135 0.10703717 0.17377078
v 4.36647216 0.10703717 0.17337240
v 4.36607379 0.10703717 0.17285322
v 4.36582336 0.10703717 0.17224863
v 4.36573794 0.10703717 0.17159982
v 4.36582336 0.10703717 0.17095100
v 4.36607379 0.10703717 0.17034641
v 4.36647216 0.10703717 0.16982723
v 4.36699135 0.10703717 0.16942885
v 4.36759593 0.10703717 0.16917842
v 4.36824475 0.10703717 0.16909300
v 4.36889873 0.10708540 0.16915912
v 4.36950815 0.10708540 0.16941155
v 4.37003147 0.10708540 0.16981310
v 4.37043302 0.10708540 0.17033642
v 4.37068544 0.10708540 0.17094583
v 4.37077154 0.10708540 0.17159982
v 4.37068544 0.10708540 0.17225380
v 4.37043302 0.10708540 0.17286321
v 4.37003147 0.10708540 0.17338653
v 4.36950815 0.10708540 0.17378808
v 4.36889873 0.10708540 0.17404051
v 4.36824475 0.10708540 0.17412661
v 4.36759076 0.10708540 0.17404051
v 4.36698136 0.10708540 0.17378808
v 4.36645804 0.10708540 0.17338653
v 4.36605649 0.10708540 0.17286321
v 4.36580405 0.10708540 0.17225380
v 4.36571796 0.10708540 0.17159982
v 4.36580405 0.10708540 0.17094583
v 4.36605649 0.10708540 0.17033642
v 4.36645804 0.10708540 0.16981310
v 4.36698136 0.10708540 0.16941155
v 4.36759076 0.10708540 0.16915912
v 4.36824475 0.10708540 0.16907302
v 4.36890695 0.10712681 0.16912842
v 4.36952405 0.10712681 0.16938402
v 4.37005393 0.10712681 0.16979063
v 4.37046055 0.10712681 0.17032053
v 4.37071615 0.10712681 0.17093761
v 4.37080333 0.10712681 0.17159982
v 4.37071615 0.10712681 0.17226202
v 4.37046055 0.10712681 0.17287911
v 4.37005393 0.10712681 0.17340900
v 4.36952405 0.10712681 0.17381561
v 4.36890695 0.10712681 0.17407121
v 4.36824475 0.10712681 0.17415839
v 4.36758254 0.10712681 0.17407121
v 4.36696546 0.10712681 0.17381561
v 4.36643556 0.10712681 0.17340900
v 4.36602896 0.10712681 0.17287911
v 4.36577336 0.10712681 0.17226202
v 4.36568618 0.10712681 0.17159982
v 4.36577336 0.10712681 0.17093761
v 4.36602896 0.10712681 0.17032053
v 4.36643556 0.10712681 0.16979063
v 4.36696546 0.10712681 0.16938402
v 4.36758254 0.10712681 0.16912842
v 4.36824475 0.10712681 0.16904124
v 4.36891768 0.10715859 0.16908841
v 4.36954475 0.10715859 0.16934815
v 4.37008323 0.10715859 0.16976134
v 4.37049642 0.10715859 0.17029982
v 4.37075616 0.10715859 0.17092689
v 4.37084475 0.10715859 0.17159982
v 4.37075616 0.10715859 0.17227275
v 4.37049642 0.10715859 0.17289982
v 4.37008323 0.10715859 0.17343829
v 4.36954475 0.10715859 0.17385148
v 4.36891768 0.10715859 0.17411122
v 4.36824475 0.10715859 0.17419982
v 4.36757182 0.10715859 0.17411122
v 4.36694475 0.10715859 0.17385148
v 4.36640628 0.10715859 0.17343829
v 4.36599308 0.10715859 0.17289982
v 4.36573335 0.10715859 0.17227275
v 4.36564475 0.10715859 0.17159982
v 4.36573335 0.10715859 0.17092689
v 4.36599308 0.10715859 0.17029982
v 4.36640628 0.10715859 0.16976134
v 4.36694475 0.10715859 0.16934815
v 4.36757182 0.10715859 0.16908841
v 4.36824475 0.10715859 0.16899982
v 4.36893017 0.10717858 0.16904182
v 4.36956886 0.10717858 0.16930638
v 4.37011734 0.10717858 0.16972723
v 4.37053820 0.10717858 0.17027570
v 4.37080275 0.10717858 0.17091440
v 4.37089299 0.10717858 0.17159982
v 4.37080275 0.10717858 0.17228523
v 4.37053820 0.10717858 0.17292393
v 4.37011734 0.10717858 0.17347240
v 4.36956886 0.10717858 0.17389326
v 4.36893017 0.10717858 0.17415782
v 4.36824475 0.10717858 0.17424805
v 4.36755934 0.10717858 0.17415782
v 4.36692063 0.10717858 0.17389326
v 4.36637217 0.10717858 0.17347240
v 4.36595131 0.10717858 0.17292393
v 4.36568675 0.10717858 0.17228523
v 4.36559652 0.10717858 0.17159982
v 4.36568675 0.10717858 0.17091440
v 4.36595131 0.10717858 0.17027570
v 4.36637217 0.10717858 0.16972723
v 4.36692063 0.10717858 0.16930638
v 4.36755934 0.10717858 0.16904182
v 4.36824475 0.10717858 0.16895158
v 4.36611976 0.10718540 0.16791921
v 4.36714476 0.10718540 0.16749463
v 4.37036975 0.10718540 0.17528042
v 4.36934473 0.10718540 0.17570500
v 4.36824475 0.10718540 0.17584982
v 4.36714476 0.10718540 0.17570500
v 4.36523955 0.10718540 0.16859461
v 4.36824475 0.10718540 0.16734982
v 4.36611976 0.10718540 0.17528042
v 4.36523955 0.10718540 0.17460502
v 4.36456414 0.10718540 0.16947482
v 4.37192536 0.10718540 0.17372482
v 4.37124996 0.10718540 0.17460502
v 4.36456414 0.10718540 0.17372482
v 4.36413957 0.10718540 0.17269980
v 4.36399475 0.10718540 0.17159982
v 4.37249476 0.10718540 0.17159982
v 4.37234993 0.10718540 0.17269980
v 4.36413957 0.10718540 0.17049983
v 4.36934473 0.10718540 0.16749463
v 4.37036975 0.10718540 0.16791921
v 4.37124996 0.10718540 0.16859461
v 4.37192536 0.10718540 0.16947482
v 4.37234993 0.10718540 0.17049983
v 4.36824475 0.11193540 0.17584982
v 4.36934473 0.11193540 0.17570500
v 4.37036975 0.11193540 0.17528042
v 4.37124996 0.11193540 0.17460502
v 4.37192536 0.11193540 0.17372482
v 4.37234993 0.11193540 0.17269980
v 4.37249476 0.11193540 0.17159982
v 4.37234993 0.11193540 0.17049983
v 4.37192536 0.11193540 0.16947482
v 4.37124996 0.11193540 0.16859461
v 4.37036975 0.11193540 0.16791921
v 4.36934473 0.11193540 0.16749463
v 4.36824475 0.11193540 0.16734982
v 4.36714476 0.11193540 0.16749463
v 4.36611976 0.11193540 0.16791921
v 4.36523955 0.11193540 0.16859461
v 4.36456414 0.11193540 0.16947482
v 4.36413957 0.11193540 0.17049983
v 4.36399475 0.11193540 0.17159982
v 4.36413957 0.11193540 0.17269980
v 4.36456414 0.11193540 0.17372482
v 4.36523955 0.11193540 0.17460502
v 4.36611976 0.11193540 0.17528042
v 4.36714476 0.11193540 0.17570500
v 4.36824475 0.11218540 0.17559982
v 4.36928003 0.11218540 0.17546352
v 4.37024476 0.11218540 0.17506392
v 4.37107318 0.11218540 0.17442824
v 4.37170885 0.11218540 0.17359982
v 4.37210845 0.11218540 0.17263509
v 4.37224475 0.11218540 0.17159982
v 4.37210845 0.11218540 0.17056454
v 4.37170885 0.11218540 0.16959982
v 4.37107318 0.11218540 0.16877139
v 4.37024476 0.11218540 0.16813571
v 4.36928003 0.11218540 0.16773611
v 4.36824475 0.11218540 0.16759982
v 4.36720947 0.11218540 0.16773611
v 4.36624475 0.11218540 0.16813571
v 4.36541632 0.11218540 0.16877139
v 4.36478064 0.11218540 0.16959982
v 4.36438105 0.11218540 0.17056454
v 4.36424475 0.11218540 0.17159982
v 4.36438105 0.11218540 0.17263509
v 4.36478064 0.11218540 0.17359982
v 4.36541632 0.11218540 0.17442824
v 4.36624475 0.11218540 0.17506392
v 4.36720947 0.11218540 0.17546352
v 4.36929677 0.11217687 0.17552602
v 4.37027711 0.11217687 0.17511995
v 4.37111893 0.11217687 0.17447400
v 4.37176488 0.11217687 0.17363217
v 4.37217095 0.11217687 0.17265184
v 4.37230946 0.11217687 0.17159982
v 4.37217095 0.11217687 0.17054779
v 4.37176488 0.11217687 0.16956746
v 4.37111893 0.11217687 0.16872564
v 4.37027711 0.11217687 0.16807968
v 4.36929677 0.11217687 0.16767361
v 4.36824475 0.11217687 0.16753511
v 4.36719272 0.11217687 0.16767361
v 4.36621240 0.11217687 0.16807968
v 4.36537057 0.11217687 0.16872564
v 4.36472461 0.11217687 0.16956746
v 4.36431854 0.11217687 0.17054779
v 4.36418004 0.11217687 0.17159982
v 4.36431854 0.11217687 0.17265184
v 4.36472461 0.11217687 0.17363217
v 4.36537057 0.11217687 0.17447400
v 4.36621240 0.11217687 0.17511995
v 4.36719272 0.11217687 0.17552602
v 4.36824475 0.11217687 0.17566452
v 4.36931238 0.11215190 0.17558426
v 4.37030725 0.11215190 0.17517217
v 4.37116157 0.11215190 0.17451663
v 4.37181711 0.11215190 0.17366232
v 4.37222919 0.11215190 0.17266744
v 4.37236975 0.11215190 0.17159982
v 4.37222919 0.11215190 0.17053219
v 4.37181711 0.11215190 0.16953732
v 4.37116157 0.11215190 0.16868300
v 4.37030725 0.11215190 0.16802746
v 4.36931238 0.11215190 0.16761537
v 4.36824475 0.11215190 0.16747482
v 4.36717713 0.11215190 0.16761537
v 4.36618225 0.11215190 0.16802746
v 4.36532793 0.11215190 0.16868300
v 4.36467239 0.11215190 0.16953732
v 4.36426031 0.11215190 0.17053219
v 4.36411975 0.11215190 0.17159982
v 4.36426031 0.11215190 0.17266744
v 4.36467239 0.11215190 0.17366232
v 4.36532793 0.11215190 0.17451663
v 4.36618225 0.11215190 0.17517217
v 4.36717713 0.11215190 0.17558426
v 4.36824475 0.11215190 0.17572482
v 4.36932579 0.11211217 0.17563427
v 4.37033314 0.11211217 0.17521701
v 4.37119818 0.11211217 0.17455324
v 4.37186194 0.11211217 0.17368820
v 4.37227921 0.11211217 0.17268084
v 4.37242153 0.11211217 0.17159982
v 4.37227921 0.11211217 0.17051879
v 4.37186194 0.11211217 0.16951143
v 4.37119818 0.11211217 0.16864639
v 4.37033314 0.11211217 0.16798262
v 4.36932579 0.11211217 0.16756536
v 4.36824475 0.11211217 0.16742304
v 4.36716372 0.11211217 0.16756536
v 4.36615636 0.11211217 0.16798262
v 4.36529133 0.11211217 0.16864639
v 4.36462756 0.11211217 0.16951143
v 4.36421029 0.11211217 0.17051879
v 4.36406797 0.11211217 0.17159982
v 4.36421029 0.11211217 0.17268084
v 4.36462756 0.11211217 0.17368820
v 4.36529133 0.11211217 0.17455324
v 4.36615636 0.11211217 0.17521701
v 4.36716372 0.11211217 0.17563427
v 4.36824475 0.11211217 0.17577659
v 4.36933607 0.11206039 0.17567265
v 4.37035300 0.11206039 0.17525142
v 4.37122627 0.11206039 0.17458134
v 4.37189636 0.11206039 0.17370807
v 4.37231758 0.11206039 0.17269113
v 4.37246125 0.11206039 0.17159982
v 4.37231758 0.11206039 0.17050850
v 4.37189636 0.11206039 0.16949156
v 4.37122627 0.11206039 0.16861830
v 4.37035300 0.11206039 0.16794821
v 4.36933607 0.11206039 0.16752698
v 4.36824475 0.11206039 0.16738331
v 4.36715344 0.11206039 0.16752698
v 4.36613650 0.11206039 0.16794821
v 4.36526323 0.11206039 0.16861830
v 4.36459315 0.11206039 0.16949156
v 4.36417192 0.11206039 0.17050850
v 4.36402824 0.11206039 0.17159982
v 4.36417192 0.11206039 0.17269113
v 4.36459315 0.11206039 0.17370807
v 4.36526323 0.11206039 0.17458134
v 4.36613650 0.11206039 0.17525142
v 4.36715344 0.11206039 0.17567265
v 4.36824475 0.11206039 0.17581632
v 4.36934253 0.11200010 0.17569677
v 4.37036549 0.11200010 0.17527305
v 4.37124393 0.11200010 0.17459900
v 4.37191798 0.11200010 0.17372056
v 4.37234171 0.11200010 0.17269759
v 4.37248623 0.11200010 0.17159982
v 4.37234171 0.11200010 0.17050204
v 4.37191798 0.11200010 0.16947907
v 4.37124393 0.11200010 0.16860064
v 4.37036549 0.11200010 0.16792658
v 4.36934253 0.11200010 0.16750286
v 4.36824475 0.11200010 0.16735833
v 4.36714698 0.11200010 0.16750286
v 4.36612401 0.11200010 0.16792658
v 4.36524557 0.11200010 0.16860064
v 4.36457153 0.11200010 0.16947907
v 4.36414780 0.11200010 0.17050204
v 4.36400326 0.11200010 0.17159982
v 4.36414780 0.11200010 0.17269759
v 4.36457153 0.11200010 0.17372056
v 4.36524557 0.11200010 0.17459900
v 4.36612401 0.11200010 0.17527305
v 4.36714698 0.11200010 0.17569677
v 4.36824475 0.11200010 0.17584130
v 4.37994476 0.09847706 0.17969982
v 4.37994476 0.09668539 0.17969982
v 4.37979029 0.09542740 0.17969982
v 4.38056652 0.09523388 0.17889982
v 4.37933608 0.09424416 0.17969982
v 4.38004244 0.09386856 0.17889982
v 4.37860910 0.09320592 0.17969982
v 4.37920362 0.09267061 0.17889982
v 4.37765255 0.09237439 0.17969982
v 4.37809990 0.09171117 0.17889982
v 4.37652326 0.09179900 0.17969982
v 4.37679687 0.09104725 0.17889982
v 4.37946615 0.09386436 0.17969982
v 4.37857514 0.09273847 0.17969982
v 4.38003542 0.09518246 0.17969982
v 4.37742308 0.09188158 0.17969982
v 4.37608849 0.09135207 0.17969982
v 4.38007808 0.09802916 0.17969982
v 4.38024413 0.09660298 0.17969982
v 4.37483966 0.09118622 0.17969982
v 4.36217693 0.09151366 0.17969982
v 4.36234298 0.09008751 0.17969982
v 4.37079783 0.09285501 0.17969982
v 4.36941143 0.09534165 0.17969982
v 4.36924537 0.09676781 0.17969982
v 4.36079053 0.09400029 0.17969982
v 4.37192369 0.09196399 0.17969982
v 4.36164741 0.09284823 0.17969982
v 4.36994094 0.09400707 0.17969982
v 4.35966466 0.09489132 0.17969982
v 4.37466235 0.09118601 0.17969982
v 4.36945408 0.09818833 0.17969982
v 4.37002335 0.09950645 0.17969982
v 4.37324181 0.09139473 0.17969982
v 4.35834655 0.09546057 0.17969982
v 4.35674869 0.09566910 0.17969982
v 4.35692602 0.09566929 0.17969982
v 4.36156501 0.08734886 0.17969982
v 4.36067399 0.08622298 0.17969982
v 4.37340101 0.10201872 0.17969982
v 4.37482716 0.10218478 0.17969982
v 4.36213428 0.08866697 0.17969982
v 4.37869167 0.10051578 0.17969982
v 4.37954856 0.09936372 0.17969982
v 4.37206642 0.10148921 0.17969982
v 4.37091436 0.10063232 0.17969982
v 4.37756581 0.10140679 0.17969982
v 4.37624770 0.10197606 0.17969982
v 4.36030571 0.08589629 0.17969982
v 4.36994094 0.09400707 0.18069982
v 4.37079783 0.09285501 0.18069982
v 4.37192369 0.09196399 0.18069982
v 4.37324181 0.09139473 0.18069982
v 4.37608849 0.09135207 0.18069982
v 4.37474474 0.09118540 0.18069982
v 4.37742308 0.09188158 0.18069982
v 4.37857514 0.09273847 0.18069982
v 4.37946615 0.09386436 0.18069982
v 4.38003542 0.09518246 0.18069982
v 4.38024413 0.09660298 0.18069982
v 4.37954856 0.09936372 0.18069982
v 4.38007808 0.09802916 0.18069982
v 4.37869167 0.10051578 0.18069982
v 4.37756581 0.10140679 0.18069982
v 4.37624770 0.10197606 0.18069982
v 4.37482716 0.10218478 0.18069982
v 4.37340101 0.10201872 0.18069982
v 4.37206642 0.10148921 0.18069982
v 4.37091436 0.10063232 0.18069982
v 4.37002335 0.09950645 0.18069982
v 4.36945408 0.09818833 0.18069982
v 4.36924537 0.09676781 0.18069982
v 4.36941143 0.09534165 0.18069982
v 4.37466235 0.09118601 0.18069982
v 4.37648583 0.09489135 0.18069982
v 4.37689084 0.09540310 0.18069982
v 4.37300367 0.09847946 0.18069982
v 4.37259866 0.09796769 0.18069982
v 4.37535555 0.09426116 0.18069982
v 4.37596217 0.09450185 0.18069982
v 4.37714960 0.09600226 0.18069982
v 4.37716898 0.09729619 0.18069982
v 4.37692829 0.09790281 0.18069982
v 4.37542791 0.09909024 0.18069982
v 4.37478221 0.09918512 0.18069982
v 4.37233990 0.09736855 0.18069982
v 4.37256121 0.09546798 0.18069982
v 4.37295070 0.09494431 0.18069982
v 4.37724447 0.09664794 0.18069982
v 4.37413395 0.09910963 0.18069982
v 4.37352733 0.09886896 0.18069982
v 4.37224503 0.09672285 0.18069982
v 4.37232052 0.09607460 0.18069982
v 4.37346245 0.09453931 0.18069982
v 4.37653880 0.09842648 0.18069982
v 4.37602705 0.09883148 0.18069982
v 4.37470730 0.09418567 0.18069982
v 4.37474474 0.09418539 0.18069982
v 4.37406159 0.09428055 0.18069982
v 4.37692829 0.09790281 0.18489982
v 4.37653880 0.09842648 0.18489982
v 4.37602705 0.09883148 0.18489982
v 4.37542791 0.09909024 0.18489982
v 4.37478221 0.09918512 0.18489982
v 4.37413395 0.09910963 0.18489982
v 4.37352733 0.09886896 0.18489982
v 4.37300367 0.09847946 0.18489982
v 4.37259866 0.09796769 0.18489982
v 4.37233990 0.09736855 0.18489982
v 4.37224503 0.09672285 0.18489982
v 4.37232052 0.09607460 0.18489982
v 4.37256121 0.09546798 0.18489982
v 4.37295070 0.09494431 0.18489982
v 4.37346245 0.09453931 0.18489982
v 4.37406159 0.09428055 0.18489982
v 4.37535555 0.09426116 0.18489982
v 4.37470730 0.09418567 0.18489982
v 4.37596217 0.09450185 0.18489982
v 4.37648583 0.09489135 0.18489982
v 4.37689084 0.09540310 0.18489982
v 4.37714960 0.09600226 0.18489982
v 4.37724447 0.09664794 0.18489982
v 4.37716898 0.09729619 0.18489982
v 4.37273589 0.09556537 0.18509982
v 4.37251446 0.09612347 0.18509982
v 4.37244500 0.09671985 0.18509982
v 4.37253229 0.09731390 0.18509982
v 4.37277035 0.09786511 0.18509982
v 4.37314296 0.09833593 0.18509982
v 4.37362473 0.09869426 0.18509982
v 4.37418281 0.09891569 0.18509982
v 4.37477922 0.09898516 0.18509982
v 4.37537326 0.09889785 0.18509982
v 4.37592447 0.09865981 0.18509982
v 4.37639528 0.09828719 0.18509982
v 4.37675361 0.09780542 0.18509982
v 4.37697505 0.09724734 0.18509982
v 4.37704450 0.09665094 0.18509982
v 4.37695721 0.09605689 0.18509982
v 4.37671916 0.09550568 0.18509982
v 4.37634654 0.09503486 0.18509982
v 4.37586478 0.09467653 0.18509982
v 4.37530669 0.09445510 0.18509982
v 4.37474474 0.09438539 0.18509982
v 4.37471029 0.09438565 0.18509982
v 4.37411624 0.09447294 0.18509982
v 4.37356503 0.09471098 0.18509982
v 4.37309422 0.09508360 0.18509982
v 4.37474474 0.09668539 0.18509982
v 4.37994476 0.09847706 0.16349982
v 4.37994476 0.09668539 0.16349982
v 4.37679687 0.09104725 0.16429982
v 4.37809990 0.09171117 0.16429982
v 4.37920362 0.09267061 0.16429982
v 4.38004244 0.09386856 0.16429982
v 4.38056652 0.09523388 0.16429982
v 4.37652326 0.09179900 0.16349982
v 4.37765255 0.09237439 0.16349982
v 4.37860910 0.09320592 0.16349982
v 4.37933608 0.09424416 0.16349982
v 4.37979029 0.09542740 0.16349982
v 4.37608849 0.09135207 0.16349982
v 4.37742308 0.09188158 0.16349982
v 4.37857514 0.09273847 0.16349982
v 4.37946615 0.09386436 0.16349982
v 4.38003542 0.09518246 0.16349982
v 4.38024413 0.09660298 0.16349982
v 4.38007808 0.09802916 0.16349982
v 4.37483966 0.09118622 0.16349982
v 4.36994094 0.09400707 0.16349982
v 4.37079783 0.09285501 0.16349982
v 4.36234298 0.09008751 0.16349982
v 4.36941143 0.09534165 0.16349982
v 4.36217693 0.09151366 0.16349982
v 4.36164741 0.09284823 0.16349982
v 4.36079053 0.09400029 0.16349982
v 4.36924537 0.09676781 0.16349982
v 4.35834655 0.09546057 0.16349982
v 4.35692602 0.09566929 0.16349982
v 4.35966466 0.09489132 0.16349982
v 4.37192369 0.09196399 0.16349982
v 4.37324181 0.09139473 0.16349982
v 4.37466235 0.09118601 0.16349982
v 4.36945408 0.09818833 0.16349982
v 4.37002335 0.09950645 0.16349982
v 4.35674869 0.09566910 0.16349982
v 4.36156501 0.08734886 0.16349982
v 4.36213428 0.08866697 0.16349982
v 4.37482716 0.10218478 0.16349982
v 4.36030571 0.08589629 0.16349982
v 4.36067399 0.08622298 0.16349982
v 4.37206642 0.10148921 0.16349982
v 4.37091436 0.10063232 0.16349982
v 4.37340101 0.10201872 0.16349982
v 4.37954856 0.09936372 0.16349982
v 4.37756581 0.10140679 0.16349982
v 4.37624770 0.10197606 0.16349982
v 4.37869167 0.10051578 0.16349982
v 4.36994094 0.09400707 0.16249982
v 4.37079783 0.09285501 0.16249982
v 4.37192369 0.09196399 0.16249982
v 4.37324181 0.09139473 0.16249982
v 4.37466235 0.09118601 0.16249982
v 4.37608849 0.09135207 0.16249982
v 4.37742308 0.09188158 0.16249982
v 4.37857514 0.09273847 0.16249982
v 4.37946615 0.09386436 0.16249982
v 4.38003542 0.09518246 0.16249982
v 4.38024413 0.09660298 0.16249982
v 4.38007808 0.09802916 0.16249982
v 4.37954856 0.09936372 0.16249982
v 4.37869167 0.10051578 0.16249982
v 4.37756581 0.10140679 0.16249982
v 4.37624770 0.10197606 0.16249982
v 4.37482716 0.10218478 0.16249982
v 4.37474474 0.10218539 0.16249982
v 4.37340101 0.10201872 0.16249982
v 4.37206642 0.10148921 0.16249982
v 4.37091436 0.10063232 0.16249982
v 4.37002335 0.09950645 0.16249982
v 4.36945408 0.09818833 0.16249982
v 4.36924537 0.09676781 0.16249982
v 4.36941143 0.09534165 0.16249982
v 4.37716898 0.09729619 0.16249982
v 4.37724447 0.09664794 0.16249982
v 4.37648583 0.09489135 0.16249982
v 4.37596217 0.09450185 0.16249982
v 4.37406159 0.09428055 0.16249982
v 4.37346245 0.09453931 0.16249982
v 4.37692829 0.09790281 0.16249982
v 4.37714960 0.09600226 0.16249982
v 4.37689084 0.09540310 0.16249982
v 4.37535555 0.09426116 0.16249982
v 4.37470730 0.09418567 0.16249982
v 4.37232052 0.09607460 0.16249982
v 4.37224503 0.09672285 0.16249982
v 4.37413395 0.09910963 0.16249982
v 4.37474474 0.09918540 0.16249982
v 4.37478221 0.09918512 0.16249982
v 4.37542791 0.09909024 0.16249982
v 4.37602705 0.09883148 0.16249982
v 4.37653880 0.09842648 0.16249982
v 4.37295070 0.09494431 0.16249982
v 4.37256121 0.09546798 0.16249982
v 4.37233990 0.09736855 0.16249982
v 4.37259866 0.09796769 0.16249982
v 4.37300367 0.09847946 0.16249982
v 4.37352733 0.09886896 0.16249982
v 4.37692829 0.09790281 0.15829982
v 4.37653880 0.09842648 0.15829982
v 4.37602705 0.09883148 0.15829982
v 4.37542791 0.09909024 0.15829982
v 4.37478221 0.09918512 0.15829982
v 4.37413395 0.09910963 0.15829982
v 4.37352733 0.09886896 0.15829982
v 4.37300367 0.09847946 0.15829982
v 4.37259866 0.09796769 0.15829982
v 4.37233990 0.09736855 0.15829982
v 4.37224503 0.09672285 0.15829982
v 4.37232052 0.09607460 0.15829982
v 4.37256121 0.09546798 0.15829982
v 4.37295070 0.09494431 0.15829982
v 4.37346245 0.09453931 0.15829982
v 4.37406159 0.09428055 0.15829982
v 4.37470730 0.09418567 0.15829982
v 4.37535555 0.09426116 0.15829982
v 4.37596217 0.09450185 0.15829982
v 4.37648583 0.09489135 0.15829982
v 4.37689084 0.09540310 0.15829982
v 4.37714960 0.09600226 0.15829982
v 4.37724447 0.09664794 0.15829982
v 4.37716898 0.09729619 0.15829982
v 4.37675361 0.09780542 0.15809982
v 4.37639528 0.09828719 0.15809982
v 4.37592447 0.09865981 0.15809982
v 4.37537326 0.09889785 0.15809982
v 4.37477922 0.09898516 0.15809982
v 4.37474474 0.09898540 0.15809982
v 4.37418281 0.09891569 0.15809982
v 4.37362473 0.09869426 0.15809982
v 4.37314296 0.09833593 0.15809982
v 4.37277035 0.09786511 0.15809982
v 4.37253229 0.09731390 0.15809982
v 4.37244500 0.09671985 0.15809982
v 4.37251446 0.09612347 0.15809982
v 4.37273589 0.09556537 0.15809982
v 4.37309422 0.09508360 0.15809982
v 4.37356503 0.09471098 0.15809982
v 4.37411624 0.09447294 0.15809982
v 4.37471029 0.09438565 0.15809982
v 4.37530669 0.09445510 0.15809982
v 4.37586478 0.09467653 0.15809982
v 4.37634654 0.09503486 0.15809982
v 4.37671916 0.09550568 0.15809982
v 4.37695721 0.09605689 0.15809982
v 4.37704450 0.09665094 0.15809982
v 4.37697505 0.09724734 0.15809982
v 4.37474474 0.09668539 0.15809982
v 4.35889573 0.08453176 0.17889982
v 4.35862211 0.08528351 0.17969982
v 4.35134423 0.09025232 0.17969982
v 4.35155293 0.09167285 0.17969982
v 4.35172261 0.09107288 0.17969982
v 4.35213081 0.09236752 0.17969982
v 4.35151029 0.08882616 0.17969982
v 4.35166339 0.08971670 0.17969982
v 4.35212220 0.09299097 0.17969982
v 4.35416528 0.09497372 0.17969982
v 4.35549986 0.09550323 0.17969982
v 4.35506511 0.09505632 0.17969982
v 4.35534067 0.08487924 0.17969982
v 4.35402255 0.08544851 0.17969982
v 4.35464600 0.08545711 0.17969982
v 4.35350111 0.08618648 0.17969982
v 4.35286017 0.09351241 0.17969982
v 4.35301322 0.09411683 0.17969982
v 4.35386101 0.09442950 0.17969982
v 4.35952193 0.08536610 0.17969982
v 4.35729682 0.08498971 0.17969982
v 4.35818735 0.08483660 0.17969982
v 4.35676120 0.08467053 0.17969982
v 4.35594063 0.08504892 0.17969982
v 4.35289668 0.08633953 0.17969982
v 4.35203979 0.08749158 0.17969982
v 4.35258401 0.08718731 0.17969982
v 4.35195720 0.08839140 0.17969982
v 4.35479149 0.09580807 0.17889982
v 4.35736655 0.08419275 0.17889982
v 4.35580172 0.08426108 0.17889982
v 4.35430790 0.08473206 0.17889982
v 4.35298689 0.08557364 0.17889982
v 4.35192869 0.08672845 0.17889982
v 4.35120545 0.08811779 0.17889982
v 4.35086644 0.08964697 0.17889982
v 4.35093477 0.09121180 0.17889982
v 4.35140576 0.09270563 0.17889982
v 4.35224734 0.09402663 0.17889982
v 4.35340215 0.09508482 0.17889982
v 4.35479149 0.09580807 0.16429982
v 4.35340215 0.09508482 0.16429982
v 4.35224734 0.09402663 0.16429982
v 4.35140576 0.09270563 0.16429982
v 4.35093477 0.09121180 0.16429982
v 4.35086644 0.08964697 0.16429982
v 4.35120545 0.08811779 0.16429982
v 4.35192869 0.08672845 0.16429982
v 4.35298689 0.08557364 0.16429982
v 4.35430790 0.08473206 0.16429982
v 4.35580172 0.08426108 0.16429982
v 4.35736655 0.08419275 0.16429982
v 4.35889573 0.08453176 0.16429982
v 4.35862211 0.08528351 0.16349982
v 4.35506511 0.09505632 0.16349982
v 4.35386101 0.09442950 0.16349982
v 4.35286017 0.09351241 0.16349982
v 4.35213081 0.09236752 0.16349982
v 4.35172261 0.09107288 0.16349982
v 4.35166339 0.08971670 0.16349982
v 4.35195720 0.08839140 0.16349982
v 4.35258401 0.08718731 0.16349982
v 4.35350111 0.08618648 0.16349982
v 4.35464600 0.08545711 0.16349982
v 4.35594063 0.08504892 0.16349982
v 4.35729682 0.08498971 0.16349982
v 4.35134423 0.09025232 0.16349982
v 4.35151029 0.08882616 0.16349982
v 4.35301322 0.09411683 0.16349982
v 4.35212220 0.09299097 0.16349982
v 4.35155293 0.09167285 0.16349982
v 4.35203979 0.08749158 0.16349982
v 4.35676120 0.08467053 0.16349982
v 4.35818735 0.08483660 0.16349982
v 4.35952193 0.08536610 0.16349982
v 4.35416528 0.09497372 0.16349982
v 4.35289668 0.08633953 0.16349982
v 4.35402255 0.08544851 0.16349982
v 4.35534067 0.08487924 0.16349982
v 4.35549986 0.09550323 0.16349982
v 4.35203979 0.08749158 0.18069982
v 4.35289668 0.08633953 0.18069982
v 4.35402255 0.08544851 0.18069982
v 4.35534067 0.08487924 0.18069982
v 4.35684361 0.08466991 0.18069982
v 4.35818735 0.08483660 0.18069982
v 4.36067399 0.08622298 0.18069982
v 4.35952193 0.08536610 0.18069982
v 4.36156501 0.08734886 0.18069982
v 4.36213428 0.08866697 0.18069982
v 4.36234298 0.09008751 0.18069982
v 4.36217693 0.09151366 0.18069982
v 4.36164741 0.09284823 0.18069982
v 4.36079053 0.09400029 0.18069982
v 4.35966466 0.09489132 0.18069982
v 4.35834655 0.09546057 0.18069982
v 4.35549986 0.09550323 0.18069982
v 4.35692602 0.09566929 0.18069982
v 4.35416528 0.09497372 0.18069982
v 4.35301322 0.09411683 0.18069982
v 4.35212220 0.09299097 0.18069982
v 4.35155293 0.09167285 0.18069982
v 4.35134423 0.09025232 0.18069982
v 4.35151029 0.08882616 0.18069982
v 4.35676120 0.08467053 0.18069982
v 4.35203979 0.08749158 0.16249982
v 4.35289668 0.08633953 0.16249982
v 4.35402255 0.08544851 0.16249982
v 4.35534067 0.08487924 0.16249982
v 4.35676120 0.08467053 0.16249982
v 4.35818735 0.08483660 0.16249982
v 4.35952193 0.08536610 0.16249982
v 4.36067399 0.08622298 0.16249982
v 4.36156501 0.08734886 0.16249982
v 4.36213428 0.08866697 0.16249982
v 4.36234298 0.09008751 0.16249982
v 4.36217693 0.09151366 0.16249982
v 4.36164741 0.09284823 0.16249982
v 4.36079053 0.09400029 0.16249982
v 4.35966466 0.09489132 0.16249982
v 4.35834655 0.09546057 0.16249982
v 4.35692602 0.09566929 0.16249982
v 4.35549986 0.09550323 0.16249982
v 4.35416528 0.09497372 0.16249982
v 4.35301322 0.09411683 0.16249982
v 4.35212220 0.09299097 0.16249982
v 4.35155293 0.09167285 0.16249982
v 4.35134423 0.09025232 0.16249982
v 4.35151029 0.08882616 0.16249982
v 4.35933474 0.08995959 0.16249982
v 4.35919542 0.08932199 0.16249982
v 4.35889584 0.08874219 0.16249982
v 4.35449179 0.09101782 0.16249982
v 4.35479137 0.09159763 0.16249982
v 4.35845639 0.08825969 0.16249982
v 4.35435247 0.09038023 0.16249982
v 4.35875382 0.09178268 0.16249982
v 4.35910615 0.09123334 0.16249982
v 4.35930430 0.09061151 0.16249982
v 4.35728520 0.08770923 0.16249982
v 4.35663328 0.08767877 0.16249982
v 4.35493339 0.08855713 0.16249982
v 4.35458106 0.08910649 0.16249982
v 4.35438292 0.08972832 0.16249982
v 4.35640200 0.09263060 0.16249982
v 4.35684361 0.09266991 0.16249982
v 4.35769151 0.09252175 0.16249982
v 4.35705393 0.09266105 0.16249982
v 4.35790703 0.08790737 0.16249982
v 4.35599569 0.08781809 0.16249982
v 4.35541589 0.08811768 0.16249982
v 4.35578018 0.09243246 0.16249982
v 4.35827132 0.09222213 0.16249982
v 4.35523082 0.09208014 0.16249982
v 4.35827132 0.09222213 0.15829982
v 4.35875382 0.09178268 0.15829982
v 4.35910615 0.09123334 0.15829982
v 4.35930430 0.09061151 0.15829982
v 4.35933474 0.08995959 0.15829982
v 4.35919542 0.08932199 0.15829982
v 4.35889584 0.08874219 0.15829982
v 4.35845639 0.08825969 0.15829982
v 4.35790703 0.08790737 0.15829982
v 4.35728520 0.08770923 0.15829982
v 4.35663328 0.08767877 0.15829982
v 4.35599569 0.08781809 0.15829982
v 4.35541589 0.08811768 0.15829982
v 4.35493339 0.08855713 0.15829982
v 4.35458106 0.08910649 0.15829982
v 4.35438292 0.08972832 0.15829982
v 4.35435247 0.09038023 0.15829982
v 4.35449179 0.09101782 0.15829982
v 4.35479137 0.09159763 0.15829982
v 4.35523082 0.09208014 0.15829982
v 4.35578018 0.09243246 0.15829982
v 4.35705393 0.09266105 0.15829982
v 4.35640200 0.09263060 0.15829982
v 4.35769151 0.09252175 0.15829982
v 4.35553011 0.08828186 0.15809982
v 4.35606352 0.08800624 0.15809982
v 4.35665011 0.08787807 0.15809982
v 4.35724988 0.08790607 0.15809982
v 4.35782196 0.08808837 0.15809982
v 4.35832737 0.08841250 0.15809982
v 4.35873166 0.08885641 0.15809982
v 4.35900728 0.08938984 0.15809982
v 4.35913546 0.08997641 0.15809982
v 4.35910744 0.09057618 0.15809982
v 4.35892516 0.09114828 0.15809982
v 4.35860101 0.09165367 0.15809982
v 4.35815710 0.09205795 0.15809982
v 4.35762369 0.09233358 0.15809982
v 4.35703710 0.09246176 0.15809982
v 4.35643733 0.09243376 0.15809982
v 4.35586526 0.09225146 0.15809982
v 4.35535985 0.09192731 0.15809982
v 4.35495556 0.09148341 0.15809982
v 4.35467993 0.09094999 0.15809982
v 4.35455176 0.09036341 0.15809982
v 4.35457978 0.08976365 0.15809982
v 4.35476206 0.08919156 0.15809982
v 4.35508621 0.08868616 0.15809982
v 4.35684361 0.09016992 0.15809982
v 4.35933474 0.08995959 0.18069982
v 4.35930430 0.09061151 0.18069982
v 4.35919542 0.08932199 0.18069982
v 4.35889584 0.08874219 0.18069982
v 4.35458106 0.08910649 0.18069982
v 4.35493339 0.08855713 0.18069982
v 4.35728520 0.08770923 0.18069982
v 4.35790703 0.08790737 0.18069982
v 4.35910615 0.09123334 0.18069982
v 4.35875382 0.09178268 0.18069982
v 4.35827132 0.09222213 0.18069982
v 4.35523082 0.09208014 0.18069982
v 4.35479137 0.09159763 0.18069982
v 4.35435247 0.09038023 0.18069982
v 4.35438292 0.08972832 0.18069982
v 4.35541589 0.08811768 0.18069982
v 4.35663328 0.08767877 0.18069982
v 4.35684361 0.08766992 0.18069982
v 4.35845639 0.08825969 0.18069982
v 4.35640200 0.09263060 0.18069982
v 4.35578018 0.09243246 0.18069982
v 4.35449179 0.09101782 0.18069982
v 4.35599569 0.08781809 0.18069982
v 4.35769151 0.09252175 0.18069982
v 4.35705393 0.09266105 0.18069982
v 4.35827132 0.09222213 0.18489982
v 4.35875382 0.09178268 0.18489982
v 4.35910615 0.09123334 0.18489982
v 4.35930430 0.09061151 0.18489982
v 4.35933474 0.08995959 0.18489982
v 4.35919542 0.08932199 0.18489982
v 4.35889584 0.08874219 0.18489982
v 4.35845639 0.08825969 0.18489982
v 4.35790703 0.08790737 0.18489982
v 4.35728520 0.08770923 0.18489982
v 4.35663328 0.08767877 0.18489982
v 4.35599569 0.08781809 0.18489982
v 4.35541589 0.08811768 0.18489982
v 4.35493339 0.08855713 0.18489982
v 4.35458106 0.08910649 0.18489982
v 4.35438292 0.08972832 0.18489982
v 4.35435247 0.09038023 0.18489982
v 4.35449179 0.09101782 0.18489982
v 4.35479137 0.09159763 0.18489982
v 4.35523082 0.09208014 0.18489982
v 4.35578018 0.09243246 0.18489982
v 4.35640200 0.09263060 0.18489982
v 4.35705393 0.09266105 0.18489982
v 4.35769151 0.09252175 0.18489982
v 4.35815710 0.09205795 0.18509982
v 4.35860101 0.09165367 0.18509982
v 4.35892516 0.09114828 0.18509982
v 4.35910744 0.09057618 0.18509982
v 4.35913546 0.08997641 0.18509982
v 4.35900728 0.08938984 0.18509982
v 4.35873166 0.08885641 0.18509982
v 4.35832737 0.08841250 0.18509982
v 4.35782196 0.08808837 0.18509982
v 4.35724988 0.08790607 0.18509982
v 4.35665011 0.08787807 0.18509982
v 4.35606352 0.08800624 0.18509982
v 4.35553011 0.08828186 0.18509982
v 4.35508621 0.08868616 0.18509982
v 4.35476206 0.08919156 0.18509982
v 4.35457978 0.08976365 0.18509982
v 4.35455176 0.09036341 0.18509982
v 4.35467993 0.09094999 0.18509982
v 4.35495556 0.09148341 0.18509982
v 4.35535985 0.09192731 0.18509982
v 4.35586526 0.09225146 0.18509982
v 4.35643733 0.09243376 0.18509982
v 4.35703710 0.09246176 0.18509982
v 4.35762369 0.09233358 0.18509982
v 4.35684361 0.09016992 0.18509982
v 4.35880092 0.09726738 0.17519982
v 4.35880092 0.09726738 0.16799982
v 4.36007255 0.09773021 0.16799982
v 4.36007255 0.09773021 0.17519982
v 4.36016863 0.09796427 0.16799982
v 4.36034647 0.09808872 0.17519982
v 4.36034647 0.09808872 0.16799982
v 4.36016863 0.09796427 0.17519982
v 4.36040068 0.09769740 0.16799982
v 4.36046786 0.09764517 0.16799982
v 4.36015528 0.09775020 0.16799982
v 4.36024036 0.09775125 0.16799982
v 4.36032355 0.09773334 0.16799982
v 4.36052174 0.09757931 0.16799982
v 4.36055961 0.09750310 0.16799982
v 4.36024036 0.09775125 0.17519982
v 4.36052174 0.09757931 0.17519982
v 4.36046786 0.09764517 0.17519982
v 4.36032355 0.09773334 0.17519982
v 4.36040068 0.09769740 0.17519982
v 4.36015528 0.09775020 0.17519982
v 4.36055961 0.09750310 0.17519982
v 4.36453389 0.08658388 0.17519982
v 4.36417680 0.08645391 0.17519982
v 4.36417680 0.08645391 0.16799982
v 4.36453389 0.08658388 0.16799982
v 4.36440392 0.08694095 0.17519982
v 4.36440392 0.08694095 0.16799982
v 4.36426479 0.08649971 0.16799982
v 4.36426479 0.08649971 0.17519982
v 4.36433793 0.08656674 0.16799982
v 4.36433793 0.08656674 0.17519982
v 4.36439122 0.08665039 0.16799982
v 4.36439122 0.08665039 0.17519982
v 4.36442106 0.08674500 0.16799982
v 4.36442106 0.08674500 0.17519982
v 4.36442538 0.08684411 0.16799982
v 4.36442538 0.08684411 0.17519982
v 4.37060265 0.11218540 0.17159982
v 4.36942370 0.11218540 0.17364182
v 4.36942370 0.11218540 0.16955782
v 4.36706580 0.11218540 0.16955782
v 4.36588685 0.11218540 0.17159982
v 4.36706580 0.11218540 0.17364182
v 4.37001318 0.10968540 0.17262082
v 4.37060265 0.10968540 0.17159982
v 4.36942370 0.10968540 0.17364182
v 4.36824475 0.10968540 0.17364182
v 4.36706580 0.10968540 0.17364182
v 4.36647633 0.10968540 0.17262082
v 4.36588685 0.10968540 0.17159982
v 4.36647633 0.10968540 0.17057882
v 4.36706580 0.10968540 0.16955782
v 4.36824475 0.10968540 0.16955782
v 4.36942370 0.10968540 0.16955782
v 4.37001318 0.10968540 0.17057882
v 4.36722375 0.10968540 0.16983139
v 4.36771624 0.10968540 0.16962740
v 4.36680084 0.10968540 0.17015590
v 4.36771624 0.10968540 0.17357224
v 4.36722375 0.10968540 0.17336824
v 4.36680084 0.10968540 0.17304373
v 4.36627232 0.10968540 0.17212832
v 4.36620276 0.10968540 0.17159982
v 4.36627232 0.10968540 0.17107131
v 4.36877325 0.10968540 0.16962740
v 4.36926576 0.10968540 0.16983139
v 4.36968867 0.10968540 0.17015590
v 4.37021717 0.10968540 0.17107131
v 4.37028675 0.10968540 0.17159982
v 4.37021717 0.10968540 0.17212832
v 4.36968867 0.10968540 0.17304373
v 4.36926576 0.10968540 0.17336824
v 4.36877325 0.10968540 0.17357224
v 4.36824475 0.10850645 0.17159982
vt 4.20377350 -0.00440000
vt 4.45058966 -0.00440000
vt 4.45058966 -0.00020000
vt 4.45058966 -0.00440000
vt 4.71238899 -0.00440000
vt 4.45058966 -0.00020000
vt 4.45058966 -0.00020000
vt 4.71238899 -0.00440000
vt 4.71238899 -0.00020000
vt 4.71238899 -0.00440000
vt 4.97418833 -0.00440000
vt 4.71238899 -0.00020000
vt 4.71238899 -0.00020000
vt 4.97418833 -0.00440000
vt 4.97418833 -0.00020000
vt 4.97418833 -0.00440000
vt 5.23598766 -0.00440000
vt 4.97418833 -0.00020000
vt 4.97418833 -0.00020000
vt 5.23598766 -0.00440000
vt 5.23598766 -0.00020000
vt 5.23598766 -0.00440000
vt 5.49778700 -0.00440000
vt 5.23598766 -0.00020000
vt 5.23598766 -0.00020000
vt 5.49778700 -0.00440000
vt 5.49778700 -0.00020000
vt 5.49778700 -0.00440000
vt 5.75958633 -0.00440000
vt 5.49778700 -0.00020000
vt 5.49778700 -0.00020000
vt 5.75958633 -0.00440000
vt 5.75958633 -0.00020000
vt 5.75958633 -0.00440000
vt 6.02138615 -0.00440000
vt 5.75958633 -0.00020000
vt 5.75958633 -0.00020000
vt 6.02138615 -0.00440000
vt 6.02138615 -0.00020000
vt 6.02138615 -0.00440000
vt 6.28318548 -0.00440000
vt 6.02138615 -0.00020000
vt 6.02138615 -0.00020000
vt 6.28318548 -0.00440000
vt 6.28318548 -0.00020000
vt 6.28318548 -0.00440000
vt 6.54498482 -0.00440000
vt 6.28318548 -0.00020000
vt 6.28318548 -0.00020000
vt 6.54498482 -0.00440000
vt 6.54498482 -0.00020000
vt 6.54498482 -0.00440000
vt 6.80678415 -0.00440000
vt 6.54498482 -0.00020000
vt 6.54498482 -0.00020000
vt 6.80678415 -0.00440000
vt 6.80678415 -0.00020000
vt 6.80678415 -0.00440000
vt 7.06858349 -0.00440000
vt 6.80678415 -0.00020000
vt 6.80678415 -0.00020000
vt 7.06858349 -0.00440000
vt 7.06858349 -0.00020000
vt 7.06858349 -0.00440000
vt 7.33038282 -0.00440000
vt 7.06858349 -0.00020000
vt 7.06858349 -0.00020000
vt 7.33038282 -0.00440000
vt 7.33038282 -0.00020000
vt 7.33038282 -0.00440000
vt 7.59218216 -0.00440000
vt 7.33038282 -0.00020000
vt 7.33038282 -0.00020000
vt 7.59218216 -0.00440000
vt 7.59218216 -0.00020000
vt 7.59218216 -0.00440000
vt 7.85398149 -0.00440000
vt 7.59218216 -0.00020000
vt 7.59218216 -0.00020000
vt 7.85398149 -0.00440000
vt 7.85398149 -0.00020000
vt 7.85398149 -0.00440000
vt 8.11578083 -0.00440000
vt 7.85398149 -0.00020000
vt 7.85398149 -0.00020000
vt 8.11578083 -0.00440000
vt 8.11578083 -0.00020000
vt 8.11578083 -0.00440000
vt 8.37758064 -0.00440000
vt 8.11578083 -0.00020000
vt 8.11578083 -0.00020000
vt 8.37758064 -0.00440000
vt 8.37758064 -0.00020000
vt 8.37758064 -0.00440000
vt 8.63937950 -0.00440000
vt 8.37758064 -0.00020000
vt 8.37758064 -0.00020000
vt 8.63937950 -0.00440000
vt 8.63937950 -0.00020000
vt 8.63937950 -0.00440000
vt 8.90117931 -0.00440000
vt 8.63937950 -0.00020000
vt 8.63937950 -0.00020000
vt 8.90117931 -0.00440000
vt 8.90117931 -0.00020000
vt 8.90117931 -0.00440000
vt 9.16297817 -0.00440000
vt 8.90117931 -0.00020000
vt 8.90117931 -0.00020000
vt 9.16297817 -0.00440000
vt 9.16297817 -0.00020000
vt 9.16297817 -0.00440000
vt 9.42477798 -0.00440000
vt 9.16297817 -0.00020000
vt 9.16297817 -0.00020000
vt 9.42477798 -0.00440000
vt 9.42477798 -0.00020000
vt 9.42477798 -0.00440000
vt 9.68657780 -0.00440000
vt 9.42477798 -0.00020000
vt 9.42477798 -0.00020000
vt 9.68657780 -0.00440000
vt 9.68657780 -0.00020000
vt 9.68657780 -0.00440000
vt 9.94837666 -0.00440000
vt 9.68657780 -0.00020000
vt 9.68657780 -0.00020000
vt 9.94837666 -0.00440000
vt 9.94837666 -0.00020000
vt 9.94837666 -0.00440000
vt 10.21017647 -0.00440000
vt 9.94837666 -0.00020000
vt 9.94837666 -0.00020000
vt 10.21017647 -0.00440000
vt 10.21017647 -0.00020000
vt 10.21017647 -0.00440000
vt 10.47197533 -0.00440000
vt 10.21017647 -0.00020000
vt 10.21017647 -0.00020000
vt 10.47197533 -0.00440000
vt 10.47197533 -0.00020000
vt 10.47197533 -0.00440000
vt 10.48695850 -0.00440000
vt 10.47197533 -0.00020000
vt 10.47197533 -0.00020000
vt 10.48695850 -0.00440000
vt 10.73377514 -0.00020000
vt 4.97418833 -0.00000000
vt 5.22100449 -0.00000000
vt 5.23598766 0.00020000
vt 5.22100449 -0.00000000
vt 5.23598766 -0.00000000
vt 5.23598766 0.00020000
vt 5.23598766 -0.00000000
vt 5.49778700 -0.00000000
vt 5.23598766 0.00020000
vt 5.23598766 0.00020000
vt 5.49778700 -0.00000000
vt 5.49778700 0.00020000
vt 5.49778700 -0.00000000
vt 5.75958633 -0.00000000
vt 5.49778700 0.00020000
vt 5.49778700 0.00020000
vt 5.75958633 -0.00000000
vt 5.75958633 0.00020000
vt 5.75958633 -0.00000000
vt 6.02138615 -0.00000000
vt 5.75958633 0.00020000
vt 5.75958633 0.00020000
vt 6.02138615 -0.00000000
vt 6.02138615 0.00020000
vt 6.02138615 -0.00000000
vt 6.28318548 -0.00000000
vt 6.02138615 0.00020000
vt 6.02138615 0.00020000
vt 6.28318548 -0.00000000
vt 6.28318548 0.00020000
vt 6.28318548 -0.00000000
vt 6.54498482 -0.00000000
vt 6.28318548 0.00020000
vt 6.28318548 0.00020000
vt 6.54498482 -0.00000000
vt 6.54498482 0.00020000
vt 6.54498482 -0.00000000
vt 6.80678415 -0.00000000
vt 6.54498482 0.00020000
vt 6.54498482 0.00020000
vt 6.80678415 -0.00000000
vt 6.80678415 0.00020000
vt 6.80678415 -0.00000000
vt 7.06858349 -0.00000000
vt 6.80678415 0.00020000
vt 6.80678415 0.00020000
vt 7.06858349 -0.00000000
vt 7.06858349 0.00020000
vt 7.06858349 -0.00000000
vt 7.33038282 -0.00000000
vt 7.06858349 0.00020000
vt 7.06858349 0.00020000
vt 7.33038282 -0.00000000
vt 7.33038282 0.00020000
vt 7.33038282 -0.00000000
vt 7.59218216 -0.00000000
vt 7.33038282 0.00020000
vt 7.33038282 0.00020000
vt 7.59218216 -0.00000000
vt 7.59218216 0.00020000
vt 7.59218216 -0.00000000
vt 7.85398149 -0.00000000
vt 7.59218216 0.00020000
vt 7.59218216 0.00020000
vt 7.85398149 -0.00000000
vt 7.85398149 0.00020000
vt 7.85398149 -0.00000000
vt 8.11578083 -0.00000000
vt 7.85398149 0.00020000
vt 7.85398149 0.00020000
vt 8.11578083 -0.00000000
vt 8.11578083 0.00020000
vt 8.11578083 -0.00000000
vt 8.37758064 -0.00000000
vt 8.11578083 0.00020000
vt 8.11578083 0.00020000
vt 8.37758064 -0.00000000
vt 8.37758064 0.00020000
vt 8.37758064 -0.00000000
vt 8.63937950 -0.00000000
vt 8.37758064 0.00020000
vt 8.37758064 0.00020000
vt 8.63937950 -0.00000000
vt 8.63937950 0.00020000
vt 8.63937950 -0.00000000
vt 8.90117931 -0.00000000
vt 8.63937950 0.00020000
vt 8.63937950 0.00020000
vt 8.90117931 -0.00000000
vt 8.90117931 0.00020000
vt 8.90117931 -0.00000000
vt 9.16297817 -0.00000000
vt 8.90117931 0.00020000
vt 8.90117931 0.00020000
vt 9.16297817 -0.00000000
vt 9.16297817 0.00020000
vt 9.16297817 -0.00000000
vt 9.42477798 -0.00000000
vt 9.16297817 0.00020000
vt 9.16297817 0.00020000
vt 9.42477798 -0.00000000
vt 9.42477798 0.00020000
vt 9.42477798 -0.00000000
vt 9.68657780 -0.00000000
vt 9.42477798 0.00020000
vt 9.42477798 0.00020000
vt 9.68657780 -0.00000000
vt 9.68657780 0.00020000
vt 9.68657780 -0.00000000
vt 9.94837666 -0.00000000
vt 9.68657780 0.00020000
vt 9.68657780 0.00020000
vt 9.94837666 -0.00000000
vt 9.94837666 0.00020000
vt 9.94837666 -0.00000000
vt 10.21017647 -0.00000000
vt 9.94837666 0.00020000
vt 9.94837666 0.00020000
vt 10.21017647 -0.00000000
vt 10.21017647 0.00020000
vt 10.21017647 -0.00000000
vt 10.47197533 -0.00000000
vt 10.21017647 0.00020000
vt 10.21017647 0.00020000
vt 10.47197533 -0.00000000
vt 10.47197533 0.00020000
vt 10.47197533 -0.00000000
vt 10.73377514 -0.00000000
vt 10.47197533 0.00020000
vt 10.47197533 0.00020000
vt 10.73377514 -0.00000000
vt 10.73377514 0.00020000
vt 10.73377514 -0.00000000
vt 10.99557400 -0.00000000
vt 10.73377514 0.00020000
vt 10.73377514 0.00020000
vt 10.99557400 -0.00000000
vt 10.99557400 0.00020000
vt 10.99557400 -0.00000000
vt 11.25737381 -0.00000000
vt 10.99557400 0.00020000
vt 10.99557400 0.00020000
vt 11.25737381 -0.00000000
vt 11.25737381 0.00020000
vt 11.25737381 -0.00000000
vt 11.51917267 0.00020000
vt 11.25737381 0.00020000
vt 1.06218076 -0.02260000
vt 1.04719758 -0.02260000
vt 1.04719758 -0.02680000
vt 1.04719758 -0.02260000
vt 0.78539819 -0.02260000
vt 1.04719758 -0.02680000
vt 1.04719758 -0.02680000
vt 0.78539819 -0.02260000
vt 0.78539819 -0.02680000
vt 0.78539819 -0.02260000
vt 0.52359879 -0.02260000
vt 0.78539819 -0.02680000
vt 0.78539819 -0.02680000
vt 0.52359879 -0.02260000
vt 0.52359879 -0.02680000
vt 0.52359879 -0.02260000
vt 0.26179940 -0.02260000
vt 0.52359879 -0.02680000
vt 0.52359879 -0.02680000
vt 0.26179940 -0.02260000
vt 0.26179940 -0.02680000
vt 0.26179940 -0.02260000
vt 0.00000000 -0.02260000
vt 0.26179940 -0.02680000
vt 0.26179940 -0.02680000
vt 0.00000000 -0.02260000
vt 0.00000000 -0.02680000
vt 0.00000000 -0.02260000
vt -0.26179940 -0.02260000
vt 0.00000000 -0.02680000
vt 0.00000000 -0.02680000
vt -0.26179940 -0.02260000
vt -0.26179940 -0.02680000
vt -0.26179940 -0.02260000
vt -0.52359879 -0.02260000
vt -0.26179940 -0.02680000
vt -0.26179940 -0.02680000
vt -0.52359879 -0.02260000
vt -0.52359879 -0.02680000
vt -0.52359879 -0.02260000
vt -0.78539819 -0.02260000
vt -0.52359879 -0.02680000
vt -0.52359879 -0.02680000
vt -0.78539819 -0.02260000
vt -0.78539819 -0.02680000
vt -0.78539819 -0.02260000
vt -1.04719758 -0.02260000
vt -0.78539819 -0.02680000
vt -0.78539819 -0.02680000
vt -1.04719758 -0.02260000
vt -1.04719758 -0.02680000
vt -1.04719758 -0.02260000
vt -1.30899692 -0.02260000
vt -1.04719758 -0.02680000
vt -1.04719758 -0.02680000
vt -1.30899692 -0.02260000
vt -1.30899692 -0.02680000
vt -1.30899692 -0.02260000
vt -1.57079637 -0.02260000
vt -1.30899692 -0.02680000
vt -1.30899692 -0.02680000
vt -1.57079637 -0.02260000
vt -1.57079637 -0.02680000
vt -1.57079637 -0.02260000
vt -1.83259571 -0.02260000
vt -1.57079637 -0.02680000
vt -1.57079637 -0.02680000
vt -1.83259571 -0.02260000
vt -1.83259571 -0.02680000
vt -1.83259571 -0.02260000
vt -2.09439516 -0.02260000
vt -1.83259571 -0.02680000
vt -1.83259571 -0.02680000
vt -2.09439516 -0.02260000
vt -2.09439516 -0.02680000
vt -2.09439516 -0.02260000
vt -2.35619450 -0.02260000
vt -2.09439516 -0.02680000
vt -2.09439516 -0.02680000
vt -2.35619450 -0.02260000
vt -2.35619450 -0.02680000
vt -2.35619450 -0.02260000
vt -2.61799383 -0.02260000
vt -2.35619450 -0.02680000
vt -2.35619450 -0.02680000
vt -2.61799383 -0.02260000
vt -2.61799383 -0.02680000
vt -2.61799383 -0.02260000
vt -2.87979317 -0.02260000
vt -2.61799383 -0.02680000
vt -2.61799383 -0.02680000
vt -2.87979317 -0.02260000
vt -2.87979317 -0.02680000
vt -2.87979317 -0.02260000
vt -3.14159274 -0.02260000
vt -2.87979317 -0.02680000
vt -2.87979317 -0.02680000
vt -3.14159274 -0.02260000
vt -3.14159274 -0.02680000
vt -3.14159274 -0.02260000
vt -3.40339208 -0.02260000
vt -3.14159274 -0.02680000
vt -3.14159274 -0.02680000
vt -3.40339208 -0.02260000
vt -3.40339208 -0.02680000
vt -3.40339208 -0.02260000
vt -3.66519141 -0.02260000
vt -3.40339208 -0.02680000
vt -3.40339208 -0.02680000
vt -3.66519141 -0.02260000
vt -3.66519141 -0.02680000
vt -3.66519141 -0.02260000
vt -3.92699075 -0.02260000
vt -3.66519141 -0.02680000
vt -3.66519141 -0.02680000
vt -3.92699075 -0.02260000
vt -3.92699075 -0.02680000
vt -3.92699075 -0.02260000
vt -4.18879032 -0.02260000
vt -3.92699075 -0.02680000
vt -3.92699075 -0.02680000
vt -4.18879032 -0.02260000
vt -4.18879032 -0.02680000
vt -4.18879032 -0.02260000
vt -4.45058966 -0.02260000
vt -4.18879032 -0.02680000
vt -4.18879032 -0.02680000
vt -4.45058966 -0.02260000
vt -4.45058966 -0.02680000
vt -4.45058966 -0.02260000
vt -4.71238899 -0.02260000
vt -4.45058966 -0.02680000
vt -4.45058966 -0.02680000
vt -4.71238899 -0.02260000
vt -4.71238899 -0.02680000
vt -4.71238899 -0.02260000
vt -4.97418833 -0.02260000
vt -4.71238899 -0.02680000
vt -4.71238899 -0.02680000
vt -4.97418833 -0.02260000
vt -4.97418833 -0.02680000
vt -4.97418833 -0.02260000
vt -5.22100449 -0.02260000
vt -4.97418833 -0.02680000
vt -4.97418833 -0.02680000
vt -5.22100449 -0.02260000
vt -5.23598766 -0.02680000
vt 1.06218076 -0.00020000
vt 1.30899692 -0.00020000
vt 1.30899692 0.00000000
vt 1.30899692 -0.00020000
vt 1.57079637 -0.00020000
vt 1.30899692 0.00000000
vt 1.30899692 0.00000000
vt 1.57079637 -0.00020000
vt 1.57079637 0.00000000
vt 1.57079637 -0.00020000
vt 1.83259571 -0.00020000
vt 1.57079637 0.00000000
vt 1.57079637 0.00000000
vt 1.83259571 -0.00020000
vt 1.83259571 0.00000000
vt 1.83259571 -0.00020000
vt 2.09439516 -0.00020000
vt 1.83259571 0.00000000
vt 1.83259571 0.00000000
vt 2.09439516 -0.00020000
vt 2.09439516 0.00000000
vt 2.09439516 -0.00020000
vt 2.35619450 -0.00020000
vt 2.09439516 0.00000000
vt 2.09439516 0.00000000
vt 2.35619450 -0.00020000
vt 2.35619450 0.00000000
vt 2.35619450 -0.00020000
vt 2.61799383 -0.00020000
vt 2.35619450 0.00000000
vt 2.35619450 0.00000000
vt 2.61799383 -0.00020000
vt 2.61799383 0.00000000
vt 2.61799383 -0.00020000
vt 2.87979317 -0.00020000
vt 2.61799383 0.00000000
vt 2.61799383 0.00000000
vt 2.87979317 -0.00020000
vt 2.87979317 0.00000000
vt 2.87979317 -0.00020000
vt 3.14159274 -0.00020000
vt 2.87979317 0.00000000
vt 2.87979317 0.00000000
vt 3.14159274 -0.00020000
vt 3.14159274 0.00000000
vt 3.14159274 -0.00020000
vt 3.40339208 -0.00020000
vt 3.14159274 0.00000000
vt 3.14159274 0.00000000
vt 3.40339208 -0.00020000
vt 3.40339208 0.00000000
vt 3.40339208 -0.00020000
vt 3.66519141 -0.00020000
vt 3.40339208 0.00000000
vt 3.40339208 0.00000000
vt 3.66519141 -0.00020000
vt 3.66519141 0.00000000
vt 3.66519141 -0.00020000
vt 3.92699075 -0.00020000
vt 3.66519141 0.00000000
vt 3.66519141 0.00000000
vt 3.92699075 -0.00020000
vt 3.92699075 0.00000000
vt 3.92699075 -0.00020000
vt 4.18879032 -0.00020000
vt 3.92699075 0.00000000
vt 3.92699075 0.00000000
vt 4.18879032 -0.00020000
vt 4.18879032 0.00000000
vt 4.18879032 -0.00020000
vt 4.45058966 -0.00020000
vt 4.18879032 0.00000000
vt 4.18879032 0.00000000
vt 4.45058966 -0.00020000
vt 4.45058966 0.00000000
vt 4.45058966 -0.00020000
vt 4.71238899 -0.00020000
vt 4.45058966 0.00000000
vt 4.45058966 0.00000000
vt 4.71238899 -0.00020000
vt 4.71238899 0.00000000
vt 4.71238899 -0.00020000
vt 4.97418833 -0.00020000
vt 4.71238899 0.00000000
vt 4.71238899 0.00000000
vt 4.97418833 -0.00020000
vt 4.97418833 0.00000000
vt 4.97418833 -0.00020000
vt 5.23598766 -0.00020000
vt 4.97418833 0.00000000
vt 4.97418833 0.00000000
vt 5.23598766 -0.00020000
vt 5.23598766 0.00000000
vt 5.23598766 -0.00020000
vt 5.49778700 -0.00020000
vt 5.23598766 0.00000000
vt 5.23598766 0.00000000
vt 5.49778700 -0.00020000
vt 5.49778700 0.00000000
vt 5.49778700 -0.00020000
vt 5.75958633 -0.00020000
vt 5.49778700 0.00000000
vt 5.49778700 0.00000000
vt 5.75958633 -0.00020000
vt 5.75958633 0.00000000
vt 5.75958633 -0.00020000
vt 6.02138615 -0.00020000
vt 5.75958633 0.00000000
vt 5.75958633 0.00000000
vt 6.02138615 -0.00020000
vt 6.02138615 0.00000000
vt 6.02138615 -0.00020000
vt 6.28318548 -0.00020000
vt 6.02138615 0.00000000
vt 6.02138615 0.00000000
vt 6.28318548 -0.00020000
vt 6.28318548 0.00000000
vt 6.28318548 -0.00020000
vt 6.54498482 -0.00020000
vt 6.28318548 0.00000000
vt 6.28318548 0.00000000
vt 6.54498482 -0.00020000
vt 6.54498482 0.00000000
vt 6.54498482 -0.00020000
vt 6.80678415 -0.00020000
vt 6.54498482 0.00000000
vt 6.54498482 0.00000000
vt 6.80678415 -0.00020000
vt 6.80678415 0.00000000
vt 6.80678415 -0.00020000
vt 7.06858349 -0.00020000
vt 6.80678415 0.00000000
vt 6.80678415 0.00000000
vt 7.06858349 -0.00020000
vt 7.06858349 0.00000000
vt 7.06858349 -0.00020000
vt 7.33038282 -0.00020000
vt 7.06858349 0.00000000
vt 7.06858349 0.00000000
vt 7.33038282 -0.00020000
vt 7.33038282 0.00000000
vt 7.33038282 -0.00020000
vt 7.34536600 -0.00020000
vt 7.33038282 0.00000000
vt 7.33038282 0.00000000
vt 7.34536600 -0.00020000
vt 7.59218216 0.00000000
vt 2.53376460 -0.02260000
vt 2.35619450 -0.02260000
vt 2.35619450 -0.02680000
vt 2.35619450 -0.02260000
vt 2.09439516 -0.02260000
vt 2.35619450 -0.02680000
vt 2.35619450 -0.02680000
vt 2.09439516 -0.02260000
vt 2.09439516 -0.02680000
vt 2.09439516 -0.02260000
vt 1.83259571 -0.02260000
vt 2.09439516 -0.02680000
vt 2.09439516 -0.02680000
vt 1.83259571 -0.02260000
vt 1.83259571 -0.02680000
vt 1.83259571 -0.02260000
vt 1.57079637 -0.02260000
vt 1.83259571 -0.02680000
vt 1.83259571 -0.02680000
vt 1.57079637 -0.02260000
vt 1.57079637 -0.02680000
vt 1.57079637 -0.02260000
vt 1.30899692 -0.02260000
vt 1.57079637 -0.02680000
vt 1.57079637 -0.02680000
vt 1.30899692 -0.02260000
vt 1.30899692 -0.02680000
vt 1.30899692 -0.02260000
vt 1.04719758 -0.02260000
vt 1.30899692 -0.02680000
vt 1.30899692 -0.02680000
vt 1.04719758 -0.02260000
vt 1.04719758 -0.02680000
vt 1.04719758 -0.02260000
vt 0.78539819 -0.02260000
vt 1.04719758 -0.02680000
vt 1.04719758 -0.02680000
vt 0.78539819 -0.02260000
vt 0.78539819 -0.02680000
vt 0.78539819 -0.02260000
vt 0.52359879 -0.02260000
vt 0.78539819 -0.02680000
vt 0.78539819 -0.02680000
vt 0.52359879 -0.02260000
vt 0.52359879 -0.02680000
vt 0.52359879 -0.02260000
vt 0.26179940 -0.02260000
vt 0.52359879 -0.02680000
vt 0.52359879 -0.02680000
vt 0.26179940 -0.02260000
vt 0.26179940 -0.02680000
vt 0.26179940 -0.02260000
vt 0.00000000 -0.02260000
vt 0.26179940 -0.02680000
vt 0.26179940 -0.02680000
vt 0.00000000 -0.02260000
vt 0.00000000 -0.02680000
vt 0.00000000 -0.02260000
vt -0.26179940 -0.02260000
vt 0.00000000 -0.02680000
vt 0.00000000 -0.02680000
vt -0.26179940 -0.02260000
vt -0.26179940 -0.02680000
vt -0.26179940 -0.02260000
vt -0.52359879 -0.02260000
vt -0.26179940 -0.02680000
vt -0.26179940 -0.02680000
vt -0.52359879 -0.02260000
vt -0.52359879 -0.02680000
vt -0.52359879 -0.02260000
vt -0.78539819 -0.02260000
vt -0.52359879 -0.02680000
vt -0.52359879 -0.02680000
vt -0.78539819 -0.02260000
vt -0.78539819 -0.02680000
vt -0.78539819 -0.02260000
vt -1.04719758 -0.02260000
vt -0.78539819 -0.02680000
vt -0.78539819 -0.02680000
vt -1.04719758 -0.02260000
vt -1.04719758 -0.02680000
vt -1.04719758 -0.02260000
vt -1.30899692 -0.02260000
vt -1.04719758 -0.02680000
vt -1.04719758 -0.02680000
vt -1.30899692 -0.02260000
vt -1.30899692 -0.02680000
vt -1.30899692 -0.02260000
vt -1.57079637 -0.02260000
vt -1.30899692 -0.02680000
vt -1.30899692 -0.02680000
vt -1.57079637 -0.02260000
vt -1.57079637 -0.02680000
vt -1.57079637 -0.02260000
vt -1.83259571 -0.02260000
vt -1.57079637 -0.02680000
vt -1.57079637 -0.02680000
vt -1.83259571 -0.02260000
vt -1.83259571 -0.02680000
vt -1.83259571 -0.02260000
vt -2.09439516 -0.02260000
vt -1.83259571 -0.02680000
vt -1.83259571 -0.02680000
vt -2.09439516 -0.02260000
vt -2.09439516 -0.02680000
vt -2.09439516 -0.02260000
vt -2.35619450 -0.02260000
vt -2.09439516 -0.02680000
vt -2.09439516 -0.02680000
vt -2.35619450 -0.02260000
vt -2.35619450 -0.02680000
vt -2.35619450 -0.02260000
vt -2.61799383 -0.02260000
vt -2.35619450 -0.02680000
vt -2.35619450 -0.02680000
vt -2.61799383 -0.02260000
vt -2.61799383 -0.02680000
vt -2.61799383 -0.02260000
vt -2.87979317 -0.02260000
vt -2.61799383 -0.02680000
vt -2.61799383 -0.02680000
vt -2.87979317 -0.02260000
vt -2.87979317 -0.02680000
vt -2.87979317 -0.02260000
vt -3.14159274 -0.02260000
vt -2.87979317 -0.02680000
vt -2.87979317 -0.02680000
vt -3.14159274 -0.02260000
vt -3.14159274 -0.02680000
vt -3.14159274 -0.02260000
vt -3.40339208 -0.02260000
vt -3.14159274 -0.02680000
vt -3.14159274 -0.02680000
vt -3.40339208 -0.02260000
vt -3.40339208 -0.02680000
vt -3.40339208 -0.02260000
vt -3.66519141 -0.02260000
vt -3.40339208 -0.02680000
vt -3.40339208 -0.02680000
vt -3.66519141 -0.02260000
vt -3.66519141 -0.02680000
vt -3.66519141 -0.02260000
vt -3.74942064 -0.02260000
vt -3.66519141 -0.02680000
vt -3.66519141 -0.02680000
vt -3.74942064 -0.02260000
vt -3.92699075 -0.02680000
vt 0.00000000 0.00000000
vt 0.26179940 -0.00020000
vt 0.26179940 0.00000000
vt 0.26179940 -0.00020000
vt 0.52359879 -0.00020000
vt 0.26179940 0.00000000
vt 0.26179940 0.00000000
vt 0.52359879 -0.00020000
vt 0.52359879 0.00000000
vt 0.52359879 -0.00020000
vt 0.78539819 -0.00020000
vt 0.52359879 0.00000000
vt 0.52359879 0.00000000
vt 0.78539819 -0.00020000
vt 0.78539819 0.00000000
vt 0.78539819 -0.00020000
vt 1.04719758 -0.00020000
vt 0.78539819 0.00000000
vt 0.78539819 0.00000000
vt 1.04719758 -0.00020000
vt 1.04719758 0.00000000
vt 1.04719758 -0.00020000
vt 1.30899692 -0.00020000
vt 1.04719758 0.00000000
vt 1.04719758 0.00000000
vt 1.30899692 -0.00020000
vt 1.30899692 0.00000000
vt 1.30899692 -0.00020000
vt 1.57079637 -0.00020000
vt 1.30899692 0.00000000
vt 1.30899692 0.00000000
vt 1.57079637 -0.00020000
vt 1.57079637 0.00000000
vt 1.57079637 -0.00020000
vt 1.83259571 -0.00020000
vt 1.57079637 0.00000000
vt 1.57079637 0.00000000
vt 1.83259571 -0.00020000
vt 1.83259571 0.00000000
vt 1.83259571 -0.00020000
vt 2.09439516 -0.00020000
vt 1.83259571 0.00000000
vt 1.83259571 0.00000000
vt 2.09439516 -0.00020000
vt 2.09439516 0.00000000
vt 2.09439516 -0.00020000
vt 2.35619450 -0.00020000
vt 2.09439516 0.00000000
vt 2.09439516 0.00000000
vt 2.35619450 -0.00020000
vt 2.35619450 0.00000000
vt 2.35619450 -0.00020000
vt 2.61799383 -0.00020000
vt 2.35619450 0.00000000
vt 2.35619450 0.00000000
vt 2.61799383 -0.00020000
vt 2.61799383 0.00000000
vt 2.61799383 -0.00020000
vt 2.87979317 -0.00020000
vt 2.61799383 0.00000000
vt 2.61799383 0.00000000
vt 2.87979317 -0.00020000
vt 2.87979317 0.00000000
vt 2.87979317 -0.00020000
vt 3.14159274 -0.00020000
vt 2.87979317 0.00000000
vt 2.87979317 0.00000000
vt 3.14159274 -0.00020000
vt 3.14159274 0.00000000
vt 3.14159274 -0.00020000
vt 3.40339208 -0.00020000
vt 3.14159274 0.00000000
vt 3.14159274 0.00000000
vt 3.40339208 -0.00020000
vt 3.40339208 0.00000000
vt 3.40339208 -0.00020000
vt 3.66519141 -0.00020000
vt 3.40339208 0.00000000
vt 3.40339208 0.00000000
vt 3.66519141 -0.00020000
vt 3.66519141 0.00000000
vt 3.66519141 -0.00020000
vt 3.92699075 -0.00020000
vt 3.66519141 0.00000000
vt 3.66519141 0.00000000
vt 3.92699075 -0.00020000
vt 3.92699075 0.00000000
vt 3.92699075 -0.00020000
vt 4.18879032 -0.00020000
vt 3.92699075 0.00000000
vt 3.92699075 0.00000000
vt 4.18879032 -0.00020000
vt 4.18879032 0.00000000
vt 4.18879032 -0.00020000
vt 4.45058966 -0.00020000
vt 4.18879032 0.00000000
vt 4.18879032 0.00000000
vt 4.45058966 -0.00020000
vt 4.45058966 0.00000000
vt 4.45058966 -0.00020000
vt 4.71238899 -0.00020000
vt 4.45058966 0.00000000
vt 4.45058966 0.00000000
vt 4.71238899 -0.00020000
vt 4.71238899 0.00000000
vt 4.71238899 -0.00020000
vt 4.97418833 -0.00020000
vt 4.71238899 0.00000000
vt 4.71238899 0.00000000
vt 4.97418833 -0.00020000
vt 4.97418833 0.00000000
vt 4.97418833 -0.00020000
vt 5.23598766 -0.00020000
vt 4.97418833 0.00000000
vt 4.97418833 0.00000000
vt 5.23598766 -0.00020000
vt 5.23598766 0.00000000
vt 5.23598766 -0.00020000
vt 5.49778700 -0.00020000
vt 5.23598766 0.00000000
vt 5.23598766 0.00000000
vt 5.49778700 -0.00020000
vt 5.49778700 0.00000000
vt 5.49778700 -0.00020000
vt 5.75958633 -0.00020000
vt 5.49778700 0.00000000
vt 5.49778700 0.00000000
vt 5.75958633 -0.00020000
vt 5.75958633 0.00000000
vt 5.75958633 -0.00020000
vt 6.02138615 -0.00020000
vt 5.75958633 0.00000000
vt 5.75958633 0.00000000
vt 6.02138615 -0.00020000
vt 6.02138615 0.00000000
vt 6.02138615 -0.00020000
vt 6.28318548 -0.00020000
vt 6.02138615 0.00000000
vt 6.02138615 0.00000000
vt 6.28318548 -0.00020000
vt 6.28318548 0.00000000
vt 6.28318548 -0.00020000
vt 6.54498482 -0.00020000
vt 6.28318548 0.00000000
vt 0.00000000 0.00020000
vt 0.26179940 0.00000000
vt 0.26179940 0.00020000
vt 0.26179940 0.00000000
vt 0.52359879 0.00000000
vt 0.26179940 0.00020000
vt 0.26179940 0.00020000
vt 0.52359879 0.00000000
vt 0.52359879 0.00020000
vt 0.52359879 0.00000000
vt 0.78539819 0.00000000
vt 0.52359879 0.00020000
vt 0.52359879 0.00020000
vt 0.78539819 0.00000000
vt 0.78539819 0.00020000
vt 0.78539819 0.00000000
vt 1.04719758 0.00000000
vt 0.78539819 0.00020000
vt 0.78539819 0.00020000
vt 1.04719758 0.00000000
vt 1.04719758 0.00020000
vt 1.04719758 0.00000000
vt 1.30899692 0.00000000
vt 1.04719758 0.00020000
vt 1.04719758 0.00020000
vt 1.30899692 0.00000000
vt 1.30899692 0.00020000
vt 1.30899692 0.00000000
vt 1.57079637 0.00000000
vt 1.30899692 0.00020000
vt 1.30899692 0.00020000
vt 1.57079637 0.00000000
vt 1.57079637 0.00020000
vt 1.57079637 0.00000000
vt 1.83259571 0.00000000
vt 1.57079637 0.00020000
vt 1.57079637 0.00020000
vt 1.83259571 0.00000000
vt 1.83259571 0.00020000
vt 1.83259571 0.00000000
vt 2.09439516 0.00000000
vt 1.83259571 0.00020000
vt 1.83259571 0.00020000
vt 2.09439516 0.00000000
vt 2.09439516 0.00020000
vt 2.09439516 0.00000000
vt 2.35619450 0.00000000
vt 2.09439516 0.00020000
vt 2.09439516 0.00020000
vt 2.35619450 0.00000000
vt 2.35619450 0.00020000
vt 2.35619450 0.00000000
vt 2.61799383 0.00000000
vt 2.35619450 0.00020000
vt 2.35619450 0.00020000
vt 2.61799383 0.00000000
vt 2.61799383 0.00020000
vt 2.61799383 0.00000000
vt 2.87979317 0.00000000
vt 2.61799383 0.00020000
vt 2.61799383 0.00020000
vt 2.87979317 0.00000000
vt 2.87979317 0.00020000
vt 2.87979317 0.00000000
vt 3.14159274 0.00000000
vt 2.87979317 0.00020000
vt 2.87979317 0.00020000
vt 3.14159274 0.00000000
vt 3.14159274 0.00020000
vt 3.14159274 0.00000000
vt 3.40339208 0.00000000
vt 3.14159274 0.00020000
vt 3.14159274 0.00020000
vt 3.40339208 0.00000000
vt 3.40339208 0.00020000
vt 3.40339208 0.00000000
vt 3.66519141 0.00000000
vt 3.40339208 0.00020000
vt 3.40339208 0.00020000
vt 3.66519141 0.00000000
vt 3.66519141 0.00020000
vt 3.66519141 0.00000000
vt 3.92699075 0.00000000
vt 3.66519141 0.00020000
vt 3.66519141 0.00020000
vt 3.92699075 0.00000000
vt 3.92699075 0.00020000
vt 3.92699075 0.00000000
vt 4.18879032 0.00000000
vt 3.92699075 0.00020000
vt 3.92699075 0.00020000
vt 4.18879032 0.00000000
vt 4.18879032 0.00020000
vt 4.18879032 0.00000000
vt 4.45058966 0.00000000
vt 4.18879032 0.00020000
vt 4.18879032 0.00020000
vt 4.45058966 0.00000000
vt 4.45058966 0.00020000
vt 4.45058966 0.00000000
vt 4.71238899 0.00000000
vt 4.45058966 0.00020000
vt 4.45058966 0.00020000
vt 4.71238899 0.00000000
vt 4.71238899 0.00020000
vt 4.71238899 0.00000000
vt 4.97418833 0.00000000
vt 4.71238899 0.00020000
vt 4.71238899 0.00020000
vt 4.97418833 0.00000000
vt 4.97418833 0.00020000
vt 4.97418833 0.00000000
vt 5.23598766 0.00000000
vt 4.97418833 0.00020000
vt 4.97418833 0.00020000
vt 5.23598766 0.00000000
vt 5.23598766 0.00020000
vt 5.23598766 0.00000000
vt 5.49778700 0.00000000
vt 5.23598766 0.00020000
vt 5.23598766 0.00020000
vt 5.49778700 0.00000000
vt 5.49778700 0.00020000
vt 5.49778700 0.00000000
vt 5.75958633 0.00000000
vt 5.49778700 0.00020000
vt 5.49778700 0.00020000
vt 5.75958633 0.00000000
vt 5.75958633 0.00020000
vt 5.75958633 0.00000000
vt 6.02138615 0.00000000
vt 5.75958633 0.00020000
vt 5.75958633 0.00020000
vt 6.02138615 0.00000000
vt 6.02138615 0.00020000
vt 6.02138615 0.00000000
vt 6.28318548 0.00000000
vt 6.02138615 0.00020000
vt 6.02138615 0.00020000
vt 6.28318548 0.00000000
vt 6.28318548 0.00020000
vt 6.28318548 0.00000000
vt 6.54498482 0.00000000
vt 6.28318548 0.00020000
vt 5.67535734 -0.00440000
vt 5.75958633 -0.00440000
vt 5.75958633 -0.00020000
vt 5.75958633 -0.00440000
vt 6.02138615 -0.00440000
vt 5.75958633 -0.00020000
vt 5.75958633 -0.00020000
vt 6.02138615 -0.00440000
vt 6.02138615 -0.00020000
vt 6.02138615 -0.00440000
vt 6.28318548 -0.00440000
vt 6.02138615 -0.00020000
vt 6.02138615 -0.00020000
vt 6.28318548 -0.00440000
vt 6.28318548 -0.00020000
vt 6.28318548 -0.00440000
vt 6.54498482 -0.00440000
vt 6.28318548 -0.00020000
vt 6.28318548 -0.00020000
vt 6.54498482 -0.00440000
vt 6.54498482 -0.00020000
vt 6.54498482 -0.00440000
vt 6.80678415 -0.00440000
vt 6.54498482 -0.00020000
vt 6.54498482 -0.00020000
vt 6.80678415 -0.00440000
vt 6.80678415 -0.00020000
vt 6.80678415 -0.00440000
vt 7.06858349 -0.00440000
vt 6.80678415 -0.00020000
vt 6.80678415 -0.00020000
vt 7.06858349 -0.00440000
vt 7.06858349 -0.00020000
vt 7.06858349 -0.00440000
vt 7.33038282 -0.00440000
vt 7.06858349 -0.00020000
vt 7.06858349 -0.00020000
vt 7.33038282 -0.00440000
vt 7.33038282 -0.00020000
vt 7.33038282 -0.00440000
vt 7.59218216 -0.00440000
vt 7.33038282 -0.00020000
vt 7.33038282 -0.00020000
vt 7.59218216 -0.00440000
vt 7.59218216 -0.00020000
vt 7.59218216 -0.00440000
vt 7.85398149 -0.00440000
vt 7.59218216 -0.00020000
vt 7.59218216 -0.00020000
vt 7.85398149 -0.00440000
vt 7.85398149 -0.00020000
vt 7.85398149 -0.00440000
vt 8.11578083 -0.00440000
vt 7.85398149 -0.00020000
vt 7.85398149 -0.00020000
vt 8.11578083 -0.00440000
vt 8.11578083 -0.00020000
vt 8.11578083 -0.00440000
vt 8.37758064 -0.00440000
vt 8.11578083 -0.00020000
vt 8.11578083 -0.00020000
vt 8.37758064 -0.00440000
vt 8.37758064 -0.00020000
vt 8.37758064 -0.00440000
vt 8.63937950 -0.00440000
vt 8.37758064 -0.00020000
vt 8.37758064 -0.00020000
vt 8.63937950 -0.00440000
vt 8.63937950 -0.00020000
vt 8.63937950 -0.00440000
vt 8.90117931 -0.00440000
vt 8.63937950 -0.00020000
vt 8.63937950 -0.00020000
vt 8.90117931 -0.00440000
vt 8.90117931 -0.00020000
vt 8.90117931 -0.00440000
vt 9.16297817 -0.00440000
vt 8.90117931 -0.00020000
vt 8.90117931 -0.00020000
vt 9.16297817 -0.00440000
vt 9.16297817 -0.00020000
vt 9.16297817 -0.00440000
vt 9.42477798 -0.00440000
vt 9.16297817 -0.00020000
vt 9.16297817 -0.00020000
vt 9.42477798 -0.00440000
vt 9.42477798 -0.00020000
vt 9.42477798 -0.00440000
vt 9.68657780 -0.00440000
vt 9.42477798 -0.00020000
vt 9.42477798 -0.00020000
vt 9.68657780 -0.00440000
vt 9.68657780 -0.00020000
vt 9.68657780 -0.00440000
vt 9.94837666 -0.00440000
vt 9.68657780 -0.00020000
vt 9.68657780 -0.00020000
vt 9.94837666 -0.00440000
vt 9.94837666 -0.00020000
vt 9.94837666 -0.00440000
vt 10.21017647 -0.00440000
vt 9.94837666 -0.00020000
vt 9.94837666 -0.00020000
vt 10.21017647 -0.00440000
vt 10.21017647 -0.00020000
vt 10.21017647 -0.00440000
vt 10.47197533 -0.00440000
vt 10.21017647 -0.00020000
vt 10.21017647 -0.00020000
vt 10.47197533 -0.00440000
vt 10.47197533 -0.00020000
vt 10.47197533 -0.00440000
vt 10.73377514 -0.00440000
vt 10.47197533 -0.00020000
vt 10.47197533 -0.00020000
vt 10.73377514 -0.00440000
vt 10.73377514 -0.00020000
vt 10.73377514 -0.00440000
vt 10.99557400 -0.00440000
vt 10.73377514 -0.00020000
vt 10.73377514 -0.00020000
vt 10.99557400 -0.00440000
vt 10.99557400 -0.00020000
vt 10.99557400 -0.00440000
vt 11.25737381 -0.00440000
vt 10.99557400 -0.00020000
vt 10.99557400 -0.00020000
vt 11.25737381 -0.00440000
vt 11.25737381 -0.00020000
vt 11.25737381 -0.00440000
vt 11.51917267 -0.00440000
vt 11.25737381 -0.00020000
vt 11.25737381 -0.00020000
vt 11.51917267 -0.00440000
vt 11.51917267 -0.00020000
vt 11.51917267 -0.00440000
vt 11.78097248 -0.00440000
vt 11.51917267 -0.00020000
vt 11.51917267 -0.00020000
vt 11.78097248 -0.00440000
vt 11.78097248 -0.00020000
vt 11.78097248 -0.00440000
vt 11.95854282 -0.00440000
vt 11.78097248 -0.00020000
vt 11.78097248 -0.00020000
vt 11.95854282 -0.00440000
vt 12.04277229 -0.00020000
vt 0.01643897 0.00216352
vt 0.01647343 0.00216326
vt 0.01647343 0.00446326
vt 0.01482290 0.00286146
vt 0.01529372 0.00248885
vt 0.01647343 0.00446326
vt 0.01529372 0.00248885
vt 0.01584493 0.00225080
vt 0.01647343 0.00446326
vt 0.01647343 0.00446326
vt 0.01584493 0.00225080
vt 0.01643897 0.00216352
vt 0.01417369 0.00449772
vt 0.01424313 0.00390133
vt 0.01647343 0.00446326
vt 0.01424313 0.00390133
vt 0.01446456 0.00334323
vt 0.01647343 0.00446326
vt 0.01647343 0.00446326
vt 0.01446456 0.00334323
vt 0.01482290 0.00286146
vt 0.01487163 0.00611379
vt 0.01449903 0.00564297
vt 0.01647343 0.00446326
vt 0.01449903 0.00564297
vt 0.01426097 0.00509176
vt 0.01647343 0.00446326
vt 0.01647343 0.00446326
vt 0.01426097 0.00509176
vt 0.01417369 0.00449772
vt 0.01650789 0.00676300
vt 0.01591150 0.00669356
vt 0.01647343 0.00446326
vt 0.01591150 0.00669356
vt 0.01535340 0.00647212
vt 0.01647343 0.00446326
vt 0.01647343 0.00446326
vt 0.01535340 0.00647212
vt 0.01487163 0.00611379
vt 0.01812396 0.00606505
vt 0.01765314 0.00643766
vt 0.01647343 0.00446326
vt 0.01765314 0.00643766
vt 0.01710193 0.00667572
vt 0.01647343 0.00446326
vt 0.01647343 0.00446326
vt 0.01710193 0.00667572
vt 0.01650789 0.00676300
vt 0.01877317 0.00442880
vt 0.01870373 0.00502519
vt 0.01647343 0.00446326
vt 0.01870373 0.00502519
vt 0.01848229 0.00558329
vt 0.01647343 0.00446326
vt 0.01647343 0.00446326
vt 0.01848229 0.00558329
vt 0.01812396 0.00606505
vt 0.01807523 0.00281273
vt 0.01844783 0.00328354
vt 0.01647343 0.00446326
vt 0.01844783 0.00328354
vt 0.01868589 0.00383476
vt 0.01647343 0.00446326
vt 0.01647343 0.00446326
vt 0.01868589 0.00383476
vt 0.01877317 0.00442880
vt 0.01647343 0.00216326
vt 0.01703536 0.00223296
vt 0.01647343 0.00446326
vt 0.01703536 0.00223296
vt 0.01759346 0.00245439
vt 0.01647343 0.00446326
vt 0.01647343 0.00446326
vt 0.01759346 0.00245439
vt 0.01807523 0.00281273
vt -0.00874578 -0.01733921
vt -0.00881548 -0.01790114
vt -0.00651548 -0.01790114
vt -0.00769520 -0.01592674
vt -0.00816601 -0.01629935
vt -0.00651548 -0.01790114
vt -0.00816601 -0.01629935
vt -0.00852435 -0.01678112
vt -0.00651548 -0.01790114
vt -0.00651548 -0.01790114
vt -0.00852435 -0.01678112
vt -0.00874578 -0.01733921
vt -0.00595355 -0.01567085
vt -0.00654994 -0.01560140
vt -0.00651548 -0.01790114
vt -0.00654994 -0.01560140
vt -0.00714399 -0.01568868
vt -0.00651548 -0.01790114
vt -0.00651548 -0.01790114
vt -0.00714399 -0.01568868
vt -0.00769520 -0.01592674
vt -0.00454108 -0.01672143
vt -0.00491369 -0.01625061
vt -0.00651548 -0.01790114
vt -0.00491369 -0.01625061
vt -0.00539546 -0.01589228
vt -0.00651548 -0.01790114
vt -0.00651548 -0.01790114
vt -0.00539546 -0.01589228
vt -0.00595355 -0.01567085
vt -0.00428518 -0.01846308
vt -0.00421574 -0.01786668
vt -0.00651548 -0.01790114
vt -0.00421574 -0.01786668
vt -0.00430302 -0.01727264
vt -0.00651548 -0.01790114
vt -0.00651548 -0.01790114
vt -0.00430302 -0.01727264
vt -0.00454108 -0.01672143
vt -0.00533577 -0.01987555
vt -0.00486495 -0.01950294
vt -0.00651548 -0.01790114
vt -0.00486495 -0.01950294
vt -0.00450662 -0.01902117
vt -0.00651548 -0.01790114
vt -0.00651548 -0.01790114
vt -0.00450662 -0.01902117
vt -0.00428518 -0.01846308
vt -0.00707742 -0.02013144
vt -0.00648102 -0.02020089
vt -0.00651548 -0.01790114
vt -0.00648102 -0.02020089
vt -0.00588698 -0.02011361
vt -0.00651548 -0.01790114
vt -0.00651548 -0.01790114
vt -0.00588698 -0.02011361
vt -0.00533577 -0.01987555
vt -0.00848989 -0.01908086
vt -0.00811728 -0.01955167
vt -0.00651548 -0.01790114
vt -0.00811728 -0.01955167
vt -0.00763551 -0.01991001
vt -0.00651548 -0.01790114
vt -0.00651548 -0.01790114
vt -0.00763551 -0.01991001
vt -0.00707742 -0.02013144
vt -0.00881548 -0.01790114
vt -0.00881523 -0.01793560
vt -0.00651548 -0.01790114
vt -0.00881523 -0.01793560
vt -0.00872794 -0.01852965
vt -0.00651548 -0.01790114
vt -0.00651548 -0.01790114
vt -0.00872794 -0.01852965
vt -0.00848989 -0.01908086
vt -0.00369155 -0.00245849
vt -0.00350926 -0.00303057
vt -0.00142771 -0.00205223
vt -0.00350926 -0.00303057
vt -0.00318512 -0.00353598
vt -0.00142771 -0.00205223
vt -0.00142771 -0.00205223
vt -0.00318512 -0.00353598
vt -0.00274121 -0.00394027
vt -0.00331576 -0.00073873
vt -0.00359139 -0.00127215
vt -0.00142771 -0.00205223
vt -0.00359139 -0.00127215
vt -0.00371956 -0.00185873
vt -0.00142771 -0.00205223
vt -0.00142771 -0.00205223
vt -0.00371956 -0.00185873
vt -0.00369155 -0.00245849
vt -0.00183398 0.00021161
vt -0.00240606 0.00002932
vt -0.00142771 -0.00205223
vt -0.00240606 0.00002932
vt -0.00291147 -0.00029482
vt -0.00142771 -0.00205223
vt -0.00142771 -0.00205223
vt -0.00291147 -0.00029482
vt -0.00331576 -0.00073873
vt -0.00011422 -0.00016418
vt -0.00064764 0.00011145
vt -0.00142771 -0.00205223
vt -0.00064764 0.00011145
vt -0.00123422 0.00023962
vt -0.00142771 -0.00205223
vt -0.00142771 -0.00205223
vt -0.00123422 0.00023962
vt -0.00183398 0.00021161
vt 0.00083612 -0.00164596
vt 0.00065383 -0.00107388
vt -0.00142771 -0.00205223
vt 0.00065383 -0.00107388
vt 0.00032969 -0.00056847
vt -0.00142771 -0.00205223
vt -0.00142771 -0.00205223
vt 0.00032969 -0.00056847
vt -0.00011422 -0.00016418
vt 0.00046033 -0.00336572
vt 0.00073596 -0.00283230
vt -0.00142771 -0.00205223
vt 0.00073596 -0.00283230
vt 0.00086413 -0.00224572
vt -0.00142771 -0.00205223
vt -0.00142771 -0.00205223
vt 0.00086413 -0.00224572
vt 0.00083612 -0.00164596
vt -0.00102145 -0.00431606
vt -0.00044937 -0.00413377
vt -0.00142771 -0.00205223
vt -0.00044937 -0.00413377
vt 0.00005604 -0.00380963
vt -0.00142771 -0.00205223
vt -0.00142771 -0.00205223
vt 0.00005604 -0.00380963
vt 0.00046033 -0.00336572
vt -0.00274121 -0.00394027
vt -0.00220779 -0.00421590
vt -0.00142771 -0.00205223
vt -0.00220779 -0.00421590
vt -0.00162121 -0.00434407
vt -0.00142771 -0.00205223
vt -0.00142771 -0.00205223
vt -0.00162121 -0.00434407
vt -0.00102145 -0.00431606
vt -0.00226383 0.00040627
vt -0.00229185 -0.00019350
vt 0.00000000 0.00000000
vt -0.00229185 -0.00019350
vt -0.00216367 -0.00078008
vt 0.00000000 0.00000000
vt 0.00000000 0.00000000
vt -0.00216367 -0.00078008
vt -0.00188805 -0.00131350
vt -0.00131350 0.00188805
vt -0.00175740 0.00148376
vt 0.00000000 0.00000000
vt -0.00175740 0.00148376
vt -0.00208155 0.00097835
vt 0.00000000 0.00000000
vt 0.00000000 0.00000000
vt -0.00208155 0.00097835
vt -0.00226383 0.00040627
vt 0.00040627 0.00226383
vt -0.00019350 0.00229185
vt 0.00000000 0.00000000
vt -0.00019350 0.00229185
vt -0.00078008 0.00216367
vt 0.00000000 0.00000000
vt 0.00000000 0.00000000
vt -0.00078008 0.00216367
vt -0.00131350 0.00188805
vt 0.00188805 0.00131350
vt 0.00148376 0.00175740
vt 0.00000000 0.00000000
vt 0.00148376 0.00175740
vt 0.00097835 0.00208155
vt 0.00000000 0.00000000
vt 0.00000000 0.00000000
vt 0.00097835 0.00208155
vt 0.00040627 0.00226383
vt 0.00226383 -0.00040627
vt 0.00229185 0.00019350
vt 0.00000000 0.00000000
vt 0.00229185 0.00019350
vt 0.00216367 0.00078008
vt 0.00000000 0.00000000
vt 0.00000000 0.00000000
vt 0.00216367 0.00078008
vt 0.00188805 0.00131350
vt 0.00131350 -0.00188805
vt 0.00175740 -0.00148376
vt 0.00000000 0.00000000
vt 0.00175740 -0.00148376
vt 0.00208155 -0.00097835
vt 0.00000000 0.00000000
vt 0.00000000 0.00000000
vt 0.00208155 -0.00097835
vt 0.00226383 -0.00040627
vt -0.00040627 -0.00226383
vt 0.00019350 -0.00229185
vt 0.00000000 0.00000000
vt 0.00019350 -0.00229185
vt 0.00078008 -0.00216367
vt 0.00000000 0.00000000
vt 0.00000000 0.00000000
vt 0.00078008 -0.00216367
vt 0.00131350 -0.00188805
vt -0.00188805 -0.00131350
vt -0.00148376 -0.00175740
vt 0.00000000 0.00000000
vt -0.00148376 -0.00175740
vt -0.00097835 -0.00208155
vt 0.00000000 0.00000000
vt 0.00000000 0.00000000
vt -0.00097835 -0.00208155
vt -0.00040627 -0.00226383
vt 0.39269909 -0.00117895
vt 0.26179940 0.00000000
vt 0.52359879 0.00000000
vt 0.00000000 -0.00000000
vt 0.26179940 0.00000000
vt 0.13089970 -0.00117895
vt 1.17809725 -0.00117895
vt 1.04719758 -0.00000000
vt 1.30899692 0.00000000
vt 0.78539819 0.00000000
vt 1.04719758 -0.00000000
vt 0.91629785 -0.00117895
vt 0.52359879 0.00000000
vt 0.78539819 0.00000000
vt 0.65449846 -0.00117895
vt 1.96349537 -0.00117895
vt 1.83259571 0.00000000
vt 2.09439516 -0.00000000
vt 1.57079637 0.00000000
vt 1.83259571 0.00000000
vt 1.70169604 -0.00117895
vt 1.30899692 0.00000000
vt 1.57079637 0.00000000
vt 1.43989658 -0.00117895
vt 2.74889350 -0.00117895
vt 2.61799383 0.00000000
vt 2.87979317 0.00000000
vt 2.35619450 0.00000000
vt 2.61799383 0.00000000
vt 2.48709416 -0.00117895
vt 2.09439516 -0.00000000
vt 2.35619450 0.00000000
vt 2.22529483 -0.00117895
vt 3.53429174 -0.00117895
vt 3.40339208 0.00000000
vt 3.66519141 0.00000000
vt 3.14159274 0.00000000
vt 3.40339208 0.00000000
vt 3.27249241 -0.00117895
vt 2.87979317 0.00000000
vt 3.14159274 0.00000000
vt 3.01069307 -0.00117895
vt 4.31968975 -0.00117895
vt 4.18879032 0.00000000
vt 4.45058966 0.00000000
vt 3.92699075 0.00000000
vt 4.18879032 0.00000000
vt 4.05789042 -0.00117895
vt 3.66519141 0.00000000
vt 3.92699075 0.00000000
vt 3.79609108 -0.00117895
vt 5.10508823 -0.00117895
vt 4.97418833 0.00000000
vt 5.23598766 -0.00000000
vt 4.71238899 0.00000000
vt 4.97418833 0.00000000
vt 4.84328890 -0.00117895
vt 4.45058966 0.00000000
vt 4.71238899 0.00000000
vt 4.58148909 -0.00117895
vt 5.89048624 -0.00117895
vt 5.75958633 0.00000000
vt 6.02138615 0.00000000
vt 5.49778700 0.00000000
vt 5.75958633 0.00000000
vt 5.62868690 -0.00117895
vt 5.23598766 -0.00000000
vt 5.49778700 0.00000000
vt 5.36688757 -0.00117895
vt 6.02138615 0.00000000
vt 6.28318548 -0.00000000
vt 6.15228558 -0.00117895
vt 0.00000000 1.57079637
vt 0.26179940 1.30899692
vt 0.26179940 1.57079637
vt 0.26179940 1.30899692
vt 0.52359879 1.30899692
vt 0.26179940 1.57079637
vt 0.26179940 1.57079637
vt 0.52359879 1.30899692
vt 0.52359879 1.57079637
vt 0.52359879 1.30899692
vt 0.78539819 1.30899692
vt 0.52359879 1.57079637
vt 0.52359879 1.57079637
vt 0.78539819 1.30899692
vt 0.78539819 1.57079637
vt 0.78539819 1.30899692
vt 1.04719758 1.30899692
vt 0.78539819 1.57079637
vt 0.78539819 1.57079637
vt 1.04719758 1.30899692
vt 1.04719758 1.57079637
vt 1.04719758 1.30899692
vt 1.30899692 1.30899692
vt 1.04719758 1.57079637
vt 1.04719758 1.57079637
vt 1.30899692 1.30899692
vt 1.30899692 1.57079637
vt 1.30899692 1.30899692
vt 1.57079637 1.30899692
vt 1.30899692 1.57079637
vt 1.30899692 1.57079637
vt 1.57079637 1.30899692
vt 1.57079637 1.57079637
vt 1.57079637 1.30899692
vt 1.83259571 1.30899692
vt 1.57079637 1.57079637
vt 1.57079637 1.57079637
vt 1.83259571 1.30899692
vt 1.83259571 1.57079637
vt 1.83259571 1.30899692
vt 2.09439516 1.30899692
vt 1.83259571 1.57079637
vt 1.83259571 1.57079637
vt 2.09439516 1.30899692
vt 2.09439516 1.57079637
vt 2.09439516 1.30899692
vt 2.35619450 1.30899692
vt 2.09439516 1.57079637
vt 2.09439516 1.57079637
vt 2.35619450 1.30899692
vt 2.35619450 1.57079637
vt 2.35619450 1.30899692
vt 2.61799383 1.30899692
vt 2.35619450 1.57079637
vt 2.35619450 1.57079637
vt 2.61799383 1.30899692
vt 2.61799383 1.57079637
vt 2.61799383 1.30899692
vt 2.87979317 1.30899692
vt 2.61799383 1.57079637
vt 2.61799383 1.57079637
vt 2.87979317 1.30899692
vt 2.87979317 1.57079637
vt 2.87979317 1.30899692
vt 3.14159274 1.30899692
vt 2.87979317 1.57079637
vt 2.87979317 1.57079637
vt 3.14159274 1.30899692
vt 3.14159274 1.57079637
vt 3.14159274 1.30899692
vt 3.40339208 1.30899692
vt 3.14159274 1.57079637
vt 3.14159274 1.57079637
vt 3.40339208 1.30899692
vt 3.40339208 1.57079637
vt 3.40339208 1.30899692
vt 3.66519141 1.30899692
vt 3.40339208 1.57079637
vt 3.40339208 1.57079637
vt 3.66519141 1.30899692
vt 3.66519141 1.57079637
vt 3.66519141 1.30899692
vt 3.92699075 1.30899692
vt 3.66519141 1.57079637
vt 3.66519141 1.57079637
vt 3.92699075 1.30899692
vt 3.92699075 1.57079637
vt 3.92699075 1.30899692
vt 4.18879032 1.30899692
vt 3.92699075 1.57079637
vt 3.92699075 1.57079637
vt 4.18879032 1.30899692
vt 4.18879032 1.57079637
vt 4.18879032 1.30899692
vt 4.45058966 1.30899692
vt 4.18879032 1.57079637
vt 4.18879032 1.57079637
vt 4.45058966 1.30899692
vt 4.45058966 1.57079637
vt 4.45058966 1.30899692
vt 4.71238899 1.30899692
vt 4.45058966 1.57079637
vt 4.45058966 1.57079637
vt 4.71238899 1.30899692
vt 4.71238899 1.57079637
vt 4.71238899 1.30899692
vt 4.97418833 1.30899692
vt 4.71238899 1.57079637
vt 4.71238899 1.57079637
vt 4.97418833 1.30899692
vt 4.97418833 1.57079637
vt 4.97418833 1.30899692
vt 5.23598766 1.30899692
vt 4.97418833 1.57079637
vt 4.97418833 1.57079637
vt 5.23598766 1.30899692
vt 5.23598766 1.57079637
vt 5.23598766 1.30899692
vt 5.49778700 1.30899692
vt 5.23598766 1.57079637
vt 5.23598766 1.57079637
vt 5.49778700 1.30899692
vt 5.49778700 1.57079637
vt 5.49778700 1.30899692
vt 5.75958633 1.30899692
vt 5.49778700 1.57079637
vt 5.49778700 1.57079637
vt 5.75958633 1.30899692
vt 5.75958633 1.57079637
vt 5.75958633 1.30899692
vt 6.02138615 1.30899692
vt 5.75958633 1.57079637
vt 5.75958633 1.57079637
vt 6.02138615 1.30899692
vt 6.02138615 1.57079637
vt 6.02138615 1.30899692
vt 6.28318548 1.30899692
vt 6.02138615 1.57079637
vt 6.02138615 1.57079637
vt 6.28318548 1.30899692
vt 6.28318548 1.57079637
vt 6.28318548 1.30899692
vt 6.54498482 1.30899692
vt 6.28318548 1.57079637
vt 0.00000000 1.30899692
vt 0.26179940 1.04719758
vt 0.26179940 1.30899692
vt 0.26179940 1.04719758
vt 0.52359879 1.04719758
vt 0.26179940 1.30899692
vt 0.26179940 1.30899692
vt 0.52359879 1.04719758
vt 0.52359879 1.30899692
vt 0.52359879 1.04719758
vt 0.78539819 1.04719758
vt 0.52359879 1.30899692
vt 0.52359879 1.30899692
vt 0.78539819 1.04719758
vt 0.78539819 1.30899692
vt 0.78539819 1.04719758
vt 1.04719758 1.04719758
vt 0.78539819 1.30899692
vt 0.78539819 1.30899692
vt 1.04719758 1.04719758
vt 1.04719758 1.30899692
vt 1.04719758 1.04719758
vt 1.30899692 1.04719758
vt 1.04719758 1.30899692
vt 1.04719758 1.30899692
vt 1.30899692 1.04719758
vt 1.30899692 1.30899692
vt 1.30899692 1.04719758
vt 1.57079637 1.04719758
vt 1.30899692 1.30899692
vt 1.30899692 1.30899692
vt 1.57079637 1.04719758
vt 1.57079637 1.30899692
vt 1.57079637 1.04719758
vt 1.83259571 1.04719758
vt 1.57079637 1.30899692
vt 1.57079637 1.30899692
vt 1.83259571 1.04719758
vt 1.83259571 1.30899692
vt 1.83259571 1.04719758
vt 2.09439516 1.04719758
vt 1.83259571 1.30899692
vt 1.83259571 1.30899692
vt 2.09439516 1.04719758
vt 2.09439516 1.30899692
vt 2.09439516 1.04719758
vt 2.35619450 1.04719758
vt 2.09439516 1.30899692
vt 2.09439516 1.30899692
vt 2.35619450 1.04719758
vt 2.35619450 1.30899692
vt 2.35619450 1.04719758
vt 2.61799383 1.04719758
vt 2.35619450 1.30899692
vt 2.35619450 1.30899692
vt 2.61799383 1.04719758
vt 2.61799383 1.30899692
vt 2.61799383 1.04719758
vt 2.87979317 1.04719758
vt 2.61799383 1.30899692
vt 2.61799383 1.30899692
vt 2.87979317 1.04719758
vt 2.87979317 1.30899692
vt 2.87979317 1.04719758
vt 3.14159274 1.04719758
vt 2.87979317 1.30899692
vt 2.87979317 1.30899692
vt 3.14159274 1.04719758
vt 3.14159274 1.30899692
vt 3.14159274 1.04719758
vt 3.40339208 1.04719758
vt 3.14159274 1.30899692
vt 3.14159274 1.30899692
vt 3.40339208 1.04719758
vt 3.40339208 1.30899692
vt 3.40339208 1.04719758
vt 3.66519141 1.04719758
vt 3.40339208 1.30899692
vt 3.40339208 1.30899692
vt 3.66519141 1.04719758
vt 3.66519141 1.30899692
vt 3.66519141 1.04719758
vt 3.92699075 1.04719758
vt 3.66519141 1.30899692
vt 3.66519141 1.30899692
vt 3.92699075 1.04719758
vt 3.92699075 1.30899692
vt 3.92699075 1.04719758
vt 4.18879032 1.04719758
vt 3.92699075 1.30899692
vt 3.92699075 1.30899692
vt 4.18879032 1.04719758
vt 4.18879032 1.30899692
vt 4.18879032 1.04719758
vt 4.45058966 1.04719758
vt 4.18879032 1.30899692
vt 4.18879032 1.30899692
vt 4.45058966 1.04719758
vt 4.45058966 1.30899692
vt 4.45058966 1.04719758
vt 4.71238899 1.04719758
vt 4.45058966 1.30899692
vt 4.45058966 1.30899692
vt 4.71238899 1.04719758
vt 4.71238899 1.30899692
vt 4.71238899 1.04719758
vt 4.97418833 1.04719758
vt 4.71238899 1.30899692
vt 4.71238899 1.30899692
vt 4.97418833 1.04719758
vt 4.97418833 1.30899692
vt 4.97418833 1.04719758
vt 5.23598766 1.04719758
vt 4.97418833 1.30899692
vt 4.97418833 1.30899692
vt 5.23598766 1.04719758
vt 5.23598766 1.30899692
vt 5.23598766 1.04719758
vt 5.49778700 1.04719758
vt 5.23598766 1.30899692
vt 5.23598766 1.30899692
vt 5.49778700 1.04719758
vt 5.49778700 1.30899692
vt 5.49778700 1.04719758
vt 5.75958633 1.04719758
vt 5.49778700 1.30899692
vt 5.49778700 1.30899692
vt 5.75958633 1.04719758
vt 5.75958633 1.30899692
vt 5.75958633 1.04719758
vt 6.02138615 1.04719758
vt 5.75958633 1.30899692
vt 5.75958633 1.30899692
vt 6.02138615 1.04719758
vt 6.02138615 1.30899692
vt 6.02138615 1.04719758
vt 6.28318548 1.04719758
vt 6.02138615 1.30899692
vt 6.02138615 1.30899692
vt 6.28318548 1.04719758
vt 6.28318548 1.30899692
vt 6.28318548 1.04719758
vt 6.54498482 1.04719758
vt 6.28318548 1.30899692
vt 0.00000000 1.04719758
vt 0.26179940 0.78539819
vt 0.26179940 1.04719758
vt 0.26179940 0.78539819
vt 0.52359879 0.78539819
vt 0.26179940 1.04719758
vt 0.26179940 1.04719758
vt 0.52359879 0.78539819
vt 0.52359879 1.04719758
vt 0.52359879 0.78539819
vt 0.78539819 0.78539819
vt 0.52359879 1.04719758
vt 0.52359879 1.04719758
vt 0.78539819 0.78539819
vt 0.78539819 1.04719758
vt 0.78539819 0.78539819
vt 1.04719758 0.78539819
vt 0.78539819 1.04719758
vt 0.78539819 1.04719758
vt 1.04719758 0.78539819
vt 1.04719758 1.04719758
vt 1.04719758 0.78539819
vt 1.30899692 0.78539819
vt 1.04719758 1.04719758
vt 1.04719758 1.04719758
vt 1.30899692 0.78539819
vt 1.30899692 1.04719758
vt 1.30899692 0.78539819
vt 1.57079637 0.78539819
vt 1.30899692 1.04719758
vt 1.30899692 1.04719758
vt 1.57079637 0.78539819
vt 1.57079637 1.04719758
vt 1.57079637 0.78539819
vt 1.83259571 0.78539819
vt 1.57079637 1.04719758
vt 1.57079637 1.04719758
vt 1.83259571 0.78539819
vt 1.83259571 1.04719758
vt 1.83259571 0.78539819
vt 2.09439516 0.78539819
vt 1.83259571 1.04719758
vt 1.83259571 1.04719758
vt 2.09439516 0.78539819
vt 2.09439516 1.04719758
vt 2.09439516 0.78539819
vt 2.35619450 0.78539819
vt 2.09439516 1.04719758
vt 2.09439516 1.04719758
vt 2.35619450 0.78539819
vt 2.35619450 1.04719758
vt 2.35619450 0.78539819
vt 2.61799383 0.78539819
vt 2.35619450 1.04719758
vt 2.35619450 1.04719758
vt 2.61799383 0.78539819
vt 2.61799383 1.04719758
vt 2.61799383 0.78539819
vt 2.87979317 0.78539819
vt 2.61799383 1.04719758
vt 2.61799383 1.04719758
vt 2.87979317 0.78539819
vt 2.87979317 1.04719758
vt 2.87979317 0.78539819
vt 3.14159274 0.78539819
vt 2.87979317 1.04719758
vt 2.87979317 1.04719758
vt 3.14159274 0.78539819
vt 3.14159274 1.04719758
vt 3.14159274 0.78539819
vt 3.40339208 0.78539819
vt 3.14159274 1.04719758
vt 3.14159274 1.04719758
vt 3.40339208 0.78539819
vt 3.40339208 1.04719758
vt 3.40339208 0.78539819
vt 3.66519141 0.78539819
vt 3.40339208 1.04719758
vt 3.40339208 1.04719758
vt 3.66519141 0.78539819
vt 3.66519141 1.04719758
vt 3.66519141 0.78539819
vt 3.92699075 0.78539819
vt 3.66519141 1.04719758
vt 3.66519141 1.04719758
vt 3.92699075 0.78539819
vt 3.92699075 1.04719758
vt 3.92699075 0.78539819
vt 4.18879032 0.78539819
vt 3.92699075 1.04719758
vt 3.92699075 1.04719758
vt 4.18879032 0.78539819
vt 4.18879032 1.04719758
vt 4.18879032 0.78539819
vt 4.45058966 0.78539819
vt 4.18879032 1.04719758
vt 4.18879032 1.04719758
vt 4.45058966 0.78539819
vt 4.45058966 1.04719758
vt 4.45058966 0.78539819
vt 4.71238899 0.78539819
vt 4.45058966 1.04719758
vt 4.45058966 1.04719758
vt 4.71238899 0.78539819
vt 4.71238899 1.04719758
vt 4.71238899 0.78539819
vt 4.97418833 0.78539819
vt 4.71238899 1.04719758
vt 4.71238899 1.04719758
vt 4.97418833 0.78539819
vt 4.97418833 1.04719758
vt 4.97418833 0.78539819
vt 5.23598766 0.78539819
vt 4.97418833 1.04719758
vt 4.97418833 1.04719758
vt 5.23598766 0.78539819
vt 5.23598766 1.04719758
vt 5.23598766 0.78539819
vt 5.49778700 0.78539819
vt 5.23598766 1.04719758
vt 5.23598766 1.04719758
vt 5.49778700 0.78539819
vt 5.49778700 1.04719758
vt 5.49778700 0.78539819
vt 5.75958633 0.78539819
vt 5.49778700 1.04719758
vt 5.49778700 1.04719758
vt 5.75958633 0.78539819
vt 5.75958633 1.04719758
vt 5.75958633 0.78539819
vt 6.02138615 0.78539819
vt 5.75958633 1.04719758
vt 5.75958633 1.04719758
vt 6.02138615 0.78539819
vt 6.02138615 1.04719758
vt 6.02138615 0.78539819
vt 6.28318548 0.78539819
vt 6.02138615 1.04719758
vt 6.02138615 1.04719758
vt 6.28318548 0.78539819
vt 6.28318548 1.04719758
vt 6.28318548 0.78539819
vt 6.54498482 0.78539819
vt 6.28318548 1.04719758
vt 0.00000000 0.78539819
vt 0.26179940 0.52359879
vt 0.26179940 0.78539819
vt 0.26179940 0.52359879
vt 0.52359879 0.52359879
vt 0.26179940 0.78539819
vt 0.26179940 0.78539819
vt 0.52359879 0.52359879
vt 0.52359879 0.78539819
vt 0.52359879 0.52359879
vt 0.78539819 0.52359879
vt 0.52359879 0.78539819
vt 0.52359879 0.78539819
vt 0.78539819 0.52359879
vt 0.78539819 0.78539819
vt 0.78539819 0.52359879
vt 1.04719758 0.52359879
vt 0.78539819 0.78539819
vt 0.78539819 0.78539819
vt 1.04719758 0.52359879
vt 1.04719758 0.78539819
vt 1.04719758 0.52359879
vt 1.30899692 0.52359879
vt 1.04719758 0.78539819
vt 1.04719758 0.78539819
vt 1.30899692 0.52359879
vt 1.30899692 0.78539819
vt 1.30899692 0.52359879
vt 1.57079637 0.52359879
vt 1.30899692 0.78539819
vt 1.30899692 0.78539819
vt 1.57079637 0.52359879
vt 1.57079637 0.78539819
vt 1.57079637 0.52359879
vt 1.83259571 0.52359879
vt 1.57079637 0.78539819
vt 1.57079637 0.78539819
vt 1.83259571 0.52359879
vt 1.83259571 0.78539819
vt 1.83259571 0.52359879
vt 2.09439516 0.52359879
vt 1.83259571 0.78539819
vt 1.83259571 0.78539819
vt 2.09439516 0.52359879
vt 2.09439516 0.78539819
vt 2.09439516 0.52359879
vt 2.35619450 0.52359879
vt 2.09439516 0.78539819
vt 2.09439516 0.78539819
vt 2.35619450 0.52359879
vt 2.35619450 0.78539819
vt 2.35619450 0.52359879
vt 2.61799383 0.52359879
vt 2.35619450 0.78539819
vt 2.35619450 0.78539819
vt 2.61799383 0.52359879
vt 2.61799383 0.78539819
vt 2.61799383 0.52359879
vt 2.87979317 0.52359879
vt 2.61799383 0.78539819
vt 2.61799383 0.78539819
vt 2.87979317 0.52359879
vt 2.87979317 0.78539819
vt 2.87979317 0.52359879
vt 3.14159274 0.52359879
vt 2.87979317 0.78539819
vt 2.87979317 0.78539819
vt 3.14159274 0.52359879
vt 3.14159274 0.78539819
vt 3.14159274 0.52359879
vt 3.40339208 0.52359879
vt 3.14159274 0.78539819
vt 3.14159274 0.78539819
vt 3.40339208 0.52359879
vt 3.40339208 0.78539819
vt 3.40339208 0.52359879
vt 3.66519141 0.52359879
vt 3.40339208 0.78539819
vt 3.40339208 0.78539819
vt 3.66519141 0.52359879
vt 3.66519141 0.78539819
vt 3.66519141 0.52359879
vt 3.92699075 0.52359879
vt 3.66519141 0.78539819
vt 3.66519141 0.78539819
vt 3.92699075 0.52359879
vt 3.92699075 0.78539819
vt 3.92699075 0.52359879
vt 4.18879032 0.52359879
vt 3.92699075 0.78539819
vt 3.92699075 0.78539819
vt 4.18879032 0.52359879
vt 4.18879032 0.78539819
vt 4.18879032 0.52359879
vt 4.45058966 0.52359879
vt 4.18879032 0.78539819
vt 4.18879032 0.78539819
vt 4.45058966 0.52359879
vt 4.45058966 0.78539819
vt 4.45058966 0.52359879
vt 4.71238899 0.52359879
vt 4.45058966 0.78539819
vt 4.45058966 0.78539819
vt 4.71238899 0.52359879
vt 4.71238899 0.78539819
vt 4.71238899 0.52359879
vt 4.97418833 0.52359879
vt 4.71238899 0.78539819
vt 4.71238899 0.78539819
vt 4.97418833 0.52359879
vt 4.97418833 0.78539819
vt 4.97418833 0.52359879
vt 5.23598766 0.52359879
vt 4.97418833 0.78539819
vt 4.97418833 0.78539819
vt 5.23598766 0.52359879
vt 5.23598766 0.78539819
vt 5.23598766 0.52359879
vt 5.49778700 0.52359879
vt 5.23598766 0.78539819
vt 5.23598766 0.78539819
vt 5.49778700 0.52359879
vt 5.49778700 0.78539819
vt 5.49778700 0.52359879
vt 5.75958633 0.52359879
vt 5.49778700 0.78539819
vt 5.49778700 0.78539819
vt 5.75958633 0.52359879
vt 5.75958633 0.78539819
vt 5.75958633 0.52359879
vt 6.02138615 0.52359879
vt 5.75958633 0.78539819
vt 5.75958633 0.78539819
vt 6.02138615 0.52359879
vt 6.02138615 0.78539819
vt 6.02138615 0.52359879
vt 6.28318548 0.52359879
vt 6.02138615 0.78539819
vt 6.02138615 0.78539819
vt 6.28318548 0.52359879
vt 6.28318548 0.78539819
vt 6.28318548 0.52359879
vt 6.54498482 0.52359879
vt 6.28318548 0.78539819
vt 0.00000000 0.52359879
vt 0.26179940 0.26179940
vt 0.26179940 0.52359879
vt 0.26179940 0.26179940
vt 0.52359879 0.26179940
vt 0.26179940 0.52359879
vt 0.26179940 0.52359879
vt 0.52359879 0.26179940
vt 0.52359879 0.52359879
vt 0.52359879 0.26179940
vt 0.78539819 0.26179940
vt 0.52359879 0.52359879
vt 0.52359879 0.52359879
vt 0.78539819 0.26179940
vt 0.78539819 0.52359879
vt 0.78539819 0.26179940
vt 1.04719758 0.26179940
vt 0.78539819 0.52359879
vt 0.78539819 0.52359879
vt 1.04719758 0.26179940
vt 1.04719758 0.52359879
vt 1.04719758 0.26179940
vt 1.30899692 0.26179940
vt 1.04719758 0.52359879
vt 1.04719758 0.52359879
vt 1.30899692 0.26179940
vt 1.30899692 0.52359879
vt 1.30899692 0.26179940
vt 1.57079637 0.26179940
vt 1.30899692 0.52359879
vt 1.30899692 0.52359879
vt 1.57079637 0.26179940
vt 1.57079637 0.52359879
vt 1.57079637 0.26179940
vt 1.83259571 0.26179940
vt 1.57079637 0.52359879
vt 1.57079637 0.52359879
vt 1.83259571 0.26179940
vt 1.83259571 0.52359879
vt 1.83259571 0.26179940
vt 2.09439516 0.26179940
vt 1.83259571 0.52359879
vt 1.83259571 0.52359879
vt 2.09439516 0.26179940
vt 2.09439516 0.52359879
vt 2.09439516 0.26179940
vt 2.35619450 0.26179940
vt 2.09439516 0.52359879
vt 2.09439516 0.52359879
vt 2.35619450 0.26179940
vt 2.35619450 0.52359879
vt 2.35619450 0.26179940
vt 2.61799383 0.26179940
vt 2.35619450 0.52359879
vt 2.35619450 0.52359879
vt 2.61799383 0.26179940
vt 2.61799383 0.52359879
vt 2.61799383 0.26179940
vt 2.87979317 0.26179940
vt 2.61799383 0.52359879
vt 2.61799383 0.52359879
vt 2.87979317 0.26179940
vt 2.87979317 0.52359879
vt 2.87979317 0.26179940
vt 3.14159274 0.26179940
vt 2.87979317 0.52359879
vt 2.87979317 0.52359879
vt 3.14159274 0.26179940
vt 3.14159274 0.52359879
vt 3.14159274 0.26179940
vt 3.40339208 0.26179940
vt 3.14159274 0.52359879
vt 3.14159274 0.52359879
vt 3.40339208 0.26179940
vt 3.40339208 0.52359879
vt 3.40339208 0.26179940
vt 3.66519141 0.26179940
vt 3.40339208 0.52359879
vt 3.40339208 0.52359879
vt 3.66519141 0.26179940
vt 3.66519141 0.52359879
vt 3.66519141 0.26179940
vt 3.92699075 0.26179940
vt 3.66519141 0.52359879
vt 3.66519141 0.52359879
vt 3.92699075 0.26179940
vt 3.92699075 0.52359879
vt 3.92699075 0.26179940
vt 4.18879032 0.26179940
vt 3.92699075 0.52359879
vt 3.92699075 0.52359879
vt 4.18879032 0.26179940
vt 4.18879032 0.52359879
vt 4.18879032 0.26179940
vt 4.45058966 0.26179940
vt 4.18879032 0.52359879
vt 4.18879032 0.52359879
vt 4.45058966 0.26179940
vt 4.45058966 0.52359879
vt 4.45058966 0.26179940
vt 4.71238899 0.26179940
vt 4.45058966 0.52359879
vt 4.45058966 0.52359879
vt 4.71238899 0.26179940
vt 4.71238899 0.52359879
vt 4.71238899 0.26179940
vt 4.97418833 0.26179940
vt 4.71238899 0.52359879
vt 4.71238899 0.52359879
vt 4.97418833 0.26179940
vt 4.97418833 0.52359879
vt 4.97418833 0.26179940
vt 5.23598766 0.26179940
vt 4.97418833 0.52359879
vt 4.97418833 0.52359879
vt 5.23598766 0.26179940
vt 5.23598766 0.52359879
vt 5.23598766 0.26179940
vt 5.49778700 0.26179940
vt 5.23598766 0.52359879
vt 5.23598766 0.52359879
vt 5.49778700 0.26179940
vt 5.49778700 0.52359879
vt 5.49778700 0.26179940
vt 5.75958633 0.26179940
vt 5.49778700 0.52359879
vt 5.49778700 0.52359879
vt 5.75958633 0.26179940
vt 5.75958633 0.52359879
vt 5.75958633 0.26179940
vt 6.02138615 0.26179940
vt 5.75958633 0.52359879
vt 5.75958633 0.52359879
vt 6.02138615 0.26179940
vt 6.02138615 0.52359879
vt 6.02138615 0.26179940
vt 6.28318548 0.26179940
vt 6.02138615 0.52359879
vt 6.02138615 0.52359879
vt 6.28318548 0.26179940
vt 6.28318548 0.52359879
vt 6.28318548 0.26179940
vt 6.54498482 0.26179940
vt 6.28318548 0.52359879
vt 0.00000000 0.26179940
vt 0.26179940 0.00000000
vt 0.26179940 0.26179940
vt 0.26179940 0.00000000
vt 0.52359879 0.00000000
vt 0.26179940 0.26179940
vt 0.26179940 0.26179940
vt 0.52359879 0.00000000
vt 0.52359879 0.26179940
vt 0.52359879 0.00000000
vt 0.78539819 0.00000000
vt 0.52359879 0.26179940
vt 0.52359879 0.26179940
vt 0.78539819 0.00000000
vt 0.78539819 0.26179940
vt 0.78539819 0.00000000
vt 1.04719758 0.00000000
vt 0.78539819 0.26179940
vt 0.78539819 0.26179940
vt 1.04719758 0.00000000
vt 1.04719758 0.26179940
vt 1.04719758 0.00000000
vt 1.30899692 0.00000000
vt 1.04719758 0.26179940
vt 1.04719758 0.26179940
vt 1.30899692 0.00000000
vt 1.30899692 0.26179940
vt 1.30899692 0.00000000
vt 1.57079637 0.00000000
vt 1.30899692 0.26179940
vt 1.30899692 0.26179940
vt 1.57079637 0.00000000
vt 1.57079637 0.26179940
vt 1.57079637 0.00000000
vt 1.83259571 0.00000000
vt 1.57079637 0.26179940
vt 1.57079637 0.26179940
vt 1.83259571 0.00000000
vt 1.83259571 0.26179940
vt 1.83259571 0.00000000
vt 2.09439516 0.00000000
vt 1.83259571 0.26179940
vt 1.83259571 0.26179940
vt 2.09439516 0.00000000
vt 2.09439516 0.26179940
vt 2.09439516 0.00000000
vt 2.35619450 0.00000000
vt 2.09439516 0.26179940
vt 2.09439516 0.26179940
vt 2.35619450 0.00000000
vt 2.35619450 0.26179940
vt 2.35619450 0.00000000
vt 2.61799383 0.00000000
vt 2.35619450 0.26179940
vt 2.35619450 0.26179940
vt 2.61799383 0.00000000
vt 2.61799383 0.26179940
vt 2.61799383 0.00000000
vt 2.87979317 0.00000000
vt 2.61799383 0.26179940
vt 2.61799383 0.26179940
vt 2.87979317 0.00000000
vt 2.87979317 0.26179940
vt 2.87979317 0.00000000
vt 3.14159274 0.00000000
vt 2.87979317 0.26179940
vt 2.87979317 0.26179940
vt 3.14159274 0.00000000
vt 3.14159274 0.26179940
vt 3.14159274 0.00000000
vt 3.40339208 0.00000000
vt 3.14159274 0.26179940
vt 3.14159274 0.26179940
vt 3.40339208 0.00000000
vt 3.40339208 0.26179940
vt 3.40339208 0.00000000
vt 3.66519141 0.00000000
vt 3.40339208 0.26179940
vt 3.40339208 0.26179940
vt 3.66519141 0.00000000
vt 3.66519141 0.26179940
vt 3.66519141 0.00000000
vt 3.92699075 0.00000000
vt 3.66519141 0.26179940
vt 3.66519141 0.26179940
vt 3.92699075 0.00000000
vt 3.92699075 0.26179940
vt 3.92699075 0.00000000
vt 4.18879032 0.00000000
vt 3.92699075 0.26179940
vt 3.92699075 0.26179940
vt 4.18879032 0.00000000
vt 4.18879032 0.26179940
vt 4.18879032 0.00000000
vt 4.45058966 0.00000000
vt 4.18879032 0.26179940
vt 4.18879032 0.26179940
vt 4.45058966 0.00000000
vt 4.45058966 0.26179940
vt 4.45058966 0.00000000
vt 4.71238899 0.00000000
vt 4.45058966 0.26179940
vt 4.45058966 0.26179940
vt 4.71238899 0.00000000
vt 4.71238899 0.26179940
vt 4.71238899 0.00000000
vt 4.97418833 0.00000000
vt 4.71238899 0.26179940
vt 4.71238899 0.26179940
vt 4.97418833 0.00000000
vt 4.97418833 0.26179940
vt 4.97418833 0.00000000
vt 5.23598766 0.00000000
vt 4.97418833 0.26179940
vt 4.97418833 0.26179940
vt 5.23598766 0.00000000
vt 5.23598766 0.26179940
vt 5.23598766 0.00000000
vt 5.49778700 0.00000000
vt 5.23598766 0.26179940
vt 5.23598766 0.26179940
vt 5.49778700 0.00000000
vt 5.49778700 0.26179940
vt 5.49778700 0.00000000
vt 5.75958633 0.00000000
vt 5.49778700 0.26179940
vt 5.49778700 0.26179940
vt 5.75958633 0.00000000
vt 5.75958633 0.26179940
vt 5.75958633 0.00000000
vt 6.02138615 0.00000000
vt 5.75958633 0.26179940
vt 5.75958633 0.26179940
vt 6.02138615 0.00000000
vt 6.02138615 0.26179940
vt 6.02138615 0.00000000
vt 6.28318548 -0.00000000
vt 6.02138615 0.26179940
vt 6.02138615 0.26179940
vt 6.28318548 -0.00000000
vt 6.28318548 0.26179940
vt 6.28318548 -0.00000000
vt 6.54498482 0.00000000
vt 6.28318548 0.26179940
vt 0.26179940 -3.14159274
vt 0.26179940 -2.87979317
vt 0.52359879 -3.14159274
vt 0.26179940 -2.87979317
vt 0.52359879 -2.87979317
vt 0.52359879 -3.14159274
vt 0.52359879 -3.14159274
vt 0.52359879 -2.87979317
vt 0.78539819 -3.14159274
vt 0.52359879 -2.87979317
vt 0.78539819 -2.87979317
vt 0.78539819 -3.14159274
vt 0.78539819 -3.14159274
vt 0.78539819 -2.87979317
vt 1.04719758 -3.14159274
vt 0.78539819 -2.87979317
vt 1.04719758 -2.87979317
vt 1.04719758 -3.14159274
vt 1.04719758 -3.14159274
vt 1.04719758 -2.87979317
vt 1.30899692 -3.14159274
vt 1.04719758 -2.87979317
vt 1.30899692 -2.87979317
vt 1.30899692 -3.14159274
vt 1.30899692 -3.14159274
vt 1.30899692 -2.87979317
vt 1.57079637 -3.14159274
vt 1.30899692 -2.87979317
vt 1.57079637 -2.87979317
vt 1.57079637 -3.14159274
vt 1.57079637 -3.14159274
vt 1.57079637 -2.87979317
vt 1.83259571 -3.14159274
vt 1.57079637 -2.87979317
vt 1.83259571 -2.87979317
vt 1.83259571 -3.14159274
vt 1.83259571 -3.14159274
vt 1.83259571 -2.87979317
vt 2.09439516 -3.14159274
vt 1.83259571 -2.87979317
vt 2.09439516 -2.87979317
vt 2.09439516 -3.14159274
vt 2.09439516 -3.14159274
vt 2.09439516 -2.87979317
vt 2.35619450 -3.14159274
vt 2.09439516 -2.87979317
vt 2.35619450 -2.87979317
vt 2.35619450 -3.14159274
vt 2.35619450 -3.14159274
vt 2.35619450 -2.87979317
vt 2.61799383 -3.14159274
vt 2.35619450 -2.87979317
vt 2.61799383 -2.87979317
vt 2.61799383 -3.14159274
vt 2.61799383 -3.14159274
vt 2.61799383 -2.87979317
vt 2.87979317 -3.14159274
vt 2.61799383 -2.87979317
vt 2.87979317 -2.87979317
vt 2.87979317 -3.14159274
vt 2.87979317 -3.14159274
vt 2.87979317 -2.87979317
vt 3.14159274 -3.14159274
vt 2.87979317 -2.87979317
vt 3.14159274 -2.87979317
vt 3.14159274 -3.14159274
vt 3.14159274 -3.14159274
vt 3.14159274 -2.87979317
vt 3.40339208 -3.14159274
vt 3.14159274 -2.87979317
vt 3.40339208 -2.87979317
vt 3.40339208 -3.14159274
vt 3.40339208 -3.14159274
vt 3.40339208 -2.87979317
vt 3.66519141 -3.14159274
vt 3.40339208 -2.87979317
vt 3.66519141 -2.87979317
vt 3.66519141 -3.14159274
vt 3.66519141 -3.14159274
vt 3.66519141 -2.87979317
vt 3.92699075 -3.14159274
vt 3.66519141 -2.87979317
vt 3.92699075 -2.87979317
vt 3.92699075 -3.14159274
vt 3.92699075 -3.14159274
vt 3.92699075 -2.87979317
vt 4.18879032 -3.14159274
vt 3.92699075 -2.87979317
vt 4.18879032 -2.87979317
vt 4.18879032 -3.14159274
vt 4.18879032 -3.14159274
vt 4.18879032 -2.87979317
vt 4.45058966 -3.14159274
vt 4.18879032 -2.87979317
vt 4.45058966 -2.87979317
vt 4.45058966 -3.14159274
vt 4.45058966 -3.14159274
vt 4.45058966 -2.87979317
vt 4.71238899 -3.14159274
vt 4.45058966 -2.87979317
vt 4.71238899 -2.87979317
vt 4.71238899 -3.14159274
vt 4.71238899 -3.14159274
vt 4.71238899 -2.87979317
vt 4.97418833 -3.14159274
vt 4.71238899 -2.87979317
vt 4.97418833 -2.87979317
vt 4.97418833 -3.14159274
vt 4.97418833 -3.14159274
vt 4.97418833 -2.87979317
vt 5.23598766 -3.14159274
vt 4.97418833 -2.87979317
vt 5.23598766 -2.87979317
vt 5.23598766 -3.14159274
vt 5.23598766 -3.14159274
vt 5.23598766 -2.87979317
vt 5.49778700 -3.14159274
vt 5.23598766 -2.87979317
vt 5.49778700 -2.87979317
vt 5.49778700 -3.14159274
vt 5.49778700 -3.14159274
vt 5.49778700 -2.87979317
vt 5.75958633 -3.14159274
vt 5.49778700 -2.87979317
vt 5.75958633 -2.87979317
vt 5.75958633 -3.14159274
vt 5.75958633 -3.14159274
vt 5.75958633 -2.87979317
vt 6.02138615 -3.14159274
vt 5.75958633 -2.87979317
vt 6.02138615 -2.87979317
vt 6.02138615 -3.14159274
vt 6.02138615 -3.14159274
vt 6.02138615 -2.87979317
vt 6.28318548 -3.14159274
vt 6.02138615 -2.87979317
vt 6.28318548 -2.87979317
vt 6.28318548 -3.14159274
vt 6.28318548 -3.14159274
vt 6.28318548 -2.87979317
vt 6.54498482 -3.14159274
vt 6.28318548 -2.87979317
vt 6.54498482 -2.87979317
vt 6.54498482 -3.14159274
vt 0.26179940 -2.87979317
vt 0.26179940 -2.61799383
vt 0.52359879 -2.87979317
vt 0.26179940 -2.61799383
vt 0.52359879 -2.61799383
vt 0.52359879 -2.87979317
vt 0.52359879 -2.87979317
vt 0.52359879 -2.61799383
vt 0.78539819 -2.87979317
vt 0.52359879 -2.61799383
vt 0.78539819 -2.61799383
vt 0.78539819 -2.87979317
vt 0.78539819 -2.87979317
vt 0.78539819 -2.61799383
vt 1.04719758 -2.87979317
vt 0.78539819 -2.61799383
vt 1.04719758 -2.61799383
vt 1.04719758 -2.87979317
vt 1.04719758 -2.87979317
vt 1.04719758 -2.61799383
vt 1.30899692 -2.87979317
vt 1.04719758 -2.61799383
vt 1.30899692 -2.61799383
vt 1.30899692 -2.87979317
vt 1.30899692 -2.87979317
vt 1.30899692 -2.61799383
vt 1.57079637 -2.87979317
vt 1.30899692 -2.61799383
vt 1.57079637 -2.61799383
vt 1.57079637 -2.87979317
vt 1.57079637 -2.87979317
vt 1.57079637 -2.61799383
vt 1.83259571 -2.87979317
vt 1.57079637 -2.61799383
vt 1.83259571 -2.61799383
vt 1.83259571 -2.87979317
vt 1.83259571 -2.87979317
vt 1.83259571 -2.61799383
vt 2.09439516 -2.87979317
vt 1.83259571 -2.61799383
vt 2.09439516 -2.61799383
vt 2.09439516 -2.87979317
vt 2.09439516 -2.87979317
vt 2.09439516 -2.61799383
vt 2.35619450 -2.87979317
vt 2.09439516 -2.61799383
vt 2.35619450 -2.61799383
vt 2.35619450 -2.87979317
vt 2.35619450 -2.87979317
vt 2.35619450 -2.61799383
vt 2.61799383 -2.87979317
vt 2.35619450 -2.61799383
vt 2.61799383 -2.61799383
vt 2.61799383 -2.87979317
vt 2.61799383 -2.87979317
vt 2.61799383 -2.61799383
vt 2.87979317 -2.87979317
vt 2.61799383 -2.61799383
vt 2.87979317 -2.61799383
vt 2.87979317 -2.87979317
vt 2.87979317 -2.87979317
vt 2.87979317 -2.61799383
vt 3.14159274 -2.87979317
vt 2.87979317 -2.61799383
vt 3.14159274 -2.61799383
vt 3.14159274 -2.87979317
vt 3.14159274 -2.87979317
vt 3.14159274 -2.61799383
vt 3.40339208 -2.87979317
vt 3.14159274 -2.61799383
vt 3.40339208 -2.61799383
vt 3.40339208 -2.87979317
vt 3.40339208 -2.87979317
vt 3.40339208 -2.61799383
vt 3.66519141 -2.87979317
vt 3.40339208 -2.61799383
vt 3.66519141 -2.61799383
vt 3.66519141 -2.87979317
vt 3.66519141 -2.87979317
vt 3.66519141 -2.61799383
vt 3.92699075 -2.87979317
vt 3.66519141 -2.61799383
vt 3.92699075 -2.61799383
vt 3.92699075 -2.87979317
vt 3.92699075 -2.87979317
vt 3.92699075 -2.61799383
vt 4.18879032 -2.87979317
vt 3.92699075 -2.61799383
vt 4.18879032 -2.61799383
vt 4.18879032 -2.87979317
vt 4.18879032 -2.87979317
vt 4.18879032 -2.61799383
vt 4.45058966 -2.87979317
vt 4.18879032 -2.61799383
vt 4.45058966 -2.61799383
vt 4.45058966 -2.87979317
vt 4.45058966 -2.87979317
vt 4.45058966 -2.61799383
vt 4.71238899 -2.87979317
vt 4.45058966 -2.61799383
vt 4.71238899 -2.61799383
vt 4.71238899 -2.87979317
vt 4.71238899 -2.87979317
vt 4.71238899 -2.61799383
vt 4.97418833 -2.87979317
vt 4.71238899 -2.61799383
vt 4.97418833 -2.61799383
vt 4.97418833 -2.87979317
vt 4.97418833 -2.87979317
vt 4.97418833 -2.61799383
vt 5.23598766 -2.87979317
vt 4.97418833 -2.61799383
vt 5.23598766 -2.61799383
vt 5.23598766 -2.87979317
vt 5.23598766 -2.87979317
vt 5.23598766 -2.61799383
vt 5.49778700 -2.87979317
vt 5.23598766 -2.61799383
vt 5.49778700 -2.61799383
vt 5.49778700 -2.87979317
vt 5.49778700 -2.87979317
vt 5.49778700 -2.61799383
vt 5.75958633 -2.87979317
vt 5.49778700 -2.61799383
vt 5.75958633 -2.61799383
vt 5.75958633 -2.87979317
vt 5.75958633 -2.87979317
vt 5.75958633 -2.61799383
vt 6.02138615 -2.87979317
vt 5.75958633 -2.61799383
vt 6.02138615 -2.61799383
vt 6.02138615 -2.87979317
vt 6.02138615 -2.87979317
vt 6.02138615 -2.61799383
vt 6.28318548 -2.87979317
vt 6.02138615 -2.61799383
vt 6.28318548 -2.61799383
vt 6.28318548 -2.87979317
vt 6.28318548 -2.87979317
vt 6.28318548 -2.61799383
vt 6.54498482 -2.87979317
vt 6.28318548 -2.61799383
vt 6.54498482 -2.61799383
vt 6.54498482 -2.87979317
vt 0.26179940 -2.61799383
vt 0.26179940 -2.35619450
vt 0.52359879 -2.61799383
vt 0.26179940 -2.35619450
vt 0.52359879 -2.35619450
vt 0.52359879 -2.61799383
vt 0.52359879 -2.61799383
vt 0.52359879 -2.35619450
vt 0.78539819 -2.61799383
vt 0.52359879 -2.35619450
vt 0.78539819 -2.35619450
vt 0.78539819 -2.61799383
vt 0.78539819 -2.61799383
vt 0.78539819 -2.35619450
vt 1.04719758 -2.61799383
vt 0.78539819 -2.35619450
vt 1.04719758 -2.35619450
vt 1.04719758 -2.61799383
vt 1.04719758 -2.61799383
vt 1.04719758 -2.35619450
vt 1.30899692 -2.61799383
vt 1.04719758 -2.35619450
vt 1.30899692 -2.35619450
vt 1.30899692 -2.61799383
vt 1.30899692 -2.61799383
vt 1.30899692 -2.35619450
vt 1.57079637 -2.61799383
vt 1.30899692 -2.35619450
vt 1.57079637 -2.35619450
vt 1.57079637 -2.61799383
vt 1.57079637 -2.61799383
vt 1.57079637 -2.35619450
vt 1.83259571 -2.61799383
vt 1.57079637 -2.35619450
vt 1.83259571 -2.35619450
vt 1.83259571 -2.61799383
vt 1.83259571 -2.61799383
vt 1.83259571 -2.35619450
vt 2.09439516 -2.61799383
vt 1.83259571 -2.35619450
vt 2.09439516 -2.35619450
vt 2.09439516 -2.61799383
vt 2.09439516 -2.61799383
vt 2.09439516 -2.35619450
vt 2.35619450 -2.61799383
vt 2.09439516 -2.35619450
vt 2.35619450 -2.35619450
vt 2.35619450 -2.61799383
vt 2.35619450 -2.61799383
vt 2.35619450 -2.35619450
vt 2.61799383 -2.61799383
vt 2.35619450 -2.35619450
vt 2.61799383 -2.35619450
vt 2.61799383 -2.61799383
vt 2.61799383 -2.61799383
vt 2.61799383 -2.35619450
vt 2.87979317 -2.61799383
vt 2.61799383 -2.35619450
vt 2.87979317 -2.35619450
vt 2.87979317 -2.61799383
vt 2.87979317 -2.61799383
vt 2.87979317 -2.35619450
vt 3.14159274 -2.61799383
vt 2.87979317 -2.35619450
vt 3.14159274 -2.35619450
vt 3.14159274 -2.61799383
vt 3.14159274 -2.61799383
vt 3.14159274 -2.35619450
vt 3.40339208 -2.61799383
vt 3.14159274 -2.35619450
vt 3.40339208 -2.35619450
vt 3.40339208 -2.61799383
vt 3.40339208 -2.61799383
vt 3.40339208 -2.35619450
vt 3.66519141 -2.61799383
vt 3.40339208 -2.35619450
vt 3.66519141 -2.35619450
vt 3.66519141 -2.61799383
vt 3.66519141 -2.61799383
vt 3.66519141 -2.35619450
vt 3.92699075 -2.61799383
vt 3.66519141 -2.35619450
vt 3.92699075 -2.35619450
vt 3.92699075 -2.61799383
vt 3.92699075 -2.61799383
vt 3.92699075 -2.35619450
vt 4.18879032 -2.61799383
vt 3.92699075 -2.35619450
vt 4.18879032 -2.35619450
vt 4.18879032 -2.61799383
vt 4.18879032 -2.61799383
vt 4.18879032 -2.35619450
vt 4.45058966 -2.61799383
vt 4.18879032 -2.35619450
vt 4.45058966 -2.35619450
vt 4.45058966 -2.61799383
vt 4.45058966 -2.61799383
vt 4.45058966 -2.35619450
vt 4.71238899 -2.61799383
vt 4.45058966 -2.35619450
vt 4.71238899 -2.35619450
vt 4.71238899 -2.61799383
vt 4.71238899 -2.61799383
vt 4.71238899 -2.35619450
vt 4.97418833 -2.61799383
vt 4.71238899 -2.35619450
vt 4.97418833 -2.35619450
vt 4.97418833 -2.61799383
vt 4.97418833 -2.61799383
vt 4.97418833 -2.35619450
vt 5.23598766 -2.61799383
vt 4.97418833 -2.35619450
vt 5.23598766 -2.35619450
vt 5.23598766 -2.61799383
vt 5.23598766 -2.61799383
vt 5.23598766 -2.35619450
vt 5.49778700 -2.61799383
vt 5.23598766 -2.35619450
vt 5.49778700 -2.35619450
vt 5.49778700 -2.61799383
vt 5.49778700 -2.61799383
vt 5.49778700 -2.35619450
vt 5.75958633 -2.61799383
vt 5.49778700 -2.35619450
vt 5.75958633 -2.35619450
vt 5.75958633 -2.61799383
vt 5.75958633 -2.61799383
vt 5.75958633 -2.35619450
vt 6.02138615 -2.61799383
vt 5.75958633 -2.35619450
vt 6.02138615 -2.35619450
vt 6.02138615 -2.61799383
vt 6.02138615 -2.61799383
vt 6.02138615 -2.35619450
vt 6.28318548 -2.61799383
vt 6.02138615 -2.35619450
vt 6.28318548 -2.35619450
vt 6.28318548 -2.61799383
vt 6.28318548 -2.61799383
vt 6.28318548 -2.35619450
vt 6.54498482 -2.61799383
vt 6.28318548 -2.35619450
vt 6.54498482 -2.35619450
vt 6.54498482 -2.61799383
vt 0.26179940 -2.35619450
vt 0.26179940 -2.09439516
vt 0.52359879 -2.35619450
vt 0.26179940 -2.09439516
vt 0.52359879 -2.09439516
vt 0.52359879 -2.35619450
vt 0.52359879 -2.35619450
vt 0.52359879 -2.09439516
vt 0.78539819 -2.35619450
vt 0.52359879 -2.09439516
vt 0.78539819 -2.09439516
vt 0.78539819 -2.35619450
vt 0.78539819 -2.35619450
vt 0.78539819 -2.09439516
vt 1.04719758 -2.35619450
vt 0.78539819 -2.09439516
vt 1.04719758 -2.09439516
vt 1.04719758 -2.35619450
vt 1.04719758 -2.35619450
vt 1.04719758 -2.09439516
vt 1.30899692 -2.35619450
vt 1.04719758 -2.09439516
vt 1.30899692 -2.09439516
vt 1.30899692 -2.35619450
vt 1.30899692 -2.35619450
vt 1.30899692 -2.09439516
vt 1.57079637 -2.35619450
vt 1.30899692 -2.09439516
vt 1.57079637 -2.09439516
vt 1.57079637 -2.35619450
vt 1.57079637 -2.35619450
vt 1.57079637 -2.09439516
vt 1.83259571 -2.35619450
vt 1.57079637 -2.09439516
vt 1.83259571 -2.09439516
vt 1.83259571 -2.35619450
vt 1.83259571 -2.35619450
vt 1.83259571 -2.09439516
vt 2.09439516 -2.35619450
vt 1.83259571 -2.09439516
vt 2.09439516 -2.09439516
vt 2.09439516 -2.35619450
vt 2.09439516 -2.35619450
vt 2.09439516 -2.09439516
vt 2.35619450 -2.35619450
vt 2.09439516 -2.09439516
vt 2.35619450 -2.09439516
vt 2.35619450 -2.35619450
vt 2.35619450 -2.35619450
vt 2.35619450 -2.09439516
vt 2.61799383 -2.35619450
vt 2.35619450 -2.09439516
vt 2.61799383 -2.09439516
vt 2.61799383 -2.35619450
vt 2.61799383 -2.35619450
vt 2.61799383 -2.09439516
vt 2.87979317 -2.35619450
vt 2.61799383 -2.09439516
vt 2.87979317 -2.09439516
vt 2.87979317 -2.35619450
vt 2.87979317 -2.35619450
vt 2.87979317 -2.09439516
vt 3.14159274 -2.35619450
vt 2.87979317 -2.09439516
vt 3.14159274 -2.09439516
vt 3.14159274 -2.35619450
vt 3.14159274 -2.35619450
vt 3.14159274 -2.09439516
vt 3.40339208 -2.35619450
vt 3.14159274 -2.09439516
vt 3.40339208 -2.09439516
vt 3.40339208 -2.35619450
vt 3.40339208 -2.35619450
vt 3.40339208 -2.09439516
vt 3.66519141 -2.35619450
vt 3.40339208 -2.09439516
vt 3.66519141 -2.09439516
vt 3.66519141 -2.35619450
vt 3.66519141 -2.35619450
vt 3.66519141 -2.09439516
vt 3.92699075 -2.35619450
vt 3.66519141 -2.09439516
vt 3.92699075 -2.09439516
vt 3.92699075 -2.35619450
vt 3.92699075 -2.35619450
vt 3.92699075 -2.09439516
vt 4.18879032 -2.35619450
vt 3.92699075 -2.09439516
vt 4.18879032 -2.09439516
vt 4.18879032 -2.35619450
vt 4.18879032 -2.35619450
vt 4.18879032 -2.09439516
vt 4.45058966 -2.35619450
vt 4.18879032 -2.09439516
vt 4.45058966 -2.09439516
vt 4.45058966 -2.35619450
vt 4.45058966 -2.35619450
vt 4.45058966 -2.09439516
vt 4.71238899 -2.35619450
vt 4.45058966 -2.09439516
vt 4.71238899 -2.09439516
vt 4.71238899 -2.35619450
vt 4.71238899 -2.35619450
vt 4.71238899 -2.09439516
vt 4.97418833 -2.35619450
vt 4.71238899 -2.09439516
vt 4.97418833 -2.09439516
vt 4.97418833 -2.35619450
vt 4.97418833 -2.35619450
vt 4.97418833 -2.09439516
vt 5.23598766 -2.35619450
vt 4.97418833 -2.09439516
vt 5.23598766 -2.09439516
vt 5.23598766 -2.35619450
vt 5.23598766 -2.35619450
vt 5.23598766 -2.09439516
vt 5.49778700 -2.35619450
vt 5.23598766 -2.09439516
vt 5.49778700 -2.09439516
vt 5.49778700 -2.35619450
vt 5.49778700 -2.35619450
vt 5.49778700 -2.09439516
vt 5.75958633 -2.35619450
vt 5.49778700 -2.09439516
vt 5.75958633 -2.09439516
vt 5.75958633 -2.35619450
vt 5.75958633 -2.35619450
vt 5.75958633 -2.09439516
vt 6.02138615 -2.35619450
vt 5.75958633 -2.09439516
vt 6.02138615 -2.09439516
vt 6.02138615 -2.35619450
vt 6.02138615 -2.35619450
vt 6.02138615 -2.09439516
vt 6.28318548 -2.35619450
vt 6.02138615 -2.09439516
vt 6.28318548 -2.09439516
vt 6.28318548 -2.35619450
vt 6.28318548 -2.35619450
vt 6.28318548 -2.09439516
vt 6.54498482 -2.35619450
vt 6.28318548 -2.09439516
vt 6.54498482 -2.09439516
vt 6.54498482 -2.35619450
vt 0.26179940 -2.09439516
vt 0.26179940 -1.83259571
vt 0.52359879 -2.09439516
vt 0.26179940 -1.83259571
vt 0.52359879 -1.83259571
vt 0.52359879 -2.09439516
vt 0.52359879 -2.09439516
vt 0.52359879 -1.83259571
vt 0.78539819 -2.09439516
vt 0.52359879 -1.83259571
vt 0.78539819 -1.83259571
vt 0.78539819 -2.09439516
vt 0.78539819 -2.09439516
vt 0.78539819 -1.83259571
vt 1.04719758 -2.09439516
vt 0.78539819 -1.83259571
vt 1.04719758 -1.83259571
vt 1.04719758 -2.09439516
vt 1.04719758 -2.09439516
vt 1.04719758 -1.83259571
vt 1.30899692 -2.09439516
vt 1.04719758 -1.83259571
vt 1.30899692 -1.83259571
vt 1.30899692 -2.09439516
vt 1.30899692 -2.09439516
vt 1.30899692 -1.83259571
vt 1.57079637 -2.09439516
vt 1.30899692 -1.83259571
vt 1.57079637 -1.83259571
vt 1.57079637 -2.09439516
vt 1.57079637 -2.09439516
vt 1.57079637 -1.83259571
vt 1.83259571 -2.09439516
vt 1.57079637 -1.83259571
vt 1.83259571 -1.83259571
vt 1.83259571 -2.09439516
vt 1.83259571 -2.09439516
vt 1.83259571 -1.83259571
vt 2.09439516 -2.09439516
vt 1.83259571 -1.83259571
vt 2.09439516 -1.83259571
vt 2.09439516 -2.09439516
vt 2.09439516 -2.09439516
vt 2.09439516 -1.83259571
vt 2.35619450 -2.09439516
vt 2.09439516 -1.83259571
vt 2.35619450 -1.83259571
vt 2.35619450 -2.09439516
vt 2.35619450 -2.09439516
vt 2.35619450 -1.83259571
vt 2.61799383 -2.09439516
vt 2.35619450 -1.83259571
vt 2.61799383 -1.83259571
vt 2.61799383 -2.09439516
vt 2.61799383 -2.09439516
vt 2.61799383 -1.83259571
vt 2.87979317 -2.09439516
vt 2.61799383 -1.83259571
vt 2.87979317 -1.83259571
vt 2.87979317 -2.09439516
vt 2.87979317 -2.09439516
vt 2.87979317 -1.83259571
vt 3.14159274 -2.09439516
vt 2.87979317 -1.83259571
vt 3.14159274 -1.83259571
vt 3.14159274 -2.09439516
vt 3.14159274 -2.09439516
vt 3.14159274 -1.83259571
vt 3.40339208 -2.09439516
vt 3.14159274 -1.83259571
vt 3.40339208 -1.83259571
vt 3.40339208 -2.09439516
vt 3.40339208 -2.09439516
vt 3.40339208 -1.83259571
vt 3.66519141 -2.09439516
vt 3.40339208 -1.83259571
vt 3.66519141 -1.83259571
vt 3.66519141 -2.09439516
vt 3.66519141 -2.09439516
vt 3.66519141 -1.83259571
vt 3.92699075 -2.09439516
vt 3.66519141 -1.83259571
vt 3.92699075 -1.83259571
vt 3.92699075 -2.09439516
vt 3.92699075 -2.09439516
vt 3.92699075 -1.83259571
vt 4.18879032 -2.09439516
vt 3.92699075 -1.83259571
vt 4.18879032 -1.83259571
vt 4.18879032 -2.09439516
vt 4.18879032 -2.09439516
vt 4.18879032 -1.83259571
vt 4.45058966 -2.09439516
vt 4.18879032 -1.83259571
vt 4.45058966 -1.83259571
vt 4.45058966 -2.09439516
vt 4.45058966 -2.09439516
vt 4.45058966 -1.83259571
vt 4.71238899 -2.09439516
vt 4.45058966 -1.83259571
vt 4.71238899 -1.83259571
vt 4.71238899 -2.09439516
vt 4.71238899 -2.09439516
vt 4.71238899 -1.83259571
vt 4.97418833 -2.09439516
vt 4.71238899 -1.83259571
vt 4.97418833 -1.83259571
vt 4.97418833 -2.09439516
vt 4.97418833 -2.09439516
vt 4.97418833 -1.83259571
vt 5.23598766 -2.09439516
vt 4.97418833 -1.83259571
vt 5.23598766 -1.83259571
vt 5.23598766 -2.09439516
vt 5.23598766 -2.09439516
vt 5.23598766 -1.83259571
vt 5.49778700 -2.09439516
vt 5.23598766 -1.83259571
vt 5.49778700 -1.83259571
vt 5.49778700 -2.09439516
vt 5.49778700 -2.09439516
vt 5.49778700 -1.83259571
vt 5.75958633 -2.09439516
vt 5.49778700 -1.83259571
vt 5.75958633 -1.83259571
vt 5.75958633 -2.09439516
vt 5.75958633 -2.09439516
vt 5.75958633 -1.83259571
vt 6.02138615 -2.09439516
vt 5.75958633 -1.83259571
vt 6.02138615 -1.83259571
vt 6.02138615 -2.09439516
vt 6.02138615 -2.09439516
vt 6.02138615 -1.83259571
vt 6.28318548 -2.09439516
vt 6.02138615 -1.83259571
vt 6.28318548 -1.83259571
vt 6.28318548 -2.09439516
vt 6.28318548 -2.09439516
vt 6.28318548 -1.83259571
vt 6.54498482 -2.09439516
vt 6.28318548 -1.83259571
vt 6.54498482 -1.83259571
vt 6.54498482 -2.09439516
vt 0.26179940 -1.83259571
vt 0.26179940 -1.57079637
vt 0.52359879 -1.83259571
vt 0.26179940 -1.57079637
vt 0.52359879 -1.57079637
vt 0.52359879 -1.83259571
vt 0.52359879 -1.83259571
vt 0.52359879 -1.57079637
vt 0.78539819 -1.83259571
vt 0.52359879 -1.57079637
vt 0.78539819 -1.57079637
vt 0.78539819 -1.83259571
vt 0.78539819 -1.83259571
vt 0.78539819 -1.57079637
vt 1.04719758 -1.83259571
vt 0.78539819 -1.57079637
vt 1.04719758 -1.57079637
vt 1.04719758 -1.83259571
vt 1.04719758 -1.83259571
vt 1.04719758 -1.57079637
vt 1.30899692 -1.83259571
vt 1.04719758 -1.57079637
vt 1.30899692 -1.57079637
vt 1.30899692 -1.83259571
vt 1.30899692 -1.83259571
vt 1.30899692 -1.57079637
vt 1.57079637 -1.83259571
vt 1.30899692 -1.57079637
vt 1.57079637 -1.57079637
vt 1.57079637 -1.83259571
vt 1.57079637 -1.83259571
vt 1.57079637 -1.57079637
vt 1.83259571 -1.83259571
vt 1.57079637 -1.57079637
vt 1.83259571 -1.57079637
vt 1.83259571 -1.83259571
vt 1.83259571 -1.83259571
vt 1.83259571 -1.57079637
vt 2.09439516 -1.83259571
vt 1.83259571 -1.57079637
vt 2.09439516 -1.57079637
vt 2.09439516 -1.83259571
vt 2.09439516 -1.83259571
vt 2.09439516 -1.57079637
vt 2.35619450 -1.83259571
vt 2.09439516 -1.57079637
vt 2.35619450 -1.57079637
vt 2.35619450 -1.83259571
vt 2.35619450 -1.83259571
vt 2.35619450 -1.57079637
vt 2.61799383 -1.83259571
vt 2.35619450 -1.57079637
vt 2.61799383 -1.57079637
vt 2.61799383 -1.83259571
vt 2.61799383 -1.83259571
vt 2.61799383 -1.57079637
vt 2.87979317 -1.83259571
vt 2.61799383 -1.57079637
vt 2.87979317 -1.57079637
vt 2.87979317 -1.83259571
vt 2.87979317 -1.83259571
vt 2.87979317 -1.57079637
vt 3.14159274 -1.83259571
vt 2.87979317 -1.57079637
vt 3.14159274 -1.57079637
vt 3.14159274 -1.83259571
vt 3.14159274 -1.83259571
vt 3.14159274 -1.57079637
vt 3.40339208 -1.83259571
vt 3.14159274 -1.57079637
vt 3.40339208 -1.57079637
vt 3.40339208 -1.83259571
vt 3.40339208 -1.83259571
vt 3.40339208 -1.57079637
vt 3.66519141 -1.83259571
vt 3.40339208 -1.57079637
vt 3.66519141 -1.57079637
vt 3.66519141 -1.83259571
vt 3.66519141 -1.83259571
vt 3.66519141 -1.57079637
vt 3.92699075 -1.83259571
vt 3.66519141 -1.57079637
vt 3.92699075 -1.57079637
vt 3.92699075 -1.83259571
vt 3.92699075 -1.83259571
vt 3.92699075 -1.57079637
vt 4.18879032 -1.83259571
vt 3.92699075 -1.57079637
vt 4.18879032 -1.57079637
vt 4.18879032 -1.83259571
vt 4.18879032 -1.83259571
vt 4.18879032 -1.57079637
vt 4.45058966 -1.83259571
vt 4.18879032 -1.57079637
vt 4.45058966 -1.57079637
vt 4.45058966 -1.83259571
vt 4.45058966 -1.83259571
vt 4.45058966 -1.57079637
vt 4.71238899 -1.83259571
vt 4.45058966 -1.57079637
vt 4.71238899 -1.57079637
vt 4.71238899 -1.83259571
vt 4.71238899 -1.83259571
vt 4.71238899 -1.57079637
vt 4.97418833 -1.83259571
vt 4.71238899 -1.57079637
vt 4.97418833 -1.57079637
vt 4.97418833 -1.83259571
vt 4.97418833 -1.83259571
vt 4.97418833 -1.57079637
vt 5.23598766 -1.83259571
vt 4.97418833 -1.57079637
vt 5.23598766 -1.57079637
vt 5.23598766 -1.83259571
vt 5.23598766 -1.83259571
vt 5.23598766 -1.57079637
vt 5.49778700 -1.83259571
vt 5.23598766 -1.57079637
vt 5.49778700 -1.57079637
vt 5.49778700 -1.83259571
vt 5.49778700 -1.83259571
vt 5.49778700 -1.57079637
vt 5.75958633 -1.83259571
vt 5.49778700 -1.57079637
vt 5.75958633 -1.57079637
vt 5.75958633 -1.83259571
vt 5.75958633 -1.83259571
vt 5.75958633 -1.57079637
vt 6.02138615 -1.83259571
vt 5.75958633 -1.57079637
vt 6.02138615 -1.57079637
vt 6.02138615 -1.83259571
vt 6.02138615 -1.83259571
vt 6.02138615 -1.57079637
vt 6.28318548 -1.83259571
vt 6.02138615 -1.57079637
vt 6.28318548 -1.57079637
vt 6.28318548 -1.83259571
vt 6.28318548 -1.83259571
vt 6.28318548 -1.57079637
vt 6.54498482 -1.83259571
vt 6.28318548 -1.57079637
vt 6.54498482 -1.57079637
vt 6.54498482 -1.83259571
vt -0.00000000 -0.03200000
vt 0.26179940 -0.03675000
vt 0.26179940 -0.03200000
vt 0.26179940 -0.03675000
vt 0.52359879 -0.03675000
vt 0.26179940 -0.03200000
vt 0.26179940 -0.03200000
vt 0.52359879 -0.03675000
vt 0.52359879 -0.03200000
vt 0.52359879 -0.03675000
vt 0.78539819 -0.03675000
vt 0.52359879 -0.03200000
vt 0.52359879 -0.03200000
vt 0.78539819 -0.03675000
vt 0.78539819 -0.03200000
vt 0.78539819 -0.03675000
vt 1.04719758 -0.03675000
vt 0.78539819 -0.03200000
vt 0.78539819 -0.03200000
vt 1.04719758 -0.03675000
vt 1.04719758 -0.03200000
vt 1.04719758 -0.03675000
vt 1.30899692 -0.03675000
vt 1.04719758 -0.03200000
vt 1.04719758 -0.03200000
vt 1.30899692 -0.03675000
vt 1.30899692 -0.03200000
vt 1.30899692 -0.03675000
vt 1.57079637 -0.03675000
vt 1.30899692 -0.03200000
vt 1.30899692 -0.03200000
vt 1.57079637 -0.03675000
vt 1.57079637 -0.03200000
vt 1.57079637 -0.03675000
vt 1.83259571 -0.03675000
vt 1.57079637 -0.03200000
vt 1.57079637 -0.03200000
vt 1.83259571 -0.03675000
vt 1.83259571 -0.03200000
vt 1.83259571 -0.03675000
vt 2.09439516 -0.03675000
vt 1.83259571 -0.03200000
vt 1.83259571 -0.03200000
vt 2.09439516 -0.03675000
vt 2.09439516 -0.03200000
vt 2.09439516 -0.03675000
vt 2.35619450 -0.03675000
vt 2.09439516 -0.03200000
vt 2.09439516 -0.03200000
vt 2.35619450 -0.03675000
vt 2.35619450 -0.03200000
vt 2.35619450 -0.03675000
vt 2.61799383 -0.03675000
vt 2.35619450 -0.03200000
vt 2.35619450 -0.03200000
vt 2.61799383 -0.03675000
vt 2.61799383 -0.03200000
vt 2.61799383 -0.03675000
vt 2.87979317 -0.03675000
vt 2.61799383 -0.03200000
vt 2.61799383 -0.03200000
vt 2.87979317 -0.03675000
vt 2.87979317 -0.03200000
vt 2.87979317 -0.03675000
vt 3.14159274 -0.03675000
vt 2.87979317 -0.03200000
vt 2.87979317 -0.03200000
vt 3.14159274 -0.03675000
vt 3.14159274 -0.03200000
vt 3.14159274 -0.03675000
vt 3.40339208 -0.03675000
vt 3.14159274 -0.03200000
vt 3.14159274 -0.03200000
vt 3.40339208 -0.03675000
vt 3.40339208 -0.03200000
vt 3.40339208 -0.03675000
vt 3.66519141 -0.03675000
vt 3.40339208 -0.03200000
vt 3.40339208 -0.03200000
vt 3.66519141 -0.03675000
vt 3.66519141 -0.03200000
vt 3.66519141 -0.03675000
vt 3.92699075 -0.03675000
vt 3.66519141 -0.03200000
vt 3.66519141 -0.03200000
vt 3.92699075 -0.03675000
vt 3.92699075 -0.03200000
vt 3.92699075 -0.03675000
vt 4.18879032 -0.03675000
vt 3.92699075 -0.03200000
vt 3.92699075 -0.03200000
vt 4.18879032 -0.03675000
vt 4.18879032 -0.03200000
vt 4.18879032 -0.03675000
vt 4.45058966 -0.03675000
vt 4.18879032 -0.03200000
vt 4.18879032 -0.03200000
vt 4.45058966 -0.03675000
vt 4.45058966 -0.03200000
vt 4.45058966 -0.03675000
vt 4.71238899 -0.03675000
vt 4.45058966 -0.03200000
vt 4.45058966 -0.03200000
vt 4.71238899 -0.03675000
vt 4.71238899 -0.03200000
vt 4.71238899 -0.03675000
vt 4.97418833 -0.03675000
vt 4.71238899 -0.03200000
vt 4.71238899 -0.03200000
vt 4.97418833 -0.03675000
vt 4.97418833 -0.03200000
vt 4.97418833 -0.03675000
vt 5.23598766 -0.03675000
vt 4.97418833 -0.03200000
vt 4.97418833 -0.03200000
vt 5.23598766 -0.03675000
vt 5.23598766 -0.03200000
vt 5.23598766 -0.03675000
vt 5.49778700 -0.03675000
vt 5.23598766 -0.03200000
vt 5.23598766 -0.03200000
vt 5.49778700 -0.03675000
vt 5.49778700 -0.03200000
vt 5.49778700 -0.03675000
vt 5.75958633 -0.03675000
vt 5.49778700 -0.03200000
vt 5.49778700 -0.03200000
vt 5.75958633 -0.03675000
vt 5.75958633 -0.03200000
vt 5.75958633 -0.03675000
vt 6.02138615 -0.03675000
vt 5.75958633 -0.03200000
vt 5.75958633 -0.03200000
vt 6.02138615 -0.03675000
vt 6.02138615 -0.03200000
vt 6.02138615 -0.03675000
vt 6.28318548 -0.03675000
vt 6.02138615 -0.03200000
vt 6.02138615 -0.03200000
vt 6.28318548 -0.03675000
vt 6.28318548 -0.03200000
vt 6.28318548 -0.03675000
vt 6.54498482 -0.03675000
vt 6.28318548 -0.03200000
vt 0.00000000 -0.03695000
vt 0.26179940 -0.04075000
vt 0.26179940 -0.03695000
vt 0.26179940 -0.04075000
vt 0.52359879 -0.04075000
vt 0.26179940 -0.03695000
vt 0.26179940 -0.03695000
vt 0.52359879 -0.04075000
vt 0.52359879 -0.03695000
vt 0.52359879 -0.04075000
vt 0.78539819 -0.04075000
vt 0.52359879 -0.03695000
vt 0.52359879 -0.03695000
vt 0.78539819 -0.04075000
vt 0.78539819 -0.03695000
vt 0.78539819 -0.04075000
vt 1.04719758 -0.04075000
vt 0.78539819 -0.03695000
vt 0.78539819 -0.03695000
vt 1.04719758 -0.04075000
vt 1.04719758 -0.03695000
vt 1.04719758 -0.04075000
vt 1.30899692 -0.04075000
vt 1.04719758 -0.03695000
vt 1.04719758 -0.03695000
vt 1.30899692 -0.04075000
vt 1.30899692 -0.03695000
vt 1.30899692 -0.04075000
vt 1.57079637 -0.04075000
vt 1.30899692 -0.03695000
vt 1.30899692 -0.03695000
vt 1.57079637 -0.04075000
vt 1.57079637 -0.03695000
vt 1.57079637 -0.04075000
vt 1.83259571 -0.04075000
vt 1.57079637 -0.03695000
vt 1.57079637 -0.03695000
vt 1.83259571 -0.04075000
vt 1.83259571 -0.03695000
vt 1.83259571 -0.04075000
vt 2.09439516 -0.04075000
vt 1.83259571 -0.03695000
vt 1.83259571 -0.03695000
vt 2.09439516 -0.04075000
vt 2.09439516 -0.03695000
vt 2.09439516 -0.04075000
vt 2.35619450 -0.04075000
vt 2.09439516 -0.03695000
vt 2.09439516 -0.03695000
vt 2.35619450 -0.04075000
vt 2.35619450 -0.03695000
vt 2.35619450 -0.04075000
vt 2.61799383 -0.04075000
vt 2.35619450 -0.03695000
vt 2.35619450 -0.03695000
vt 2.61799383 -0.04075000
vt 2.61799383 -0.03695000
vt 2.61799383 -0.04075000
vt 2.87979317 -0.04075000
vt 2.61799383 -0.03695000
vt 2.61799383 -0.03695000
vt 2.87979317 -0.04075000
vt 2.87979317 -0.03695000
vt 2.87979317 -0.04075000
vt 3.14159274 -0.04075000
vt 2.87979317 -0.03695000
vt 2.87979317 -0.03695000
vt 3.14159274 -0.04075000
vt 3.14159274 -0.03695000
vt 3.14159274 -0.04075000
vt 3.40339208 -0.04075000
vt 3.14159274 -0.03695000
vt 3.14159274 -0.03695000
vt 3.40339208 -0.04075000
vt 3.40339208 -0.03695000
vt 3.40339208 -0.04075000
vt 3.66519141 -0.04075000
vt 3.40339208 -0.03695000
vt 3.40339208 -0.03695000
vt 3.66519141 -0.04075000
vt 3.66519141 -0.03695000
vt 3.66519141 -0.04075000
vt 3.92699075 -0.04075000
vt 3.66519141 -0.03695000
vt 3.66519141 -0.03695000
vt 3.92699075 -0.04075000
vt 3.92699075 -0.03695000
vt 3.92699075 -0.04075000
vt 4.18879032 -0.04075000
vt 3.92699075 -0.03695000
vt 3.92699075 -0.03695000
vt 4.18879032 -0.04075000
vt 4.18879032 -0.03695000
vt 4.18879032 -0.04075000
vt 4.45058966 -0.04075000
vt 4.18879032 -0.03695000
vt 4.18879032 -0.03695000
vt 4.45058966 -0.04075000
vt 4.45058966 -0.03695000
vt 4.45058966 -0.04075000
vt 4.71238899 -0.04075000
vt 4.45058966 -0.03695000
vt 4.45058966 -0.03695000
vt 4.71238899 -0.04075000
vt 4.71238899 -0.03695000
vt 4.71238899 -0.04075000
vt 4.97418833 -0.04075000
vt 4.71238899 -0.03695000
vt 4.71238899 -0.03695000
vt 4.97418833 -0.04075000
vt 4.97418833 -0.03695000
vt 4.97418833 -0.04075000
vt 5.23598766 -0.04075000
vt 4.97418833 -0.03695000
vt 4.97418833 -0.03695000
vt 5.23598766 -0.04075000
vt 5.23598766 -0.03695000
vt 5.23598766 -0.04075000
vt 5.49778700 -0.04075000
vt 5.23598766 -0.03695000
vt 5.23598766 -0.03695000
vt 5.49778700 -0.04075000
vt 5.49778700 -0.03695000
vt 5.49778700 -0.04075000
vt 5.75958633 -0.04075000
vt 5.49778700 -0.03695000
vt 5.49778700 -0.03695000
vt 5.75958633 -0.04075000
vt 5.75958633 -0.03695000
vt 5.75958633 -0.04075000
vt 6.02138615 -0.04075000
vt 5.75958633 -0.03695000
vt 5.75958633 -0.03695000
vt 6.02138615 -0.04075000
vt 6.02138615 -0.03695000
vt 6.02138615 -0.04075000
vt 6.28318548 -0.04075000
vt 6.02138615 -0.03695000
vt 6.02138615 -0.03695000
vt 6.28318548 -0.04075000
vt 6.28318548 -0.03695000
vt 6.28318548 -0.04075000
vt 6.54498482 -0.04075000
vt 6.28318548 -0.03695000
vt 0.00000000 0.00235790
vt -0.00250000 0.00235790
vt 0.00000000 0.00117895
vt -0.00250000 0.00235790
vt -0.00250000 0.00000000
vt 0.00000000 0.00117895
vt 0.00000000 0.00117895
vt -0.00250000 0.00000000
vt 0.00000000 0.00000000
vt -0.00000000 0.00235790
vt -0.00250000 0.00235790
vt -0.00000000 0.00117895
vt -0.00250000 0.00235790
vt -0.00250000 -0.00000000
vt -0.00000000 0.00117895
vt -0.00000000 0.00117895
vt -0.00250000 -0.00000000
vt 0.00000000 -0.00000000
vt 0.00000000 0.00000000
vt 0.00000000 0.00250000
vt 0.00117895 -0.00000000
vt 0.00000000 0.00250000
vt 0.00235790 0.00250000
vt 0.00117895 -0.00000000
vt 0.00117895 -0.00000000
vt 0.00235790 0.00250000
vt 0.00235790 -0.00000000
vt 0.00000000 0.00000000
vt -0.00250000 0.00000000
vt 0.00000000 0.00117895
vt -0.00250000 0.00000000
vt -0.00250000 0.00235790
vt 0.00000000 0.00117895
vt 0.00000000 0.00117895
vt -0.00250000 0.00235790
vt 0.00000000 0.00235790
vt 0.00000000 -0.00471580
vt -0.00102100 -0.00530527
vt -0.00059809 -0.00498076
vt -0.00059809 -0.00498076
vt -0.00027358 -0.00455785
vt 0.00000000 -0.00471580
vt -0.00027358 -0.00455785
vt -0.00006958 -0.00406536
vt 0.00000000 -0.00471580
vt 0.00000000 -0.00471580
vt -0.00006958 -0.00406536
vt -0.00000000 -0.00353685
vt -0.00204200 -0.00589475
vt -0.00306300 -0.00530527
vt -0.00257051 -0.00550927
vt -0.00257051 -0.00550927
vt -0.00204200 -0.00557885
vt -0.00204200 -0.00589475
vt -0.00204200 -0.00557885
vt -0.00151349 -0.00550927
vt -0.00204200 -0.00589475
vt -0.00204200 -0.00589475
vt -0.00151349 -0.00550927
vt -0.00102100 -0.00530527
vt -0.00408400 -0.00471580
vt -0.00408400 -0.00353685
vt -0.00401442 -0.00406536
vt -0.00401442 -0.00406536
vt -0.00381042 -0.00455785
vt -0.00408400 -0.00471580
vt -0.00381042 -0.00455785
vt -0.00348591 -0.00498076
vt -0.00408400 -0.00471580
vt -0.00408400 -0.00471580
vt -0.00348591 -0.00498076
vt -0.00306300 -0.00530527
vt -0.00408400 -0.00235790
vt -0.00306300 -0.00176842
vt -0.00348591 -0.00209294
vt -0.00348591 -0.00209294
vt -0.00381042 -0.00251585
vt -0.00408400 -0.00235790
vt -0.00381042 -0.00251585
vt -0.00401442 -0.00300834
vt -0.00408400 -0.00235790
vt -0.00408400 -0.00235790
vt -0.00401442 -0.00300834
vt -0.00408400 -0.00353685
vt -0.00204200 -0.00117895
vt -0.00102100 -0.00176842
vt -0.00151349 -0.00156443
vt -0.00151349 -0.00156443
vt -0.00204200 -0.00149485
vt -0.00204200 -0.00117895
vt -0.00204200 -0.00149485
vt -0.00257051 -0.00156443
vt -0.00204200 -0.00117895
vt -0.00204200 -0.00117895
vt -0.00257051 -0.00156443
vt -0.00306300 -0.00176842
vt 0.00000000 -0.00235790
vt -0.00000000 -0.00353685
vt -0.00006958 -0.00300834
vt -0.00006958 -0.00300834
vt -0.00027358 -0.00251585
vt 0.00000000 -0.00235790
vt -0.00027358 -0.00251585
vt -0.00059809 -0.00209294
vt 0.00000000 -0.00235790
vt 0.00000000 -0.00235790
vt -0.00059809 -0.00209294
vt -0.00102100 -0.00176842
vt 0.00000000 0.00000000
vt -0.00000000 0.00250000
vt 0.00117895 0.00000000
vt -0.00000000 0.00250000
vt 0.00235790 0.00250000
vt 0.00117895 0.00000000
vt 0.00117895 0.00000000
vt 0.00235790 0.00250000
vt 0.00235790 0.00000000
vt 0.00235790 -0.00000000
vt 0.00235790 0.00250000
vt 0.00117895 -0.00000000
vt 0.00235790 0.00250000
vt 0.00000000 0.00250000
vt 0.00117895 -0.00000000
vt 0.00117895 -0.00000000
vt 0.00000000 0.00250000
vt -0.00000000 0.00000000
vt 0.00260800 -0.00494881
vt 0.00410518 -0.00534998
vt 0.00270000 -0.00425000
vt 0.00410518 -0.00534998
vt 0.00425000 -0.00425000
vt 0.00270000 -0.00425000
vt 0.00270000 -0.00425000
vt 0.00425000 -0.00425000
vt 0.00260800 -0.00355119
vt 0.00425000 -0.00425000
vt 0.00410518 -0.00315002
vt 0.00260800 -0.00355119
vt 0.00260800 -0.00355119
vt 0.00410518 -0.00315002
vt 0.00233827 -0.00290000
vt 0.00410518 -0.00315002
vt 0.00368061 -0.00212500
vt 0.00233827 -0.00290000
vt 0.00233827 -0.00290000
vt 0.00368061 -0.00212500
vt 0.00190919 -0.00234081
vt 0.00368061 -0.00212500
vt 0.00300520 -0.00124480
vt 0.00190919 -0.00234081
vt 0.00190919 -0.00234081
vt 0.00300520 -0.00124480
vt 0.00135000 -0.00191173
vt 0.00300520 -0.00124480
vt 0.00212500 -0.00056939
vt 0.00135000 -0.00191173
vt 0.00135000 -0.00191173
vt 0.00212500 -0.00056939
vt 0.00069881 -0.00164200
vt 0.00212500 -0.00056939
vt 0.00109998 -0.00014482
vt 0.00069881 -0.00164200
vt 0.00069881 -0.00164200
vt 0.00109998 -0.00014482
vt 0.00000000 -0.00155000
vt 0.00109998 -0.00014482
vt 0.00000000 -0.00000000
vt 0.00000000 -0.00155000
vt 0.00000000 -0.00155000
vt 0.00000000 -0.00000000
vt -0.00069881 -0.00164200
vt 0.00000000 -0.00000000
vt -0.00109998 -0.00014482
vt -0.00069881 -0.00164200
vt -0.00069881 -0.00164200
vt -0.00109998 -0.00014482
vt -0.00135000 -0.00191173
vt -0.00109998 -0.00014482
vt -0.00212500 -0.00056939
vt -0.00135000 -0.00191173
vt -0.00135000 -0.00191173
vt -0.00212500 -0.00056939
vt -0.00190919 -0.00234081
vt -0.00212500 -0.00056939
vt -0.00300520 -0.00124480
vt -0.00190919 -0.00234081
vt -0.00190919 -0.00234081
vt -0.00300520 -0.00124480
vt -0.00233827 -0.00290000
vt -0.00300520 -0.00124480
vt -0.00368061 -0.00212500
vt -0.00233827 -0.00290000
vt -0.00233827 -0.00290000
vt -0.00368061 -0.00212500
vt -0.00260800 -0.00355119
vt -0.00368061 -0.00212500
vt -0.00410518 -0.00315002
vt -0.00260800 -0.00355119
vt -0.00260800 -0.00355119
vt -0.00410518 -0.00315002
vt -0.00270000 -0.00425000
vt -0.00410518 -0.00315002
vt -0.00425000 -0.00425000
vt -0.00270000 -0.00425000
vt -0.00270000 -0.00425000
vt -0.00425000 -0.00425000
vt -0.00260800 -0.00494881
vt -0.00425000 -0.00425000
vt -0.00410518 -0.00534998
vt -0.00260800 -0.00494881
vt -0.00260800 -0.00494881
vt -0.00410518 -0.00534998
vt -0.00233827 -0.00560000
vt -0.00410518 -0.00534998
vt -0.00368061 -0.00637500
vt -0.00233827 -0.00560000
vt -0.00233827 -0.00560000
vt -0.00368061 -0.00637500
vt -0.00190919 -0.00615919
vt -0.00368061 -0.00637500
vt -0.00300520 -0.00725520
vt -0.00190919 -0.00615919
vt -0.00190919 -0.00615919
vt -0.00300520 -0.00725520
vt -0.00135000 -0.00658827
vt -0.00300520 -0.00725520
vt -0.00212500 -0.00793061
vt -0.00135000 -0.00658827
vt -0.00135000 -0.00658827
vt -0.00212500 -0.00793061
vt -0.00069881 -0.00685800
vt -0.00212500 -0.00793061
vt -0.00109998 -0.00835518
vt -0.00069881 -0.00685800
vt -0.00069881 -0.00685800
vt -0.00109998 -0.00835518
vt 0.00000000 -0.00695000
vt -0.00109998 -0.00835518
vt 0.00000000 -0.00850000
vt 0.00000000 -0.00695000
vt 0.00000000 -0.00695000
vt 0.00000000 -0.00850000
vt 0.00069881 -0.00685800
vt 0.00000000 -0.00850000
vt 0.00109998 -0.00835518
vt 0.00069881 -0.00685800
vt 0.00069881 -0.00685800
vt 0.00109998 -0.00835518
vt 0.00135000 -0.00658827
vt 0.00109998 -0.00835518
vt 0.00212500 -0.00793061
vt 0.00135000 -0.00658827
vt 0.00135000 -0.00658827
vt 0.00212500 -0.00793061
vt 0.00190919 -0.00615919
vt 0.00212500 -0.00793061
vt 0.00300520 -0.00725520
vt 0.00190919 -0.00615919
vt 0.00190919 -0.00615919
vt 0.00300520 -0.00725520
vt 0.00233827 -0.00560000
vt 0.00300520 -0.00725520
vt 0.00368061 -0.00637500
vt 0.00233827 -0.00560000
vt 0.00233827 -0.00560000
vt 0.00368061 -0.00637500
vt 0.00260800 -0.00494881
vt 0.00368061 -0.00637500
vt 0.00410518 -0.00534998
vt 0.00260800 -0.00494881
vt -0.00103528 0.00386370
vt -0.00200000 0.00346410
vt -0.00117895 0.00204200
vt 0.00117895 0.00204200
vt 0.00200000 0.00346410
vt 0.00103528 0.00386370
vt -0.00200000 -0.00346410
vt -0.00103528 -0.00386370
vt -0.00117895 -0.00204200
vt -0.00103528 -0.00386370
vt -0.00000000 -0.00400000
vt -0.00117895 -0.00204200
vt -0.00117895 -0.00204200
vt -0.00000000 -0.00400000
vt 0.00117895 -0.00204200
vt -0.00000000 -0.00400000
vt 0.00103528 -0.00386370
vt 0.00117895 -0.00204200
vt 0.00117895 -0.00204200
vt 0.00103528 -0.00386370
vt 0.00200000 -0.00346410
vt -0.00400000 0.00000000
vt -0.00386370 -0.00103528
vt -0.00235790 -0.00000000
vt -0.00386370 -0.00103528
vt -0.00346410 -0.00200000
vt -0.00235790 -0.00000000
vt -0.00235790 -0.00000000
vt -0.00346410 -0.00200000
vt -0.00117895 -0.00204200
vt -0.00346410 -0.00200000
vt -0.00282843 -0.00282843
vt -0.00117895 -0.00204200
vt -0.00117895 -0.00204200
vt -0.00282843 -0.00282843
vt -0.00200000 -0.00346410
vt -0.00200000 0.00346410
vt -0.00282843 0.00282843
vt -0.00117895 0.00204200
vt -0.00282843 0.00282843
vt -0.00346410 0.00200000
vt -0.00117895 0.00204200
vt -0.00117895 0.00204200
vt -0.00346410 0.00200000
vt -0.00235790 -0.00000000
vt -0.00346410 0.00200000
vt -0.00386370 0.00103528
vt -0.00235790 -0.00000000
vt -0.00235790 -0.00000000
vt -0.00386370 0.00103528
vt -0.00400000 0.00000000
vt 0.00117895 0.00204200
vt 0.00103528 0.00386370
vt -0.00117895 0.00204200
vt 0.00103528 0.00386370
vt -0.00000000 0.00400000
vt -0.00117895 0.00204200
vt -0.00117895 0.00204200
vt -0.00000000 0.00400000
vt -0.00103528 0.00386370
vt 0.00400000 -0.00000000
vt 0.00386370 0.00103528
vt 0.00235790 0.00000000
vt 0.00386370 0.00103528
vt 0.00346410 0.00200000
vt 0.00235790 0.00000000
vt 0.00235790 0.00000000
vt 0.00346410 0.00200000
vt 0.00117895 0.00204200
vt 0.00346410 0.00200000
vt 0.00282843 0.00282843
vt 0.00117895 0.00204200
vt 0.00117895 0.00204200
vt 0.00282843 0.00282843
vt 0.00200000 0.00346410
vt 0.00200000 -0.00346410
vt 0.00282843 -0.00282843
vt 0.00117895 -0.00204200
vt 0.00282843 -0.00282843
vt 0.00346410 -0.00200000
vt 0.00117895 -0.00204200
vt 0.00117895 -0.00204200
vt 0.00346410 -0.00200000
vt 0.00235790 0.00000000
vt 0.00346410 -0.00200000
vt 0.00386370 -0.00103528
vt 0.00235790 0.00000000
vt 0.00235790 0.00000000
vt 0.00386370 -0.00103528
vt 0.00400000 -0.00000000
vt 4.40534735 0.48226660
vt 4.36848879 0.45348439
vt 4.36923409 0.34315497
vt 4.71238899 -0.56514323
vt 4.87506533 -0.54367995
vt 4.82677412 -0.34315497
vt 5.01943064 -0.48226660
vt 5.05628920 -0.45348439
vt 5.05554390 -0.34315497
vt 5.01943064 0.48226660
vt 4.87506533 0.54367995
vt 4.82677412 0.34315497
vt 5.01943064 0.48226660
vt 4.82677412 0.34315497
vt 5.05628920 0.45348439
vt 5.05554390 0.11438499
vt 5.21460199 0.27107608
vt 5.05554390 0.34315497
vt 5.21460199 0.27107608
vt 5.16566133 0.34359577
vt 5.05554390 0.34315497
vt 5.05554390 0.34315497
vt 5.16566133 0.34359577
vt 5.13391399 0.38837150
vt 5.26197052 -0.13905482
vt 5.26475096 -0.11445206
vt 5.05554390 -0.11438499
vt 5.26475096 -0.11445206
vt 5.27753210 0.00000000
vt 5.05554390 -0.11438499
vt 5.05554390 -0.11438499
vt 5.27753210 0.00000000
vt 5.05554390 0.11438499
vt 5.27753210 0.00000000
vt 5.26197052 0.13905482
vt 5.05554390 0.11438499
vt 5.05554390 0.11438499
vt 5.26197052 0.13905482
vt 5.21460199 0.27107608
vt 5.05628920 -0.45348439
vt 5.13391399 -0.38837150
vt 5.05554390 -0.34315497
vt 5.13391399 -0.38837150
vt 5.16566133 -0.34359577
vt 5.05554390 -0.34315497
vt 5.05554390 -0.34315497
vt 5.16566133 -0.34359577
vt 5.05554390 -0.11438499
vt 5.16566133 -0.34359577
vt 5.21460199 -0.27107608
vt 5.05554390 -0.11438499
vt 5.05554390 -0.11438499
vt 5.21460199 -0.27107608
vt 5.26197052 -0.13905482
vt 4.36848879 -0.45348439
vt 4.40534735 -0.48226660
vt 4.59800386 -0.34315497
vt 4.40534735 -0.48226660
vt 4.54971266 -0.54367995
vt 4.59800386 -0.34315497
vt 4.59800386 -0.34315497
vt 4.54971266 -0.54367995
vt 4.59768057 -0.55130458
vt 4.36923409 -0.11438499
vt 4.21017599 -0.27107608
vt 4.36923409 -0.34315497
vt 4.21017599 -0.27107608
vt 4.25911665 -0.34359577
vt 4.36923409 -0.34315497
vt 4.36923409 -0.34315497
vt 4.25911665 -0.34359577
vt 4.29086399 -0.38837150
vt 4.16280699 0.13905482
vt 4.16002703 0.11445206
vt 4.36923409 0.11438499
vt 4.16002703 0.11445206
vt 4.14724588 0.00000000
vt 4.36923409 0.11438499
vt 4.36923409 0.11438499
vt 4.14724588 0.00000000
vt 4.36923409 -0.11438499
vt 4.14724588 0.00000000
vt 4.16280699 -0.13905482
vt 4.36923409 -0.11438499
vt 4.36923409 -0.11438499
vt 4.16280699 -0.13905482
vt 4.21017599 -0.27107608
vt 4.36848879 0.45348439
vt 4.29086399 0.38837150
vt 4.36923409 0.34315497
vt 4.29086399 0.38837150
vt 4.25911665 0.34359577
vt 4.36923409 0.34315497
vt 4.36923409 0.34315497
vt 4.25911665 0.34359577
vt 4.36923409 0.11438499
vt 4.25911665 0.34359577
vt 4.21017599 0.27107608
vt 4.36923409 0.11438499
vt 4.36923409 0.11438499
vt 4.21017599 0.27107608
vt 4.16280699 0.13905482
vt 4.71238899 0.56514323
vt 4.59768057 0.55130458
vt 4.59800386 0.34315497
vt 4.59768057 0.55130458
vt 4.54971266 0.54367995
vt 4.59800386 0.34315497
vt 5.13391399 0.38837150
vt 5.05628920 0.45348439
vt 5.05554390 0.34315497
vt 5.05628920 0.45348439
vt 4.82677412 0.34315497
vt 5.05554390 0.34315497
vt 5.05554390 0.34315497
vt 4.82677412 0.34315497
vt 5.05554390 0.11438499
vt 4.82677412 0.34315497
vt 4.82677412 0.11438499
vt 5.05554390 0.11438499
vt 5.05554390 0.11438499
vt 4.82677412 0.11438499
vt 5.05554390 -0.11438499
vt 4.82677412 0.11438499
vt 4.82677412 -0.11438499
vt 5.05554390 -0.11438499
vt 5.05554390 -0.11438499
vt 4.82677412 -0.11438499
vt 5.05554390 -0.34315497
vt 4.82677412 -0.11438499
vt 4.82677412 -0.34315497
vt 5.05554390 -0.34315497
vt 5.05554390 -0.34315497
vt 4.82677412 -0.34315497
vt 5.01943064 -0.48226660
vt 4.82677412 -0.34315497
vt 4.87506533 -0.54367995
vt 5.01943064 -0.48226660
vt 4.87506533 0.54367995
vt 4.71238899 0.56514323
vt 4.82677412 0.34315497
vt 4.71238899 0.56514323
vt 4.59800386 0.34315497
vt 4.82677412 0.34315497
vt 4.82677412 0.34315497
vt 4.59800386 0.34315497
vt 4.82677412 0.11438499
vt 4.59800386 0.34315497
vt 4.59800386 0.11438499
vt 4.82677412 0.11438499
vt 4.82677412 0.11438499
vt 4.59800386 0.11438499
vt 4.82677412 -0.11438499
vt 4.59800386 0.11438499
vt 4.59800386 -0.11438499
vt 4.82677412 -0.11438499
vt 4.82677412 -0.11438499
vt 4.59800386 -0.11438499
vt 4.82677412 -0.34315497
vt 4.59800386 -0.11438499
vt 4.59800386 -0.34315497
vt 4.82677412 -0.34315497
vt 4.82677412 -0.34315497
vt 4.59800386 -0.34315497
vt 4.71238899 -0.56514323
vt 4.59800386 -0.34315497
vt 4.59768057 -0.55130458
vt 4.71238899 -0.56514323
vt 4.54971266 0.54367995
vt 4.40534735 0.48226660
vt 4.59800386 0.34315497
vt 4.40534735 0.48226660
vt 4.36923409 0.34315497
vt 4.59800386 0.34315497
vt 4.59800386 0.34315497
vt 4.36923409 0.34315497
vt 4.59800386 0.11438499
vt 4.36923409 0.34315497
vt 4.36923409 0.11438499
vt 4.59800386 0.11438499
vt 4.59800386 0.11438499
vt 4.36923409 0.11438499
vt 4.59800386 -0.11438499
vt 4.36923409 0.11438499
vt 4.36923409 -0.11438499
vt 4.59800386 -0.11438499
vt 4.59800386 -0.11438499
vt 4.36923409 -0.11438499
vt 4.59800386 -0.34315497
vt 4.36923409 -0.11438499
vt 4.36923409 -0.34315497
vt 4.59800386 -0.34315497
vt 4.59800386 -0.34315497
vt 4.36923409 -0.34315497
vt 4.36848879 -0.45348439
vt 4.36923409 -0.34315497
vt 4.29086399 -0.38837150
vt 4.36848879 -0.45348439
vt 5.75958633 0.00000000
vt 6.02138615 -0.00039000
vt 6.02138615 0.00000000
vt 6.02138615 -0.00039000
vt 6.09915257 -0.00039160
vt 6.02138615 0.00000000
vt 6.02138615 0.00000000
vt 6.09915257 -0.00039160
vt 6.28318548 0.00000000
vt 5.49778700 0.00000000
vt 5.67797565 -0.00039165
vt 5.75958633 0.00000000
vt 5.67797565 -0.00039165
vt 5.75958633 -0.00039000
vt 5.75958633 0.00000000
vt 5.75958633 0.00000000
vt 5.75958633 -0.00039000
vt 6.02138615 -0.00039000
vt 4.97418833 0.00000000
vt 5.23598766 -0.00039000
vt 5.23598766 0.00000000
vt 5.23598766 -0.00039000
vt 5.39743137 -0.00039181
vt 5.23598766 0.00000000
vt 5.23598766 0.00000000
vt 5.39743137 -0.00039181
vt 5.49778700 0.00000000
vt 5.39743137 -0.00039181
vt 5.49778700 -0.00039000
vt 5.49778700 0.00000000
vt 5.49778700 0.00000000
vt 5.49778700 -0.00039000
vt 5.67797565 -0.00039165
vt 4.18879032 0.00000000
vt 4.45058966 -0.00039000
vt 4.45058966 0.00000000
vt 4.45058966 -0.00039000
vt 4.71238899 -0.00039000
vt 4.45058966 0.00000000
vt 4.45058966 0.00000000
vt 4.71238899 -0.00039000
vt 4.71238899 0.00000000
vt 4.71238899 -0.00039000
vt 4.92806768 -0.00039112
vt 4.71238899 0.00000000
vt 4.71238899 0.00000000
vt 4.92806768 -0.00039112
vt 4.97418833 0.00000000
vt 4.92806768 -0.00039112
vt 4.97418833 -0.00039000
vt 4.97418833 0.00000000
vt 4.97418833 0.00000000
vt 4.97418833 -0.00039000
vt 5.23598766 -0.00039000
vt 3.92699075 0.00000000
vt 4.02734661 -0.00039181
vt 4.18879032 0.00000000
vt 4.02734661 -0.00039181
vt 4.18879032 -0.00039000
vt 4.18879032 0.00000000
vt 4.18879032 0.00000000
vt 4.18879032 -0.00039000
vt 4.45058966 -0.00039000
vt 3.40339208 0.00000000
vt 3.66519141 -0.00039000
vt 3.66519141 0.00000000
vt 3.66519141 -0.00039000
vt 3.74680233 -0.00039165
vt 3.66519141 0.00000000
vt 3.66519141 0.00000000
vt 3.74680233 -0.00039165
vt 3.92699075 0.00000000
vt 3.74680233 -0.00039165
vt 3.92699075 -0.00039000
vt 3.92699075 0.00000000
vt 3.92699075 0.00000000
vt 3.92699075 -0.00039000
vt 4.02734661 -0.00039181
vt 2.61799383 0.00000000
vt 2.87979317 -0.00039000
vt 2.87979317 0.00000000
vt 2.87979317 -0.00039000
vt 3.14159274 -0.00039000
vt 2.87979317 0.00000000
vt 2.87979317 0.00000000
vt 3.14159274 -0.00039000
vt 3.14159274 0.00000000
vt 3.14159274 -0.00039000
vt 3.32562542 -0.00039160
vt 3.14159274 0.00000000
vt 3.14159274 0.00000000
vt 3.32562542 -0.00039160
vt 3.40339208 0.00000000
vt 3.32562542 -0.00039160
vt 3.40339208 -0.00039000
vt 3.40339208 0.00000000
vt 3.40339208 0.00000000
vt 3.40339208 -0.00039000
vt 3.66519141 -0.00039000
vt 2.35619450 0.00000000
vt 2.53638291 -0.00039165
vt 2.61799383 0.00000000
vt 2.53638291 -0.00039165
vt 2.61799383 -0.00039000
vt 2.61799383 0.00000000
vt 2.61799383 0.00000000
vt 2.61799383 -0.00039000
vt 2.87979317 -0.00039000
vt 1.83259571 0.00000000
vt 2.09439516 -0.00039000
vt 2.09439516 0.00000000
vt 2.09439516 -0.00039000
vt 2.25583887 -0.00039181
vt 2.09439516 0.00000000
vt 2.09439516 0.00000000
vt 2.25583887 -0.00039181
vt 2.35619450 0.00000000
vt 2.25583887 -0.00039181
vt 2.35619450 -0.00039000
vt 2.35619450 0.00000000
vt 2.35619450 0.00000000
vt 2.35619450 -0.00039000
vt 2.53638291 -0.00039165
vt 1.04719758 0.00000000
vt 1.30899692 -0.00039000
vt 1.30899692 0.00000000
vt 1.30899692 -0.00039000
vt 1.57079637 -0.00039000
vt 1.30899692 0.00000000
vt 1.30899692 0.00000000
vt 1.57079637 -0.00039000
vt 1.57079637 0.00000000
vt 1.57079637 -0.00039000
vt 1.78647494 -0.00039112
vt 1.57079637 0.00000000
vt 1.57079637 0.00000000
vt 1.78647494 -0.00039112
vt 1.83259571 0.00000000
vt 1.78647494 -0.00039112
vt 1.83259571 -0.00039000
vt 1.83259571 0.00000000
vt 1.83259571 0.00000000
vt 1.83259571 -0.00039000
vt 2.09439516 -0.00039000
vt 0.78539819 0.00000000
vt 0.88575387 -0.00039181
vt 1.04719758 0.00000000
vt 0.88575387 -0.00039181
vt 1.04719758 -0.00039000
vt 1.04719758 0.00000000
vt 1.04719758 0.00000000
vt 1.04719758 -0.00039000
vt 1.30899692 -0.00039000
vt 6.09915257 -0.00039160
vt 6.28318548 -0.00039000
vt 6.28318548 0.00000000
vt 6.28318548 -0.00039000
vt 6.54498482 -0.00039000
vt 6.28318548 0.00000000
vt 6.28318548 0.00000000
vt 6.54498482 -0.00039000
vt 6.54498482 0.00000000
vt 6.54498482 -0.00039000
vt 6.80678415 -0.00039000
vt 6.54498482 0.00000000
vt 6.54498482 0.00000000
vt 6.80678415 -0.00039000
vt 6.80678415 0.00000000
vt 6.80678415 -0.00039000
vt 6.88839483 -0.00039165
vt 6.80678415 0.00000000
vt 6.80678415 0.00000000
vt 6.88839483 -0.00039165
vt 7.06858349 0.00000000
vt 6.88839483 -0.00039165
vt 7.06858349 -0.00039000
vt 7.06858349 0.00000000
vt 7.06858349 0.00000000
vt 7.06858349 -0.00039000
vt 7.16893911 -0.00039181
vt 0.00000000 0.00535000
vt 0.26179940 0.00380000
vt 0.26179940 0.00535000
vt 0.26179940 0.00380000
vt 0.52359879 0.00380000
vt 0.26179940 0.00535000
vt 0.26179940 0.00535000
vt 0.52359879 0.00380000
vt 0.52359879 0.00535000
vt 0.52359879 0.00380000
vt 0.78539819 0.00380000
vt 0.52359879 0.00535000
vt 0.52359879 0.00535000
vt 0.78539819 0.00380000
vt 0.78539819 0.00535000
vt 0.78539819 0.00380000
vt 1.04719758 0.00380000
vt 0.78539819 0.00535000
vt 0.78539819 0.00535000
vt 1.04719758 0.00380000
vt 1.04719758 0.00535000
vt 1.04719758 0.00380000
vt 1.30899692 0.00380000
vt 1.04719758 0.00535000
vt 1.04719758 0.00535000
vt 1.30899692 0.00380000
vt 1.30899692 0.00535000
vt 1.30899692 0.00380000
vt 1.57079637 0.00380000
vt 1.30899692 0.00535000
vt 1.30899692 0.00535000
vt 1.57079637 0.00380000
vt 1.57079637 0.00535000
vt 1.57079637 0.00380000
vt 1.83259571 0.00380000
vt 1.57079637 0.00535000
vt 1.57079637 0.00535000
vt 1.83259571 0.00380000
vt 1.83259571 0.00535000
vt 1.83259571 0.00380000
vt 2.09439516 0.00380000
vt 1.83259571 0.00535000
vt 1.83259571 0.00535000
vt 2.09439516 0.00380000
vt 2.09439516 0.00535000
vt 2.09439516 0.00380000
vt 2.35619450 0.00380000
vt 2.09439516 0.00535000
vt 2.09439516 0.00535000
vt 2.35619450 0.00380000
vt 2.35619450 0.00535000
vt 2.35619450 0.00380000
vt 2.61799383 0.00380000
vt 2.35619450 0.00535000
vt 2.35619450 0.00535000
vt 2.61799383 0.00380000
vt 2.61799383 0.00535000
vt 2.61799383 0.00380000
vt 2.87979317 0.00380000
vt 2.61799383 0.00535000
vt 2.61799383 0.00535000
vt 2.87979317 0.00380000
vt 2.87979317 0.00535000
vt 2.87979317 0.00380000
vt 3.14159274 0.00380000
vt 2.87979317 0.00535000
vt 2.87979317 0.00535000
vt 3.14159274 0.00380000
vt 3.14159274 0.00535000
vt 3.14159274 0.00380000
vt 3.40339208 0.00380000
vt 3.14159274 0.00535000
vt 3.14159274 0.00535000
vt 3.40339208 0.00380000
vt 3.40339208 0.00535000
vt 3.40339208 0.00380000
vt 3.66519141 0.00380000
vt 3.40339208 0.00535000
vt 3.40339208 0.00535000
vt 3.66519141 0.00380000
vt 3.66519141 0.00535000
vt 3.66519141 0.00380000
vt 3.92699075 0.00380000
vt 3.66519141 0.00535000
vt 3.66519141 0.00535000
vt 3.92699075 0.00380000
vt 3.92699075 0.00535000
vt 3.92699075 0.00380000
vt 4.18879032 0.00380000
vt 3.92699075 0.00535000
vt 3.92699075 0.00535000
vt 4.18879032 0.00380000
vt 4.18879032 0.00535000
vt 4.18879032 0.00380000
vt 4.45058966 0.00380000
vt 4.18879032 0.00535000
vt 4.18879032 0.00535000
vt 4.45058966 0.00380000
vt 4.45058966 0.00535000
vt 4.45058966 0.00380000
vt 4.71238899 0.00380000
vt 4.45058966 0.00535000
vt 4.45058966 0.00535000
vt 4.71238899 0.00380000
vt 4.71238899 0.00535000
vt 4.71238899 0.00380000
vt 4.97418833 0.00380000
vt 4.71238899 0.00535000
vt 4.71238899 0.00535000
vt 4.97418833 0.00380000
vt 4.97418833 0.00535000
vt 4.97418833 0.00380000
vt 5.23598766 0.00380000
vt 4.97418833 0.00535000
vt 4.97418833 0.00535000
vt 5.23598766 0.00380000
vt 5.23598766 0.00535000
vt 5.23598766 0.00380000
vt 5.49778700 0.00380000
vt 5.23598766 0.00535000
vt 5.23598766 0.00535000
vt 5.49778700 0.00380000
vt 5.49778700 0.00535000
vt 5.49778700 0.00380000
vt 5.75958633 0.00380000
vt 5.49778700 0.00535000
vt 5.49778700 0.00535000
vt 5.75958633 0.00380000
vt 5.75958633 0.00535000
vt 5.75958633 0.00380000
vt 6.02138615 0.00380000
vt 5.75958633 0.00535000
vt 5.75958633 0.00535000
vt 6.02138615 0.00380000
vt 6.02138615 0.00535000
vt 6.02138615 0.00380000
vt 6.28318548 0.00380000
vt 6.02138615 0.00535000
vt 6.02138615 0.00535000
vt 6.28318548 0.00380000
vt 6.28318548 0.00535000
vt 6.28318548 0.00380000
vt 6.54498482 0.00380000
vt 6.28318548 0.00535000
vt 4.40534735 0.48226660
vt 4.36848879 0.45348439
vt 4.36923409 0.34315497
vt 4.71238899 -0.56514323
vt 4.87506533 -0.54367995
vt 4.82677412 -0.34315497
vt 5.01943064 -0.48226660
vt 5.05628920 -0.45348439
vt 5.05554390 -0.34315497
vt 5.01943064 0.48226660
vt 4.87506533 0.54367995
vt 4.82677412 0.34315497
vt 5.01943064 0.48226660
vt 4.82677412 0.34315497
vt 5.05628920 0.45348439
vt 5.05554390 0.11438499
vt 5.21460199 0.27107608
vt 5.05554390 0.34315497
vt 5.21460199 0.27107608
vt 5.16566133 0.34359577
vt 5.05554390 0.34315497
vt 5.05554390 0.34315497
vt 5.16566133 0.34359577
vt 5.13391399 0.38837150
vt 5.26197052 -0.13905482
vt 5.26475096 -0.11445206
vt 5.05554390 -0.11438499
vt 5.26475096 -0.11445206
vt 5.27753210 0.00000000
vt 5.05554390 -0.11438499
vt 5.05554390 -0.11438499
vt 5.27753210 0.00000000
vt 5.05554390 0.11438499
vt 5.27753210 0.00000000
vt 5.26197052 0.13905482
vt 5.05554390 0.11438499
vt 5.05554390 0.11438499
vt 5.26197052 0.13905482
vt 5.21460199 0.27107608
vt 5.05628920 -0.45348439
vt 5.13391399 -0.38837150
vt 5.05554390 -0.34315497
vt 5.13391399 -0.38837150
vt 5.16566133 -0.34359577
vt 5.05554390 -0.34315497
vt 5.05554390 -0.34315497
vt 5.16566133 -0.34359577
vt 5.05554390 -0.11438499
vt 5.16566133 -0.34359577
vt 5.21460199 -0.27107608
vt 5.05554390 -0.11438499
vt 5.05554390 -0.11438499
vt 5.21460199 -0.27107608
vt 5.26197052 -0.13905482
vt 4.36848879 -0.45348439
vt 4.40534735 -0.48226660
vt 4.59800386 -0.34315497
vt 4.40534735 -0.48226660
vt 4.54971266 -0.54367995
vt 4.59800386 -0.34315497
vt 4.59800386 -0.34315497
vt 4.54971266 -0.54367995
vt 4.59768057 -0.55130458
vt 4.36923409 -0.11438499
vt 4.21017599 -0.27107608
vt 4.36923409 -0.34315497
vt 4.21017599 -0.27107608
vt 4.25911665 -0.34359577
vt 4.36923409 -0.34315497
vt 4.36923409 -0.34315497
vt 4.25911665 -0.34359577
vt 4.29086399 -0.38837150
vt 4.16280699 0.13905482
vt 4.16002703 0.11445206
vt 4.36923409 0.11438499
vt 4.16002703 0.11445206
vt 4.14724588 0.00000000
vt 4.36923409 0.11438499
vt 4.36923409 0.11438499
vt 4.14724588 0.00000000
vt 4.36923409 -0.11438499
vt 4.14724588 0.00000000
vt 4.16280699 -0.13905482
vt 4.36923409 -0.11438499
vt 4.36923409 -0.11438499
vt 4.16280699 -0.13905482
vt 4.21017599 -0.27107608
vt 4.36848879 0.45348439
vt 4.29086399 0.38837150
vt 4.36923409 0.34315497
vt 4.29086399 0.38837150
vt 4.25911665 0.34359577
vt 4.36923409 0.34315497
vt 4.36923409 0.34315497
vt 4.25911665 0.34359577
vt 4.36923409 0.11438499
vt 4.25911665 0.34359577
vt 4.21017599 0.27107608
vt 4.36923409 0.11438499
vt 4.36923409 0.11438499
vt 4.21017599 0.27107608
vt 4.16280699 0.13905482
vt 4.71238899 0.56514323
vt 4.59768057 0.55130458
vt 4.59800386 0.34315497
vt 4.59768057 0.55130458
vt 4.54971266 0.54367995
vt 4.59800386 0.34315497
vt 5.13391399 0.38837150
vt 5.05628920 0.45348439
vt 5.05554390 0.34315497
vt 5.05628920 0.45348439
vt 4.82677412 0.34315497
vt 5.05554390 0.34315497
vt 5.05554390 0.34315497
vt 4.82677412 0.34315497
vt 5.05554390 0.11438499
vt 4.82677412 0.34315497
vt 4.82677412 0.11438499
vt 5.05554390 0.11438499
vt 5.05554390 0.11438499
vt 4.82677412 0.11438499
vt 5.05554390 -0.11438499
vt 4.82677412 0.11438499
vt 4.82677412 -0.11438499
vt 5.05554390 -0.11438499
vt 5.05554390 -0.11438499
vt 4.82677412 -0.11438499
vt 5.05554390 -0.34315497
vt 4.82677412 -0.11438499
vt 4.82677412 -0.34315497
vt 5.05554390 -0.34315497
vt 5.05554390 -0.34315497
vt 4.82677412 -0.34315497
vt 5.01943064 -0.48226660
vt 4.82677412 -0.34315497
vt 4.87506533 -0.54367995
vt 5.01943064 -0.48226660
vt 4.87506533 0.54367995
vt 4.71238899 0.56514323
vt 4.82677412 0.34315497
vt 4.71238899 0.56514323
vt 4.59800386 0.34315497
vt 4.82677412 0.34315497
vt 4.82677412 0.34315497
vt 4.59800386 0.34315497
vt 4.82677412 0.11438499
vt 4.59800386 0.34315497
vt 4.59800386 0.11438499
vt 4.82677412 0.11438499
vt 4.82677412 0.11438499
vt 4.59800386 0.11438499
vt 4.82677412 -0.11438499
vt 4.59800386 0.11438499
vt 4.59800386 -0.11438499
vt 4.82677412 -0.11438499
vt 4.82677412 -0.11438499
vt 4.59800386 -0.11438499
vt 4.82677412 -0.34315497
vt 4.59800386 -0.11438499
vt 4.59800386 -0.34315497
vt 4.82677412 -0.34315497
vt 4.82677412 -0.34315497
vt 4.59800386 -0.34315497
vt 4.71238899 -0.56514323
vt 4.59800386 -0.34315497
vt 4.59768057 -0.55130458
vt 4.71238899 -0.56514323
vt 4.54971266 0.54367995
vt 4.40534735 0.48226660
vt 4.59800386 0.34315497
vt 4.40534735 0.48226660
vt 4.36923409 0.34315497
vt 4.59800386 0.34315497
vt 4.59800386 0.34315497
vt 4.36923409 0.34315497
vt 4.59800386 0.11438499
vt 4.36923409 0.34315497
vt 4.36923409 0.11438499
vt 4.59800386 0.11438499
vt 4.59800386 0.11438499
vt 4.36923409 0.11438499
vt 4.59800386 -0.11438499
vt 4.36923409 0.11438499
vt 4.36923409 -0.11438499
vt 4.59800386 -0.11438499
vt 4.59800386 -0.11438499
vt 4.36923409 -0.11438499
vt 4.59800386 -0.34315497
vt 4.36923409 -0.11438499
vt 4.36923409 -0.34315497
vt 4.59800386 -0.34315497
vt 4.59800386 -0.34315497
vt 4.36923409 -0.34315497
vt 4.36848879 -0.45348439
vt 4.36923409 -0.34315497
vt 4.29086399 -0.38837150
vt 4.36848879 -0.45348439
vt 5.75958633 0.00000000
vt 6.02138615 -0.00039000
vt 6.02138615 0.00000000
vt 6.02138615 -0.00039000
vt 6.09915257 -0.00039160
vt 6.02138615 0.00000000
vt 6.02138615 0.00000000
vt 6.09915257 -0.00039160
vt 6.28318548 0.00000000
vt 5.49778700 0.00000000
vt 5.67797565 -0.00039165
vt 5.75958633 0.00000000
vt 5.67797565 -0.00039165
vt 5.75958633 -0.00039000
vt 5.75958633 0.00000000
vt 5.75958633 0.00000000
vt 5.75958633 -0.00039000
vt 6.02138615 -0.00039000
vt 4.97418833 0.00000000
vt 5.23598766 -0.00039000
vt 5.23598766 0.00000000
vt 5.23598766 -0.00039000
vt 5.39743137 -0.00039181
vt 5.23598766 0.00000000
vt 5.23598766 0.00000000
vt 5.39743137 -0.00039181
vt 5.49778700 0.00000000
vt 5.39743137 -0.00039181
vt 5.49778700 -0.00039000
vt 5.49778700 0.00000000
vt 5.49778700 0.00000000
vt 5.49778700 -0.00039000
vt 5.67797565 -0.00039165
vt 4.18879032 0.00000000
vt 4.45058966 -0.00039000
vt 4.45058966 0.00000000
vt 4.45058966 -0.00039000
vt 4.71238899 -0.00039000
vt 4.45058966 0.00000000
vt 4.45058966 0.00000000
vt 4.71238899 -0.00039000
vt 4.71238899 0.00000000
vt 4.71238899 -0.00039000
vt 4.92806768 -0.00039112
vt 4.71238899 0.00000000
vt 4.71238899 0.00000000
vt 4.92806768 -0.00039112
vt 4.97418833 0.00000000
vt 4.92806768 -0.00039112
vt 4.97418833 -0.00039000
vt 4.97418833 0.00000000
vt 4.97418833 0.00000000
vt 4.97418833 -0.00039000
vt 5.23598766 -0.00039000
vt 3.92699075 0.00000000
vt 4.02734661 -0.00039181
vt 4.18879032 0.00000000
vt 4.02734661 -0.00039181
vt 4.18879032 -0.00039000
vt 4.18879032 0.00000000
vt 4.18879032 0.00000000
vt 4.18879032 -0.00039000
vt 4.45058966 -0.00039000
vt 3.40339208 0.00000000
vt 3.66519141 -0.00039000
vt 3.66519141 0.00000000
vt 3.66519141 -0.00039000
vt 3.74680233 -0.00039165
vt 3.66519141 0.00000000
vt 3.66519141 0.00000000
vt 3.74680233 -0.00039165
vt 3.92699075 0.00000000
vt 3.74680233 -0.00039165
vt 3.92699075 -0.00039000
vt 3.92699075 0.00000000
vt 3.92699075 0.00000000
vt 3.92699075 -0.00039000
vt 4.02734661 -0.00039181
vt 2.61799383 0.00000000
vt 2.87979317 -0.00039000
vt 2.87979317 0.00000000
vt 2.87979317 -0.00039000
vt 3.14159274 -0.00039000
vt 2.87979317 0.00000000
vt 2.87979317 0.00000000
vt 3.14159274 -0.00039000
vt 3.14159274 0.00000000
vt 3.14159274 -0.00039000
vt 3.32562542 -0.00039160
vt 3.14159274 0.00000000
vt 3.14159274 0.00000000
vt 3.32562542 -0.00039160
vt 3.40339208 0.00000000
vt 3.32562542 -0.00039160
vt 3.40339208 -0.00039000
vt 3.40339208 0.00000000
vt 3.40339208 0.00000000
vt 3.40339208 -0.00039000
vt 3.66519141 -0.00039000
vt 2.35619450 0.00000000
vt 2.53638291 -0.00039165
vt 2.61799383 0.00000000
vt 2.53638291 -0.00039165
vt 2.61799383 -0.00039000
vt 2.61799383 0.00000000
vt 2.61799383 0.00000000
vt 2.61799383 -0.00039000
vt 2.87979317 -0.00039000
vt 1.83259571 0.00000000
vt 2.09439516 -0.00039000
vt 2.09439516 0.00000000
vt 2.09439516 -0.00039000
vt 2.25583887 -0.00039181
vt 2.09439516 0.00000000
vt 2.09439516 0.00000000
vt 2.25583887 -0.00039181
vt 2.35619450 0.00000000
vt 2.25583887 -0.00039181
vt 2.35619450 -0.00039000
vt 2.35619450 0.00000000
vt 2.35619450 0.00000000
vt 2.35619450 -0.00039000
vt 2.53638291 -0.00039165
vt 1.04719758 0.00000000
vt 1.30899692 -0.00039000
vt 1.30899692 0.00000000
vt 1.30899692 -0.00039000
vt 1.57079637 -0.00039000
vt 1.30899692 0.00000000
vt 1.30899692 0.00000000
vt 1.57079637 -0.00039000
vt 1.57079637 0.00000000
vt 1.57079637 -0.00039000
vt 1.78647494 -0.00039112
vt 1.57079637 0.00000000
vt 1.57079637 0.00000000
vt 1.78647494 -0.00039112
vt 1.83259571 0.00000000
vt 1.78647494 -0.00039112
vt 1.83259571 -0.00039000
vt 1.83259571 0.00000000
vt 1.83259571 0.00000000
vt 1.83259571 -0.00039000
vt 2.09439516 -0.00039000
vt 0.78539819 0.00000000
vt 0.88575387 -0.00039181
vt 1.04719758 0.00000000
vt 0.88575387 -0.00039181
vt 1.04719758 -0.00039000
vt 1.04719758 0.00000000
vt 1.04719758 0.00000000
vt 1.04719758 -0.00039000
vt 1.30899692 -0.00039000
vt 6.09915257 -0.00039160
vt 6.28318548 -0.00039000
vt 6.28318548 0.00000000
vt 6.28318548 -0.00039000
vt 6.54498482 -0.00039000
vt 6.28318548 0.00000000
vt 6.28318548 0.00000000
vt 6.54498482 -0.00039000
vt 6.54498482 0.00000000
vt 6.54498482 -0.00039000
vt 6.80678415 -0.00039000
vt 6.54498482 0.00000000
vt 6.54498482 0.00000000
vt 6.80678415 -0.00039000
vt 6.80678415 0.00000000
vt 6.80678415 -0.00039000
vt 6.88839483 -0.00039165
vt 6.80678415 0.00000000
vt 6.80678415 0.00000000
vt 6.88839483 -0.00039165
vt 7.06858349 0.00000000
vt 6.88839483 -0.00039165
vt 7.06858349 -0.00039000
vt 7.06858349 0.00000000
vt 7.06858349 0.00000000
vt 7.06858349 -0.00039000
vt 7.16893911 -0.00039181
vt 0.00000000 0.00535000
vt 0.26179940 0.00380000
vt 0.26179940 0.00535000
vt 0.26179940 0.00380000
vt 0.52359879 0.00380000
vt 0.26179940 0.00535000
vt 0.26179940 0.00535000
vt 0.52359879 0.00380000
vt 0.52359879 0.00535000
vt 0.52359879 0.00380000
vt 0.78539819 0.00380000
vt 0.52359879 0.00535000
vt 0.52359879 0.00535000
vt 0.78539819 0.00380000
vt 0.78539819 0.00535000
vt 0.78539819 0.00380000
vt 1.04719758 0.00380000
vt 0.78539819 0.00535000
vt 0.78539819 0.00535000
vt 1.04719758 0.00380000
vt 1.04719758 0.00535000
vt 1.04719758 0.00380000
vt 1.30899692 0.00380000
vt 1.04719758 0.00535000
vt 1.04719758 0.00535000
vt 1.30899692 0.00380000
vt 1.30899692 0.00535000
vt 1.30899692 0.00380000
vt 1.57079637 0.00380000
vt 1.30899692 0.00535000
vt 1.30899692 0.00535000
vt 1.57079637 0.00380000
vt 1.57079637 0.00535000
vt 1.57079637 0.00380000
vt 1.83259571 0.00380000
vt 1.57079637 0.00535000
vt 1.57079637 0.00535000
vt 1.83259571 0.00380000
vt 1.83259571 0.00535000
vt 1.83259571 0.00380000
vt 2.09439516 0.00380000
vt 1.83259571 0.00535000
vt 1.83259571 0.00535000
vt 2.09439516 0.00380000
vt 2.09439516 0.00535000
vt 2.09439516 0.00380000
vt 2.35619450 0.00380000
vt 2.09439516 0.00535000
vt 2.09439516 0.00535000
vt 2.35619450 0.00380000
vt 2.35619450 0.00535000
vt 2.35619450 0.00380000
vt 2.61799383 0.00380000
vt 2.35619450 0.00535000
vt 2.35619450 0.00535000
vt 2.61799383 0.00380000
vt 2.61799383 0.00535000
vt 2.61799383 0.00380000
vt 2.87979317 0.00380000
vt 2.61799383 0.00535000
vt 2.61799383 0.00535000
vt 2.87979317 0.00380000
vt 2.87979317 0.00535000
vt 2.87979317 0.00380000
vt 3.14159274 0.00380000
vt 2.87979317 0.00535000
vt 2.87979317 0.00535000
vt 3.14159274 0.00380000
vt 3.14159274 0.00535000
vt 3.14159274 0.00380000
vt 3.40339208 0.00380000
vt 3.14159274 0.00535000
vt 3.14159274 0.00535000
vt 3.40339208 0.00380000
vt 3.40339208 0.00535000
vt 3.40339208 0.00380000
vt 3.66519141 0.00380000
vt 3.40339208 0.00535000
vt 3.40339208 0.00535000
vt 3.66519141 0.00380000
vt 3.66519141 0.00535000
vt 3.66519141 0.00380000
vt 3.92699075 0.00380000
vt 3.66519141 0.00535000
vt 3.66519141 0.00535000
vt 3.92699075 0.00380000
vt 3.92699075 0.00535000
vt 3.92699075 0.00380000
vt 4.18879032 0.00380000
vt 3.92699075 0.00535000
vt 3.92699075 0.00535000
vt 4.18879032 0.00380000
vt 4.18879032 0.00535000
vt 4.18879032 0.00380000
vt 4.45058966 0.00380000
vt 4.18879032 0.00535000
vt 4.18879032 0.00535000
vt 4.45058966 0.00380000
vt 4.45058966 0.00535000
vt 4.45058966 0.00380000
vt 4.71238899 0.00380000
vt 4.45058966 0.00535000
vt 4.45058966 0.00535000
vt 4.71238899 0.00380000
vt 4.71238899 0.00535000
vt 4.71238899 0.00380000
vt 4.97418833 0.00380000
vt 4.71238899 0.00535000
vt 4.71238899 0.00535000
vt 4.97418833 0.00380000
vt 4.97418833 0.00535000
vt 4.97418833 0.00380000
vt 5.23598766 0.00380000
vt 4.97418833 0.00535000
vt 4.97418833 0.00535000
vt 5.23598766 0.00380000
vt 5.23598766 0.00535000
vt 5.23598766 0.00380000
vt 5.49778700 0.00380000
vt 5.23598766 0.00535000
vt 5.23598766 0.00535000
vt 5.49778700 0.00380000
vt 5.49778700 0.00535000
vt 5.49778700 0.00380000
vt 5.75958633 0.00380000
vt 5.49778700 0.00535000
vt 5.49778700 0.00535000
vt 5.75958633 0.00380000
vt 5.75958633 0.00535000
vt 5.75958633 0.00380000
vt 6.02138615 0.00380000
vt 5.75958633 0.00535000
vt 5.75958633 0.00535000
vt 6.02138615 0.00380000
vt 6.02138615 0.00535000
vt 6.02138615 0.00380000
vt 6.28318548 0.00380000
vt 6.02138615 0.00535000
vt 6.02138615 0.00535000
vt 6.28318548 0.00380000
vt 6.28318548 0.00535000
vt 6.28318548 0.00380000
vt 6.54498482 0.00380000
vt 6.28318548 0.00535000
vt 3.14159274 0.01820000
vt 2.87979317 0.01820000
vt 2.96478629 0.01720000
vt 2.96478629 0.01720000
vt 2.87979317 0.01820000
vt 2.87979317 0.01720000
vt 2.87979317 0.01820000
vt 2.61799383 0.01820000
vt 2.87979317 0.01720000
vt 2.87979317 0.01720000
vt 2.61799383 0.01820000
vt 2.61799383 0.01720000
vt 2.61799383 0.01820000
vt 2.35619450 0.01820000
vt 2.61799383 0.01720000
vt 2.61799383 0.01720000
vt 2.35619450 0.01820000
vt 2.35619450 0.01720000
vt 2.35619450 0.01820000
vt 2.09439516 0.01820000
vt 2.35619450 0.01720000
vt 2.35619450 0.01720000
vt 2.09439516 0.01820000
vt 2.09439516 0.01720000
vt 2.09439516 0.01820000
vt 1.83259571 0.01820000
vt 2.09439516 0.01720000
vt 2.09439516 0.01720000
vt 1.83259571 0.01820000
vt 1.83259571 0.01720000
vt 1.83259571 0.01820000
vt 1.57079637 0.01820000
vt 1.83259571 0.01720000
vt 1.83259571 0.01720000
vt 1.57079637 0.01820000
vt 1.57079637 0.01720000
vt 1.57079637 0.01820000
vt 1.30899692 0.01820000
vt 1.57079637 0.01720000
vt 1.57079637 0.01720000
vt 1.30899692 0.01820000
vt 1.30899692 0.01720000
vt 1.30899692 0.01720000
vt 1.30899692 0.01820000
vt 1.07943738 0.01720000
vt 1.30899692 0.01820000
vt 1.06218076 0.01820000
vt 1.07943738 0.01720000
vt 1.07943738 0.01720000
vt 1.06218076 0.01820000
vt 1.04719758 0.01720000
vt 2.96478629 0.01720000
vt 3.14159274 0.01720000
vt 3.14159274 0.01820000
vt 3.14159274 0.01720000
vt 3.40339208 0.01720000
vt 3.14159274 0.01820000
vt 3.14159274 0.01820000
vt 3.40339208 0.01720000
vt 3.40339208 0.01820000
vt 3.40339208 0.01720000
vt 3.66519141 0.01720000
vt 3.40339208 0.01820000
vt 3.40339208 0.01820000
vt 3.66519141 0.01720000
vt 3.66519141 0.01820000
vt 3.66519141 0.01720000
vt 3.92699075 0.01720000
vt 3.66519141 0.01820000
vt 3.66519141 0.01820000
vt 3.92699075 0.01720000
vt 3.92699075 0.01820000
vt 3.92699075 0.01720000
vt 4.18879032 0.01720000
vt 3.92699075 0.01820000
vt 3.92699075 0.01820000
vt 4.18879032 0.01720000
vt 4.18879032 0.01820000
vt 4.18879032 0.01720000
vt 4.45058966 0.01720000
vt 4.18879032 0.01820000
vt 4.18879032 0.01820000
vt 4.45058966 0.01720000
vt 4.45058966 0.01820000
vt 4.45058966 0.01720000
vt 4.71238899 0.01720000
vt 4.45058966 0.01820000
vt 4.45058966 0.01820000
vt 4.71238899 0.01720000
vt 4.71238899 0.01820000
vt 4.71238899 0.01720000
vt 4.97418833 0.01720000
vt 4.71238899 0.01820000
vt 4.71238899 0.01820000
vt 4.97418833 0.01720000
vt 4.97418833 0.01820000
vt 4.97418833 0.01720000
vt 5.23598766 0.01720000
vt 4.97418833 0.01820000
vt 4.97418833 0.01820000
vt 5.23598766 0.01720000
vt 5.23598766 0.01820000
vt 5.23598766 0.01720000
vt 5.49778700 0.01720000
vt 5.23598766 0.01820000
vt 5.23598766 0.01820000
vt 5.49778700 0.01720000
vt 5.49778700 0.01820000
vt 5.49778700 0.01720000
vt 5.75958633 0.01720000
vt 5.49778700 0.01820000
vt 5.49778700 0.01820000
vt 5.75958633 0.01720000
vt 5.75958633 0.01820000
vt 5.75958633 0.01720000
vt 6.02138615 0.01720000
vt 5.75958633 0.01820000
vt 5.75958633 0.01820000
vt 6.02138615 0.01720000
vt 6.02138615 0.01820000
vt 6.02138615 0.01720000
vt 6.28318548 0.01720000
vt 6.02138615 0.01820000
vt 6.02138615 0.01820000
vt 6.28318548 0.01720000
vt 6.28318548 0.01820000
vt 6.28318548 0.01720000
vt 6.54498482 0.01720000
vt 6.28318548 0.01820000
vt 6.28318548 0.01820000
vt 6.54498482 0.01720000
vt 6.54498482 0.01820000
vt 6.54498482 0.01720000
vt 6.80678415 0.01720000
vt 6.54498482 0.01820000
vt 6.54498482 0.01820000
vt 6.80678415 0.01720000
vt 6.80678415 0.01820000
vt 6.80678415 0.01720000
vt 7.06858349 0.01720000
vt 6.80678415 0.01820000
vt 6.80678415 0.01820000
vt 7.06858349 0.01720000
vt 7.06858349 0.01820000
vt 7.06858349 0.01720000
vt 7.33038282 0.01720000
vt 7.06858349 0.01820000
vt 7.06858349 0.01820000
vt 7.33038282 0.01720000
vt 7.33038282 0.01820000
vt 7.33038282 0.01720000
vt 7.34536600 0.01820000
vt 7.33038282 0.01820000
vt 4.45058966 0.00100000
vt 4.18879032 0.00100000
vt 4.20377350 -0.00000000
vt 4.20377350 -0.00000000
vt 4.18879032 0.00100000
vt 4.18879032 -0.00000000
vt 4.18879032 0.00100000
vt 3.92699075 0.00100000
vt 4.18879032 -0.00000000
vt 4.18879032 -0.00000000
vt 3.92699075 0.00100000
vt 3.92699075 -0.00000000
vt 3.92699075 0.00100000
vt 3.66519141 0.00100000
vt 3.92699075 -0.00000000
vt 3.92699075 -0.00000000
vt 3.66519141 0.00100000
vt 3.66519141 -0.00000000
vt 3.66519141 0.00100000
vt 3.40339208 0.00100000
vt 3.66519141 -0.00000000
vt 3.66519141 -0.00000000
vt 3.40339208 0.00100000
vt 3.40339208 -0.00000000
vt 3.40339208 0.00100000
vt 3.14159274 0.00100000
vt 3.40339208 -0.00000000
vt 3.40339208 -0.00000000
vt 3.14159274 0.00100000
vt 3.14159274 -0.00000000
vt 3.14159274 0.00100000
vt 2.96478629 0.00100000
vt 3.14159274 -0.00000000
vt 3.14159274 -0.00000000
vt 2.96478629 0.00100000
vt 2.87979317 -0.00000000
vt 2.96478629 0.00100000
vt 2.87979317 0.00100000
vt 2.87979317 -0.00000000
vt 2.87979317 0.00100000
vt 2.61799383 0.00100000
vt 2.87979317 -0.00000000
vt 2.87979317 -0.00000000
vt 2.61799383 0.00100000
vt 2.61799383 -0.00000000
vt 2.61799383 0.00100000
vt 2.35619450 0.00100000
vt 2.61799383 -0.00000000
vt 2.61799383 -0.00000000
vt 2.35619450 0.00100000
vt 2.35619450 -0.00000000
vt 2.35619450 0.00100000
vt 2.09439516 0.00100000
vt 2.35619450 -0.00000000
vt 2.35619450 -0.00000000
vt 2.09439516 0.00100000
vt 2.09439516 -0.00000000
vt 2.09439516 0.00100000
vt 1.83259571 0.00100000
vt 2.09439516 -0.00000000
vt 2.09439516 -0.00000000
vt 1.83259571 0.00100000
vt 1.83259571 -0.00000000
vt 1.83259571 0.00100000
vt 1.57079637 0.00100000
vt 1.83259571 -0.00000000
vt 1.83259571 -0.00000000
vt 1.57079637 0.00100000
vt 1.57079637 -0.00000000
vt 1.57079637 0.00100000
vt 1.30899692 0.00100000
vt 1.57079637 -0.00000000
vt 1.57079637 -0.00000000
vt 1.30899692 0.00100000
vt 1.30899692 -0.00000000
vt 1.30899692 0.00100000
vt 1.07943738 0.00100000
vt 1.30899692 -0.00000000
vt 1.30899692 -0.00000000
vt 1.07943738 0.00100000
vt 1.04719758 -0.00000000
vt 4.20377350 -0.00000000
vt 4.45058966 -0.00000000
vt 4.45058966 0.00100000
vt 4.45058966 -0.00000000
vt 4.71238899 -0.00000000
vt 4.45058966 0.00100000
vt 4.45058966 0.00100000
vt 4.71238899 -0.00000000
vt 4.71238899 0.00100000
vt 4.71238899 -0.00000000
vt 4.97418833 -0.00000000
vt 4.71238899 0.00100000
vt 4.71238899 0.00100000
vt 4.97418833 -0.00000000
vt 4.97418833 0.00100000
vt 4.97418833 -0.00000000
vt 5.23598766 -0.00000000
vt 4.97418833 0.00100000
vt 4.97418833 0.00100000
vt 5.23598766 -0.00000000
vt 5.23598766 0.00100000
vt 5.23598766 -0.00000000
vt 5.49778700 -0.00000000
vt 5.23598766 0.00100000
vt 5.23598766 0.00100000
vt 5.49778700 -0.00000000
vt 5.49778700 0.00100000
vt 5.49778700 -0.00000000
vt 5.75958633 -0.00000000
vt 5.49778700 0.00100000
vt 5.49778700 0.00100000
vt 5.75958633 -0.00000000
vt 5.75958633 0.00100000
vt 5.75958633 -0.00000000
vt 6.02138615 -0.00000000
vt 5.75958633 0.00100000
vt 5.75958633 0.00100000
vt 6.02138615 -0.00000000
vt 6.02138615 0.00100000
vt 6.02138615 -0.00000000
vt 6.28318548 -0.00000000
vt 6.02138615 0.00100000
vt 6.02138615 0.00100000
vt 6.28318548 -0.00000000
vt 6.28318548 0.00100000
vt 6.28318548 -0.00000000
vt 6.54498482 -0.00000000
vt 6.28318548 0.00100000
vt 6.28318548 0.00100000
vt 6.54498482 -0.00000000
vt 6.54498482 0.00100000
vt 6.54498482 -0.00000000
vt 6.80678415 -0.00000000
vt 6.54498482 0.00100000
vt 6.54498482 0.00100000
vt 6.80678415 -0.00000000
vt 6.80678415 0.00100000
vt 6.80678415 -0.00000000
vt 7.06858349 -0.00000000
vt 6.80678415 0.00100000
vt 6.80678415 0.00100000
vt 7.06858349 -0.00000000
vt 7.06858349 0.00100000
vt 7.06858349 -0.00000000
vt 7.33038282 -0.00000000
vt 7.06858349 0.00100000
vt 7.06858349 0.00100000
vt 7.33038282 -0.00000000
vt 7.33038282 0.00100000
vt 7.33038282 -0.00000000
vt 7.36262274 0.00100000
vt 7.33038282 0.00100000
vt 4.45058966 0.01820000
vt 4.18879032 0.01820000
vt 4.22103024 0.01720000
vt 4.22103024 0.01720000
vt 4.18879032 0.01820000
vt 4.18879032 0.01720000
vt 4.18879032 0.01820000
vt 3.92699075 0.01820000
vt 4.18879032 0.01720000
vt 4.18879032 0.01720000
vt 3.92699075 0.01820000
vt 3.92699075 0.01720000
vt 3.92699075 0.01820000
vt 3.66519141 0.01820000
vt 3.92699075 0.01720000
vt 3.92699075 0.01720000
vt 3.66519141 0.01820000
vt 3.66519141 0.01720000
vt 3.66519141 0.01820000
vt 3.40339208 0.01820000
vt 3.66519141 0.01720000
vt 3.66519141 0.01720000
vt 3.40339208 0.01820000
vt 3.40339208 0.01720000
vt 3.40339208 0.01820000
vt 3.14159274 0.01820000
vt 3.40339208 0.01720000
vt 3.40339208 0.01720000
vt 3.14159274 0.01820000
vt 3.14159274 0.01720000
vt 3.14159274 0.01820000
vt 2.87979317 0.01820000
vt 3.14159274 0.01720000
vt 3.14159274 0.01720000
vt 2.87979317 0.01820000
vt 2.87979317 0.01720000
vt 2.87979317 0.01820000
vt 2.61799383 0.01820000
vt 2.87979317 0.01720000
vt 2.87979317 0.01720000
vt 2.61799383 0.01820000
vt 2.61799383 0.01720000
vt 2.61799383 0.01820000
vt 2.35619450 0.01820000
vt 2.61799383 0.01720000
vt 2.61799383 0.01720000
vt 2.35619450 0.01820000
vt 2.35619450 0.01720000
vt 2.35619450 0.01820000
vt 2.09439516 0.01820000
vt 2.35619450 0.01720000
vt 2.35619450 0.01720000
vt 2.09439516 0.01820000
vt 2.09439516 0.01720000
vt 2.09439516 0.01820000
vt 1.83259571 0.01820000
vt 2.09439516 0.01720000
vt 2.09439516 0.01720000
vt 1.83259571 0.01820000
vt 1.83259571 0.01720000
vt 1.83259571 0.01720000
vt 1.83259571 0.01820000
vt 1.74305570 0.01720000
vt 1.83259571 0.01820000
vt 1.57079637 0.01820000
vt 1.74305570 0.01720000
vt 1.74305570 0.01720000
vt 1.57079637 0.01820000
vt 1.57079637 0.01720000
vt 1.57079637 0.01820000
vt 1.30899692 0.01820000
vt 1.57079637 0.01720000
vt 1.57079637 0.01720000
vt 1.30899692 0.01820000
vt 1.30899692 0.01720000
vt 1.30899692 0.01820000
vt 1.06218076 0.01820000
vt 1.30899692 0.01720000
vt 1.30899692 0.01720000
vt 1.06218076 0.01820000
vt 1.04719758 0.01720000
vt 4.22103024 0.01720000
vt 4.45058966 0.01720000
vt 4.45058966 0.01820000
vt 4.45058966 0.01720000
vt 4.71238899 0.01720000
vt 4.45058966 0.01820000
vt 4.45058966 0.01820000
vt 4.71238899 0.01720000
vt 4.71238899 0.01820000
vt 4.71238899 0.01720000
vt 4.97418833 0.01720000
vt 4.71238899 0.01820000
vt 4.71238899 0.01820000
vt 4.97418833 0.01720000
vt 4.97418833 0.01820000
vt 4.97418833 0.01720000
vt 5.23598766 0.01720000
vt 4.97418833 0.01820000
vt 4.97418833 0.01820000
vt 5.23598766 0.01720000
vt 5.23598766 0.01820000
vt 5.23598766 0.01720000
vt 5.49778700 0.01720000
vt 5.23598766 0.01820000
vt 5.23598766 0.01820000
vt 5.49778700 0.01720000
vt 5.49778700 0.01820000
vt 5.49778700 0.01720000
vt 5.75958633 0.01720000
vt 5.49778700 0.01820000
vt 5.49778700 0.01820000
vt 5.75958633 0.01720000
vt 5.75958633 0.01820000
vt 5.75958633 0.01720000
vt 6.02138615 0.01720000
vt 5.75958633 0.01820000
vt 5.75958633 0.01820000
vt 6.02138615 0.01720000
vt 6.02138615 0.01820000
vt 6.02138615 0.01720000
vt 6.28318548 0.01720000
vt 6.02138615 0.01820000
vt 6.02138615 0.01820000
vt 6.28318548 0.01720000
vt 6.28318548 0.01820000
vt 6.28318548 0.01720000
vt 6.54498482 0.01720000
vt 6.28318548 0.01820000
vt 6.28318548 0.01820000
vt 6.54498482 0.01720000
vt 6.54498482 0.01820000
vt 6.54498482 0.01720000
vt 6.80678415 0.01720000
vt 6.54498482 0.01820000
vt 6.54498482 0.01820000
vt 6.80678415 0.01720000
vt 6.80678415 0.01820000
vt 6.80678415 0.01720000
vt 7.06858349 0.01720000
vt 6.80678415 0.01820000
vt 6.80678415 0.01820000
vt 7.06858349 0.01720000
vt 7.06858349 0.01820000
vt 7.06858349 0.01720000
vt 7.33038282 0.01720000
vt 7.06858349 0.01820000
vt 7.06858349 0.01820000
vt 7.33038282 0.01720000
vt 7.33038282 0.01820000
vt 7.33038282 0.01720000
vt 7.34536600 0.01820000
vt 7.33038282 0.01820000
vt 4.18879032 -0.00000000
vt 3.92699075 0.00100000
vt 3.92699075 -0.00000000
vt 3.92699075 0.00100000
vt 3.66519141 0.00100000
vt 3.92699075 -0.00000000
vt 3.92699075 -0.00000000
vt 3.66519141 0.00100000
vt 3.66519141 -0.00000000
vt 3.66519141 0.00100000
vt 3.40339208 0.00100000
vt 3.66519141 -0.00000000
vt 3.66519141 -0.00000000
vt 3.40339208 0.00100000
vt 3.40339208 -0.00000000
vt 3.40339208 0.00100000
vt 3.14159274 0.00100000
vt 3.40339208 -0.00000000
vt 3.40339208 -0.00000000
vt 3.14159274 0.00100000
vt 3.14159274 -0.00000000
vt 3.14159274 0.00100000
vt 2.87979317 0.00100000
vt 3.14159274 -0.00000000
vt 3.14159274 -0.00000000
vt 2.87979317 0.00100000
vt 2.87979317 -0.00000000
vt 2.87979317 0.00100000
vt 2.61799383 0.00100000
vt 2.87979317 -0.00000000
vt 2.87979317 -0.00000000
vt 2.61799383 0.00100000
vt 2.61799383 -0.00000000
vt 2.61799383 0.00100000
vt 2.35619450 0.00100000
vt 2.61799383 -0.00000000
vt 2.61799383 -0.00000000
vt 2.35619450 0.00100000
vt 2.35619450 -0.00000000
vt 2.35619450 0.00100000
vt 2.09439516 0.00100000
vt 2.35619450 -0.00000000
vt 2.35619450 -0.00000000
vt 2.09439516 0.00100000
vt 2.09439516 -0.00000000
vt 2.09439516 0.00100000
vt 1.83259571 0.00100000
vt 2.09439516 -0.00000000
vt 2.09439516 -0.00000000
vt 1.83259571 0.00100000
vt 1.83259571 -0.00000000
vt 1.83259571 0.00100000
vt 1.74305570 0.00100000
vt 1.83259571 -0.00000000
vt 1.83259571 -0.00000000
vt 1.74305570 0.00100000
vt 1.57079637 -0.00000000
vt 1.74305570 0.00100000
vt 1.57079637 0.00100000
vt 1.57079637 -0.00000000
vt 1.57079637 0.00100000
vt 1.30899692 0.00100000
vt 1.57079637 -0.00000000
vt 1.57079637 -0.00000000
vt 1.30899692 0.00100000
vt 1.30899692 -0.00000000
vt 1.30899692 0.00100000
vt 1.04719758 0.00100000
vt 1.30899692 -0.00000000
vt 1.30899692 -0.00000000
vt 1.04719758 0.00100000
vt 1.04719758 -0.00000000
vt 1.04719758 0.00100000
vt 0.78539819 0.00100000
vt 1.04719758 -0.00000000
vt 1.04719758 -0.00000000
vt 0.78539819 0.00100000
vt 0.78539819 -0.00000000
vt 0.78539819 0.00100000
vt 0.52359879 0.00100000
vt 0.78539819 -0.00000000
vt 0.78539819 -0.00000000
vt 0.52359879 0.00100000
vt 0.52359879 -0.00000000
vt 0.52359879 0.00100000
vt 0.26179940 0.00100000
vt 0.52359879 -0.00000000
vt 0.52359879 -0.00000000
vt 0.26179940 0.00100000
vt 0.26179940 -0.00000000
vt 0.26179940 0.00100000
vt 0.00000000 0.00100000
vt 0.26179940 -0.00000000
vt 0.26179940 -0.00000000
vt 0.00000000 0.00100000
vt 0.00000000 -0.00000000
vt 0.00000000 0.00100000
vt -0.26179940 0.00100000
vt 0.00000000 -0.00000000
vt 0.00000000 -0.00000000
vt -0.26179940 0.00100000
vt -0.26179940 -0.00000000
vt -0.26179940 0.00100000
vt -0.52359879 0.00100000
vt -0.26179940 -0.00000000
vt -0.26179940 -0.00000000
vt -0.52359879 0.00100000
vt -0.52359879 -0.00000000
vt -0.52359879 0.00100000
vt -0.78539819 0.00100000
vt -0.52359879 -0.00000000
vt -0.52359879 -0.00000000
vt -0.78539819 0.00100000
vt -0.78539819 -0.00000000
vt -0.78539819 0.00100000
vt -1.04719758 0.00100000
vt -0.78539819 -0.00000000
vt -0.78539819 -0.00000000
vt -1.04719758 0.00100000
vt -1.04719758 -0.00000000
vt -1.04719758 0.00100000
vt -1.30899692 0.00100000
vt -1.04719758 -0.00000000
vt -1.04719758 -0.00000000
vt -1.30899692 0.00100000
vt -1.30899692 -0.00000000
vt -1.30899692 0.00100000
vt -1.57079637 0.00100000
vt -1.30899692 -0.00000000
vt -1.30899692 -0.00000000
vt -1.57079637 0.00100000
vt -1.57079637 -0.00000000
vt -1.57079637 0.00100000
vt -1.83259571 0.00100000
vt -1.57079637 -0.00000000
vt -1.57079637 -0.00000000
vt -1.83259571 0.00100000
vt -1.83259571 -0.00000000
vt -1.83259571 0.00100000
vt -2.06215525 0.00100000
vt -1.83259571 -0.00000000
vt -1.83259571 -0.00000000
vt -2.06215525 0.00100000
vt -2.09439516 -0.00000000
vt -2.06215525 0.00100000
vt -2.09439516 0.00100000
vt -2.09439516 -0.00000000
vt -2.09439516 -0.00000000
vt -2.09439516 0.00100000
vt -2.35619450 0.00100000
vt 6.63225126 0.00000000
vt 6.63225126 0.00080000
vt 6.37045193 0.00080000
vt 6.63225126 0.00000000
vt 6.37045193 0.00080000
vt 6.37045193 -0.00000000
vt 6.37045193 0.00080000
vt 6.10865259 0.00080000
vt 6.37045193 -0.00000000
vt 6.37045193 -0.00000000
vt 6.10865259 0.00080000
vt 6.10865259 -0.00000000
vt 6.10865259 0.00080000
vt 5.84685278 0.00080000
vt 6.10865259 -0.00000000
vt 6.10865259 -0.00000000
vt 5.84685278 0.00080000
vt 5.84685278 -0.00000000
vt 5.84685278 0.00080000
vt 5.58505344 0.00080000
vt 5.84685278 -0.00000000
vt 5.84685278 -0.00000000
vt 5.58505344 0.00080000
vt 5.58505344 -0.00000000
vt 5.58505344 0.00080000
vt 5.32325411 0.00080000
vt 5.58505344 -0.00000000
vt 5.58505344 -0.00000000
vt 5.32325411 0.00080000
vt 5.32325411 -0.00000000
vt 5.32325411 0.00080000
vt 5.06145477 0.00080000
vt 5.32325411 -0.00000000
vt 5.32325411 -0.00000000
vt 5.06145477 0.00080000
vt 5.06145477 -0.00000000
vt 5.06145477 0.00080000
vt 4.79965544 0.00080000
vt 5.06145477 -0.00000000
vt 5.06145477 -0.00000000
vt 4.79965544 0.00080000
vt 4.79965544 -0.00000000
vt 4.79965544 0.00080000
vt 4.53785610 0.00080000
vt 4.79965544 -0.00000000
vt 4.79965544 -0.00000000
vt 4.53785610 0.00080000
vt 4.53785610 -0.00000000
vt 4.53785610 0.00080000
vt 4.27605677 0.00080000
vt 4.53785610 -0.00000000
vt 4.53785610 -0.00000000
vt 4.27605677 0.00080000
vt 4.27605677 -0.00000000
vt 4.27605677 0.00080000
vt 4.01425743 0.00080000
vt 4.27605677 -0.00000000
vt 4.27605677 -0.00000000
vt 4.01425743 0.00080000
vt 4.01425743 -0.00000000
vt 4.01425743 0.00080000
vt 3.75245786 0.00080000
vt 4.01425743 -0.00000000
vt 4.01425743 -0.00000000
vt 3.75245786 0.00080000
vt 3.75245786 -0.00000000
vt 3.75245786 0.00080000
vt 3.49065852 0.00080000
vt 3.75245786 -0.00000000
vt 3.75245786 -0.00000000
vt 3.49065852 0.00080000
vt 3.49065852 -0.00000000
vt 6.63225126 0.00080000
vt 6.63225126 0.01540000
vt 6.37045193 0.01540000
vt 6.63225126 0.00080000
vt 6.37045193 0.01540000
vt 6.37045193 0.00080000
vt 6.37045193 0.01540000
vt 6.10865259 0.01540000
vt 6.37045193 0.00080000
vt 6.37045193 0.00080000
vt 6.10865259 0.01540000
vt 6.10865259 0.00080000
vt 6.10865259 0.01540000
vt 5.84685278 0.01540000
vt 6.10865259 0.00080000
vt 6.10865259 0.00080000
vt 5.84685278 0.01540000
vt 5.84685278 0.00080000
vt 5.84685278 0.01540000
vt 5.58505344 0.01540000
vt 5.84685278 0.00080000
vt 5.84685278 0.00080000
vt 5.58505344 0.01540000
vt 5.58505344 0.00080000
vt 5.58505344 0.01540000
vt 5.32325411 0.01540000
vt 5.58505344 0.00080000
vt 5.58505344 0.00080000
vt 5.32325411 0.01540000
vt 5.32325411 0.00080000
vt 5.32325411 0.01540000
vt 5.06145477 0.01540000
vt 5.32325411 0.00080000
vt 5.32325411 0.00080000
vt 5.06145477 0.01540000
vt 5.06145477 0.00080000
vt 5.06145477 0.01540000
vt 4.79965544 0.01540000
vt 5.06145477 0.00080000
vt 5.06145477 0.00080000
vt 4.79965544 0.01540000
vt 4.79965544 0.00080000
vt 4.79965544 0.01540000
vt 4.53785610 0.01540000
vt 4.79965544 0.00080000
vt 4.79965544 0.00080000
vt 4.53785610 0.01540000
vt 4.53785610 0.00080000
vt 4.53785610 0.01540000
vt 4.27605677 0.01540000
vt 4.53785610 0.00080000
vt 4.53785610 0.00080000
vt 4.27605677 0.01540000
vt 4.27605677 0.00080000
vt 4.27605677 0.01540000
vt 4.01425743 0.01540000
vt 4.27605677 0.00080000
vt 4.27605677 0.00080000
vt 4.01425743 0.01540000
vt 4.01425743 0.00080000
vt 4.01425743 0.01540000
vt 3.75245786 0.01540000
vt 4.01425743 0.00080000
vt 4.01425743 0.00080000
vt 3.75245786 0.01540000
vt 3.75245786 0.00080000
vt 3.75245786 0.01540000
vt 3.49065852 0.01540000
vt 3.75245786 0.00080000
vt 3.75245786 0.00080000
vt 3.49065852 0.01540000
vt 3.49065852 0.00080000
vt -0.00830713 -0.02310114
vt -0.00919381 -0.02270495
vt -0.01301548 -0.02310114
vt -0.00919381 -0.02270495
vt -0.01034587 -0.02184806
vt -0.01301548 -0.02310114
vt -0.01301548 -0.02310114
vt -0.01034587 -0.02184806
vt -0.01123689 -0.02072220
vt -0.00933654 -0.01317974
vt -0.01301548 -0.00690114
vt -0.01046240 -0.01407076
vt -0.01301548 -0.00690114
vt -0.01131929 -0.01522282
vt -0.01046240 -0.01407076
vt 0.00282106 -0.00472140
vt -0.00101630 -0.01799605
vt 0.00394692 -0.00383038
vt -0.00101630 -0.01799605
vt 0.00427362 -0.00346210
vt 0.00394692 -0.00383038
vt -0.01123689 -0.02072220
vt -0.01180615 -0.01940409
vt -0.01301548 -0.02310114
vt -0.01180615 -0.01940409
vt -0.01201487 -0.01798355
vt -0.01301548 -0.02310114
vt -0.01301548 -0.02310114
vt -0.01201487 -0.01798355
vt -0.01301548 -0.00690114
vt -0.01201487 -0.01798355
vt -0.01184881 -0.01655740
vt -0.01301548 -0.00690114
vt -0.01301548 -0.00690114
vt -0.01184881 -0.01655740
vt -0.01131929 -0.01522282
vt -0.00549938 -0.00008240
vt -0.00549918 0.00009491
vt -0.00634571 -0.00223092
vt 0.00008240 -0.00549938
vt -0.00179408 -0.01508009
vt -0.00122482 -0.01639820
vt -0.00634571 -0.00223092
vt -0.00713112 -0.00377237
vt -0.00659789 -0.01240176
vt -0.00713112 -0.00377237
vt -0.00826611 -0.00507803
vt -0.00659789 -0.01240176
vt -0.00659789 -0.01240176
vt -0.00826611 -0.00507803
vt -0.00801843 -0.01261048
vt -0.00826611 -0.00507803
vt -0.00968326 -0.00607033
vt -0.00801843 -0.01261048
vt -0.00801843 -0.01261048
vt -0.00968326 -0.00607033
vt -0.00933654 -0.01317974
vt -0.00968326 -0.00607033
vt -0.01129836 -0.00669031
vt -0.00933654 -0.01317974
vt -0.00933654 -0.01317974
vt -0.01129836 -0.00669031
vt -0.01301548 -0.00690114
vt -0.00383038 -0.00394692
vt -0.00472140 -0.00282106
vt -0.00659789 -0.01240176
vt 0.00282106 -0.00472140
vt 0.00150294 -0.00529067
vt -0.00101630 -0.01799605
vt 0.00150294 -0.00529067
vt 0.00008240 -0.00549938
vt -0.00101630 -0.01799605
vt -0.00101630 -0.01799605
vt 0.00008240 -0.00549938
vt -0.00101610 -0.01781874
vt 0.00008240 -0.00549938
vt -0.00122482 -0.01639820
vt -0.00101610 -0.01781874
vt -0.00659789 -0.01240176
vt -0.00472140 -0.00282106
vt -0.00634571 -0.00223092
vt -0.00472140 -0.00282106
vt -0.00529067 -0.00150294
vt -0.00634571 -0.00223092
vt -0.00634571 -0.00223092
vt -0.00529067 -0.00150294
vt -0.00549938 -0.00008240
vt -0.00383038 -0.00394692
vt -0.00659789 -0.01240176
vt -0.00267833 -0.00480381
vt -0.00659789 -0.01240176
vt -0.00517174 -0.01256782
vt -0.00267833 -0.00480381
vt -0.00267833 -0.00480381
vt -0.00517174 -0.01256782
vt -0.00134375 -0.00533332
vt -0.00517174 -0.01256782
vt -0.00383716 -0.01309734
vt -0.00134375 -0.00533332
vt -0.00134375 -0.00533332
vt -0.00383716 -0.01309734
vt 0.00008240 -0.00549938
vt -0.00383716 -0.01309734
vt -0.00268510 -0.01395422
vt 0.00008240 -0.00549938
vt 0.00008240 -0.00549938
vt -0.00268510 -0.01395422
vt -0.00179408 -0.01508009
vt 0.00652857 -0.00556874
vt 0.00688395 -0.00554583
vt 0.00691991 -0.00562295
vt 0.00734992 -0.00402319
vt 0.00688708 -0.00529484
vt 0.00665303 -0.00539090
vt 0.00688708 -0.00529484
vt 0.00686711 -0.00537755
vt 0.00665303 -0.00539090
vt 0.00665303 -0.00539090
vt 0.00686711 -0.00537755
vt 0.00652857 -0.00556874
vt 0.00686711 -0.00537755
vt 0.00686605 -0.00546264
vt 0.00652857 -0.00556874
vt 0.00652857 -0.00556874
vt 0.00686605 -0.00546264
vt 0.00688395 -0.00554583
vt 0.00691991 -0.00562295
vt 0.00697213 -0.00569013
vt 0.00652857 -0.00556874
vt 0.00697213 -0.00569013
vt 0.00703799 -0.00574401
vt 0.00652857 -0.00556874
vt 0.00652857 -0.00556874
vt 0.00703799 -0.00574401
vt 0.00711419 -0.00578189
vt 0.00529484 -0.00688708
vt 0.00402319 -0.00734992
vt 0.00539090 -0.00665303
vt 0.00578189 -0.00711419
vt 0.00574401 -0.00703799
vt 0.00556874 -0.00652857
vt 0.00574401 -0.00703799
vt 0.00569013 -0.00697213
vt 0.00556874 -0.00652857
vt 0.00556874 -0.00652857
vt 0.00569013 -0.00697213
vt 0.00562295 -0.00691991
vt 0.00562295 -0.00691991
vt 0.00554583 -0.00688395
vt 0.00556874 -0.00652857
vt 0.00554583 -0.00688395
vt 0.00546264 -0.00686605
vt 0.00556874 -0.00652857
vt 0.00556874 -0.00652857
vt 0.00546264 -0.00686605
vt 0.00539090 -0.00665303
vt 0.00546264 -0.00686605
vt 0.00537755 -0.00686711
vt 0.00539090 -0.00665303
vt 0.00539090 -0.00665303
vt 0.00537755 -0.00686711
vt 0.00529484 -0.00688708
vt -0.00360000 -0.00600000
vt -0.00360000 -0.00562000
vt 0.00360000 -0.00600000
vt -0.00360000 -0.00562000
vt 0.00360000 -0.00562000
vt 0.00360000 -0.00600000
vt -0.01540000 -0.00000000
vt -0.01540000 0.00426674
vt -0.00080000 -0.00000000
vt -0.01540000 0.00426674
vt -0.01170000 0.00426674
vt -0.00080000 -0.00000000
vt -0.00080000 0.00426674
vt -0.00080000 -0.00000000
vt -0.00450000 0.00426674
vt -0.00080000 -0.00000000
vt -0.01170000 0.00426674
vt -0.00450000 0.00426674
vt -0.00450000 0.00426674
vt -0.01170000 0.00426674
vt -0.00450000 0.00562000
vt -0.01170000 0.00426674
vt -0.01170000 0.00562000
vt -0.00450000 0.00562000
vt 0.34906584 0.01170000
vt 0.34906584 0.01540000
vt 0.59341192 0.01170000
vt 0.34906584 0.01540000
vt 0.59341192 0.01540000
vt 0.59341192 0.01170000
vt 0.59341192 0.01170000
vt 0.59341192 0.01540000
vt 0.62787974 0.01170000
vt 0.59341192 0.01540000
vt 0.83775806 0.01540000
vt 0.62787974 0.01170000
vt 0.62787974 0.01170000
vt 0.83775806 0.01540000
vt 0.62787974 0.00450000
vt 0.34906584 0.00080000
vt 0.34906584 0.00450000
vt 0.59341192 0.00080000
vt 0.34906584 0.00450000
vt 0.59341192 0.00450000
vt 0.59341192 0.00080000
vt 0.59341192 0.00080000
vt 0.59341192 0.00450000
vt 0.83775806 0.00080000
vt 0.59341192 0.00450000
vt 0.62787974 0.00450000
vt 0.83775806 0.00080000
vt 0.62787974 0.00450000
vt 0.83775806 0.01540000
vt 0.83775806 0.00080000
vt 0.83775806 0.00080000
vt 0.83775806 0.01540000
vt 1.08210409 0.00080000
vt 0.83775806 0.01540000
vt 1.08210409 0.01540000
vt 1.08210409 0.00080000
vt 1.08210409 0.00080000
vt 1.08210409 0.01540000
vt 1.32645023 0.00080000
vt 1.08210409 0.01540000
vt 1.32645023 0.01540000
vt 1.32645023 0.00080000
vt 1.32645023 0.00080000
vt 1.32645023 0.01540000
vt 1.57079637 0.00080000
vt 1.32645023 0.01540000
vt 1.57079637 0.01540000
vt 1.57079637 0.00080000
vt -0.01540000 -0.01780000
vt -0.00874705 -0.01491481
vt -0.00810000 -0.01500000
vt -0.01285882 -0.01346593
vt -0.01260000 -0.01350000
vt -0.01540000 -0.01780000
vt -0.01260000 -0.01350000
vt -0.01234118 -0.01346593
vt -0.01540000 -0.01780000
vt -0.01540000 -0.01780000
vt -0.01234118 -0.01346593
vt -0.01210000 -0.01336602
vt -0.01540000 -0.01780000
vt -0.00810000 -0.01500000
vt -0.00080000 -0.01780000
vt -0.00810000 -0.01500000
vt -0.00745295 -0.01491481
vt -0.00080000 -0.01780000
vt -0.00080000 -0.01780000
vt -0.00745295 -0.01491481
vt -0.00685000 -0.01466506
vt -0.01189289 -0.01179289
vt -0.01210000 -0.01163397
vt -0.01026506 -0.01125000
vt -0.00360000 -0.01350000
vt -0.00080000 -0.01780000
vt -0.00385882 -0.01346593
vt -0.00080000 -0.01780000
vt -0.00685000 -0.01466506
vt -0.00385882 -0.01346593
vt -0.00385882 -0.01346593
vt -0.00685000 -0.01466506
vt -0.00410000 -0.01336602
vt -0.00685000 -0.01466506
vt -0.00633223 -0.01426777
vt -0.00410000 -0.01336602
vt -0.00410000 -0.01336602
vt -0.00633223 -0.01426777
vt -0.00430711 -0.01320711
vt -0.01540000 -0.00000000
vt -0.00080000 -0.00000000
vt -0.01210000 -0.01163397
vt -0.00080000 -0.00000000
vt -0.00385882 -0.01153407
vt -0.00410000 -0.01163397
vt -0.01356593 -0.01275882
vt -0.01346603 -0.01300000
vt -0.01620000 -0.01700000
vt -0.01346603 -0.01300000
vt -0.01330711 -0.01320711
vt -0.01620000 -0.01700000
vt -0.01620000 -0.01700000
vt -0.01330711 -0.01320711
vt -0.01540000 -0.01780000
vt -0.01330711 -0.01320711
vt -0.01310000 -0.01336602
vt -0.01540000 -0.01780000
vt -0.01540000 -0.01780000
vt -0.01310000 -0.01336602
vt -0.01285882 -0.01346593
vt -0.00360000 -0.01350000
vt -0.00334118 -0.01346593
vt -0.00080000 -0.01780000
vt -0.00334118 -0.01346593
vt -0.00310000 -0.01336602
vt -0.00080000 -0.01780000
vt -0.00080000 -0.01780000
vt -0.00310000 -0.01336602
vt 0.00000000 -0.01700000
vt -0.00310000 -0.01336602
vt -0.00289289 -0.01320711
vt 0.00000000 -0.01700000
vt 0.00000000 -0.01700000
vt -0.00289289 -0.01320711
vt -0.00273397 -0.01300000
vt -0.00273397 -0.01300000
vt -0.00263407 -0.01275882
vt 0.00000000 -0.01700000
vt -0.00263407 -0.01275882
vt -0.00260000 -0.01250000
vt 0.00000000 -0.01700000
vt 0.00000000 -0.01700000
vt -0.00260000 -0.01250000
vt 0.00000000 -0.00080000
vt -0.00260000 -0.01250000
vt -0.00263407 -0.01224118
vt 0.00000000 -0.00080000
vt 0.00000000 -0.00080000
vt -0.00263407 -0.01224118
vt -0.00273397 -0.01200000
vt 0.00000000 -0.00080000
vt -0.00334118 -0.01153407
vt -0.00080000 -0.00000000
vt -0.00334118 -0.01153407
vt -0.00360000 -0.01150000
vt -0.00080000 -0.00000000
vt -0.00080000 -0.00000000
vt -0.00360000 -0.01150000
vt -0.00385882 -0.01153407
vt -0.00593494 -0.01125000
vt -0.00633223 -0.01073223
vt -0.00410000 -0.01163397
vt -0.00633223 -0.01073223
vt -0.00685000 -0.01033494
vt -0.00410000 -0.01163397
vt -0.00410000 -0.01163397
vt -0.00685000 -0.01033494
vt -0.00080000 -0.00000000
vt -0.00685000 -0.01033494
vt -0.00745295 -0.01008519
vt -0.00080000 -0.00000000
vt -0.00080000 -0.00000000
vt -0.00745295 -0.01008519
vt -0.00810000 -0.01000000
vt -0.01210000 -0.01163397
vt -0.01234118 -0.01153407
vt -0.01540000 -0.00000000
vt -0.01234118 -0.01153407
vt -0.01260000 -0.01150000
vt -0.01540000 -0.00000000
vt -0.01540000 -0.00000000
vt -0.01260000 -0.01150000
vt -0.01620000 -0.00080000
vt -0.01260000 -0.01150000
vt -0.01285882 -0.01153407
vt -0.01620000 -0.00080000
vt -0.01620000 -0.00080000
vt -0.01285882 -0.01153407
vt -0.01310000 -0.01163397
vt -0.01620000 -0.00080000
vt -0.01356593 -0.01224118
vt -0.01620000 -0.01700000
vt -0.01356593 -0.01224118
vt -0.01360000 -0.01250000
vt -0.01620000 -0.01700000
vt -0.01620000 -0.01700000
vt -0.01360000 -0.01250000
vt -0.01356593 -0.01275882
vt -0.00273397 -0.01200000
vt -0.00289289 -0.01179289
vt 0.00000000 -0.00080000
vt -0.00289289 -0.01179289
vt -0.00310000 -0.01163397
vt 0.00000000 -0.00080000
vt 0.00000000 -0.00080000
vt -0.00310000 -0.01163397
vt -0.00334118 -0.01153407
vt -0.00810000 -0.01000000
vt -0.00874705 -0.01008519
vt -0.00080000 -0.00000000
vt -0.00874705 -0.01008519
vt -0.00935000 -0.01033494
vt -0.00080000 -0.00000000
vt -0.00080000 -0.00000000
vt -0.00935000 -0.01033494
vt -0.01210000 -0.01163397
vt -0.00935000 -0.01033494
vt -0.00986777 -0.01073223
vt -0.01210000 -0.01163397
vt -0.01210000 -0.01163397
vt -0.00986777 -0.01073223
vt -0.01026506 -0.01125000
vt -0.01310000 -0.01163397
vt -0.01330711 -0.01179289
vt -0.01620000 -0.00080000
vt -0.01330711 -0.01179289
vt -0.01346603 -0.01200000
vt -0.01620000 -0.00080000
vt -0.01620000 -0.00080000
vt -0.01346603 -0.01200000
vt -0.01356593 -0.01224118
vt -0.00430711 -0.01320711
vt -0.00633223 -0.01426777
vt -0.00446603 -0.01300000
vt -0.00633223 -0.01426777
vt -0.00593494 -0.01375000
vt -0.00446603 -0.01300000
vt -0.00446603 -0.01300000
vt -0.00593494 -0.01375000
vt -0.00456593 -0.01275882
vt -0.00593494 -0.01375000
vt -0.00568519 -0.01314705
vt -0.00456593 -0.01275882
vt -0.00456593 -0.01275882
vt -0.00568519 -0.01314705
vt -0.00460000 -0.01250000
vt -0.00568519 -0.01314705
vt -0.00560000 -0.01250000
vt -0.00460000 -0.01250000
vt -0.00460000 -0.01250000
vt -0.00560000 -0.01250000
vt -0.00456593 -0.01224118
vt -0.00560000 -0.01250000
vt -0.00568519 -0.01185295
vt -0.00456593 -0.01224118
vt -0.00456593 -0.01224118
vt -0.00568519 -0.01185295
vt -0.00446603 -0.01200000
vt -0.00593494 -0.01125000
vt -0.00410000 -0.01163397
vt -0.00568519 -0.01185295
vt -0.00410000 -0.01163397
vt -0.00430711 -0.01179289
vt -0.00568519 -0.01185295
vt -0.00568519 -0.01185295
vt -0.00430711 -0.01179289
vt -0.00446603 -0.01200000
vt -0.00874705 -0.01491481
vt -0.01540000 -0.01780000
vt -0.00935000 -0.01466506
vt -0.01540000 -0.01780000
vt -0.01210000 -0.01336602
vt -0.00935000 -0.01466506
vt -0.00935000 -0.01466506
vt -0.01210000 -0.01336602
vt -0.00986777 -0.01426777
vt -0.01210000 -0.01336602
vt -0.01189289 -0.01320711
vt -0.00986777 -0.01426777
vt -0.00986777 -0.01426777
vt -0.01189289 -0.01320711
vt -0.01026506 -0.01375000
vt -0.01189289 -0.01320711
vt -0.01173397 -0.01300000
vt -0.01026506 -0.01375000
vt -0.01026506 -0.01375000
vt -0.01173397 -0.01300000
vt -0.01051481 -0.01314705
vt -0.01173397 -0.01300000
vt -0.01163407 -0.01275882
vt -0.01051481 -0.01314705
vt -0.01051481 -0.01314705
vt -0.01163407 -0.01275882
vt -0.01060000 -0.01250000
vt -0.01163407 -0.01275882
vt -0.01160000 -0.01250000
vt -0.01060000 -0.01250000
vt -0.01060000 -0.01250000
vt -0.01160000 -0.01250000
vt -0.01051481 -0.01185295
vt -0.01160000 -0.01250000
vt -0.01163407 -0.01224118
vt -0.01051481 -0.01185295
vt -0.01051481 -0.01185295
vt -0.01163407 -0.01224118
vt -0.01026506 -0.01125000
vt -0.01163407 -0.01224118
vt -0.01173397 -0.01200000
vt -0.01026506 -0.01125000
vt -0.01026506 -0.01125000
vt -0.01173397 -0.01200000
vt -0.01189289 -0.01179289
vt 0.00000000 -0.01540000
vt 0.00000000 -0.00080000
vt 0.00650000 -0.01540000
vt 0.00000000 -0.00080000
vt 0.00650000 -0.00080000
vt 0.00650000 -0.01540000
vt 1.57079637 0.00080000
vt 1.57079637 0.01540000
vt 1.32645023 0.01540000
vt 1.57079637 0.00080000
vt 1.32645023 0.01540000
vt 1.32645023 0.00080000
vt 1.32645023 0.01540000
vt 1.08210409 0.01540000
vt 1.32645023 0.00080000
vt 1.32645023 0.00080000
vt 1.08210409 0.01540000
vt 1.08210409 0.00080000
vt 1.08210409 0.01540000
vt 0.83775806 0.01540000
vt 1.08210409 0.00080000
vt 1.08210409 0.00080000
vt 0.83775806 0.01540000
vt 0.83775806 0.00080000
vt 0.83775806 0.01540000
vt 0.59341192 0.01540000
vt 0.83775806 0.00080000
vt 0.83775806 0.00080000
vt 0.59341192 0.01540000
vt 0.59341192 0.00080000
vt 0.59341192 0.01540000
vt 0.34906584 0.01540000
vt 0.59341192 0.00080000
vt 0.59341192 0.00080000
vt 0.34906584 0.01540000
vt 0.34906584 0.00080000
vt 0.01540000 -0.01905000
vt 0.01170000 -0.01343000
vt 0.01170000 -0.01305000
vt 0.01170000 -0.01343000
vt 0.01540000 -0.01905000
vt 0.00450000 -0.01343000
vt 0.01540000 -0.01905000
vt 0.00080000 -0.01905000
vt 0.00450000 -0.01343000
vt 0.00450000 -0.01343000
vt 0.00080000 -0.01905000
vt 0.00450000 -0.01305000
vt 0.00080000 -0.01905000
vt 0.00080000 0.00000000
vt 0.00450000 -0.01305000
vt 0.00450000 -0.01305000
vt 0.00080000 0.00000000
vt 0.01170000 -0.01305000
vt 0.00080000 0.00000000
vt 0.01540000 0.00000000
vt 0.01170000 -0.01305000
vt 0.01170000 -0.01305000
vt 0.01540000 0.00000000
vt 0.01540000 -0.01905000
vt -0.01123689 -0.02072220
vt -0.01034587 -0.02184806
vt -0.01301548 -0.02310114
vt -0.01034587 -0.02184806
vt -0.00919381 -0.02270495
vt -0.01301548 -0.02310114
vt -0.01301548 -0.02310114
vt -0.00919381 -0.02270495
vt -0.00830713 -0.02310114
vt -0.01131929 -0.01522282
vt -0.01184881 -0.01655740
vt -0.01301548 -0.00690114
vt -0.01184881 -0.01655740
vt -0.01201487 -0.01798355
vt -0.01301548 -0.00690114
vt -0.01301548 -0.00690114
vt -0.01201487 -0.01798355
vt -0.01301548 -0.02310114
vt -0.01201487 -0.01798355
vt -0.01180615 -0.01940409
vt -0.01301548 -0.02310114
vt -0.01301548 -0.02310114
vt -0.01180615 -0.01940409
vt -0.01123689 -0.02072220
vt 0.00150294 -0.00529067
vt 0.00282106 -0.00472140
vt -0.00101630 -0.01799605
vt 0.00282106 -0.00472140
vt 0.00394692 -0.00383038
vt -0.00101630 -0.01799605
vt -0.00101630 -0.01799605
vt 0.00394692 -0.00383038
vt 0.00427362 -0.00346210
vt -0.00634571 -0.00223092
vt -0.00549918 0.00009491
vt -0.00549938 -0.00008240
vt -0.00549938 -0.00008240
vt -0.00529067 -0.00150294
vt -0.00634571 -0.00223092
vt -0.00529067 -0.00150294
vt -0.00659789 -0.01240176
vt -0.00634571 -0.00223092
vt -0.00634571 -0.00223092
vt -0.00659789 -0.01240176
vt -0.00713112 -0.00377237
vt -0.00659789 -0.01240176
vt -0.00826611 -0.00507803
vt -0.00713112 -0.00377237
vt -0.00826611 -0.00507803
vt -0.00659789 -0.01240176
vt -0.00968326 -0.00607033
vt -0.00659789 -0.01240176
vt -0.00801843 -0.01261048
vt -0.00968326 -0.00607033
vt -0.00968326 -0.00607033
vt -0.00801843 -0.01261048
vt -0.01129836 -0.00669031
vt -0.00801843 -0.01261048
vt -0.00933654 -0.01317974
vt -0.01129836 -0.00669031
vt -0.01129836 -0.00669031
vt -0.00933654 -0.01317974
vt -0.01301548 -0.00690114
vt -0.00933654 -0.01317974
vt -0.01046240 -0.01407076
vt -0.01301548 -0.00690114
vt -0.01301548 -0.00690114
vt -0.01046240 -0.01407076
vt -0.01131929 -0.01522282
vt 0.00150294 -0.00529067
vt -0.00101630 -0.01799605
vt 0.00008240 -0.00549938
vt -0.00101630 -0.01799605
vt -0.00101610 -0.01781874
vt 0.00008240 -0.00549938
vt 0.00008240 -0.00549938
vt -0.00101610 -0.01781874
vt -0.00122482 -0.01639820
vt -0.00529067 -0.00150294
vt -0.00472140 -0.00282106
vt -0.00659789 -0.01240176
vt -0.00472140 -0.00282106
vt -0.00383038 -0.00394692
vt -0.00659789 -0.01240176
vt -0.00659789 -0.01240176
vt -0.00383038 -0.00394692
vt -0.00517174 -0.01256782
vt -0.00383038 -0.00394692
vt -0.00267833 -0.00480381
vt -0.00517174 -0.01256782
vt -0.00517174 -0.01256782
vt -0.00267833 -0.00480381
vt -0.00383716 -0.01309734
vt -0.00267833 -0.00480381
vt -0.00134375 -0.00533332
vt -0.00383716 -0.01309734
vt -0.00383716 -0.01309734
vt -0.00134375 -0.00533332
vt -0.00268510 -0.01395422
vt -0.00134375 -0.00533332
vt 0.00008240 -0.00549938
vt -0.00268510 -0.01395422
vt -0.00268510 -0.01395422
vt 0.00008240 -0.00549938
vt -0.00179408 -0.01508009
vt 0.00008240 -0.00549938
vt -0.00122482 -0.01639820
vt -0.00179408 -0.01508009
vt 0.01767634 -0.00962619
vt 0.01777318 -0.00964766
vt 0.01803342 -0.00975616
vt 0.01777318 -0.00964766
vt 0.01787229 -0.00964334
vt 0.01803342 -0.00975616
vt 0.01803342 -0.00975616
vt 0.01787229 -0.00964334
vt 0.01796690 -0.00961351
vt 0.01796690 -0.00961351
vt 0.01805056 -0.00956021
vt 0.01803342 -0.00975616
vt 0.01805056 -0.00956021
vt 0.01811758 -0.00948707
vt 0.01803342 -0.00975616
vt 0.01803342 -0.00975616
vt 0.01811758 -0.00948707
vt 0.01816339 -0.00939908
vt 0.00961351 -0.01796690
vt 0.00964334 -0.01787229
vt 0.00975616 -0.01803342
vt 0.00964334 -0.01787229
vt 0.00964766 -0.01777318
vt 0.00975616 -0.01803342
vt 0.00975616 -0.01803342
vt 0.00964766 -0.01777318
vt 0.00962619 -0.01767634
vt 0.00939908 -0.01816339
vt 0.00948707 -0.01811758
vt 0.00975616 -0.01803342
vt 0.00948707 -0.01811758
vt 0.00956021 -0.01805056
vt 0.00975616 -0.01803342
vt 0.00975616 -0.01803342
vt 0.00956021 -0.01805056
vt 0.00961351 -0.01796690
vt -0.00360000 0.00562000
vt -0.00360000 0.00624321
vt 0.00360000 0.00562000
vt -0.00360000 0.00624321
vt 0.00360000 0.00624321
vt 0.00360000 0.00562000
vt 0.34906584 0.00000000
vt 0.34906584 0.00080000
vt 0.59341192 -0.00000000
vt 0.34906584 0.00080000
vt 0.59341192 0.00080000
vt 0.59341192 -0.00000000
vt 0.59341192 -0.00000000
vt 0.59341192 0.00080000
vt 0.83775806 -0.00000000
vt 0.59341192 0.00080000
vt 0.83775806 0.00080000
vt 0.83775806 -0.00000000
vt 0.83775806 -0.00000000
vt 0.83775806 0.00080000
vt 1.08210409 -0.00000000
vt 0.83775806 0.00080000
vt 1.08210409 0.00080000
vt 1.08210409 -0.00000000
vt 1.08210409 -0.00000000
vt 1.08210409 0.00080000
vt 1.32645023 -0.00000000
vt 1.08210409 0.00080000
vt 1.32645023 0.00080000
vt 1.32645023 -0.00000000
vt 1.32645023 -0.00000000
vt 1.32645023 0.00080000
vt 1.57079637 0.00000000
vt 1.32645023 0.00080000
vt 1.57079637 0.00080000
vt 1.57079637 0.00000000
vt 0.00003221 -0.00441407
vt -0.00106346 -0.00413209
vt 0.00064911 -0.00201709
vt -0.00106346 -0.00413209
vt 0.00000000 0.00000000
vt 0.00064911 -0.00201709
vt 0.00064911 -0.00201709
vt 0.00000000 0.00000000
vt 0.00109567 -0.00028199
vt 5.93411922 -0.00080000
vt 5.93411922 -0.00000000
vt 5.67231989 0.00000000
vt 5.93411922 -0.00080000
vt 5.67231989 0.00000000
vt 5.67231989 -0.00080000
vt 5.67231989 0.00000000
vt 5.41052055 0.00000000
vt 5.67231989 -0.00080000
vt 5.67231989 -0.00080000
vt 5.41052055 0.00000000
vt 5.41052055 -0.00080000
vt 5.41052055 0.00000000
vt 5.14872122 0.00000000
vt 5.41052055 -0.00080000
vt 5.41052055 -0.00080000
vt 5.14872122 0.00000000
vt 5.14872122 -0.00080000
vt 5.14872122 0.00000000
vt 4.88692188 0.00000000
vt 5.14872122 -0.00080000
vt 5.14872122 -0.00080000
vt 4.88692188 0.00000000
vt 4.88692188 -0.00080000
vt 4.88692188 0.00000000
vt 4.62512255 0.00000000
vt 4.88692188 -0.00080000
vt 4.88692188 -0.00080000
vt 4.62512255 0.00000000
vt 4.62512255 -0.00080000
vt 4.62512255 0.00000000
vt 4.36332321 0.00000000
vt 4.62512255 -0.00080000
vt 4.62512255 -0.00080000
vt 4.36332321 0.00000000
vt 4.36332321 -0.00080000
vt 4.36332321 0.00000000
vt 4.10152388 0.00000000
vt 4.36332321 -0.00080000
vt 4.36332321 -0.00080000
vt 4.10152388 0.00000000
vt 4.10152388 -0.00080000
vt 4.10152388 0.00000000
vt 3.83972430 0.00000000
vt 4.10152388 -0.00080000
vt 4.10152388 -0.00080000
vt 3.83972430 0.00000000
vt 3.83972430 -0.00080000
vt 3.83972430 0.00000000
vt 3.57792497 0.00000000
vt 3.83972430 -0.00080000
vt 3.83972430 -0.00080000
vt 3.57792497 0.00000000
vt 3.57792497 -0.00080000
vt 3.57792497 0.00000000
vt 3.31612563 0.00000000
vt 3.57792497 -0.00080000
vt 3.57792497 -0.00080000
vt 3.31612563 0.00000000
vt 3.31612563 -0.00080000
vt 3.31612563 0.00000000
vt 3.05432630 0.00000000
vt 3.31612563 -0.00080000
vt 3.31612563 -0.00080000
vt 3.05432630 0.00000000
vt 3.05432630 -0.00080000
vt 3.05432630 0.00000000
vt 2.79252672 0.00000000
vt 3.05432630 -0.00080000
vt 3.05432630 -0.00080000
vt 2.79252672 0.00000000
vt 2.79252672 -0.00080000
vt 0.01623075 0.00040729
vt 0.01832005 -0.00174558
vt 0.01663576 0.00091905
vt 0.01832005 -0.00174558
vt 0.01921107 -0.00061971
vt 0.01663576 0.00091905
vt 0.01663576 0.00091905
vt 0.01921107 -0.00061971
vt 0.01689451 0.00151819
vt 0.01921107 -0.00061971
vt 0.01978033 0.00069840
vt 0.01689451 0.00151819
vt 0.01689451 0.00151819
vt 0.01978033 0.00069840
vt 0.01698938 0.00216389
vt 0.01978033 0.00069840
vt 0.01998905 0.00211894
vt 0.01698938 0.00216389
vt 0.01698938 0.00216389
vt 0.01998905 0.00211894
vt 0.01691390 0.00281214
vt 0.01998905 0.00211894
vt 0.01982299 0.00354509
vt 0.01691390 0.00281214
vt 0.01691390 0.00281214
vt 0.01982299 0.00354509
vt 0.01667321 0.00341877
vt 0.01982299 0.00354509
vt 0.01929347 0.00487967
vt 0.01667321 0.00341877
vt 0.01667321 0.00341877
vt 0.01929347 0.00487967
vt 0.01628372 0.00394243
vt 0.01929347 0.00487967
vt 0.01843658 0.00603173
vt 0.01628372 0.00394243
vt 0.01628372 0.00394243
vt 0.01843658 0.00603173
vt 0.01577196 0.00434744
vt 0.01843658 0.00603173
vt 0.01731072 0.00692275
vt 0.01577196 0.00434744
vt 0.01577196 0.00434744
vt 0.01731072 0.00692275
vt 0.01517282 0.00460619
vt 0.01731072 0.00692275
vt 0.01599260 0.00749201
vt 0.01517282 0.00460619
vt 0.01517282 0.00460619
vt 0.01599260 0.00749201
vt 0.01452712 0.00470106
vt 0.01599260 0.00749201
vt 0.01457207 0.00770073
vt 0.01452712 0.00470106
vt 0.01452712 0.00470106
vt 0.01457207 0.00770073
vt 0.01387887 0.00462558
vt 0.01457207 0.00770073
vt 0.01314592 0.00753467
vt 0.01387887 0.00462558
vt 0.01387887 0.00462558
vt 0.01314592 0.00753467
vt 0.01327224 0.00438489
vt 0.01314592 0.00753467
vt 0.01181134 0.00700515
vt 0.01327224 0.00438489
vt 0.01327224 0.00438489
vt 0.01181134 0.00700515
vt 0.01274858 0.00399540
vt 0.01181134 0.00700515
vt 0.01065928 0.00614826
vt 0.01274858 0.00399540
vt 0.01274858 0.00399540
vt 0.01065928 0.00614826
vt 0.01234357 0.00348364
vt 0.01065928 0.00614826
vt 0.00976826 0.00502240
vt 0.01234357 0.00348364
vt 0.01234357 0.00348364
vt 0.00976826 0.00502240
vt 0.01208481 0.00288450
vt 0.00976826 0.00502240
vt 0.00919900 0.00370429
vt 0.01208481 0.00288450
vt 0.01208481 0.00288450
vt 0.00919900 0.00370429
vt 0.01198994 0.00223880
vt 0.00919900 0.00370429
vt 0.00899028 0.00228375
vt 0.01198994 0.00223880
vt 0.01198994 0.00223880
vt 0.00899028 0.00228375
vt 0.01206543 0.00159055
vt 0.00899028 0.00228375
vt 0.00915634 0.00085760
vt 0.01206543 0.00159055
vt 0.01206543 0.00159055
vt 0.00915634 0.00085760
vt 0.01230611 0.00098392
vt 0.00915634 0.00085760
vt 0.00968586 -0.00047698
vt 0.01230611 0.00098392
vt 0.01230611 0.00098392
vt 0.00968586 -0.00047698
vt 0.01269561 0.00046026
vt 0.00968586 -0.00047698
vt 0.01054274 -0.00162904
vt 0.01269561 0.00046026
vt 0.01269561 0.00046026
vt 0.01054274 -0.00162904
vt 0.01320737 0.00005525
vt 0.01054274 -0.00162904
vt 0.01166861 -0.00252006
vt 0.01320737 0.00005525
vt 0.01320737 0.00005525
vt 0.01166861 -0.00252006
vt 0.01380651 -0.00020350
vt 0.01166861 -0.00252006
vt 0.01298672 -0.00308932
vt 0.01380651 -0.00020350
vt 0.01380651 -0.00020350
vt 0.01298672 -0.00308932
vt 0.01445221 -0.00029838
vt 0.01298672 -0.00308932
vt 0.01440726 -0.00329804
vt 0.01445221 -0.00029838
vt 0.01445221 -0.00029838
vt 0.01440726 -0.00329804
vt 0.01448966 -0.00029866
vt 0.01440726 -0.00329804
vt 0.01448966 -0.00329866
vt 0.01448966 -0.00029866
vt 0.01448966 -0.00029866
vt 0.01448966 -0.00329866
vt 0.01510046 -0.00022289
vt 0.01448966 -0.00329866
vt 0.01583341 -0.00313198
vt 0.01510046 -0.00022289
vt 0.01510046 -0.00022289
vt 0.01583341 -0.00313198
vt 0.01570708 0.00001780
vt 0.01583341 -0.00313198
vt 0.01716799 -0.00260246
vt 0.01570708 0.00001780
vt 0.01570708 0.00001780
vt 0.01716799 -0.00260246
vt 0.01623075 0.00040729
vt 0.01716799 -0.00260246
vt 0.01832005 -0.00174558
vt 0.01623075 0.00040729
vt -0.00830713 -0.02310114
vt -0.00785923 -0.02323447
vt -0.00651548 -0.02310114
vt -0.00785923 -0.02323447
vt -0.00643308 -0.02340053
vt -0.00651548 -0.02310114
vt -0.00651548 -0.02310114
vt -0.00643308 -0.02340053
vt -0.00525749 -0.02294668
vt -0.00643308 -0.02340053
vt -0.00501254 -0.02319181
vt -0.00525749 -0.02294668
vt -0.00525749 -0.02294668
vt -0.00501254 -0.02319181
vt -0.00407423 -0.02249247
vt -0.00501254 -0.02319181
vt -0.00369443 -0.02262255
vt -0.00407423 -0.02249247
vt -0.00407423 -0.02249247
vt -0.00369443 -0.02262255
vt -0.00303600 -0.02176550
vt -0.00369443 -0.02262255
vt -0.00256856 -0.02173153
vt -0.00303600 -0.02176550
vt -0.00303600 -0.02176550
vt -0.00256856 -0.02173153
vt -0.00220449 -0.02080895
vt -0.00256856 -0.02173153
vt -0.00171168 -0.02057947
vt -0.00220449 -0.02080895
vt -0.00220449 -0.02080895
vt -0.00171168 -0.02057947
vt -0.00162908 -0.01967965
vt -0.00171168 -0.02057947
vt -0.00118216 -0.01924489
vt -0.00162908 -0.01967965
vt -0.00162908 -0.01967965
vt -0.00118216 -0.01924489
vt -0.00101630 -0.01799605
vt -0.00830713 -0.02310114
vt -0.00651548 -0.02310114
vt -0.00785923 -0.02323447
vt -0.00651548 -0.02310114
vt -0.00643308 -0.02340053
vt -0.00785923 -0.02323447
vt -0.00643308 -0.02340053
vt -0.00651548 -0.02310114
vt -0.00501254 -0.02319181
vt -0.00651548 -0.02310114
vt -0.00525749 -0.02294668
vt -0.00501254 -0.02319181
vt -0.00501254 -0.02319181
vt -0.00525749 -0.02294668
vt -0.00369443 -0.02262255
vt -0.00525749 -0.02294668
vt -0.00407423 -0.02249247
vt -0.00369443 -0.02262255
vt -0.00369443 -0.02262255
vt -0.00407423 -0.02249247
vt -0.00256856 -0.02173153
vt -0.00407423 -0.02249247
vt -0.00303600 -0.02176550
vt -0.00256856 -0.02173153
vt -0.00256856 -0.02173153
vt -0.00303600 -0.02176550
vt -0.00171168 -0.02057947
vt -0.00303600 -0.02176550
vt -0.00220449 -0.02080895
vt -0.00171168 -0.02057947
vt -0.00171168 -0.02057947
vt -0.00220449 -0.02080895
vt -0.00118216 -0.01924489
vt -0.00220449 -0.02080895
vt -0.00162908 -0.01967965
vt -0.00118216 -0.01924489
vt -0.00118216 -0.01924489
vt -0.00162908 -0.01967965
vt -0.00101630 -0.01799605
vt -0.00980461 -0.02512919
vt -0.01053756 -0.02803827
vt -0.00915635 -0.02520467
vt -0.01053756 -0.02803827
vt -0.00911141 -0.02820433
vt -0.00915635 -0.02520467
vt -0.00915635 -0.02520467
vt -0.00911141 -0.02820433
vt -0.00851066 -0.02510980
vt -0.00911141 -0.02820433
vt -0.00769087 -0.02799562
vt -0.00851066 -0.02510980
vt -0.00851066 -0.02510980
vt -0.00769087 -0.02799562
vt -0.00791151 -0.02485104
vt -0.00769087 -0.02799562
vt -0.00637275 -0.02742635
vt -0.00791151 -0.02485104
vt -0.00791151 -0.02485104
vt -0.00637275 -0.02742635
vt -0.00739976 -0.02444603
vt -0.00637275 -0.02742635
vt -0.00524689 -0.02653533
vt -0.00739976 -0.02444603
vt -0.00739976 -0.02444603
vt -0.00524689 -0.02653533
vt -0.00701026 -0.02392237
vt -0.00524689 -0.02653533
vt -0.00439000 -0.02538328
vt -0.00701026 -0.02392237
vt -0.00701026 -0.02392237
vt -0.00439000 -0.02538328
vt -0.00676957 -0.02331575
vt -0.00439000 -0.02538328
vt -0.00386049 -0.02404870
vt -0.00676957 -0.02331575
vt -0.00676957 -0.02331575
vt -0.00386049 -0.02404870
vt -0.00669409 -0.02266750
vt -0.00386049 -0.02404870
vt -0.00369443 -0.02262255
vt -0.00669409 -0.02266750
vt -0.00669409 -0.02266750
vt -0.00369443 -0.02262255
vt -0.00678896 -0.02202180
vt -0.00369443 -0.02262255
vt -0.00390314 -0.02120201
vt -0.00678896 -0.02202180
vt -0.00678896 -0.02202180
vt -0.00390314 -0.02120201
vt -0.00704772 -0.02142265
vt -0.00390314 -0.02120201
vt -0.00447241 -0.01988390
vt -0.00704772 -0.02142265
vt -0.00704772 -0.02142265
vt -0.00447241 -0.01988390
vt -0.00745273 -0.02091090
vt -0.00447241 -0.01988390
vt -0.00536343 -0.01875803
vt -0.00745273 -0.02091090
vt -0.00745273 -0.02091090
vt -0.00536343 -0.01875803
vt -0.00797639 -0.02052140
vt -0.00536343 -0.01875803
vt -0.00651548 -0.01790114
vt -0.00797639 -0.02052140
vt -0.00797639 -0.02052140
vt -0.00651548 -0.01790114
vt -0.00858302 -0.02028071
vt -0.00651548 -0.01790114
vt -0.00785006 -0.01737163
vt -0.00858302 -0.02028071
vt -0.00858302 -0.02028071
vt -0.00785006 -0.01737163
vt -0.00923127 -0.02020523
vt -0.00785006 -0.01737163
vt -0.00927621 -0.01720557
vt -0.00923127 -0.02020523
vt -0.00923127 -0.02020523
vt -0.00927621 -0.01720557
vt -0.00987697 -0.02030010
vt -0.00927621 -0.01720557
vt -0.01069675 -0.01741428
vt -0.00987697 -0.02030010
vt -0.00987697 -0.02030010
vt -0.01069675 -0.01741428
vt -0.01047611 -0.02055886
vt -0.01069675 -0.01741428
vt -0.01201487 -0.01798355
vt -0.01047611 -0.02055886
vt -0.01047611 -0.02055886
vt -0.01201487 -0.01798355
vt -0.01098786 -0.02096387
vt -0.01201487 -0.01798355
vt -0.01314073 -0.01887457
vt -0.01098786 -0.02096387
vt -0.01098786 -0.02096387
vt -0.01314073 -0.01887457
vt -0.01137736 -0.02148753
vt -0.01314073 -0.01887457
vt -0.01399762 -0.02002662
vt -0.01137736 -0.02148753
vt -0.01137736 -0.02148753
vt -0.01399762 -0.02002662
vt -0.01161805 -0.02209416
vt -0.01399762 -0.02002662
vt -0.01452713 -0.02136120
vt -0.01161805 -0.02209416
vt -0.01161805 -0.02209416
vt -0.01452713 -0.02136120
vt -0.01169381 -0.02270495
vt -0.01452713 -0.02136120
vt -0.01469381 -0.02270495
vt -0.01169381 -0.02270495
vt -0.01169381 -0.02270495
vt -0.01469381 -0.02270495
vt -0.01169353 -0.02274241
vt -0.01469381 -0.02270495
vt -0.01469319 -0.02278736
vt -0.01169353 -0.02274241
vt -0.01169353 -0.02274241
vt -0.01469319 -0.02278736
vt -0.01159866 -0.02338811
vt -0.01469319 -0.02278736
vt -0.01448448 -0.02420789
vt -0.01159866 -0.02338811
vt -0.01159866 -0.02338811
vt -0.01448448 -0.02420789
vt -0.01133990 -0.02398725
vt -0.01448448 -0.02420789
vt -0.01391521 -0.02552601
vt -0.01133990 -0.02398725
vt -0.01133990 -0.02398725
vt -0.01391521 -0.02552601
vt -0.01093489 -0.02449901
vt -0.01391521 -0.02552601
vt -0.01302419 -0.02665187
vt -0.01093489 -0.02449901
vt -0.01093489 -0.02449901
vt -0.01302419 -0.02665187
vt -0.01041123 -0.02488850
vt -0.01302419 -0.02665187
vt -0.01187214 -0.02750876
vt -0.01041123 -0.02488850
vt -0.01041123 -0.02488850
vt -0.01187214 -0.02750876
vt -0.00980461 -0.02512919
vt -0.01187214 -0.02750876
vt -0.01053756 -0.02803827
vt -0.00980461 -0.02512919
vt 1.57079637 -0.00000000
vt 1.57079637 0.00720000
vt 1.30899692 0.00720000
vt 1.57079637 -0.00000000
vt 1.30899692 0.00720000
vt 1.30899692 0.00000000
vt 1.30899692 0.00720000
vt 1.04719758 0.00720000
vt 1.30899692 0.00000000
vt 1.30899692 0.00000000
vt 1.04719758 0.00720000
vt 1.04719758 0.00000000
vt 1.04719758 0.00720000
vt 0.78539819 0.00720000
vt 1.04719758 0.00000000
vt 1.04719758 0.00000000
vt 0.78539819 0.00720000
vt 0.78539819 0.00000000
vt 0.78539819 0.00720000
vt 0.52359879 0.00720000
vt 0.78539819 0.00000000
vt 0.78539819 0.00000000
vt 0.52359879 0.00720000
vt 0.52359879 0.00000000
vt 0.52359879 0.00720000
vt 0.26179940 0.00720000
vt 0.52359879 0.00000000
vt 0.52359879 0.00000000
vt 0.26179940 0.00720000
vt 0.26179940 0.00000000
vt 0.26179940 0.00720000
vt 0.00000000 0.00720000
vt 0.26179940 0.00000000
vt 0.26179940 0.00000000
vt 0.00000000 0.00720000
vt 0.00000000 -0.00000000
vt 3.14159274 -0.00000000
vt 3.14159274 0.00720000
vt 2.91719317 0.00720000
vt 3.14159274 -0.00000000
vt 2.91719317 0.00720000
vt 2.91719317 -0.00000000
vt 2.91719317 0.00720000
vt 2.69279361 0.00720000
vt 2.91719317 -0.00000000
vt 2.91719317 -0.00000000
vt 2.69279361 0.00720000
vt 2.69279361 -0.00000000
vt 2.69279361 0.00720000
vt 2.46839428 0.00720000
vt 2.69279361 -0.00000000
vt 2.69279361 -0.00000000
vt 2.46839428 0.00720000
vt 2.46839428 -0.00000000
vt 2.46839428 0.00720000
vt 2.24399471 0.00720000
vt 2.46839428 -0.00000000
vt 2.46839428 -0.00000000
vt 2.24399471 0.00720000
vt 2.24399471 -0.00000000
vt 2.24399471 0.00720000
vt 2.01959538 0.00720000
vt 2.24399471 -0.00000000
vt 2.24399471 -0.00000000
vt 2.01959538 0.00720000
vt 2.01959538 -0.00000000
vt 2.01959538 0.00720000
vt 1.79519582 0.00720000
vt 2.01959538 -0.00000000
vt 2.01959538 -0.00000000
vt 1.79519582 0.00720000
vt 1.79519582 -0.00000000
vt 1.79519582 0.00720000
vt 1.57079637 0.00720000
vt 1.79519582 -0.00000000
vt 1.79519582 -0.00000000
vt 1.57079637 0.00720000
vt 1.57079637 -0.00000000
vt 0.00427362 -0.00346210
vt 0.00480381 -0.00267833
vt 0.00488640 -0.00177850
vt 0.00480381 -0.00267833
vt 0.00533332 -0.00134375
vt 0.00488640 -0.00177850
vt 0.00488640 -0.00177850
vt 0.00533332 -0.00134375
vt 0.00518021 -0.00045321
vt 0.00533332 -0.00134375
vt 0.00549938 0.00008240
vt 0.00518021 -0.00045321
vt 0.00518021 -0.00045321
vt 0.00549938 0.00008240
vt 0.00512100 0.00090297
vt 0.00549938 0.00008240
vt 0.00529067 0.00150294
vt 0.00512100 0.00090297
vt 0.00512100 0.00090297
vt 0.00529067 0.00150294
vt 0.00471280 0.00219761
vt 0.00529067 0.00150294
vt 0.00472140 0.00282106
vt 0.00471280 0.00219761
vt 0.00471280 0.00219761
vt 0.00472140 0.00282106
vt 0.00398343 0.00334250
vt 0.00472140 0.00282106
vt 0.00383038 0.00394692
vt 0.00398343 0.00334250
vt 0.00398343 0.00334250
vt 0.00383038 0.00394692
vt 0.00298260 0.00425959
vt 0.00383038 0.00394692
vt 0.00267833 0.00480381
vt 0.00298260 0.00425959
vt 0.00298260 0.00425959
vt 0.00267833 0.00480381
vt 0.00177850 0.00488640
vt 0.00267833 0.00480381
vt 0.00134375 0.00533332
vt 0.00177850 0.00488640
vt 0.00177850 0.00488640
vt 0.00134375 0.00533332
vt 0.00045321 0.00518021
vt 0.00134375 0.00533332
vt -0.00008240 0.00549938
vt 0.00045321 0.00518021
vt 0.00045321 0.00518021
vt -0.00008240 0.00549938
vt -0.00090297 0.00512100
vt -0.00008240 0.00549938
vt -0.00150294 0.00529067
vt -0.00090297 0.00512100
vt -0.00090297 0.00512100
vt -0.00150294 0.00529067
vt -0.00219761 0.00471280
vt -0.00150294 0.00529067
vt -0.00282106 0.00472140
vt -0.00219761 0.00471280
vt -0.00219761 0.00471280
vt -0.00282106 0.00472140
vt -0.00334250 0.00398343
vt -0.00282106 0.00472140
vt -0.00394692 0.00383038
vt -0.00334250 0.00398343
vt -0.00334250 0.00398343
vt -0.00394692 0.00383038
vt -0.00425959 0.00298260
vt -0.00394692 0.00383038
vt -0.00480381 0.00267833
vt -0.00425959 0.00298260
vt -0.00425959 0.00298260
vt -0.00480381 0.00267833
vt -0.00488640 0.00177850
vt -0.00480381 0.00267833
vt -0.00533332 0.00134375
vt -0.00488640 0.00177850
vt -0.00488640 0.00177850
vt -0.00533332 0.00134375
vt -0.00549918 0.00009491
vt -0.00092034 -0.00452446
vt 0.00208790 -0.00439654
vt -0.00095079 -0.00387254
vt 0.00208790 -0.00439654
vt 0.00192184 -0.00297039
vt -0.00095079 -0.00387254
vt -0.00095079 -0.00387254
vt 0.00192184 -0.00297039
vt -0.00114893 -0.00325072
vt 0.00192184 -0.00297039
vt 0.00139233 -0.00163581
vt -0.00114893 -0.00325072
vt -0.00114893 -0.00325072
vt 0.00139233 -0.00163581
vt -0.00150126 -0.00270136
vt 0.00139233 -0.00163581
vt 0.00053544 -0.00048376
vt -0.00150126 -0.00270136
vt -0.00150126 -0.00270136
vt 0.00053544 -0.00048376
vt -0.00198377 -0.00226191
vt 0.00053544 -0.00048376
vt -0.00059043 0.00040726
vt -0.00198377 -0.00226191
vt -0.00198377 -0.00226191
vt -0.00059043 0.00040726
vt -0.00256357 -0.00196232
vt -0.00059043 0.00040726
vt -0.00190854 0.00097653
vt -0.00256357 -0.00196232
vt -0.00256357 -0.00196232
vt -0.00190854 0.00097653
vt -0.00320116 -0.00182300
vt -0.00190854 0.00097653
vt -0.00332908 0.00118524
vt -0.00320116 -0.00182300
vt -0.00320116 -0.00182300
vt -0.00332908 0.00118524
vt -0.00385308 -0.00185345
vt -0.00332908 0.00118524
vt -0.00475523 0.00101918
vt -0.00385308 -0.00185345
vt -0.00385308 -0.00185345
vt -0.00475523 0.00101918
vt -0.00447490 -0.00205159
vt -0.00475523 0.00101918
vt -0.00608981 0.00048967
vt -0.00447490 -0.00205159
vt -0.00447490 -0.00205159
vt -0.00608981 0.00048967
vt -0.00502426 -0.00240392
vt -0.00608981 0.00048967
vt -0.00724186 -0.00036722
vt -0.00502426 -0.00240392
vt -0.00502426 -0.00240392
vt -0.00724186 -0.00036722
vt -0.00546371 -0.00288642
vt -0.00724186 -0.00036722
vt -0.00813288 -0.00149308
vt -0.00546371 -0.00288642
vt -0.00546371 -0.00288642
vt -0.00813288 -0.00149308
vt -0.00576330 -0.00346623
vt -0.00813288 -0.00149308
vt -0.00870215 -0.00281120
vt -0.00576330 -0.00346623
vt -0.00576330 -0.00346623
vt -0.00870215 -0.00281120
vt -0.00590262 -0.00410382
vt -0.00870215 -0.00281120
vt -0.00891086 -0.00423174
vt -0.00590262 -0.00410382
vt -0.00590262 -0.00410382
vt -0.00891086 -0.00423174
vt -0.00587217 -0.00475574
vt -0.00891086 -0.00423174
vt -0.00874480 -0.00565789
vt -0.00587217 -0.00475574
vt -0.00587217 -0.00475574
vt -0.00874480 -0.00565789
vt -0.00567403 -0.00537756
vt -0.00874480 -0.00565789
vt -0.00821529 -0.00699247
vt -0.00567403 -0.00537756
vt -0.00567403 -0.00537756
vt -0.00821529 -0.00699247
vt -0.00532170 -0.00592692
vt -0.00821529 -0.00699247
vt -0.00735840 -0.00814452
vt -0.00532170 -0.00592692
vt -0.00532170 -0.00592692
vt -0.00735840 -0.00814452
vt -0.00483920 -0.00636637
vt -0.00735840 -0.00814452
vt -0.00623254 -0.00903554
vt -0.00483920 -0.00636637
vt -0.00483920 -0.00636637
vt -0.00623254 -0.00903554
vt -0.00425939 -0.00666596
vt -0.00623254 -0.00903554
vt -0.00491442 -0.00960481
vt -0.00425939 -0.00666596
vt -0.00425939 -0.00666596
vt -0.00491442 -0.00960481
vt -0.00362180 -0.00680528
vt -0.00491442 -0.00960481
vt -0.00349389 -0.00981352
vt -0.00362180 -0.00680528
vt -0.00362180 -0.00680528
vt -0.00349389 -0.00981352
vt -0.00341148 -0.00681414
vt -0.00349389 -0.00981352
vt -0.00341148 -0.00981414
vt -0.00341148 -0.00681414
vt -0.00341148 -0.00681414
vt -0.00341148 -0.00981414
vt -0.00296988 -0.00677483
vt -0.00341148 -0.00981414
vt -0.00206773 -0.00964746
vt -0.00296988 -0.00677483
vt -0.00296988 -0.00677483
vt -0.00206773 -0.00964746
vt -0.00234806 -0.00657669
vt -0.00206773 -0.00964746
vt -0.00073315 -0.00911795
vt -0.00234806 -0.00657669
vt -0.00234806 -0.00657669
vt -0.00073315 -0.00911795
vt -0.00179870 -0.00622436
vt -0.00073315 -0.00911795
vt 0.00041890 -0.00826106
vt -0.00179870 -0.00622436
vt -0.00179870 -0.00622436
vt 0.00041890 -0.00826106
vt -0.00135926 -0.00574185
vt 0.00041890 -0.00826106
vt 0.00130992 -0.00713519
vt -0.00135926 -0.00574185
vt -0.00135926 -0.00574185
vt 0.00130992 -0.00713519
vt -0.00105966 -0.00516205
vt 0.00130992 -0.00713519
vt 0.00187919 -0.00581708
vt -0.00105966 -0.00516205
vt -0.00105966 -0.00516205
vt 0.00187919 -0.00581708
vt -0.00092034 -0.00452446
vt 0.00187919 -0.00581708
vt 0.00208790 -0.00439654
vt -0.00092034 -0.00452446
vt -0.00488640 0.00177850
vt -0.00549918 0.00009491
vt -0.00533332 0.00134375
vt 0.00480381 -0.00267833
vt 0.00427362 -0.00346210
vt 0.00488640 -0.00177850
vt -0.00488640 0.00177850
vt -0.00533332 0.00134375
vt -0.00425959 0.00298260
vt -0.00533332 0.00134375
vt -0.00480381 0.00267833
vt -0.00425959 0.00298260
vt -0.00425959 0.00298260
vt -0.00480381 0.00267833
vt -0.00334250 0.00398343
vt -0.00480381 0.00267833
vt -0.00394692 0.00383038
vt -0.00334250 0.00398343
vt -0.00334250 0.00398343
vt -0.00394692 0.00383038
vt -0.00219761 0.00471280
vt -0.00394692 0.00383038
vt -0.00282106 0.00472140
vt -0.00219761 0.00471280
vt -0.00219761 0.00471280
vt -0.00282106 0.00472140
vt -0.00090297 0.00512100
vt -0.00282106 0.00472140
vt -0.00150294 0.00529067
vt -0.00090297 0.00512100
vt -0.00090297 0.00512100
vt -0.00150294 0.00529067
vt 0.00045321 0.00518021
vt -0.00150294 0.00529067
vt -0.00008240 0.00549938
vt 0.00045321 0.00518021
vt 0.00045321 0.00518021
vt -0.00008240 0.00549938
vt 0.00177850 0.00488640
vt -0.00008240 0.00549938
vt 0.00134375 0.00533332
vt 0.00177850 0.00488640
vt 0.00177850 0.00488640
vt 0.00134375 0.00533332
vt 0.00298260 0.00425959
vt 0.00134375 0.00533332
vt 0.00267833 0.00480381
vt 0.00298260 0.00425959
vt 0.00298260 0.00425959
vt 0.00267833 0.00480381
vt 0.00398343 0.00334250
vt 0.00267833 0.00480381
vt 0.00383038 0.00394692
vt 0.00398343 0.00334250
vt 0.00398343 0.00334250
vt 0.00383038 0.00394692
vt 0.00471280 0.00219761
vt 0.00383038 0.00394692
vt 0.00472140 0.00282106
vt 0.00471280 0.00219761
vt 0.00471280 0.00219761
vt 0.00472140 0.00282106
vt 0.00512100 0.00090297
vt 0.00472140 0.00282106
vt 0.00529067 0.00150294
vt 0.00512100 0.00090297
vt 0.00512100 0.00090297
vt 0.00529067 0.00150294
vt 0.00518021 -0.00045321
vt 0.00529067 0.00150294
vt 0.00549938 0.00008240
vt 0.00518021 -0.00045321
vt 0.00518021 -0.00045321
vt 0.00549938 0.00008240
vt 0.00488640 -0.00177850
vt 0.00549938 0.00008240
vt 0.00533332 -0.00134375
vt 0.00488640 -0.00177850
vt 0.00488640 -0.00177850
vt 0.00533332 -0.00134375
vt 0.00480381 -0.00267833
vt -0.00503014 -0.00565172
vt -0.00516946 -0.00501413
vt -0.00817771 -0.00488621
vt -0.00516946 -0.00501413
vt -0.00517833 -0.00480381
vt -0.00817771 -0.00488621
vt -0.00817771 -0.00488621
vt -0.00517833 -0.00480381
vt -0.00801165 -0.00346006
vt -0.00517833 -0.00480381
vt -0.00513902 -0.00436221
vt -0.00801165 -0.00346006
vt -0.00801165 -0.00346006
vt -0.00513902 -0.00436221
vt -0.00748213 -0.00212548
vt -0.00513902 -0.00436221
vt -0.00494088 -0.00374038
vt -0.00748213 -0.00212548
vt -0.00748213 -0.00212548
vt -0.00494088 -0.00374038
vt -0.00662525 -0.00097343
vt -0.00494088 -0.00374038
vt -0.00458855 -0.00319103
vt -0.00662525 -0.00097343
vt -0.00662525 -0.00097343
vt -0.00458855 -0.00319103
vt -0.00549938 -0.00008240
vt -0.00458855 -0.00319103
vt -0.00410604 -0.00275158
vt -0.00549938 -0.00008240
vt -0.00549938 -0.00008240
vt -0.00410604 -0.00275158
vt -0.00418127 0.00048686
vt -0.00410604 -0.00275158
vt -0.00352624 -0.00245199
vt -0.00418127 0.00048686
vt -0.00418127 0.00048686
vt -0.00352624 -0.00245199
vt -0.00276073 0.00069558
vt -0.00352624 -0.00245199
vt -0.00288865 -0.00231267
vt -0.00276073 0.00069558
vt -0.00276073 0.00069558
vt -0.00288865 -0.00231267
vt -0.00133458 0.00052952
vt -0.00288865 -0.00231267
vt -0.00223673 -0.00234312
vt -0.00133458 0.00052952
vt -0.00133458 0.00052952
vt -0.00223673 -0.00234312
vt 0.00000000 0.00000000
vt -0.00223673 -0.00234312
vt -0.00161490 -0.00254126
vt 0.00000000 0.00000000
vt 0.00000000 0.00000000
vt -0.00161490 -0.00254126
vt 0.00115205 -0.00085689
vt -0.00161490 -0.00254126
vt -0.00106555 -0.00289359
vt 0.00115205 -0.00085689
vt 0.00115205 -0.00085689
vt -0.00106555 -0.00289359
vt 0.00204308 -0.00198275
vt -0.00106555 -0.00289359
vt -0.00062610 -0.00337609
vt 0.00204308 -0.00198275
vt 0.00204308 -0.00198275
vt -0.00062610 -0.00337609
vt 0.00261234 -0.00330087
vt -0.00062610 -0.00337609
vt -0.00032651 -0.00395590
vt 0.00261234 -0.00330087
vt 0.00261234 -0.00330087
vt -0.00032651 -0.00395590
vt 0.00282106 -0.00472140
vt -0.00032651 -0.00395590
vt -0.00018719 -0.00459348
vt 0.00282106 -0.00472140
vt 0.00282106 -0.00472140
vt -0.00018719 -0.00459348
vt 0.00265500 -0.00614756
vt -0.00018719 -0.00459348
vt -0.00021764 -0.00524540
vt 0.00265500 -0.00614756
vt 0.00265500 -0.00614756
vt -0.00021764 -0.00524540
vt 0.00212548 -0.00748213
vt -0.00021764 -0.00524540
vt -0.00041578 -0.00586723
vt 0.00212548 -0.00748213
vt 0.00212548 -0.00748213
vt -0.00041578 -0.00586723
vt 0.00126859 -0.00863419
vt -0.00041578 -0.00586723
vt -0.00076811 -0.00641659
vt 0.00126859 -0.00863419
vt 0.00126859 -0.00863419
vt -0.00076811 -0.00641659
vt 0.00014273 -0.00952521
vt -0.00076811 -0.00641659
vt -0.00125061 -0.00685603
vt 0.00014273 -0.00952521
vt 0.00014273 -0.00952521
vt -0.00125061 -0.00685603
vt -0.00117539 -0.01009448
vt -0.00125061 -0.00685603
vt -0.00183042 -0.00715563
vt -0.00117539 -0.01009448
vt -0.00117539 -0.01009448
vt -0.00183042 -0.00715563
vt -0.00259592 -0.01030319
vt -0.00183042 -0.00715563
vt -0.00246800 -0.00729494
vt -0.00259592 -0.01030319
vt -0.00259592 -0.01030319
vt -0.00246800 -0.00729494
vt -0.00402208 -0.01013713
vt -0.00246800 -0.00729494
vt -0.00311992 -0.00726450
vt -0.00402208 -0.01013713
vt -0.00402208 -0.01013713
vt -0.00311992 -0.00726450
vt -0.00535665 -0.00960761
vt -0.00311992 -0.00726450
vt -0.00374175 -0.00706636
vt -0.00535665 -0.00960761
vt -0.00535665 -0.00960761
vt -0.00374175 -0.00706636
vt -0.00650871 -0.00875073
vt -0.00374175 -0.00706636
vt -0.00429111 -0.00671403
vt -0.00650871 -0.00875073
vt -0.00650871 -0.00875073
vt -0.00429111 -0.00671403
vt -0.00739973 -0.00762486
vt -0.00429111 -0.00671403
vt -0.00473055 -0.00623152
vt -0.00739973 -0.00762486
vt -0.00739973 -0.00762486
vt -0.00473055 -0.00623152
vt -0.00796899 -0.00630675
vt -0.00473055 -0.00623152
vt -0.00503014 -0.00565172
vt -0.00796899 -0.00630675
vt -0.00796899 -0.00630675
vt -0.00503014 -0.00565172
vt -0.00817771 -0.00488621
vt -0.01301548 0.00000000
vt -0.01301548 -0.00113137
vt -0.00830713 0.00000000
vt -0.01301548 -0.00113137
vt -0.00651548 -0.00113137
vt -0.00830713 0.00000000
vt -0.00830713 0.00000000
vt -0.00651548 -0.00113137
vt -0.00651548 0.00000000
vt 1.57079637 -0.00000000
vt 1.57079637 0.00080000
vt 1.32645023 0.00080000
vt 1.57079637 -0.00000000
vt 1.32645023 0.00080000
vt 1.32645023 0.00000000
vt 1.32645023 0.00080000
vt 1.08210409 0.00080000
vt 1.32645023 0.00000000
vt 1.32645023 0.00000000
vt 1.08210409 0.00080000
vt 1.08210409 0.00000000
vt 1.08210409 0.00080000
vt 0.83775806 0.00080000
vt 1.08210409 0.00000000
vt 1.08210409 0.00000000
vt 0.83775806 0.00080000
vt 0.83775806 0.00000000
vt 0.83775806 0.00080000
vt 0.59341192 0.00080000
vt 0.83775806 0.00000000
vt 0.83775806 0.00000000
vt 0.59341192 0.00080000
vt 0.59341192 0.00000000
vt 0.59341192 0.00080000
vt 0.34906584 0.00080000
vt 0.59341192 0.00000000
vt 0.59341192 0.00000000
vt 0.34906584 0.00080000
vt 0.34906584 0.00000000
vt 0.00109567 -0.00028199
vt 0.00000000 0.00000000
vt -0.00044656 -0.00173510
vt 0.00109567 -0.00028199
vt -0.00044656 -0.00173510
vt -0.00365242 -0.01873078
vt -0.00044656 -0.00173510
vt -0.00430153 -0.01671369
vt -0.00365242 -0.01873078
vt -0.00365242 -0.01873078
vt -0.00430153 -0.01671369
vt -0.00474809 -0.01844880
vt -0.00327589 0.00295866
vt -0.00379367 0.00195272
vt 0.00051778 0.00100593
vt -0.00379367 0.00195272
vt -0.00159300 0.00081997
vt 0.00051778 0.00100593
vt 0.00051778 0.00100593
vt -0.00159300 0.00081997
vt -0.00000000 -0.00000000
vt 1.57079637 -0.00080000
vt 1.57079637 0.00000000
vt 1.81514239 -0.00080000
vt 1.57079637 0.00000000
vt 1.81514239 0.00000000
vt 1.81514239 -0.00080000
vt 1.81514239 -0.00080000
vt 1.81514239 0.00000000
vt 2.05948853 -0.00080000
vt 1.81514239 0.00000000
vt 2.05948853 0.00000000
vt 2.05948853 -0.00080000
vt 2.05948853 -0.00080000
vt 2.05948853 0.00000000
vt 2.30383468 -0.00080000
vt 2.05948853 0.00000000
vt 2.30383468 0.00000000
vt 2.30383468 -0.00080000
vt 2.30383468 -0.00080000
vt 2.30383468 0.00000000
vt 2.54818082 -0.00080000
vt 2.30383468 0.00000000
vt 2.54818082 0.00000000
vt 2.54818082 -0.00080000
vt 2.54818082 -0.00080000
vt 2.54818082 0.00000000
vt 2.79252672 -0.00080000
vt 2.54818082 0.00000000
vt 2.79252672 0.00000000
vt 2.79252672 -0.00080000
vt 0.00000000 0.00650000
vt 0.00113137 0.00650000
vt 0.00000000 0.00000000
vt 0.00113137 0.00650000
vt 0.00113137 0.00179165
vt 0.00000000 0.00000000
vt 0.00000000 0.00000000
vt 0.00113137 0.00179165
vt 0.00113137 -0.00000000
vt 2.79252672 -0.00080000
vt 2.79252672 -0.00000000
vt 2.54818082 -0.00000000
vt 2.79252672 -0.00080000
vt 2.54818082 -0.00000000
vt 2.54818082 -0.00080000
vt 2.54818082 -0.00000000
vt 2.30383468 -0.00000000
vt 2.54818082 -0.00080000
vt 2.54818082 -0.00080000
vt 2.30383468 -0.00000000
vt 2.30383468 -0.00080000
vt 2.30383468 -0.00000000
vt 2.05948853 -0.00000000
vt 2.30383468 -0.00080000
vt 2.30383468 -0.00080000
vt 2.05948853 -0.00000000
vt 2.05948853 -0.00080000
vt 2.05948853 -0.00000000
vt 1.81514239 -0.00000000
vt 2.05948853 -0.00080000
vt 2.05948853 -0.00080000
vt 1.81514239 -0.00000000
vt 1.81514239 -0.00080000
vt 1.81514239 -0.00000000
vt 1.57079637 -0.00000000
vt 1.81514239 -0.00080000
vt 1.81514239 -0.00080000
vt 1.57079637 -0.00000000
vt 1.57079637 -0.00080000
vt 0.01586264 -0.00689255
vt 0.01745564 -0.00771252
vt 0.01693786 -0.00871845
vt 0.01586264 -0.00689255
vt 0.01693786 -0.00871845
vt 0.00211079 0.00018596
vt 0.01693786 -0.00871845
vt 0.00000000 0.00000000
vt 0.00211079 0.00018596
vt 0.00211079 0.00018596
vt 0.00000000 0.00000000
vt 0.00051778 0.00100593
usemtl Periwinkle_Gray
f 712/1 693/2 730/3
f 693/4 694/5 730/6
f 730/7 694/8 732/9
f 694/10 689/11 732/12
f 732/13 689/14 733/15
f 689/16 690/17 733/18
f 733/19 690/20 734/21
f 690/22 695/23 734/24
f 734/25 695/26 735/27
f 695/28 703/29 735/30
f 735/31 703/32 736/33
f 703/34 696/35 736/36
f 736/37 696/38 737/39
f 696/40 697/41 737/42
f 737/43 697/44 714/45
f 697/46 709/47 714/48
f 714/49 709/50 715/51
f 709/52 710/53 715/54
f 715/55 710/56 716/57
f 710/58 698/59 716/60
f 716/61 698/62 717/63
f 698/64 699/65 717/66
f 717/67 699/68 718/69
f 699/70 704/71 718/72
f 718/73 704/74 719/75
f 704/76 705/77 719/78
f 719/79 705/80 720/81
f 705/82 691/83 720/84
f 720/85 691/86 721/87
f 691/88 692/89 721/90
f 721/91 692/92 722/93
f 692/94 700/95 722/96
f 722/97 700/98 723/99
f 700/100 706/101 723/102
f 723/103 706/104 724/105
f 706/106 707/107 724/108
f 724/109 707/110 725/111
f 707/112 701/113 725/114
f 725/115 701/116 726/117
f 701/118 702/119 726/120
f 726/121 702/122 727/123
f 702/124 708/125 727/126
f 727/127 708/128 728/129
f 708/130 713/131 728/132
f 728/133 713/134 729/135
f 713/136 711/137 729/138
f 729/139 711/140 731/141
f 711/142 712/143 731/144
f 731/145 712/146 730/147
f 757/148 758/149 731/150
f 758/151 759/152 731/153
f 759/154 760/155 731/156
f 731/157 760/158 729/159
f 760/160 761/161 729/162
f 729/163 761/164 728/165
f 761/166 762/167 728/168
f 728/169 762/170 727/171
f 762/172 738/173 727/174
f 727/175 738/176 726/177
f 738/178 739/179 726/180
f 726/181 739/182 725/183
f 739/184 740/185 725/186
f 725/187 740/188 724/189
f 740/190 741/191 724/192
f 724/193 741/194 723/195
f 741/196 742/197 723/198
f 723/199 742/200 722/201
f 742/202 743/203 722/204
f 722/205 743/206 721/207
f 743/208 744/209 721/210
f 721/211 744/212 720/213
f 744/214 745/215 720/216
f 720/217 745/218 719/219
f 745/220 746/221 719/222
f 719/223 746/224 718/225
f 746/226 747/227 718/228
f 718/229 747/230 717/231
f 747/232 748/233 717/234
f 717/235 748/236 716/237
f 748/238 749/239 716/240
f 716/241 749/242 715/243
f 749/244 750/245 715/246
f 715/247 750/248 714/249
f 750/250 751/251 714/252
f 714/253 751/254 737/255
f 751/256 752/257 737/258
f 737/259 752/260 736/261
f 752/262 753/263 736/264
f 736/265 753/266 735/267
f 753/268 754/269 735/270
f 735/271 754/272 734/273
f 754/274 755/275 734/276
f 734/277 755/278 733/279
f 755/280 756/281 733/282
f 733/283 756/284 732/285
f 756/286 757/287 732/288
f 732/289 757/290 730/291
f 757/292 731/293 730/294
f 852/295 853/296 867/297
f 853/298 854/299 867/300
f 867/301 854/302 866/303
f 854/304 855/305 866/306
f 866/307 855/308 865/309
f 855/310 856/311 865/312
f 865/313 856/314 864/315
f 856/316 844/317 864/318
f 864/319 844/320 863/321
f 844/322 838/323 863/324
f 863/325 838/326 886/327
f 838/328 839/329 886/330
f 886/331 839/332 885/333
f 839/334 845/335 885/336
f 885/337 845/338 884/339
f 845/340 846/341 884/342
f 884/343 846/344 883/345
f 846/346 840/347 883/348
f 883/349 840/350 882/351
f 840/352 841/353 882/354
f 882/355 841/356 881/357
f 841/358 847/359 881/360
f 881/361 847/362 880/363
f 847/364 848/365 880/366
f 880/367 848/368 879/369
f 848/370 842/371 879/372
f 879/373 842/374 878/375
f 842/376 843/377 878/378
f 878/379 843/380 877/381
f 843/382 857/383 877/384
f 877/385 857/386 876/387
f 857/388 858/389 876/390
f 876/391 858/392 875/393
f 858/394 849/395 875/396
f 875/397 849/398 874/399
f 849/400 850/401 874/402
f 874/403 850/404 873/405
f 850/406 859/407 873/408
f 873/409 859/410 872/411
f 859/412 860/413 872/414
f 872/415 860/416 871/417
f 860/418 861/419 871/420
f 871/421 861/422 870/423
f 861/424 862/425 870/426
f 870/427 862/428 869/429
f 862/430 851/431 869/432
f 869/433 851/434 868/435
f 851/436 852/437 868/438
f 868/439 852/440 867/441
f 892/442 893/443 868/444
f 893/445 894/446 868/447
f 868/448 894/449 869/450
f 894/451 895/452 869/453
f 869/454 895/455 870/456
f 895/457 896/458 870/459
f 870/460 896/461 871/462
f 896/463 897/464 871/465
f 871/466 897/467 872/468
f 897/469 898/470 872/471
f 872/472 898/473 873/474
f 898/475 899/476 873/477
f 873/478 899/479 874/480
f 899/481 900/482 874/483
f 874/484 900/485 875/486
f 900/487 901/488 875/489
f 875/490 901/491 876/492
f 901/493 902/494 876/495
f 876/496 902/497 877/498
f 902/499 903/500 877/501
f 877/502 903/503 878/504
f 903/505 904/506 878/507
f 878/508 904/509 879/510
f 904/511 905/512 879/513
f 879/514 905/515 880/516
f 905/517 906/518 880/519
f 880/520 906/521 881/522
f 906/523 907/524 881/525
f 881/526 907/527 882/528
f 907/529 908/530 882/531
f 882/532 908/533 883/534
f 908/535 909/536 883/537
f 883/538 909/539 884/540
f 909/541 910/542 884/543
f 884/544 910/545 885/546
f 910/547 911/548 885/549
f 885/550 911/551 886/552
f 911/553 887/554 886/555
f 886/556 887/557 863/558
f 887/559 888/560 863/561
f 863/562 888/563 864/564
f 888/565 889/566 864/567
f 864/568 889/569 865/570
f 889/571 890/572 865/573
f 865/574 890/575 866/576
f 890/577 891/578 866/579
f 866/580 891/581 867/582
f 891/583 892/584 867/585
f 867/586 892/587 868/588
f 1133/589 1122/590 1150/591
f 1122/592 1123/593 1150/594
f 1150/595 1123/596 1149/597
f 1123/598 1134/599 1149/600
f 1149/601 1134/602 1148/603
f 1134/604 1119/605 1148/606
f 1148/607 1119/608 1147/609
f 1119/610 1118/611 1147/612
f 1147/613 1118/614 1146/615
f 1118/616 1116/617 1146/618
f 1146/619 1116/620 1145/621
f 1116/622 1117/623 1145/624
f 1145/625 1117/626 1144/627
f 1117/628 1124/629 1144/630
f 1144/631 1124/632 1143/633
f 1124/634 1125/635 1143/636
f 1143/637 1125/638 1142/639
f 1125/640 1126/641 1142/642
f 1142/643 1126/644 1141/645
f 1126/646 1139/647 1141/648
f 1141/649 1139/650 1164/651
f 1139/652 1140/653 1164/654
f 1164/655 1140/656 1163/657
f 1140/658 1135/659 1163/660
f 1163/661 1135/662 1162/663
f 1135/664 1136/665 1162/666
f 1162/667 1136/668 1161/669
f 1136/670 1127/671 1161/672
f 1161/673 1127/674 1160/675
f 1127/676 1128/677 1160/678
f 1160/679 1128/680 1159/681
f 1128/682 1137/683 1159/684
f 1159/685 1137/686 1158/687
f 1137/688 1129/689 1158/690
f 1158/691 1129/692 1157/693
f 1129/694 1130/695 1157/696
f 1157/697 1130/698 1156/699
f 1130/700 1120/701 1156/702
f 1156/703 1120/704 1155/705
f 1120/706 1121/707 1155/708
f 1155/709 1121/710 1154/711
f 1121/712 1131/713 1154/714
f 1154/715 1131/716 1153/717
f 1131/718 1138/719 1153/720
f 1153/721 1138/722 1152/723
f 1138/724 1132/725 1152/726
f 1152/727 1132/728 1151/729
f 1132/730 1133/731 1151/732
f 1151/733 1133/734 1150/735
f 1141/736 1166/737 1142/738
f 1166/739 1167/740 1142/741
f 1142/742 1167/743 1143/744
f 1167/745 1168/746 1143/747
f 1143/748 1168/749 1144/750
f 1168/751 1169/752 1144/753
f 1144/754 1169/755 1145/756
f 1169/757 1170/758 1145/759
f 1145/760 1170/761 1146/762
f 1170/763 1171/764 1146/765
f 1146/766 1171/767 1147/768
f 1171/769 1172/770 1147/771
f 1147/772 1172/773 1148/774
f 1172/775 1173/776 1148/777
f 1148/778 1173/779 1149/780
f 1173/781 1174/782 1149/783
f 1149/784 1174/785 1150/786
f 1174/787 1175/788 1150/789
f 1150/790 1175/791 1151/792
f 1175/793 1176/794 1151/795
f 1151/796 1176/797 1152/798
f 1176/799 1177/800 1152/801
f 1152/802 1177/803 1153/804
f 1177/805 1178/806 1153/807
f 1153/808 1178/809 1154/810
f 1178/811 1179/812 1154/813
f 1154/814 1179/815 1155/816
f 1179/817 1180/818 1155/819
f 1155/820 1180/821 1156/822
f 1180/823 1181/824 1156/825
f 1156/826 1181/827 1157/828
f 1181/829 1182/830 1157/831
f 1157/832 1182/833 1158/834
f 1182/835 1183/836 1158/837
f 1158/838 1183/839 1159/840
f 1183/841 1184/842 1159/843
f 1159/844 1184/845 1160/846
f 1184/847 1185/848 1160/849
f 1160/850 1185/851 1161/852
f 1185/853 1186/854 1161/855
f 1161/856 1186/857 1162/858
f 1186/859 1187/860 1162/861
f 1162/862 1187/863 1163/864
f 1187/865 1188/866 1163/867
f 1163/868 1188/869 1164/870
f 1188/871 1165/872 1164/873
f 1164/874 1165/875 1141/876
f 1165/877 1166/878 1141/879
f 1079/880 1092/881 1078/882
f 1092/883 1093/884 1078/885
f 1078/886 1093/887 1077/888
f 1093/889 1094/890 1077/891
f 1077/892 1094/893 1076/894
f 1094/895 1095/896 1076/897
f 1076/898 1095/899 1075/900
f 1095/901 1096/902 1075/903
f 1075/904 1096/905 1074/906
f 1096/907 1097/908 1074/909
f 1074/910 1097/911 1073/912
f 1097/913 1098/914 1073/915
f 1073/916 1098/917 1072/918
f 1098/919 1099/920 1072/921
f 1072/922 1099/923 1071/924
f 1099/925 1100/926 1071/927
f 1071/928 1100/929 1070/930
f 1100/931 1101/932 1070/933
f 1070/934 1101/935 1069/936
f 1101/937 1102/938 1069/939
f 1069/940 1102/941 1068/942
f 1102/943 1103/944 1068/945
f 1068/946 1103/947 1067/948
f 1103/949 1104/950 1067/951
f 1067/952 1104/953 1090/954
f 1104/955 1105/956 1090/957
f 1090/958 1105/959 1088/960
f 1105/961 1106/962 1088/963
f 1088/964 1106/965 1089/966
f 1106/967 1107/968 1089/969
f 1089/970 1107/971 1087/972
f 1107/973 1108/974 1087/975
f 1087/976 1108/977 1086/978
f 1108/979 1109/980 1086/981
f 1086/982 1109/983 1085/984
f 1109/985 1110/986 1085/987
f 1085/988 1110/989 1084/990
f 1110/991 1111/992 1084/993
f 1084/994 1111/995 1083/996
f 1111/997 1112/998 1083/999
f 1083/1000 1112/1001 1082/1002
f 1112/1003 1113/1004 1082/1005
f 1082/1006 1113/1007 1081/1008
f 1113/1009 1114/1010 1081/1011
f 1081/1012 1114/1013 1080/1014
f 1114/1015 1091/1016 1080/1017
f 1080/1018 1091/1019 1079/1020
f 1091/1021 1092/1022 1079/1023
f 1058/1024 1060/1025 1088/1026
f 1060/1027 1059/1028 1088/1029
f 1088/1030 1059/1031 1090/1032
f 1059/1033 1065/1034 1090/1035
f 1090/1036 1065/1037 1067/1038
f 1065/1039 1049/1040 1067/1041
f 1067/1042 1049/1043 1068/1044
f 1049/1045 1050/1046 1068/1047
f 1068/1048 1050/1049 1069/1050
f 1050/1051 1051/1052 1069/1053
f 1069/1054 1051/1055 1070/1056
f 1051/1057 1042/1058 1070/1059
f 1070/1060 1042/1061 1071/1062
f 1042/1063 1043/1064 1071/1065
f 1071/1066 1043/1067 1072/1068
f 1043/1069 1044/1070 1072/1071
f 1072/1072 1044/1073 1073/1074
f 1044/1075 1047/1076 1073/1077
f 1073/1078 1047/1079 1074/1080
f 1047/1081 1061/1082 1074/1083
f 1074/1084 1061/1085 1075/1086
f 1061/1087 1052/1088 1075/1089
f 1075/1090 1052/1091 1076/1092
f 1052/1093 1053/1094 1076/1095
f 1076/1096 1053/1097 1077/1098
f 1053/1099 1062/1100 1077/1101
f 1077/1102 1062/1103 1078/1104
f 1062/1105 1063/1106 1078/1107
f 1078/1108 1063/1109 1079/1110
f 1063/1111 1054/1112 1079/1113
f 1079/1114 1054/1115 1080/1116
f 1054/1117 1055/1118 1080/1119
f 1080/1120 1055/1121 1081/1122
f 1055/1123 1056/1124 1081/1125
f 1081/1126 1056/1127 1082/1128
f 1056/1129 1048/1130 1082/1131
f 1082/1132 1048/1133 1083/1134
f 1048/1135 1045/1136 1083/1137
f 1083/1138 1045/1139 1084/1140
f 1045/1141 1046/1142 1084/1143
f 1084/1144 1046/1145 1085/1146
f 1046/1147 1066/1148 1085/1149
f 1085/1150 1066/1151 1086/1152
f 1066/1153 1064/1154 1086/1155
f 1086/1156 1064/1157 1087/1158
f 1064/1159 1057/1160 1087/1161
f 1087/1162 1057/1163 1089/1164
f 1057/1165 1058/1166 1089/1167
f 1089/1168 1058/1169 1088/1170
f 759/1171 758/1172 763/1173
f 762/1174 761/1175 763/1176
f 761/1177 760/1178 763/1179
f 763/1180 760/1181 759/1182
f 740/1183 739/1184 763/1185
f 739/1186 738/1187 763/1188
f 763/1189 738/1190 762/1191
f 743/1192 742/1193 763/1194
f 742/1195 741/1196 763/1197
f 763/1198 741/1199 740/1200
f 746/1201 745/1202 763/1203
f 745/1204 744/1205 763/1206
f 763/1207 744/1208 743/1209
f 749/1210 748/1211 763/1212
f 748/1213 747/1214 763/1215
f 763/1216 747/1217 746/1218
f 752/1219 751/1220 763/1221
f 751/1222 750/1223 763/1224
f 763/1225 750/1226 749/1227
f 755/1228 754/1229 763/1230
f 754/1231 753/1232 763/1233
f 763/1234 753/1235 752/1236
f 758/1237 757/1238 763/1239
f 757/1240 756/1241 763/1242
f 763/1243 756/1244 755/1245
f 893/1246 892/1247 912/1248
f 896/1249 895/1250 912/1251
f 895/1252 894/1253 912/1254
f 912/1255 894/1256 893/1257
f 899/1258 898/1259 912/1260
f 898/1261 897/1262 912/1263
f 912/1264 897/1265 896/1266
f 902/1267 901/1268 912/1269
f 901/1270 900/1271 912/1272
f 912/1273 900/1274 899/1275
f 905/1276 904/1277 912/1278
f 904/1279 903/1280 912/1281
f 912/1282 903/1283 902/1284
f 908/1285 907/1286 912/1287
f 907/1288 906/1289 912/1290
f 912/1291 906/1292 905/1293
f 911/1294 910/1295 912/1296
f 910/1297 909/1298 912/1299
f 912/1300 909/1301 908/1302
f 889/1303 888/1304 912/1305
f 888/1306 887/1307 912/1308
f 912/1309 887/1310 911/1311
f 892/1312 891/1313 912/1314
f 891/1315 890/1316 912/1317
f 912/1318 890/1319 889/1320
f 1180/1321 1179/1322 1189/1323
f 1179/1324 1178/1325 1189/1326
f 1189/1327 1178/1328 1177/1329
f 1183/1330 1182/1331 1189/1332
f 1182/1333 1181/1334 1189/1335
f 1189/1336 1181/1337 1180/1338
f 1186/1339 1185/1340 1189/1341
f 1185/1342 1184/1343 1189/1344
f 1189/1345 1184/1346 1183/1347
f 1165/1348 1188/1349 1189/1350
f 1188/1351 1187/1352 1189/1353
f 1189/1354 1187/1355 1186/1356
f 1168/1357 1167/1358 1189/1359
f 1167/1360 1166/1361 1189/1362
f 1189/1363 1166/1364 1165/1365
f 1171/1366 1170/1367 1189/1368
f 1170/1369 1169/1370 1189/1371
f 1189/1372 1169/1373 1168/1374
f 1174/1375 1173/1376 1189/1377
f 1173/1378 1172/1379 1189/1380
f 1189/1381 1172/1382 1171/1383
f 1177/1384 1176/1385 1189/1386
f 1176/1387 1175/1388 1189/1389
f 1189/1390 1175/1391 1174/1392
f 1106/1393 1105/1394 1115/1395
f 1105/1396 1104/1397 1115/1398
f 1115/1399 1104/1400 1103/1401
f 1109/1402 1108/1403 1115/1404
f 1108/1405 1107/1406 1115/1407
f 1115/1408 1107/1409 1106/1410
f 1112/1411 1111/1412 1115/1413
f 1111/1414 1110/1415 1115/1416
f 1115/1417 1110/1418 1109/1419
f 1091/1420 1114/1421 1115/1422
f 1114/1423 1113/1424 1115/1425
f 1115/1426 1113/1427 1112/1428
f 1094/1429 1093/1430 1115/1431
f 1093/1432 1092/1433 1115/1434
f 1115/1435 1092/1436 1091/1437
f 1097/1438 1096/1439 1115/1440
f 1096/1441 1095/1442 1115/1443
f 1115/1444 1095/1445 1094/1446
f 1100/1447 1099/1448 1115/1449
f 1099/1450 1098/1451 1115/1452
f 1115/1453 1098/1454 1097/1455
f 1103/1456 1102/1457 1115/1458
f 1102/1459 1101/1460 1115/1461
f 1115/1462 1101/1463 1100/1464
usemtl Geyser
f 1264/1465 1263/1466 1262/1467
f 1237/1468 1263/1469 1264/1470
f 1264/1471 1234/1472 1260/1473
f 1261/1474 1234/1475 1264/1476
f 1262/1477 1261/1478 1264/1479
f 1264/1480 1258/1481 1245/1482
f 1259/1483 1258/1484 1264/1485
f 1260/1486 1259/1487 1264/1488
f 1264/1489 1256/1490 1255/1491
f 1257/1492 1256/1493 1264/1494
f 1245/1495 1257/1496 1264/1497
f 1264/1498 1247/1499 1246/1500
f 1243/1501 1247/1502 1264/1503
f 1255/1504 1243/1505 1264/1506
f 1264/1507 1241/1508 1254/1509
f 1248/1510 1241/1511 1264/1512
f 1246/1513 1248/1514 1264/1515
f 1264/1516 1252/1517 1239/1518
f 1253/1519 1252/1520 1264/1521
f 1254/1522 1253/1523 1264/1524
f 1264/1525 1250/1526 1249/1527
f 1251/1528 1250/1529 1264/1530
f 1239/1531 1251/1532 1264/1533
f 1249/1534 1237/1535 1264/1536
f 471/1537 495/1538 472/1539
f 495/1540 496/1541 472/1542
f 472/1543 496/1544 473/1545
f 496/1546 497/1547 473/1548
f 473/1549 497/1550 474/1551
f 497/1552 498/1553 474/1554
f 474/1555 498/1556 475/1557
f 498/1558 499/1559 475/1560
f 475/1561 499/1562 476/1563
f 499/1564 500/1565 476/1566
f 476/1567 500/1568 477/1569
f 500/1570 501/1571 477/1572
f 477/1573 501/1574 478/1575
f 501/1576 502/1577 478/1578
f 478/1579 502/1580 479/1581
f 502/1582 503/1583 479/1584
f 479/1585 503/1586 480/1587
f 503/1588 504/1589 480/1590
f 480/1591 504/1592 481/1593
f 504/1594 505/1595 481/1596
f 481/1597 505/1598 482/1599
f 505/1600 506/1601 482/1602
f 482/1603 506/1604 483/1605
f 506/1606 507/1607 483/1608
f 483/1609 507/1610 484/1611
f 507/1612 508/1613 484/1614
f 484/1615 508/1616 485/1617
f 508/1618 509/1619 485/1620
f 485/1621 509/1622 486/1623
f 509/1624 510/1625 486/1626
f 486/1627 510/1628 487/1629
f 510/1630 511/1631 487/1632
f 487/1633 511/1634 488/1635
f 511/1636 512/1637 488/1638
f 488/1639 512/1640 489/1641
f 512/1642 513/1643 489/1644
f 489/1645 513/1646 490/1647
f 513/1648 514/1649 490/1650
f 490/1651 514/1652 491/1653
f 514/1654 515/1655 491/1656
f 491/1657 515/1658 492/1659
f 515/1660 516/1661 492/1662
f 492/1663 516/1664 493/1665
f 516/1666 517/1667 493/1668
f 493/1669 517/1670 494/1671
f 517/1672 518/1673 494/1674
f 494/1675 518/1676 471/1677
f 518/1678 495/1679 471/1680
f 518/1681 519/1682 495/1683
f 519/1684 520/1685 495/1686
f 495/1687 520/1688 496/1689
f 520/1690 521/1691 496/1692
f 496/1693 521/1694 497/1695
f 521/1696 522/1697 497/1698
f 497/1699 522/1700 498/1701
f 522/1702 523/1703 498/1704
f 498/1705 523/1706 499/1707
f 523/1708 524/1709 499/1710
f 499/1711 524/1712 500/1713
f 524/1714 525/1715 500/1716
f 500/1717 525/1718 501/1719
f 525/1720 526/1721 501/1722
f 501/1723 526/1724 502/1725
f 526/1726 527/1727 502/1728
f 502/1729 527/1730 503/1731
f 527/1732 528/1733 503/1734
f 503/1735 528/1736 504/1737
f 528/1738 529/1739 504/1740
f 504/1741 529/1742 505/1743
f 529/1744 530/1745 505/1746
f 505/1747 530/1748 506/1749
f 530/1750 531/1751 506/1752
f 506/1753 531/1754 507/1755
f 531/1756 532/1757 507/1758
f 507/1759 532/1760 508/1761
f 532/1762 533/1763 508/1764
f 508/1765 533/1766 509/1767
f 533/1768 534/1769 509/1770
f 509/1771 534/1772 510/1773
f 534/1774 535/1775 510/1776
f 510/1777 535/1778 511/1779
f 535/1780 536/1781 511/1782
f 511/1783 536/1784 512/1785
f 536/1786 537/1787 512/1788
f 512/1789 537/1790 513/1791
f 537/1792 538/1793 513/1794
f 513/1795 538/1796 514/1797
f 538/1798 539/1799 514/1800
f 514/1801 539/1802 515/1803
f 539/1804 540/1805 515/1806
f 515/1807 540/1808 516/1809
f 540/1810 541/1811 516/1812
f 516/1813 541/1814 517/1815
f 541/1816 542/1817 517/1818
f 517/1819 542/1820 518/1821
f 542/1822 519/1823 518/1824
f 542/1825 543/1826 519/1827
f 543/1828 544/1829 519/1830
f 519/1831 544/1832 520/1833
f 544/1834 545/1835 520/1836
f 520/1837 545/1838 521/1839
f 545/1840 546/1841 521/1842
f 521/1843 546/1844 522/1845
f 546/1846 547/1847 522/1848
f 522/1849 547/1850 523/1851
f 547/1852 548/1853 523/1854
f 523/1855 548/1856 524/1857
f 548/1858 549/1859 524/1860
f 524/1861 549/1862 525/1863
f 549/1864 550/1865 525/1866
f 525/1867 550/1868 526/1869
f 550/1870 551/1871 526/1872
f 526/1873 551/1874 527/1875
f 551/1876 552/1877 527/1878
f 527/1879 552/1880 528/1881
f 552/1882 553/1883 528/1884
f 528/1885 553/1886 529/1887
f 553/1888 554/1889 529/1890
f 529/1891 554/1892 530/1893
f 554/1894 555/1895 530/1896
f 530/1897 555/1898 531/1899
f 555/1900 556/1901 531/1902
f 531/1903 556/1904 532/1905
f 556/1906 557/1907 532/1908
f 532/1909 557/1910 533/1911
f 557/1912 558/1913 533/1914
f 533/1915 558/1916 534/1917
f 558/1918 559/1919 534/1920
f 534/1921 559/1922 535/1923
f 559/1924 560/1925 535/1926
f 535/1927 560/1928 536/1929
f 560/1930 561/1931 536/1932
f 536/1933 561/1934 537/1935
f 561/1936 562/1937 537/1938
f 537/1939 562/1940 538/1941
f 562/1942 563/1943 538/1944
f 538/1945 563/1946 539/1947
f 563/1948 564/1949 539/1950
f 539/1951 564/1952 540/1953
f 564/1954 565/1955 540/1956
f 540/1957 565/1958 541/1959
f 565/1960 566/1961 541/1962
f 541/1963 566/1964 542/1965
f 566/1966 543/1967 542/1968
f 566/1969 567/1970 543/1971
f 567/1972 568/1973 543/1974
f 543/1975 568/1976 544/1977
f 568/1978 569/1979 544/1980
f 544/1981 569/1982 545/1983
f 569/1984 570/1985 545/1986
f 545/1987 570/1988 546/1989
f 570/1990 571/1991 546/1992
f 546/1993 571/1994 547/1995
f 571/1996 572/1997 547/1998
f 547/1999 572/2000 548/2001
f 572/2002 573/2003 548/2004
f 548/2005 573/2006 549/2007
f 573/2008 574/2009 549/2010
f 549/2011 574/2012 550/2013
f 574/2014 575/2015 550/2016
f 550/2017 575/2018 551/2019
f 575/2020 576/2021 551/2022
f 551/2023 576/2024 552/2025
f 576/2026 577/2027 552/2028
f 552/2029 577/2030 553/2031
f 577/2032 578/2033 553/2034
f 553/2035 578/2036 554/2037
f 578/2038 579/2039 554/2040
f 554/2041 579/2042 555/2043
f 579/2044 580/2045 555/2046
f 555/2047 580/2048 556/2049
f 580/2050 581/2051 556/2052
f 556/2053 581/2054 557/2055
f 581/2056 582/2057 557/2058
f 557/2059 582/2060 558/2061
f 582/2062 583/2063 558/2064
f 558/2065 583/2066 559/2067
f 583/2068 584/2069 559/2070
f 559/2071 584/2072 560/2073
f 584/2074 585/2075 560/2076
f 560/2077 585/2078 561/2079
f 585/2080 586/2081 561/2082
f 561/2083 586/2084 562/2085
f 586/2086 587/2087 562/2088
f 562/2089 587/2090 563/2091
f 587/2092 588/2093 563/2094
f 563/2095 588/2096 564/2097
f 588/2098 589/2099 564/2100
f 564/2101 589/2102 565/2103
f 589/2104 590/2105 565/2106
f 565/2107 590/2108 566/2109
f 590/2110 567/2111 566/2112
f 590/2113 591/2114 567/2115
f 591/2116 592/2117 567/2118
f 567/2119 592/2120 568/2121
f 592/2122 593/2123 568/2124
f 568/2125 593/2126 569/2127
f 593/2128 594/2129 569/2130
f 569/2131 594/2132 570/2133
f 594/2134 595/2135 570/2136
f 570/2137 595/2138 571/2139
f 595/2140 596/2141 571/2142
f 571/2143 596/2144 572/2145
f 596/2146 597/2147 572/2148
f 572/2149 597/2150 573/2151
f 597/2152 598/2153 573/2154
f 573/2155 598/2156 574/2157
f 598/2158 599/2159 574/2160
f 574/2161 599/2162 575/2163
f 599/2164 600/2165 575/2166
f 575/2167 600/2168 576/2169
f 600/2170 601/2171 576/2172
f 576/2173 601/2174 577/2175
f 601/2176 602/2177 577/2178
f 577/2179 602/2180 578/2181
f 602/2182 603/2183 578/2184
f 578/2185 603/2186 579/2187
f 603/2188 604/2189 579/2190
f 579/2191 604/2192 580/2193
f 604/2194 605/2195 580/2196
f 580/2197 605/2198 581/2199
f 605/2200 606/2201 581/2202
f 581/2203 606/2204 582/2205
f 606/2206 607/2207 582/2208
f 582/2209 607/2210 583/2211
f 607/2212 608/2213 583/2214
f 583/2215 608/2216 584/2217
f 608/2218 609/2219 584/2220
f 584/2221 609/2222 585/2223
f 609/2224 610/2225 585/2226
f 585/2227 610/2228 586/2229
f 610/2230 611/2231 586/2232
f 586/2233 611/2234 587/2235
f 611/2236 612/2237 587/2238
f 587/2239 612/2240 588/2241
f 612/2242 613/2243 588/2244
f 588/2245 613/2246 589/2247
f 613/2248 614/2249 589/2250
f 589/2251 614/2252 590/2253
f 614/2254 591/2255 590/2256
f 614/2257 448/2258 591/2259
f 448/2260 449/2261 591/2262
f 591/2263 449/2264 592/2265
f 449/2266 450/2267 592/2268
f 592/2269 450/2270 593/2271
f 450/2272 451/2273 593/2274
f 593/2275 451/2276 594/2277
f 451/2278 452/2279 594/2280
f 594/2281 452/2282 595/2283
f 452/2284 453/2285 595/2286
f 595/2287 453/2288 596/2289
f 453/2290 454/2291 596/2292
f 596/2293 454/2294 597/2295
f 454/2296 455/2297 597/2298
f 597/2299 455/2300 598/2301
f 455/2302 456/2303 598/2304
f 598/2305 456/2306 599/2307
f 456/2308 457/2309 599/2310
f 599/2311 457/2312 600/2313
f 457/2314 458/2315 600/2316
f 600/2317 458/2318 601/2319
f 458/2320 459/2321 601/2322
f 601/2323 459/2324 602/2325
f 459/2326 460/2327 602/2328
f 602/2329 460/2330 603/2331
f 460/2332 461/2333 603/2334
f 603/2335 461/2336 604/2337
f 461/2338 462/2339 604/2340
f 604/2341 462/2342 605/2343
f 462/2344 463/2345 605/2346
f 605/2347 463/2348 606/2349
f 463/2350 464/2351 606/2352
f 606/2353 464/2354 607/2355
f 464/2356 465/2357 607/2358
f 607/2359 465/2360 608/2361
f 465/2362 466/2363 608/2364
f 608/2365 466/2366 609/2367
f 466/2368 467/2369 609/2370
f 609/2371 467/2372 610/2373
f 467/2374 468/2375 610/2376
f 610/2377 468/2378 611/2379
f 468/2380 469/2381 611/2382
f 611/2383 469/2384 612/2385
f 469/2386 470/2387 612/2388
f 612/2389 470/2390 613/2391
f 470/2392 447/2393 613/2394
f 613/2395 447/2396 614/2397
f 447/2398 448/2399 614/2400
f 266/2401 303/2402 265/2403
f 303/2404 304/2405 265/2406
f 265/2407 304/2408 264/2409
f 304/2410 305/2411 264/2412
f 264/2413 305/2414 263/2415
f 305/2416 306/2417 263/2418
f 263/2419 306/2420 262/2421
f 306/2422 307/2423 262/2424
f 262/2425 307/2426 261/2427
f 307/2428 308/2429 261/2430
f 261/2431 308/2432 260/2433
f 308/2434 309/2435 260/2436
f 260/2437 309/2438 259/2439
f 309/2440 310/2441 259/2442
f 259/2443 310/2444 258/2445
f 310/2446 311/2447 258/2448
f 258/2449 311/2450 257/2451
f 311/2452 312/2453 257/2454
f 257/2455 312/2456 256/2457
f 312/2458 313/2459 256/2460
f 256/2461 313/2462 255/2463
f 313/2464 314/2465 255/2466
f 255/2467 314/2468 278/2469
f 314/2470 315/2471 278/2472
f 278/2473 315/2474 277/2475
f 315/2476 316/2477 277/2478
f 277/2479 316/2480 276/2481
f 316/2482 317/2483 276/2484
f 276/2485 317/2486 275/2487
f 317/2488 318/2489 275/2490
f 275/2491 318/2492 274/2493
f 318/2494 319/2495 274/2496
f 274/2497 319/2498 273/2499
f 319/2500 320/2501 273/2502
f 273/2503 320/2504 272/2505
f 320/2506 321/2507 272/2508
f 272/2509 321/2510 271/2511
f 321/2512 322/2513 271/2514
f 271/2515 322/2516 270/2517
f 322/2518 323/2519 270/2520
f 270/2521 323/2522 269/2523
f 323/2524 324/2525 269/2526
f 269/2527 324/2528 268/2529
f 324/2530 325/2531 268/2532
f 268/2533 325/2534 267/2535
f 325/2536 326/2537 267/2538
f 267/2539 326/2540 266/2541
f 326/2542 303/2543 266/2544
f 303/2545 327/2546 304/2547
f 327/2548 328/2549 304/2550
f 304/2551 328/2552 305/2553
f 328/2554 329/2555 305/2556
f 305/2557 329/2558 306/2559
f 329/2560 330/2561 306/2562
f 306/2563 330/2564 307/2565
f 330/2566 331/2567 307/2568
f 307/2569 331/2570 308/2571
f 331/2572 332/2573 308/2574
f 308/2575 332/2576 309/2577
f 332/2578 333/2579 309/2580
f 309/2581 333/2582 310/2583
f 333/2584 334/2585 310/2586
f 310/2587 334/2588 311/2589
f 334/2590 335/2591 311/2592
f 311/2593 335/2594 312/2595
f 335/2596 336/2597 312/2598
f 312/2599 336/2600 313/2601
f 336/2602 337/2603 313/2604
f 313/2605 337/2606 314/2607
f 337/2608 338/2609 314/2610
f 314/2611 338/2612 315/2613
f 338/2614 339/2615 315/2616
f 315/2617 339/2618 316/2619
f 339/2620 340/2621 316/2622
f 316/2623 340/2624 317/2625
f 340/2626 341/2627 317/2628
f 317/2629 341/2630 318/2631
f 341/2632 342/2633 318/2634
f 318/2635 342/2636 319/2637
f 342/2638 343/2639 319/2640
f 319/2641 343/2642 320/2643
f 343/2644 344/2645 320/2646
f 320/2647 344/2648 321/2649
f 344/2650 345/2651 321/2652
f 321/2653 345/2654 322/2655
f 345/2656 346/2657 322/2658
f 322/2659 346/2660 323/2661
f 346/2662 347/2663 323/2664
f 323/2665 347/2666 324/2667
f 347/2668 348/2669 324/2670
f 324/2671 348/2672 325/2673
f 348/2674 349/2675 325/2676
f 325/2677 349/2678 326/2679
f 349/2680 350/2681 326/2682
f 326/2683 350/2684 303/2685
f 350/2686 327/2687 303/2688
f 327/2689 351/2690 328/2691
f 351/2692 352/2693 328/2694
f 328/2695 352/2696 329/2697
f 352/2698 353/2699 329/2700
f 329/2701 353/2702 330/2703
f 353/2704 354/2705 330/2706
f 330/2707 354/2708 331/2709
f 354/2710 355/2711 331/2712
f 331/2713 355/2714 332/2715
f 355/2716 356/2717 332/2718
f 332/2719 356/2720 333/2721
f 356/2722 357/2723 333/2724
f 333/2725 357/2726 334/2727
f 357/2728 358/2729 334/2730
f 334/2731 358/2732 335/2733
f 358/2734 359/2735 335/2736
f 335/2737 359/2738 336/2739
f 359/2740 360/2741 336/2742
f 336/2743 360/2744 337/2745
f 360/2746 361/2747 337/2748
f 337/2749 361/2750 338/2751
f 361/2752 362/2753 338/2754
f 338/2755 362/2756 339/2757
f 362/2758 363/2759 339/2760
f 339/2761 363/2762 340/2763
f 363/2764 364/2765 340/2766
f 340/2767 364/2768 341/2769
f 364/2770 365/2771 341/2772
f 341/2773 365/2774 342/2775
f 365/2776 366/2777 342/2778
f 342/2779 366/2780 343/2781
f 366/2782 367/2783 343/2784
f 343/2785 367/2786 344/2787
f 367/2788 368/2789 344/2790
f 344/2791 368/2792 345/2793
f 368/2794 369/2795 345/2796
f 345/2797 369/2798 346/2799
f 369/2800 370/2801 346/2802
f 346/2803 370/2804 347/2805
f 370/2806 371/2807 347/2808
f 347/2809 371/2810 348/2811
f 371/2812 372/2813 348/2814
f 348/2815 372/2816 349/2817
f 372/2818 373/2819 349/2820
f 349/2821 373/2822 350/2823
f 373/2824 374/2825 350/2826
f 350/2827 374/2828 327/2829
f 374/2830 351/2831 327/2832
f 351/2833 375/2834 352/2835
f 375/2836 376/2837 352/2838
f 352/2839 376/2840 353/2841
f 376/2842 377/2843 353/2844
f 353/2845 377/2846 354/2847
f 377/2848 378/2849 354/2850
f 354/2851 378/2852 355/2853
f 378/2854 379/2855 355/2856
f 355/2857 379/2858 356/2859
f 379/2860 380/2861 356/2862
f 356/2863 380/2864 357/2865
f 380/2866 381/2867 357/2868
f 357/2869 381/2870 358/2871
f 381/2872 382/2873 358/2874
f 358/2875 382/2876 359/2877
f 382/2878 383/2879 359/2880
f 359/2881 383/2882 360/2883
f 383/2884 384/2885 360/2886
f 360/2887 384/2888 361/2889
f 384/2890 385/2891 361/2892
f 361/2893 385/2894 362/2895
f 385/2896 386/2897 362/2898
f 362/2899 386/2900 363/2901
f 386/2902 387/2903 363/2904
f 363/2905 387/2906 364/2907
f 387/2908 388/2909 364/2910
f 364/2911 388/2912 365/2913
f 388/2914 389/2915 365/2916
f 365/2917 389/2918 366/2919
f 389/2920 390/2921 366/2922
f 366/2923 390/2924 367/2925
f 390/2926 391/2927 367/2928
f 367/2929 391/2930 368/2931
f 391/2932 392/2933 368/2934
f 368/2935 392/2936 369/2937
f 392/2938 393/2939 369/2940
f 369/2941 393/2942 370/2943
f 393/2944 394/2945 370/2946
f 370/2947 394/2948 371/2949
f 394/2950 395/2951 371/2952
f 371/2953 395/2954 372/2955
f 395/2956 396/2957 372/2958
f 372/2959 396/2960 373/2961
f 396/2962 397/2963 373/2964
f 373/2965 397/2966 374/2967
f 397/2968 398/2969 374/2970
f 374/2971 398/2972 351/2973
f 398/2974 375/2975 351/2976
f 375/2977 399/2978 376/2979
f 399/2980 400/2981 376/2982
f 376/2983 400/2984 377/2985
f 400/2986 401/2987 377/2988
f 377/2989 401/2990 378/2991
f 401/2992 402/2993 378/2994
f 378/2995 402/2996 379/2997
f 402/2998 403/2999 379/3000
f 379/3001 403/3002 380/3003
f 403/3004 404/3005 380/3006
f 380/3007 404/3008 381/3009
f 404/3010 405/3011 381/3012
f 381/3013 405/3014 382/3015
f 405/3016 406/3017 382/3018
f 382/3019 406/3020 383/3021
f 406/3022 407/3023 383/3024
f 383/3025 407/3026 384/3027
f 407/3028 408/3029 384/3030
f 384/3031 408/3032 385/3033
f 408/3034 409/3035 385/3036
f 385/3037 409/3038 386/3039
f 409/3040 410/3041 386/3042
f 386/3043 410/3044 387/3045
f 410/3046 411/3047 387/3048
f 387/3049 411/3050 388/3051
f 411/3052 412/3053 388/3054
f 388/3055 412/3056 389/3057
f 412/3058 413/3059 389/3060
f 389/3061 413/3062 390/3063
f 413/3064 414/3065 390/3066
f 390/3067 414/3068 391/3069
f 414/3070 415/3071 391/3072
f 391/3073 415/3074 392/3075
f 415/3076 416/3077 392/3078
f 392/3079 416/3080 393/3081
f 416/3082 417/3083 393/3084
f 393/3085 417/3086 394/3087
f 417/3088 418/3089 394/3090
f 394/3091 418/3092 395/3093
f 418/3094 419/3095 395/3096
f 395/3097 419/3098 396/3099
f 419/3100 420/3101 396/3102
f 396/3103 420/3104 397/3105
f 420/3106 421/3107 397/3108
f 397/3109 421/3110 398/3111
f 421/3112 422/3113 398/3114
f 398/3115 422/3116 375/3117
f 422/3118 399/3119 375/3120
f 399/3121 280/3122 400/3123
f 280/3124 281/3125 400/3126
f 400/3127 281/3128 401/3129
f 281/3130 282/3131 401/3132
f 401/3133 282/3134 402/3135
f 282/3136 283/3137 402/3138
f 402/3139 283/3140 403/3141
f 283/3142 284/3143 403/3144
f 403/3145 284/3146 404/3147
f 284/3148 285/3149 404/3150
f 404/3151 285/3152 405/3153
f 285/3154 286/3155 405/3156
f 405/3157 286/3158 406/3159
f 286/3160 287/3161 406/3162
f 406/3163 287/3164 407/3165
f 287/3166 288/3167 407/3168
f 407/3169 288/3170 408/3171
f 288/3172 289/3173 408/3174
f 408/3175 289/3176 409/3177
f 289/3178 290/3179 409/3180
f 409/3181 290/3182 410/3183
f 290/3184 291/3185 410/3186
f 410/3187 291/3188 411/3189
f 291/3190 292/3191 411/3192
f 411/3193 292/3194 412/3195
f 292/3196 293/3197 412/3198
f 412/3199 293/3200 413/3201
f 293/3202 294/3203 413/3204
f 413/3205 294/3206 414/3207
f 294/3208 295/3209 414/3210
f 414/3211 295/3212 415/3213
f 295/3214 296/3215 415/3216
f 415/3217 296/3218 416/3219
f 296/3220 297/3221 416/3222
f 416/3223 297/3224 417/3225
f 297/3226 298/3227 417/3228
f 417/3229 298/3230 418/3231
f 298/3232 299/3233 418/3234
f 418/3235 299/3236 419/3237
f 299/3238 300/3239 419/3240
f 419/3241 300/3242 420/3243
f 300/3244 301/3245 420/3246
f 420/3247 301/3248 421/3249
f 301/3250 302/3251 421/3252
f 421/3253 302/3254 422/3255
f 302/3256 279/3257 422/3258
f 422/3259 279/3260 399/3261
f 279/3262 280/3263 399/3264
f 447/3265 426/3266 448/3267
f 426/3268 425/3269 448/3270
f 448/3271 425/3272 449/3273
f 425/3274 435/3275 449/3276
f 449/3277 435/3278 450/3279
f 435/3280 434/3281 450/3282
f 450/3283 434/3284 451/3285
f 434/3286 440/3287 451/3288
f 451/3289 440/3290 452/3291
f 440/3292 439/3293 452/3294
f 452/3295 439/3296 453/3297
f 439/3298 446/3299 453/3300
f 453/3301 446/3302 454/3303
f 446/3304 445/3305 454/3306
f 454/3307 445/3308 455/3309
f 445/3310 444/3311 455/3312
f 455/3313 444/3314 456/3315
f 444/3316 443/3317 456/3318
f 456/3319 443/3320 457/3321
f 443/3322 442/3323 457/3324
f 457/3325 442/3326 458/3327
f 442/3328 430/3329 458/3330
f 458/3331 430/3332 459/3333
f 430/3334 424/3335 459/3336
f 459/3337 424/3338 460/3339
f 424/3340 423/3341 460/3342
f 460/3343 423/3344 461/3345
f 423/3346 429/3347 461/3348
f 461/3349 429/3350 462/3351
f 429/3352 433/3353 462/3354
f 462/3355 433/3356 463/3357
f 433/3358 441/3359 463/3360
f 463/3361 441/3362 464/3363
f 441/3364 438/3365 464/3366
f 464/3367 438/3368 465/3369
f 438/3370 437/3371 465/3372
f 465/3373 437/3374 466/3375
f 437/3376 436/3377 466/3378
f 466/3379 436/3380 467/3381
f 436/3382 432/3383 467/3384
f 467/3385 432/3386 468/3387
f 432/3388 431/3389 468/3390
f 468/3391 431/3392 469/3393
f 431/3394 428/3395 469/3396
f 469/3397 428/3398 470/3399
f 428/3400 427/3401 470/3402
f 470/3403 427/3404 447/3405
f 427/3406 426/3407 447/3408
f 255/3409 113/3410 256/3411
f 113/3412 101/3413 256/3414
f 256/3415 101/3416 257/3417
f 101/3418 129/3419 257/3420
f 257/3421 129/3422 258/3423
f 129/3424 122/3425 258/3426
f 258/3427 122/3428 259/3429
f 122/3430 141/3431 259/3432
f 259/3433 141/3434 260/3435
f 141/3436 140/3437 260/3438
f 260/3439 140/3440 261/3441
f 140/3442 147/3443 261/3444
f 261/3445 147/3446 262/3447
f 147/3448 133/3449 262/3450
f 262/3451 133/3452 263/3453
f 133/3454 146/3455 263/3456
f 263/3457 146/3458 264/3459
f 146/3460 142/3461 264/3462
f 264/3463 142/3464 265/3465
f 142/3466 112/3467 265/3468
f 265/3469 112/3470 266/3471
f 112/3472 116/3473 266/3474
f 266/3475 116/3476 267/3477
f 116/3478 132/3479 267/3480
f 267/3481 132/3482 268/3483
f 132/3484 131/3485 268/3486
f 268/3487 131/3488 269/3489
f 131/3490 130/3491 269/3492
f 269/3493 130/3494 270/3495
f 130/3496 145/3497 270/3498
f 270/3499 145/3500 271/3501
f 145/3502 152/3503 271/3504
f 271/3505 152/3506 272/3507
f 152/3508 154/3509 272/3510
f 272/3511 154/3512 273/3513
f 154/3514 156/3515 273/3516
f 273/3517 156/3518 274/3519
f 156/3520 151/3521 274/3522
f 274/3523 151/3524 275/3525
f 151/3526 110/3527 275/3528
f 275/3529 110/3530 276/3531
f 110/3532 109/3533 276/3534
f 276/3535 109/3536 277/3537
f 109/3538 106/3539 277/3540
f 277/3541 106/3542 278/3543
f 106/3544 105/3545 278/3546
f 278/3547 105/3548 255/3549
f 105/3550 113/3551 255/3552
f 1240/3553 1232/3554 1239/3555
f 1232/3556 1233/3557 1239/3558
f 1239/3559 1233/3560 1238/3561
f 1242/3562 1231/3563 1241/3564
f 1231/3565 1232/3566 1241/3567
f 1241/3568 1232/3569 1240/3570
f 1244/3571 1230/3572 1243/3573
f 1230/3574 1231/3575 1243/3576
f 1243/3577 1231/3578 1242/3579
f 1235/3580 1228/3581 1245/3582
f 1228/3583 1230/3584 1245/3585
f 1245/3586 1230/3587 1244/3588
f 1242/3589 1241/3590 1248/3591
f 1248/3592 1246/3593 1242/3594
f 1246/3595 1247/3596 1242/3597
f 1242/3598 1247/3599 1243/3600
f 1240/3601 1239/3602 1252/3603
f 1252/3604 1253/3605 1240/3606
f 1253/3607 1254/3608 1240/3609
f 1240/3610 1254/3611 1241/3612
f 1238/3613 1237/3614 1249/3615
f 1249/3616 1250/3617 1238/3618
f 1250/3619 1251/3620 1238/3621
f 1238/3622 1251/3623 1239/3624
f 1236/3625 1234/3626 1261/3627
f 1261/3628 1262/3629 1236/3630
f 1262/3631 1263/3632 1236/3633
f 1236/3634 1263/3635 1237/3636
f 1235/3637 1245/3638 1258/3639
f 1258/3640 1259/3641 1235/3642
f 1259/3643 1260/3644 1235/3645
f 1235/3646 1260/3647 1234/3648
f 1244/3649 1243/3650 1255/3651
f 1255/3652 1256/3653 1244/3654
f 1256/3655 1257/3656 1244/3657
f 1244/3658 1257/3659 1245/3660
f 1238/3661 1233/3662 1237/3663
f 1233/3664 1229/3665 1237/3666
f 1237/3667 1229/3668 1236/3669
f 1236/3670 1229/3671 1234/3672
f 1229/3673 1228/3674 1234/3675
f 1234/3676 1228/3677 1235/3678
f 302/3679 424/3680 279/3681
f 424/3682 430/3683 279/3684
f 279/3685 430/3686 280/3687
f 430/3688 442/3689 280/3690
f 280/3691 442/3692 281/3693
f 442/3694 443/3695 281/3696
f 281/3697 443/3698 282/3699
f 443/3700 444/3701 282/3702
f 282/3703 444/3704 283/3705
f 444/3706 445/3707 283/3708
f 283/3709 445/3710 284/3711
f 445/3712 446/3713 284/3714
f 284/3715 446/3716 285/3717
f 446/3718 439/3719 285/3720
f 285/3721 439/3722 286/3723
f 439/3724 440/3725 286/3726
f 286/3727 440/3728 287/3729
f 440/3730 434/3731 287/3732
f 287/3733 434/3734 288/3735
f 434/3736 435/3737 288/3738
f 288/3739 435/3740 289/3741
f 435/3742 425/3743 289/3744
f 289/3745 425/3746 290/3747
f 425/3748 426/3749 290/3750
f 290/3751 426/3752 291/3753
f 426/3754 427/3755 291/3756
f 291/3757 427/3758 292/3759
f 427/3760 428/3761 292/3762
f 292/3763 428/3764 293/3765
f 428/3766 431/3767 293/3768
f 293/3769 431/3770 294/3771
f 431/3772 432/3773 294/3774
f 294/3775 432/3776 295/3777
f 432/3778 436/3779 295/3780
f 295/3781 436/3782 296/3783
f 436/3784 437/3785 296/3786
f 296/3787 437/3788 297/3789
f 437/3790 438/3791 297/3792
f 297/3793 438/3794 298/3795
f 438/3796 441/3797 298/3798
f 298/3799 441/3800 299/3801
f 441/3802 433/3803 299/3804
f 299/3805 433/3806 300/3807
f 433/3808 429/3809 300/3810
f 300/3811 429/3812 301/3813
f 429/3814 423/3815 301/3816
f 301/3817 423/3818 302/3819
f 423/3820 424/3821 302/3822
f 484/3823 485/3824 1231/3825
f 1230/3826 481/3827 482/3828
f 493/3829 494/3830 1233/3831
f 494/3832 471/3833 1233/3834
f 1233/3835 471/3836 1229/3837
f 471/3838 472/3839 1229/3840
f 1229/3841 472/3842 473/3843
f 489/3844 490/3845 1232/3846
f 490/3847 491/3848 1232/3849
f 1232/3850 491/3851 1233/3852
f 491/3853 492/3854 1233/3855
f 1233/3856 492/3857 493/3858
f 485/3859 486/3860 1231/3861
f 486/3862 487/3863 1231/3864
f 1231/3865 487/3866 1232/3867
f 487/3868 488/3869 1232/3870
f 1232/3871 488/3872 489/3873
f 1230/3874 482/3875 1231/3876
f 482/3877 483/3878 1231/3879
f 1231/3880 483/3881 484/3882
f 477/3883 478/3884 1228/3885
f 478/3886 479/3887 1228/3888
f 1228/3889 479/3890 1230/3891
f 479/3892 480/3893 1230/3894
f 1230/3895 480/3896 481/3897
f 473/3898 474/3899 1229/3900
f 474/3901 475/3902 1229/3903
f 1229/3904 475/3905 1228/3906
f 475/3907 476/3908 1228/3909
f 1228/3910 476/3911 477/3912
usemtl Cod_Gray
f 1/3913 4/3914 37/3915
f 18/3916 21/3917 38/3918
f 20/3919 22/3920 39/3921
f 34/3922 36/3923 40/3924
f 34/3925 40/3926 33/3927
f 42/3928 29/3929 41/3930
f 29/3931 31/3932 41/3933
f 41/3934 31/3935 32/3936
f 25/3937 28/3938 43/3939
f 28/3940 27/3941 43/3942
f 43/3943 27/3944 42/3945
f 27/3946 30/3947 42/3948
f 42/3949 30/3950 29/3951
f 22/3952 23/3953 39/3954
f 23/3955 26/3956 39/3957
f 39/3958 26/3959 43/3960
f 26/3961 24/3962 43/3963
f 43/3964 24/3965 25/3966
f 17/3967 15/3968 44/3969
f 15/3970 16/3971 44/3972
f 44/3973 16/3974 19/3975
f 46/3976 11/3977 45/3978
f 11/3979 13/3980 45/3981
f 45/3982 13/3983 14/3984
f 7/3985 10/3986 47/3987
f 10/3988 9/3989 47/3990
f 47/3991 9/3992 46/3993
f 9/3994 12/3995 46/3996
f 46/3997 12/3998 11/3999
f 4/4000 5/4001 37/4002
f 5/4003 8/4004 37/4005
f 37/4006 8/4007 47/4008
f 8/4009 6/4010 47/4011
f 47/4012 6/4013 7/4014
f 35/4015 2/4016 48/4017
f 2/4018 3/4019 48/4020
f 32/4021 33/4022 41/4023
f 33/4024 40/4025 41/4026
f 41/4027 40/4028 42/4029
f 40/4030 49/4031 42/4032
f 42/4033 49/4034 43/4035
f 49/4036 50/4037 43/4038
f 43/4039 50/4040 39/4041
f 50/4042 38/4043 39/4044
f 39/4045 38/4046 20/4047
f 38/4048 21/4049 20/4050
f 36/4051 35/4052 40/4053
f 35/4054 48/4055 40/4056
f 40/4057 48/4058 49/4059
f 48/4060 51/4061 49/4062
f 49/4063 51/4064 50/4065
f 51/4066 52/4067 50/4068
f 50/4069 52/4070 38/4071
f 52/4072 44/4073 38/4074
f 38/4075 44/4076 18/4077
f 44/4078 19/4079 18/4080
f 3/4081 1/4082 48/4083
f 1/4084 37/4085 48/4086
f 48/4087 37/4088 51/4089
f 37/4090 47/4091 51/4092
f 51/4093 47/4094 52/4095
f 47/4096 46/4097 52/4098
f 52/4099 46/4100 44/4101
f 46/4102 45/4103 44/4104
f 44/4105 45/4106 17/4107
f 45/4108 14/4109 17/4110
f 75/4111 3/4112 76/4113
f 3/4114 2/4115 76/4116
f 76/4117 2/4118 53/4119
f 73/4120 4/4121 75/4122
f 4/4123 1/4124 75/4125
f 75/4126 1/4127 3/4128
f 71/4129 6/4130 74/4131
f 6/4132 8/4133 74/4134
f 74/4135 8/4136 73/4137
f 8/4138 5/4139 73/4140
f 73/4141 5/4142 4/4143
f 69/4144 12/4145 70/4146
f 12/4147 9/4148 70/4149
f 70/4150 9/4151 72/4152
f 9/4153 10/4154 72/4155
f 72/4156 10/4157 71/4158
f 10/4159 7/4160 71/4161
f 71/4162 7/4163 6/4164
f 67/4165 13/4166 69/4167
f 13/4168 11/4169 69/4170
f 69/4171 11/4172 12/4173
f 65/4174 15/4175 68/4176
f 15/4177 17/4178 68/4179
f 68/4180 17/4181 67/4182
f 17/4183 14/4184 67/4185
f 67/4186 14/4187 13/4188
f 63/4189 21/4190 64/4191
f 21/4192 18/4193 64/4194
f 64/4195 18/4196 66/4197
f 18/4198 19/4199 66/4200
f 66/4201 19/4202 65/4203
f 19/4204 16/4205 65/4206
f 65/4207 16/4208 15/4209
f 61/4210 22/4211 63/4212
f 22/4213 20/4214 63/4215
f 63/4216 20/4217 21/4218
f 59/4219 24/4220 62/4221
f 24/4222 26/4223 62/4224
f 62/4225 26/4226 61/4227
f 26/4228 23/4229 61/4230
f 61/4231 23/4232 22/4233
f 57/4234 30/4235 58/4236
f 30/4237 27/4238 58/4239
f 58/4240 27/4241 60/4242
f 27/4243 28/4244 60/4245
f 60/4246 28/4247 59/4248
f 28/4249 25/4250 59/4251
f 59/4252 25/4253 24/4254
f 55/4255 31/4256 57/4257
f 31/4258 29/4259 57/4260
f 57/4261 29/4262 30/4263
f 2/4264 35/4265 53/4266
f 35/4267 36/4268 53/4269
f 53/4270 36/4271 54/4272
f 36/4273 34/4274 54/4275
f 54/4276 34/4277 56/4278
f 34/4279 33/4280 56/4281
f 56/4282 33/4283 55/4284
f 33/4285 32/4286 55/4287
f 55/4288 32/4289 31/4290
f 66/4291 78/4292 64/4293
f 78/4294 79/4295 64/4296
f 64/4297 79/4298 63/4299
f 79/4300 80/4301 63/4302
f 63/4303 80/4304 61/4305
f 80/4306 81/4307 61/4308
f 61/4309 81/4310 62/4311
f 81/4312 82/4313 62/4314
f 62/4315 82/4316 59/4317
f 82/4318 83/4319 59/4320
f 59/4321 83/4322 60/4323
f 83/4324 84/4325 60/4326
f 60/4327 84/4328 58/4329
f 84/4330 85/4331 58/4332
f 58/4333 85/4334 57/4335
f 85/4336 86/4337 57/4338
f 57/4339 86/4340 55/4341
f 86/4342 87/4343 55/4344
f 55/4345 87/4346 56/4347
f 87/4348 88/4349 56/4350
f 56/4351 88/4352 54/4353
f 88/4354 89/4355 54/4356
f 54/4357 89/4358 53/4359
f 89/4360 90/4361 53/4362
f 53/4363 90/4364 76/4365
f 90/4366 91/4367 76/4368
f 76/4369 91/4370 75/4371
f 91/4372 92/4373 75/4374
f 75/4375 92/4376 73/4377
f 92/4378 93/4379 73/4380
f 73/4381 93/4382 74/4383
f 93/4384 94/4385 74/4386
f 74/4387 94/4388 71/4389
f 94/4390 95/4391 71/4392
f 71/4393 95/4394 72/4395
f 95/4396 96/4397 72/4398
f 72/4399 96/4400 70/4401
f 96/4402 97/4403 70/4404
f 70/4405 97/4406 69/4407
f 97/4408 98/4409 69/4410
f 69/4411 98/4412 67/4413
f 98/4414 99/4415 67/4416
f 67/4417 99/4418 68/4419
f 99/4420 100/4421 68/4422
f 68/4423 100/4424 65/4425
f 100/4426 77/4427 65/4428
f 65/4429 77/4430 66/4431
f 77/4432 78/4433 66/4434
f 236/4435 234/4436 239/4437
f 220/4438 219/4439 240/4440
f 218/4441 216/4442 241/4443
f 205/4444 204/4445 242/4446
f 205/4447 242/4448 206/4449
f 244/4450 209/4451 243/4452
f 209/4453 207/4454 243/4455
f 243/4456 207/4457 208/4458
f 213/4459 212/4460 245/4461
f 212/4462 211/4463 245/4464
f 245/4465 211/4466 244/4467
f 211/4468 210/4469 244/4470
f 244/4471 210/4472 209/4473
f 216/4474 217/4475 241/4476
f 217/4477 215/4478 241/4479
f 241/4480 215/4481 245/4482
f 215/4483 214/4484 245/4485
f 245/4486 214/4487 213/4488
f 224/4489 223/4490 246/4491
f 223/4492 222/4493 246/4494
f 246/4495 222/4496 221/4497
f 248/4498 227/4499 247/4500
f 227/4501 225/4502 247/4503
f 247/4504 225/4505 226/4506
f 231/4507 230/4508 249/4509
f 230/4510 229/4511 249/4512
f 249/4513 229/4514 248/4515
f 229/4516 228/4517 248/4518
f 248/4519 228/4520 227/4521
f 234/4522 235/4523 239/4524
f 235/4525 233/4526 239/4527
f 239/4528 233/4529 249/4530
f 233/4531 232/4532 249/4533
f 249/4534 232/4535 231/4536
f 203/4537 238/4538 250/4539
f 238/4540 237/4541 250/4542
f 208/4543 206/4544 243/4545
f 206/4546 242/4547 243/4548
f 243/4549 242/4550 244/4551
f 242/4552 251/4553 244/4554
f 244/4555 251/4556 245/4557
f 251/4558 252/4559 245/4560
f 245/4561 252/4562 241/4563
f 252/4564 240/4565 241/4566
f 241/4567 240/4568 218/4569
f 240/4570 219/4571 218/4572
f 204/4573 203/4574 242/4575
f 203/4576 250/4577 242/4578
f 242/4579 250/4580 251/4581
f 250/4582 253/4583 251/4584
f 251/4585 253/4586 252/4587
f 253/4588 254/4589 252/4590
f 252/4591 254/4592 240/4593
f 254/4594 246/4595 240/4596
f 240/4597 246/4598 220/4599
f 246/4600 221/4601 220/4602
f 237/4603 236/4604 250/4605
f 236/4606 239/4607 250/4608
f 250/4609 239/4610 253/4611
f 239/4612 249/4613 253/4614
f 253/4615 249/4616 254/4617
f 249/4618 248/4619 254/4620
f 254/4621 248/4622 246/4623
f 248/4624 247/4625 246/4626
f 246/4627 247/4628 224/4629
f 247/4630 226/4631 224/4632
f 193/4633 237/4634 192/4635
f 237/4636 238/4637 192/4638
f 192/4639 238/4640 191/4641
f 194/4642 234/4643 193/4644
f 234/4645 236/4646 193/4647
f 193/4648 236/4649 237/4650
f 196/4651 232/4652 195/4653
f 232/4654 233/4655 195/4656
f 195/4657 233/4658 194/4659
f 233/4660 235/4661 194/4662
f 194/4663 235/4664 234/4665
f 199/4666 228/4667 198/4668
f 228/4669 229/4670 198/4671
f 198/4672 229/4673 197/4674
f 229/4675 230/4676 197/4677
f 197/4678 230/4679 196/4680
f 230/4681 231/4682 196/4683
f 196/4684 231/4685 232/4686
f 200/4687 225/4688 199/4689
f 225/4690 227/4691 199/4692
f 199/4693 227/4694 228/4695
f 202/4696 223/4697 201/4698
f 223/4699 224/4700 201/4701
f 201/4702 224/4703 200/4704
f 224/4705 226/4706 200/4707
f 200/4708 226/4709 225/4710
f 181/4711 219/4712 180/4713
f 219/4714 220/4715 180/4716
f 180/4717 220/4718 179/4719
f 220/4720 221/4721 179/4722
f 179/4723 221/4724 202/4725
f 221/4726 222/4727 202/4728
f 202/4729 222/4730 223/4731
f 182/4732 216/4733 181/4734
f 216/4735 218/4736 181/4737
f 181/4738 218/4739 219/4740
f 184/4741 214/4742 183/4743
f 214/4744 215/4745 183/4746
f 183/4747 215/4748 182/4749
f 215/4750 217/4751 182/4752
f 182/4753 217/4754 216/4755
f 187/4756 210/4757 186/4758
f 210/4759 211/4760 186/4761
f 186/4762 211/4763 185/4764
f 211/4765 212/4766 185/4767
f 185/4768 212/4769 184/4770
f 212/4771 213/4772 184/4773
f 184/4774 213/4775 214/4776
f 188/4777 207/4778 187/4779
f 207/4780 209/4781 187/4782
f 187/4783 209/4784 210/4785
f 238/4786 203/4787 191/4788
f 203/4789 204/4790 191/4791
f 191/4792 204/4793 190/4794
f 204/4795 205/4796 190/4797
f 190/4798 205/4799 189/4800
f 205/4801 206/4802 189/4803
f 189/4804 206/4805 188/4806
f 206/4807 208/4808 188/4809
f 188/4810 208/4811 207/4812
f 179/4813 107/4814 180/4815
f 107/4816 108/4817 180/4818
f 180/4819 108/4820 181/4821
f 108/4822 111/4823 181/4824
f 181/4825 111/4826 182/4827
f 111/4828 115/4829 182/4830
f 182/4831 115/4832 183/4833
f 115/4834 153/4835 183/4836
f 183/4837 153/4838 184/4839
f 153/4840 155/4841 184/4842
f 184/4843 155/4844 185/4845
f 155/4846 149/4847 185/4848
f 185/4849 149/4850 186/4851
f 149/4852 148/4853 186/4854
f 186/4855 148/4856 187/4857
f 148/4858 136/4859 187/4860
f 187/4861 136/4862 188/4863
f 136/4864 144/4865 188/4866
f 188/4867 144/4868 189/4869
f 144/4870 138/4871 189/4872
f 189/4873 138/4874 190/4875
f 138/4876 137/4877 190/4878
f 190/4879 137/4880 191/4881
f 137/4882 125/4883 191/4884
f 191/4885 125/4886 192/4887
f 125/4888 126/4889 192/4890
f 192/4891 126/4892 193/4893
f 126/4894 119/4895 193/4896
f 193/4897 119/4898 194/4899
f 119/4900 118/4901 194/4902
f 194/4903 118/4904 195/4905
f 118/4906 150/4907 195/4908
f 195/4909 150/4910 196/4911
f 150/4912 128/4913 196/4914
f 196/4915 128/4916 197/4917
f 128/4918 139/4919 197/4920
f 197/4921 139/4922 198/4923
f 139/4924 120/4925 198/4926
f 198/4927 120/4928 199/4929
f 120/4930 103/4931 199/4932
f 199/4933 103/4934 200/4935
f 103/4936 102/4937 200/4938
f 200/4939 102/4940 201/4941
f 102/4942 104/4943 201/4944
f 201/4945 104/4946 202/4947
f 104/4948 114/4949 202/4950
f 202/4951 114/4952 179/4953
f 114/4954 107/4955 179/4956
f 675/4957 676/4958 615/4959
f 615/4960 676/4961 632/4962
f 676/4963 674/4964 632/4965
f 632/4966 674/4967 633/4968
f 674/4969 673/4970 633/4971
f 633/4972 673/4973 629/4974
f 673/4975 672/4976 629/4977
f 629/4978 672/4979 627/4980
f 672/4981 671/4982 627/4983
f 627/4984 671/4985 628/4986
f 671/4987 670/4988 628/4989
f 628/4990 670/4991 630/4992
f 670/4993 668/4994 630/4995
f 630/4996 668/4997 631/4998
f 631/4999 668/5000 634/5001
f 668/5002 669/5003 634/5004
f 634/5005 669/5006 645/5007
f 615/5008 658/5009 675/5010
f 658/5011 657/5012 675/5013
f 675/5014 657/5015 677/5016
f 657/5017 661/5018 677/5019
f 677/5020 661/5021 678/5022
f 661/5023 662/5024 678/5025
f 678/5026 662/5027 679/5028
f 662/5029 655/5030 679/5031
f 679/5032 655/5033 680/5034
f 655/5035 654/5036 680/5037
f 680/5038 654/5039 681/5040
f 654/5041 659/5042 681/5043
f 681/5044 659/5045 682/5046
f 659/5047 660/5048 682/5049
f 682/5050 660/5051 683/5052
f 660/5053 647/5054 683/5055
f 683/5056 647/5057 684/5058
f 647/5059 646/5060 684/5061
f 684/5062 646/5063 685/5064
f 646/5065 639/5066 685/5067
f 685/5068 639/5069 686/5070
f 639/5071 638/5072 686/5073
f 686/5074 638/5075 687/5076
f 638/5077 643/5078 687/5079
f 687/5080 643/5081 664/5082
f 643/5083 637/5084 664/5085
f 664/5086 637/5087 665/5088
f 637/5089 641/5090 665/5091
f 665/5092 641/5093 666/5094
f 641/5095 648/5096 666/5097
f 666/5098 648/5099 667/5100
f 648/5101 645/5102 667/5103
f 667/5104 645/5105 688/5106
f 645/5107 669/5108 688/5109
f 808/5110 803/5111 830/5112
f 830/5113 803/5114 829/5115
f 803/5116 811/5117 829/5118
f 829/5119 811/5120 828/5121
f 811/5122 810/5123 828/5124
f 828/5125 810/5126 827/5127
f 810/5128 812/5129 827/5130
f 827/5131 812/5132 826/5133
f 812/5134 809/5135 826/5136
f 826/5137 809/5138 825/5139
f 809/5140 764/5141 825/5142
f 825/5143 764/5144 824/5145
f 764/5146 782/5147 824/5148
f 782/5149 781/5150 824/5151
f 824/5152 781/5153 823/5154
f 781/5155 780/5156 823/5157
f 823/5158 780/5159 822/5160
f 780/5161 779/5162 822/5163
f 822/5164 779/5165 821/5166
f 779/5167 778/5168 821/5169
f 821/5170 778/5171 820/5172
f 778/5173 777/5174 820/5175
f 820/5176 777/5177 819/5178
f 777/5179 776/5180 819/5181
f 819/5182 776/5183 818/5184
f 776/5185 783/5186 818/5187
f 818/5188 783/5189 817/5190
f 830/5191 831/5192 808/5193
f 831/5194 832/5195 808/5196
f 808/5197 832/5198 806/5199
f 832/5200 833/5201 806/5202
f 806/5203 833/5204 807/5205
f 833/5206 834/5207 807/5208
f 807/5209 834/5210 799/5211
f 834/5212 835/5213 799/5214
f 799/5215 835/5216 798/5217
f 835/5218 836/5219 798/5220
f 798/5221 836/5222 791/5223
f 836/5224 837/5225 791/5226
f 791/5227 837/5228 787/5229
f 837/5230 813/5231 787/5232
f 787/5233 813/5234 784/5235
f 813/5236 814/5237 784/5238
f 784/5239 814/5240 785/5241
f 814/5242 815/5243 785/5244
f 785/5245 815/5246 795/5247
f 815/5248 816/5249 795/5250
f 795/5251 816/5252 796/5253
f 816/5254 817/5255 796/5256
f 796/5257 817/5258 797/5259
f 817/5260 783/5261 797/5262
f 1009/5263 1010/5264 650/5265
f 650/5266 1010/5267 651/5268
f 1010/5269 1008/5270 651/5271
f 651/5272 1008/5273 649/5274
f 1008/5275 1007/5276 649/5277
f 649/5278 1007/5279 644/5280
f 1007/5281 1006/5282 644/5283
f 644/5284 1006/5285 640/5286
f 1006/5287 1005/5288 640/5289
f 640/5290 1005/5291 642/5292
f 1005/5293 1004/5294 642/5295
f 642/5296 1004/5297 635/5298
f 1004/5299 1003/5300 635/5301
f 635/5302 1003/5303 636/5304
f 1003/5305 1002/5306 636/5307
f 636/5308 1002/5309 656/5310
f 1002/5311 1001/5312 656/5313
f 656/5314 1001/5315 652/5316
f 1001/5317 999/5318 652/5319
f 652/5320 999/5321 653/5322
f 653/5323 999/5324 663/5325
f 999/5326 1000/5327 663/5328
f 663/5329 1000/5330 932/5331
f 1000/5332 998/5333 932/5334
f 932/5335 998/5336 934/5337
f 998/5338 997/5339 934/5340
f 934/5341 997/5342 935/5343
f 650/5344 923/5345 1009/5346
f 923/5347 922/5348 1009/5349
f 1009/5350 922/5351 1011/5352
f 922/5353 930/5354 1011/5355
f 1011/5356 930/5357 1012/5358
f 930/5359 921/5360 1012/5361
f 1012/5362 921/5363 1013/5364
f 921/5365 916/5366 1013/5367
f 1013/5368 916/5369 1014/5370
f 916/5371 915/5372 1014/5373
f 1014/5374 915/5375 1015/5376
f 915/5377 919/5378 1015/5379
f 1015/5380 919/5381 1016/5382
f 919/5383 938/5384 1016/5385
f 1016/5386 938/5387 993/5388
f 938/5389 937/5390 993/5391
f 993/5392 937/5393 994/5394
f 937/5395 926/5396 994/5397
f 994/5398 926/5399 995/5400
f 926/5401 925/5402 995/5403
f 995/5404 925/5405 996/5406
f 925/5407 935/5408 996/5409
f 996/5410 935/5411 1017/5412
f 935/5413 997/5414 1017/5415
f 1034/5416 792/5417 1033/5418
f 792/5419 794/5420 1033/5421
f 1033/5422 794/5423 1032/5424
f 794/5425 790/5426 1032/5427
f 1032/5428 790/5429 1031/5430
f 790/5431 789/5432 1031/5433
f 1031/5434 789/5435 1030/5436
f 789/5437 788/5438 1030/5439
f 1030/5440 788/5441 1029/5442
f 788/5443 786/5444 1029/5445
f 1029/5446 786/5447 1028/5448
f 786/5449 802/5450 1028/5451
f 1028/5452 802/5453 1027/5454
f 802/5455 801/5456 1027/5457
f 1027/5458 801/5459 1026/5460
f 801/5461 805/5462 1026/5463
f 1026/5464 805/5465 1025/5466
f 805/5467 804/5468 1025/5469
f 1025/5470 804/5471 1024/5472
f 804/5473 987/5474 1024/5475
f 987/5476 986/5477 1024/5478
f 1024/5479 986/5480 1023/5481
f 986/5482 985/5483 1023/5484
f 1023/5485 985/5486 1022/5487
f 985/5488 991/5489 1022/5490
f 1022/5491 991/5492 1021/5493
f 991/5494 990/5495 1021/5496
f 1021/5497 990/5498 1020/5499
f 990/5500 989/5501 1020/5502
f 1020/5503 989/5504 1019/5505
f 989/5506 984/5507 1019/5508
f 1019/5509 984/5510 1018/5511
f 984/5512 980/5513 1018/5514
f 1018/5515 980/5516 1041/5517
f 980/5518 979/5519 1041/5520
f 1041/5521 979/5522 1040/5523
f 979/5524 983/5525 1040/5526
f 1040/5527 983/5528 1039/5529
f 983/5530 982/5531 1039/5532
f 1039/5533 982/5534 1038/5535
f 982/5536 981/5537 1038/5538
f 1038/5539 981/5540 1037/5541
f 981/5542 988/5543 1037/5544
f 1037/5545 988/5546 1036/5547
f 988/5548 992/5549 1036/5550
f 1036/5551 992/5552 1035/5553
f 992/5554 800/5555 1035/5556
f 1035/5557 800/5558 1034/5559
f 800/5560 793/5561 1034/5562
f 1034/5563 793/5564 792/5565
f 966/5566 965/5567 964/5568
f 966/5569 964/5570 978/5571
f 964/5572 963/5573 978/5574
f 978/5575 963/5576 977/5577
f 963/5578 962/5579 977/5580
f 977/5581 962/5582 976/5583
f 962/5584 961/5585 976/5586
f 976/5587 961/5588 975/5589
f 961/5590 960/5591 975/5592
f 975/5593 960/5594 974/5595
f 960/5596 959/5597 974/5598
f 974/5599 959/5600 973/5601
f 959/5602 958/5603 973/5604
f 973/5605 958/5606 972/5607
f 958/5608 957/5609 972/5610
f 972/5611 957/5612 971/5613
f 957/5614 956/5615 971/5616
f 971/5617 956/5618 970/5619
f 956/5620 955/5621 970/5622
f 970/5623 955/5624 969/5625
f 955/5626 954/5627 969/5628
f 969/5629 954/5630 968/5631
f 954/5632 953/5633 968/5634
f 968/5635 953/5636 967/5637
f 965/5638 913/5639 942/5640
f 965/5641 942/5642 964/5643
f 942/5644 943/5645 964/5646
f 964/5647 943/5648 963/5649
f 943/5650 944/5651 963/5652
f 963/5653 944/5654 962/5655
f 944/5656 945/5657 962/5658
f 962/5659 945/5660 961/5661
f 945/5662 946/5663 961/5664
f 961/5665 946/5666 960/5667
f 946/5668 947/5669 960/5670
f 960/5671 947/5672 959/5673
f 947/5674 948/5675 959/5676
f 959/5677 948/5678 958/5679
f 948/5680 949/5681 958/5682
f 958/5683 949/5684 957/5685
f 949/5686 950/5687 957/5688
f 957/5689 950/5690 956/5691
f 950/5692 951/5693 956/5694
f 956/5695 951/5696 955/5697
f 951/5698 952/5699 955/5700
f 955/5701 952/5702 954/5703
f 952/5704 941/5705 954/5706
f 954/5707 941/5708 953/5709
f 764/5710 809/5711 123/5712
f 809/5713 812/5714 123/5715
f 123/5716 812/5717 810/5718
f 799/5719 134/5720 807/5721
f 134/5722 806/5723 807/5724
f 801/5725 783/5726 805/5727
f 783/5728 804/5729 805/5730
f 810/5731 811/5732 123/5733
f 811/5734 803/5735 123/5736
f 123/5737 803/5738 134/5739
f 803/5740 808/5741 134/5742
f 134/5743 808/5744 806/5745
f 793/5746 800/5747 177/5748
f 786/5749 795/5750 796/5751
f 177/5752 175/5753 791/5754
f 175/5755 173/5756 791/5757
f 791/5758 173/5759 798/5760
f 173/5761 171/5762 798/5763
f 798/5764 171/5765 799/5766
f 171/5767 169/5768 799/5769
f 799/5770 169/5771 134/5772
f 790/5773 794/5774 791/5775
f 801/5776 802/5777 783/5778
f 802/5779 786/5780 783/5781
f 783/5782 786/5783 797/5784
f 786/5785 796/5786 797/5787
f 791/5788 794/5789 177/5790
f 794/5791 792/5792 177/5793
f 177/5794 792/5795 793/5796
f 790/5797 791/5798 789/5799
f 791/5800 787/5801 789/5802
f 789/5803 787/5804 788/5805
f 787/5806 784/5807 788/5808
f 788/5809 784/5810 786/5811
f 784/5812 785/5813 786/5814
f 786/5815 785/5816 795/5817
f 1196/5818 1202/5819 1198/5820
f 1191/5821 1192/5822 1194/5823
f 1192/5824 1200/5825 1194/5826
f 1194/5827 1200/5828 1196/5829
f 1200/5830 1201/5831 1196/5832
f 1196/5833 1201/5834 1202/5835
f 1198/5836 1199/5837 1196/5838
f 1199/5839 1203/5840 1196/5841
f 1196/5842 1203/5843 1204/5844
f 1193/5845 1190/5846 1197/5847
f 1211/5848 1206/5849 1195/5850
f 1206/5851 1207/5852 1195/5853
f 1195/5854 1207/5855 1209/5856
f 1209/5857 1208/5858 1195/5859
f 1208/5860 1205/5861 1195/5862
f 1195/5863 1205/5864 1197/5865
f 1205/5866 1210/5867 1197/5868
f 1197/5869 1210/5870 1193/5871
f 1212/5872 1216/5873 1215/5874
f 1216/5875 1217/5876 1215/5877
f 941/5878 168/5879 953/5880
f 168/5881 1190/5882 953/5883
f 178/5884 953/5885 1191/5886
f 953/5887 1190/5888 1191/5889
f 1191/5890 1190/5891 1192/5892
f 1190/5893 1193/5894 1192/5895
f 1190/5896 168/5897 1197/5898
f 168/5899 161/5900 1197/5901
f 1197/5902 161/5903 1195/5904
f 161/5905 163/5906 1195/5907
f 1195/5908 163/5909 1196/5910
f 178/5911 1191/5912 176/5913
f 1191/5914 1194/5915 176/5916
f 176/5917 1194/5918 174/5919
f 1194/5920 1196/5921 174/5922
f 1196/5923 163/5924 174/5925
f 174/5926 163/5927 172/5928
f 163/5929 165/5930 172/5931
f 172/5932 165/5933 170/5934
f 165/5935 167/5936 170/5937
f 170/5938 167/5939 143/5940
f 167/5941 135/5942 143/5943
f 135/5944 156/5945 154/5946
f 149/5947 155/5948 135/5949
f 155/5950 153/5951 135/5952
f 135/5953 153/5954 115/5955
f 135/5956 154/5957 143/5958
f 154/5959 152/5960 143/5961
f 143/5962 152/5963 145/5964
f 103/5965 120/5966 101/5967
f 83/5968 143/5969 84/5970
f 143/5971 145/5972 84/5973
f 84/5974 145/5975 85/5976
f 145/5977 130/5978 85/5979
f 85/5980 130/5981 86/5982
f 127/5983 121/5984 120/5985
f 121/5986 94/5987 93/5988
f 138/5989 144/5990 124/5991
f 144/5992 136/5993 124/5994
f 124/5995 136/5996 135/5997
f 136/5998 148/5999 135/6000
f 135/6001 148/6002 149/6003
f 83/6004 82/6005 143/6006
f 82/6007 81/6008 143/6009
f 143/6010 81/6011 134/6012
f 81/6013 80/6014 134/6015
f 134/6016 80/6017 79/6018
f 79/6019 78/6020 134/6021
f 78/6022 77/6023 134/6024
f 134/6025 77/6026 123/6027
f 77/6028 100/6029 123/6030
f 123/6031 100/6032 99/6033
f 123/6034 96/6035 121/6036
f 96/6037 95/6038 121/6039
f 121/6040 95/6041 94/6042
f 142/6043 146/6044 93/6045
f 146/6046 133/6047 93/6048
f 93/6049 133/6050 121/6051
f 133/6052 147/6053 121/6054
f 121/6055 147/6056 140/6057
f 120/6058 139/6059 127/6060
f 139/6061 128/6062 127/6063
f 127/6064 128/6065 117/6066
f 128/6067 150/6068 117/6069
f 117/6070 150/6071 118/6072
f 117/6073 125/6074 124/6075
f 125/6076 137/6077 124/6078
f 124/6079 137/6080 138/6081
f 99/6082 98/6083 123/6084
f 98/6085 97/6086 123/6087
f 123/6088 97/6089 96/6090
f 140/6091 141/6092 121/6093
f 141/6094 122/6095 121/6096
f 121/6097 122/6098 120/6099
f 122/6100 129/6101 120/6102
f 120/6103 129/6104 101/6105
f 118/6106 119/6107 117/6108
f 119/6109 126/6110 117/6111
f 117/6112 126/6113 125/6114
f 86/6115 130/6116 87/6117
f 130/6118 131/6119 87/6120
f 87/6121 131/6122 88/6123
f 131/6124 132/6125 88/6126
f 88/6127 132/6128 89/6129
f 132/6130 116/6131 89/6132
f 89/6133 116/6134 90/6135
f 116/6136 112/6137 90/6138
f 90/6139 112/6140 91/6141
f 142/6142 93/6143 112/6144
f 93/6145 92/6146 112/6147
f 112/6148 92/6149 91/6150
f 156/6151 135/6152 151/6153
f 135/6154 115/6155 151/6156
f 151/6157 115/6158 110/6159
f 115/6160 111/6161 110/6162
f 110/6163 111/6164 109/6165
f 111/6166 108/6167 109/6168
f 109/6169 108/6170 106/6171
f 108/6172 107/6173 106/6174
f 106/6175 107/6176 105/6177
f 107/6178 114/6179 105/6180
f 105/6181 114/6182 113/6183
f 114/6184 104/6185 113/6186
f 113/6187 104/6188 101/6189
f 104/6190 102/6191 101/6192
f 101/6193 102/6194 103/6195
f 158/6196 157/6197 127/6198
f 157/6199 121/6200 127/6201
f 157/6202 158/6203 618/6204
f 157/6205 618/6206 770/6207
f 618/6208 620/6209 770/6210
f 770/6211 620/6212 769/6213
f 620/6214 622/6215 769/6216
f 769/6217 622/6218 768/6219
f 622/6220 624/6221 768/6222
f 768/6223 624/6224 767/6225
f 624/6226 626/6227 767/6228
f 767/6229 626/6230 766/6231
f 913/6232 1213/6233 1212/6234
f 1213/6235 913/6236 1214/6237
f 913/6238 965/6239 1214/6240
f 1214/6241 965/6242 1215/6243
f 965/6244 766/6245 1215/6246
f 1215/6247 766/6248 1212/6249
f 766/6250 626/6251 1212/6252
f 1212/6253 626/6254 913/6255
f 661/6256 657/6257 117/6258
f 657/6259 658/6260 117/6261
f 117/6262 658/6263 615/6264
f 659/6265 654/6266 124/6267
f 654/6268 655/6269 124/6270
f 124/6271 655/6272 117/6273
f 655/6274 662/6275 117/6276
f 117/6277 662/6278 661/6279
f 656/6280 652/6281 634/6282
f 652/6283 653/6284 634/6285
f 634/6286 653/6287 663/6288
f 159/6289 650/6290 651/6291
f 651/6292 649/6293 159/6294
f 649/6295 639/6296 159/6297
f 159/6298 639/6299 160/6300
f 639/6301 162/6302 160/6303
f 162/6304 639/6305 164/6306
f 639/6307 646/6308 164/6309
f 164/6310 646/6311 166/6312
f 646/6313 647/6314 166/6315
f 166/6316 647/6317 124/6318
f 647/6319 660/6320 124/6321
f 124/6322 660/6323 659/6324
f 656/6325 634/6326 636/6327
f 634/6328 645/6329 636/6330
f 636/6331 645/6332 648/6333
f 649/6334 644/6335 639/6336
f 644/6337 640/6338 639/6339
f 639/6340 640/6341 638/6342
f 640/6343 642/6344 638/6345
f 638/6346 642/6347 643/6348
f 642/6349 635/6350 643/6351
f 643/6352 635/6353 637/6354
f 635/6355 636/6356 637/6357
f 637/6358 636/6359 641/6360
f 636/6361 648/6362 641/6363
f 1217/6364 1226/6365 1215/6366
f 1226/6367 1224/6368 1215/6369
f 1215/6370 1224/6371 1222/6372
f 1222/6373 1220/6374 1215/6375
f 1220/6376 1218/6377 1215/6378
f 1215/6379 1218/6380 1214/6381
f 1223/6382 1225/6383 1212/6384
f 1225/6385 1227/6386 1212/6387
f 1212/6388 1227/6389 1216/6390
f 1213/6391 1219/6392 1212/6393
f 1219/6394 1221/6395 1212/6396
f 1212/6397 1221/6398 1223/6399
f 1211/6400 1195/6401 1204/6402
f 1195/6403 1196/6404 1204/6405
f 168/6406 159/6407 161/6408
f 159/6409 160/6410 161/6411
f 161/6412 160/6413 163/6414
f 160/6415 162/6416 163/6417
f 163/6418 162/6419 165/6420
f 162/6421 164/6422 165/6423
f 165/6424 164/6425 167/6426
f 164/6427 166/6428 167/6429
f 167/6430 166/6431 135/6432
f 166/6433 124/6434 135/6435
f 159/6436 168/6437 650/6438
f 168/6439 941/6440 650/6441
f 650/6442 941/6443 924/6444
f 924/6445 941/6446 952/6447
f 924/6448 952/6449 931/6450
f 952/6451 951/6452 931/6453
f 931/6454 951/6455 929/6456
f 951/6457 950/6458 929/6459
f 929/6460 950/6461 918/6462
f 950/6463 949/6464 918/6465
f 918/6466 949/6467 917/6468
f 949/6469 948/6470 917/6471
f 917/6472 948/6473 920/6474
f 948/6475 947/6476 920/6477
f 920/6478 947/6479 940/6480
f 947/6481 946/6482 940/6483
f 940/6484 946/6485 939/6486
f 946/6487 945/6488 939/6489
f 939/6490 945/6491 928/6492
f 945/6493 944/6494 928/6495
f 928/6496 944/6497 927/6498
f 944/6499 943/6500 927/6501
f 927/6502 943/6503 936/6504
f 943/6505 942/6506 936/6507
f 936/6508 942/6509 933/6510
f 942/6511 913/6512 933/6513
f 933/6514 913/6515 914/6516
f 689/6517 671/6518 690/6519
f 671/6520 672/6521 690/6522
f 690/6523 672/6524 695/6525
f 672/6526 673/6527 695/6528
f 695/6529 673/6530 703/6531
f 673/6532 674/6533 703/6534
f 703/6535 674/6536 696/6537
f 674/6538 676/6539 696/6540
f 696/6541 676/6542 697/6543
f 676/6544 675/6545 697/6546
f 697/6547 675/6548 709/6549
f 675/6550 677/6551 709/6552
f 709/6553 677/6554 710/6555
f 677/6556 678/6557 710/6558
f 710/6559 678/6560 698/6561
f 678/6562 679/6563 698/6564
f 698/6565 679/6566 699/6567
f 679/6568 680/6569 699/6570
f 699/6571 680/6572 704/6573
f 680/6574 681/6575 704/6576
f 704/6577 681/6578 705/6579
f 681/6580 682/6581 705/6582
f 705/6583 682/6584 691/6585
f 682/6586 683/6587 691/6588
f 691/6589 683/6590 692/6591
f 683/6592 684/6593 692/6594
f 692/6595 684/6596 700/6597
f 684/6598 685/6599 700/6600
f 700/6601 685/6602 706/6603
f 685/6604 686/6605 706/6606
f 706/6607 686/6608 707/6609
f 686/6610 687/6611 707/6612
f 707/6613 687/6614 701/6615
f 687/6616 664/6617 701/6618
f 701/6619 664/6620 702/6621
f 664/6622 665/6623 702/6624
f 702/6625 665/6626 708/6627
f 665/6628 666/6629 708/6630
f 708/6631 666/6632 713/6633
f 666/6634 667/6635 713/6636
f 713/6637 667/6638 711/6639
f 667/6640 688/6641 711/6642
f 711/6643 688/6644 712/6645
f 688/6646 669/6647 712/6648
f 712/6649 669/6650 693/6651
f 669/6652 668/6653 693/6654
f 693/6655 668/6656 694/6657
f 668/6658 670/6659 694/6660
f 694/6661 670/6662 689/6663
f 670/6664 671/6665 689/6666
f 615/6667 632/6668 616/6669
f 632/6670 633/6671 616/6672
f 616/6673 633/6674 617/6675
f 633/6676 629/6677 617/6678
f 617/6679 629/6680 619/6681
f 629/6682 627/6683 619/6684
f 619/6685 627/6686 621/6687
f 627/6688 628/6689 621/6690
f 621/6691 628/6692 623/6693
f 628/6694 630/6695 623/6696
f 623/6697 630/6698 625/6699
f 630/6700 631/6701 625/6702
f 625/6703 631/6704 634/6705
f 764/6706 765/6707 782/6708
f 765/6709 781/6710 782/6711
f 781/6712 765/6713 780/6714
f 765/6715 775/6716 780/6717
f 780/6718 775/6719 779/6720
f 775/6721 774/6722 779/6723
f 779/6724 774/6725 778/6726
f 774/6727 773/6728 778/6729
f 778/6730 773/6731 777/6732
f 773/6733 772/6734 777/6735
f 777/6736 772/6737 776/6738
f 772/6739 771/6740 776/6741
f 776/6742 771/6743 783/6744
f 838/6745 824/6746 839/6747
f 824/6748 823/6749 839/6750
f 839/6751 823/6752 845/6753
f 823/6754 822/6755 845/6756
f 845/6757 822/6758 846/6759
f 822/6760 821/6761 846/6762
f 846/6763 821/6764 840/6765
f 821/6766 820/6767 840/6768
f 840/6769 820/6770 841/6771
f 820/6772 819/6773 841/6774
f 841/6775 819/6776 847/6777
f 819/6778 818/6779 847/6780
f 847/6781 818/6782 848/6783
f 818/6784 817/6785 848/6786
f 848/6787 817/6788 842/6789
f 817/6790 816/6791 842/6792
f 842/6793 816/6794 843/6795
f 816/6796 815/6797 843/6798
f 843/6799 815/6800 857/6801
f 815/6802 814/6803 857/6804
f 857/6805 814/6806 858/6807
f 814/6808 813/6809 858/6810
f 858/6811 813/6812 849/6813
f 813/6814 837/6815 849/6816
f 849/6817 837/6818 850/6819
f 837/6820 836/6821 850/6822
f 850/6823 836/6824 859/6825
f 836/6826 835/6827 859/6828
f 859/6829 835/6830 860/6831
f 835/6832 834/6833 860/6834
f 860/6835 834/6836 861/6837
f 834/6838 833/6839 861/6840
f 861/6841 833/6842 862/6843
f 833/6844 832/6845 862/6846
f 862/6847 832/6848 851/6849
f 832/6850 831/6851 851/6852
f 851/6853 831/6854 852/6855
f 831/6856 830/6857 852/6858
f 852/6859 830/6860 853/6861
f 830/6862 829/6863 853/6864
f 853/6865 829/6866 854/6867
f 829/6868 828/6869 854/6870
f 854/6871 828/6872 855/6873
f 828/6874 827/6875 855/6876
f 855/6877 827/6878 856/6879
f 827/6880 826/6881 856/6882
f 856/6883 826/6884 844/6885
f 826/6886 825/6887 844/6888
f 844/6889 825/6890 838/6891
f 825/6892 824/6893 838/6894
f 1217/6895 1216/6896 1227/6897
f 1217/6898 1227/6899 1226/6900
f 1227/6901 1225/6902 1226/6903
f 1226/6904 1225/6905 1224/6906
f 1225/6907 1223/6908 1224/6909
f 1224/6910 1223/6911 1222/6912
f 1223/6913 1221/6914 1222/6915
f 1222/6916 1221/6917 1220/6918
f 1221/6919 1219/6920 1220/6921
f 1220/6922 1219/6923 1218/6924
f 1219/6925 1213/6926 1218/6927
f 1218/6928 1213/6929 1214/6930
f 1192/6931 1193/6932 1210/6933
f 1192/6934 1210/6935 1200/6936
f 1210/6937 1205/6938 1200/6939
f 1200/6940 1205/6941 1201/6942
f 1205/6943 1208/6944 1201/6945
f 1201/6946 1208/6947 1202/6948
f 1208/6949 1209/6950 1202/6951
f 1202/6952 1209/6953 1198/6954
f 1209/6955 1207/6956 1198/6957
f 1198/6958 1207/6959 1199/6960
f 1207/6961 1206/6962 1199/6963
f 1199/6964 1206/6965 1203/6966
f 1206/6967 1211/6968 1203/6969
f 1203/6970 1211/6971 1204/6972
f 663/6973 932/6974 914/6975
f 932/6976 934/6977 914/6978
f 914/6979 934/6980 933/6981
f 934/6982 935/6983 933/6984
f 933/6985 935/6986 936/6987
f 935/6988 925/6989 936/6990
f 936/6991 925/6992 927/6993
f 925/6994 926/6995 927/6996
f 927/6997 926/6998 928/6999
f 926/7000 937/7001 928/7002
f 928/7003 937/7004 939/7005
f 937/7006 938/7007 939/7008
f 939/7009 938/7010 940/7011
f 938/7012 919/7013 940/7014
f 940/7015 919/7016 920/7017
f 919/7018 915/7019 920/7020
f 920/7021 915/7022 917/7023
f 915/7024 916/7025 917/7026
f 917/7027 916/7028 918/7029
f 916/7030 921/7031 918/7032
f 918/7033 921/7034 929/7035
f 921/7036 930/7037 929/7038
f 929/7039 930/7040 931/7041
f 930/7042 922/7043 931/7044
f 931/7045 922/7046 924/7047
f 922/7048 923/7049 924/7050
f 924/7051 923/7052 650/7053
f 1116/7054 1003/7055 1117/7056
f 1003/7057 1004/7058 1117/7059
f 1117/7060 1004/7061 1124/7062
f 1004/7063 1005/7064 1124/7065
f 1124/7066 1005/7067 1125/7068
f 1005/7069 1006/7070 1125/7071
f 1125/7072 1006/7073 1126/7074
f 1006/7075 1007/7076 1126/7077
f 1126/7078 1007/7079 1139/7080
f 1007/7081 1008/7082 1139/7083
f 1139/7084 1008/7085 1140/7086
f 1008/7087 1010/7088 1140/7089
f 1140/7090 1010/7091 1135/7092
f 1010/7093 1009/7094 1135/7095
f 1135/7096 1009/7097 1136/7098
f 1009/7099 1011/7100 1136/7101
f 1136/7102 1011/7103 1127/7104
f 1011/7105 1012/7106 1127/7107
f 1127/7108 1012/7109 1128/7110
f 1012/7111 1013/7112 1128/7113
f 1128/7114 1013/7115 1137/7116
f 1013/7117 1014/7118 1137/7119
f 1137/7120 1014/7121 1129/7122
f 1014/7123 1015/7124 1129/7125
f 1129/7126 1015/7127 1130/7128
f 1015/7129 1016/7130 1130/7131
f 1130/7132 1016/7133 1120/7134
f 1016/7135 993/7136 1120/7137
f 1120/7138 993/7139 1121/7140
f 993/7141 994/7142 1121/7143
f 1121/7144 994/7145 1131/7146
f 994/7147 995/7148 1131/7149
f 1131/7150 995/7151 1138/7152
f 995/7153 996/7154 1138/7155
f 1138/7156 996/7157 1132/7158
f 996/7159 1017/7160 1132/7161
f 1132/7162 1017/7163 1133/7164
f 1017/7165 997/7166 1133/7167
f 1133/7168 997/7169 1122/7170
f 997/7171 998/7172 1122/7173
f 1122/7174 998/7175 1123/7176
f 998/7177 1000/7178 1123/7179
f 1123/7180 1000/7181 1134/7182
f 1000/7183 999/7184 1134/7185
f 1134/7186 999/7187 1119/7188
f 999/7189 1001/7190 1119/7191
f 1119/7192 1001/7193 1118/7194
f 1001/7195 1002/7196 1118/7197
f 1118/7198 1002/7199 1116/7200
f 1002/7201 1003/7202 1116/7203
f 967/7204 800/7205 992/7206
f 987/7207 804/7208 966/7209
f 967/7210 992/7211 968/7212
f 992/7213 988/7214 968/7215
f 968/7216 988/7217 969/7218
f 988/7219 981/7220 969/7221
f 969/7222 981/7223 970/7224
f 981/7225 982/7226 970/7227
f 970/7228 982/7229 971/7230
f 982/7231 983/7232 971/7233
f 971/7234 983/7235 972/7236
f 983/7237 979/7238 972/7239
f 972/7240 979/7241 973/7242
f 979/7243 980/7244 973/7245
f 973/7246 980/7247 974/7248
f 980/7249 984/7250 974/7251
f 974/7252 984/7253 975/7254
f 984/7255 989/7256 975/7257
f 975/7258 989/7259 976/7260
f 989/7261 990/7262 976/7263
f 976/7264 990/7265 977/7266
f 990/7267 991/7268 977/7269
f 977/7270 991/7271 978/7272
f 991/7273 985/7274 978/7275
f 978/7276 985/7277 966/7278
f 985/7279 986/7280 966/7281
f 966/7282 986/7283 987/7284
f 1059/7285 1060/7286 1034/7287
f 1060/7288 1058/7289 1034/7290
f 1034/7291 1058/7292 1035/7293
f 1058/7294 1057/7295 1035/7296
f 1035/7297 1057/7298 1036/7299
f 1057/7300 1064/7301 1036/7302
f 1036/7303 1064/7304 1037/7305
f 1064/7306 1066/7307 1037/7308
f 1037/7309 1066/7310 1038/7311
f 1066/7312 1046/7313 1038/7314
f 1038/7315 1046/7316 1039/7317
f 1046/7318 1045/7319 1039/7320
f 1039/7321 1045/7322 1040/7323
f 1045/7324 1048/7325 1040/7326
f 1040/7327 1048/7328 1041/7329
f 1048/7330 1056/7331 1041/7332
f 1041/7333 1056/7334 1018/7335
f 1056/7336 1055/7337 1018/7338
f 1018/7339 1055/7340 1019/7341
f 1055/7342 1054/7343 1019/7344
f 1019/7345 1054/7346 1020/7347
f 1054/7348 1063/7349 1020/7350
f 1020/7351 1063/7352 1021/7353
f 1063/7354 1062/7355 1021/7356
f 1021/7357 1062/7358 1022/7359
f 1062/7360 1053/7361 1022/7362
f 1022/7363 1053/7364 1023/7365
f 1053/7366 1052/7367 1023/7368
f 1023/7369 1052/7370 1024/7371
f 1052/7372 1061/7373 1024/7374
f 1024/7375 1061/7376 1025/7377
f 1061/7378 1047/7379 1025/7380
f 1025/7381 1047/7382 1026/7383
f 1047/7384 1044/7385 1026/7386
f 1026/7387 1044/7388 1027/7389
f 1044/7390 1043/7391 1027/7392
f 1027/7393 1043/7394 1028/7395
f 1043/7396 1042/7397 1028/7398
f 1028/7399 1042/7400 1029/7401
f 1042/7402 1051/7403 1029/7404
f 1029/7405 1051/7406 1030/7407
f 1051/7408 1050/7409 1030/7410
f 1030/7411 1050/7412 1031/7413
f 1050/7414 1049/7415 1031/7416
f 1031/7417 1049/7418 1032/7419
f 1049/7420 1065/7421 1032/7422
f 1032/7423 1065/7424 1033/7425
f 1065/7426 1059/7427 1033/7428
f 1033/7429 1059/7430 1034/7431
f 123/7432 121/7433 764/7434
f 121/7435 157/7436 764/7437
f 764/7438 157/7439 765/7440
f 765/7441 157/7442 770/7443
f 765/7444 770/7445 775/7446
f 770/7447 769/7448 775/7449
f 775/7450 769/7451 774/7452
f 769/7453 768/7454 774/7455
f 774/7456 768/7457 773/7458
f 768/7459 767/7460 773/7461
f 773/7462 767/7463 772/7464
f 767/7465 766/7466 772/7467
f 772/7468 766/7469 771/7470
f 965/7471 966/7472 804/7473
f 965/7474 804/7475 766/7476
f 804/7477 783/7478 766/7479
f 766/7480 783/7481 771/7482
f 178/7483 177/7484 953/7485
f 177/7486 800/7487 953/7488
f 953/7489 800/7490 967/7491
f 143/7492 134/7493 170/7494
f 134/7495 169/7496 170/7497
f 170/7498 169/7499 172/7500
f 169/7501 171/7502 172/7503
f 172/7504 171/7505 174/7506
f 171/7507 173/7508 174/7509
f 174/7510 173/7511 176/7512
f 173/7513 175/7514 176/7515
f 176/7516 175/7517 178/7518
f 175/7519 177/7520 178/7521
f 127/7522 117/7523 158/7524
f 117/7525 615/7526 158/7527
f 158/7528 615/7529 616/7530
f 625/7531 626/7532 624/7533
f 625/7534 624/7535 623/7536
f 624/7537 622/7538 623/7539
f 623/7540 622/7541 621/7542
f 622/7543 620/7544 621/7545
f 621/7546 620/7547 619/7548
f 620/7549 618/7550 619/7551
f 619/7552 618/7553 617/7554
f 618/7555 158/7556 617/7557
f 617/7558 158/7559 616/7560
f 663/7561 914/7562 913/7563
f 663/7564 913/7565 634/7566
f 913/7567 626/7568 634/7569
f 634/7570 626/7571 625/7572
