# Exported from USD: /World/gantry/gantry_home/ur10_flattened/robotiq_fixed_physics/Robotiq_2F_140_physics_edit/left_outer_finger/Finger2
mtllib Finger2.mtl

g Finger2
v 4.55211294 0.09264431 0.15829982
v 4.55274119 0.09246763 0.15829982
v 4.55330232 0.09213437 0.15829982
v 4.55375807 0.09166723 0.15829982
v 4.55407740 0.09109805 0.15829982
v 4.55423851 0.09046563 0.15829982
v 4.55423047 0.08981305 0.15829982
v 4.55405378 0.08918478 0.15829982
v 4.55372052 0.08862365 0.15829982
v 4.55325338 0.08816790 0.15829982
v 4.55268421 0.08784858 0.15829982
v 4.55205178 0.08768746 0.15829982
v 4.55139920 0.08769552 0.15829982
v 4.55077094 0.08787220 0.15829982
v 4.55020981 0.08820545 0.15829982
v 4.54975406 0.08867259 0.15829982
v 4.54943474 0.08924177 0.15829982
v 4.54927362 0.08987420 0.15829982
v 4.54928167 0.09052678 0.15829982
v 4.54945835 0.09115506 0.15829982
v 4.54979161 0.09171616 0.15829982
v 4.55025875 0.09217193 0.15829982
v 4.55082792 0.09249123 0.15829982
v 4.55146036 0.09265236 0.15829982
v 4.55175606 0.09016992 0.15829982
v 4.55135638 0.08739858 0.15799982
v 4.55065272 0.08759647 0.15799982
v 4.55002425 0.08796971 0.15799982
v 4.54951382 0.08849291 0.15799982
v 4.54915618 0.08913040 0.15799982
v 4.54897572 0.08983871 0.15799982
v 4.54898473 0.09056961 0.15799982
v 4.54918261 0.09127326 0.15799982
v 4.54955588 0.09190171 0.15799982
v 4.55007907 0.09241217 0.15799982
v 4.55071655 0.09276980 0.15799982
v 4.55142487 0.09295025 0.15799982
v 4.55215576 0.09294123 0.15799982
v 4.55285941 0.09274336 0.15799982
v 4.55348788 0.09237010 0.15799982
v 4.55399832 0.09184691 0.15799982
v 4.55435595 0.09120944 0.15799982
v 4.55453641 0.09050111 0.15799982
v 4.55452740 0.08977022 0.15799982
v 4.55432952 0.08906657 0.15799982
v 4.55395626 0.08843810 0.15799982
v 4.55343306 0.08792766 0.15799982
v 4.55279558 0.08757002 0.15799982
v 4.55208726 0.08738957 0.15799982
v 4.50576819 0.01340088 0.15799982
v 4.50500588 0.01404953 0.15799982
v 4.50555644 0.01495089 0.15799982
v 4.50517325 0.01563390 0.15799982
v 4.50498957 0.01717591 0.15799982
v 4.50497991 0.01639282 0.15799982
v 4.50395915 0.01679702 0.15799982
v 4.51758052 0.02962465 0.15799982
v 4.54426954 0.07938516 0.15799982
v 4.51750799 0.01402830 0.15799982
v 4.52629555 0.02894783 0.15799982
v 4.50442847 0.01486712 0.15799982
v 4.50407213 0.01580248 0.15799982
v 4.50520158 0.01792983 0.15799982
v 4.50409663 0.01778847 0.15799982
v 4.51675408 0.01424031 0.15799982
v 4.51818134 0.01362839 0.15799982
v 4.52533392 0.02670492 0.15799982
v 4.50447594 0.01871474 0.15799982
v 4.50507335 0.01951785 0.15799982
v 4.50560150 0.01860318 0.15799982
v 4.50616206 0.01915008 0.15799982
v 4.51356857 0.01245319 0.15799982
v 4.51335656 0.01169928 0.15799982
v 4.50975563 0.01434526 0.15799982
v 4.51457326 0.02580405 0.15799982
v 4.51624402 0.02758280 0.15799982
v 4.54653836 0.08877597 0.15799982
v 4.50585143 0.02014749 0.15799982
v 4.50760399 0.01972661 0.15799982
v 4.50684508 0.01953326 0.15799982
v 4.51413518 0.00792424 0.15799982
v 4.50907262 0.01396208 0.15799982
v 4.51354025 0.01015727 0.15799982
v 4.51597098 0.01424998 0.15799982
v 4.54523117 0.08162807 0.15799982
v 4.54637906 0.08809716 0.15799982
v 4.54823108 0.09206053 0.15799982
v 4.54884052 0.09290845 0.15799982
v 4.50677669 0.01399041 0.15799982
v 4.50753060 0.01377839 0.15799982
v 4.51261901 0.02434246 0.15799982
v 4.50914100 0.01950494 0.15799982
v 4.50838709 0.01971695 0.15799982
v 4.50981436 0.01910502 0.15799982
v 4.51452905 0.01367345 0.15799982
v 4.51093779 0.01710253 0.15799982
v 4.51074444 0.01786144 0.15799982
v 4.51031620 0.01489216 0.15799982
v 4.51071611 0.01556552 0.15799982
v 4.51396849 0.01312655 0.15799982
v 4.51036126 0.01854446 0.15799982
v 4.51491149 0.00752943 0.15799982
v 4.51447033 0.00891369 0.15799982
v 4.51334690 0.01091618 0.15799982
v 4.54578871 0.08400390 0.15799982
v 4.52477639 0.02432910 0.15799982
v 4.51872824 0.01306782 0.15799982
v 4.51930478 0.01162589 0.15799982
v 4.51911143 0.01238481 0.15799982
v 4.54681311 0.08941680 0.15799982
v 4.54964865 0.09356973 0.15799982
v 4.51092812 0.01631943 0.15799982
v 4.51521207 0.01405663 0.15799982
v 4.51392342 0.00947425 0.15799982
v 4.52275926 0.01034318 0.15799982
v 4.50610334 0.01439032 0.15799982
v 4.51822924 0.00695513 0.15799982
v 4.51575484 0.00731200 0.15799982
v 4.51589759 0.00830176 0.15799982
v 4.51514368 0.00851377 0.15799982
v 4.50795885 0.01374767 0.15799982
v 4.50831370 0.01376873 0.15799982
v 4.55060040 0.09399933 0.15799982
v 4.51812262 0.00886863 0.15799982
v 4.51868318 0.00941553 0.15799982
v 4.52028525 0.00720005 0.15799982
v 4.55719201 0.09134386 0.15799982
v 4.55658679 0.09200417 0.15799982
v 4.55763513 0.09056544 0.15799982
v 4.55781650 0.08792944 0.15799982
v 4.55748417 0.08709765 0.15799982
v 4.55163090 0.09416796 0.15799982
v 4.55266994 0.09406413 0.15799982
v 4.51908310 0.01008888 0.15799982
v 4.51929511 0.01084279 0.15799982
v 4.52247659 0.00933796 0.15799982
v 4.52194337 0.00844016 0.15799982
v 4.52119594 0.00771096 0.15799982
v 4.51927337 0.00694225 0.15799982
v 4.51743961 0.00848544 0.15799982
v 4.55584981 0.09251326 0.15799982
v 4.55789392 0.08970792 0.15799982
v 4.55795540 0.08881431 0.15799982
v 4.55364669 0.09369490 0.15799982
v 4.51668069 0.00829210 0.15799982
v 4.51718832 0.02983500 0.15804996
v 4.54381337 0.07962982 0.15806796
v 4.51681580 0.03003480 0.15819788
v 4.54350953 0.07979279 0.15821078
v 4.54338829 0.07985782 0.15826776
v 4.51648162 0.03021404 0.15843615
v 4.54317963 0.07996974 0.15844945
v 4.54302326 0.08005361 0.15858560
v 4.51620254 0.03036372 0.15875284
v 4.54290328 0.08011796 0.15876304
v 4.54269295 0.08023077 0.15913739
v 4.54274317 0.08020382 0.15899982
v 4.51599256 0.03047636 0.15913205
v 4.54255855 0.08030285 0.15955587
v 4.54256710 0.08029828 0.15948218
v 4.51586221 0.03054626 0.15955477
v 4.51581802 0.03056996 0.15999982
v 4.54250705 0.08033048 0.15999982
v 4.54387831 0.07959500 0.15805826
v 4.51238454 0.02472072 0.15804996
v 4.51216183 0.02508002 0.15819788
v 4.51196204 0.02540233 0.15843615
v 4.51179519 0.02567151 0.15875284
v 4.51166966 0.02587402 0.15913205
v 4.51467245 0.02881982 0.15999982
v 4.51324038 0.02729517 0.15999982
v 4.51159173 0.02599976 0.15955477
v 4.51156531 0.02604237 0.15999982
v 4.51327380 0.02725778 0.15955477
v 4.51337238 0.02714750 0.15913205
v 4.51353117 0.02696985 0.15875284
v 4.51374222 0.02673375 0.15843615
v 4.51399495 0.02645102 0.15819788
v 4.51427667 0.02613586 0.15804996
v 4.51471186 0.02878879 0.15955477
v 4.51482809 0.02869731 0.15913205
v 4.51501532 0.02854993 0.15875284
v 4.51526416 0.02835406 0.15843615
v 4.51556214 0.02811951 0.15819788
v 4.51589431 0.02785806 0.15804996
v 4.54534931 0.08406726 0.15805826
v 4.54527637 0.08407778 0.15806796
v 4.54493512 0.08412700 0.15821078
v 4.54479895 0.08414663 0.15826776
v 4.54456460 0.08418043 0.15844945
v 4.54438898 0.08420576 0.15858560
v 4.54425422 0.08422520 0.15876304
v 4.54407440 0.08425114 0.15899982
v 4.54401799 0.08425927 0.15913739
v 4.54387664 0.08427966 0.15948218
v 4.54386704 0.08428104 0.15955587
v 4.54333130 0.08225297 0.15999982
v 4.54380919 0.08428938 0.15999982
v 4.54473945 0.08178982 0.15806796
v 4.54428123 0.08194053 0.15826776
v 4.54388776 0.08206994 0.15858560
v 4.54358583 0.08216925 0.15899982
v 4.54339603 0.08223167 0.15948218
v 4.50561753 0.02052483 0.15805826
v 4.50557871 0.02058746 0.15806796
v 4.50532458 0.02099745 0.15826776
v 4.50539706 0.02088052 0.15821078
v 4.50510634 0.02134951 0.15858560
v 4.50519983 0.02119870 0.15844945
v 4.50493889 0.02161966 0.15899982
v 4.50503461 0.02146524 0.15876304
v 4.50483363 0.02178948 0.15948218
v 4.50490887 0.02166810 0.15913739
v 4.50482852 0.02179773 0.15955587
v 4.50479772 0.02184741 0.15999982
v 4.54552018 0.08822104 0.15819788
v 4.54593858 0.08816069 0.15804996
v 4.54514485 0.08827516 0.15843615
v 4.54483141 0.08832037 0.15875284
v 4.54459558 0.08835439 0.15913205
v 4.54444917 0.08837550 0.15955477
v 4.54439955 0.08838265 0.15999982
v 4.54250705 0.08033048 0.16239982
v 4.54333130 0.08225297 0.16239982
v 4.54380919 0.08428938 0.16239982
v 4.50352940 0.01270045 0.15999982
v 4.50470488 0.01177638 0.15955587
v 4.50471019 0.01178450 0.15948218
v 4.50266328 0.01392685 0.15999982
v 4.50212876 0.01532988 0.15999982
v 4.50195930 0.01682169 0.15999982
v 4.50216551 0.01830886 0.15999982
v 4.50273449 0.01969828 0.15999982
v 4.50363060 0.02090294 0.15999982
v 4.50478840 0.01190399 0.15913739
v 4.50481961 0.01195167 0.15899982
v 4.50491911 0.01210369 0.15876304
v 4.50499368 0.01221760 0.15858560
v 4.50509085 0.01236606 0.15844945
v 4.50522053 0.01256418 0.15826776
v 4.50529588 0.01267929 0.15821078
v 4.50548470 0.01296777 0.15806796
v 4.50552506 0.01302942 0.15805826
v 4.50467287 0.01172748 0.15999982
v 4.50469993 0.01987634 0.15806796
v 4.50402522 0.01896930 0.15806796
v 4.50359682 0.01792316 0.15806796
v 4.50344155 0.01680340 0.15806796
v 4.50356914 0.01568016 0.15806796
v 4.50397161 0.01462377 0.15806796
v 4.50462374 0.01370036 0.15806796
v 4.50435197 0.02021039 0.15826776
v 4.50426764 0.01337499 0.15826776
v 4.50354588 0.01439699 0.15826776
v 4.50310044 0.01556618 0.15826776
v 4.50295923 0.01680935 0.15826776
v 4.50313107 0.01804866 0.15826776
v 4.50360522 0.01920651 0.15826776
v 4.50405317 0.02049725 0.15858560
v 4.50324455 0.01941021 0.15858560
v 4.50273113 0.01815644 0.15858560
v 4.50254504 0.01681446 0.15858560
v 4.50269796 0.01546830 0.15858560
v 4.50318029 0.01420225 0.15858560
v 4.50396185 0.01309559 0.15858560
v 4.50382389 0.02071737 0.15899982
v 4.50372721 0.01288119 0.15899982
v 4.50289977 0.01405282 0.15899982
v 4.50238913 0.01539320 0.15899982
v 4.50222723 0.01681839 0.15899982
v 4.50242424 0.01823915 0.15899982
v 4.50296780 0.01956651 0.15899982
v 4.50367976 0.02085574 0.15948218
v 4.50279383 0.01966477 0.15948218
v 4.50223132 0.01829113 0.15948218
v 4.50202745 0.01682085 0.15948218
v 4.50219498 0.01534599 0.15948218
v 4.50272343 0.01395889 0.15948218
v 4.50357971 0.01274642 0.15948218
v 4.50479772 0.02184741 0.16599982
v 4.51156531 0.02604237 0.16599982
v 4.50467287 0.01172748 0.16599982
v 4.50352940 0.01270045 0.16599982
v 4.50266328 0.01392685 0.16599982
v 4.50212876 0.01532988 0.16599982
v 4.50195930 0.01682169 0.16599982
v 4.50216551 0.01830886 0.16599982
v 4.50273449 0.01969828 0.16599982
v 4.50363060 0.02090294 0.16599982
v 4.51389205 0.00755279 0.15805826
v 4.51385169 0.00749114 0.15806796
v 4.51366286 0.00720265 0.15821078
v 4.51358752 0.00708754 0.15826776
v 4.51345785 0.00688943 0.15844945
v 4.51336067 0.00674097 0.15858560
v 4.51328610 0.00662705 0.15876304
v 4.51318660 0.00647504 0.15899982
v 4.51315539 0.00642736 0.15913739
v 4.51307718 0.00630786 0.15948218
v 4.51307186 0.00629975 0.15955587
v 4.51303985 0.00625084 0.15999982
v 4.54463849 0.08940087 0.15999982
v 4.54505061 0.09036211 0.15999982
v 4.54511648 0.09032678 0.15948448
v 4.54509480 0.09033840 0.15955477
v 4.54529508 0.09023098 0.15900576
v 4.54522516 0.09026849 0.15913205
v 4.54557467 0.09008103 0.15859449
v 4.54543514 0.09015586 0.15875284
v 4.54593710 0.08988666 0.15827723
v 4.54571422 0.09000618 0.15843615
v 4.54635897 0.08966037 0.15807455
v 4.54604839 0.08982695 0.15819788
v 4.54642092 0.08962714 0.15804996
v 4.54611560 0.08891501 0.15804996
v 4.54571404 0.08904710 0.15819788
v 4.54535381 0.08916558 0.15843615
v 4.54505298 0.08926454 0.15875284
v 4.54482664 0.08933898 0.15913205
v 4.54468613 0.08938519 0.15955477
v 4.54777491 0.09230521 0.15806796
v 4.54734983 0.09253319 0.15826776
v 4.54698481 0.09272898 0.15858560
v 4.54670471 0.09287920 0.15899982
v 4.54652864 0.09297364 0.15948218
v 4.54646858 0.09300586 0.15999982
v 4.54439955 0.08838265 0.16249982
v 4.54463849 0.08940087 0.16249982
v 4.54505061 0.09036211 0.16249982
v 4.54413498 0.08654826 0.16239982
v 4.54425555 0.08738428 0.16249982
v 4.54646858 0.09300586 0.16249982
v 4.54738274 0.09427772 0.15999982
v 4.54859495 0.09526966 0.15999982
v 4.55002257 0.09591403 0.15999982
v 4.55156832 0.09616698 0.15999982
v 4.55312687 0.09601122 0.15999982
v 4.55459200 0.09545740 0.15999982
v 4.55455979 0.09539733 0.15948218
v 4.55446535 0.09522126 0.15899982
v 4.55431513 0.09494118 0.15858560
v 4.55411935 0.09457616 0.15826776
v 4.55389135 0.09415107 0.15806796
v 4.55278820 0.09456807 0.15806796
v 4.55289840 0.09503766 0.15826776
v 4.55299304 0.09544093 0.15858560
v 4.55306565 0.09575036 0.15899982
v 4.55311130 0.09594488 0.15948218
v 4.55161470 0.09468534 0.15806796
v 4.55159961 0.09516747 0.15826776
v 4.55158665 0.09558148 0.15858560
v 4.55157671 0.09589916 0.15899982
v 4.55157045 0.09609886 0.15948218
v 4.55045084 0.09449489 0.15806796
v 4.55031147 0.09495667 0.15826776
v 4.55019181 0.09535322 0.15858560
v 4.55009998 0.09565752 0.15899982
v 4.55004225 0.09584879 0.15948218
v 4.54937593 0.09400972 0.15806796
v 4.54912180 0.09441970 0.15826776
v 4.54890356 0.09477175 0.15858560
v 4.54873611 0.09504189 0.15899982
v 4.54863085 0.09521172 0.15948218
v 4.54846322 0.09326286 0.15806796
v 4.54811163 0.09359308 0.15826776
v 4.54780972 0.09387667 0.15858560
v 4.54757805 0.09409427 0.15899982
v 4.54743242 0.09423106 0.15948218
v 4.54738274 0.09427772 0.16249982
v 4.54859495 0.09526966 0.16249982
v 4.55002257 0.09591403 0.16249982
v 4.55156832 0.09616698 0.16249982
v 4.55312687 0.09601122 0.16249982
v 4.55459200 0.09545740 0.16249982
v 4.55609448 0.09296944 0.15806796
v 4.55632246 0.09339451 0.15826776
v 4.55651824 0.09375953 0.15858560
v 4.55666848 0.09403963 0.15899982
v 4.55676291 0.09421570 0.15948218
v 4.55679512 0.09427575 0.15999982
v 4.55679512 0.09427575 0.16249982
v 4.55790059 0.09351213 0.15999982
v 4.55805154 0.09334744 0.15999982
v 4.55902977 0.09213280 0.15999982
v 4.55880842 0.09252166 0.15999982
v 4.55947310 0.09135401 0.15999982
v 4.55966719 0.09071087 0.15999982
v 4.55986128 0.09006774 0.15999982
v 4.55992279 0.08917371 0.15999982
v 4.55977979 0.08762071 0.15999982
v 4.55995350 0.08872733 0.15999982
v 4.55974515 0.08740001 0.15999982
v 4.55924667 0.08615234 0.15999982
v 4.55918661 0.08618454 0.15948218
v 4.55901054 0.08627898 0.15899982
v 4.55873044 0.08642920 0.15858560
v 4.55836542 0.08662499 0.15826776
v 4.55794034 0.08685298 0.15806796
v 4.55875335 0.09248153 0.15948218
v 4.55967944 0.08741806 0.15948218
v 4.55847255 0.08879180 0.15806796
v 4.55840311 0.08980104 0.15806796
v 4.55895446 0.08877082 0.15826776
v 4.55887760 0.08988782 0.15826776
v 4.55936828 0.08875281 0.15858560
v 4.55928505 0.08996234 0.15858560
v 4.55968581 0.08873899 0.15899982
v 4.55959770 0.09001953 0.15899982
v 4.55988542 0.08873030 0.15948218
v 4.55979424 0.09005547 0.15948218
v 4.55831567 0.08779241 0.15806796
v 4.55878082 0.08766472 0.15826776
v 4.55918026 0.08755507 0.15858560
v 4.55948676 0.08747094 0.15899982
v 4.55941047 0.09132714 0.15948218
v 4.55922686 0.09124836 0.15899982
v 4.55893477 0.09112304 0.15858560
v 4.55855411 0.09095972 0.15826776
v 4.55811083 0.09076954 0.15806796
v 4.55859187 0.09236386 0.15899982
v 4.55833499 0.09217668 0.15858560
v 4.55800022 0.09193277 0.15826776
v 4.55761037 0.09164871 0.15806796
v 4.55785582 0.09346075 0.15948218
v 4.55772457 0.09331010 0.15899982
v 4.55751579 0.09307046 0.15858560
v 4.55724369 0.09275816 0.15826776
v 4.55692683 0.09239446 0.15806796
v 4.55244512 0.08299180 0.16249982
v 4.55206996 0.08229233 0.16239982
v 4.54781309 0.07435560 0.16239982
v 4.54120373 0.07790052 0.16239982
v 4.53974277 0.07517661 0.16477159
v 4.53969123 0.07508052 0.16559982
v 4.54630058 0.07153560 0.16559982
v 4.53989386 0.07545833 0.16399982
v 4.54635212 0.07163169 0.16477159
v 4.54013423 0.07590647 0.16333707
v 4.54650322 0.07191340 0.16399982
v 4.54044748 0.07649052 0.16282853
v 4.54674359 0.07236155 0.16333707
v 4.54081227 0.07717064 0.16250885
v 4.54705683 0.07294560 0.16282853
v 4.54742162 0.07362572 0.16250885
v 4.53969123 0.07508052 0.17759982
v 4.54630058 0.07153560 0.17759982
v 4.54081227 0.07717064 0.18069078
v 4.54120373 0.07790052 0.18079982
v 4.54781309 0.07435560 0.18079982
v 4.54044748 0.07649052 0.18037110
v 4.54742162 0.07362572 0.18069078
v 4.54013423 0.07590647 0.17986256
v 4.54705683 0.07294560 0.18037110
v 4.53989386 0.07545833 0.17919982
v 4.54674359 0.07236155 0.17986256
v 4.53974277 0.07517661 0.17842804
v 4.54650322 0.07191340 0.17919982
v 4.54635212 0.07163169 0.17842804
v 4.51547908 0.00539993 0.15948218
v 4.51546935 0.00533248 0.15999982
v 4.51420432 0.00565863 0.15999982
v 4.51550760 0.00559769 0.15899982
v 4.51555297 0.00591227 0.15858560
v 4.51561210 0.00632224 0.15826776
v 4.51568095 0.00679967 0.15806796
v 4.51472846 0.00704523 0.15806796
v 4.51455790 0.00659403 0.15826776
v 4.51441144 0.00620657 0.15858560
v 4.51429906 0.00590927 0.15899982
v 4.51422841 0.00572237 0.15948218
v 4.51815535 0.00644279 0.15806796
v 4.51808649 0.00596537 0.15826776
v 4.51802736 0.00555540 0.15858560
v 4.51798200 0.00524082 0.15899982
v 4.51795348 0.00504306 0.15948218
v 4.51794375 0.00497561 0.15999982
v 4.51546935 0.00533248 0.16609982
v 4.51420432 0.00565863 0.16609982
v 4.51303985 0.00625084 0.16609982
v 4.50984164 0.00834425 0.16599982
v 4.50984164 0.00834425 0.16609982
v 4.50548445 0.01710454 0.16599982
v 4.50547640 0.01645196 0.16599982
v 4.50641259 0.01478321 0.16599982
v 4.51025657 0.01576254 0.16599982
v 4.50992330 0.01520141 0.16599982
v 4.51248517 0.02667356 0.16599982
v 4.51044130 0.01704338 0.16599982
v 4.51043324 0.01639080 0.16599982
v 4.50894398 0.01904539 0.16599982
v 4.50950510 0.01871213 0.16599982
v 4.50831572 0.01922207 0.16599982
v 4.50566113 0.01773280 0.16599982
v 4.50595684 0.01525035 0.16599982
v 4.50697372 0.01444995 0.16599982
v 4.50945616 0.01474566 0.16599982
v 4.50996086 0.01824499 0.16599982
v 4.50766313 0.01923012 0.16599982
v 4.50599439 0.01829393 0.16599982
v 4.50563752 0.01581953 0.16599982
v 4.50703071 0.01906900 0.16599982
v 4.50760198 0.01427327 0.16599982
v 4.50888699 0.01442634 0.16599982
v 4.51028017 0.01767581 0.16599982
v 4.50646153 0.01874968 0.16599982
v 4.50825456 0.01426522 0.16599982
v 4.51794375 0.00497561 0.16609982
v 4.52437512 0.00876451 0.15999982
v 4.52467134 0.01006741 0.15948218
v 4.52473879 0.01005769 0.15999982
v 4.52431476 0.00854986 0.15999982
v 4.52374305 0.00758725 0.15999982
v 4.52351493 0.00720316 0.15999982
v 4.52287406 0.00657791 0.15999982
v 4.52180863 0.00578106 0.15999982
v 4.52239380 0.00610935 0.15999982
v 4.52059487 0.00523270 0.15999982
v 4.52102777 0.00534299 0.15999982
v 4.51928698 0.00495904 0.15999982
v 4.51950994 0.00495629 0.15999982
v 4.52447359 0.01009593 0.15899982
v 4.52415900 0.01014130 0.15858560
v 4.52374903 0.01020043 0.15826776
v 4.52327160 0.01026929 0.15806796
v 4.52100247 0.00540627 0.15948218
v 4.51950188 0.00502396 0.15948218
v 4.52150598 0.00729643 0.15806796
v 4.52235012 0.00812000 0.15806796
v 4.52179487 0.00691015 0.15826776
v 4.52272914 0.00782166 0.15826776
v 4.52204295 0.00657845 0.15858560
v 4.52305463 0.00756547 0.15858560
v 4.52223332 0.00632392 0.15899982
v 4.52330438 0.00736888 0.15899982
v 4.52235298 0.00616392 0.15948218
v 4.52346138 0.00724530 0.15948218
v 4.51947825 0.00522236 0.15899982
v 4.51944065 0.00553797 0.15858560
v 4.51939165 0.00594927 0.15826776
v 4.51933460 0.00642825 0.15806796
v 4.52092829 0.00559178 0.15899982
v 4.52081030 0.00588691 0.15858560
v 4.52065652 0.00627152 0.15826776
v 4.52047744 0.00671940 0.15806796
v 4.52425213 0.00857671 0.15948218
v 4.52406849 0.00865544 0.15899982
v 4.52377638 0.00878069 0.15858560
v 4.52339567 0.00894391 0.15826776
v 4.52295234 0.00913398 0.15806796
v 4.52528871 0.02425522 0.15806796
v 4.52576614 0.02418636 0.15826776
v 4.52617611 0.02412723 0.15858560
v 4.52649069 0.02408186 0.15899982
v 4.52668845 0.02405334 0.15948218
v 4.52675590 0.02404361 0.15999982
v 4.52675172 0.02870317 0.15806796
v 4.52717680 0.02847517 0.15826776
v 4.52754183 0.02827939 0.15858560
v 4.52782192 0.02812917 0.15899982
v 4.52799799 0.02803473 0.15948218
v 4.52805805 0.02800252 0.15999982
v 4.52723380 0.02608004 0.15999982
v 4.52716906 0.02610132 0.15948218
v 4.52697926 0.02616375 0.15899982
v 4.52667733 0.02626306 0.15858560
v 4.52628386 0.02639248 0.15826776
v 4.52582565 0.02654319 0.15806796
v 4.52675590 0.02404361 0.18319982
v 4.52473879 0.01005769 0.18319982
v 4.52805805 0.02800252 0.18319982
v 4.52723380 0.02608004 0.18319982
v 4.55924667 0.08615234 0.18319982
v 4.52670627 0.02405077 0.18364486
v 4.52668192 0.02405428 0.18371515
v 4.52655987 0.02407190 0.18406758
v 4.52799218 0.02803785 0.18371515
v 4.52801386 0.02802622 0.18364486
v 4.52648133 0.02408321 0.18419387
v 4.52632404 0.02410590 0.18444680
v 4.52781357 0.02813364 0.18419387
v 4.52788351 0.02809613 0.18406758
v 4.52616731 0.02412851 0.18460514
v 4.52601059 0.02415110 0.18476348
v 4.52753398 0.02828360 0.18460514
v 4.52767353 0.02820876 0.18444680
v 4.52576025 0.02418721 0.18492240
v 4.52563527 0.02420524 0.18500175
v 4.52717156 0.02847798 0.18492240
v 4.52739445 0.02835845 0.18476348
v 4.52528643 0.02425555 0.18512508
v 4.52521686 0.02426558 0.18514967
v 4.52674968 0.02870426 0.18512508
v 4.52706027 0.02853768 0.18500175
v 4.52477639 0.02432910 0.18519982
v 4.52533392 0.02670492 0.18519982
v 4.52668774 0.02873748 0.18514967
v 4.52629555 0.02894783 0.18519982
v 4.52575669 0.02656587 0.18514967
v 4.52615824 0.02643379 0.18500175
v 4.52651847 0.02631531 0.18476348
v 4.52681931 0.02621636 0.18444680
v 4.52704565 0.02614191 0.18406758
v 4.52718616 0.02609570 0.18364486
v 4.52275926 0.01034318 0.18519982
v 4.52327160 0.01026929 0.18513167
v 4.52374903 0.01020043 0.18493187
v 4.52415900 0.01014130 0.18461403
v 4.52447359 0.01009593 0.18419982
v 4.52467134 0.01006741 0.18371745
v 4.52247659 0.00933796 0.18519982
v 4.52194337 0.00844016 0.18519982
v 4.52119594 0.00771096 0.18519982
v 4.52028525 0.00720005 0.18519982
v 4.51927337 0.00694225 0.18519982
v 4.51822924 0.00695513 0.18519982
v 4.51815535 0.00644279 0.18513167
v 4.51808649 0.00596537 0.18493187
v 4.51802736 0.00555540 0.18461403
v 4.51798200 0.00524082 0.18419982
v 4.52437512 0.00876451 0.18319982
v 4.52431476 0.00854986 0.18319982
v 4.52374305 0.00758725 0.18319982
v 4.52351493 0.00720316 0.18319982
v 4.52287406 0.00657791 0.18319982
v 4.52239380 0.00610935 0.18319982
v 4.52102777 0.00534299 0.18319982
v 4.52180863 0.00578106 0.18319982
v 4.51950994 0.00495629 0.18319982
v 4.52059487 0.00523270 0.18319982
v 4.51928698 0.00495904 0.18319982
v 4.51795348 0.00504306 0.18371745
v 4.51794375 0.00497561 0.18319982
v 4.52425213 0.00857671 0.18371745
v 4.52346138 0.00724530 0.18371745
v 4.52235298 0.00616392 0.18371745
v 4.52100247 0.00540627 0.18371745
v 4.51950188 0.00502396 0.18371745
v 4.51947825 0.00522236 0.18419982
v 4.51944065 0.00553797 0.18461403
v 4.51939165 0.00594927 0.18493187
v 4.51933460 0.00642825 0.18513167
v 4.52092829 0.00559178 0.18419982
v 4.52081030 0.00588691 0.18461403
v 4.52065652 0.00627152 0.18493187
v 4.52047744 0.00671940 0.18513167
v 4.52223332 0.00632392 0.18419982
v 4.52204295 0.00657845 0.18461403
v 4.52179487 0.00691015 0.18493187
v 4.52150598 0.00729643 0.18513167
v 4.52330438 0.00736888 0.18419982
v 4.52305463 0.00756547 0.18461403
v 4.52272914 0.00782166 0.18493187
v 4.52235012 0.00812000 0.18513167
v 4.52406849 0.00865544 0.18419982
v 4.52377638 0.00878069 0.18461403
v 4.52339567 0.00894391 0.18493187
v 4.52295234 0.00913398 0.18513167
v 4.55793831 0.08685406 0.18512508
v 4.55787636 0.08688729 0.18514967
v 4.55748417 0.08709765 0.18519982
v 4.55836018 0.08662780 0.18492240
v 4.55824889 0.08668748 0.18500175
v 4.55858307 0.08650825 0.18476348
v 4.55872261 0.08643342 0.18460514
v 4.55900219 0.08628345 0.18419387
v 4.55886214 0.08635857 0.18444680
v 4.55918079 0.08618765 0.18371515
v 4.55907212 0.08624595 0.18406758
v 4.55920248 0.08617603 0.18364486
v 4.55606016 0.09290546 0.18514967
v 4.55584981 0.09251326 0.18519982
v 4.55658679 0.09200417 0.18519982
v 4.55719201 0.09134386 0.18519982
v 4.55763513 0.09056544 0.18519982
v 4.55789392 0.08970792 0.18519982
v 4.55795540 0.08881431 0.18519982
v 4.55781650 0.08792944 0.18519982
v 4.55609338 0.09296740 0.18512508
v 4.55625996 0.09327797 0.18500175
v 4.55631966 0.09338927 0.18492240
v 4.55643920 0.09361216 0.18476348
v 4.55651404 0.09375169 0.18460514
v 4.55658888 0.09389123 0.18444680
v 4.55666400 0.09403128 0.18419387
v 4.55670151 0.09410121 0.18406758
v 4.55675980 0.09420989 0.18371515
v 4.55677142 0.09423157 0.18364486
v 4.55679512 0.09427575 0.18319982
v 4.55805154 0.09334744 0.18319982
v 4.55880842 0.09252166 0.18319982
v 4.55947310 0.09135401 0.18319982
v 4.55902977 0.09213280 0.18319982
v 4.55966719 0.09071087 0.18319982
v 4.55986128 0.09006774 0.18319982
v 4.55992279 0.08917371 0.18319982
v 4.55995350 0.08872733 0.18319982
v 4.55977979 0.08762071 0.18319982
v 4.55974515 0.08740001 0.18319982
v 4.55790059 0.09351213 0.18319982
v 4.55969679 0.08741329 0.18364486
v 4.55990341 0.08872951 0.18364486
v 4.55981196 0.09005871 0.18364486
v 4.55942702 0.09133425 0.18364486
v 4.55876790 0.09249213 0.18364486
v 4.55786766 0.09347432 0.18364486
v 4.55955415 0.08745244 0.18406758
v 4.55777048 0.09336279 0.18406758
v 4.55864835 0.09240501 0.18406758
v 4.55929108 0.09127592 0.18406758
v 4.55966645 0.09003211 0.18406758
v 4.55975563 0.08873595 0.18406758
v 4.55932438 0.08751551 0.18444680
v 4.55951759 0.08874630 0.18444680
v 4.55943206 0.08998924 0.18444680
v 4.55907211 0.09118197 0.18444680
v 4.55845577 0.09226471 0.18444680
v 4.55761396 0.09318314 0.18444680
v 4.55901899 0.08759936 0.18476348
v 4.55740594 0.09294436 0.18476348
v 4.55819983 0.09207820 0.18476348
v 4.55878108 0.09105710 0.18476348
v 4.55912054 0.08993226 0.18476348
v 4.55920120 0.08876009 0.18476348
v 4.55865331 0.08769972 0.18500175
v 4.55882234 0.08877657 0.18500175
v 4.55874752 0.08986404 0.18500175
v 4.55843260 0.09090758 0.18500175
v 4.55789335 0.09185489 0.18500175
v 4.55715682 0.09265845 0.18500175
v 4.55824566 0.08781163 0.18514967
v 4.55840002 0.08879496 0.18514967
v 4.55833169 0.08978798 0.18514967
v 4.55804411 0.09074091 0.18514967
v 4.55755170 0.09160595 0.18514967
v 4.55687914 0.09233973 0.18514967
v 4.51589759 0.00830176 0.16019982
v 4.51668069 0.00829210 0.16019982
v 4.51743961 0.00848544 0.16019982
v 4.51812262 0.00886863 0.16019982
v 4.51868318 0.00941553 0.16019982
v 4.51908310 0.01008888 0.16019982
v 4.51929511 0.01084279 0.16019982
v 4.51930478 0.01162589 0.16019982
v 4.51911143 0.01238481 0.16019982
v 4.51872824 0.01306782 0.16019982
v 4.51818134 0.01362839 0.16019982
v 4.51750799 0.01402830 0.16019982
v 4.51675408 0.01424031 0.16019982
v 4.51597098 0.01424998 0.16019982
v 4.51521207 0.01405663 0.16019982
v 4.51452905 0.01367345 0.16019982
v 4.51396849 0.01312655 0.16019982
v 4.51356857 0.01245319 0.16019982
v 4.51335656 0.01169928 0.16019982
v 4.51334690 0.01091618 0.16019982
v 4.51354025 0.01015727 0.16019982
v 4.51392342 0.00947425 0.16019982
v 4.51447033 0.00891369 0.16019982
v 4.51514368 0.00851377 0.16019982
v 4.51593761 0.00982215 0.16019982
v 4.51557583 0.00997200 0.16019982
v 4.51526517 0.01021038 0.16019982
v 4.51502680 0.01052104 0.16019982
v 4.51593761 0.01271993 0.16019982
v 4.51632583 0.01277104 0.16019982
v 4.51671406 0.01271993 0.16019982
v 4.51707584 0.01257008 0.16019982
v 4.51738649 0.01233170 0.16019982
v 4.51762487 0.01202104 0.16019982
v 4.51487695 0.01088281 0.16019982
v 4.51482584 0.01127104 0.16019982
v 4.51487695 0.01165927 0.16019982
v 4.51502680 0.01202104 0.16019982
v 4.51557583 0.01257008 0.16019982
v 4.51782584 0.01127104 0.16019982
v 4.51777472 0.01088281 0.16019982
v 4.51526517 0.01233170 0.16019982
v 4.51777472 0.01165927 0.16019982
v 4.51671406 0.00982215 0.16019982
v 4.51632583 0.00977104 0.16019982
v 4.51762487 0.01052104 0.16019982
v 4.51738649 0.01021038 0.16019982
v 4.51707584 0.00997200 0.16019982
v 4.50831572 0.01922207 0.16019982
v 4.50894398 0.01904539 0.16019982
v 4.50950510 0.01871213 0.16019982
v 4.50996086 0.01824499 0.16019982
v 4.51028017 0.01767581 0.16019982
v 4.51044130 0.01704338 0.16019982
v 4.51043324 0.01639080 0.16019982
v 4.51025657 0.01576254 0.16019982
v 4.50992330 0.01520141 0.16019982
v 4.50945616 0.01474566 0.16019982
v 4.50888699 0.01442634 0.16019982
v 4.50825456 0.01426522 0.16019982
v 4.50760198 0.01427327 0.16019982
v 4.50697372 0.01444995 0.16019982
v 4.50641259 0.01478321 0.16019982
v 4.50595684 0.01525035 0.16019982
v 4.50563752 0.01581953 0.16019982
v 4.50547640 0.01645196 0.16019982
v 4.50548445 0.01710454 0.16019982
v 4.50566113 0.01773280 0.16019982
v 4.50599439 0.01829393 0.16019982
v 4.50646153 0.01874968 0.16019982
v 4.50703071 0.01906900 0.16019982
v 4.50795885 0.01924767 0.16019982
v 4.50766313 0.01923012 0.16019982
v 4.50914100 0.01950494 0.16019982
v 4.50838709 0.01971695 0.16019982
v 4.50981436 0.01910502 0.16019982
v 4.51036126 0.01854446 0.16019982
v 4.51074444 0.01786144 0.16019982
v 4.51093779 0.01710253 0.16019982
v 4.51092812 0.01631943 0.16019982
v 4.51071611 0.01556552 0.16019982
v 4.51031620 0.01489216 0.16019982
v 4.50975563 0.01434526 0.16019982
v 4.50907262 0.01396208 0.16019982
v 4.50831370 0.01376873 0.16019982
v 4.50753060 0.01377839 0.16019982
v 4.50677669 0.01399041 0.16019982
v 4.50610334 0.01439032 0.16019982
v 4.50555644 0.01495089 0.16019982
v 4.50517325 0.01563390 0.16019982
v 4.50497991 0.01639282 0.16019982
v 4.50498957 0.01717591 0.16019982
v 4.50520158 0.01792983 0.16019982
v 4.50560150 0.01860318 0.16019982
v 4.50616206 0.01915008 0.16019982
v 4.50684508 0.01953326 0.16019982
v 4.50760399 0.01972661 0.16019982
v 4.50795885 0.01974767 0.16019982
v 4.51792583 0.01127104 0.16009982
v 4.51787131 0.01168515 0.16009982
v 4.51771147 0.01207104 0.16009982
v 4.51745720 0.01240241 0.16009982
v 4.51712584 0.01265668 0.16009982
v 4.51673995 0.01281652 0.16009982
v 4.51632583 0.01287104 0.16009982
v 4.51591172 0.01281652 0.16009982
v 4.51552584 0.01265668 0.16009982
v 4.51519446 0.01240241 0.16009982
v 4.51494019 0.01207104 0.16009982
v 4.51478035 0.01168515 0.16009982
v 4.51472583 0.01127104 0.16009982
v 4.51478035 0.01085693 0.16009982
v 4.51494019 0.01047104 0.16009982
v 4.51519446 0.01013967 0.16009982
v 4.51552584 0.00988540 0.16009982
v 4.51591172 0.00972556 0.16009982
v 4.51632583 0.00967104 0.16009982
v 4.51673995 0.00972556 0.16009982
v 4.51712584 0.00988540 0.16009982
v 4.51745720 0.01013967 0.16009982
v 4.51771147 0.01047104 0.16009982
v 4.51787131 0.01085693 0.16009982
v 4.51777802 0.01166015 0.16017393
v 4.51762782 0.01202274 0.16017393
v 4.51738890 0.01233411 0.16017393
v 4.51707753 0.01257303 0.16017393
v 4.51671494 0.01272322 0.16017393
v 4.51632583 0.01277445 0.16017393
v 4.51593672 0.01272322 0.16017393
v 4.51557413 0.01257303 0.16017393
v 4.51526276 0.01233411 0.16017393
v 4.51502385 0.01202274 0.16017393
v 4.51487365 0.01166015 0.16017393
v 4.51482243 0.01127104 0.16017393
v 4.51487365 0.01088193 0.16017393
v 4.51502385 0.01051933 0.16017393
v 4.51526276 0.01020797 0.16017393
v 4.51557413 0.00996905 0.16017393
v 4.51593672 0.00981886 0.16017393
v 4.51632583 0.00976763 0.16017393
v 4.51671494 0.00981886 0.16017393
v 4.51707753 0.00996905 0.16017393
v 4.51738890 0.01020797 0.16017393
v 4.51762782 0.01051933 0.16017393
v 4.51777802 0.01088193 0.16017393
v 4.51782924 0.01127104 0.16017393
v 4.51778766 0.01166273 0.16014982
v 4.51763648 0.01202774 0.16014982
v 4.51739596 0.01234117 0.16014982
v 4.51708254 0.01258168 0.16014982
v 4.51671753 0.01273287 0.16014982
v 4.51632583 0.01278443 0.16014982
v 4.51593414 0.01273287 0.16014982
v 4.51556914 0.01258168 0.16014982
v 4.51525570 0.01234117 0.16014982
v 4.51501520 0.01202774 0.16014982
v 4.51486400 0.01166273 0.16014982
v 4.51481244 0.01127104 0.16014982
v 4.51486400 0.01087934 0.16014982
v 4.51501520 0.01051434 0.16014982
v 4.51525570 0.01020090 0.16014982
v 4.51556914 0.00996040 0.16014982
v 4.51593414 0.00980921 0.16014982
v 4.51632583 0.00975764 0.16014982
v 4.51671753 0.00980921 0.16014982
v 4.51708254 0.00996040 0.16014982
v 4.51739596 0.01020090 0.16014982
v 4.51763648 0.01051434 0.16014982
v 4.51778766 0.01087934 0.16014982
v 4.51783923 0.01127104 0.16014982
v 4.51780301 0.01166685 0.16012910
v 4.51765024 0.01203568 0.16012910
v 4.51740721 0.01235241 0.16012910
v 4.51709048 0.01259544 0.16012910
v 4.51672164 0.01274822 0.16012910
v 4.51632583 0.01280033 0.16012910
v 4.51593003 0.01274822 0.16012910
v 4.51556119 0.01259544 0.16012910
v 4.51524446 0.01235241 0.16012910
v 4.51500143 0.01203568 0.16012910
v 4.51484865 0.01166685 0.16012910
v 4.51479654 0.01127104 0.16012910
v 4.51484865 0.01087523 0.16012910
v 4.51500143 0.01050639 0.16012910
v 4.51524446 0.01018967 0.16012910
v 4.51556119 0.00994663 0.16012910
v 4.51593003 0.00979386 0.16012910
v 4.51632583 0.00974175 0.16012910
v 4.51672164 0.00979386 0.16012910
v 4.51709048 0.00994663 0.16012910
v 4.51740721 0.01018967 0.16012910
v 4.51765024 0.01050639 0.16012910
v 4.51780301 0.01087523 0.16012910
v 4.51785512 0.01127104 0.16012910
v 4.51782302 0.01167221 0.16011321
v 4.51766817 0.01204604 0.16011321
v 4.51742185 0.01236705 0.16011321
v 4.51710083 0.01261338 0.16011321
v 4.51672700 0.01276822 0.16011321
v 4.51632583 0.01282104 0.16011321
v 4.51592467 0.01276822 0.16011321
v 4.51555083 0.01261338 0.16011321
v 4.51522982 0.01236705 0.16011321
v 4.51498349 0.01204604 0.16011321
v 4.51482865 0.01167221 0.16011321
v 4.51477583 0.01127104 0.16011321
v 4.51482865 0.01086987 0.16011321
v 4.51498349 0.01049604 0.16011321
v 4.51522982 0.01017502 0.16011321
v 4.51555083 0.00992870 0.16011321
v 4.51592467 0.00977385 0.16011321
v 4.51632583 0.00972104 0.16011321
v 4.51672700 0.00977385 0.16011321
v 4.51710083 0.00992870 0.16011321
v 4.51742185 0.01017502 0.16011321
v 4.51766817 0.01049604 0.16011321
v 4.51782302 0.01086987 0.16011321
v 4.51787583 0.01127104 0.16011321
v 4.51784631 0.01167845 0.16010322
v 4.51768907 0.01205810 0.16010322
v 4.51743890 0.01238411 0.16010322
v 4.51711289 0.01263426 0.16010322
v 4.51673325 0.01279152 0.16010322
v 4.51632583 0.01284516 0.16010322
v 4.51591842 0.01279152 0.16010322
v 4.51553877 0.01263426 0.16010322
v 4.51521277 0.01238411 0.16010322
v 4.51496261 0.01205810 0.16010322
v 4.51480535 0.01167845 0.16010322
v 4.51475172 0.01127104 0.16010322
v 4.51480535 0.01086363 0.16010322
v 4.51496261 0.01048398 0.16010322
v 4.51521277 0.01015797 0.16010322
v 4.51553877 0.00990781 0.16010322
v 4.51591842 0.00975056 0.16010322
v 4.51632583 0.00969692 0.16010322
v 4.51673325 0.00975056 0.16010322
v 4.51711289 0.00990781 0.16010322
v 4.51743890 0.01015797 0.16010322
v 4.51768907 0.01048398 0.16010322
v 4.51784631 0.01086363 0.16010322
v 4.51789995 0.01127104 0.16010322
v 4.51781383 0.01358369 0.16009982
v 4.51716456 0.01389001 0.16009982
v 4.51836168 0.01311977 0.16009982
v 4.51645814 0.01401785 0.16009982
v 4.51877080 0.01252986 0.16009982
v 4.51574271 0.01395850 0.16009982
v 4.51506701 0.01371600 0.16009982
v 4.51447710 0.01330688 0.16009982
v 4.51401318 0.01275903 0.16009982
v 4.51357902 0.01140335 0.16009982
v 4.51363837 0.01068791 0.16009982
v 4.51428999 0.00942230 0.16009982
v 4.51483785 0.00895838 0.16009982
v 4.51370686 0.01210977 0.16009982
v 4.51388087 0.01001221 0.16009982
v 4.51548711 0.00865206 0.16009982
v 4.51619353 0.00852422 0.16009982
v 4.51690896 0.00858357 0.16009982
v 4.51758466 0.00882607 0.16009982
v 4.51907583 0.01127104 0.16009982
v 4.51901330 0.01185417 0.16009982
v 4.51817458 0.00923519 0.16009982
v 4.51863849 0.00978305 0.16009982
v 4.51894481 0.01043231 0.16009982
v 4.51907265 0.01113873 0.16009982
v 4.51907583 0.01127104 0.15839982
v 4.51905866 0.01114057 0.15839982
v 4.51898213 0.01198279 0.15839982
v 4.51899931 0.01185233 0.15839982
v 4.51870740 0.01264604 0.15839982
v 4.51875776 0.01252446 0.15839982
v 4.51827038 0.01321558 0.15839982
v 4.51835049 0.01311118 0.15839982
v 4.51770083 0.01365261 0.15839982
v 4.51780523 0.01357250 0.15839982
v 4.51703758 0.01392733 0.15839982
v 4.51715917 0.01387698 0.15839982
v 4.51632583 0.01402104 0.15839982
v 4.51645630 0.01400386 0.15839982
v 4.51561408 0.01392733 0.15839982
v 4.51574455 0.01394451 0.15839982
v 4.51495083 0.01365261 0.15839982
v 4.51507241 0.01370296 0.15839982
v 4.51438129 0.01321558 0.15839982
v 4.51448569 0.01329569 0.15839982
v 4.51394426 0.01264604 0.15839982
v 4.51402437 0.01275044 0.15839982
v 4.51366954 0.01198279 0.15839982
v 4.51371990 0.01210436 0.15839982
v 4.51357583 0.01127104 0.15839982
v 4.51359301 0.01140150 0.15839982
v 4.51366954 0.01055928 0.15839982
v 4.51365236 0.01068975 0.15839982
v 4.51394426 0.00989604 0.15839982
v 4.51389391 0.01001761 0.15839982
v 4.51438129 0.00932649 0.15839982
v 4.51430118 0.00943089 0.15839982
v 4.51495083 0.00888947 0.15839982
v 4.51484644 0.00896958 0.15839982
v 4.51561408 0.00861474 0.15839982
v 4.51549251 0.00866510 0.15839982
v 4.51632583 0.00852104 0.15839982
v 4.51619537 0.00853821 0.15839982
v 4.51703758 0.00861474 0.15839982
v 4.51690712 0.00859757 0.15839982
v 4.51770083 0.00888947 0.15839982
v 4.51757926 0.00883911 0.15839982
v 4.51827038 0.00932649 0.15839982
v 4.51816598 0.00924639 0.15839982
v 4.51870740 0.00989604 0.15839982
v 4.51862729 0.00979164 0.15839982
v 4.51898213 0.01055928 0.15839982
v 4.51893178 0.01043771 0.15839982
v 4.51387583 0.01127104 0.15809982
v 4.51395932 0.01190514 0.15809982
v 4.51420407 0.01249604 0.15809982
v 4.51459342 0.01300345 0.15809982
v 4.51510084 0.01339280 0.15809982
v 4.51569173 0.01363755 0.15809982
v 4.51632583 0.01372104 0.15809982
v 4.51695994 0.01363755 0.15809982
v 4.51755083 0.01339280 0.15809982
v 4.51805825 0.01300345 0.15809982
v 4.51844760 0.01249604 0.15809982
v 4.51869235 0.01190514 0.15809982
v 4.51877583 0.01127104 0.15809982
v 4.51869235 0.01063693 0.15809982
v 4.51844760 0.01004604 0.15809982
v 4.51805825 0.00953863 0.15809982
v 4.51755083 0.00914928 0.15809982
v 4.51695994 0.00890452 0.15809982
v 4.51632583 0.00882104 0.15809982
v 4.51569173 0.00890452 0.15809982
v 4.51510084 0.00914928 0.15809982
v 4.51459342 0.00953863 0.15809982
v 4.51420407 0.01004604 0.15809982
v 4.51395932 0.01063693 0.15809982
v 4.51389483 0.01192242 0.15810734
v 4.51414626 0.01252942 0.15810734
v 4.51454622 0.01305065 0.15810734
v 4.51506746 0.01345061 0.15810734
v 4.51567445 0.01370204 0.15810734
v 4.51632583 0.01378779 0.15810734
v 4.51697722 0.01370204 0.15810734
v 4.51758421 0.01345061 0.15810734
v 4.51810545 0.01305065 0.15810734
v 4.51850541 0.01252942 0.15810734
v 4.51875684 0.01192242 0.15810734
v 4.51884259 0.01127104 0.15810734
v 4.51875684 0.01061965 0.15810734
v 4.51850541 0.01001266 0.15810734
v 4.51810545 0.00949142 0.15810734
v 4.51758421 0.00909146 0.15810734
v 4.51632583 0.00875428 0.15810734
v 4.51567445 0.00884004 0.15810734
v 4.51506746 0.00909146 0.15810734
v 4.51454622 0.00949142 0.15810734
v 4.51414626 0.01001266 0.15810734
v 4.51389483 0.01061965 0.15810734
v 4.51380908 0.01127104 0.15810734
v 4.51565804 0.00877879 0.15812953
v 4.51503575 0.00903655 0.15812953
v 4.51500731 0.00898729 0.15816526
v 4.51446116 0.00940636 0.15816526
v 4.51442757 0.00937278 0.15821277
v 4.51400095 0.00992876 0.15821277
v 4.51396999 0.00991089 0.15826965
v 4.51369823 0.01056697 0.15826965
v 4.51367680 0.01056123 0.15833306
v 4.51358336 0.01127104 0.15833306
v 4.51395078 0.00989980 0.15833306
v 4.51440230 0.00934750 0.15826965
v 4.51498356 0.00894615 0.15821277
v 4.51564332 0.00872384 0.15816526
v 4.51632583 0.00869087 0.15812953
v 4.51697722 0.00884004 0.15810734
v 4.51438661 0.00933181 0.15833306
v 4.51699364 0.00877879 0.15812953
v 4.51632583 0.00863399 0.15816526
v 4.51563102 0.00867796 0.15821277
v 4.51496569 0.00891520 0.15826965
v 4.51495460 0.00889598 0.15833306
v 4.51761592 0.00903655 0.15812953
v 4.51700835 0.00872384 0.15816526
v 4.51632583 0.00858649 0.15821277
v 4.51562177 0.00864344 0.15826965
v 4.51561603 0.00862201 0.15833306
v 4.51815029 0.00944658 0.15812953
v 4.51764436 0.00898729 0.15816526
v 4.51702065 0.00867796 0.15821277
v 4.51632583 0.00855075 0.15826965
v 4.51632583 0.00852856 0.15833306
v 4.51856032 0.00998096 0.15812953
v 4.51819051 0.00940636 0.15816526
v 4.51766811 0.00894615 0.15821277
v 4.51702990 0.00864344 0.15826965
v 4.51703564 0.00862201 0.15833306
v 4.51881808 0.01060324 0.15812953
v 4.51860958 0.00995251 0.15816526
v 4.51822410 0.00937278 0.15821277
v 4.51768598 0.00891520 0.15826965
v 4.51769707 0.00889598 0.15833306
v 4.51890600 0.01127104 0.15812953
v 4.51887303 0.01058852 0.15816526
v 4.51865072 0.00992876 0.15821277
v 4.51824937 0.00934750 0.15826965
v 4.51826506 0.00933181 0.15833306
v 4.51881808 0.01193883 0.15812953
v 4.51896288 0.01127104 0.15816526
v 4.51891891 0.01057622 0.15821277
v 4.51868167 0.00991089 0.15826965
v 4.51870089 0.00989980 0.15833306
v 4.51856032 0.01256112 0.15812953
v 4.51887303 0.01195356 0.15816526
v 4.51901039 0.01127104 0.15821277
v 4.51895343 0.01056697 0.15826965
v 4.51897486 0.01056123 0.15833306
v 4.51815029 0.01309549 0.15812953
v 4.51860958 0.01258956 0.15816526
v 4.51891891 0.01196585 0.15821277
v 4.51904613 0.01127104 0.15826965
v 4.51906831 0.01127104 0.15833306
v 4.51761592 0.01350553 0.15812953
v 4.51819051 0.01313571 0.15816526
v 4.51865072 0.01261331 0.15821277
v 4.51895343 0.01197510 0.15826965
v 4.51897486 0.01198084 0.15833306
v 4.51699364 0.01376329 0.15812953
v 4.51764436 0.01355479 0.15816526
v 4.51822410 0.01316930 0.15821277
v 4.51868167 0.01263118 0.15826965
v 4.51870089 0.01264228 0.15833306
v 4.51632583 0.01385120 0.15812953
v 4.51700835 0.01381823 0.15816526
v 4.51766811 0.01359592 0.15821277
v 4.51824937 0.01319457 0.15826965
v 4.51826506 0.01321026 0.15833306
v 4.51565804 0.01376329 0.15812953
v 4.51632583 0.01390809 0.15816526
v 4.51702065 0.01386411 0.15821277
v 4.51768598 0.01362688 0.15826965
v 4.51769707 0.01364609 0.15833306
v 4.51503575 0.01350553 0.15812953
v 4.51564332 0.01381823 0.15816526
v 4.51632583 0.01395559 0.15821277
v 4.51702990 0.01389864 0.15826965
v 4.51703564 0.01392007 0.15833306
v 4.51450138 0.01309549 0.15812953
v 4.51500731 0.01355479 0.15816526
v 4.51563102 0.01386411 0.15821277
v 4.51632583 0.01399133 0.15826965
v 4.51632583 0.01401352 0.15833306
v 4.51409135 0.01256112 0.15812953
v 4.51446116 0.01313571 0.15816526
v 4.51498356 0.01359592 0.15821277
v 4.51562177 0.01389864 0.15826965
v 4.51561603 0.01392007 0.15833306
v 4.51383359 0.01193883 0.15812953
v 4.51404209 0.01258956 0.15816526
v 4.51442757 0.01316930 0.15821277
v 4.51496569 0.01362688 0.15826965
v 4.51495460 0.01364609 0.15833306
v 4.51374567 0.01127104 0.15812953
v 4.51377864 0.01195356 0.15816526
v 4.51400095 0.01261331 0.15821277
v 4.51440230 0.01319457 0.15826965
v 4.51438661 0.01321026 0.15833306
v 4.51383359 0.01060324 0.15812953
v 4.51368879 0.01127104 0.15816526
v 4.51373276 0.01196585 0.15821277
v 4.51396999 0.01263118 0.15826965
v 4.51395078 0.01264228 0.15833306
v 4.51409135 0.00998096 0.15812953
v 4.51377864 0.01058852 0.15816526
v 4.51364129 0.01127104 0.15821277
v 4.51369823 0.01197510 0.15826965
v 4.51367680 0.01198084 0.15833306
v 4.51450138 0.00944658 0.15812953
v 4.51404209 0.00995251 0.15816526
v 4.51373276 0.01057622 0.15821277
v 4.51360554 0.01127104 0.15826965
v 4.51581802 0.03056996 0.18319982
v 4.54250705 0.08033048 0.18319982
v 4.54250705 0.08033048 0.18079982
v 4.55206996 0.08229233 0.18079982
v 4.54333130 0.08225297 0.18079982
v 4.54380919 0.08428938 0.18079982
v 4.54413498 0.08654826 0.18079982
v 4.54333130 0.08225297 0.18319982
v 4.54380919 0.08428938 0.18319982
v 4.54425555 0.08738428 0.18069982
v 4.55244512 0.08299180 0.18069982
v 4.54387735 0.07959551 0.18514967
v 4.51712435 0.02986931 0.18513167
v 4.51758052 0.02962465 0.18519982
v 4.54426954 0.07938516 0.18519982
v 4.54350482 0.07979532 0.18500175
v 4.51669927 0.03009731 0.18493187
v 4.54381541 0.07962874 0.18512508
v 4.54317064 0.07997456 0.18476348
v 4.51633424 0.03029309 0.18461403
v 4.54339353 0.07985501 0.18492240
v 4.54303111 0.08004940 0.18460514
v 4.54289156 0.08012425 0.18444680
v 4.51605415 0.03044331 0.18419982
v 4.54275151 0.08019935 0.18419387
v 4.54268159 0.08023686 0.18406758
v 4.51587808 0.03053776 0.18371745
v 4.54257291 0.08029515 0.18371515
v 4.54255124 0.08030678 0.18364486
v 4.51467245 0.02881982 0.18319982
v 4.51324038 0.02729517 0.18319982
v 4.51159610 0.02599269 0.18364376
v 4.51156531 0.02604237 0.18319982
v 4.51167646 0.02586305 0.18406224
v 4.51160121 0.02598444 0.18371745
v 4.51180220 0.02566020 0.18443659
v 4.51170648 0.02581462 0.18419982
v 4.51196742 0.02539366 0.18475018
v 4.51187393 0.02554447 0.18461403
v 4.51216464 0.02507547 0.18498885
v 4.51209216 0.02519241 0.18493187
v 4.51624402 0.02758280 0.18519982
v 4.51238512 0.02471979 0.18514137
v 4.51457326 0.02580405 0.18519982
v 4.51234630 0.02478242 0.18513167
v 4.51261901 0.02434246 0.18519982
v 4.51422829 0.02618998 0.18513167
v 4.51390682 0.02654961 0.18493187
v 4.51363077 0.02685844 0.18461403
v 4.51341895 0.02709539 0.18419982
v 4.51328580 0.02724436 0.18371745
v 4.51583727 0.02790296 0.18513167
v 4.51545824 0.02820131 0.18493187
v 4.51513275 0.02845749 0.18461403
v 4.51488300 0.02865408 0.18419982
v 4.51472601 0.02877765 0.18371745
v 4.54385882 0.08428222 0.18364486
v 4.54400522 0.08426111 0.18406758
v 4.54424106 0.08422709 0.18444680
v 4.54455450 0.08418189 0.18476348
v 4.54492983 0.08412776 0.18500175
v 4.54534823 0.08406741 0.18514967
v 4.54578871 0.08400390 0.18519982
v 4.54523117 0.08162807 0.18519982
v 4.54480841 0.08176712 0.18514967
v 4.54440684 0.08189920 0.18500175
v 4.54404662 0.08201768 0.18476348
v 4.54374578 0.08211663 0.18444680
v 4.54351945 0.08219108 0.18406758
v 4.54337894 0.08223730 0.18364486
v 4.54439955 0.08838265 0.18319982
v 4.54439955 0.08838265 0.18069982
v 4.54637906 0.08809716 0.18519982
v 4.54593966 0.08816054 0.18514137
v 4.54586672 0.08817106 0.18513167
v 4.54538930 0.08823990 0.18493187
v 4.54552547 0.08822026 0.18498885
v 4.54497933 0.08829903 0.18461403
v 4.54515495 0.08827371 0.18475018
v 4.54466475 0.08834440 0.18419982
v 4.54484457 0.08831849 0.18443659
v 4.54460835 0.08835254 0.18406224
v 4.54446700 0.08837292 0.18371745
v 4.54445739 0.08837431 0.18364376
v 4.54463849 0.08940087 0.18319982
v 4.54463849 0.08940087 0.18069982
v 4.54505061 0.09036211 0.18319982
v 4.54505061 0.09036211 0.18069982
v 4.54653836 0.08877597 0.18519982
v 4.54681311 0.08941680 0.18519982
v 4.54635694 0.08966146 0.18513167
v 4.54593186 0.08988946 0.18493187
v 4.54556684 0.09008523 0.18461403
v 4.54528675 0.09023547 0.18419982
v 4.54511067 0.09032989 0.18371745
v 4.54470322 0.08937957 0.18371745
v 4.54489303 0.08931714 0.18419982
v 4.54519495 0.08921784 0.18461403
v 4.54558843 0.08908842 0.18493187
v 4.54604664 0.08893769 0.18513167
v 4.54646858 0.09300586 0.18319982
v 4.54646858 0.09300586 0.18069982
v 4.54823108 0.09206053 0.18519982
v 4.54777491 0.09230521 0.18513167
v 4.54734983 0.09253319 0.18493187
v 4.54698481 0.09272898 0.18461403
v 4.54670471 0.09287920 0.18419982
v 4.54652864 0.09297364 0.18371745
v 4.54884052 0.09290845 0.18519982
v 4.54964865 0.09356973 0.18519982
v 4.55060040 0.09399933 0.18519982
v 4.55163090 0.09416796 0.18519982
v 4.55266994 0.09406413 0.18519982
v 4.55364669 0.09369490 0.18519982
v 4.55389135 0.09415107 0.18513167
v 4.55411935 0.09457616 0.18493187
v 4.55431513 0.09494118 0.18461403
v 4.55446535 0.09522126 0.18419982
v 4.54738274 0.09427772 0.18319982
v 4.54859495 0.09526966 0.18319982
v 4.55002257 0.09591403 0.18319982
v 4.55156832 0.09616698 0.18319982
v 4.55312687 0.09601122 0.18319982
v 4.55455979 0.09539733 0.18371745
v 4.55459200 0.09545740 0.18319982
v 4.55311130 0.09594488 0.18371745
v 4.55306565 0.09575036 0.18419982
v 4.55299304 0.09544093 0.18461403
v 4.55289840 0.09503766 0.18493187
v 4.55278820 0.09456807 0.18513167
v 4.55157045 0.09609886 0.18371745
v 4.55157671 0.09589916 0.18419982
v 4.55158665 0.09558148 0.18461403
v 4.55159961 0.09516747 0.18493187
v 4.55161470 0.09468534 0.18513167
v 4.55004225 0.09584879 0.18371745
v 4.55009998 0.09565752 0.18419982
v 4.55019181 0.09535322 0.18461403
v 4.55031147 0.09495667 0.18493187
v 4.55045084 0.09449489 0.18513167
v 4.54863085 0.09521172 0.18371745
v 4.54873611 0.09504189 0.18419982
v 4.54890356 0.09477175 0.18461403
v 4.54912180 0.09441970 0.18493187
v 4.54937593 0.09400972 0.18513167
v 4.54743242 0.09423106 0.18371745
v 4.54757805 0.09409427 0.18419982
v 4.54780972 0.09387667 0.18461403
v 4.54811163 0.09359308 0.18493187
v 4.54846322 0.09326286 0.18513167
v 4.54738274 0.09427772 0.18069982
v 4.54859495 0.09526966 0.18069982
v 4.55002257 0.09591403 0.18069982
v 4.55156832 0.09616698 0.18069982
v 4.55312687 0.09601122 0.18069982
v 4.55459200 0.09545740 0.18069982
v 4.55679512 0.09427575 0.18069982
v 4.55905892 0.09214940 0.18069982
v 4.55806699 0.09336159 0.18069982
v 4.55806699 0.09336159 0.16249982
v 4.55905892 0.09214940 0.16249982
v 4.55924523 0.09182688 0.18069982
v 4.55924523 0.09182688 0.16249982
v 4.55896621 0.09197653 0.16249982
v 4.55896621 0.09197653 0.18069982
v 4.51248517 0.02667356 0.17719982
v 4.51156531 0.02604237 0.17719982
v 4.50479772 0.02184741 0.18319982
v 4.50479772 0.02184741 0.17719982
v 4.50585143 0.02014749 0.18519982
v 4.50539424 0.02088506 0.18500175
v 4.50561696 0.02052576 0.18514967
v 4.50519445 0.02120737 0.18476348
v 4.50502761 0.02147654 0.18444680
v 4.50490207 0.02167906 0.18406758
v 4.50482414 0.02180478 0.18364486
v 4.50467287 0.01172748 0.17719982
v 4.50467287 0.01172748 0.18319982
v 4.50352940 0.01270045 0.18319982
v 4.50352940 0.01270045 0.17719982
v 4.50266328 0.01392685 0.18319982
v 4.50266328 0.01392685 0.17719982
v 4.50212876 0.01532988 0.18319982
v 4.50212876 0.01532988 0.17719982
v 4.50195930 0.01682169 0.18319982
v 4.50195930 0.01682169 0.17719982
v 4.50216551 0.01830886 0.18319982
v 4.50216551 0.01830886 0.17719982
v 4.50273449 0.01969828 0.18319982
v 4.50273449 0.01969828 0.17719982
v 4.50363060 0.02090294 0.18319982
v 4.50363060 0.02090294 0.17719982
v 4.50595684 0.01525035 0.17719982
v 4.50641259 0.01478321 0.17719982
v 4.50548445 0.01710454 0.17719982
v 4.50547640 0.01645196 0.17719982
v 4.50697372 0.01444995 0.17719982
v 4.50760198 0.01427327 0.17719982
v 4.50984164 0.00834425 0.17719982
v 4.50563752 0.01581953 0.17719982
v 4.50566113 0.01773280 0.17719982
v 4.50996086 0.01824499 0.17719982
v 4.50950510 0.01871213 0.17719982
v 4.50599439 0.01829393 0.17719982
v 4.50894398 0.01904539 0.17719982
v 4.51028017 0.01767581 0.17719982
v 4.51043324 0.01639080 0.17719982
v 4.50945616 0.01474566 0.17719982
v 4.50992330 0.01520141 0.17719982
v 4.50646153 0.01874968 0.17719982
v 4.51025657 0.01576254 0.17719982
v 4.50888699 0.01442634 0.17719982
v 4.50766313 0.01923012 0.17719982
v 4.50703071 0.01906900 0.17719982
v 4.50831572 0.01922207 0.17719982
v 4.51044130 0.01704338 0.17719982
v 4.50825456 0.01426522 0.17719982
v 4.50552446 0.01302851 0.18514967
v 4.50576819 0.01340088 0.18519982
v 4.50500588 0.01404953 0.18519982
v 4.50442847 0.01486712 0.18519982
v 4.50407213 0.01580248 0.18519982
v 4.50395915 0.01679702 0.18519982
v 4.50409663 0.01778847 0.18519982
v 4.50447594 0.01871474 0.18519982
v 4.50507335 0.01951785 0.18519982
v 4.50548597 0.01296970 0.18512508
v 4.50529295 0.01267482 0.18500175
v 4.50522379 0.01256915 0.18492240
v 4.50508527 0.01235753 0.18476348
v 4.50499855 0.01222504 0.18460514
v 4.50491183 0.01209256 0.18444680
v 4.50482479 0.01195959 0.18419387
v 4.50478134 0.01189320 0.18406758
v 4.50471380 0.01179001 0.18371515
v 4.50470033 0.01176943 0.18364486
v 4.50475230 0.01982606 0.18514967
v 4.50444736 0.02011882 0.18500175
v 4.50417380 0.02038144 0.18476348
v 4.50377347 0.02076577 0.18406758
v 4.50366677 0.02086821 0.18364486
v 4.50277815 0.01967362 0.18364486
v 4.50221393 0.01829581 0.18364486
v 4.50200944 0.01682107 0.18364486
v 4.50217749 0.01534173 0.18364486
v 4.50270754 0.01395043 0.18364486
v 4.50356641 0.01273428 0.18364486
v 4.50367561 0.01283405 0.18406758
v 4.50283809 0.01401997 0.18406758
v 4.50232122 0.01537668 0.18406758
v 4.50215735 0.01681925 0.18406758
v 4.50235676 0.01825733 0.18406758
v 4.50290695 0.01960088 0.18406758
v 4.50394536 0.02060076 0.18444680
v 4.50311442 0.01948370 0.18444680
v 4.50258682 0.01819533 0.18444680
v 4.50239561 0.01681631 0.18444680
v 4.50255274 0.01543299 0.18444680
v 4.50304839 0.01413199 0.18444680
v 4.50385152 0.01299478 0.18444680
v 4.50408531 0.01320839 0.18476348
v 4.50332789 0.01428088 0.18476348
v 4.50286046 0.01550782 0.18476348
v 4.50271227 0.01681240 0.18476348
v 4.50289260 0.01811293 0.18476348
v 4.50339016 0.01932797 0.18476348
v 4.50372035 0.01914149 0.18500175
v 4.50325875 0.01801426 0.18500175
v 4.50309145 0.01680772 0.18500175
v 4.50322893 0.01559743 0.18500175
v 4.50366259 0.01445916 0.18500175
v 4.50436526 0.01346419 0.18500175
v 4.50408843 0.01893360 0.18514967
v 4.50366691 0.01790426 0.18514967
v 4.50351414 0.01680251 0.18514967
v 4.50363969 0.01569732 0.18514967
v 4.50403568 0.01465790 0.18514967
v 4.50467733 0.01374933 0.18514967
v 4.51385169 0.00749114 0.18513167
v 4.51413518 0.00792424 0.18519982
v 4.51358752 0.00708754 0.18493187
v 4.51336067 0.00674097 0.18461403
v 4.51318660 0.00647504 0.18419982
v 4.51307718 0.00630786 0.18371745
v 4.51303985 0.00625084 0.18319982
v 4.51568095 0.00679967 0.18513167
v 4.51575484 0.00731200 0.18519982
v 4.51491149 0.00752943 0.18519982
v 4.51561210 0.00632224 0.18493187
v 4.51555297 0.00591227 0.18461403
v 4.51550760 0.00559769 0.18419982
v 4.51547908 0.00539993 0.18371745
v 4.51546935 0.00533248 0.18319982
v 4.51420432 0.00565863 0.18319982
v 4.51422841 0.00572237 0.18371745
v 4.51429906 0.00590927 0.18419982
v 4.51441144 0.00620657 0.18461403
v 4.51455790 0.00659403 0.18493187
v 4.51472846 0.00704523 0.18513167
v 4.51303985 0.00625084 0.17709982
v 4.50984164 0.00834425 0.17709982
v 4.51546935 0.00533248 0.17709982
v 4.51420432 0.00565863 0.17709982
v 4.51794375 0.00497561 0.17709982
v 4.52060521 0.00519210 0.16609982
v 4.51928668 0.00493392 0.16609982
v 4.51928668 0.00493392 0.17709982
v 4.52060521 0.00519210 0.17709982
v 4.52136916 0.00549193 0.16609982
v 4.52136916 0.00549193 0.17709982
v 4.52105577 0.00553713 0.17709982
v 4.52105577 0.00553713 0.16609982
v 4.50894398 0.01904539 0.18299982
v 4.50831572 0.01922207 0.18299982
v 4.50950510 0.01871213 0.18299982
v 4.50996086 0.01824499 0.18299982
v 4.51028017 0.01767581 0.18299982
v 4.51044130 0.01704338 0.18299982
v 4.51043324 0.01639080 0.18299982
v 4.51025657 0.01576254 0.18299982
v 4.50992330 0.01520141 0.18299982
v 4.50945616 0.01474566 0.18299982
v 4.50888699 0.01442634 0.18299982
v 4.50825456 0.01426522 0.18299982
v 4.50795885 0.01424767 0.18299982
v 4.50760198 0.01427327 0.18299982
v 4.50697372 0.01444995 0.18299982
v 4.50641259 0.01478321 0.18299982
v 4.50595684 0.01525035 0.18299982
v 4.50563752 0.01581953 0.18299982
v 4.50547640 0.01645196 0.18299982
v 4.50548445 0.01710454 0.18299982
v 4.50566113 0.01773280 0.18299982
v 4.50599439 0.01829393 0.18299982
v 4.50646153 0.01874968 0.18299982
v 4.50703071 0.01906900 0.18299982
v 4.50766313 0.01923012 0.18299982
v 4.50753060 0.01377839 0.18299982
v 4.50795885 0.01374767 0.18299982
v 4.50555644 0.01495089 0.18299982
v 4.50610334 0.01439032 0.18299982
v 4.50831370 0.01376873 0.18299982
v 4.50517325 0.01563390 0.18299982
v 4.50677669 0.01399041 0.18299982
v 4.50907262 0.01396208 0.18299982
v 4.50975563 0.01434526 0.18299982
v 4.51031620 0.01489216 0.18299982
v 4.50520158 0.01792983 0.18299982
v 4.50498957 0.01717591 0.18299982
v 4.51071611 0.01556552 0.18299982
v 4.51092812 0.01631943 0.18299982
v 4.51036126 0.01854446 0.18299982
v 4.50981436 0.01910502 0.18299982
v 4.50560150 0.01860318 0.18299982
v 4.50497991 0.01639282 0.18299982
v 4.51093779 0.01710253 0.18299982
v 4.51074444 0.01786144 0.18299982
v 4.50914100 0.01950494 0.18299982
v 4.50838709 0.01971695 0.18299982
v 4.50616206 0.01915008 0.18299982
v 4.50760399 0.01972661 0.18299982
v 4.50684508 0.01953326 0.18299982
v 4.50914100 0.01950494 0.18519982
v 4.50838709 0.01971695 0.18519982
v 4.50981436 0.01910502 0.18519982
v 4.51036126 0.01854446 0.18519982
v 4.51074444 0.01786144 0.18519982
v 4.51093779 0.01710253 0.18519982
v 4.51092812 0.01631943 0.18519982
v 4.51071611 0.01556552 0.18519982
v 4.51031620 0.01489216 0.18519982
v 4.50975563 0.01434526 0.18519982
v 4.50907262 0.01396208 0.18519982
v 4.50831370 0.01376873 0.18519982
v 4.50753060 0.01377839 0.18519982
v 4.50677669 0.01399041 0.18519982
v 4.50610334 0.01439032 0.18519982
v 4.50555644 0.01495089 0.18519982
v 4.50517325 0.01563390 0.18519982
v 4.50497991 0.01639282 0.18519982
v 4.50498957 0.01717591 0.18519982
v 4.50520158 0.01792983 0.18519982
v 4.50560150 0.01860318 0.18519982
v 4.50616206 0.01915008 0.18519982
v 4.50684508 0.01953326 0.18519982
v 4.50760399 0.01972661 0.18519982
v 4.55065272 0.08759647 0.18519982
v 4.51818134 0.01362839 0.18519982
v 4.51392342 0.00947425 0.18519982
v 4.51668069 0.00829210 0.18519982
v 4.51632583 0.00827104 0.18519982
v 4.51750799 0.01402830 0.18519982
v 4.51675408 0.01424031 0.18519982
v 4.51447033 0.00891369 0.18519982
v 4.55135638 0.08739858 0.18519982
v 4.55002425 0.08796971 0.18519982
v 4.51597098 0.01424998 0.18519982
v 4.55435595 0.09120944 0.18519982
v 4.55453641 0.09050111 0.18519982
v 4.55399832 0.09184691 0.18519982
v 4.55348788 0.09237010 0.18519982
v 4.51514368 0.00851377 0.18519982
v 4.51589759 0.00830176 0.18519982
v 4.51743961 0.00848544 0.18519982
v 4.54915618 0.08913040 0.18519982
v 4.54951382 0.08849291 0.18519982
v 4.51812262 0.00886863 0.18519982
v 4.51396849 0.01312655 0.18519982
v 4.51356857 0.01245319 0.18519982
v 4.51334690 0.01091618 0.18519982
v 4.51335656 0.01169928 0.18519982
v 4.51354025 0.01015727 0.18519982
v 4.54955588 0.09190171 0.18519982
v 4.54918261 0.09127326 0.18519982
v 4.54897572 0.08983871 0.18519982
v 4.51911143 0.01238481 0.18519982
v 4.55208726 0.08738957 0.18519982
v 4.55452740 0.08977022 0.18519982
v 4.55432952 0.08906657 0.18519982
v 4.51868318 0.00941553 0.18519982
v 4.51908310 0.01008888 0.18519982
v 4.51521207 0.01405663 0.18519982
v 4.51452905 0.01367345 0.18519982
v 4.54898473 0.09056961 0.18519982
v 4.51872824 0.01306782 0.18519982
v 4.55343306 0.08792766 0.18519982
v 4.55279558 0.08757002 0.18519982
v 4.55395626 0.08843810 0.18519982
v 4.55071655 0.09276980 0.18519982
v 4.55007907 0.09241217 0.18519982
v 4.51929511 0.01084279 0.18519982
v 4.55215576 0.09294123 0.18519982
v 4.55285941 0.09274336 0.18519982
v 4.51930478 0.01162589 0.18519982
v 4.55142487 0.09295025 0.18519982
v 4.51668069 0.00829210 0.18299982
v 4.51632583 0.00827104 0.18299982
v 4.51589759 0.00830176 0.18299982
v 4.51743961 0.00848544 0.18299982
v 4.51812262 0.00886863 0.18299982
v 4.51868318 0.00941553 0.18299982
v 4.51908310 0.01008888 0.18299982
v 4.51929511 0.01084279 0.18299982
v 4.51930478 0.01162589 0.18299982
v 4.51911143 0.01238481 0.18299982
v 4.51872824 0.01306782 0.18299982
v 4.51818134 0.01362839 0.18299982
v 4.51750799 0.01402830 0.18299982
v 4.51675408 0.01424031 0.18299982
v 4.51597098 0.01424998 0.18299982
v 4.51521207 0.01405663 0.18299982
v 4.51452905 0.01367345 0.18299982
v 4.51396849 0.01312655 0.18299982
v 4.51356857 0.01245319 0.18299982
v 4.51335656 0.01169928 0.18299982
v 4.51334690 0.01091618 0.18299982
v 4.51354025 0.01015727 0.18299982
v 4.51392342 0.00947425 0.18299982
v 4.51447033 0.00891369 0.18299982
v 4.51514368 0.00851377 0.18299982
v 4.51551420 0.01000959 0.18299982
v 4.51586835 0.00984250 0.18299982
v 4.51521537 0.01026264 0.18299982
v 4.51485994 0.01095297 0.18299982
v 4.51499222 0.01058440 0.18299982
v 4.51625367 0.00977277 0.18299982
v 4.51664390 0.00980515 0.18299982
v 4.51701247 0.00993742 0.18299982
v 4.51482757 0.01134320 0.18299982
v 4.51733424 0.01016057 0.18299982
v 4.51758728 0.01045941 0.18299982
v 4.51775437 0.01081355 0.18299982
v 4.51782410 0.01119887 0.18299982
v 4.51600777 0.01273693 0.18299982
v 4.51563920 0.01260465 0.18299982
v 4.51531743 0.01238150 0.18299982
v 4.51506438 0.01208267 0.18299982
v 4.51779172 0.01158911 0.18299982
v 4.51765945 0.01195767 0.18299982
v 4.51743629 0.01227944 0.18299982
v 4.51713747 0.01253249 0.18299982
v 4.51678332 0.01269957 0.18299982
v 4.51639800 0.01276930 0.18299982
v 4.51489730 0.01172853 0.18299982
v 4.55146036 0.09265236 0.18489982
v 4.55082792 0.09249123 0.18489982
v 4.55025875 0.09217193 0.18489982
v 4.54979161 0.09171616 0.18489982
v 4.54945835 0.09115506 0.18489982
v 4.54928167 0.09052678 0.18489982
v 4.54927362 0.08987420 0.18489982
v 4.54943474 0.08924177 0.18489982
v 4.54975406 0.08867259 0.18489982
v 4.55020981 0.08820545 0.18489982
v 4.55077094 0.08787220 0.18489982
v 4.55139920 0.08769552 0.18489982
v 4.55205178 0.08768746 0.18489982
v 4.55268421 0.08784858 0.18489982
v 4.55325338 0.08816790 0.18489982
v 4.55372052 0.08862365 0.18489982
v 4.55405378 0.08918478 0.18489982
v 4.55423047 0.08981305 0.18489982
v 4.55423851 0.09046563 0.18489982
v 4.55407740 0.09109805 0.18489982
v 4.55375807 0.09166723 0.18489982
v 4.55330232 0.09213437 0.18489982
v 4.55274119 0.09246763 0.18489982
v 4.55211294 0.09264431 0.18489982
v 4.55175606 0.09016992 0.18489982
v 4.51472769 0.01134802 0.18309982
v 4.51480207 0.01175903 0.18309982
v 4.51498029 0.01213678 0.18309982
v 4.51525021 0.01245553 0.18309982
v 4.51559343 0.01269356 0.18309982
v 4.51598656 0.01283465 0.18309982
v 4.51640281 0.01286918 0.18309982
v 4.51681382 0.01279480 0.18309982
v 4.51719158 0.01261658 0.18309982
v 4.51751033 0.01234667 0.18309982
v 4.51774836 0.01200345 0.18309982
v 4.51788945 0.01161031 0.18309982
v 4.51792398 0.01119406 0.18309982
v 4.51784960 0.01078305 0.18309982
v 4.51767139 0.01040530 0.18309982
v 4.51740147 0.01008654 0.18309982
v 4.51705824 0.00984851 0.18309982
v 4.51666511 0.00970742 0.18309982
v 4.51624886 0.00967289 0.18309982
v 4.51583785 0.00974727 0.18309982
v 4.51546010 0.00992549 0.18309982
v 4.51514134 0.01019541 0.18309982
v 4.51490331 0.01053863 0.18309982
v 4.51476222 0.01093176 0.18309982
v 4.51489406 0.01172957 0.18302570
v 4.51506152 0.01208451 0.18302570
v 4.51531514 0.01238402 0.18302570
v 4.51563764 0.01260768 0.18302570
v 4.51600704 0.01274026 0.18302570
v 4.51639816 0.01277270 0.18302570
v 4.51678436 0.01270282 0.18302570
v 4.51713931 0.01253535 0.18302570
v 4.51743882 0.01228173 0.18302570
v 4.51766248 0.01195923 0.18302570
v 4.51779505 0.01158983 0.18302570
v 4.51782750 0.01119870 0.18302570
v 4.51775761 0.01081251 0.18302570
v 4.51759015 0.01045756 0.18302570
v 4.51733653 0.01015805 0.18302570
v 4.51701403 0.00993439 0.18302570
v 4.51664463 0.00980182 0.18302570
v 4.51625350 0.00976937 0.18302570
v 4.51586731 0.00983926 0.18302570
v 4.51551236 0.01000672 0.18302570
v 4.51521285 0.01026034 0.18302570
v 4.51498919 0.01058285 0.18302570
v 4.51485661 0.01095225 0.18302570
v 4.51482417 0.01134337 0.18302570
v 4.51488454 0.01173261 0.18304982
v 4.51505312 0.01208992 0.18304982
v 4.51530843 0.01239142 0.18304982
v 4.51563307 0.01261657 0.18304982
v 4.51600492 0.01275002 0.18304982
v 4.51639865 0.01278268 0.18304982
v 4.51678741 0.01271233 0.18304982
v 4.51714472 0.01254375 0.18304982
v 4.51744621 0.01228844 0.18304982
v 4.51767136 0.01196380 0.18304982
v 4.51780482 0.01159195 0.18304982
v 4.51783748 0.01119822 0.18304982
v 4.51776713 0.01080946 0.18304982
v 4.51759856 0.01045216 0.18304982
v 4.51734324 0.01015066 0.18304982
v 4.51701860 0.00992551 0.18304982
v 4.51664675 0.00979206 0.18304982
v 4.51625302 0.00975939 0.18304982
v 4.51586426 0.00982975 0.18304982
v 4.51550696 0.00999832 0.18304982
v 4.51520545 0.01025363 0.18304982
v 4.51498030 0.01057827 0.18304982
v 4.51484685 0.01095013 0.18304982
v 4.51481419 0.01134385 0.18304982
v 4.51486941 0.01173746 0.18307053
v 4.51503975 0.01209851 0.18307053
v 4.51529774 0.01240318 0.18307053
v 4.51562580 0.01263069 0.18307053
v 4.51600155 0.01276555 0.18307053
v 4.51639941 0.01279856 0.18307053
v 4.51679226 0.01272746 0.18307053
v 4.51715331 0.01255712 0.18307053
v 4.51745798 0.01229913 0.18307053
v 4.51768549 0.01197108 0.18307053
v 4.51782035 0.01159532 0.18307053
v 4.51785336 0.01119746 0.18307053
v 4.51778226 0.01080462 0.18307053
v 4.51761191 0.01044356 0.18307053
v 4.51735393 0.01013889 0.18307053
v 4.51702587 0.00991138 0.18307053
v 4.51665011 0.00977653 0.18307053
v 4.51625226 0.00974352 0.18307053
v 4.51585941 0.00981461 0.18307053
v 4.51549835 0.00998496 0.18307053
v 4.51519369 0.01024295 0.18307053
v 4.51496617 0.01057100 0.18307053
v 4.51483132 0.01094676 0.18307053
v 4.51479832 0.01134461 0.18307053
v 4.51484968 0.01174377 0.18308642
v 4.51502234 0.01210972 0.18308642
v 4.51528382 0.01241851 0.18308642
v 4.51561632 0.01264911 0.18308642
v 4.51599716 0.01278579 0.18308642
v 4.51640041 0.01281924 0.18308642
v 4.51679857 0.01274719 0.18308642
v 4.51716452 0.01257454 0.18308642
v 4.51747331 0.01231305 0.18308642
v 4.51770390 0.01198056 0.18308642
v 4.51784059 0.01159971 0.18308642
v 4.51787404 0.01119647 0.18308642
v 4.51780198 0.01079830 0.18308642
v 4.51762933 0.01043235 0.18308642
v 4.51736785 0.01012356 0.18308642
v 4.51703536 0.00989296 0.18308642
v 4.51665451 0.00975629 0.18308642
v 4.51625126 0.00972283 0.18308642
v 4.51585310 0.00979489 0.18308642
v 4.51548715 0.00996754 0.18308642
v 4.51517836 0.01022902 0.18308642
v 4.51494776 0.01056152 0.18308642
v 4.51481108 0.01094236 0.18308642
v 4.51477763 0.01134561 0.18308642
v 4.51482671 0.01175113 0.18309641
v 4.51500205 0.01212277 0.18309641
v 4.51526761 0.01243637 0.18309641
v 4.51560527 0.01267055 0.18309641
v 4.51599205 0.01280936 0.18309641
v 4.51640157 0.01284333 0.18309641
v 4.51680593 0.01277016 0.18309641
v 4.51717757 0.01259482 0.18309641
v 4.51749117 0.01232927 0.18309641
v 4.51772535 0.01199160 0.18309641
v 4.51786416 0.01160482 0.18309641
v 4.51789813 0.01119530 0.18309641
v 4.51782495 0.01079095 0.18309641
v 4.51764961 0.01041930 0.18309641
v 4.51738407 0.01010570 0.18309641
v 4.51704639 0.00987152 0.18309641
v 4.51665962 0.00973272 0.18309641
v 4.51625010 0.00969874 0.18309641
v 4.51584574 0.00977192 0.18309641
v 4.51547410 0.00994726 0.18309641
v 4.51516050 0.01021281 0.18309641
v 4.51492632 0.01055048 0.18309641
v 4.51478751 0.01093725 0.18309641
v 4.51475354 0.01134677 0.18309641
v 4.51877080 0.01252986 0.18309982
v 4.51901330 0.01185417 0.18309982
v 4.51645814 0.01401785 0.18309982
v 4.51716456 0.01389001 0.18309982
v 4.51836168 0.01311977 0.18309982
v 4.51907265 0.01113873 0.18309982
v 4.51506701 0.01371600 0.18309982
v 4.51574271 0.01395850 0.18309982
v 4.51781383 0.01358369 0.18309982
v 4.51863849 0.00978305 0.18309982
v 4.51817458 0.00923519 0.18309982
v 4.51370686 0.01210977 0.18309982
v 4.51401318 0.01275903 0.18309982
v 4.51447710 0.01330688 0.18309982
v 4.51894481 0.01043231 0.18309982
v 4.51758466 0.00882607 0.18309982
v 4.51690896 0.00858357 0.18309982
v 4.51388087 0.01001221 0.18309982
v 4.51363837 0.01068791 0.18309982
v 4.51357902 0.01140335 0.18309982
v 4.51619353 0.00852422 0.18309982
v 4.51548711 0.00865206 0.18309982
v 4.51483785 0.00895838 0.18309982
v 4.51428999 0.00942230 0.18309982
v 4.51907265 0.01113873 0.18479982
v 4.51901330 0.01185417 0.18479982
v 4.51877080 0.01252986 0.18479982
v 4.51836168 0.01311977 0.18479982
v 4.51781383 0.01358369 0.18479982
v 4.51716456 0.01389001 0.18479982
v 4.51645814 0.01401785 0.18479982
v 4.51574271 0.01395850 0.18479982
v 4.51506701 0.01371600 0.18479982
v 4.51447710 0.01330688 0.18479982
v 4.51401318 0.01275903 0.18479982
v 4.51370686 0.01210977 0.18479982
v 4.51357902 0.01140335 0.18479982
v 4.51363837 0.01068791 0.18479982
v 4.51388087 0.01001221 0.18479982
v 4.51428999 0.00942230 0.18479982
v 4.51483785 0.00895838 0.18479982
v 4.51548711 0.00865206 0.18479982
v 4.51619353 0.00852422 0.18479982
v 4.51690896 0.00858357 0.18479982
v 4.51758466 0.00882607 0.18479982
v 4.51817458 0.00923519 0.18479982
v 4.51863849 0.00978305 0.18479982
v 4.51894481 0.01043231 0.18479982
v 4.51877300 0.01115316 0.18509982
v 4.51872012 0.01179055 0.18509982
v 4.51850407 0.01239254 0.18509982
v 4.51813959 0.01291809 0.18509982
v 4.51765150 0.01333141 0.18509982
v 4.51707306 0.01360431 0.18509982
v 4.51644371 0.01371820 0.18509982
v 4.51580632 0.01366532 0.18509982
v 4.51520434 0.01344928 0.18509982
v 4.51467878 0.01308479 0.18509982
v 4.51426547 0.01259670 0.18509982
v 4.51399257 0.01201827 0.18509982
v 4.51387867 0.01138891 0.18509982
v 4.51393155 0.01075152 0.18509982
v 4.51414759 0.01014954 0.18509982
v 4.51451208 0.00962398 0.18509982
v 4.51500017 0.00921067 0.18509982
v 4.51557860 0.00893777 0.18509982
v 4.51620796 0.00882388 0.18509982
v 4.51684535 0.00887675 0.18509982
v 4.51744734 0.00909279 0.18509982
v 4.51797290 0.00945728 0.18509982
v 4.51838620 0.00994538 0.18509982
v 4.51865911 0.01052381 0.18509982
v 4.51879601 0.01180702 0.18508959
v 4.51857311 0.01242808 0.18508959
v 4.51819708 0.01297029 0.18508959
v 4.51769351 0.01339670 0.18508959
v 4.51709674 0.01367825 0.18508959
v 4.51644744 0.01379576 0.18508959
v 4.51578985 0.01374120 0.18508959
v 4.51516879 0.01351831 0.18508959
v 4.51462658 0.01314227 0.18508959
v 4.51420017 0.01263872 0.18508959
v 4.51391862 0.01204195 0.18508959
v 4.51380112 0.01139265 0.18508959
v 4.51385567 0.01073506 0.18508959
v 4.51407856 0.01011400 0.18508959
v 4.51445460 0.00957178 0.18508959
v 4.51495816 0.00914537 0.18508959
v 4.51555492 0.00886382 0.18508959
v 4.51620423 0.00874632 0.18508959
v 4.51686181 0.00880087 0.18508959
v 4.51748288 0.00902376 0.18508959
v 4.51802509 0.00939980 0.18508959
v 4.51845150 0.00990336 0.18508959
v 4.51873306 0.01050013 0.18508959
v 4.51885055 0.01114943 0.18508959
v 4.51886671 0.01182236 0.18505962
v 4.51863744 0.01246120 0.18505962
v 4.51825064 0.01301893 0.18505962
v 4.51773267 0.01345755 0.18505962
v 4.51711881 0.01374716 0.18505962
v 4.51645093 0.01386803 0.18505962
v 4.51577451 0.01381191 0.18505962
v 4.51513567 0.01358264 0.18505962
v 4.51457794 0.01319584 0.18505962
v 4.51413932 0.01267786 0.18505962
v 4.51384971 0.01206401 0.18505962
v 4.51372885 0.01139613 0.18505962
v 4.51378496 0.01071972 0.18505962
v 4.51401423 0.01008088 0.18505962
v 4.51440103 0.00952314 0.18505962
v 4.51491901 0.00908452 0.18505962
v 4.51553285 0.00879492 0.18505962
v 4.51620074 0.00867405 0.18505962
v 4.51687716 0.00873016 0.18505962
v 4.51751600 0.00895943 0.18505962
v 4.51807373 0.00934624 0.18505962
v 4.51851234 0.00986421 0.18505962
v 4.51880196 0.01047806 0.18505962
v 4.51892282 0.01114595 0.18505962
v 4.51892742 0.01183554 0.18501195
v 4.51869268 0.01248964 0.18501195
v 4.51829664 0.01306070 0.18501195
v 4.51776628 0.01350980 0.18501195
v 4.51713776 0.01380633 0.18501195
v 4.51645391 0.01393009 0.18501195
v 4.51576134 0.01387263 0.18501195
v 4.51510723 0.01363788 0.18501195
v 4.51453617 0.01324184 0.18501195
v 4.51408707 0.01271148 0.18501195
v 4.51379054 0.01208297 0.18501195
v 4.51366679 0.01139912 0.18501195
v 4.51372424 0.01070654 0.18501195
v 4.51395899 0.01005243 0.18501195
v 4.51435504 0.00948137 0.18501195
v 4.51488539 0.00903227 0.18501195
v 4.51551390 0.00873574 0.18501195
v 4.51619776 0.00861199 0.18501195
v 4.51689033 0.00866944 0.18501195
v 4.51754444 0.00890419 0.18501195
v 4.51811550 0.00930024 0.18501195
v 4.51856460 0.00983059 0.18501195
v 4.51886113 0.01045911 0.18501195
v 4.51898489 0.01114296 0.18501195
v 4.51897402 0.01184564 0.18494982
v 4.51873506 0.01251146 0.18494982
v 4.51833193 0.01309275 0.18494982
v 4.51779207 0.01354990 0.18494982
v 4.51715230 0.01385174 0.18494982
v 4.51645621 0.01397771 0.18494982
v 4.51575123 0.01391922 0.18494982
v 4.51508541 0.01368027 0.18494982
v 4.51450412 0.01327713 0.18494982
v 4.51404698 0.01273728 0.18494982
v 4.51374514 0.01209751 0.18494982
v 4.51361917 0.01140141 0.18494982
v 4.51367765 0.01069643 0.18494982
v 4.51391660 0.01003061 0.18494982
v 4.51431974 0.00944932 0.18494982
v 4.51485959 0.00899218 0.18494982
v 4.51549936 0.00869034 0.18494982
v 4.51619546 0.00856437 0.18494982
v 4.51690044 0.00862285 0.18494982
v 4.51756627 0.00886181 0.18494982
v 4.51814755 0.00926494 0.18494982
v 4.51860469 0.00980479 0.18494982
v 4.51890654 0.01044457 0.18494982
v 4.51903251 0.01114066 0.18494982
v 4.51900331 0.01185200 0.18487746
v 4.51876171 0.01252518 0.18487746
v 4.51835412 0.01311290 0.18487746
v 4.51780829 0.01357510 0.18487746
v 4.51716145 0.01388028 0.18487746
v 4.51645765 0.01400764 0.18487746
v 4.51574487 0.01394851 0.18487746
v 4.51507169 0.01370692 0.18487746
v 4.51448397 0.01329932 0.18487746
v 4.51402177 0.01275350 0.18487746
v 4.51371659 0.01210665 0.18487746
v 4.51358923 0.01140285 0.18487746
v 4.51364836 0.01069008 0.18487746
v 4.51388996 0.01001689 0.18487746
v 4.51429756 0.00942917 0.18487746
v 4.51484338 0.00896698 0.18487746
v 4.51549023 0.00866180 0.18487746
v 4.51619402 0.00853443 0.18487746
v 4.51690680 0.00859356 0.18487746
v 4.51757998 0.00883516 0.18487746
v 4.51816770 0.00924276 0.18487746
v 4.51862990 0.00978858 0.18487746
v 4.51893508 0.01043543 0.18487746
v 4.51906244 0.01113922 0.18487746
v 4.55173613 0.08166994 0.16409982
v 4.55176190 0.08171798 0.16368571
v 4.55173613 0.08166994 0.17909982
v 4.55176190 0.08171798 0.17951393
v 4.55183745 0.08185884 0.17989982
v 4.55195763 0.08208291 0.16296844
v 4.55211426 0.08237493 0.16271417
v 4.55183745 0.08185884 0.16329982
v 4.55211426 0.08237493 0.18048546
v 4.55229664 0.08271501 0.16255433
v 4.55249238 0.08307994 0.16249982
v 4.55195763 0.08208291 0.18023119
v 4.55229664 0.08271501 0.18064530
v 4.55249238 0.08307994 0.18069982
v 4.55469550 0.08189830 0.18069982
v 4.55449977 0.08153337 0.18064530
v 4.55431737 0.08119329 0.18048546
v 4.55416075 0.08090127 0.18023119
v 4.55404056 0.08067720 0.17989982
v 4.55396502 0.08053634 0.17951393
v 4.55393925 0.08048830 0.17909982
v 4.55393925 0.08048830 0.16409982
v 4.55396502 0.08053634 0.16368571
v 4.55404056 0.08067720 0.16329982
v 4.55416075 0.08090127 0.16296844
v 4.55431737 0.08119329 0.16271417
v 4.55449977 0.08153337 0.16255433
v 4.55469550 0.08189830 0.16249982
v 4.55773730 0.08968530 0.18069982
v 4.55770527 0.08856771 0.18069982
v 4.55817792 0.08944897 0.18069982
v 4.55814589 0.08833139 0.18069982
v 4.55847459 0.09105993 0.17945585
v 4.55849355 0.09109529 0.17909982
v 4.55893418 0.09085896 0.17909982
v 4.55841866 0.09095565 0.17979403
v 4.55891521 0.09082361 0.17945585
v 4.55832856 0.09078767 0.18009740
v 4.55885928 0.09071932 0.17979403
v 4.55820882 0.09056441 0.18035075
v 4.55876918 0.09055134 0.18009740
v 4.55806542 0.09029707 0.18054137
v 4.55864944 0.09032809 0.18035075
v 4.55790558 0.08999906 0.18065970
v 4.55850605 0.09006073 0.18054137
v 4.55834621 0.08976274 0.18065970
v 4.55849355 0.09109529 0.16409982
v 4.55806542 0.09029707 0.16265827
v 4.55820882 0.09056441 0.16284889
v 4.55773730 0.08968530 0.16249982
v 4.55790558 0.08999906 0.16253993
v 4.55832856 0.09078767 0.16310223
v 4.55841866 0.09095565 0.16340560
v 4.55847459 0.09105993 0.16374378
v 4.55817792 0.08944897 0.16249982
v 4.55834621 0.08976274 0.16253993
v 4.55850605 0.09006073 0.16265827
v 4.55864944 0.09032809 0.16284889
v 4.55876918 0.09055134 0.16310223
v 4.55885928 0.09071932 0.16340560
v 4.55891521 0.09082361 0.16374378
v 4.55893418 0.09085896 0.16409982
v 4.55770527 0.08856771 0.16249982
v 4.55814589 0.08833139 0.16249982
v 4.55882725 0.08960175 0.17979403
v 4.55888318 0.08970604 0.17945585
v 4.55861741 0.08921050 0.18035075
v 4.55831417 0.08864514 0.18065970
v 4.55873715 0.08943377 0.16310223
v 4.55861741 0.08921050 0.16284889
v 4.55890214 0.08974139 0.16409982
v 4.55888318 0.08970604 0.16374378
v 4.55873715 0.08943377 0.18009740
v 4.55847401 0.08894316 0.18054137
v 4.55890214 0.08974139 0.17909982
v 4.55847401 0.08894316 0.16265827
v 4.55882725 0.08960175 0.16340560
v 4.55831417 0.08864514 0.16253993
v 4.55829653 0.08967010 0.16310223
v 4.55838663 0.08983808 0.16340560
v 4.55817678 0.08944684 0.16284889
v 4.55803339 0.08917949 0.16265827
v 4.55817678 0.08944684 0.18035075
v 4.55803339 0.08917949 0.18054137
v 4.55829653 0.08967010 0.18009740
v 4.55838663 0.08983808 0.17979403
v 4.55846152 0.08997772 0.17909982
v 4.55844256 0.08994236 0.17945585
v 4.55846152 0.08997772 0.16409982
v 4.55844256 0.08994236 0.16374378
v 4.55787355 0.08888147 0.16253993
v 4.55787355 0.08888147 0.18065970
v 4.51151498 0.01994662 0.17709982
v 4.51156581 0.02029901 0.17705970
v 4.51151498 0.01994662 0.16609982
v 4.51161408 0.02063372 0.17694137
v 4.51173765 0.02149053 0.17585585
v 4.51172076 0.02137341 0.17619403
v 4.51174338 0.02153023 0.16769982
v 4.51174338 0.02153023 0.17549982
v 4.51165739 0.02093399 0.17675075
v 4.51169355 0.02118474 0.17649740
v 4.51161408 0.02063372 0.16625827
v 4.51165739 0.02093399 0.16644889
v 4.51156581 0.02029901 0.16613993
v 4.51173765 0.02149053 0.16734378
v 4.51169355 0.02118474 0.16670223
v 4.51172076 0.02137341 0.16700560
v 4.51273314 0.02138749 0.17549982
v 4.51272741 0.02134778 0.17585585
v 4.51271052 0.02123066 0.17619403
v 4.51268331 0.02104199 0.17649740
v 4.51264714 0.02079124 0.17675075
v 4.51260384 0.02049098 0.17694137
v 4.51255557 0.02015626 0.17705970
v 4.51250474 0.01980387 0.17709982
v 4.51267194 0.02096316 0.17549982
v 4.51259935 0.02045983 0.17616256
v 4.51250474 0.01980387 0.17667110
v 4.51271757 0.02127957 0.17472804
v 4.51239457 0.01904000 0.17699078
v 4.51273314 0.02138749 0.17389982
v 4.51227635 0.01822026 0.17709982
v 4.52411537 0.01974589 0.17389982
v 4.52409981 0.01963797 0.17472804
v 4.52405417 0.01932156 0.17549982
v 4.52398158 0.01881823 0.17616256
v 4.52388697 0.01816228 0.17667110
v 4.52377681 0.01739840 0.17699078
v 4.52365858 0.01657866 0.17709982
v 4.51250474 0.01980387 0.16609982
v 4.51255557 0.02015626 0.16613993
v 4.51260384 0.02049098 0.16625827
v 4.51264714 0.02079124 0.16644889
v 4.51268331 0.02104199 0.16670223
v 4.51271052 0.02123066 0.16700560
v 4.51272741 0.02134778 0.16734378
v 4.51273314 0.02138749 0.16769982
v 4.51273314 0.02138749 0.16929982
v 4.52411537 0.01974589 0.16929982
v 4.51239457 0.01904000 0.16620885
v 4.51227635 0.01822026 0.16609982
v 4.52365858 0.01657866 0.16609982
v 4.51250474 0.01980387 0.16652853
v 4.52377681 0.01739840 0.16620885
v 4.51259935 0.02045983 0.16703707
v 4.52388697 0.01816228 0.16652853
v 4.51267194 0.02096316 0.16769982
v 4.52398158 0.01881823 0.16703707
v 4.51271757 0.02127957 0.16847159
v 4.52405417 0.01932156 0.16769982
v 4.52409981 0.01963797 0.16847159
v 4.52236163 0.00758607 0.17629982
v 4.52239792 0.00783773 0.17663119
v 4.52244523 0.00816571 0.17688546
v 4.52250031 0.00854765 0.17704530
v 4.52255943 0.00895752 0.17709982
v 4.52233881 0.00742786 0.17591393
v 4.52233103 0.00737390 0.17549982
v 4.52255943 0.00895752 0.16609982
v 4.52244523 0.00816571 0.16631417
v 4.52239792 0.00783773 0.16656844
v 4.52233103 0.00737390 0.16769982
v 4.52236163 0.00758607 0.16689982
v 4.52233881 0.00742786 0.16728571
v 4.52250031 0.00854765 0.16615433
v 4.52200543 0.00861902 0.17704530
v 4.52206455 0.00902889 0.17709982
v 4.52195035 0.00823708 0.17688546
v 4.52190304 0.00790911 0.17663119
v 4.52186675 0.00765744 0.17629982
v 4.52184393 0.00749924 0.17591393
v 4.52183615 0.00744528 0.17549982
v 4.52183615 0.00744528 0.16769982
v 4.52184393 0.00749924 0.16728571
v 4.52186675 0.00765744 0.16689982
v 4.52190304 0.00790911 0.16656844
v 4.52195035 0.00823708 0.16631417
v 4.52200543 0.00861902 0.16615433
v 4.52206455 0.00902889 0.16609982
v 4.51082872 0.01144911 0.16609982
v 4.51106211 0.01286580 0.16609982
v 4.51473107 0.00600732 0.16609982
v 4.51614776 0.00577392 0.16609982
v 4.51165423 0.01417381 0.16609982
v 4.51256470 0.01528400 0.16609982
v 4.51342306 0.00659943 0.16609982
v 4.52008697 0.00725807 0.16609982
v 4.51892017 0.00642136 0.16609982
v 4.52099744 0.00836826 0.16609982
v 4.51373149 0.01612072 0.16609982
v 4.51096994 0.01002028 0.16609982
v 4.51231287 0.00750991 0.16609982
v 4.51147615 0.00867669 0.16609982
v 4.51757659 0.00591514 0.16609982
v 4.52142691 0.00811051 0.16609982
v 4.51507508 0.01662693 0.16609982
v 4.51922861 0.01594264 0.16609982
v 4.52033880 0.01503217 0.16609982
v 4.51650391 0.01676815 0.16609982
v 4.52158956 0.00967627 0.16609982
v 4.52182295 0.01109297 0.16609982
v 4.52168173 0.01252179 0.16609982
v 4.52117551 0.01386538 0.16609982
v 4.51792060 0.01653475 0.16609982
v 4.52192180 0.00803913 0.16609982
v 4.52120631 0.00658085 0.16728571
v 4.52119852 0.00652689 0.16769982
v 4.52169340 0.00645552 0.16769982
v 4.52122912 0.00673905 0.16689982
v 4.52170118 0.00650948 0.16728571
v 4.52126542 0.00699072 0.16656844
v 4.52172400 0.00666768 0.16689982
v 4.52131272 0.00731870 0.16631417
v 4.52176029 0.00691935 0.16656844
v 4.52136780 0.00770063 0.16615433
v 4.52180759 0.00724732 0.16631417
v 4.52186268 0.00762926 0.16615433
v 4.52170118 0.00650948 0.17591393
v 4.52169340 0.00645552 0.17549982
v 4.52172400 0.00666768 0.17629982
v 4.52180759 0.00724732 0.17688546
v 4.52176029 0.00691935 0.17663119
v 4.52186268 0.00762926 0.17704530
v 4.52192180 0.00803913 0.17709982
v 4.52119852 0.00652689 0.17549982
v 4.52120631 0.00658085 0.17591393
v 4.52122912 0.00673905 0.17629982
v 4.52126542 0.00699072 0.17663119
v 4.52142691 0.00811051 0.17709982
v 4.52136780 0.00770063 0.17704530
v 4.52131272 0.00731870 0.17688546
v 4.52033880 0.01503217 0.17709982
v 4.52011806 0.01525463 0.17709982
v 4.51106211 0.01286580 0.17709982
v 4.52117551 0.01386538 0.17709982
v 4.51165423 0.01417381 0.17709982
v 4.51792060 0.01653475 0.17709982
v 4.51650391 0.01676815 0.17709982
v 4.51922861 0.01594264 0.17709982
v 4.51892017 0.00642136 0.17709982
v 4.52008697 0.00725807 0.17709982
v 4.51256470 0.01528400 0.17709982
v 4.51507508 0.01662693 0.17709982
v 4.51373149 0.01612072 0.17709982
v 4.51757659 0.00591514 0.17709982
v 4.51473107 0.00600732 0.17709982
v 4.51342306 0.00659943 0.17709982
v 4.51096994 0.01002028 0.17709982
v 4.51147615 0.00867669 0.17709982
v 4.51082872 0.01144911 0.17709982
v 4.52168173 0.01252179 0.17709982
v 4.51231287 0.00750991 0.17709982
v 4.51614776 0.00577392 0.17709982
v 4.52158956 0.00967627 0.17709982
v 4.52182295 0.01109297 0.17709982
v 4.52099744 0.00836826 0.17709982
v 4.51373149 0.01612072 0.16709982
v 4.51256470 0.01528400 0.16709982
v 4.51165423 0.01417381 0.16709982
v 4.51106211 0.01286580 0.16709982
v 4.51082583 0.01127104 0.16709982
v 4.51096994 0.01002028 0.16709982
v 4.51147615 0.00867669 0.16709982
v 4.51231287 0.00750991 0.16709982
v 4.51342306 0.00659943 0.16709982
v 4.51473107 0.00600732 0.16709982
v 4.51614776 0.00577392 0.16709982
v 4.51757659 0.00591514 0.16709982
v 4.51892017 0.00642136 0.16709982
v 4.52008697 0.00725807 0.16709982
v 4.52099744 0.00836826 0.16709982
v 4.52158956 0.00967627 0.16709982
v 4.52182295 0.01109297 0.16709982
v 4.52168173 0.01252179 0.16709982
v 4.52117551 0.01386538 0.16709982
v 4.52033880 0.01503217 0.16709982
v 4.51922861 0.01594264 0.16709982
v 4.51792060 0.01653475 0.16709982
v 4.51650391 0.01676815 0.16709982
v 4.51507508 0.01662693 0.16709982
v 4.51082872 0.01144911 0.16709982
v 4.51632583 0.01127104 0.16709982
v 4.51373149 0.01612072 0.17629982
v 4.51256470 0.01528400 0.17629982
v 4.51165423 0.01417381 0.17629982
v 4.51106211 0.01286580 0.17629982
v 4.51082872 0.01144911 0.17629982
v 4.51096994 0.01002028 0.17629982
v 4.51147615 0.00867669 0.17629982
v 4.51231287 0.00750991 0.17629982
v 4.51342306 0.00659943 0.17629982
v 4.51473107 0.00600732 0.17629982
v 4.51614776 0.00577392 0.17629982
v 4.51632583 0.00577104 0.17629982
v 4.51757659 0.00591514 0.17629982
v 4.51892017 0.00642136 0.17629982
v 4.52008697 0.00725807 0.17629982
v 4.52099744 0.00836826 0.17629982
v 4.52158956 0.00967627 0.17629982
v 4.52182295 0.01109297 0.17629982
v 4.52168173 0.01252179 0.17629982
v 4.52117551 0.01386538 0.17629982
v 4.52033880 0.01503217 0.17629982
v 4.51922861 0.01594264 0.17629982
v 4.51792060 0.01653475 0.17629982
v 4.51650391 0.01676815 0.17629982
v 4.51507508 0.01662693 0.17629982
v 4.51632583 0.01127104 0.17629982
v 4.51627028 0.01011767 0.18509982
v 4.51529922 0.01074247 0.18509982
v 4.51735246 0.01179961 0.18509982
v 4.51729690 0.01064624 0.18509982
v 4.51638139 0.01242440 0.18509982
v 4.51535477 0.01189583 0.18509982
v 4.51686692 0.01211200 0.18359982
v 4.51638139 0.01242440 0.18359982
v 4.51735246 0.01179961 0.18359982
v 4.51732468 0.01122293 0.18359982
v 4.51729690 0.01064624 0.18359982
v 4.51678359 0.01038196 0.18359982
v 4.51627028 0.01011767 0.18359982
v 4.51578475 0.01043007 0.18359982
v 4.51529922 0.01074247 0.18359982
v 4.51532699 0.01131915 0.18359982
v 4.51535477 0.01189583 0.18359982
v 4.51586808 0.01216012 0.18359982
v 4.51716680 0.01072995 0.18359982
v 4.51699811 0.01053073 0.18359982
v 4.51727819 0.01096605 0.18359982
v 4.51653788 0.01029378 0.18359982
v 4.51627772 0.01027219 0.18359982
v 4.51602084 0.01031868 0.18359982
v 4.51558553 0.01059877 0.18359982
v 4.51543676 0.01081328 0.18359982
v 4.51534858 0.01105899 0.18359982
v 4.51537348 0.01157603 0.18359982
v 4.51548487 0.01181213 0.18359982
v 4.51565357 0.01201135 0.18359982
v 4.51611379 0.01224830 0.18359982
v 4.51637395 0.01226988 0.18359982
v 4.51663083 0.01222339 0.18359982
v 4.51706614 0.01194330 0.18359982
v 4.51721492 0.01172879 0.18359982
v 4.51730310 0.01148309 0.18359982
v 4.51632583 0.01127104 0.18302247
v 4.51632583 0.01242574 0.15809982
v 4.51532583 0.01184839 0.15809982
v 4.51732583 0.01184839 0.15809982
v 4.51732583 0.01069369 0.15809982
v 4.51632583 0.01011634 0.15809982
v 4.51532583 0.01069369 0.15809982
v 4.51582583 0.01213706 0.15959982
v 4.51632583 0.01242574 0.15959982
v 4.51532583 0.01184839 0.15959982
v 4.51532583 0.01127104 0.15959982
v 4.51532583 0.01069369 0.15959982
v 4.51582583 0.01040501 0.15959982
v 4.51632583 0.01011634 0.15959982
v 4.51682583 0.01040501 0.15959982
v 4.51732583 0.01069369 0.15959982
v 4.51732583 0.01127104 0.15959982
v 4.51732583 0.01184839 0.15959982
v 4.51682583 0.01213706 0.15959982
v 4.51545981 0.01077104 0.15959982
v 4.51561873 0.01056393 0.15959982
v 4.51535991 0.01101222 0.15959982
v 4.51606702 0.01030511 0.15959982
v 4.51632583 0.01027104 0.15959982
v 4.51658465 0.01030511 0.15959982
v 4.51703295 0.01056393 0.15959982
v 4.51719186 0.01077104 0.15959982
v 4.51729176 0.01101222 0.15959982
v 4.51729176 0.01152986 0.15959982
v 4.51719186 0.01177104 0.15959982
v 4.51703295 0.01197814 0.15959982
v 4.51658465 0.01223697 0.15959982
v 4.51632583 0.01227104 0.15959982
v 4.51606702 0.01223697 0.15959982
v 4.51561873 0.01197814 0.15959982
v 4.51545981 0.01177104 0.15959982
v 4.51535991 0.01152986 0.15959982
v 4.51632583 0.01127104 0.16017717
vt 1.07958019 0.00100000
vt 1.04719758 0.00100000
vt 1.04719758 0.00000000
vt 1.04719758 0.00100000
vt 0.78539819 0.00100000
vt 1.04719758 0.00000000
vt 1.04719758 0.00000000
vt 0.78539819 0.00100000
vt 0.78539819 0.00000000
vt 0.78539819 0.00100000
vt 0.52359879 0.00100000
vt 0.78539819 0.00000000
vt 0.78539819 0.00000000
vt 0.52359879 0.00100000
vt 0.52359879 0.00000000
vt 0.52359879 0.00100000
vt 0.26179940 0.00100000
vt 0.52359879 0.00000000
vt 0.52359879 0.00000000
vt 0.26179940 0.00100000
vt 0.26179940 0.00000000
vt 0.26179940 0.00100000
vt 0.00000000 0.00100000
vt 0.26179940 0.00000000
vt 0.26179940 0.00000000
vt 0.00000000 0.00100000
vt 0.00000000 0.00000000
vt 0.00000000 0.00100000
vt -0.26179940 0.00100000
vt 0.00000000 0.00000000
vt 0.00000000 0.00000000
vt -0.26179940 0.00100000
vt -0.26179940 0.00000000
vt -0.26179940 0.00100000
vt -0.52359879 0.00100000
vt -0.26179940 0.00000000
vt -0.26179940 0.00000000
vt -0.52359879 0.00100000
vt -0.52359879 0.00000000
vt -0.52359879 0.00100000
vt -0.78539819 0.00100000
vt -0.52359879 0.00000000
vt -0.52359879 0.00000000
vt -0.78539819 0.00100000
vt -0.78539819 0.00000000
vt -0.78539819 0.00100000
vt -1.04719758 0.00100000
vt -0.78539819 0.00000000
vt -0.78539819 0.00000000
vt -1.04719758 0.00100000
vt -1.04719758 0.00000000
vt -1.04719758 0.00100000
vt -1.30899692 0.00100000
vt -1.04719758 0.00000000
vt -1.04719758 0.00000000
vt -1.30899692 0.00100000
vt -1.30899692 0.00000000
vt -1.30899692 0.00100000
vt -1.57079637 0.00100000
vt -1.30899692 0.00000000
vt -1.30899692 0.00000000
vt -1.57079637 0.00100000
vt -1.57079637 0.00000000
vt -1.57079637 0.00100000
vt -1.83259571 0.00100000
vt -1.57079637 0.00000000
vt -1.57079637 0.00000000
vt -1.83259571 0.00100000
vt -1.83259571 0.00000000
vt -1.83259571 0.00100000
vt -2.09439516 0.00100000
vt -1.83259571 0.00000000
vt -1.83259571 0.00000000
vt -2.09439516 0.00100000
vt -2.09439516 0.00000000
vt -2.09439516 0.00100000
vt -2.35619450 0.00100000
vt -2.09439516 0.00000000
vt -2.09439516 0.00000000
vt -2.35619450 0.00100000
vt -2.35619450 0.00000000
vt -2.35619450 0.00100000
vt -2.61799383 0.00100000
vt -2.35619450 0.00000000
vt -2.35619450 0.00000000
vt -2.61799383 0.00100000
vt -2.61799383 0.00000000
vt -2.61799383 0.00100000
vt -2.87979317 0.00100000
vt -2.61799383 0.00000000
vt -2.61799383 0.00000000
vt -2.87979317 0.00100000
vt -2.87979317 0.00000000
vt -2.87979317 0.00100000
vt -3.14159274 0.00100000
vt -2.87979317 0.00000000
vt -2.87979317 0.00000000
vt -3.14159274 0.00100000
vt -3.14159274 0.00000000
vt -3.14159274 0.00100000
vt -3.40339208 0.00100000
vt -3.14159274 0.00000000
vt -3.14159274 0.00000000
vt -3.40339208 0.00100000
vt -3.40339208 0.00000000
vt -3.40339208 0.00100000
vt -3.66519141 0.00100000
vt -3.40339208 0.00000000
vt -3.40339208 0.00000000
vt -3.66519141 0.00100000
vt -3.66519141 0.00000000
vt -3.66519141 0.00100000
vt -3.92699075 0.00100000
vt -3.66519141 0.00000000
vt -3.66519141 0.00000000
vt -3.92699075 0.00100000
vt -3.92699075 0.00000000
vt -3.92699075 0.00100000
vt -4.18879032 0.00100000
vt -3.92699075 0.00000000
vt -3.92699075 0.00000000
vt -4.18879032 0.00100000
vt -4.18879032 0.00000000
vt -4.18879032 0.00100000
vt -4.45058966 0.00100000
vt -4.18879032 0.00000000
vt -4.18879032 0.00000000
vt -4.45058966 0.00100000
vt -4.45058966 0.00000000
vt -4.45058966 0.00100000
vt -4.71238899 0.00100000
vt -4.45058966 0.00000000
vt -4.45058966 0.00000000
vt -4.71238899 0.00100000
vt -4.71238899 0.00000000
vt -4.71238899 0.00100000
vt -4.97418833 0.00100000
vt -4.71238899 0.00000000
vt -4.71238899 0.00000000
vt -4.97418833 0.00100000
vt -4.97418833 0.00000000
vt -4.97418833 0.00100000
vt -5.20360518 0.00100000
vt -4.97418833 0.00000000
vt -4.97418833 0.00000000
vt -5.20360518 0.00100000
vt -5.23598766 0.00000000
vt 2.87979317 0.01100000
vt 3.14159274 0.01020000
vt 3.14159274 0.01100000
vt 3.14159274 0.01020000
vt 3.40339208 0.01020000
vt 3.14159274 0.01100000
vt 3.14159274 0.01100000
vt 3.40339208 0.01020000
vt 3.40339208 0.01100000
vt 3.40339208 0.01020000
vt 3.66519141 0.01020000
vt 3.40339208 0.01100000
vt 3.40339208 0.01100000
vt 3.66519141 0.01020000
vt 3.66519141 0.01100000
vt 3.66519141 0.01020000
vt 3.92699075 0.01020000
vt 3.66519141 0.01100000
vt 3.66519141 0.01100000
vt 3.92699075 0.01020000
vt 3.92699075 0.01100000
vt 3.92699075 0.01020000
vt 4.18879032 0.01020000
vt 3.92699075 0.01100000
vt 3.92699075 0.01100000
vt 4.18879032 0.01020000
vt 4.18879032 0.01100000
vt 4.18879032 0.01020000
vt 4.45058966 0.01020000
vt 4.18879032 0.01100000
vt 4.18879032 0.01100000
vt 4.45058966 0.01020000
vt 4.45058966 0.01100000
vt 4.45058966 0.01020000
vt 4.71238899 0.01020000
vt 4.45058966 0.01100000
vt 4.45058966 0.01100000
vt 4.71238899 0.01020000
vt 4.71238899 0.01100000
vt 4.71238899 0.01020000
vt 4.97418833 0.01020000
vt 4.71238899 0.01100000
vt 4.71238899 0.01100000
vt 4.97418833 0.01020000
vt 4.97418833 0.01100000
vt 4.97418833 0.01100000
vt 4.97418833 0.01020000
vt 5.03117752 0.01100000
vt 4.97418833 0.01020000
vt 5.23598766 0.01020000
vt 5.03117752 0.01100000
vt 5.03117752 0.01100000
vt 5.23598766 0.01020000
vt 5.23598766 0.01100000
vt 5.23598766 0.01020000
vt 5.49778700 0.01020000
vt 5.23598766 0.01100000
vt 5.23598766 0.01100000
vt 5.49778700 0.01020000
vt 5.49778700 0.01100000
vt 5.49778700 0.01020000
vt 5.75958633 0.01020000
vt 5.49778700 0.01100000
vt 5.49778700 0.01100000
vt 5.75958633 0.01020000
vt 5.75958633 0.01100000
vt 5.75958633 0.01020000
vt 6.02138615 0.01020000
vt 5.75958633 0.01100000
vt 5.75958633 0.01100000
vt 6.02138615 0.01020000
vt 6.02138615 0.01100000
vt 6.02138615 0.01020000
vt 6.28318548 0.01020000
vt 6.02138615 0.01100000
vt 6.02138615 0.01100000
vt 6.28318548 0.01020000
vt 6.28318548 0.01100000
vt 6.28318548 0.01020000
vt 6.54498482 0.01020000
vt 6.28318548 0.01100000
vt 6.28318548 0.01100000
vt 6.54498482 0.01020000
vt 6.54498482 0.01100000
vt 6.54498482 0.01020000
vt 6.80678415 0.01020000
vt 6.54498482 0.01100000
vt 6.54498482 0.01100000
vt 6.80678415 0.01020000
vt 6.80678415 0.01100000
vt 6.80678415 0.01020000
vt 7.06858349 0.01020000
vt 6.80678415 0.01100000
vt 6.80678415 0.01100000
vt 7.06858349 0.01020000
vt 7.06858349 0.01100000
vt 7.06858349 0.01020000
vt 7.33038282 0.01020000
vt 7.06858349 0.01100000
vt 7.06858349 0.01100000
vt 7.33038282 0.01020000
vt 7.33038282 0.01100000
vt 7.33038282 0.01020000
vt 7.59218216 0.01020000
vt 7.33038282 0.01100000
vt 7.33038282 0.01100000
vt 7.59218216 0.01020000
vt 7.59218216 0.01100000
vt 7.59218216 0.01020000
vt 7.85398149 0.01020000
vt 7.59218216 0.01100000
vt 7.59218216 0.01100000
vt 7.85398149 0.01020000
vt 7.85398149 0.01100000
vt 7.85398149 0.01020000
vt 8.11578083 0.01020000
vt 7.85398149 0.01100000
vt 7.85398149 0.01100000
vt 8.11578083 0.01020000
vt 8.11578083 0.01100000
vt 8.11578083 0.01020000
vt 8.37758064 0.01020000
vt 8.11578083 0.01100000
vt 8.11578083 0.01100000
vt 8.37758064 0.01020000
vt 8.37758064 0.01100000
vt 8.37758064 0.01020000
vt 8.63937950 0.01020000
vt 8.37758064 0.01100000
vt 8.37758064 0.01100000
vt 8.63937950 0.01020000
vt 8.63937950 0.01100000
vt 8.63937950 0.01020000
vt 8.90117931 0.01020000
vt 8.63937950 0.01100000
vt 8.63937950 0.01100000
vt 8.90117931 0.01020000
vt 8.90117931 0.01100000
vt 8.90117931 0.01020000
vt 8.93356228 0.01020000
vt 8.90117931 0.01100000
vt 8.90117931 0.01100000
vt 8.93356228 0.01020000
vt 9.16297817 0.01100000
vt 8.93356228 0.01020000
vt 9.16297817 0.01020000
vt 9.16297817 0.01100000
vt 9.16297817 0.01100000
vt 9.16297817 0.01020000
vt 9.42477798 0.01020000
vt -0.00217824 -0.00112150
vt -0.00102662 -0.00052857
vt -0.00239429 -0.00051951
vt -0.00102662 -0.00052857
vt -0.00244716 0.00011787
vt -0.00239429 -0.00051951
vt -0.00005555 -0.00115336
vt -0.00011787 -0.00244716
vt 0.00051951 -0.00239429
vt 0.00206037 -0.00132566
vt 0.00097106 -0.00062479
vt 0.00164706 -0.00181376
vt 0.00097106 -0.00062479
vt -0.00005555 -0.00115336
vt 0.00164706 -0.00181376
vt 0.00164706 -0.00181376
vt -0.00005555 -0.00115336
vt 0.00112150 -0.00217824
vt -0.00005555 -0.00115336
vt 0.00051951 -0.00239429
vt 0.00112150 -0.00217824
vt -0.00244716 0.00011787
vt -0.00102662 -0.00052857
vt -0.00233327 0.00074723
vt -0.00102662 -0.00052857
vt -0.00097106 0.00062479
vt -0.00233327 0.00074723
vt -0.00233327 0.00074723
vt -0.00097106 0.00062479
vt -0.00206037 0.00132566
vt 0.00011787 0.00244716
vt -0.00051951 0.00239429
vt 0.00005555 0.00115336
vt -0.00051951 0.00239429
vt -0.00112150 0.00217824
vt 0.00005555 0.00115336
vt 0.00005555 0.00115336
vt -0.00112150 0.00217824
vt -0.00097106 0.00062479
vt -0.00112150 0.00217824
vt -0.00164706 0.00181376
vt -0.00097106 0.00062479
vt -0.00097106 0.00062479
vt -0.00164706 0.00181376
vt -0.00206037 0.00132566
vt 0.00217824 0.00112150
vt 0.00181376 0.00164706
vt 0.00102662 0.00052857
vt 0.00181376 0.00164706
vt 0.00132566 0.00206037
vt 0.00102662 0.00052857
vt 0.00102662 0.00052857
vt 0.00132566 0.00206037
vt 0.00005555 0.00115336
vt 0.00132566 0.00206037
vt 0.00074723 0.00233327
vt 0.00005555 0.00115336
vt 0.00005555 0.00115336
vt 0.00074723 0.00233327
vt 0.00011787 0.00244716
vt 0.00206037 -0.00132566
vt 0.00233327 -0.00074723
vt 0.00097106 -0.00062479
vt 0.00233327 -0.00074723
vt 0.00244716 -0.00011787
vt 0.00097106 -0.00062479
vt 0.00097106 -0.00062479
vt 0.00244716 -0.00011787
vt 0.00102662 0.00052857
vt 0.00244716 -0.00011787
vt 0.00239429 0.00051951
vt 0.00102662 0.00052857
vt 0.00102662 0.00052857
vt 0.00239429 0.00051951
vt 0.00217824 0.00112150
vt -0.00217824 -0.00112150
vt -0.00181376 -0.00164706
vt -0.00102662 -0.00052857
vt -0.00181376 -0.00164706
vt -0.00132566 -0.00206037
vt -0.00102662 -0.00052857
vt -0.00102662 -0.00052857
vt -0.00132566 -0.00206037
vt -0.00005555 -0.00115336
vt -0.00132566 -0.00206037
vt -0.00074723 -0.00233327
vt -0.00005555 -0.00115336
vt -0.00005555 -0.00115336
vt -0.00074723 -0.00233327
vt -0.00011787 -0.00244716
vt -0.00143131 -0.00240754
vt -0.00255516 -0.00216369
vt -0.00146584 -0.00282379
vt -0.00255516 -0.00216369
vt -0.00261451 -0.00287912
vt -0.00146584 -0.00282379
vt -0.00146584 -0.00282379
vt -0.00261451 -0.00287912
vt -0.00139146 -0.00323480
vt -0.00261451 -0.00287912
vt -0.00248667 -0.00358554
vt -0.00139146 -0.00323480
vt -0.00139146 -0.00323480
vt -0.00248667 -0.00358554
vt -0.00121324 -0.00361255
vt -0.00248667 -0.00358554
vt -0.00218035 -0.00423481
vt -0.00121324 -0.00361255
vt -0.00121324 -0.00361255
vt -0.00218035 -0.00423481
vt -0.00094332 -0.00393131
vt -0.00218035 -0.00423481
vt -0.00171643 -0.00478266
vt -0.00094332 -0.00393131
vt -0.00094332 -0.00393131
vt -0.00171643 -0.00478266
vt -0.00060010 -0.00416934
vt -0.00171643 -0.00478266
vt -0.00112652 -0.00519178
vt -0.00060010 -0.00416934
vt -0.00060010 -0.00416934
vt -0.00112652 -0.00519178
vt -0.00020697 -0.00431043
vt -0.00112652 -0.00519178
vt -0.00045082 -0.00543428
vt -0.00020697 -0.00431043
vt -0.00020697 -0.00431043
vt -0.00045082 -0.00543428
vt 0.00020929 -0.00434496
vt -0.00045082 -0.00543428
vt 0.00026462 -0.00549363
vt 0.00020929 -0.00434496
vt 0.00020929 -0.00434496
vt 0.00026462 -0.00549363
vt 0.00062029 -0.00427058
vt 0.00026462 -0.00549363
vt 0.00097104 -0.00536579
vt 0.00062029 -0.00427058
vt 0.00062029 -0.00427058
vt 0.00097104 -0.00536579
vt 0.00099805 -0.00409236
vt 0.00097104 -0.00536579
vt 0.00162030 -0.00505947
vt 0.00099805 -0.00409236
vt 0.00099805 -0.00409236
vt 0.00162030 -0.00505947
vt 0.00131680 -0.00382244
vt 0.00162030 -0.00505947
vt 0.00216816 -0.00459555
vt 0.00131680 -0.00382244
vt 0.00131680 -0.00382244
vt 0.00216816 -0.00459555
vt 0.00155483 -0.00347922
vt 0.00216816 -0.00459555
vt 0.00257727 -0.00400564
vt 0.00155483 -0.00347922
vt 0.00155483 -0.00347922
vt 0.00257727 -0.00400564
vt 0.00169592 -0.00308609
vt 0.00257727 -0.00400564
vt 0.00281977 -0.00332994
vt 0.00169592 -0.00308609
vt 0.00169592 -0.00308609
vt 0.00281977 -0.00332994
vt 0.00173046 -0.00266984
vt 0.00281977 -0.00332994
vt 0.00287912 -0.00261451
vt 0.00173046 -0.00266984
vt 0.00173046 -0.00266984
vt 0.00287912 -0.00261451
vt 0.00165608 -0.00225883
vt 0.00287912 -0.00261451
vt 0.00275128 -0.00190809
vt 0.00165608 -0.00225883
vt 0.00165608 -0.00225883
vt 0.00275128 -0.00190809
vt 0.00147785 -0.00188108
vt 0.00275128 -0.00190809
vt 0.00244497 -0.00125883
vt 0.00147785 -0.00188108
vt 0.00147785 -0.00188108
vt 0.00244497 -0.00125883
vt 0.00120794 -0.00156232
vt 0.00244497 -0.00125883
vt 0.00198104 -0.00071097
vt 0.00120794 -0.00156232
vt 0.00120794 -0.00156232
vt 0.00198104 -0.00071097
vt 0.00086472 -0.00132429
vt 0.00198104 -0.00071097
vt 0.00139113 -0.00030185
vt 0.00086472 -0.00132429
vt 0.00086472 -0.00132429
vt 0.00139113 -0.00030185
vt 0.00047158 -0.00118320
vt 0.00139113 -0.00030185
vt 0.00071544 -0.00005935
vt 0.00047158 -0.00118320
vt 0.00047158 -0.00118320
vt 0.00071544 -0.00005935
vt 0.00005533 -0.00114867
vt 0.00071544 -0.00005935
vt -0.00000000 -0.00000000
vt 0.00005533 -0.00114867
vt 0.00005533 -0.00114867
vt -0.00000000 -0.00000000
vt -0.00035568 -0.00122305
vt -0.00000000 -0.00000000
vt -0.00070642 -0.00012784
vt -0.00035568 -0.00122305
vt -0.00035568 -0.00122305
vt -0.00070642 -0.00012784
vt -0.00073343 -0.00140127
vt -0.00070642 -0.00012784
vt -0.00135568 -0.00043416
vt -0.00073343 -0.00140127
vt -0.00073343 -0.00140127
vt -0.00135568 -0.00043416
vt -0.00105219 -0.00167119
vt -0.00135568 -0.00043416
vt -0.00190354 -0.00089808
vt -0.00105219 -0.00167119
vt -0.00105219 -0.00167119
vt -0.00190354 -0.00089808
vt -0.00129022 -0.00201441
vt -0.00190354 -0.00089808
vt -0.00231266 -0.00148799
vt -0.00129022 -0.00201441
vt -0.00129022 -0.00201441
vt -0.00231266 -0.00148799
vt -0.00143131 -0.00240754
vt -0.00231266 -0.00148799
vt -0.00255516 -0.00216369
vt -0.00143131 -0.00240754
vt -0.00000000 -0.00115470
vt 0.00150000 -0.00115470
vt -0.00000000 -0.00057735
vt 0.00150000 -0.00115470
vt 0.00150000 -0.00000000
vt -0.00000000 -0.00057735
vt -0.00000000 -0.00057735
vt 0.00150000 -0.00000000
vt 0.00000000 0.00000000
vt 0.00000000 0.00000000
vt 0.00000000 0.00150000
vt 0.00057735 0.00000000
vt 0.00000000 0.00150000
vt 0.00115470 0.00150000
vt 0.00057735 0.00000000
vt 0.00057735 0.00000000
vt 0.00115470 0.00150000
vt 0.00115470 0.00000000
vt 0.00000000 -0.00115470
vt 0.00150000 -0.00115470
vt 0.00000000 -0.00057735
vt 0.00150000 -0.00115470
vt 0.00150000 0.00000000
vt 0.00000000 -0.00057735
vt 0.00000000 -0.00057735
vt 0.00150000 0.00000000
vt 0.00000000 0.00000000
vt 0.00000000 0.00115470
vt -0.00150000 0.00115470
vt 0.00000000 0.00057735
vt -0.00150000 0.00115470
vt -0.00150000 0.00000000
vt 0.00000000 0.00057735
vt 0.00000000 0.00057735
vt -0.00150000 0.00000000
vt 0.00000000 0.00000000
vt 0.00000000 0.00000000
vt 0.00150000 -0.00000000
vt -0.00000000 -0.00057735
vt 0.00150000 -0.00000000
vt 0.00150000 -0.00115470
vt -0.00000000 -0.00057735
vt -0.00000000 -0.00057735
vt 0.00150000 -0.00115470
vt -0.00000000 -0.00115470
vt 0.00000000 0.00000000
vt 0.00150000 0.00000000
vt 0.00000000 -0.00057735
vt 0.00150000 0.00000000
vt 0.00150000 -0.00115470
vt 0.00000000 -0.00057735
vt 0.00000000 -0.00057735
vt 0.00150000 -0.00115470
vt 0.00000000 -0.00115470
vt -0.00005555 -0.00115336
vt -0.00002778 -0.00057668
vt -0.00007426 -0.00083356
vt -0.00007426 -0.00083356
vt -0.00018565 -0.00106966
vt -0.00005555 -0.00115336
vt -0.00018565 -0.00106966
vt -0.00035435 -0.00126888
vt -0.00005555 -0.00115336
vt -0.00005555 -0.00115336
vt -0.00035435 -0.00126888
vt -0.00056886 -0.00141765
vt -0.00133161 -0.00148092
vt -0.00156771 -0.00136954
vt -0.00108217 -0.00168193
vt -0.00056886 -0.00141765
vt -0.00081457 -0.00150583
vt -0.00108217 -0.00168193
vt -0.00081457 -0.00150583
vt -0.00107473 -0.00152741
vt -0.00108217 -0.00168193
vt -0.00108217 -0.00168193
vt -0.00107473 -0.00152741
vt -0.00133161 -0.00148092
vt -0.00205324 -0.00105714
vt -0.00156771 -0.00136954
vt -0.00176693 -0.00120084
vt -0.00176693 -0.00120084
vt -0.00191570 -0.00098632
vt -0.00205324 -0.00105714
vt -0.00191570 -0.00098632
vt -0.00200388 -0.00074062
vt -0.00205324 -0.00105714
vt -0.00205324 -0.00105714
vt -0.00200388 -0.00074062
vt -0.00202546 -0.00048046
vt -0.00199768 0.00009622
vt -0.00202546 -0.00048046
vt -0.00197897 -0.00022358
vt -0.00197897 -0.00022358
vt -0.00186759 0.00001252
vt -0.00199768 0.00009622
vt -0.00186759 0.00001252
vt -0.00169889 0.00021174
vt -0.00199768 0.00009622
vt -0.00199768 0.00009622
vt -0.00169889 0.00021174
vt -0.00148437 0.00036051
vt -0.00072163 0.00042379
vt -0.00048553 0.00031240
vt -0.00097106 0.00062479
vt -0.00148437 0.00036051
vt -0.00123867 0.00044869
vt -0.00097106 0.00062479
vt -0.00123867 0.00044869
vt -0.00097851 0.00047027
vt -0.00097106 0.00062479
vt -0.00097106 0.00062479
vt -0.00097851 0.00047027
vt -0.00072163 0.00042379
vt 0.00000000 0.00000000
vt -0.00048553 0.00031240
vt -0.00028631 0.00014370
vt -0.00028631 0.00014370
vt -0.00013754 -0.00007081
vt 0.00000000 0.00000000
vt -0.00013754 -0.00007081
vt -0.00004936 -0.00031652
vt 0.00000000 0.00000000
vt 0.00000000 0.00000000
vt -0.00004936 -0.00031652
vt -0.00002778 -0.00057668
vt 0.39269909 -0.00057735
vt 0.26179940 0.00000000
vt 0.52359879 0.00000000
vt 0.00000000 0.00000000
vt 0.26179940 0.00000000
vt 0.13089970 -0.00057735
vt 1.17809725 -0.00057735
vt 1.04719758 -0.00000000
vt 1.30899692 0.00000000
vt 0.78539819 0.00000000
vt 1.04719758 -0.00000000
vt 0.91629785 -0.00057735
vt 0.52359879 0.00000000
vt 0.78539819 0.00000000
vt 0.65449846 -0.00057735
vt 1.96349537 -0.00057735
vt 1.83259571 0.00000000
vt 2.09439516 -0.00000000
vt 1.57079637 0.00000000
vt 1.83259571 0.00000000
vt 1.70169604 -0.00057735
vt 1.30899692 0.00000000
vt 1.57079637 0.00000000
vt 1.43989658 -0.00057735
vt 2.74889350 -0.00057735
vt 2.61799383 0.00000000
vt 2.87979317 0.00000000
vt 2.35619450 0.00000000
vt 2.61799383 0.00000000
vt 2.48709416 -0.00057735
vt 2.09439516 -0.00000000
vt 2.35619450 0.00000000
vt 2.22529483 -0.00057735
vt 3.53429174 -0.00057735
vt 3.40339208 0.00000000
vt 3.66519141 0.00000000
vt 3.14159274 0.00000000
vt 3.40339208 0.00000000
vt 3.27249241 -0.00057735
vt 2.87979317 0.00000000
vt 3.14159274 0.00000000
vt 3.01069307 -0.00057735
vt 4.31968975 -0.00057735
vt 4.18879032 0.00000000
vt 4.45058966 0.00000000
vt 3.92699075 0.00000000
vt 4.18879032 0.00000000
vt 4.05789042 -0.00057735
vt 3.66519141 0.00000000
vt 3.92699075 0.00000000
vt 3.79609108 -0.00057735
vt 5.10508823 -0.00057735
vt 4.97418833 0.00000000
vt 5.23598766 -0.00000000
vt 4.71238899 0.00000000
vt 4.97418833 0.00000000
vt 4.84328890 -0.00057735
vt 4.45058966 0.00000000
vt 4.71238899 0.00000000
vt 4.58148909 -0.00057735
vt 5.89048624 -0.00057735
vt 5.75958633 0.00000000
vt 6.02138615 0.00000000
vt 5.49778700 0.00000000
vt 5.75958633 0.00000000
vt 5.62868690 -0.00057735
vt 5.23598766 -0.00000000
vt 5.49778700 0.00000000
vt 5.36688757 -0.00057735
vt 6.02138615 0.00000000
vt 6.28318548 0.00000000
vt 6.15228558 -0.00057735
vt 0.26179940 1.34639680
vt 0.26179940 1.57079637
vt 0.00000000 1.57079637
vt 0.52359879 1.34639680
vt 0.52359879 1.57079637
vt 0.26179940 1.57079637
vt 0.78539819 1.34639680
vt 0.78539819 1.57079637
vt 0.52359879 1.57079637
vt 1.04719758 1.34639680
vt 1.04719758 1.57079637
vt 0.78539819 1.57079637
vt 1.30899692 1.34639680
vt 1.30899692 1.57079637
vt 1.04719758 1.57079637
vt 1.57079637 1.34639680
vt 1.57079637 1.57079637
vt 1.30899692 1.57079637
vt 1.83259571 1.34639680
vt 1.83259571 1.57079637
vt 1.57079637 1.57079637
vt 2.09439516 1.34639680
vt 2.09439516 1.57079637
vt 1.83259571 1.57079637
vt 2.35619450 1.34639680
vt 2.35619450 1.57079637
vt 2.09439516 1.57079637
vt 2.61799383 1.34639680
vt 2.61799383 1.57079637
vt 2.35619450 1.57079637
vt 2.87979317 1.34639680
vt 2.87979317 1.57079637
vt 2.61799383 1.57079637
vt 3.14159274 1.34639680
vt 3.14159274 1.57079637
vt 2.87979317 1.57079637
vt 3.40339208 1.34639680
vt 3.40339208 1.57079637
vt 3.14159274 1.57079637
vt 3.66519141 1.34639680
vt 3.66519141 1.57079637
vt 3.40339208 1.57079637
vt 3.92699075 1.34639680
vt 3.92699075 1.57079637
vt 3.66519141 1.57079637
vt 4.18879032 1.34639680
vt 4.18879032 1.57079637
vt 3.92699075 1.57079637
vt 4.71238899 1.34639680
vt 4.71238899 1.57079637
vt 4.45058966 1.57079637
vt 4.97418833 1.34639680
vt 4.97418833 1.57079637
vt 4.71238899 1.57079637
vt 5.23598766 1.34639680
vt 5.23598766 1.57079637
vt 4.97418833 1.57079637
vt 5.49778700 1.34639680
vt 5.49778700 1.57079637
vt 5.23598766 1.57079637
vt 5.75958633 1.34639680
vt 5.75958633 1.57079637
vt 5.49778700 1.57079637
vt 6.02138615 1.34639680
vt 6.02138615 1.57079637
vt 5.75958633 1.57079637
vt 0.00000000 1.34639680
vt 0.00000000 1.57079637
vt -0.26179940 1.57079637
vt 4.71238899 1.57079637
vt 4.71238899 1.34639680
vt 4.97418833 1.34639680
vt 4.71238899 1.34639680
vt 4.97418833 1.12199736
vt 4.97418833 1.34639680
vt 4.97418833 1.34639680
vt 4.97418833 1.12199736
vt 5.23598766 1.12199736
vt 4.97418833 1.12199736
vt 5.23598766 0.89759791
vt 5.23598766 1.12199736
vt 5.23598766 1.12199736
vt 5.23598766 0.89759791
vt 5.49778700 0.89759791
vt 5.23598766 0.89759791
vt 5.49778700 0.67319840
vt 5.49778700 0.89759791
vt 5.49778700 0.89759791
vt 5.49778700 0.67319840
vt 5.75958633 0.67319840
vt 5.49778700 0.67319840
vt 5.75958633 0.44879895
vt 5.75958633 0.67319840
vt 5.75958633 0.67319840
vt 5.75958633 0.44879895
vt 6.02138615 0.44879895
vt 5.75958633 0.44879895
vt 6.02138615 0.22439948
vt 6.02138615 0.44879895
vt 6.02138615 0.44879895
vt 6.02138615 0.22439948
vt 6.28318548 0.22439948
vt 5.75958633 0.22439948
vt 5.75958633 -0.00000000
vt 5.80729055 -0.00000000
vt 5.80729055 -0.00000000
vt 6.02138615 0.22439948
vt 5.75958633 0.22439948
vt 6.02138615 0.22439948
vt 5.75958633 0.44879895
vt 5.75958633 0.22439948
vt 5.75958633 0.22439948
vt 5.75958633 0.44879895
vt 5.49778700 0.44879895
vt 5.75958633 0.44879895
vt 5.49778700 0.67319840
vt 5.49778700 0.44879895
vt 5.49778700 0.44879895
vt 5.49778700 0.67319840
vt 5.23598766 0.67319840
vt 5.49778700 0.67319840
vt 5.23598766 0.89759791
vt 5.23598766 0.67319840
vt 5.23598766 0.67319840
vt 5.23598766 0.89759791
vt 4.97418833 0.89759791
vt 5.23598766 0.89759791
vt 4.97418833 1.12199736
vt 4.97418833 0.89759791
vt 4.97418833 0.89759791
vt 4.97418833 1.12199736
vt 4.71238899 1.12199736
vt 4.97418833 1.12199736
vt 4.71238899 1.34639680
vt 4.71238899 1.12199736
vt 4.71238899 1.12199736
vt 4.71238899 1.34639680
vt 4.45058966 1.34639680
vt 4.71238899 1.34639680
vt 4.45058966 1.57079637
vt 4.45058966 1.34639680
vt 4.45058966 1.34639680
vt 4.45058966 1.57079637
vt 4.18879032 1.57079637
vt 5.49778700 0.22439948
vt 5.49778700 -0.00000000
vt 5.54549122 -0.00000000
vt 4.18879032 1.57079637
vt 4.18879032 1.34639680
vt 4.45058966 1.34639680
vt 4.18879032 1.34639680
vt 4.45058966 1.12199736
vt 4.45058966 1.34639680
vt 4.45058966 1.34639680
vt 4.45058966 1.12199736
vt 4.71238899 1.12199736
vt 4.45058966 1.12199736
vt 4.71238899 0.89759791
vt 4.71238899 1.12199736
vt 4.71238899 1.12199736
vt 4.71238899 0.89759791
vt 4.97418833 0.89759791
vt 4.71238899 0.89759791
vt 4.97418833 0.67319840
vt 4.97418833 0.89759791
vt 4.97418833 0.89759791
vt 4.97418833 0.67319840
vt 5.23598766 0.67319840
vt 4.97418833 0.67319840
vt 5.23598766 0.44879895
vt 5.23598766 0.67319840
vt 5.23598766 0.67319840
vt 5.23598766 0.44879895
vt 5.49778700 0.44879895
vt 5.23598766 0.44879895
vt 5.49778700 0.22439948
vt 5.49778700 0.44879895
vt 5.49778700 0.44879895
vt 5.49778700 0.22439948
vt 5.75958633 0.22439948
vt 5.49778700 0.22439948
vt 5.54549122 -0.00000000
vt 5.75958633 0.22439948
vt 5.75958633 0.22439948
vt 5.54549122 -0.00000000
vt 5.75958633 -0.00000000
vt 5.23598766 0.22439948
vt 5.23598766 -0.00000000
vt 5.28369188 -0.00000000
vt 3.92699075 1.57079637
vt 3.92699075 1.34639680
vt 4.18879032 1.34639680
vt 3.92699075 1.34639680
vt 4.18879032 1.12199736
vt 4.18879032 1.34639680
vt 4.18879032 1.34639680
vt 4.18879032 1.12199736
vt 4.45058966 1.12199736
vt 4.18879032 1.12199736
vt 4.45058966 0.89759791
vt 4.45058966 1.12199736
vt 4.45058966 1.12199736
vt 4.45058966 0.89759791
vt 4.71238899 0.89759791
vt 4.45058966 0.89759791
vt 4.71238899 0.67319840
vt 4.71238899 0.89759791
vt 4.71238899 0.89759791
vt 4.71238899 0.67319840
vt 4.97418833 0.67319840
vt 4.71238899 0.67319840
vt 4.97418833 0.44879895
vt 4.97418833 0.67319840
vt 4.97418833 0.67319840
vt 4.97418833 0.44879895
vt 5.23598766 0.44879895
vt 4.97418833 0.44879895
vt 5.23598766 0.22439948
vt 5.23598766 0.44879895
vt 5.23598766 0.44879895
vt 5.23598766 0.22439948
vt 5.49778700 0.22439948
vt 5.23598766 0.22439948
vt 5.28369188 -0.00000000
vt 5.49778700 0.22439948
vt 5.49778700 0.22439948
vt 5.28369188 -0.00000000
vt 5.49778700 -0.00000000
vt 4.97418833 0.22439948
vt 4.97418833 -0.00000000
vt 5.02189255 -0.00000000
vt 3.66519141 1.57079637
vt 3.66519141 1.34639680
vt 3.92699075 1.34639680
vt 3.66519141 1.34639680
vt 3.92699075 1.12199736
vt 3.92699075 1.34639680
vt 3.92699075 1.34639680
vt 3.92699075 1.12199736
vt 4.18879032 1.12199736
vt 3.92699075 1.12199736
vt 4.18879032 0.89759791
vt 4.18879032 1.12199736
vt 4.18879032 1.12199736
vt 4.18879032 0.89759791
vt 4.45058966 0.89759791
vt 4.18879032 0.89759791
vt 4.45058966 0.67319840
vt 4.45058966 0.89759791
vt 4.45058966 0.89759791
vt 4.45058966 0.67319840
vt 4.71238899 0.67319840
vt 4.45058966 0.67319840
vt 4.71238899 0.44879895
vt 4.71238899 0.67319840
vt 4.71238899 0.67319840
vt 4.71238899 0.44879895
vt 4.97418833 0.44879895
vt 4.71238899 0.44879895
vt 4.97418833 0.22439948
vt 4.97418833 0.44879895
vt 4.97418833 0.44879895
vt 4.97418833 0.22439948
vt 5.23598766 0.22439948
vt 4.97418833 0.22439948
vt 5.02189255 -0.00000000
vt 5.23598766 0.22439948
vt 5.23598766 0.22439948
vt 5.02189255 -0.00000000
vt 5.23598766 -0.00000000
vt 4.71238899 0.22439948
vt 4.71238899 -0.00000000
vt 4.76009321 -0.00000000
vt 3.40339208 1.57079637
vt 3.40339208 1.34639680
vt 3.66519141 1.34639680
vt 3.40339208 1.34639680
vt 3.66519141 1.12199736
vt 3.66519141 1.34639680
vt 3.66519141 1.34639680
vt 3.66519141 1.12199736
vt 3.92699075 1.12199736
vt 3.66519141 1.12199736
vt 3.92699075 0.89759791
vt 3.92699075 1.12199736
vt 3.92699075 1.12199736
vt 3.92699075 0.89759791
vt 4.18879032 0.89759791
vt 3.92699075 0.89759791
vt 4.18879032 0.67319840
vt 4.18879032 0.89759791
vt 4.18879032 0.89759791
vt 4.18879032 0.67319840
vt 4.45058966 0.67319840
vt 4.18879032 0.67319840
vt 4.45058966 0.44879895
vt 4.45058966 0.67319840
vt 4.45058966 0.67319840
vt 4.45058966 0.44879895
vt 4.71238899 0.44879895
vt 4.45058966 0.44879895
vt 4.71238899 0.22439948
vt 4.71238899 0.44879895
vt 4.71238899 0.44879895
vt 4.71238899 0.22439948
vt 4.97418833 0.22439948
vt 4.71238899 0.22439948
vt 4.76009321 -0.00000000
vt 4.97418833 0.22439948
vt 4.97418833 0.22439948
vt 4.76009321 -0.00000000
vt 4.97418833 -0.00000000
vt 4.45058966 0.22439948
vt 4.45058966 -0.00000000
vt 4.49829388 -0.00000000
vt 3.14159274 1.57079637
vt 3.14159274 1.34639680
vt 3.40339208 1.34639680
vt 3.14159274 1.34639680
vt 3.40339208 1.12199736
vt 3.40339208 1.34639680
vt 3.40339208 1.34639680
vt 3.40339208 1.12199736
vt 3.66519141 1.12199736
vt 3.40339208 1.12199736
vt 3.66519141 0.89759791
vt 3.66519141 1.12199736
vt 3.66519141 1.12199736
vt 3.66519141 0.89759791
vt 3.92699075 0.89759791
vt 3.66519141 0.89759791
vt 3.92699075 0.67319840
vt 3.92699075 0.89759791
vt 3.92699075 0.89759791
vt 3.92699075 0.67319840
vt 4.18879032 0.67319840
vt 3.92699075 0.67319840
vt 4.18879032 0.44879895
vt 4.18879032 0.67319840
vt 4.18879032 0.67319840
vt 4.18879032 0.44879895
vt 4.45058966 0.44879895
vt 4.18879032 0.44879895
vt 4.45058966 0.22439948
vt 4.45058966 0.44879895
vt 4.45058966 0.44879895
vt 4.45058966 0.22439948
vt 4.71238899 0.22439948
vt 4.45058966 0.22439948
vt 4.49829388 -0.00000000
vt 4.71238899 0.22439948
vt 4.71238899 0.22439948
vt 4.49829388 -0.00000000
vt 4.71238899 -0.00000000
vt 4.18879032 0.22439948
vt 4.18879032 -0.00000000
vt 4.23649454 -0.00000000
vt 2.87979317 1.57079637
vt 2.87979317 1.34639680
vt 3.14159274 1.34639680
vt 2.87979317 1.34639680
vt 3.14159274 1.12199736
vt 3.14159274 1.34639680
vt 3.14159274 1.34639680
vt 3.14159274 1.12199736
vt 3.40339208 1.12199736
vt 3.14159274 1.12199736
vt 3.40339208 0.89759791
vt 3.40339208 1.12199736
vt 3.40339208 1.12199736
vt 3.40339208 0.89759791
vt 3.66519141 0.89759791
vt 3.40339208 0.89759791
vt 3.66519141 0.67319840
vt 3.66519141 0.89759791
vt 3.66519141 0.89759791
vt 3.66519141 0.67319840
vt 3.92699075 0.67319840
vt 3.66519141 0.67319840
vt 3.92699075 0.44879895
vt 3.92699075 0.67319840
vt 3.92699075 0.67319840
vt 3.92699075 0.44879895
vt 4.18879032 0.44879895
vt 3.92699075 0.44879895
vt 4.18879032 0.22439948
vt 4.18879032 0.44879895
vt 4.18879032 0.44879895
vt 4.18879032 0.22439948
vt 4.45058966 0.22439948
vt 4.18879032 0.22439948
vt 4.23649454 -0.00000000
vt 4.45058966 0.22439948
vt 4.45058966 0.22439948
vt 4.23649454 -0.00000000
vt 4.45058966 -0.00000000
vt 3.92699075 0.22439948
vt 3.92699075 -0.00000000
vt 3.97469497 -0.00000000
vt 2.61799383 1.57079637
vt 2.61799383 1.34639680
vt 2.87979317 1.34639680
vt 2.61799383 1.34639680
vt 2.87979317 1.12199736
vt 2.87979317 1.34639680
vt 2.87979317 1.34639680
vt 2.87979317 1.12199736
vt 3.14159274 1.12199736
vt 2.87979317 1.12199736
vt 3.14159274 0.89759791
vt 3.14159274 1.12199736
vt 3.14159274 1.12199736
vt 3.14159274 0.89759791
vt 3.40339208 0.89759791
vt 3.14159274 0.89759791
vt 3.40339208 0.67319840
vt 3.40339208 0.89759791
vt 3.40339208 0.89759791
vt 3.40339208 0.67319840
vt 3.66519141 0.67319840
vt 3.40339208 0.67319840
vt 3.66519141 0.44879895
vt 3.66519141 0.67319840
vt 3.66519141 0.67319840
vt 3.66519141 0.44879895
vt 3.92699075 0.44879895
vt 3.66519141 0.44879895
vt 3.92699075 0.22439948
vt 3.92699075 0.44879895
vt 3.92699075 0.44879895
vt 3.92699075 0.22439948
vt 4.18879032 0.22439948
vt 3.92699075 0.22439948
vt 3.97469497 -0.00000000
vt 4.18879032 0.22439948
vt 4.18879032 0.22439948
vt 3.97469497 -0.00000000
vt 4.18879032 -0.00000000
vt 3.66519141 0.22439948
vt 3.66519141 -0.00000000
vt 3.71289563 -0.00000000
vt 2.35619450 1.57079637
vt 2.35619450 1.34639680
vt 2.61799383 1.34639680
vt 2.35619450 1.34639680
vt 2.61799383 1.12199736
vt 2.61799383 1.34639680
vt 2.61799383 1.34639680
vt 2.61799383 1.12199736
vt 2.87979317 1.12199736
vt 2.61799383 1.12199736
vt 2.87979317 0.89759791
vt 2.87979317 1.12199736
vt 2.87979317 1.12199736
vt 2.87979317 0.89759791
vt 3.14159274 0.89759791
vt 2.87979317 0.89759791
vt 3.14159274 0.67319840
vt 3.14159274 0.89759791
vt 3.14159274 0.89759791
vt 3.14159274 0.67319840
vt 3.40339208 0.67319840
vt 3.14159274 0.67319840
vt 3.40339208 0.44879895
vt 3.40339208 0.67319840
vt 3.40339208 0.67319840
vt 3.40339208 0.44879895
vt 3.66519141 0.44879895
vt 3.40339208 0.44879895
vt 3.66519141 0.22439948
vt 3.66519141 0.44879895
vt 3.66519141 0.44879895
vt 3.66519141 0.22439948
vt 3.92699075 0.22439948
vt 3.66519141 0.22439948
vt 3.71289563 -0.00000000
vt 3.92699075 0.22439948
vt 3.92699075 0.22439948
vt 3.71289563 -0.00000000
vt 3.92699075 -0.00000000
vt 3.40339208 0.22439948
vt 3.40339208 -0.00000000
vt 3.45109606 -0.00000000
vt 2.09439516 1.57079637
vt 2.09439516 1.34639680
vt 2.35619450 1.34639680
vt 2.09439516 1.34639680
vt 2.35619450 1.12199736
vt 2.35619450 1.34639680
vt 2.35619450 1.34639680
vt 2.35619450 1.12199736
vt 2.61799383 1.12199736
vt 2.35619450 1.12199736
vt 2.61799383 0.89759791
vt 2.61799383 1.12199736
vt 2.61799383 1.12199736
vt 2.61799383 0.89759791
vt 2.87979317 0.89759791
vt 2.61799383 0.89759791
vt 2.87979317 0.67319840
vt 2.87979317 0.89759791
vt 2.87979317 0.89759791
vt 2.87979317 0.67319840
vt 3.14159274 0.67319840
vt 2.87979317 0.67319840
vt 3.14159274 0.44879895
vt 3.14159274 0.67319840
vt 3.14159274 0.67319840
vt 3.14159274 0.44879895
vt 3.40339208 0.44879895
vt 3.14159274 0.44879895
vt 3.40339208 0.22439948
vt 3.40339208 0.44879895
vt 3.40339208 0.44879895
vt 3.40339208 0.22439948
vt 3.66519141 0.22439948
vt 3.40339208 0.22439948
vt 3.45109606 -0.00000000
vt 3.66519141 0.22439948
vt 3.66519141 0.22439948
vt 3.45109606 -0.00000000
vt 3.66519141 -0.00000000
vt 3.14159274 0.22439948
vt 3.14159274 -0.00000000
vt 3.18929672 -0.00000000
vt 1.83259571 1.57079637
vt 1.83259571 1.34639680
vt 2.09439516 1.34639680
vt 1.83259571 1.34639680
vt 2.09439516 1.12199736
vt 2.09439516 1.34639680
vt 2.09439516 1.34639680
vt 2.09439516 1.12199736
vt 2.35619450 1.12199736
vt 2.09439516 1.12199736
vt 2.35619450 0.89759791
vt 2.35619450 1.12199736
vt 2.35619450 1.12199736
vt 2.35619450 0.89759791
vt 2.61799383 0.89759791
vt 2.35619450 0.89759791
vt 2.61799383 0.67319840
vt 2.61799383 0.89759791
vt 2.61799383 0.89759791
vt 2.61799383 0.67319840
vt 2.87979317 0.67319840
vt 2.61799383 0.67319840
vt 2.87979317 0.44879895
vt 2.87979317 0.67319840
vt 2.87979317 0.67319840
vt 2.87979317 0.44879895
vt 3.14159274 0.44879895
vt 2.87979317 0.44879895
vt 3.14159274 0.22439948
vt 3.14159274 0.44879895
vt 3.14159274 0.44879895
vt 3.14159274 0.22439948
vt 3.40339208 0.22439948
vt 3.14159274 0.22439948
vt 3.18929672 -0.00000000
vt 3.40339208 0.22439948
vt 3.40339208 0.22439948
vt 3.18929672 -0.00000000
vt 3.40339208 -0.00000000
vt 2.87979317 0.22439948
vt 2.87979317 -0.00000000
vt 2.92749739 -0.00000000
vt 1.57079637 1.57079637
vt 1.57079637 1.34639680
vt 1.83259571 1.34639680
vt 1.57079637 1.34639680
vt 1.83259571 1.12199736
vt 1.83259571 1.34639680
vt 1.83259571 1.34639680
vt 1.83259571 1.12199736
vt 2.09439516 1.12199736
vt 1.83259571 1.12199736
vt 2.09439516 0.89759791
vt 2.09439516 1.12199736
vt 2.09439516 1.12199736
vt 2.09439516 0.89759791
vt 2.35619450 0.89759791
vt 2.09439516 0.89759791
vt 2.35619450 0.67319840
vt 2.35619450 0.89759791
vt 2.35619450 0.89759791
vt 2.35619450 0.67319840
vt 2.61799383 0.67319840
vt 2.35619450 0.67319840
vt 2.61799383 0.44879895
vt 2.61799383 0.67319840
vt 2.61799383 0.67319840
vt 2.61799383 0.44879895
vt 2.87979317 0.44879895
vt 2.61799383 0.44879895
vt 2.87979317 0.22439948
vt 2.87979317 0.44879895
vt 2.87979317 0.44879895
vt 2.87979317 0.22439948
vt 3.14159274 0.22439948
vt 2.87979317 0.22439948
vt 2.92749739 -0.00000000
vt 3.14159274 0.22439948
vt 3.14159274 0.22439948
vt 2.92749739 -0.00000000
vt 3.14159274 -0.00000000
vt 2.61799383 0.22439948
vt 2.61799383 -0.00000000
vt 2.66569805 -0.00000000
vt 1.30899692 1.57079637
vt 1.30899692 1.34639680
vt 1.57079637 1.34639680
vt 1.30899692 1.34639680
vt 1.57079637 1.12199736
vt 1.57079637 1.34639680
vt 1.57079637 1.34639680
vt 1.57079637 1.12199736
vt 1.83259571 1.12199736
vt 1.57079637 1.12199736
vt 1.83259571 0.89759791
vt 1.83259571 1.12199736
vt 1.83259571 1.12199736
vt 1.83259571 0.89759791
vt 2.09439516 0.89759791
vt 1.83259571 0.89759791
vt 2.09439516 0.67319840
vt 2.09439516 0.89759791
vt 2.09439516 0.89759791
vt 2.09439516 0.67319840
vt 2.35619450 0.67319840
vt 2.09439516 0.67319840
vt 2.35619450 0.44879895
vt 2.35619450 0.67319840
vt 2.35619450 0.67319840
vt 2.35619450 0.44879895
vt 2.61799383 0.44879895
vt 2.35619450 0.44879895
vt 2.61799383 0.22439948
vt 2.61799383 0.44879895
vt 2.61799383 0.44879895
vt 2.61799383 0.22439948
vt 2.87979317 0.22439948
vt 2.61799383 0.22439948
vt 2.66569805 -0.00000000
vt 2.87979317 0.22439948
vt 2.87979317 0.22439948
vt 2.66569805 -0.00000000
vt 2.87979317 -0.00000000
vt 2.35619450 0.22439948
vt 2.35619450 -0.00000000
vt 2.40389848 -0.00000000
vt 1.04719758 1.57079637
vt 1.04719758 1.34639680
vt 1.30899692 1.34639680
vt 1.04719758 1.34639680
vt 1.30899692 1.12199736
vt 1.30899692 1.34639680
vt 1.30899692 1.34639680
vt 1.30899692 1.12199736
vt 1.57079637 1.12199736
vt 1.30899692 1.12199736
vt 1.57079637 0.89759791
vt 1.57079637 1.12199736
vt 1.57079637 1.12199736
vt 1.57079637 0.89759791
vt 1.83259571 0.89759791
vt 1.57079637 0.89759791
vt 1.83259571 0.67319840
vt 1.83259571 0.89759791
vt 1.83259571 0.89759791
vt 1.83259571 0.67319840
vt 2.09439516 0.67319840
vt 1.83259571 0.67319840
vt 2.09439516 0.44879895
vt 2.09439516 0.67319840
vt 2.09439516 0.67319840
vt 2.09439516 0.44879895
vt 2.35619450 0.44879895
vt 2.09439516 0.44879895
vt 2.35619450 0.22439948
vt 2.35619450 0.44879895
vt 2.35619450 0.44879895
vt 2.35619450 0.22439948
vt 2.61799383 0.22439948
vt 2.35619450 0.22439948
vt 2.40389848 -0.00000000
vt 2.61799383 0.22439948
vt 2.61799383 0.22439948
vt 2.40389848 -0.00000000
vt 2.61799383 -0.00000000
vt 2.09439516 0.22439948
vt 2.09439516 -0.00000000
vt 2.14209914 -0.00000000
vt 0.78539819 1.57079637
vt 0.78539819 1.34639680
vt 1.04719758 1.34639680
vt 0.78539819 1.34639680
vt 1.04719758 1.12199736
vt 1.04719758 1.34639680
vt 1.04719758 1.34639680
vt 1.04719758 1.12199736
vt 1.30899692 1.12199736
vt 1.04719758 1.12199736
vt 1.30899692 0.89759791
vt 1.30899692 1.12199736
vt 1.30899692 1.12199736
vt 1.30899692 0.89759791
vt 1.57079637 0.89759791
vt 1.30899692 0.89759791
vt 1.57079637 0.67319840
vt 1.57079637 0.89759791
vt 1.57079637 0.89759791
vt 1.57079637 0.67319840
vt 1.83259571 0.67319840
vt 1.57079637 0.67319840
vt 1.83259571 0.44879895
vt 1.83259571 0.67319840
vt 1.83259571 0.67319840
vt 1.83259571 0.44879895
vt 2.09439516 0.44879895
vt 1.83259571 0.44879895
vt 2.09439516 0.22439948
vt 2.09439516 0.44879895
vt 2.09439516 0.44879895
vt 2.09439516 0.22439948
vt 2.35619450 0.22439948
vt 2.09439516 0.22439948
vt 2.14209914 -0.00000000
vt 2.35619450 0.22439948
vt 2.35619450 0.22439948
vt 2.14209914 -0.00000000
vt 2.35619450 -0.00000000
vt 1.83259571 0.22439948
vt 1.83259571 -0.00000000
vt 1.88029981 -0.00000000
vt 0.52359879 1.57079637
vt 0.52359879 1.34639680
vt 0.78539819 1.34639680
vt 0.52359879 1.34639680
vt 0.78539819 1.12199736
vt 0.78539819 1.34639680
vt 0.78539819 1.34639680
vt 0.78539819 1.12199736
vt 1.04719758 1.12199736
vt 0.78539819 1.12199736
vt 1.04719758 0.89759791
vt 1.04719758 1.12199736
vt 1.04719758 1.12199736
vt 1.04719758 0.89759791
vt 1.30899692 0.89759791
vt 1.04719758 0.89759791
vt 1.30899692 0.67319840
vt 1.30899692 0.89759791
vt 1.30899692 0.89759791
vt 1.30899692 0.67319840
vt 1.57079637 0.67319840
vt 1.30899692 0.67319840
vt 1.57079637 0.44879895
vt 1.57079637 0.67319840
vt 1.57079637 0.67319840
vt 1.57079637 0.44879895
vt 1.83259571 0.44879895
vt 1.57079637 0.44879895
vt 1.83259571 0.22439948
vt 1.83259571 0.44879895
vt 1.83259571 0.44879895
vt 1.83259571 0.22439948
vt 2.09439516 0.22439948
vt 1.83259571 0.22439948
vt 1.88029981 -0.00000000
vt 2.09439516 0.22439948
vt 2.09439516 0.22439948
vt 1.88029981 -0.00000000
vt 2.09439516 -0.00000000
vt 1.57079637 0.22439948
vt 1.57079637 -0.00000000
vt 1.61850047 -0.00000000
vt 0.26179940 1.57079637
vt 0.26179940 1.34639680
vt 0.52359879 1.34639680
vt 0.26179940 1.34639680
vt 0.52359879 1.12199736
vt 0.52359879 1.34639680
vt 0.52359879 1.34639680
vt 0.52359879 1.12199736
vt 0.78539819 1.12199736
vt 0.52359879 1.12199736
vt 0.78539819 0.89759791
vt 0.78539819 1.12199736
vt 0.78539819 1.12199736
vt 0.78539819 0.89759791
vt 1.04719758 0.89759791
vt 0.78539819 0.89759791
vt 1.04719758 0.67319840
vt 1.04719758 0.89759791
vt 1.04719758 0.89759791
vt 1.04719758 0.67319840
vt 1.30899692 0.67319840
vt 1.04719758 0.67319840
vt 1.30899692 0.44879895
vt 1.30899692 0.67319840
vt 1.30899692 0.67319840
vt 1.30899692 0.44879895
vt 1.57079637 0.44879895
vt 1.30899692 0.44879895
vt 1.57079637 0.22439948
vt 1.57079637 0.44879895
vt 1.57079637 0.44879895
vt 1.57079637 0.22439948
vt 1.83259571 0.22439948
vt 1.57079637 0.22439948
vt 1.61850047 -0.00000000
vt 1.83259571 0.22439948
vt 1.83259571 0.22439948
vt 1.61850047 -0.00000000
vt 1.83259571 -0.00000000
vt 1.30899692 0.22439948
vt 1.30899692 -0.00000000
vt 1.35670102 -0.00000000
vt 0.00000000 1.57079637
vt 0.00000000 1.34639680
vt 0.26179940 1.34639680
vt 0.00000000 1.34639680
vt 0.26179940 1.12199736
vt 0.26179940 1.34639680
vt 0.26179940 1.34639680
vt 0.26179940 1.12199736
vt 0.52359879 1.12199736
vt 0.26179940 1.12199736
vt 0.52359879 0.89759791
vt 0.52359879 1.12199736
vt 0.52359879 1.12199736
vt 0.52359879 0.89759791
vt 0.78539819 0.89759791
vt 0.52359879 0.89759791
vt 0.78539819 0.67319840
vt 0.78539819 0.89759791
vt 0.78539819 0.89759791
vt 0.78539819 0.67319840
vt 1.04719758 0.67319840
vt 0.78539819 0.67319840
vt 1.04719758 0.44879895
vt 1.04719758 0.67319840
vt 1.04719758 0.67319840
vt 1.04719758 0.44879895
vt 1.30899692 0.44879895
vt 1.04719758 0.44879895
vt 1.30899692 0.22439948
vt 1.30899692 0.44879895
vt 1.30899692 0.44879895
vt 1.30899692 0.22439948
vt 1.57079637 0.22439948
vt 1.30899692 0.22439948
vt 1.35670102 -0.00000000
vt 1.57079637 0.22439948
vt 1.57079637 0.22439948
vt 1.35670102 -0.00000000
vt 1.57079637 -0.00000000
vt 1.04719758 0.22439948
vt 1.04719758 -0.00000000
vt 1.09490168 -0.00000000
vt 6.02138615 1.57079637
vt 6.02138615 1.34639680
vt 6.28318548 1.34639680
vt 6.02138615 1.34639680
vt 6.28318548 1.12199736
vt 6.28318548 1.34639680
vt 6.28318548 1.34639680
vt 6.28318548 1.12199736
vt 6.54498482 1.12199736
vt 6.28318548 1.12199736
vt 6.54498482 0.89759791
vt 6.54498482 1.12199736
vt 6.54498482 1.12199736
vt 6.54498482 0.89759791
vt 6.80678415 0.89759791
vt 6.54498482 0.89759791
vt 6.80678415 0.67319840
vt 6.80678415 0.89759791
vt 6.80678415 0.89759791
vt 6.80678415 0.67319840
vt 7.06858349 0.67319840
vt 6.80678415 0.67319840
vt 7.06858349 0.44879895
vt 7.06858349 0.67319840
vt 7.06858349 0.67319840
vt 7.06858349 0.44879895
vt 7.33038282 0.44879895
vt 7.06858349 0.44879895
vt 7.33038282 0.22439948
vt 7.33038282 0.44879895
vt 7.33038282 0.44879895
vt 7.33038282 0.22439948
vt 7.59218216 0.22439948
vt 7.33038282 0.22439948
vt 7.37808704 -0.00000000
vt 7.59218216 0.22439948
vt 7.59218216 0.22439948
vt 7.37808704 -0.00000000
vt 7.59218216 -0.00000000
vt 0.78539819 0.22439948
vt 0.78539819 -0.00000000
vt 0.83310229 -0.00000000
vt 5.75958633 1.57079637
vt 5.75958633 1.34639680
vt 6.02138615 1.34639680
vt 5.75958633 1.34639680
vt 6.02138615 1.12199736
vt 6.02138615 1.34639680
vt 6.02138615 1.34639680
vt 6.02138615 1.12199736
vt 6.28318548 1.12199736
vt 6.02138615 1.12199736
vt 6.28318548 0.89759791
vt 6.28318548 1.12199736
vt 6.28318548 1.12199736
vt 6.28318548 0.89759791
vt 6.54498482 0.89759791
vt 6.28318548 0.89759791
vt 6.54498482 0.67319840
vt 6.54498482 0.89759791
vt 6.54498482 0.89759791
vt 6.54498482 0.67319840
vt 6.80678415 0.67319840
vt 6.54498482 0.67319840
vt 6.80678415 0.44879895
vt 6.80678415 0.67319840
vt 6.80678415 0.67319840
vt 6.80678415 0.44879895
vt 7.06858349 0.44879895
vt 6.80678415 0.44879895
vt 7.06858349 0.22439948
vt 7.06858349 0.44879895
vt 7.06858349 0.44879895
vt 7.06858349 0.22439948
vt 7.33038282 0.22439948
vt 7.06858349 0.22439948
vt 7.11628771 -0.00000000
vt 7.33038282 0.22439948
vt 7.33038282 0.22439948
vt 7.11628771 -0.00000000
vt 7.33038282 -0.00000000
vt 0.52359879 0.22439948
vt 0.52359879 -0.00000000
vt 0.57130289 -0.00000000
vt 5.49778700 1.57079637
vt 5.49778700 1.34639680
vt 5.75958633 1.34639680
vt 5.49778700 1.34639680
vt 5.75958633 1.12199736
vt 5.75958633 1.34639680
vt 5.75958633 1.34639680
vt 5.75958633 1.12199736
vt 6.02138615 1.12199736
vt 5.75958633 1.12199736
vt 6.02138615 0.89759791
vt 6.02138615 1.12199736
vt 6.02138615 1.12199736
vt 6.02138615 0.89759791
vt 6.28318548 0.89759791
vt 6.02138615 0.89759791
vt 6.28318548 0.67319840
vt 6.28318548 0.89759791
vt 6.28318548 0.89759791
vt 6.28318548 0.67319840
vt 6.54498482 0.67319840
vt 6.28318548 0.67319840
vt 6.54498482 0.44879895
vt 6.54498482 0.67319840
vt 6.54498482 0.67319840
vt 6.54498482 0.44879895
vt 6.80678415 0.44879895
vt 6.54498482 0.44879895
vt 6.80678415 0.22439948
vt 6.80678415 0.44879895
vt 6.80678415 0.44879895
vt 6.80678415 0.22439948
vt 7.06858349 0.22439948
vt 6.80678415 0.22439948
vt 6.85448837 -0.00000000
vt 7.06858349 0.22439948
vt 7.06858349 0.22439948
vt 6.85448837 -0.00000000
vt 7.06858349 -0.00000000
vt 0.26179940 0.22439948
vt 0.26179940 -0.00000000
vt 0.30950350 -0.00000000
vt 5.23598766 1.57079637
vt 5.23598766 1.34639680
vt 5.49778700 1.34639680
vt 5.23598766 1.34639680
vt 5.49778700 1.12199736
vt 5.49778700 1.34639680
vt 5.49778700 1.34639680
vt 5.49778700 1.12199736
vt 5.75958633 1.12199736
vt 5.49778700 1.12199736
vt 5.75958633 0.89759791
vt 5.75958633 1.12199736
vt 5.75958633 1.12199736
vt 5.75958633 0.89759791
vt 6.02138615 0.89759791
vt 5.75958633 0.89759791
vt 6.02138615 0.67319840
vt 6.02138615 0.89759791
vt 6.02138615 0.89759791
vt 6.02138615 0.67319840
vt 6.28318548 0.67319840
vt 6.02138615 0.67319840
vt 6.28318548 0.44879895
vt 6.28318548 0.67319840
vt 6.28318548 0.67319840
vt 6.28318548 0.44879895
vt 6.54498482 0.44879895
vt 6.28318548 0.44879895
vt 6.54498482 0.22439948
vt 6.54498482 0.44879895
vt 6.54498482 0.44879895
vt 6.54498482 0.22439948
vt 6.80678415 0.22439948
vt 6.54498482 0.22439948
vt 6.59268856 -0.00000000
vt 6.80678415 0.22439948
vt 6.80678415 0.22439948
vt 6.59268856 -0.00000000
vt 6.80678415 -0.00000000
vt 5.80729055 -0.00000000
vt 6.02138615 -0.00000000
vt 6.02138615 0.22439948
vt 6.02138615 -0.00000000
vt 6.06908989 -0.00000000
vt 6.02138615 0.22439948
vt 6.02138615 0.22439948
vt 6.06908989 -0.00000000
vt 6.28318548 0.22439948
vt 6.06908989 -0.00000000
vt 6.28318548 -0.00000000
vt 6.28318548 0.22439948
vt 6.28318548 0.22439948
vt 6.28318548 -0.00000000
vt 6.33088923 -0.00000000
vt 4.97418833 1.57079637
vt 4.97418833 1.34639680
vt 5.23598766 1.34639680
vt 4.97418833 1.34639680
vt 5.23598766 1.12199736
vt 5.23598766 1.34639680
vt 5.23598766 1.34639680
vt 5.23598766 1.12199736
vt 5.49778700 1.12199736
vt 5.23598766 1.12199736
vt 5.49778700 0.89759791
vt 5.49778700 1.12199736
vt 5.49778700 1.12199736
vt 5.49778700 0.89759791
vt 5.75958633 0.89759791
vt 5.49778700 0.89759791
vt 5.75958633 0.67319840
vt 5.75958633 0.89759791
vt 5.75958633 0.89759791
vt 5.75958633 0.67319840
vt 6.02138615 0.67319840
vt 5.75958633 0.67319840
vt 6.02138615 0.44879895
vt 6.02138615 0.67319840
vt 6.02138615 0.67319840
vt 6.02138615 0.44879895
vt 6.28318548 0.44879895
vt 6.02138615 0.44879895
vt 6.28318548 0.22439948
vt 6.28318548 0.44879895
vt 6.28318548 0.44879895
vt 6.28318548 0.22439948
vt 6.54498482 0.22439948
vt 6.28318548 0.22439948
vt 6.33088923 -0.00000000
vt 6.54498482 0.22439948
vt 6.54498482 0.22439948
vt 6.33088923 -0.00000000
vt 6.54498482 -0.00000000
vt 6.02138615 -0.05675000
vt 5.75958633 -0.05675000
vt 5.80771685 -0.05845000
vt 5.49778700 -0.05675000
vt 5.54591751 -0.05845000
vt 5.75958633 -0.05675000
vt 5.54591751 -0.05845000
vt 5.76001310 -0.05845000
vt 5.75958633 -0.05675000
vt 5.75958633 -0.05675000
vt 5.76001310 -0.05845000
vt 5.80771685 -0.05845000
vt 5.23598766 -0.05675000
vt 5.28411818 -0.05845000
vt 5.49778700 -0.05675000
vt 5.28411818 -0.05845000
vt 5.49821377 -0.05845000
vt 5.49778700 -0.05675000
vt 5.49778700 -0.05675000
vt 5.49821377 -0.05845000
vt 5.54591751 -0.05845000
vt 4.97418833 -0.05675000
vt 5.02231884 -0.05845000
vt 5.23598766 -0.05675000
vt 5.02231884 -0.05845000
vt 5.23641443 -0.05845000
vt 5.23598766 -0.05675000
vt 5.23598766 -0.05675000
vt 5.23641443 -0.05845000
vt 5.28411818 -0.05845000
vt 4.71238899 -0.05675000
vt 4.76051950 -0.05845000
vt 4.97418833 -0.05675000
vt 4.76051950 -0.05845000
vt 4.97461462 -0.05845000
vt 4.97418833 -0.05675000
vt 4.97418833 -0.05675000
vt 4.97461462 -0.05845000
vt 5.02231884 -0.05845000
vt 4.45058966 -0.05675000
vt 4.49872017 -0.05845000
vt 4.71238899 -0.05675000
vt 4.49872017 -0.05845000
vt 4.71281528 -0.05845000
vt 4.71238899 -0.05675000
vt 4.71238899 -0.05675000
vt 4.71281528 -0.05845000
vt 4.76051950 -0.05845000
vt 4.18879032 -0.05675000
vt 4.23692083 -0.05845000
vt 4.45058966 -0.05675000
vt 4.23692083 -0.05845000
vt 4.45101595 -0.05845000
vt 4.45058966 -0.05675000
vt 4.45058966 -0.05675000
vt 4.45101595 -0.05845000
vt 4.49872017 -0.05845000
vt 3.92699075 -0.05675000
vt 3.97512126 -0.05845000
vt 4.18879032 -0.05675000
vt 3.97512126 -0.05845000
vt 4.18921661 -0.05845000
vt 4.18879032 -0.05675000
vt 4.18879032 -0.05675000
vt 4.18921661 -0.05845000
vt 4.23692083 -0.05845000
vt 3.66519141 -0.05675000
vt 3.71332192 -0.05845000
vt 3.92699075 -0.05675000
vt 3.71332192 -0.05845000
vt 3.92741728 -0.05845000
vt 3.92699075 -0.05675000
vt 3.92699075 -0.05675000
vt 3.92741728 -0.05845000
vt 3.97512126 -0.05845000
vt 3.40339208 -0.05675000
vt 3.45152259 -0.05845000
vt 3.66519141 -0.05675000
vt 3.45152259 -0.05845000
vt 3.66561794 -0.05845000
vt 3.66519141 -0.05675000
vt 3.66519141 -0.05675000
vt 3.66561794 -0.05845000
vt 3.71332192 -0.05845000
vt 3.14159274 -0.05675000
vt 3.18972325 -0.05845000
vt 3.40339208 -0.05675000
vt 3.18972325 -0.05845000
vt 3.40381837 -0.05845000
vt 3.40339208 -0.05675000
vt 3.40339208 -0.05675000
vt 3.40381837 -0.05845000
vt 3.45152259 -0.05845000
vt 2.87979317 -0.05675000
vt 2.92792392 -0.05845000
vt 3.14159274 -0.05675000
vt 2.92792392 -0.05845000
vt 3.14201903 -0.05845000
vt 3.14159274 -0.05675000
vt 3.14159274 -0.05675000
vt 3.14201903 -0.05845000
vt 3.18972325 -0.05845000
vt 2.61799383 -0.05675000
vt 2.66612434 -0.05845000
vt 2.87979317 -0.05675000
vt 2.66612434 -0.05845000
vt 2.88021970 -0.05845000
vt 2.87979317 -0.05675000
vt 2.87979317 -0.05675000
vt 2.88021970 -0.05845000
vt 2.92792392 -0.05845000
vt 2.35619450 -0.05675000
vt 2.40432501 -0.05845000
vt 2.61799383 -0.05675000
vt 2.40432501 -0.05845000
vt 2.61842036 -0.05845000
vt 2.61799383 -0.05675000
vt 2.61799383 -0.05675000
vt 2.61842036 -0.05845000
vt 2.66612434 -0.05845000
vt 2.09439516 -0.05675000
vt 2.14252567 -0.05845000
vt 2.35619450 -0.05675000
vt 2.14252567 -0.05845000
vt 2.35662103 -0.05845000
vt 2.35619450 -0.05675000
vt 2.35619450 -0.05675000
vt 2.35662103 -0.05845000
vt 2.40432501 -0.05845000
vt 1.83259571 -0.05675000
vt 1.88072622 -0.05845000
vt 2.09439516 -0.05675000
vt 1.88072622 -0.05845000
vt 2.09482145 -0.05845000
vt 2.09439516 -0.05675000
vt 2.09439516 -0.05675000
vt 2.09482145 -0.05845000
vt 2.14252567 -0.05845000
vt 1.57079637 -0.05675000
vt 1.61892688 -0.05845000
vt 1.83259571 -0.05675000
vt 1.61892688 -0.05845000
vt 1.83302212 -0.05845000
vt 1.83259571 -0.05675000
vt 1.83259571 -0.05675000
vt 1.83302212 -0.05845000
vt 1.88072622 -0.05845000
vt 1.30899692 -0.05675000
vt 1.35712743 -0.05845000
vt 1.57079637 -0.05675000
vt 1.35712743 -0.05845000
vt 1.57122278 -0.05845000
vt 1.57079637 -0.05675000
vt 1.57079637 -0.05675000
vt 1.57122278 -0.05845000
vt 1.61892688 -0.05845000
vt 1.04719758 -0.05675000
vt 1.09532809 -0.05845000
vt 1.30899692 -0.05675000
vt 1.09532809 -0.05845000
vt 1.30942333 -0.05845000
vt 1.30899692 -0.05675000
vt 1.30899692 -0.05675000
vt 1.30942333 -0.05845000
vt 1.35712743 -0.05845000
vt 0.78539819 -0.05675000
vt 0.83352870 -0.05845000
vt 1.04719758 -0.05675000
vt 0.83352870 -0.05845000
vt 1.04762399 -0.05845000
vt 1.04719758 -0.05675000
vt 1.04719758 -0.05675000
vt 1.04762399 -0.05845000
vt 1.09532809 -0.05845000
vt 0.52359879 -0.05675000
vt 0.57172930 -0.05845000
vt 0.78539819 -0.05675000
vt 0.57172930 -0.05845000
vt 0.78582460 -0.05845000
vt 0.78539819 -0.05675000
vt 0.78539819 -0.05675000
vt 0.78582460 -0.05845000
vt 0.83352870 -0.05845000
vt 0.26179940 -0.05675000
vt 0.30992994 -0.05845000
vt 0.52359879 -0.05675000
vt 0.30992994 -0.05845000
vt 0.52402520 -0.05845000
vt 0.52359879 -0.05675000
vt 0.52359879 -0.05675000
vt 0.52402520 -0.05845000
vt 0.57172930 -0.05845000
vt 5.80771685 -0.05845000
vt 6.02181244 -0.05845000
vt 6.02138615 -0.05675000
vt 6.02181244 -0.05845000
vt 6.06951666 -0.05845000
vt 6.02138615 -0.05675000
vt 6.02138615 -0.05675000
vt 6.06951666 -0.05845000
vt 6.28318548 -0.05675000
vt 6.06951666 -0.05845000
vt 6.28361177 -0.05845000
vt 6.28318548 -0.05675000
vt 6.28318548 -0.05675000
vt 6.28361177 -0.05845000
vt 6.33131599 -0.05675000
vt 6.28361177 -0.05845000
vt 6.33131599 -0.05845000
vt 6.33131599 -0.05675000
vt 6.33131599 -0.05675000
vt 6.33131599 -0.05845000
vt 6.54498482 -0.05675000
vt 6.33131599 -0.05845000
vt 6.54541111 -0.05845000
vt 6.54498482 -0.05675000
vt 6.54498482 -0.05675000
vt 6.54541111 -0.05845000
vt 6.59311533 -0.05845000
vt 0.00173241 -0.00173241
vt 0.00212176 -0.00122500
vt 0.00100000 -0.00057735
vt 0.00212176 -0.00122500
vt 0.00236652 -0.00063411
vt 0.00100000 -0.00057735
vt 0.00236652 -0.00063411
vt 0.00245000 0.00000000
vt 0.00100000 -0.00057735
vt 0.00100000 -0.00057735
vt 0.00245000 0.00000000
vt 0.00100000 0.00057735
vt 0.00245000 0.00000000
vt 0.00236652 0.00063411
vt 0.00100000 0.00057735
vt 0.00100000 0.00057735
vt 0.00236652 0.00063411
vt 0.00212176 0.00122500
vt 0.00173241 -0.00173241
vt 0.00100000 -0.00057735
vt 0.00122500 -0.00212176
vt 0.00100000 -0.00057735
vt 0.00000000 -0.00115470
vt 0.00122500 -0.00212176
vt 0.00122500 -0.00212176
vt 0.00000000 -0.00115470
vt 0.00063411 -0.00236652
vt -0.00173241 -0.00173241
vt -0.00122500 -0.00212176
vt -0.00100000 -0.00057735
vt -0.00122500 -0.00212176
vt -0.00063411 -0.00236652
vt -0.00100000 -0.00057735
vt -0.00100000 -0.00057735
vt -0.00063411 -0.00236652
vt 0.00000000 -0.00115470
vt -0.00063411 -0.00236652
vt 0.00000000 -0.00245000
vt 0.00000000 -0.00115470
vt 0.00000000 -0.00115470
vt 0.00000000 -0.00245000
vt 0.00063411 -0.00236652
vt -0.00236652 0.00063411
vt -0.00245000 0.00000000
vt -0.00100000 0.00057735
vt -0.00245000 0.00000000
vt -0.00236652 -0.00063411
vt -0.00100000 0.00057735
vt -0.00100000 0.00057735
vt -0.00236652 -0.00063411
vt -0.00100000 -0.00057735
vt -0.00236652 -0.00063411
vt -0.00212176 -0.00122500
vt -0.00100000 -0.00057735
vt -0.00100000 -0.00057735
vt -0.00212176 -0.00122500
vt -0.00173241 -0.00173241
vt 0.00000000 0.00115470
vt 0.00000000 0.00245000
vt -0.00063411 0.00236652
vt -0.00063411 0.00236652
vt -0.00122500 0.00212176
vt 0.00000000 0.00115470
vt -0.00122500 0.00212176
vt -0.00173241 0.00173241
vt 0.00000000 0.00115470
vt 0.00000000 0.00115470
vt -0.00173241 0.00173241
vt -0.00100000 0.00057735
vt -0.00173241 0.00173241
vt -0.00212176 0.00122500
vt -0.00100000 0.00057735
vt -0.00100000 0.00057735
vt -0.00212176 0.00122500
vt -0.00236652 0.00063411
vt 0.00212176 0.00122500
vt 0.00173241 0.00173241
vt 0.00100000 0.00057735
vt 0.00173241 0.00173241
vt 0.00122500 0.00212176
vt 0.00100000 0.00057735
vt 0.00100000 0.00057735
vt 0.00122500 0.00212176
vt 0.00000000 0.00115470
vt 0.00122500 0.00212176
vt 0.00063411 0.00236652
vt 0.00000000 0.00115470
vt 0.00000000 0.00115470
vt 0.00063411 0.00236652
vt 0.00000000 0.00245000
vt 0.00423799 0.00231266
vt 0.00358873 0.00261898
vt 0.00316411 0.00154548
vt 0.00358873 0.00261898
vt 0.00288231 0.00274682
vt 0.00316411 0.00154548
vt 0.00316411 0.00154548
vt 0.00288231 0.00274682
vt 0.00275000 0.00160000
vt 0.00288231 0.00274682
vt 0.00275000 0.00275000
vt 0.00275000 0.00160000
vt 0.00275000 0.00160000
vt 0.00275000 0.00275000
vt 0.00233589 0.00154548
vt 0.00275000 0.00275000
vt 0.00216687 0.00268746
vt 0.00233589 0.00154548
vt 0.00233589 0.00154548
vt 0.00216687 0.00268746
vt 0.00195000 0.00138564
vt 0.00216687 0.00268746
vt 0.00149117 0.00244497
vt 0.00195000 0.00138564
vt 0.00195000 0.00138564
vt 0.00149117 0.00244497
vt 0.00161863 0.00113137
vt 0.00149117 0.00244497
vt 0.00090126 0.00203585
vt 0.00161863 0.00113137
vt 0.00161863 0.00113137
vt 0.00090126 0.00203585
vt 0.00136436 0.00080000
vt 0.00090126 0.00203585
vt 0.00043734 0.00148799
vt 0.00136436 0.00080000
vt 0.00136436 0.00080000
vt 0.00043734 0.00148799
vt 0.00120452 0.00041411
vt 0.00043734 0.00148799
vt 0.00013102 0.00083873
vt 0.00120452 0.00041411
vt 0.00120452 0.00041411
vt 0.00013102 0.00083873
vt 0.00115000 0.00000000
vt 0.00013102 0.00083873
vt 0.00000318 0.00013231
vt 0.00115000 0.00000000
vt 0.00115000 0.00000000
vt 0.00000318 0.00013231
vt 0.00120452 -0.00041411
vt 0.00000318 0.00013231
vt 0.00006254 -0.00058313
vt 0.00120452 -0.00041411
vt 0.00120452 -0.00041411
vt 0.00006254 -0.00058313
vt 0.00136436 -0.00080000
vt 0.00006254 -0.00058313
vt 0.00030503 -0.00125883
vt 0.00136436 -0.00080000
vt 0.00136436 -0.00080000
vt 0.00030503 -0.00125883
vt 0.00161863 -0.00113137
vt 0.00030503 -0.00125883
vt 0.00071415 -0.00184874
vt 0.00161863 -0.00113137
vt 0.00161863 -0.00113137
vt 0.00071415 -0.00184874
vt 0.00195000 -0.00138564
vt 0.00071415 -0.00184874
vt 0.00126201 -0.00231266
vt 0.00195000 -0.00138564
vt 0.00195000 -0.00138564
vt 0.00126201 -0.00231266
vt 0.00233589 -0.00154548
vt 0.00126201 -0.00231266
vt 0.00191127 -0.00261898
vt 0.00233589 -0.00154548
vt 0.00233589 -0.00154548
vt 0.00191127 -0.00261898
vt 0.00275000 -0.00160000
vt 0.00191127 -0.00261898
vt 0.00261769 -0.00274682
vt 0.00275000 -0.00160000
vt 0.00275000 -0.00160000
vt 0.00261769 -0.00274682
vt 0.00316411 -0.00154548
vt 0.00261769 -0.00274682
vt 0.00333313 -0.00268746
vt 0.00316411 -0.00154548
vt 0.00316411 -0.00154548
vt 0.00333313 -0.00268746
vt 0.00355000 -0.00138564
vt 0.00333313 -0.00268746
vt 0.00400883 -0.00244497
vt 0.00355000 -0.00138564
vt 0.00355000 -0.00138564
vt 0.00400883 -0.00244497
vt 0.00388137 -0.00113137
vt 0.00400883 -0.00244497
vt 0.00459874 -0.00203585
vt 0.00388137 -0.00113137
vt 0.00388137 -0.00113137
vt 0.00459874 -0.00203585
vt 0.00413564 -0.00080000
vt 0.00459874 -0.00203585
vt 0.00506266 -0.00148799
vt 0.00413564 -0.00080000
vt 0.00413564 -0.00080000
vt 0.00506266 -0.00148799
vt 0.00429548 -0.00041411
vt 0.00506266 -0.00148799
vt 0.00536898 -0.00083873
vt 0.00429548 -0.00041411
vt 0.00429548 -0.00041411
vt 0.00536898 -0.00083873
vt 0.00435000 0.00000000
vt 0.00536898 -0.00083873
vt 0.00549682 -0.00013231
vt 0.00435000 0.00000000
vt 0.00435000 0.00000000
vt 0.00549682 -0.00013231
vt 0.00429548 0.00041411
vt 0.00549682 -0.00013231
vt 0.00543746 0.00058313
vt 0.00429548 0.00041411
vt 0.00429548 0.00041411
vt 0.00543746 0.00058313
vt 0.00413564 0.00080000
vt 0.00543746 0.00058313
vt 0.00519497 0.00125883
vt 0.00413564 0.00080000
vt 0.00413564 0.00080000
vt 0.00519497 0.00125883
vt 0.00388137 0.00113137
vt 0.00519497 0.00125883
vt 0.00478585 0.00184874
vt 0.00388137 0.00113137
vt 0.00388137 0.00113137
vt 0.00478585 0.00184874
vt 0.00355000 0.00138564
vt 0.00478585 0.00184874
vt 0.00423799 0.00231266
vt 0.00355000 0.00138564
vt 0.00355000 0.00138564
vt 0.00423799 0.00231266
vt 0.00316411 0.00154548
vt -0.00100000 0.00057735
vt -0.00150000 0.00028868
vt -0.00125882 0.00038858
vt -0.00125882 0.00038858
vt -0.00100000 0.00042265
vt -0.00100000 0.00057735
vt -0.00100000 0.00042265
vt -0.00074118 0.00038858
vt -0.00100000 0.00057735
vt -0.00100000 0.00057735
vt -0.00074118 0.00038858
vt -0.00050000 0.00028868
vt 0.00000000 0.00000000
vt -0.00050000 0.00028868
vt -0.00029289 0.00012976
vt -0.00029289 0.00012976
vt -0.00013397 -0.00007735
vt 0.00000000 0.00000000
vt -0.00013397 -0.00007735
vt -0.00003407 -0.00031853
vt 0.00000000 0.00000000
vt 0.00000000 0.00000000
vt -0.00003407 -0.00031853
vt 0.00000000 -0.00057735
vt -0.00200000 0.00000000
vt -0.00200000 -0.00057735
vt -0.00196593 -0.00031853
vt -0.00196593 -0.00031853
vt -0.00186603 -0.00007735
vt -0.00200000 0.00000000
vt -0.00186603 -0.00007735
vt -0.00170711 0.00012976
vt -0.00200000 0.00000000
vt -0.00200000 0.00000000
vt -0.00170711 0.00012976
vt -0.00150000 0.00028868
vt -0.00200000 -0.00115470
vt -0.00150000 -0.00144338
vt -0.00170711 -0.00128446
vt -0.00170711 -0.00128446
vt -0.00186603 -0.00107735
vt -0.00200000 -0.00115470
vt -0.00186603 -0.00107735
vt -0.00196593 -0.00083617
vt -0.00200000 -0.00115470
vt -0.00200000 -0.00115470
vt -0.00196593 -0.00083617
vt -0.00200000 -0.00057735
vt -0.00100000 -0.00173205
vt -0.00050000 -0.00144338
vt -0.00074118 -0.00154328
vt -0.00074118 -0.00154328
vt -0.00100000 -0.00157735
vt -0.00100000 -0.00173205
vt -0.00100000 -0.00157735
vt -0.00125882 -0.00154328
vt -0.00100000 -0.00173205
vt -0.00100000 -0.00173205
vt -0.00125882 -0.00154328
vt -0.00150000 -0.00144338
vt 0.00000000 -0.00115470
vt 0.00000000 -0.00057735
vt -0.00003407 -0.00083617
vt -0.00003407 -0.00083617
vt -0.00013397 -0.00107735
vt 0.00000000 -0.00115470
vt -0.00013397 -0.00107735
vt -0.00029289 -0.00128446
vt 0.00000000 -0.00115470
vt 0.00000000 -0.00115470
vt -0.00029289 -0.00128446
vt -0.00050000 -0.00144338
vt 0.00000000 0.00000000
vt 0.00150000 0.00000000
vt 0.00000000 -0.00057735
vt 0.00150000 0.00000000
vt 0.00150000 -0.00115470
vt 0.00000000 -0.00057735
vt 0.00000000 -0.00057735
vt 0.00150000 -0.00115470
vt 0.00000000 -0.00115470
vt 0.00000000 0.00000000
vt 0.00000000 -0.00150000
vt -0.00057735 0.00000000
vt 0.00000000 -0.00150000
vt -0.00115470 -0.00150000
vt -0.00057735 0.00000000
vt -0.00057735 0.00000000
vt -0.00115470 -0.00150000
vt -0.00115470 0.00000000
vt 0.00000000 0.00115470
vt -0.00150000 0.00115470
vt 0.00000000 0.00057735
vt -0.00150000 0.00115470
vt -0.00150000 0.00000000
vt 0.00000000 0.00057735
vt 0.00000000 0.00057735
vt -0.00150000 0.00000000
vt 0.00000000 0.00000000
vt 0.00000000 -0.00115470
vt 0.00150000 -0.00115470
vt 0.00000000 -0.00057735
vt 0.00150000 -0.00115470
vt 0.00150000 0.00000000
vt 0.00000000 -0.00057735
vt 0.00000000 -0.00057735
vt 0.00150000 0.00000000
vt 0.00000000 0.00000000
vt 0.00000000 0.00000000
vt 0.00150000 -0.00000000
vt -0.00000000 -0.00057735
vt 0.00150000 -0.00000000
vt 0.00150000 -0.00115470
vt -0.00000000 -0.00057735
vt -0.00000000 -0.00057735
vt 0.00150000 -0.00115470
vt -0.00000000 -0.00115470
vt -0.00115470 0.00000000
vt -0.00115470 -0.00150000
vt -0.00057735 0.00000000
vt -0.00115470 -0.00150000
vt 0.00000000 -0.00150000
vt -0.00057735 0.00000000
vt -0.00057735 0.00000000
vt 0.00000000 -0.00150000
vt 0.00000000 0.00000000
vt -0.00000000 -0.03205000
vt 0.26179940 -0.03375000
vt 0.26179940 -0.03205000
vt 0.26179940 -0.03375000
vt 0.52359879 -0.03375000
vt 0.26179940 -0.03205000
vt 0.26179940 -0.03205000
vt 0.52359879 -0.03375000
vt 0.52359879 -0.03205000
vt 0.52359879 -0.03375000
vt 0.78539819 -0.03375000
vt 0.52359879 -0.03205000
vt 0.52359879 -0.03205000
vt 0.78539819 -0.03375000
vt 0.78539819 -0.03205000
vt 0.78539819 -0.03375000
vt 1.04719758 -0.03375000
vt 0.78539819 -0.03205000
vt 0.78539819 -0.03205000
vt 1.04719758 -0.03375000
vt 1.04719758 -0.03205000
vt 1.04719758 -0.03375000
vt 1.30899692 -0.03375000
vt 1.04719758 -0.03205000
vt 1.04719758 -0.03205000
vt 1.30899692 -0.03375000
vt 1.30899692 -0.03205000
vt 1.30899692 -0.03375000
vt 1.57079637 -0.03375000
vt 1.30899692 -0.03205000
vt 1.30899692 -0.03205000
vt 1.57079637 -0.03375000
vt 1.57079637 -0.03205000
vt 1.57079637 -0.03375000
vt 1.83259571 -0.03375000
vt 1.57079637 -0.03205000
vt 1.57079637 -0.03205000
vt 1.83259571 -0.03375000
vt 1.83259571 -0.03205000
vt 1.83259571 -0.03375000
vt 2.09439516 -0.03375000
vt 1.83259571 -0.03205000
vt 1.83259571 -0.03205000
vt 2.09439516 -0.03375000
vt 2.09439516 -0.03205000
vt 2.09439516 -0.03375000
vt 2.35619450 -0.03375000
vt 2.09439516 -0.03205000
vt 2.09439516 -0.03205000
vt 2.35619450 -0.03375000
vt 2.35619450 -0.03205000
vt 2.35619450 -0.03375000
vt 2.61799383 -0.03375000
vt 2.35619450 -0.03205000
vt 2.35619450 -0.03205000
vt 2.61799383 -0.03375000
vt 2.61799383 -0.03205000
vt 2.61799383 -0.03375000
vt 2.87979317 -0.03375000
vt 2.61799383 -0.03205000
vt 2.61799383 -0.03205000
vt 2.87979317 -0.03375000
vt 2.87979317 -0.03205000
vt 2.87979317 -0.03375000
vt 3.14159274 -0.03375000
vt 2.87979317 -0.03205000
vt 2.87979317 -0.03205000
vt 3.14159274 -0.03375000
vt 3.14159274 -0.03205000
vt 3.14159274 -0.03375000
vt 3.40339208 -0.03375000
vt 3.14159274 -0.03205000
vt 3.14159274 -0.03205000
vt 3.40339208 -0.03375000
vt 3.40339208 -0.03205000
vt 3.40339208 -0.03375000
vt 3.66519141 -0.03375000
vt 3.40339208 -0.03205000
vt 3.40339208 -0.03205000
vt 3.66519141 -0.03375000
vt 3.66519141 -0.03205000
vt 3.66519141 -0.03375000
vt 3.92699075 -0.03375000
vt 3.66519141 -0.03205000
vt 3.66519141 -0.03205000
vt 3.92699075 -0.03375000
vt 3.92699075 -0.03205000
vt 3.92699075 -0.03375000
vt 4.18879032 -0.03375000
vt 3.92699075 -0.03205000
vt 3.92699075 -0.03205000
vt 4.18879032 -0.03375000
vt 4.18879032 -0.03205000
vt 4.18879032 -0.03375000
vt 4.45058966 -0.03375000
vt 4.18879032 -0.03205000
vt 4.18879032 -0.03205000
vt 4.45058966 -0.03375000
vt 4.45058966 -0.03205000
vt 4.45058966 -0.03375000
vt 4.71238899 -0.03375000
vt 4.45058966 -0.03205000
vt 4.45058966 -0.03205000
vt 4.71238899 -0.03375000
vt 4.71238899 -0.03205000
vt 4.71238899 -0.03375000
vt 4.97418833 -0.03375000
vt 4.71238899 -0.03205000
vt 4.71238899 -0.03205000
vt 4.97418833 -0.03375000
vt 4.97418833 -0.03205000
vt 4.97418833 -0.03375000
vt 5.23598766 -0.03375000
vt 4.97418833 -0.03205000
vt 4.97418833 -0.03205000
vt 5.23598766 -0.03375000
vt 5.23598766 -0.03205000
vt 5.23598766 -0.03375000
vt 5.49778700 -0.03375000
vt 5.23598766 -0.03205000
vt 5.23598766 -0.03205000
vt 5.49778700 -0.03375000
vt 5.49778700 -0.03205000
vt 5.49778700 -0.03375000
vt 5.75958633 -0.03375000
vt 5.49778700 -0.03205000
vt 5.49778700 -0.03205000
vt 5.75958633 -0.03375000
vt 5.75958633 -0.03205000
vt 5.75958633 -0.03375000
vt 6.02138615 -0.03375000
vt 5.75958633 -0.03205000
vt 5.75958633 -0.03205000
vt 6.02138615 -0.03375000
vt 6.02138615 -0.03205000
vt 6.02138615 -0.03375000
vt 6.28318548 -0.03375000
vt 6.02138615 -0.03205000
vt 6.02138615 -0.03205000
vt 6.28318548 -0.03375000
vt 6.28318548 -0.03205000
vt 6.28318548 -0.03375000
vt 6.54498482 -0.03375000
vt 6.28318548 -0.03205000
vt 0.00000000 1.57079637
vt 0.26179940 1.30899692
vt 0.26179940 1.57079637
vt 0.26179940 1.30899692
vt 0.52359879 1.30899692
vt 0.26179940 1.57079637
vt 0.26179940 1.57079637
vt 0.52359879 1.30899692
vt 0.52359879 1.57079637
vt 0.52359879 1.30899692
vt 0.78539819 1.30899692
vt 0.52359879 1.57079637
vt 0.52359879 1.57079637
vt 0.78539819 1.30899692
vt 0.78539819 1.57079637
vt 0.78539819 1.30899692
vt 1.04719758 1.30899692
vt 0.78539819 1.57079637
vt 0.78539819 1.57079637
vt 1.04719758 1.30899692
vt 1.04719758 1.57079637
vt 1.04719758 1.30899692
vt 1.30899692 1.30899692
vt 1.04719758 1.57079637
vt 1.04719758 1.57079637
vt 1.30899692 1.30899692
vt 1.30899692 1.57079637
vt 1.30899692 1.30899692
vt 1.57079637 1.30899692
vt 1.30899692 1.57079637
vt 1.30899692 1.57079637
vt 1.57079637 1.30899692
vt 1.57079637 1.57079637
vt 1.57079637 1.30899692
vt 1.83259571 1.30899692
vt 1.57079637 1.57079637
vt 1.57079637 1.57079637
vt 1.83259571 1.30899692
vt 1.83259571 1.57079637
vt 1.83259571 1.30899692
vt 2.09439516 1.30899692
vt 1.83259571 1.57079637
vt 1.83259571 1.57079637
vt 2.09439516 1.30899692
vt 2.09439516 1.57079637
vt 2.09439516 1.30899692
vt 2.35619450 1.30899692
vt 2.09439516 1.57079637
vt 2.09439516 1.57079637
vt 2.35619450 1.30899692
vt 2.35619450 1.57079637
vt 2.35619450 1.30899692
vt 2.61799383 1.30899692
vt 2.35619450 1.57079637
vt 2.35619450 1.57079637
vt 2.61799383 1.30899692
vt 2.61799383 1.57079637
vt 2.61799383 1.30899692
vt 2.87979317 1.30899692
vt 2.61799383 1.57079637
vt 2.61799383 1.57079637
vt 2.87979317 1.30899692
vt 2.87979317 1.57079637
vt 2.87979317 1.30899692
vt 3.14159274 1.30899692
vt 2.87979317 1.57079637
vt 2.87979317 1.57079637
vt 3.14159274 1.30899692
vt 3.14159274 1.57079637
vt 3.14159274 1.30899692
vt 3.40339208 1.30899692
vt 3.14159274 1.57079637
vt 3.14159274 1.57079637
vt 3.40339208 1.30899692
vt 3.40339208 1.57079637
vt 3.40339208 1.30899692
vt 3.66519141 1.30899692
vt 3.40339208 1.57079637
vt 3.40339208 1.57079637
vt 3.66519141 1.30899692
vt 3.66519141 1.57079637
vt 3.66519141 1.30899692
vt 3.92699075 1.30899692
vt 3.66519141 1.57079637
vt 3.66519141 1.57079637
vt 3.92699075 1.30899692
vt 3.92699075 1.57079637
vt 3.92699075 1.30899692
vt 4.18879032 1.30899692
vt 3.92699075 1.57079637
vt 3.92699075 1.57079637
vt 4.18879032 1.30899692
vt 4.18879032 1.57079637
vt 4.18879032 1.30899692
vt 4.45058966 1.30899692
vt 4.18879032 1.57079637
vt 4.18879032 1.57079637
vt 4.45058966 1.30899692
vt 4.45058966 1.57079637
vt 4.45058966 1.30899692
vt 4.71238899 1.30899692
vt 4.45058966 1.57079637
vt 4.45058966 1.57079637
vt 4.71238899 1.30899692
vt 4.71238899 1.57079637
vt 4.71238899 1.30899692
vt 4.97418833 1.30899692
vt 4.71238899 1.57079637
vt 4.71238899 1.57079637
vt 4.97418833 1.30899692
vt 4.97418833 1.57079637
vt 4.97418833 1.30899692
vt 5.23598766 1.30899692
vt 4.97418833 1.57079637
vt 4.97418833 1.57079637
vt 5.23598766 1.30899692
vt 5.23598766 1.57079637
vt 5.23598766 1.30899692
vt 5.49778700 1.30899692
vt 5.23598766 1.57079637
vt 5.23598766 1.57079637
vt 5.49778700 1.30899692
vt 5.49778700 1.57079637
vt 5.49778700 1.30899692
vt 5.75958633 1.30899692
vt 5.49778700 1.57079637
vt 5.49778700 1.57079637
vt 5.75958633 1.30899692
vt 5.75958633 1.57079637
vt 5.75958633 1.30899692
vt 6.02138615 1.30899692
vt 5.75958633 1.57079637
vt 5.75958633 1.57079637
vt 6.02138615 1.30899692
vt 6.02138615 1.57079637
vt 6.02138615 1.30899692
vt 6.28318548 1.30899692
vt 6.02138615 1.57079637
vt 6.02138615 1.57079637
vt 6.28318548 1.30899692
vt 6.28318548 1.57079637
vt 6.28318548 1.30899692
vt 6.54498482 1.30899692
vt 6.28318548 1.57079637
vt 0.00000000 1.30899692
vt 0.26179940 1.04719758
vt 0.26179940 1.30899692
vt 0.26179940 1.04719758
vt 0.52359879 1.04719758
vt 0.26179940 1.30899692
vt 0.26179940 1.30899692
vt 0.52359879 1.04719758
vt 0.52359879 1.30899692
vt 0.52359879 1.04719758
vt 0.78539819 1.04719758
vt 0.52359879 1.30899692
vt 0.52359879 1.30899692
vt 0.78539819 1.04719758
vt 0.78539819 1.30899692
vt 0.78539819 1.04719758
vt 1.04719758 1.04719758
vt 0.78539819 1.30899692
vt 0.78539819 1.30899692
vt 1.04719758 1.04719758
vt 1.04719758 1.30899692
vt 1.04719758 1.04719758
vt 1.30899692 1.04719758
vt 1.04719758 1.30899692
vt 1.04719758 1.30899692
vt 1.30899692 1.04719758
vt 1.30899692 1.30899692
vt 1.30899692 1.04719758
vt 1.57079637 1.04719758
vt 1.30899692 1.30899692
vt 1.30899692 1.30899692
vt 1.57079637 1.04719758
vt 1.57079637 1.30899692
vt 1.57079637 1.04719758
vt 1.83259571 1.04719758
vt 1.57079637 1.30899692
vt 1.57079637 1.30899692
vt 1.83259571 1.04719758
vt 1.83259571 1.30899692
vt 1.83259571 1.04719758
vt 2.09439516 1.04719758
vt 1.83259571 1.30899692
vt 1.83259571 1.30899692
vt 2.09439516 1.04719758
vt 2.09439516 1.30899692
vt 2.09439516 1.04719758
vt 2.35619450 1.04719758
vt 2.09439516 1.30899692
vt 2.09439516 1.30899692
vt 2.35619450 1.04719758
vt 2.35619450 1.30899692
vt 2.35619450 1.04719758
vt 2.61799383 1.04719758
vt 2.35619450 1.30899692
vt 2.35619450 1.30899692
vt 2.61799383 1.04719758
vt 2.61799383 1.30899692
vt 2.61799383 1.04719758
vt 2.87979317 1.04719758
vt 2.61799383 1.30899692
vt 2.61799383 1.30899692
vt 2.87979317 1.04719758
vt 2.87979317 1.30899692
vt 2.87979317 1.04719758
vt 3.14159274 1.04719758
vt 2.87979317 1.30899692
vt 2.87979317 1.30899692
vt 3.14159274 1.04719758
vt 3.14159274 1.30899692
vt 3.14159274 1.04719758
vt 3.40339208 1.04719758
vt 3.14159274 1.30899692
vt 3.14159274 1.30899692
vt 3.40339208 1.04719758
vt 3.40339208 1.30899692
vt 3.40339208 1.04719758
vt 3.66519141 1.04719758
vt 3.40339208 1.30899692
vt 3.40339208 1.30899692
vt 3.66519141 1.04719758
vt 3.66519141 1.30899692
vt 3.66519141 1.04719758
vt 3.92699075 1.04719758
vt 3.66519141 1.30899692
vt 3.66519141 1.30899692
vt 3.92699075 1.04719758
vt 3.92699075 1.30899692
vt 3.92699075 1.04719758
vt 4.18879032 1.04719758
vt 3.92699075 1.30899692
vt 3.92699075 1.30899692
vt 4.18879032 1.04719758
vt 4.18879032 1.30899692
vt 4.18879032 1.04719758
vt 4.45058966 1.04719758
vt 4.18879032 1.30899692
vt 4.18879032 1.30899692
vt 4.45058966 1.04719758
vt 4.45058966 1.30899692
vt 4.45058966 1.04719758
vt 4.71238899 1.04719758
vt 4.45058966 1.30899692
vt 4.45058966 1.30899692
vt 4.71238899 1.04719758
vt 4.71238899 1.30899692
vt 4.71238899 1.04719758
vt 4.97418833 1.04719758
vt 4.71238899 1.30899692
vt 4.71238899 1.30899692
vt 4.97418833 1.04719758
vt 4.97418833 1.30899692
vt 4.97418833 1.04719758
vt 5.23598766 1.04719758
vt 4.97418833 1.30899692
vt 4.97418833 1.30899692
vt 5.23598766 1.04719758
vt 5.23598766 1.30899692
vt 5.23598766 1.04719758
vt 5.49778700 1.04719758
vt 5.23598766 1.30899692
vt 5.23598766 1.30899692
vt 5.49778700 1.04719758
vt 5.49778700 1.30899692
vt 5.49778700 1.04719758
vt 5.75958633 1.04719758
vt 5.49778700 1.30899692
vt 5.49778700 1.30899692
vt 5.75958633 1.04719758
vt 5.75958633 1.30899692
vt 5.75958633 1.04719758
vt 6.02138615 1.04719758
vt 5.75958633 1.30899692
vt 5.75958633 1.30899692
vt 6.02138615 1.04719758
vt 6.02138615 1.30899692
vt 6.02138615 1.04719758
vt 6.28318548 1.04719758
vt 6.02138615 1.30899692
vt 6.02138615 1.30899692
vt 6.28318548 1.04719758
vt 6.28318548 1.30899692
vt 6.28318548 1.04719758
vt 6.54498482 1.04719758
vt 6.28318548 1.30899692
vt 0.00000000 1.04719758
vt 0.26179940 0.78539819
vt 0.26179940 1.04719758
vt 0.26179940 0.78539819
vt 0.52359879 0.78539819
vt 0.26179940 1.04719758
vt 0.26179940 1.04719758
vt 0.52359879 0.78539819
vt 0.52359879 1.04719758
vt 0.52359879 0.78539819
vt 0.78539819 0.78539819
vt 0.52359879 1.04719758
vt 0.52359879 1.04719758
vt 0.78539819 0.78539819
vt 0.78539819 1.04719758
vt 0.78539819 0.78539819
vt 1.04719758 0.78539819
vt 0.78539819 1.04719758
vt 0.78539819 1.04719758
vt 1.04719758 0.78539819
vt 1.04719758 1.04719758
vt 1.04719758 0.78539819
vt 1.30899692 0.78539819
vt 1.04719758 1.04719758
vt 1.04719758 1.04719758
vt 1.30899692 0.78539819
vt 1.30899692 1.04719758
vt 1.30899692 0.78539819
vt 1.57079637 0.78539819
vt 1.30899692 1.04719758
vt 1.30899692 1.04719758
vt 1.57079637 0.78539819
vt 1.57079637 1.04719758
vt 1.57079637 0.78539819
vt 1.83259571 0.78539819
vt 1.57079637 1.04719758
vt 1.57079637 1.04719758
vt 1.83259571 0.78539819
vt 1.83259571 1.04719758
vt 1.83259571 0.78539819
vt 2.09439516 0.78539819
vt 1.83259571 1.04719758
vt 1.83259571 1.04719758
vt 2.09439516 0.78539819
vt 2.09439516 1.04719758
vt 2.09439516 0.78539819
vt 2.35619450 0.78539819
vt 2.09439516 1.04719758
vt 2.09439516 1.04719758
vt 2.35619450 0.78539819
vt 2.35619450 1.04719758
vt 2.35619450 0.78539819
vt 2.61799383 0.78539819
vt 2.35619450 1.04719758
vt 2.35619450 1.04719758
vt 2.61799383 0.78539819
vt 2.61799383 1.04719758
vt 2.61799383 0.78539819
vt 2.87979317 0.78539819
vt 2.61799383 1.04719758
vt 2.61799383 1.04719758
vt 2.87979317 0.78539819
vt 2.87979317 1.04719758
vt 2.87979317 0.78539819
vt 3.14159274 0.78539819
vt 2.87979317 1.04719758
vt 2.87979317 1.04719758
vt 3.14159274 0.78539819
vt 3.14159274 1.04719758
vt 3.14159274 0.78539819
vt 3.40339208 0.78539819
vt 3.14159274 1.04719758
vt 3.14159274 1.04719758
vt 3.40339208 0.78539819
vt 3.40339208 1.04719758
vt 3.40339208 0.78539819
vt 3.66519141 0.78539819
vt 3.40339208 1.04719758
vt 3.40339208 1.04719758
vt 3.66519141 0.78539819
vt 3.66519141 1.04719758
vt 3.66519141 0.78539819
vt 3.92699075 0.78539819
vt 3.66519141 1.04719758
vt 3.66519141 1.04719758
vt 3.92699075 0.78539819
vt 3.92699075 1.04719758
vt 3.92699075 0.78539819
vt 4.18879032 0.78539819
vt 3.92699075 1.04719758
vt 3.92699075 1.04719758
vt 4.18879032 0.78539819
vt 4.18879032 1.04719758
vt 4.18879032 0.78539819
vt 4.45058966 0.78539819
vt 4.18879032 1.04719758
vt 4.18879032 1.04719758
vt 4.45058966 0.78539819
vt 4.45058966 1.04719758
vt 4.45058966 0.78539819
vt 4.71238899 0.78539819
vt 4.45058966 1.04719758
vt 4.45058966 1.04719758
vt 4.71238899 0.78539819
vt 4.71238899 1.04719758
vt 4.71238899 0.78539819
vt 4.97418833 0.78539819
vt 4.71238899 1.04719758
vt 4.71238899 1.04719758
vt 4.97418833 0.78539819
vt 4.97418833 1.04719758
vt 4.97418833 0.78539819
vt 5.23598766 0.78539819
vt 4.97418833 1.04719758
vt 4.97418833 1.04719758
vt 5.23598766 0.78539819
vt 5.23598766 1.04719758
vt 5.23598766 0.78539819
vt 5.49778700 0.78539819
vt 5.23598766 1.04719758
vt 5.23598766 1.04719758
vt 5.49778700 0.78539819
vt 5.49778700 1.04719758
vt 5.49778700 0.78539819
vt 5.75958633 0.78539819
vt 5.49778700 1.04719758
vt 5.49778700 1.04719758
vt 5.75958633 0.78539819
vt 5.75958633 1.04719758
vt 5.75958633 0.78539819
vt 6.02138615 0.78539819
vt 5.75958633 1.04719758
vt 5.75958633 1.04719758
vt 6.02138615 0.78539819
vt 6.02138615 1.04719758
vt 6.02138615 0.78539819
vt 6.28318548 0.78539819
vt 6.02138615 1.04719758
vt 6.02138615 1.04719758
vt 6.28318548 0.78539819
vt 6.28318548 1.04719758
vt 6.28318548 0.78539819
vt 6.54498482 0.78539819
vt 6.28318548 1.04719758
vt 0.00000000 0.78539819
vt 0.26179940 0.52359879
vt 0.26179940 0.78539819
vt 0.26179940 0.52359879
vt 0.52359879 0.52359879
vt 0.26179940 0.78539819
vt 0.26179940 0.78539819
vt 0.52359879 0.52359879
vt 0.52359879 0.78539819
vt 0.52359879 0.52359879
vt 0.78539819 0.52359879
vt 0.52359879 0.78539819
vt 0.52359879 0.78539819
vt 0.78539819 0.52359879
vt 0.78539819 0.78539819
vt 0.78539819 0.52359879
vt 1.04719758 0.52359879
vt 0.78539819 0.78539819
vt 0.78539819 0.78539819
vt 1.04719758 0.52359879
vt 1.04719758 0.78539819
vt 1.04719758 0.52359879
vt 1.30899692 0.52359879
vt 1.04719758 0.78539819
vt 1.04719758 0.78539819
vt 1.30899692 0.52359879
vt 1.30899692 0.78539819
vt 1.30899692 0.52359879
vt 1.57079637 0.52359879
vt 1.30899692 0.78539819
vt 1.30899692 0.78539819
vt 1.57079637 0.52359879
vt 1.57079637 0.78539819
vt 1.57079637 0.52359879
vt 1.83259571 0.52359879
vt 1.57079637 0.78539819
vt 1.57079637 0.78539819
vt 1.83259571 0.52359879
vt 1.83259571 0.78539819
vt 1.83259571 0.52359879
vt 2.09439516 0.52359879
vt 1.83259571 0.78539819
vt 1.83259571 0.78539819
vt 2.09439516 0.52359879
vt 2.09439516 0.78539819
vt 2.09439516 0.52359879
vt 2.35619450 0.52359879
vt 2.09439516 0.78539819
vt 2.09439516 0.78539819
vt 2.35619450 0.52359879
vt 2.35619450 0.78539819
vt 2.35619450 0.52359879
vt 2.61799383 0.52359879
vt 2.35619450 0.78539819
vt 2.35619450 0.78539819
vt 2.61799383 0.52359879
vt 2.61799383 0.78539819
vt 2.61799383 0.52359879
vt 2.87979317 0.52359879
vt 2.61799383 0.78539819
vt 2.61799383 0.78539819
vt 2.87979317 0.52359879
vt 2.87979317 0.78539819
vt 2.87979317 0.52359879
vt 3.14159274 0.52359879
vt 2.87979317 0.78539819
vt 2.87979317 0.78539819
vt 3.14159274 0.52359879
vt 3.14159274 0.78539819
vt 3.14159274 0.52359879
vt 3.40339208 0.52359879
vt 3.14159274 0.78539819
vt 3.14159274 0.78539819
vt 3.40339208 0.52359879
vt 3.40339208 0.78539819
vt 3.40339208 0.52359879
vt 3.66519141 0.52359879
vt 3.40339208 0.78539819
vt 3.40339208 0.78539819
vt 3.66519141 0.52359879
vt 3.66519141 0.78539819
vt 3.66519141 0.52359879
vt 3.92699075 0.52359879
vt 3.66519141 0.78539819
vt 3.66519141 0.78539819
vt 3.92699075 0.52359879
vt 3.92699075 0.78539819
vt 3.92699075 0.52359879
vt 4.18879032 0.52359879
vt 3.92699075 0.78539819
vt 3.92699075 0.78539819
vt 4.18879032 0.52359879
vt 4.18879032 0.78539819
vt 4.18879032 0.52359879
vt 4.45058966 0.52359879
vt 4.18879032 0.78539819
vt 4.18879032 0.78539819
vt 4.45058966 0.52359879
vt 4.45058966 0.78539819
vt 4.45058966 0.52359879
vt 4.71238899 0.52359879
vt 4.45058966 0.78539819
vt 4.45058966 0.78539819
vt 4.71238899 0.52359879
vt 4.71238899 0.78539819
vt 4.71238899 0.52359879
vt 4.97418833 0.52359879
vt 4.71238899 0.78539819
vt 4.71238899 0.78539819
vt 4.97418833 0.52359879
vt 4.97418833 0.78539819
vt 4.97418833 0.52359879
vt 5.23598766 0.52359879
vt 4.97418833 0.78539819
vt 4.97418833 0.78539819
vt 5.23598766 0.52359879
vt 5.23598766 0.78539819
vt 5.23598766 0.52359879
vt 5.49778700 0.52359879
vt 5.23598766 0.78539819
vt 5.23598766 0.78539819
vt 5.49778700 0.52359879
vt 5.49778700 0.78539819
vt 5.49778700 0.52359879
vt 5.75958633 0.52359879
vt 5.49778700 0.78539819
vt 5.49778700 0.78539819
vt 5.75958633 0.52359879
vt 5.75958633 0.78539819
vt 5.75958633 0.52359879
vt 6.02138615 0.52359879
vt 5.75958633 0.78539819
vt 5.75958633 0.78539819
vt 6.02138615 0.52359879
vt 6.02138615 0.78539819
vt 6.02138615 0.52359879
vt 6.28318548 0.52359879
vt 6.02138615 0.78539819
vt 6.02138615 0.78539819
vt 6.28318548 0.52359879
vt 6.28318548 0.78539819
vt 6.28318548 0.52359879
vt 6.54498482 0.52359879
vt 6.28318548 0.78539819
vt 0.00000000 0.52359879
vt 0.26179940 0.26179940
vt 0.26179940 0.52359879
vt 0.26179940 0.26179940
vt 0.52359879 0.26179940
vt 0.26179940 0.52359879
vt 0.26179940 0.52359879
vt 0.52359879 0.26179940
vt 0.52359879 0.52359879
vt 0.52359879 0.26179940
vt 0.78539819 0.26179940
vt 0.52359879 0.52359879
vt 0.52359879 0.52359879
vt 0.78539819 0.26179940
vt 0.78539819 0.52359879
vt 0.78539819 0.26179940
vt 1.04719758 0.26179940
vt 0.78539819 0.52359879
vt 0.78539819 0.52359879
vt 1.04719758 0.26179940
vt 1.04719758 0.52359879
vt 1.04719758 0.26179940
vt 1.30899692 0.26179940
vt 1.04719758 0.52359879
vt 1.04719758 0.52359879
vt 1.30899692 0.26179940
vt 1.30899692 0.52359879
vt 1.30899692 0.26179940
vt 1.57079637 0.26179940
vt 1.30899692 0.52359879
vt 1.30899692 0.52359879
vt 1.57079637 0.26179940
vt 1.57079637 0.52359879
vt 1.57079637 0.26179940
vt 1.83259571 0.26179940
vt 1.57079637 0.52359879
vt 1.57079637 0.52359879
vt 1.83259571 0.26179940
vt 1.83259571 0.52359879
vt 1.83259571 0.26179940
vt 2.09439516 0.26179940
vt 1.83259571 0.52359879
vt 1.83259571 0.52359879
vt 2.09439516 0.26179940
vt 2.09439516 0.52359879
vt 2.09439516 0.26179940
vt 2.35619450 0.26179940
vt 2.09439516 0.52359879
vt 2.09439516 0.52359879
vt 2.35619450 0.26179940
vt 2.35619450 0.52359879
vt 2.35619450 0.26179940
vt 2.61799383 0.26179940
vt 2.35619450 0.52359879
vt 2.35619450 0.52359879
vt 2.61799383 0.26179940
vt 2.61799383 0.52359879
vt 2.61799383 0.26179940
vt 2.87979317 0.26179940
vt 2.61799383 0.52359879
vt 2.61799383 0.52359879
vt 2.87979317 0.26179940
vt 2.87979317 0.52359879
vt 2.87979317 0.26179940
vt 3.14159274 0.26179940
vt 2.87979317 0.52359879
vt 2.87979317 0.52359879
vt 3.14159274 0.26179940
vt 3.14159274 0.52359879
vt 3.14159274 0.26179940
vt 3.40339208 0.26179940
vt 3.14159274 0.52359879
vt 3.14159274 0.52359879
vt 3.40339208 0.26179940
vt 3.40339208 0.52359879
vt 3.40339208 0.26179940
vt 3.66519141 0.26179940
vt 3.40339208 0.52359879
vt 3.40339208 0.52359879
vt 3.66519141 0.26179940
vt 3.66519141 0.52359879
vt 3.66519141 0.26179940
vt 3.92699075 0.26179940
vt 3.66519141 0.52359879
vt 3.66519141 0.52359879
vt 3.92699075 0.26179940
vt 3.92699075 0.52359879
vt 3.92699075 0.26179940
vt 4.18879032 0.26179940
vt 3.92699075 0.52359879
vt 3.92699075 0.52359879
vt 4.18879032 0.26179940
vt 4.18879032 0.52359879
vt 4.18879032 0.26179940
vt 4.45058966 0.26179940
vt 4.18879032 0.52359879
vt 4.18879032 0.52359879
vt 4.45058966 0.26179940
vt 4.45058966 0.52359879
vt 4.45058966 0.26179940
vt 4.71238899 0.26179940
vt 4.45058966 0.52359879
vt 4.45058966 0.52359879
vt 4.71238899 0.26179940
vt 4.71238899 0.52359879
vt 4.71238899 0.26179940
vt 4.97418833 0.26179940
vt 4.71238899 0.52359879
vt 4.71238899 0.52359879
vt 4.97418833 0.26179940
vt 4.97418833 0.52359879
vt 4.97418833 0.26179940
vt 5.23598766 0.26179940
vt 4.97418833 0.52359879
vt 4.97418833 0.52359879
vt 5.23598766 0.26179940
vt 5.23598766 0.52359879
vt 5.23598766 0.26179940
vt 5.49778700 0.26179940
vt 5.23598766 0.52359879
vt 5.23598766 0.52359879
vt 5.49778700 0.26179940
vt 5.49778700 0.52359879
vt 5.49778700 0.26179940
vt 5.75958633 0.26179940
vt 5.49778700 0.52359879
vt 5.49778700 0.52359879
vt 5.75958633 0.26179940
vt 5.75958633 0.52359879
vt 5.75958633 0.26179940
vt 6.02138615 0.26179940
vt 5.75958633 0.52359879
vt 5.75958633 0.52359879
vt 6.02138615 0.26179940
vt 6.02138615 0.52359879
vt 6.02138615 0.26179940
vt 6.28318548 0.26179940
vt 6.02138615 0.52359879
vt 6.02138615 0.52359879
vt 6.28318548 0.26179940
vt 6.28318548 0.52359879
vt 6.28318548 0.26179940
vt 6.54498482 0.26179940
vt 6.28318548 0.52359879
vt 0.00000000 0.26179940
vt 0.26179940 0.00000000
vt 0.26179940 0.26179940
vt 0.26179940 0.00000000
vt 0.52359879 0.00000000
vt 0.26179940 0.26179940
vt 0.26179940 0.26179940
vt 0.52359879 0.00000000
vt 0.52359879 0.26179940
vt 0.52359879 0.00000000
vt 0.78539819 0.00000000
vt 0.52359879 0.26179940
vt 0.52359879 0.26179940
vt 0.78539819 0.00000000
vt 0.78539819 0.26179940
vt 0.78539819 0.00000000
vt 1.04719758 0.00000000
vt 0.78539819 0.26179940
vt 0.78539819 0.26179940
vt 1.04719758 0.00000000
vt 1.04719758 0.26179940
vt 1.04719758 0.00000000
vt 1.30899692 0.00000000
vt 1.04719758 0.26179940
vt 1.04719758 0.26179940
vt 1.30899692 0.00000000
vt 1.30899692 0.26179940
vt 1.30899692 0.00000000
vt 1.57079637 0.00000000
vt 1.30899692 0.26179940
vt 1.30899692 0.26179940
vt 1.57079637 0.00000000
vt 1.57079637 0.26179940
vt 1.57079637 0.00000000
vt 1.83259571 0.00000000
vt 1.57079637 0.26179940
vt 1.57079637 0.26179940
vt 1.83259571 0.00000000
vt 1.83259571 0.26179940
vt 1.83259571 0.00000000
vt 2.09439516 0.00000000
vt 1.83259571 0.26179940
vt 1.83259571 0.26179940
vt 2.09439516 0.00000000
vt 2.09439516 0.26179940
vt 2.09439516 0.00000000
vt 2.35619450 0.00000000
vt 2.09439516 0.26179940
vt 2.09439516 0.26179940
vt 2.35619450 0.00000000
vt 2.35619450 0.26179940
vt 2.35619450 0.00000000
vt 2.61799383 0.00000000
vt 2.35619450 0.26179940
vt 2.35619450 0.26179940
vt 2.61799383 0.00000000
vt 2.61799383 0.26179940
vt 2.61799383 0.00000000
vt 2.87979317 0.00000000
vt 2.61799383 0.26179940
vt 2.61799383 0.26179940
vt 2.87979317 0.00000000
vt 2.87979317 0.26179940
vt 2.87979317 0.00000000
vt 3.14159274 0.00000000
vt 2.87979317 0.26179940
vt 2.87979317 0.26179940
vt 3.14159274 0.00000000
vt 3.14159274 0.26179940
vt 3.14159274 0.00000000
vt 3.40339208 0.00000000
vt 3.14159274 0.26179940
vt 3.14159274 0.26179940
vt 3.40339208 0.00000000
vt 3.40339208 0.26179940
vt 3.40339208 0.00000000
vt 3.66519141 0.00000000
vt 3.40339208 0.26179940
vt 3.40339208 0.26179940
vt 3.66519141 0.00000000
vt 3.66519141 0.26179940
vt 3.66519141 0.00000000
vt 3.92699075 0.00000000
vt 3.66519141 0.26179940
vt 3.66519141 0.26179940
vt 3.92699075 0.00000000
vt 3.92699075 0.26179940
vt 3.92699075 0.00000000
vt 4.18879032 0.00000000
vt 3.92699075 0.26179940
vt 3.92699075 0.26179940
vt 4.18879032 0.00000000
vt 4.18879032 0.26179940
vt 4.18879032 0.00000000
vt 4.45058966 0.00000000
vt 4.18879032 0.26179940
vt 4.18879032 0.26179940
vt 4.45058966 0.00000000
vt 4.45058966 0.26179940
vt 4.45058966 0.00000000
vt 4.71238899 0.00000000
vt 4.45058966 0.26179940
vt 4.45058966 0.26179940
vt 4.71238899 0.00000000
vt 4.71238899 0.26179940
vt 4.71238899 0.00000000
vt 4.97418833 0.00000000
vt 4.71238899 0.26179940
vt 4.71238899 0.26179940
vt 4.97418833 0.00000000
vt 4.97418833 0.26179940
vt 4.97418833 0.00000000
vt 5.23598766 0.00000000
vt 4.97418833 0.26179940
vt 4.97418833 0.26179940
vt 5.23598766 0.00000000
vt 5.23598766 0.26179940
vt 5.23598766 0.00000000
vt 5.49778700 0.00000000
vt 5.23598766 0.26179940
vt 5.23598766 0.26179940
vt 5.49778700 0.00000000
vt 5.49778700 0.26179940
vt 5.49778700 0.00000000
vt 5.75958633 0.00000000
vt 5.49778700 0.26179940
vt 5.49778700 0.26179940
vt 5.75958633 0.00000000
vt 5.75958633 0.26179940
vt 5.75958633 0.00000000
vt 6.02138615 0.00000000
vt 5.75958633 0.26179940
vt 5.75958633 0.26179940
vt 6.02138615 0.00000000
vt 6.02138615 0.26179940
vt 6.02138615 0.00000000
vt 6.28318548 -0.00000000
vt 6.02138615 0.26179940
vt 6.02138615 0.26179940
vt 6.28318548 -0.00000000
vt 6.28318548 0.26179940
vt 6.28318548 -0.00000000
vt 6.54498482 0.00000000
vt 6.28318548 0.26179940
vt 0.39269909 -0.00057735
vt 0.26179940 0.00000000
vt 0.52359879 0.00000000
vt 0.00000000 0.00000000
vt 0.26179940 0.00000000
vt 0.13089970 -0.00057735
vt 1.17809725 -0.00057735
vt 1.04719758 -0.00000000
vt 1.30899692 0.00000000
vt 0.78539819 0.00000000
vt 1.04719758 -0.00000000
vt 0.91629785 -0.00057735
vt 0.52359879 0.00000000
vt 0.78539819 0.00000000
vt 0.65449846 -0.00057735
vt 1.96349537 -0.00057735
vt 1.83259571 0.00000000
vt 2.09439516 0.00000000
vt 1.57079637 0.00000000
vt 1.83259571 0.00000000
vt 1.70169604 -0.00057735
vt 1.30899692 0.00000000
vt 1.57079637 0.00000000
vt 1.43989658 -0.00057735
vt 2.74889350 -0.00057735
vt 2.61799383 0.00000000
vt 2.87979317 0.00000000
vt 2.35619450 0.00000000
vt 2.61799383 0.00000000
vt 2.48709416 -0.00057735
vt 2.09439516 0.00000000
vt 2.35619450 0.00000000
vt 2.22529483 -0.00057735
vt 3.53429174 -0.00057735
vt 3.40339208 0.00000000
vt 3.66519141 0.00000000
vt 3.14159274 0.00000000
vt 3.40339208 0.00000000
vt 3.27249241 -0.00057735
vt 2.87979317 0.00000000
vt 3.14159274 0.00000000
vt 3.01069307 -0.00057735
vt 4.31968975 -0.00057735
vt 4.18879032 -0.00000000
vt 4.45058966 0.00000000
vt 3.92699075 0.00000000
vt 4.18879032 -0.00000000
vt 4.05789042 -0.00057735
vt 3.66519141 0.00000000
vt 3.92699075 0.00000000
vt 3.79609108 -0.00057735
vt 5.10508823 -0.00057735
vt 4.97418833 0.00000000
vt 5.23598766 -0.00000000
vt 4.71238899 0.00000000
vt 4.97418833 0.00000000
vt 4.84328890 -0.00057735
vt 4.45058966 0.00000000
vt 4.71238899 0.00000000
vt 4.58148909 -0.00057735
vt 5.89048624 -0.00057735
vt 5.75958633 0.00000000
vt 6.02138615 0.00000000
vt 5.49778700 0.00000000
vt 5.75958633 0.00000000
vt 5.62868690 -0.00057735
vt 5.23598766 -0.00000000
vt 5.49778700 0.00000000
vt 5.36688757 -0.00057735
vt 6.02138615 0.00000000
vt 6.28318548 0.00000000
vt 6.15228558 -0.00057735
vt -0.00074510 -0.00392329
vt -0.00078511 -0.00544368
vt -0.00110687 -0.00377344
vt -0.00078511 -0.00544368
vt -0.00153902 -0.00523166
vt -0.00110687 -0.00377344
vt -0.00110687 -0.00377344
vt -0.00153902 -0.00523166
vt -0.00141753 -0.00353506
vt -0.00153902 -0.00523166
vt -0.00221238 -0.00483175
vt -0.00141753 -0.00353506
vt -0.00141753 -0.00353506
vt -0.00221238 -0.00483175
vt -0.00165591 -0.00322440
vt -0.00221238 -0.00483175
vt -0.00275928 -0.00427118
vt -0.00165591 -0.00322440
vt -0.00165591 -0.00322440
vt -0.00275928 -0.00427118
vt -0.00180576 -0.00286263
vt -0.00275928 -0.00427118
vt -0.00314246 -0.00358817
vt -0.00180576 -0.00286263
vt -0.00180576 -0.00286263
vt -0.00314246 -0.00358817
vt -0.00185687 -0.00247440
vt -0.00314246 -0.00358817
vt -0.00333581 -0.00282925
vt -0.00185687 -0.00247440
vt -0.00185687 -0.00247440
vt -0.00333581 -0.00282925
vt -0.00180576 -0.00208617
vt -0.00333581 -0.00282925
vt -0.00332615 -0.00204616
vt -0.00180576 -0.00208617
vt -0.00180576 -0.00208617
vt -0.00332615 -0.00204616
vt -0.00165591 -0.00172440
vt -0.00332615 -0.00204616
vt -0.00311413 -0.00129224
vt -0.00165591 -0.00172440
vt -0.00165591 -0.00172440
vt -0.00311413 -0.00129224
vt -0.00141753 -0.00141374
vt -0.00311413 -0.00129224
vt -0.00271422 -0.00061889
vt -0.00141753 -0.00141374
vt -0.00141753 -0.00141374
vt -0.00271422 -0.00061889
vt -0.00110687 -0.00117536
vt -0.00271422 -0.00061889
vt -0.00215365 -0.00007199
vt -0.00110687 -0.00117536
vt -0.00110687 -0.00117536
vt -0.00215365 -0.00007199
vt -0.00074510 -0.00102551
vt -0.00215365 -0.00007199
vt -0.00147064 0.00031119
vt -0.00074510 -0.00102551
vt -0.00074510 -0.00102551
vt -0.00147064 0.00031119
vt -0.00035687 -0.00097440
vt -0.00147064 0.00031119
vt -0.00071172 0.00050454
vt -0.00035687 -0.00097440
vt -0.00035687 -0.00097440
vt -0.00071172 0.00050454
vt 0.00003136 -0.00102551
vt -0.00071172 0.00050454
vt 0.00007137 0.00049488
vt 0.00003136 -0.00102551
vt 0.00003136 -0.00102551
vt 0.00007137 0.00049488
vt 0.00039313 -0.00117536
vt 0.00007137 0.00049488
vt 0.00082529 0.00028287
vt 0.00039313 -0.00117536
vt 0.00039313 -0.00117536
vt 0.00082529 0.00028287
vt 0.00070379 -0.00141374
vt 0.00082529 0.00028287
vt 0.00149864 -0.00011705
vt 0.00070379 -0.00141374
vt 0.00070379 -0.00141374
vt 0.00149864 -0.00011705
vt 0.00094217 -0.00172440
vt 0.00149864 -0.00011705
vt 0.00204554 -0.00067761
vt 0.00094217 -0.00172440
vt 0.00094217 -0.00172440
vt 0.00204554 -0.00067761
vt 0.00109202 -0.00208617
vt 0.00204554 -0.00067761
vt 0.00242872 -0.00136063
vt 0.00109202 -0.00208617
vt 0.00109202 -0.00208617
vt 0.00242872 -0.00136063
vt 0.00114313 -0.00247440
vt 0.00242872 -0.00136063
vt 0.00262207 -0.00211954
vt 0.00114313 -0.00247440
vt 0.00114313 -0.00247440
vt 0.00262207 -0.00211954
vt 0.00109202 -0.00286263
vt 0.00262207 -0.00211954
vt 0.00261241 -0.00290264
vt 0.00109202 -0.00286263
vt 0.00109202 -0.00286263
vt 0.00261241 -0.00290264
vt 0.00094217 -0.00322440
vt 0.00261241 -0.00290264
vt 0.00240040 -0.00365655
vt 0.00094217 -0.00322440
vt 0.00094217 -0.00322440
vt 0.00240040 -0.00365655
vt 0.00070379 -0.00353506
vt 0.00240040 -0.00365655
vt 0.00200048 -0.00432991
vt 0.00070379 -0.00353506
vt 0.00070379 -0.00353506
vt 0.00200048 -0.00432991
vt 0.00039313 -0.00377344
vt 0.00200048 -0.00432991
vt 0.00143991 -0.00487681
vt 0.00039313 -0.00377344
vt 0.00039313 -0.00377344
vt 0.00143991 -0.00487681
vt 0.00003136 -0.00392329
vt 0.00143991 -0.00487681
vt 0.00075690 -0.00525999
vt 0.00003136 -0.00392329
vt 0.00003136 -0.00392329
vt 0.00075690 -0.00525999
vt -0.00035687 -0.00397440
vt 0.00075690 -0.00525999
vt -0.00000201 -0.00545334
vt -0.00035687 -0.00397440
vt -0.00035687 -0.00397440
vt -0.00000201 -0.00545334
vt -0.00074510 -0.00392329
vt -0.00000201 -0.00545334
vt -0.00078511 -0.00544368
vt -0.00074510 -0.00392329
vt 0.00221238 -0.00483175
vt 0.00153902 -0.00523166
vt 0.00081436 -0.00390293
vt 0.00153902 -0.00523166
vt 0.00078511 -0.00544368
vt 0.00081436 -0.00390293
vt 0.00081436 -0.00390293
vt 0.00078511 -0.00544368
vt 0.00042904 -0.00397266
vt 0.00078511 -0.00544368
vt 0.00035687 -0.00547440
vt 0.00042904 -0.00397266
vt 0.00042904 -0.00397266
vt 0.00035687 -0.00547440
vt 0.00003880 -0.00394029
vt 0.00035687 -0.00547440
vt 0.00000201 -0.00545334
vt 0.00003880 -0.00394029
vt 0.00003880 -0.00394029
vt 0.00000201 -0.00545334
vt -0.00032976 -0.00380802
vt 0.00000201 -0.00545334
vt -0.00075690 -0.00525999
vt -0.00032976 -0.00380802
vt -0.00032976 -0.00380802
vt -0.00075690 -0.00525999
vt -0.00065153 -0.00358486
vt -0.00075690 -0.00525999
vt -0.00143991 -0.00487681
vt -0.00065153 -0.00358486
vt -0.00065153 -0.00358486
vt -0.00143991 -0.00487681
vt -0.00090458 -0.00328603
vt -0.00143991 -0.00487681
vt -0.00200048 -0.00432991
vt -0.00090458 -0.00328603
vt -0.00090458 -0.00328603
vt -0.00200048 -0.00432991
vt -0.00107166 -0.00293189
vt -0.00200048 -0.00432991
vt -0.00240040 -0.00365655
vt -0.00107166 -0.00293189
vt -0.00107166 -0.00293189
vt -0.00240040 -0.00365655
vt -0.00114139 -0.00254657
vt -0.00240040 -0.00365655
vt -0.00261241 -0.00290264
vt -0.00114139 -0.00254657
vt -0.00114139 -0.00254657
vt -0.00261241 -0.00290264
vt -0.00110902 -0.00215633
vt -0.00261241 -0.00290264
vt -0.00262207 -0.00211954
vt -0.00110902 -0.00215633
vt -0.00110902 -0.00215633
vt -0.00262207 -0.00211954
vt -0.00097675 -0.00178777
vt -0.00262207 -0.00211954
vt -0.00242872 -0.00136063
vt -0.00097675 -0.00178777
vt -0.00097675 -0.00178777
vt -0.00242872 -0.00136063
vt -0.00075359 -0.00146600
vt -0.00242872 -0.00136063
vt -0.00204554 -0.00067761
vt -0.00075359 -0.00146600
vt -0.00075359 -0.00146600
vt -0.00204554 -0.00067761
vt -0.00045476 -0.00121295
vt -0.00204554 -0.00067761
vt -0.00149864 -0.00011705
vt -0.00045476 -0.00121295
vt -0.00045476 -0.00121295
vt -0.00149864 -0.00011705
vt -0.00010062 -0.00104587
vt -0.00149864 -0.00011705
vt -0.00082529 0.00028287
vt -0.00010062 -0.00104587
vt -0.00010062 -0.00104587
vt -0.00082529 0.00028287
vt 0.00028470 -0.00097613
vt -0.00082529 0.00028287
vt -0.00007137 0.00049488
vt 0.00028470 -0.00097613
vt 0.00028470 -0.00097613
vt -0.00007137 0.00049488
vt 0.00067494 -0.00100851
vt -0.00007137 0.00049488
vt 0.00071172 0.00050454
vt 0.00067494 -0.00100851
vt 0.00067494 -0.00100851
vt 0.00071172 0.00050454
vt 0.00104350 -0.00114078
vt 0.00071172 0.00050454
vt 0.00147064 0.00031119
vt 0.00104350 -0.00114078
vt 0.00104350 -0.00114078
vt 0.00147064 0.00031119
vt 0.00136527 -0.00136394
vt 0.00147064 0.00031119
vt 0.00215365 -0.00007199
vt 0.00136527 -0.00136394
vt 0.00136527 -0.00136394
vt 0.00215365 -0.00007199
vt 0.00161832 -0.00166277
vt 0.00215365 -0.00007199
vt 0.00271422 -0.00061889
vt 0.00161832 -0.00166277
vt 0.00161832 -0.00166277
vt 0.00271422 -0.00061889
vt 0.00178540 -0.00201691
vt 0.00271422 -0.00061889
vt 0.00311413 -0.00129224
vt 0.00178540 -0.00201691
vt 0.00178540 -0.00201691
vt 0.00311413 -0.00129224
vt 0.00185513 -0.00240223
vt 0.00311413 -0.00129224
vt 0.00332615 -0.00204616
vt 0.00185513 -0.00240223
vt 0.00185513 -0.00240223
vt 0.00332615 -0.00204616
vt 0.00182276 -0.00279247
vt 0.00332615 -0.00204616
vt 0.00333581 -0.00282925
vt 0.00182276 -0.00279247
vt 0.00182276 -0.00279247
vt 0.00333581 -0.00282925
vt 0.00169049 -0.00316103
vt 0.00333581 -0.00282925
vt 0.00314246 -0.00358817
vt 0.00169049 -0.00316103
vt 0.00169049 -0.00316103
vt 0.00314246 -0.00358817
vt 0.00146733 -0.00348280
vt 0.00314246 -0.00358817
vt 0.00275928 -0.00427118
vt 0.00146733 -0.00348280
vt 0.00146733 -0.00348280
vt 0.00275928 -0.00427118
vt 0.00116850 -0.00373585
vt 0.00275928 -0.00427118
vt 0.00221238 -0.00483175
vt 0.00116850 -0.00373585
vt 0.00116850 -0.00373585
vt 0.00221238 -0.00483175
vt 0.00081436 -0.00390293
vt -0.14323667 -0.02720000
vt -0.14323667 -0.02500000
vt 0.00000000 -0.02720000
vt -0.14323667 -0.02500000
vt 0.00000000 -0.02500000
vt 0.00000000 -0.02720000
vt 0.00000000 -0.02720000
vt 0.00000000 -0.02500000
vt 0.26179940 -0.02720000
vt 0.00000000 -0.02500000
vt 0.26179940 -0.02500000
vt 0.26179940 -0.02720000
vt 0.26179940 -0.02720000
vt 0.26179940 -0.02500000
vt 0.52359879 -0.02720000
vt 0.26179940 -0.02500000
vt 0.52359879 -0.02500000
vt 0.52359879 -0.02720000
vt 0.52359879 -0.02720000
vt 0.52359879 -0.02500000
vt 0.78539819 -0.02720000
vt 0.52359879 -0.02500000
vt 0.78539819 -0.02500000
vt 0.78539819 -0.02720000
vt 0.78539819 -0.02720000
vt 0.78539819 -0.02500000
vt 1.04719758 -0.02720000
vt 0.78539819 -0.02500000
vt 1.04719758 -0.02500000
vt 1.04719758 -0.02720000
vt 1.04719758 -0.02720000
vt 1.04719758 -0.02500000
vt 1.30899692 -0.02720000
vt 1.04719758 -0.02500000
vt 1.30899692 -0.02500000
vt 1.30899692 -0.02720000
vt 1.30899692 -0.02720000
vt 1.30899692 -0.02500000
vt 1.57079637 -0.02720000
vt 1.30899692 -0.02500000
vt 1.57079637 -0.02500000
vt 1.57079637 -0.02720000
vt 1.57079637 -0.02720000
vt 1.57079637 -0.02500000
vt 1.83259571 -0.02720000
vt 1.57079637 -0.02500000
vt 1.83259571 -0.02500000
vt 1.83259571 -0.02720000
vt 1.83259571 -0.02720000
vt 1.83259571 -0.02500000
vt 2.09439516 -0.02720000
vt 1.83259571 -0.02500000
vt 2.09439516 -0.02500000
vt 2.09439516 -0.02720000
vt 2.09439516 -0.02720000
vt 2.09439516 -0.02500000
vt 2.35619450 -0.02720000
vt 2.09439516 -0.02500000
vt 2.35619450 -0.02500000
vt 2.35619450 -0.02720000
vt 2.35619450 -0.02720000
vt 2.35619450 -0.02500000
vt 2.61799383 -0.02720000
vt 2.35619450 -0.02500000
vt 2.61799383 -0.02500000
vt 2.61799383 -0.02720000
vt 2.61799383 -0.02720000
vt 2.61799383 -0.02500000
vt 2.87979317 -0.02720000
vt 2.61799383 -0.02500000
vt 2.87979317 -0.02500000
vt 2.87979317 -0.02720000
vt 2.87979317 -0.02720000
vt 2.87979317 -0.02500000
vt 3.14159274 -0.02720000
vt 2.87979317 -0.02500000
vt 3.14159274 -0.02500000
vt 3.14159274 -0.02720000
vt 3.14159274 -0.02720000
vt 3.14159274 -0.02500000
vt 3.40339208 -0.02720000
vt 3.14159274 -0.02500000
vt 3.40339208 -0.02500000
vt 3.40339208 -0.02720000
vt 3.40339208 -0.02720000
vt 3.40339208 -0.02500000
vt 3.66519141 -0.02720000
vt 3.40339208 -0.02500000
vt 3.66519141 -0.02500000
vt 3.66519141 -0.02720000
vt 3.66519141 -0.02720000
vt 3.66519141 -0.02500000
vt 3.92699075 -0.02720000
vt 3.66519141 -0.02500000
vt 3.92699075 -0.02500000
vt 3.92699075 -0.02720000
vt 3.92699075 -0.02720000
vt 3.92699075 -0.02500000
vt 4.18879032 -0.02720000
vt 3.92699075 -0.02500000
vt 4.18879032 -0.02500000
vt 4.18879032 -0.02720000
vt 4.18879032 -0.02720000
vt 4.18879032 -0.02500000
vt 4.45058966 -0.02720000
vt 4.18879032 -0.02500000
vt 4.45058966 -0.02500000
vt 4.45058966 -0.02720000
vt 4.45058966 -0.02720000
vt 4.45058966 -0.02500000
vt 4.71238899 -0.02720000
vt 4.45058966 -0.02500000
vt 4.71238899 -0.02500000
vt 4.71238899 -0.02720000
vt 4.71238899 -0.02720000
vt 4.71238899 -0.02500000
vt 4.97418833 -0.02720000
vt 4.71238899 -0.02500000
vt 4.97418833 -0.02500000
vt 4.97418833 -0.02720000
vt 4.97418833 -0.02720000
vt 4.97418833 -0.02500000
vt 5.23598766 -0.02720000
vt 4.97418833 -0.02500000
vt 5.23598766 -0.02500000
vt 5.23598766 -0.02720000
vt 5.23598766 -0.02720000
vt 5.23598766 -0.02500000
vt 5.49778700 -0.02720000
vt 5.23598766 -0.02500000
vt 5.49778700 -0.02500000
vt 5.49778700 -0.02720000
vt 5.49778700 -0.02720000
vt 5.49778700 -0.02500000
vt 5.75958633 -0.02720000
vt 5.49778700 -0.02500000
vt 5.75958633 -0.02500000
vt 5.75958633 -0.02720000
vt 5.75958633 -0.02720000
vt 5.75958633 -0.02500000
vt 6.02138615 -0.02720000
vt 5.75958633 -0.02500000
vt 6.02138615 -0.02500000
vt 6.02138615 -0.02720000
vt 6.02138615 -0.02720000
vt 6.02138615 -0.02500000
vt 6.13994884 -0.02720000
vt 6.02138615 -0.02500000
vt 6.13994884 -0.02500000
vt 6.13994884 -0.02720000
vt 0.26179940 -0.00030000
vt 0.26179940 -0.00000000
vt 0.52359879 -0.00030000
vt 0.26179940 -0.00000000
vt 0.52359879 -0.00000000
vt 0.52359879 -0.00030000
vt 0.52359879 -0.00030000
vt 0.52359879 -0.00000000
vt 0.78539819 -0.00030000
vt 0.52359879 -0.00000000
vt 0.78539819 -0.00000000
vt 0.78539819 -0.00030000
vt 0.78539819 -0.00030000
vt 0.78539819 -0.00000000
vt 1.04719758 -0.00030000
vt 0.78539819 -0.00000000
vt 1.04719758 -0.00000000
vt 1.04719758 -0.00030000
vt 1.04719758 -0.00030000
vt 1.04719758 -0.00000000
vt 1.30899692 -0.00030000
vt 1.04719758 -0.00000000
vt 1.30899692 -0.00000000
vt 1.30899692 -0.00030000
vt 1.30899692 -0.00030000
vt 1.30899692 -0.00000000
vt 1.57079637 -0.00030000
vt 1.30899692 -0.00000000
vt 1.57079637 -0.00000000
vt 1.57079637 -0.00030000
vt 1.57079637 -0.00030000
vt 1.57079637 -0.00000000
vt 1.83259571 -0.00030000
vt 1.57079637 -0.00000000
vt 1.83259571 -0.00000000
vt 1.83259571 -0.00030000
vt 1.83259571 -0.00030000
vt 1.83259571 -0.00000000
vt 2.09439516 -0.00030000
vt 1.83259571 -0.00000000
vt 2.09439516 -0.00000000
vt 2.09439516 -0.00030000
vt 2.09439516 -0.00030000
vt 2.09439516 -0.00000000
vt 2.35619450 -0.00030000
vt 2.09439516 -0.00000000
vt 2.35619450 -0.00000000
vt 2.35619450 -0.00030000
vt 2.35619450 -0.00030000
vt 2.35619450 -0.00000000
vt 2.61799383 -0.00030000
vt 2.35619450 -0.00000000
vt 2.61799383 -0.00000000
vt 2.61799383 -0.00030000
vt 2.61799383 -0.00030000
vt 2.61799383 -0.00000000
vt 2.87979317 -0.00030000
vt 2.61799383 -0.00000000
vt 2.87979317 -0.00000000
vt 2.87979317 -0.00030000
vt 2.87979317 -0.00030000
vt 2.87979317 -0.00000000
vt 3.14159274 -0.00030000
vt 2.87979317 -0.00000000
vt 3.14159274 -0.00000000
vt 3.14159274 -0.00030000
vt 3.14159274 -0.00030000
vt 3.14159274 -0.00000000
vt 3.40339208 -0.00030000
vt 3.14159274 -0.00000000
vt 3.40339208 -0.00000000
vt 3.40339208 -0.00030000
vt 3.40339208 -0.00030000
vt 3.40339208 -0.00000000
vt 3.66519141 -0.00030000
vt 3.40339208 -0.00000000
vt 3.66519141 -0.00000000
vt 3.66519141 -0.00030000
vt 3.66519141 -0.00030000
vt 3.66519141 -0.00000000
vt 3.92699075 -0.00030000
vt 3.66519141 -0.00000000
vt 3.92699075 -0.00000000
vt 3.92699075 -0.00030000
vt 3.92699075 -0.00030000
vt 3.92699075 -0.00000000
vt 4.18879032 -0.00030000
vt 3.92699075 -0.00000000
vt 4.18879032 -0.00000000
vt 4.18879032 -0.00030000
vt 4.18879032 -0.00030000
vt 4.18879032 -0.00000000
vt 4.45058966 -0.00030000
vt 4.18879032 -0.00000000
vt 4.45058966 -0.00000000
vt 4.45058966 -0.00030000
vt 4.45058966 -0.00030000
vt 4.45058966 -0.00000000
vt 4.71238899 -0.00030000
vt 4.45058966 -0.00000000
vt 4.71238899 -0.00000000
vt 4.71238899 -0.00030000
vt 4.71238899 -0.00030000
vt 4.71238899 -0.00000000
vt 4.97418833 -0.00030000
vt 4.71238899 -0.00000000
vt 4.97418833 -0.00000000
vt 4.97418833 -0.00030000
vt 4.97418833 -0.00030000
vt 4.97418833 -0.00000000
vt 5.23598766 -0.00030000
vt 4.97418833 -0.00000000
vt 5.23598766 -0.00000000
vt 5.23598766 -0.00030000
vt 5.23598766 -0.00030000
vt 5.23598766 -0.00000000
vt 5.49778700 -0.00030000
vt 5.23598766 -0.00000000
vt 5.49778700 -0.00000000
vt 5.49778700 -0.00030000
vt 5.49778700 -0.00030000
vt 5.49778700 -0.00000000
vt 5.75958633 -0.00030000
vt 5.49778700 -0.00000000
vt 5.75958633 -0.00000000
vt 5.75958633 -0.00030000
vt 5.75958633 -0.00030000
vt 5.75958633 -0.00000000
vt 6.02138615 -0.00030000
vt 5.75958633 -0.00000000
vt 6.02138615 -0.00000000
vt 6.02138615 -0.00030000
vt 6.02138615 -0.00030000
vt 6.02138615 -0.00000000
vt 6.28318548 -0.00030000
vt 6.02138615 -0.00000000
vt 6.28318548 0.00000000
vt 6.28318548 -0.00030000
vt 6.28318548 -0.00030000
vt 6.28318548 0.00000000
vt 6.54498482 -0.00030000
vt 6.28318548 0.00000000
vt 6.54498482 -0.00000000
vt 6.54498482 -0.00030000
vt 0.26179940 0.00000000
vt 0.26179940 0.00030000
vt 0.52359879 0.00000000
vt 0.26179940 0.00030000
vt 0.52359879 0.00030000
vt 0.52359879 0.00000000
vt 0.52359879 0.00000000
vt 0.52359879 0.00030000
vt 0.78539819 0.00000000
vt 0.52359879 0.00030000
vt 0.78539819 0.00030000
vt 0.78539819 0.00000000
vt 0.78539819 0.00000000
vt 0.78539819 0.00030000
vt 1.04719758 0.00000000
vt 0.78539819 0.00030000
vt 1.04719758 0.00030000
vt 1.04719758 0.00000000
vt 1.04719758 0.00000000
vt 1.04719758 0.00030000
vt 1.30899692 0.00000000
vt 1.04719758 0.00030000
vt 1.30899692 0.00030000
vt 1.30899692 0.00000000
vt 1.30899692 0.00000000
vt 1.30899692 0.00030000
vt 1.57079637 0.00000000
vt 1.30899692 0.00030000
vt 1.57079637 0.00030000
vt 1.57079637 0.00000000
vt 1.57079637 0.00000000
vt 1.57079637 0.00030000
vt 1.83259571 0.00000000
vt 1.57079637 0.00030000
vt 1.83259571 0.00030000
vt 1.83259571 0.00000000
vt 1.83259571 0.00000000
vt 1.83259571 0.00030000
vt 2.09439516 0.00000000
vt 1.83259571 0.00030000
vt 2.09439516 0.00030000
vt 2.09439516 0.00000000
vt 2.09439516 0.00000000
vt 2.09439516 0.00030000
vt 2.35619450 0.00000000
vt 2.09439516 0.00030000
vt 2.35619450 0.00030000
vt 2.35619450 0.00000000
vt 2.35619450 0.00000000
vt 2.35619450 0.00030000
vt 2.61799383 0.00000000
vt 2.35619450 0.00030000
vt 2.61799383 0.00030000
vt 2.61799383 0.00000000
vt 2.61799383 0.00000000
vt 2.61799383 0.00030000
vt 2.87979317 0.00000000
vt 2.61799383 0.00030000
vt 2.87979317 0.00030000
vt 2.87979317 0.00000000
vt 2.87979317 0.00000000
vt 2.87979317 0.00030000
vt 3.14159274 0.00000000
vt 2.87979317 0.00030000
vt 3.14159274 0.00030000
vt 3.14159274 0.00000000
vt 3.14159274 0.00000000
vt 3.14159274 0.00030000
vt 3.40339208 0.00000000
vt 3.14159274 0.00030000
vt 3.40339208 0.00030000
vt 3.40339208 0.00000000
vt 3.40339208 0.00000000
vt 3.40339208 0.00030000
vt 3.66519141 0.00000000
vt 3.40339208 0.00030000
vt 3.66519141 0.00030000
vt 3.66519141 0.00000000
vt 3.66519141 0.00000000
vt 3.66519141 0.00030000
vt 3.92699075 0.00000000
vt 3.66519141 0.00030000
vt 3.92699075 0.00030000
vt 3.92699075 0.00000000
vt 3.92699075 0.00000000
vt 3.92699075 0.00030000
vt 4.18879032 0.00000000
vt 3.92699075 0.00030000
vt 4.18879032 0.00030000
vt 4.18879032 0.00000000
vt 4.18879032 0.00000000
vt 4.18879032 0.00030000
vt 4.45058966 0.00000000
vt 4.18879032 0.00030000
vt 4.45058966 0.00030000
vt 4.45058966 0.00000000
vt 4.45058966 0.00000000
vt 4.45058966 0.00030000
vt 4.71238899 0.00000000
vt 4.45058966 0.00030000
vt 4.71238899 0.00030000
vt 4.71238899 0.00000000
vt 4.71238899 0.00000000
vt 4.71238899 0.00030000
vt 4.97418833 0.00000000
vt 4.71238899 0.00030000
vt 4.97418833 0.00030000
vt 4.97418833 0.00000000
vt 4.97418833 0.00000000
vt 4.97418833 0.00030000
vt 5.23598766 0.00000000
vt 4.97418833 0.00030000
vt 5.23598766 0.00030000
vt 5.23598766 0.00000000
vt 5.23598766 0.00000000
vt 5.23598766 0.00030000
vt 5.49778700 0.00000000
vt 5.23598766 0.00030000
vt 5.49778700 0.00030000
vt 5.49778700 0.00000000
vt 5.49778700 0.00000000
vt 5.49778700 0.00030000
vt 5.75958633 0.00000000
vt 5.49778700 0.00030000
vt 5.75958633 0.00030000
vt 5.75958633 0.00000000
vt 5.75958633 0.00000000
vt 5.75958633 0.00030000
vt 6.02138615 0.00000000
vt 5.75958633 0.00030000
vt 6.02138615 0.00030000
vt 6.02138615 0.00000000
vt 6.02138615 0.00000000
vt 6.02138615 0.00030000
vt 6.28318548 0.00000000
vt 6.02138615 0.00030000
vt 6.28318548 0.00030000
vt 6.28318548 0.00000000
vt 6.28318548 0.00000000
vt 6.28318548 0.00030000
vt 6.54498482 0.00000000
vt 6.28318548 0.00030000
vt 6.54498482 0.00030000
vt 6.54498482 0.00000000
vt 0.00000000 -0.00220000
vt 0.00000000 0.00000000
vt 0.26179940 -0.00220000
vt 0.00000000 0.00000000
vt 0.26179940 0.00000000
vt 0.26179940 -0.00220000
vt 0.26179940 -0.00220000
vt 0.26179940 0.00000000
vt 0.52359879 -0.00220000
vt 0.26179940 0.00000000
vt 0.52359879 0.00000000
vt 0.52359879 -0.00220000
vt 0.52359879 -0.00220000
vt 0.52359879 0.00000000
vt 0.78539819 -0.00220000
vt 0.52359879 0.00000000
vt 0.78539819 0.00000000
vt 0.78539819 -0.00220000
vt 0.78539819 -0.00220000
vt 0.78539819 0.00000000
vt 1.04719758 -0.00220000
vt 0.78539819 0.00000000
vt 1.04719758 0.00000000
vt 1.04719758 -0.00220000
vt 1.04719758 -0.00220000
vt 1.04719758 0.00000000
vt 1.30899692 -0.00220000
vt 1.04719758 0.00000000
vt 1.30899692 0.00000000
vt 1.30899692 -0.00220000
vt 1.30899692 -0.00220000
vt 1.30899692 0.00000000
vt 1.57079637 -0.00220000
vt 1.30899692 0.00000000
vt 1.57079637 0.00000000
vt 1.57079637 -0.00220000
vt 1.57079637 -0.00220000
vt 1.57079637 0.00000000
vt 1.83259571 -0.00220000
vt 1.57079637 0.00000000
vt 1.83259571 0.00000000
vt 1.83259571 -0.00220000
vt 1.83259571 -0.00220000
vt 1.83259571 0.00000000
vt 2.09439516 -0.00220000
vt 1.83259571 0.00000000
vt 2.09439516 0.00000000
vt 2.09439516 -0.00220000
vt 2.09439516 -0.00220000
vt 2.09439516 0.00000000
vt 2.35619450 -0.00220000
vt 2.09439516 0.00000000
vt 2.35619450 0.00000000
vt 2.35619450 -0.00220000
vt 2.35619450 -0.00220000
vt 2.35619450 0.00000000
vt 2.61799383 -0.00220000
vt 2.35619450 0.00000000
vt 2.61799383 0.00000000
vt 2.61799383 -0.00220000
vt 2.61799383 -0.00220000
vt 2.61799383 0.00000000
vt 2.87979317 -0.00220000
vt 2.61799383 0.00000000
vt 2.87979317 0.00000000
vt 2.87979317 -0.00220000
vt 2.87979317 -0.00220000
vt 2.87979317 0.00000000
vt 3.14159274 -0.00220000
vt 2.87979317 0.00000000
vt 3.14159274 0.00000000
vt 3.14159274 -0.00220000
vt 3.14159274 -0.00220000
vt 3.14159274 0.00000000
vt 3.40339208 -0.00220000
vt 3.14159274 0.00000000
vt 3.40339208 0.00000000
vt 3.40339208 -0.00220000
vt 3.40339208 -0.00220000
vt 3.40339208 0.00000000
vt 3.66519141 -0.00220000
vt 3.40339208 0.00000000
vt 3.66519141 0.00000000
vt 3.66519141 -0.00220000
vt 3.66519141 -0.00220000
vt 3.66519141 0.00000000
vt 3.92699075 -0.00220000
vt 3.66519141 0.00000000
vt 3.92699075 0.00000000
vt 3.92699075 -0.00220000
vt 3.92699075 -0.00220000
vt 3.92699075 0.00000000
vt 4.18879032 -0.00220000
vt 3.92699075 0.00000000
vt 4.18879032 0.00000000
vt 4.18879032 -0.00220000
vt 4.18879032 -0.00220000
vt 4.18879032 0.00000000
vt 4.45058966 -0.00220000
vt 4.18879032 0.00000000
vt 4.45058966 0.00000000
vt 4.45058966 -0.00220000
vt 4.45058966 -0.00220000
vt 4.45058966 0.00000000
vt 4.71238899 -0.00220000
vt 4.45058966 0.00000000
vt 4.71238899 0.00000000
vt 4.71238899 -0.00220000
vt 4.71238899 -0.00220000
vt 4.71238899 0.00000000
vt 4.97418833 -0.00220000
vt 4.71238899 0.00000000
vt 4.97418833 0.00000000
vt 4.97418833 -0.00220000
vt 4.97418833 -0.00220000
vt 4.97418833 0.00000000
vt 5.23598766 -0.00220000
vt 4.97418833 0.00000000
vt 5.23598766 0.00000000
vt 5.23598766 -0.00220000
vt 5.23598766 -0.00220000
vt 5.23598766 0.00000000
vt 5.49778700 -0.00220000
vt 5.23598766 0.00000000
vt 5.49778700 0.00000000
vt 5.49778700 -0.00220000
vt 5.49778700 -0.00220000
vt 5.49778700 0.00000000
vt 5.75958633 -0.00220000
vt 5.49778700 0.00000000
vt 5.75958633 0.00000000
vt 5.75958633 -0.00220000
vt 5.75958633 -0.00220000
vt 5.75958633 0.00000000
vt 6.02138615 -0.00220000
vt 5.75958633 0.00000000
vt 6.02138615 0.00000000
vt 6.02138615 -0.00220000
vt 6.02138615 -0.00220000
vt 6.02138615 0.00000000
vt 6.28318548 -0.00220000
vt 6.02138615 0.00000000
vt 6.28318548 0.00000000
vt 6.28318548 -0.00220000
vt 0.52359879 -0.02500000
vt 0.26179940 -0.02500000
vt 0.26179940 -0.01920000
vt 0.26179940 -0.02500000
vt 0.14323667 -0.02500000
vt 0.26179940 -0.01920000
vt 0.26179940 -0.01920000
vt 0.14323667 -0.02500000
vt 0.00000000 -0.01920000
vt 0.14323667 -0.02500000
vt 0.00000000 -0.02500000
vt 0.00000000 -0.01920000
vt 0.00000000 -0.01920000
vt 0.00000000 -0.02500000
vt -0.26179940 -0.01920000
vt 0.00000000 -0.02500000
vt -0.26179940 -0.02500000
vt -0.26179940 -0.01920000
vt -0.26179940 -0.01920000
vt -0.26179940 -0.02500000
vt -0.52359879 -0.01920000
vt -0.26179940 -0.02500000
vt -0.52359879 -0.02500000
vt -0.52359879 -0.01920000
vt -0.52359879 -0.01920000
vt -0.52359879 -0.02500000
vt -0.78539819 -0.01920000
vt -0.52359879 -0.02500000
vt -0.78539819 -0.02500000
vt -0.78539819 -0.01920000
vt -0.78539819 -0.01920000
vt -0.78539819 -0.02500000
vt -1.04719758 -0.01920000
vt -0.78539819 -0.02500000
vt -1.04719758 -0.02500000
vt -1.04719758 -0.01920000
vt -1.04719758 -0.01920000
vt -1.04719758 -0.02500000
vt -1.30899692 -0.01920000
vt -1.04719758 -0.02500000
vt -1.30899692 -0.02500000
vt -1.30899692 -0.01920000
vt -1.30899692 -0.01920000
vt -1.30899692 -0.02500000
vt -1.57079637 -0.01920000
vt -1.30899692 -0.02500000
vt -1.57079637 -0.02500000
vt -1.57079637 -0.01920000
vt -1.57079637 -0.01920000
vt -1.57079637 -0.02500000
vt -1.83259571 -0.01920000
vt -1.57079637 -0.02500000
vt -1.83259571 -0.02500000
vt -1.83259571 -0.01920000
vt -1.83259571 -0.01920000
vt -1.83259571 -0.02500000
vt -2.09439516 -0.01920000
vt -1.83259571 -0.02500000
vt -2.09439516 -0.02500000
vt -2.09439516 -0.01920000
vt -2.09439516 -0.01920000
vt -2.09439516 -0.02500000
vt -2.35619450 -0.01920000
vt -2.09439516 -0.02500000
vt -2.35619450 -0.02500000
vt -2.35619450 -0.01920000
vt -2.35619450 -0.01920000
vt -2.35619450 -0.02500000
vt -2.61799383 -0.01920000
vt -2.35619450 -0.02500000
vt -2.61799383 -0.02500000
vt -2.61799383 -0.01920000
vt -2.61799383 -0.01920000
vt -2.61799383 -0.02500000
vt -2.87979317 -0.01920000
vt -2.61799383 -0.02500000
vt -2.87979317 -0.02500000
vt -2.87979317 -0.01920000
vt -2.87979317 -0.01920000
vt -2.87979317 -0.02500000
vt -3.14159274 -0.01920000
vt -2.87979317 -0.02500000
vt -3.14159274 -0.02500000
vt -3.14159274 -0.01920000
vt -3.14159274 -0.01920000
vt -3.14159274 -0.02500000
vt -3.40339208 -0.01920000
vt -3.14159274 -0.02500000
vt -3.40339208 -0.02500000
vt -3.40339208 -0.01920000
vt -3.40339208 -0.01920000
vt -3.40339208 -0.02500000
vt -3.66519141 -0.01920000
vt -3.40339208 -0.02500000
vt -3.66519141 -0.02500000
vt -3.66519141 -0.01920000
vt -3.66519141 -0.01920000
vt -3.66519141 -0.02500000
vt -3.92699075 -0.01920000
vt -3.66519141 -0.02500000
vt -3.92699075 -0.02500000
vt -3.92699075 -0.01920000
vt -3.92699075 -0.01920000
vt -3.92699075 -0.02500000
vt -4.18879032 -0.01920000
vt -3.92699075 -0.02500000
vt -4.18879032 -0.02500000
vt -4.18879032 -0.01920000
vt -4.18879032 -0.01920000
vt -4.18879032 -0.02500000
vt -4.45058966 -0.01920000
vt -4.18879032 -0.02500000
vt -4.45058966 -0.02500000
vt -4.45058966 -0.01920000
vt -4.45058966 -0.01920000
vt -4.45058966 -0.02500000
vt -4.71238899 -0.01920000
vt -4.45058966 -0.02500000
vt -4.71238899 -0.02500000
vt -4.71238899 -0.01920000
vt -4.71238899 -0.01920000
vt -4.71238899 -0.02500000
vt -4.97418833 -0.01920000
vt -4.71238899 -0.02500000
vt -4.97418833 -0.02500000
vt -4.97418833 -0.01920000
vt -4.97418833 -0.01920000
vt -4.97418833 -0.02500000
vt -5.23598766 -0.01920000
vt -4.97418833 -0.02500000
vt -5.23598766 -0.02500000
vt -5.23598766 -0.01920000
vt -5.23598766 -0.01920000
vt -5.23598766 -0.02500000
vt -5.49778700 -0.01920000
vt -5.23598766 -0.02500000
vt -5.49778700 -0.02500000
vt -5.49778700 -0.01920000
vt -5.49778700 -0.01920000
vt -5.49778700 -0.02500000
vt -5.75958633 -0.01920000
vt -5.49778700 -0.02500000
vt -5.75958633 -0.02500000
vt -5.75958633 -0.01920000
vt -5.75958633 -0.01920000
vt -5.75958633 -0.02500000
vt -6.02138615 -0.01920000
vt 3.40339208 -0.02500000
vt 3.66519141 -0.02500000
vt 3.66519141 -0.02720000
vt 3.66519141 -0.02720000
vt 3.66519141 -0.02500000
vt 3.92699075 -0.02720000
vt 3.66519141 -0.02500000
vt 3.92699075 -0.02500000
vt 3.92699075 -0.02720000
vt 3.92699075 -0.02720000
vt 3.92699075 -0.02500000
vt 4.18879032 -0.02720000
vt 3.92699075 -0.02500000
vt 4.18879032 -0.02500000
vt 4.18879032 -0.02720000
vt 4.18879032 -0.02720000
vt 4.18879032 -0.02500000
vt 4.45058966 -0.02720000
vt 4.18879032 -0.02500000
vt 4.45058966 -0.02500000
vt 4.45058966 -0.02720000
vt 4.45058966 -0.02720000
vt 4.45058966 -0.02500000
vt 4.71238899 -0.02720000
vt 4.45058966 -0.02500000
vt 4.71238899 -0.02500000
vt 4.71238899 -0.02720000
vt 4.71238899 -0.02720000
vt 4.71238899 -0.02500000
vt 4.97418833 -0.02720000
vt 4.71238899 -0.02500000
vt 4.97418833 -0.02500000
vt 4.97418833 -0.02720000
vt 4.97418833 -0.02720000
vt 4.97418833 -0.02500000
vt 5.23598766 -0.02720000
vt 4.97418833 -0.02500000
vt 5.23598766 -0.02500000
vt 5.23598766 -0.02720000
vt 5.23598766 -0.02720000
vt 5.23598766 -0.02500000
vt 5.49778700 -0.02720000
vt 5.23598766 -0.02500000
vt 5.49778700 -0.02500000
vt 5.49778700 -0.02720000
vt 5.49778700 -0.02720000
vt 5.49778700 -0.02500000
vt 5.75958633 -0.02720000
vt 5.49778700 -0.02500000
vt 5.75958633 -0.02500000
vt 5.75958633 -0.02720000
vt 5.75958633 -0.02720000
vt 5.75958633 -0.02500000
vt 6.02138615 -0.02720000
vt 5.75958633 -0.02500000
vt 6.02138615 -0.02500000
vt 6.02138615 -0.02720000
vt 6.02138615 -0.02720000
vt 6.02138615 -0.02500000
vt 6.28318548 -0.02720000
vt 3.66519141 -0.02720000
vt 3.40339208 -0.02720000
vt 3.40339208 -0.02500000
vt 3.40339208 -0.02720000
vt 3.28482938 -0.02720000
vt 3.40339208 -0.02500000
vt 3.40339208 -0.02500000
vt 3.28482938 -0.02720000
vt 3.14159274 -0.02500000
vt 3.28482938 -0.02720000
vt 3.14159274 -0.02720000
vt 3.14159274 -0.02500000
vt 3.14159274 -0.02500000
vt 3.14159274 -0.02720000
vt 2.87979317 -0.02500000
vt 3.14159274 -0.02720000
vt 2.87979317 -0.02720000
vt 2.87979317 -0.02500000
vt 2.87979317 -0.02500000
vt 2.87979317 -0.02720000
vt 2.61799383 -0.02500000
vt 2.87979317 -0.02720000
vt 2.61799383 -0.02720000
vt 2.61799383 -0.02500000
vt 2.61799383 -0.02500000
vt 2.61799383 -0.02720000
vt 2.35619450 -0.02500000
vt 2.61799383 -0.02720000
vt 2.35619450 -0.02720000
vt 2.35619450 -0.02500000
vt 2.35619450 -0.02500000
vt 2.35619450 -0.02720000
vt 2.09439516 -0.02500000
vt 2.35619450 -0.02720000
vt 2.09439516 -0.02720000
vt 2.09439516 -0.02500000
vt 2.09439516 -0.02500000
vt 2.09439516 -0.02720000
vt 1.83259571 -0.02500000
vt 2.09439516 -0.02720000
vt 1.83259571 -0.02720000
vt 1.83259571 -0.02500000
vt 1.83259571 -0.02500000
vt 1.83259571 -0.02720000
vt 1.57079637 -0.02500000
vt 1.83259571 -0.02720000
vt 1.57079637 -0.02720000
vt 1.57079637 -0.02500000
vt 1.57079637 -0.02500000
vt 1.57079637 -0.02720000
vt 1.30899692 -0.02500000
vt 1.57079637 -0.02720000
vt 1.30899692 -0.02720000
vt 1.30899692 -0.02500000
vt 1.30899692 -0.02500000
vt 1.30899692 -0.02720000
vt 1.04719758 -0.02500000
vt 1.30899692 -0.02720000
vt 1.04719758 -0.02720000
vt 1.04719758 -0.02500000
vt 1.04719758 -0.02500000
vt 1.04719758 -0.02720000
vt 0.78539819 -0.02500000
vt 1.04719758 -0.02720000
vt 0.78539819 -0.02720000
vt 0.78539819 -0.02500000
vt 0.78539819 -0.02500000
vt 0.78539819 -0.02720000
vt 0.52359879 -0.02500000
vt 0.78539819 -0.02720000
vt 0.52359879 -0.02720000
vt 0.52359879 -0.02500000
vt 0.52359879 -0.02500000
vt 0.52359879 -0.02720000
vt 0.26179940 -0.02500000
vt 0.52359879 -0.02720000
vt 0.26179940 -0.02720000
vt 0.26179940 -0.02500000
vt 0.26179940 -0.02500000
vt 0.26179940 -0.02720000
vt 0.14323667 -0.02500000
vt 0.26179940 -0.02720000
vt 0.00000000 -0.02720000
vt 0.14323667 -0.02500000
vt 0.14323667 -0.02500000
vt 0.00000000 -0.02720000
vt 0.00000000 -0.02500000
vt 0.00000000 -0.02720000
vt -0.26179940 -0.02500000
vt 0.00000000 -0.02500000
vt 2.87979317 -0.00220000
vt 3.14159274 -0.00220000
vt 3.14159274 -0.00800000
vt 3.14159274 -0.00220000
vt 3.28482938 -0.00220000
vt 3.14159274 -0.00800000
vt 3.14159274 -0.00800000
vt 3.28482938 -0.00220000
vt 3.40339208 -0.00800000
vt 3.28482938 -0.00220000
vt 3.40339208 -0.00220000
vt 3.40339208 -0.00800000
vt 3.40339208 -0.00800000
vt 3.40339208 -0.00220000
vt 3.66519141 -0.00800000
vt 3.40339208 -0.00220000
vt 3.66519141 -0.00220000
vt 3.66519141 -0.00800000
vt 3.66519141 -0.00800000
vt 3.66519141 -0.00220000
vt 3.92699075 -0.00800000
vt 3.66519141 -0.00220000
vt 3.92699075 -0.00220000
vt 3.92699075 -0.00800000
vt 3.92699075 -0.00800000
vt 3.92699075 -0.00220000
vt 4.18879032 -0.00800000
vt 3.92699075 -0.00220000
vt 4.18879032 -0.00220000
vt 4.18879032 -0.00800000
vt 4.18879032 -0.00800000
vt 4.18879032 -0.00220000
vt 4.45058966 -0.00800000
vt 4.18879032 -0.00220000
vt 4.45058966 -0.00220000
vt 4.45058966 -0.00800000
vt 4.45058966 -0.00800000
vt 4.45058966 -0.00220000
vt 4.71238899 -0.00800000
vt 4.45058966 -0.00220000
vt 4.71238899 -0.00220000
vt 4.71238899 -0.00800000
vt 4.71238899 -0.00800000
vt 4.71238899 -0.00220000
vt 4.97418833 -0.00800000
vt 4.71238899 -0.00220000
vt 4.97418833 -0.00220000
vt 4.97418833 -0.00800000
vt 4.97418833 -0.00800000
vt 4.97418833 -0.00220000
vt 5.23598766 -0.00800000
vt 4.97418833 -0.00220000
vt 5.23598766 -0.00220000
vt 5.23598766 -0.00800000
vt 5.23598766 -0.00800000
vt 5.23598766 -0.00220000
vt 5.49778700 -0.00800000
vt 5.23598766 -0.00220000
vt 5.49778700 -0.00220000
vt 5.49778700 -0.00800000
vt 5.49778700 -0.00800000
vt 5.49778700 -0.00220000
vt 5.75958633 -0.00800000
vt 5.49778700 -0.00220000
vt 5.75958633 -0.00220000
vt 5.75958633 -0.00800000
vt 5.75958633 -0.00800000
vt 5.75958633 -0.00220000
vt 6.02138615 -0.00800000
vt 5.75958633 -0.00220000
vt 6.02138615 -0.00220000
vt 6.02138615 -0.00800000
vt 6.02138615 -0.00800000
vt 6.02138615 -0.00220000
vt 6.28318548 -0.00800000
vt 6.02138615 -0.00220000
vt 6.28318548 -0.00220000
vt 6.28318548 -0.00800000
vt 6.28318548 -0.00800000
vt 6.28318548 -0.00220000
vt 6.54498482 -0.00800000
vt 6.28318548 -0.00220000
vt 6.54498482 -0.00220000
vt 6.54498482 -0.00800000
vt 6.54498482 -0.00800000
vt 6.54498482 -0.00220000
vt 6.80678415 -0.00800000
vt 6.54498482 -0.00220000
vt 6.80678415 -0.00220000
vt 6.80678415 -0.00800000
vt 6.80678415 -0.00800000
vt 6.80678415 -0.00220000
vt 7.06858349 -0.00800000
vt 6.80678415 -0.00220000
vt 7.06858349 -0.00220000
vt 7.06858349 -0.00800000
vt 7.06858349 -0.00800000
vt 7.06858349 -0.00220000
vt 7.33038282 -0.00800000
vt 7.06858349 -0.00220000
vt 7.33038282 -0.00220000
vt 7.33038282 -0.00800000
vt 7.33038282 -0.00800000
vt 7.33038282 -0.00220000
vt 7.59218216 -0.00800000
vt 7.33038282 -0.00220000
vt 7.59218216 -0.00220000
vt 7.59218216 -0.00800000
vt 7.59218216 -0.00800000
vt 7.59218216 -0.00220000
vt 7.85398149 -0.00800000
vt 7.59218216 -0.00220000
vt 7.85398149 -0.00220000
vt 7.85398149 -0.00800000
vt 7.85398149 -0.00800000
vt 7.85398149 -0.00220000
vt 8.11578083 -0.00800000
vt 7.85398149 -0.00220000
vt 8.11578083 -0.00220000
vt 8.11578083 -0.00800000
vt 8.11578083 -0.00800000
vt 8.11578083 -0.00220000
vt 8.37758064 -0.00800000
vt 8.11578083 -0.00220000
vt 8.37758064 -0.00220000
vt 8.37758064 -0.00800000
vt 8.37758064 -0.00800000
vt 8.37758064 -0.00220000
vt 8.63937950 -0.00800000
vt 8.37758064 -0.00220000
vt 8.63937950 -0.00220000
vt 8.63937950 -0.00800000
vt 8.63937950 -0.00800000
vt 8.63937950 -0.00220000
vt 8.90117931 -0.00800000
vt 8.63937950 -0.00220000
vt 8.90117931 -0.00220000
vt 8.90117931 -0.00800000
vt 8.90117931 -0.00800000
vt 8.90117931 -0.00220000
vt 9.16297817 -0.00800000
vt 8.90117931 -0.00220000
vt 9.16297817 -0.00220000
vt 9.16297817 -0.00800000
vt 9.16297817 -0.00800000
vt 9.16297817 -0.00220000
vt 9.42477798 -0.00800000
vt 3.66519141 -0.00220000
vt 3.40339208 -0.00220000
vt 3.40339208 0.00000000
vt 3.40339208 -0.00220000
vt 3.28482938 -0.00220000
vt 3.40339208 0.00000000
vt 3.40339208 0.00000000
vt 3.28482938 -0.00220000
vt 3.14159274 0.00000000
vt 3.28482938 -0.00220000
vt 3.14159274 -0.00220000
vt 3.14159274 0.00000000
vt 3.14159274 0.00000000
vt 3.14159274 -0.00220000
vt 2.87979317 0.00000000
vt 3.14159274 -0.00220000
vt 2.87979317 -0.00220000
vt 2.87979317 0.00000000
vt 2.87979317 0.00000000
vt 2.87979317 -0.00220000
vt 2.61799383 0.00000000
vt 2.87979317 -0.00220000
vt 2.61799383 -0.00220000
vt 2.61799383 0.00000000
vt 2.61799383 0.00000000
vt 2.61799383 -0.00220000
vt 2.35619450 0.00000000
vt 2.61799383 -0.00220000
vt 2.35619450 -0.00220000
vt 2.35619450 0.00000000
vt 2.35619450 0.00000000
vt 2.35619450 -0.00220000
vt 2.09439516 0.00000000
vt 2.35619450 -0.00220000
vt 2.09439516 -0.00220000
vt 2.09439516 0.00000000
vt 2.09439516 0.00000000
vt 2.09439516 -0.00220000
vt 1.83259571 0.00000000
vt 2.09439516 -0.00220000
vt 1.83259571 -0.00220000
vt 1.83259571 0.00000000
vt 1.83259571 0.00000000
vt 1.83259571 -0.00220000
vt 1.57079637 0.00000000
vt 1.83259571 -0.00220000
vt 1.57079637 -0.00220000
vt 1.57079637 0.00000000
vt 1.57079637 0.00000000
vt 1.57079637 -0.00220000
vt 1.30899692 0.00000000
vt 1.57079637 -0.00220000
vt 1.30899692 -0.00220000
vt 1.30899692 0.00000000
vt 1.30899692 0.00000000
vt 1.30899692 -0.00220000
vt 1.04719758 0.00000000
vt 1.30899692 -0.00220000
vt 1.04719758 -0.00220000
vt 1.04719758 0.00000000
vt 1.04719758 0.00000000
vt 1.04719758 -0.00220000
vt 0.78539819 0.00000000
vt 1.04719758 -0.00220000
vt 0.78539819 -0.00220000
vt 0.78539819 0.00000000
vt 0.78539819 0.00000000
vt 0.78539819 -0.00220000
vt 0.52359879 0.00000000
vt 0.78539819 -0.00220000
vt 0.52359879 -0.00220000
vt 0.52359879 0.00000000
vt 0.52359879 0.00000000
vt 0.52359879 -0.00220000
vt 0.26179940 0.00000000
vt 0.52359879 -0.00220000
vt 0.26179940 -0.00220000
vt 0.26179940 0.00000000
vt 0.26179940 0.00000000
vt 0.26179940 -0.00220000
vt 0.00000000 0.00000000
vt 0.26179940 -0.00220000
vt 0.00000000 -0.00220000
vt 0.00000000 0.00000000
vt 0.00000000 0.00000000
vt 0.00000000 -0.00220000
vt -0.26179940 0.00000000
vt 0.00000000 -0.00220000
vt -0.26179940 -0.00220000
vt -0.26179940 0.00000000
vt -0.26179940 0.00000000
vt -0.26179940 -0.00220000
vt -0.52359879 0.00000000
vt -0.26179940 -0.00220000
vt -0.52359879 -0.00220000
vt -0.52359879 0.00000000
vt -0.52359879 0.00000000
vt -0.52359879 -0.00220000
vt -0.78539819 0.00000000
vt -0.52359879 -0.00220000
vt -0.78539819 -0.00220000
vt -0.78539819 0.00000000
vt -0.78539819 0.00000000
vt -0.78539819 -0.00220000
vt -1.04719758 0.00000000
vt -0.78539819 -0.00220000
vt -1.04719758 -0.00220000
vt -1.04719758 0.00000000
vt -1.04719758 0.00000000
vt -1.04719758 -0.00220000
vt -1.30899692 0.00000000
vt -1.04719758 -0.00220000
vt -1.30899692 -0.00220000
vt -1.30899692 0.00000000
vt -1.30899692 0.00000000
vt -1.30899692 -0.00220000
vt -1.57079637 0.00000000
vt -1.30899692 -0.00220000
vt -1.57079637 -0.00220000
vt -1.57079637 0.00000000
vt -1.57079637 0.00000000
vt -1.57079637 -0.00220000
vt -1.83259571 0.00000000
vt -1.57079637 -0.00220000
vt -1.83259571 -0.00220000
vt -1.83259571 0.00000000
vt -1.83259571 0.00000000
vt -1.83259571 -0.00220000
vt -2.09439516 0.00000000
vt -1.83259571 -0.00220000
vt -2.09439516 -0.00220000
vt -2.09439516 0.00000000
vt -2.09439516 0.00000000
vt -2.09439516 -0.00220000
vt -2.35619450 0.00000000
vt -2.09439516 -0.00220000
vt -2.35619450 -0.00220000
vt -2.35619450 0.00000000
vt -2.35619450 0.00000000
vt -2.35619450 -0.00220000
vt -2.61799383 0.00000000
vt -2.35619450 -0.00220000
vt -2.61799383 -0.00220000
vt -2.61799383 0.00000000
vt -2.61799383 0.00000000
vt -2.61799383 -0.00220000
vt -2.87979317 0.00000000
vt 1.57079637 0.02100658
vt 1.57079637 0.03250658
vt 1.83259571 0.02100658
vt 1.57079637 0.03250658
vt 1.83259571 0.03250658
vt 1.83259571 0.02100658
vt 1.83259571 0.02100658
vt 1.83259571 0.03250658
vt 2.09439516 0.02100658
vt 1.83259571 0.03250658
vt 2.09439516 0.03250658
vt 2.09439516 0.02100658
vt 2.09439516 0.02100658
vt 2.09439516 0.03250658
vt 2.35619450 0.02100658
vt 2.09439516 0.03250658
vt 2.35619450 0.03250658
vt 2.35619450 0.02100658
vt 2.35619450 0.02100658
vt 2.35619450 0.03250658
vt 2.61799383 0.02100658
vt 2.35619450 0.03250658
vt 2.61799383 0.03250658
vt 2.61799383 0.02100658
vt 2.61799383 0.02100658
vt 2.61799383 0.03250658
vt 2.87979317 0.02100658
vt 2.61799383 0.03250658
vt 2.87979317 0.03250658
vt 2.87979317 0.02100658
vt 2.87979317 0.02100658
vt 2.87979317 0.03250658
vt 3.14159274 0.02100658
vt 2.87979317 0.03250658
vt 3.14159274 0.03250658
vt 3.14159274 0.02100658
vt -0.00000000 0.02100658
vt -0.00000000 0.03250658
vt 0.26179940 0.02100658
vt -0.00000000 0.03250658
vt 0.26179940 0.03250658
vt 0.26179940 0.02100658
vt 0.26179940 0.02100658
vt 0.26179940 0.03250658
vt 0.52359879 0.02100658
vt 0.26179940 0.03250658
vt 0.52359879 0.03250658
vt 0.52359879 0.02100658
vt 0.52359879 0.02100658
vt 0.52359879 0.03250658
vt 0.78539819 0.02100658
vt 0.52359879 0.03250658
vt 0.78539819 0.03250658
vt 0.78539819 0.02100658
vt 0.78539819 0.02100658
vt 0.78539819 0.03250658
vt 1.04719758 0.02100658
vt 0.78539819 0.03250658
vt 1.04719758 0.03250658
vt 1.04719758 0.02100658
vt 1.04719758 0.02100658
vt 1.04719758 0.03250658
vt 1.30899692 0.02100658
vt 1.04719758 0.03250658
vt 1.30899692 0.03250658
vt 1.30899692 0.02100658
vt 1.30899692 0.02100658
vt 1.30899692 0.03250658
vt 1.57079637 0.02100658
vt 1.30899692 0.03250658
vt 1.57079637 0.03250658
vt 1.57079637 0.02100658
vt 0.00000000 -0.00800000
vt 0.00000000 -0.00200000
vt 0.00796228 -0.00800000
vt 0.00000000 -0.00200000
vt 0.00796228 -0.00200000
vt 0.00796228 -0.00800000
vt -0.00620000 0.03350658
vt 0.00160000 0.03350658
vt 0.00000000 0.03250658
vt 0.00160000 0.03350658
vt 0.00160000 0.03250658
vt 0.00000000 0.03250658
vt -0.00620000 0.03250658
vt -0.00620000 0.03350658
vt -0.00460000 0.03250658
vt -0.00620000 0.03350658
vt 0.00000000 0.03250658
vt -0.00460000 0.03250658
vt -0.00460000 0.03250658
vt 0.00000000 0.03250658
vt -0.00460000 0.02100658
vt 0.00000000 0.03250658
vt 0.00000000 0.02100658
vt -0.00460000 0.02100658
vt 0.02126732 0.00670451
vt 0.02077244 0.00663314
vt 0.02062969 0.00762290
vt 0.02208903 0.00378611
vt 0.02132508 0.00408594
vt 0.02163846 0.00413114
vt 0.01903566 0.01517267
vt 0.02101251 0.01111580
vt 0.02087129 0.00968697
vt 0.03018949 0.01839788
vt 0.03117925 0.01854063
vt 0.03041789 0.01681427
vt 0.03117925 0.01854063
vt 0.03285260 0.00693825
vt 0.03041789 0.01681427
vt 0.03041789 0.01681427
vt 0.02619033 0.01536216
vt 0.01903566 0.01517267
vt 0.02619033 0.01536216
vt 0.02477364 0.01512877
vt 0.01903566 0.01517267
vt 0.01903566 0.01517267
vt 0.02477364 0.01512877
vt 0.02346563 0.01453665
vt 0.02346563 0.01453665
vt 0.02235544 0.01362618
vt 0.01903566 0.01517267
vt 0.02235544 0.01362618
vt 0.02151872 0.01245939
vt 0.01903566 0.01517267
vt 0.01903566 0.01517267
vt 0.02151872 0.01245939
vt 0.02101251 0.01111580
vt 0.03172430 0.00861429
vt 0.03285260 0.00693825
vt 0.03121808 0.00727070
vt 0.03285260 0.00693825
vt 0.03038137 0.00610392
vt 0.03121808 0.00727070
vt 0.03012954 0.01387801
vt 0.02896274 0.01471473
vt 0.03041789 0.01681427
vt 0.02896274 0.01471473
vt 0.02761916 0.01522094
vt 0.03041789 0.01681427
vt 0.03041789 0.01681427
vt 0.02761916 0.01522094
vt 0.02619033 0.01536216
vt 0.02377406 0.00501537
vt 0.02208903 0.00378611
vt 0.02260727 0.00585208
vt 0.02208903 0.00378611
vt 0.02163846 0.00413114
vt 0.02260727 0.00585208
vt 0.02260727 0.00585208
vt 0.02163846 0.00413114
vt 0.02169680 0.00696227
vt 0.02163846 0.00413114
vt 0.02126732 0.00670451
vt 0.02169680 0.00696227
vt 0.02169680 0.00696227
vt 0.02126732 0.00670451
vt 0.02110468 0.00827028
vt 0.02126732 0.00670451
vt 0.02062969 0.00762290
vt 0.02110468 0.00827028
vt 0.02110468 0.00827028
vt 0.02062969 0.00762290
vt 0.02087129 0.00968697
vt 0.02062969 0.00762290
vt 0.02013481 0.00755153
vt 0.02087129 0.00968697
vt 0.02087129 0.00968697
vt 0.02013481 0.00755153
vt 0.01903566 0.01517267
vt 0.03038137 0.00610392
vt 0.03285260 0.00693825
vt 0.02927118 0.00519344
vt 0.03285260 0.00693825
vt 0.02965438 0.00484485
vt 0.02927118 0.00519344
vt 0.02927118 0.00519344
vt 0.02965438 0.00484485
vt 0.02796317 0.00460133
vt 0.02965438 0.00484485
vt 0.02848992 0.00425264
vt 0.02796317 0.00460133
vt 0.02796317 0.00460133
vt 0.02848992 0.00425264
vt 0.02654648 0.00436793
vt 0.02848992 0.00425264
vt 0.02722489 0.00392649
vt 0.02654648 0.00436793
vt 0.02654648 0.00436793
vt 0.02722489 0.00392649
vt 0.02511765 0.00450915
vt 0.02722489 0.00392649
vt 0.02475049 0.00356962
vt 0.02511765 0.00450915
vt 0.02511765 0.00450915
vt 0.02475049 0.00356962
vt 0.02377406 0.00501537
vt 0.02475049 0.00356962
vt 0.02340756 0.00352793
vt 0.02377406 0.00501537
vt 0.02377406 0.00501537
vt 0.02340756 0.00352793
vt 0.02208903 0.00378611
vt 0.03172430 0.00861429
vt 0.03186552 0.01004312
vt 0.03285260 0.00693825
vt 0.03186552 0.01004312
vt 0.03163212 0.01145981
vt 0.03285260 0.00693825
vt 0.03285260 0.00693825
vt 0.03163212 0.01145981
vt 0.03041789 0.01681427
vt 0.03163212 0.01145981
vt 0.03104001 0.01276782
vt 0.03041789 0.01681427
vt 0.03041789 0.01681427
vt 0.03104001 0.01276782
vt 0.03012954 0.01387801
vt -0.02163846 0.00413114
vt -0.02132508 0.00408594
vt -0.02208903 0.00378611
vt -0.03285260 0.00693825
vt -0.03117925 0.01854063
vt -0.03041789 0.01681427
vt -0.03117925 0.01854063
vt -0.03018949 0.01839788
vt -0.03041789 0.01681427
vt -0.02062969 0.00762290
vt -0.02110468 0.00827028
vt -0.02013481 0.00755153
vt -0.02110468 0.00827028
vt -0.02087129 0.00968697
vt -0.02013481 0.00755153
vt -0.02013481 0.00755153
vt -0.02087129 0.00968697
vt -0.01903566 0.01517267
vt -0.02062969 0.00762290
vt -0.02077244 0.00663314
vt -0.02110468 0.00827028
vt -0.02077244 0.00663314
vt -0.02126732 0.00670451
vt -0.02110468 0.00827028
vt -0.02110468 0.00827028
vt -0.02126732 0.00670451
vt -0.02169680 0.00696227
vt -0.02126732 0.00670451
vt -0.02260727 0.00585208
vt -0.02169680 0.00696227
vt -0.03012954 0.01387801
vt -0.03041789 0.01681427
vt -0.02896274 0.01471473
vt -0.03041789 0.01681427
vt -0.02761916 0.01522094
vt -0.02896274 0.01471473
vt -0.03172430 0.00861429
vt -0.03121808 0.00727070
vt -0.03285260 0.00693825
vt -0.03121808 0.00727070
vt -0.03038137 0.00610392
vt -0.03285260 0.00693825
vt -0.03285260 0.00693825
vt -0.03038137 0.00610392
vt -0.02965438 0.00484485
vt -0.03038137 0.00610392
vt -0.02927118 0.00519344
vt -0.02965438 0.00484485
vt -0.02965438 0.00484485
vt -0.02927118 0.00519344
vt -0.02848992 0.00425264
vt -0.02927118 0.00519344
vt -0.02796317 0.00460133
vt -0.02848992 0.00425264
vt -0.02848992 0.00425264
vt -0.02796317 0.00460133
vt -0.02722489 0.00392649
vt -0.02796317 0.00460133
vt -0.02654648 0.00436793
vt -0.02722489 0.00392649
vt -0.02722489 0.00392649
vt -0.02654648 0.00436793
vt -0.02475049 0.00356962
vt -0.02654648 0.00436793
vt -0.02511765 0.00450915
vt -0.02475049 0.00356962
vt -0.02475049 0.00356962
vt -0.02511765 0.00450915
vt -0.02340756 0.00352793
vt -0.02511765 0.00450915
vt -0.02377406 0.00501537
vt -0.02340756 0.00352793
vt -0.02340756 0.00352793
vt -0.02377406 0.00501537
vt -0.02208903 0.00378611
vt -0.02377406 0.00501537
vt -0.02260727 0.00585208
vt -0.02208903 0.00378611
vt -0.02208903 0.00378611
vt -0.02260727 0.00585208
vt -0.02163846 0.00413114
vt -0.02260727 0.00585208
vt -0.02126732 0.00670451
vt -0.02163846 0.00413114
vt -0.02761916 0.01522094
vt -0.03041789 0.01681427
vt -0.02619033 0.01536216
vt -0.03041789 0.01681427
vt -0.01903566 0.01517267
vt -0.02619033 0.01536216
vt -0.02619033 0.01536216
vt -0.01903566 0.01517267
vt -0.02477364 0.01512877
vt -0.02087129 0.00968697
vt -0.02101251 0.01111580
vt -0.01903566 0.01517267
vt -0.02101251 0.01111580
vt -0.02151872 0.01245939
vt -0.01903566 0.01517267
vt -0.01903566 0.01517267
vt -0.02151872 0.01245939
vt -0.02235544 0.01362618
vt -0.03012954 0.01387801
vt -0.03104001 0.01276782
vt -0.03041789 0.01681427
vt -0.03104001 0.01276782
vt -0.03163212 0.01145981
vt -0.03041789 0.01681427
vt -0.03041789 0.01681427
vt -0.03163212 0.01145981
vt -0.03285260 0.00693825
vt -0.03163212 0.01145981
vt -0.03186552 0.01004312
vt -0.03285260 0.00693825
vt -0.03285260 0.00693825
vt -0.03186552 0.01004312
vt -0.03172430 0.00861429
vt -0.02235544 0.01362618
vt -0.02257618 0.01384864
vt -0.01903566 0.01517267
vt -0.02257618 0.01384864
vt -0.02346563 0.01453665
vt -0.01903566 0.01517267
vt -0.01903566 0.01517267
vt -0.02346563 0.01453665
vt -0.02477364 0.01512877
vt 2.44346094 0.01920000
vt 2.44346094 0.02520000
vt 2.19256997 0.02520000
vt 2.44346094 0.01920000
vt 2.19256997 0.02520000
vt 2.19256997 0.01920000
vt 2.19256997 0.02520000
vt 1.94167876 0.02520000
vt 2.19256997 0.01920000
vt 2.19256997 0.01920000
vt 1.94167876 0.02520000
vt 1.94167876 0.01920000
vt 1.94167876 0.02520000
vt 1.69078767 0.02520000
vt 1.94167876 0.01920000
vt 1.94167876 0.01920000
vt 1.69078767 0.02520000
vt 1.69078767 0.01920000
vt 1.69078767 0.02520000
vt 1.43989658 0.02520000
vt 1.69078767 0.01920000
vt 1.69078767 0.01920000
vt 1.43989658 0.02520000
vt 1.43989658 0.01920000
vt 1.43989658 0.02520000
vt 1.18900549 0.02520000
vt 1.43989658 0.01920000
vt 1.43989658 0.01920000
vt 1.18900549 0.02520000
vt 1.18900549 0.01920000
vt 1.18900549 0.02520000
vt 0.93811446 0.02520000
vt 1.18900549 0.01920000
vt 1.18900549 0.01920000
vt 0.93811446 0.02520000
vt 0.93811446 0.01920000
vt 0.93811446 0.02520000
vt 0.68722337 0.02520000
vt 0.93811446 0.01920000
vt 0.93811446 0.01920000
vt 0.68722337 0.02520000
vt 0.68722337 0.01920000
vt 0.68722337 0.02520000
vt 0.43633232 0.02520000
vt 0.68722337 0.01920000
vt 0.68722337 0.01920000
vt 0.43633232 0.02520000
vt 0.43633232 0.01920000
vt 0.01920000 0.01000000
vt 0.02520000 0.01000000
vt 0.01920000 0.00382242
vt 0.02520000 0.01000000
vt 0.02520000 -0.00000000
vt 0.01920000 0.00382242
vt 0.01920000 0.00382242
vt 0.02520000 -0.00000000
vt 0.01910000 0.00382242
vt 0.02520000 -0.00000000
vt 0.01910000 -0.00000000
vt 0.01910000 0.00382242
vt 0.43633232 0.01910000
vt 0.43633232 0.02520000
vt 0.21816616 0.02520000
vt 0.43633232 0.01910000
vt 0.21816616 0.02520000
vt 0.21816616 0.01910000
vt 0.21816616 0.02520000
vt -0.00000000 0.02520000
vt 0.21816616 0.01910000
vt 0.21816616 0.01910000
vt -0.00000000 0.02520000
vt -0.00000000 0.01910000
vt 0.01910000 -0.00250000
vt 0.01910000 -0.00000000
vt 0.02520000 -0.00250000
vt 0.01910000 -0.00000000
vt 0.02520000 -0.00000000
vt 0.02520000 -0.00250000
vt 1.57079637 0.02402882
vt 1.57079637 0.02452882
vt 1.79519582 0.02402882
vt 1.57079637 0.02452882
vt 1.79519582 0.02452882
vt 1.79519582 0.02402882
vt 1.79519582 0.02402882
vt 1.79519582 0.02452882
vt 2.01959538 0.02402882
vt 1.79519582 0.02452882
vt 2.01959538 0.02452882
vt 2.01959538 0.02402882
vt 2.01959538 0.02402882
vt 2.01959538 0.02452882
vt 2.24399471 0.02402882
vt 2.01959538 0.02452882
vt 2.24399471 0.02452882
vt 2.24399471 0.02402882
vt 2.24399471 0.02402882
vt 2.24399471 0.02452882
vt 2.46839428 0.02402882
vt 2.24399471 0.02452882
vt 2.46839428 0.02452882
vt 2.46839428 0.02402882
vt 2.46839428 0.02402882
vt 2.46839428 0.02452882
vt 2.69279361 0.02402882
vt 2.46839428 0.02452882
vt 2.69279361 0.02452882
vt 2.69279361 0.02402882
vt 2.69279361 0.02402882
vt 2.69279361 0.02452882
vt 2.91719317 0.02402882
vt 2.69279361 0.02452882
vt 2.91719317 0.02452882
vt 2.91719317 0.02402882
vt 2.91719317 0.02402882
vt 2.91719317 0.02452882
vt 3.14159274 0.02402882
vt 2.91719317 0.02452882
vt 3.14159274 0.02452882
vt 3.14159274 0.02402882
vt 3.14159274 0.02402882
vt 3.14159274 0.02452882
vt 3.36599207 0.02402882
vt 3.14159274 0.02452882
vt 3.36599207 0.02452882
vt 3.36599207 0.02402882
vt 3.36599207 0.02402882
vt 3.36599207 0.02452882
vt 3.59039164 0.02402882
vt 3.36599207 0.02452882
vt 3.59039164 0.02452882
vt 3.59039164 0.02402882
vt 3.59039164 0.02402882
vt 3.59039164 0.02452882
vt 3.81479096 0.02402882
vt 3.59039164 0.02452882
vt 3.81479096 0.02452882
vt 3.81479096 0.02402882
vt 3.81479096 0.02402882
vt 3.81479096 0.02452882
vt 4.03919077 0.02402882
vt 3.81479096 0.02452882
vt 4.03919077 0.02452882
vt 4.03919077 0.02402882
vt 4.03919077 0.02402882
vt 4.03919077 0.02452882
vt 4.26358986 0.02402882
vt 4.03919077 0.02452882
vt 4.26358986 0.02452882
vt 4.26358986 0.02402882
vt 4.26358986 0.02402882
vt 4.26358986 0.02452882
vt 4.48798943 0.02402882
vt 4.26358986 0.02452882
vt 4.48798943 0.02452882
vt 4.48798943 0.02402882
vt 4.48798943 0.02402882
vt 4.48798943 0.02452882
vt 4.71238899 0.02402882
vt 4.48798943 0.02452882
vt 4.71238899 0.02452882
vt 4.71238899 0.02402882
vt -0.01500000 0.02402882
vt -0.01500000 0.02452882
vt 0.00000000 0.02402882
vt -0.01500000 0.02452882
vt 0.00000000 0.02452882
vt 0.00000000 0.02402882
vt 1.57079637 0.02301166
vt 1.57079637 0.02351166
vt 1.79519582 0.02301166
vt 1.57079637 0.02351166
vt 1.79519582 0.02351166
vt 1.79519582 0.02301166
vt 1.79519582 0.02301166
vt 1.79519582 0.02351166
vt 2.01959538 0.02301166
vt 1.79519582 0.02351166
vt 2.01959538 0.02351166
vt 2.01959538 0.02301166
vt 2.01959538 0.02301166
vt 2.01959538 0.02351166
vt 2.24399471 0.02301166
vt 2.01959538 0.02351166
vt 2.24399471 0.02351166
vt 2.24399471 0.02301166
vt 2.24399471 0.02301166
vt 2.24399471 0.02351166
vt 2.46839428 0.02301166
vt 2.24399471 0.02351166
vt 2.46839428 0.02351166
vt 2.46839428 0.02301166
vt 2.46839428 0.02301166
vt 2.46839428 0.02351166
vt 2.69279361 0.02301166
vt 2.46839428 0.02351166
vt 2.69279361 0.02351166
vt 2.69279361 0.02301166
vt 2.69279361 0.02301166
vt 2.69279361 0.02351166
vt 2.91719317 0.02301166
vt 2.69279361 0.02351166
vt 2.91719317 0.02351166
vt 2.91719317 0.02301166
vt 2.91719317 0.02301166
vt 2.91719317 0.02351166
vt 3.14159274 0.02301166
vt 2.91719317 0.02351166
vt 3.14159274 0.02351166
vt 3.14159274 0.02301166
vt 3.14159274 0.02301166
vt 3.14159274 0.02351166
vt 3.36599207 0.02301166
vt 3.14159274 0.02351166
vt 3.36599207 0.02351166
vt 3.36599207 0.02301166
vt 3.36599207 0.02301166
vt 3.36599207 0.02351166
vt 3.59039164 0.02301166
vt 3.36599207 0.02351166
vt 3.59039164 0.02351166
vt 3.59039164 0.02301166
vt 3.59039164 0.02301166
vt 3.59039164 0.02351166
vt 3.81479096 0.02301166
vt 3.59039164 0.02351166
vt 3.81479096 0.02351166
vt 3.81479096 0.02301166
vt 3.81479096 0.02301166
vt 3.81479096 0.02351166
vt 4.03919077 0.02301166
vt 3.81479096 0.02351166
vt 4.03919077 0.02351166
vt 4.03919077 0.02301166
vt 4.03919077 0.02301166
vt 4.03919077 0.02351166
vt 4.26358986 0.02301166
vt 4.03919077 0.02351166
vt 4.26358986 0.02351166
vt 4.26358986 0.02301166
vt 4.26358986 0.02301166
vt 4.26358986 0.02351166
vt 4.48798943 0.02301166
vt 4.26358986 0.02351166
vt 4.48798943 0.02351166
vt 4.48798943 0.02301166
vt 4.48798943 0.02301166
vt 4.48798943 0.02351166
vt 4.71238899 0.02301166
vt 4.48798943 0.02351166
vt 4.71238899 0.02351166
vt 4.71238899 0.02301166
vt -0.01500000 0.02301166
vt -0.01500000 0.02351166
vt 0.00000000 0.02301166
vt -0.01500000 0.02351166
vt 0.00000000 0.02351166
vt 0.00000000 0.02301166
vt -0.00440000 -0.01580000
vt -0.00496863 -0.00703137
vt -0.00530000 -0.00728564
vt -0.02280000 -0.00679373
vt -0.02264548 -0.00631411
vt -0.02270000 -0.00600000
vt -0.02264548 -0.00631411
vt -0.02270000 -0.00590000
vt -0.02270000 -0.00600000
vt -0.00496863 -0.00703137
vt -0.00440000 -0.01580000
vt -0.00471436 -0.00670000
vt -0.00440000 -0.01580000
vt -0.00440000 -0.00679373
vt -0.00471436 -0.00670000
vt -0.00471436 -0.00670000
vt -0.00440000 -0.00679373
vt -0.00455452 -0.00631411
vt -0.00440000 -0.00679373
vt -0.00450000 -0.00600000
vt -0.00455452 -0.00631411
vt -0.00455452 -0.00631411
vt -0.00450000 -0.00600000
vt -0.00450000 -0.00590000
vt -0.02190000 -0.00728564
vt -0.02223137 -0.00703137
vt -0.02280000 -0.01580000
vt -0.02237128 -0.01740000
vt -0.02186274 -0.01806274
vt -0.02110000 -0.00750000
vt -0.02280000 -0.01580000
vt -0.02223137 -0.00703137
vt -0.02280000 -0.00679373
vt -0.02223137 -0.00703137
vt -0.02248564 -0.00670000
vt -0.02280000 -0.00679373
vt -0.02280000 -0.00679373
vt -0.02248564 -0.00670000
vt -0.02264548 -0.00631411
vt -0.02237128 -0.01740000
vt -0.02110000 -0.00750000
vt -0.02269096 -0.01662822
vt -0.00482872 -0.01740000
vt -0.00450904 -0.01662822
vt -0.00610000 -0.00750000
vt -0.00450904 -0.01662822
vt -0.00440000 -0.01580000
vt -0.00610000 -0.00750000
vt -0.00610000 -0.00750000
vt -0.00440000 -0.01580000
vt -0.00568589 -0.00744548
vt -0.00440000 -0.01580000
vt -0.00530000 -0.00728564
vt -0.00568589 -0.00744548
vt -0.02110000 -0.00750000
vt -0.01960000 -0.01900000
vt -0.00610000 -0.00750000
vt -0.01960000 -0.01900000
vt -0.00760000 -0.01900000
vt -0.00610000 -0.00750000
vt -0.00610000 -0.00750000
vt -0.00760000 -0.01900000
vt -0.00677178 -0.01889096
vt -0.00677178 -0.01889096
vt -0.00600000 -0.01857128
vt -0.00610000 -0.00750000
vt -0.00600000 -0.01857128
vt -0.00533726 -0.01806274
vt -0.00610000 -0.00750000
vt -0.00610000 -0.00750000
vt -0.00533726 -0.01806274
vt -0.00482872 -0.01740000
vt -0.02269096 -0.01662822
vt -0.02110000 -0.00750000
vt -0.02280000 -0.01580000
vt -0.02110000 -0.00750000
vt -0.02151411 -0.00744548
vt -0.02280000 -0.01580000
vt -0.02280000 -0.01580000
vt -0.02151411 -0.00744548
vt -0.02190000 -0.00728564
vt -0.02186274 -0.01806274
vt -0.02120000 -0.01857128
vt -0.02110000 -0.00750000
vt -0.02120000 -0.01857128
vt -0.02042822 -0.01889096
vt -0.02110000 -0.00750000
vt -0.02110000 -0.00750000
vt -0.02042822 -0.01889096
vt -0.01960000 -0.01900000
vt 3.49065852 0.00200000
vt 3.49065852 0.00450000
vt 3.22885919 0.00450000
vt 3.49065852 0.00200000
vt 3.22885919 0.00450000
vt 3.22885919 0.00200000
vt 3.22885919 0.00450000
vt 2.96705961 0.00450000
vt 3.22885919 0.00200000
vt 3.22885919 0.00200000
vt 2.96705961 0.00450000
vt 2.96705961 0.00200000
vt 2.96705961 0.00450000
vt 2.70526028 0.00450000
vt 2.96705961 0.00200000
vt 2.96705961 0.00200000
vt 2.70526028 0.00450000
vt 2.70526028 0.00200000
vt 2.70526028 0.00450000
vt 2.44346094 0.00450000
vt 2.70526028 0.00200000
vt 2.70526028 0.00200000
vt 2.44346094 0.00450000
vt 2.44346094 0.00200000
vt 2.44346094 0.00450000
vt 2.18166161 0.00450000
vt 2.44346094 0.00200000
vt 2.44346094 0.00200000
vt 2.18166161 0.00450000
vt 2.18166161 0.00200000
vt 2.18166161 0.00450000
vt 1.91986215 0.00450000
vt 2.18166161 0.00200000
vt 2.18166161 0.00200000
vt 1.91986215 0.00450000
vt 1.91986215 0.00200000
vt -0.00300000 -0.00450000
vt -0.00300000 -0.00200000
vt 0.00000000 -0.00450000
vt -0.00300000 -0.00200000
vt 0.00000000 -0.00200000
vt 0.00000000 -0.00450000
vt 1.91986215 0.00200000
vt 1.91986215 0.00450000
vt 1.74532926 0.00450000
vt 1.91986215 0.00200000
vt 1.74532926 0.00450000
vt 1.74532926 0.00200000
vt 1.74532926 0.00450000
vt 1.57079637 0.00450000
vt 1.74532926 0.00200000
vt 1.74532926 0.00200000
vt 1.57079637 0.00450000
vt 1.57079637 0.00200000
vt -0.00413563 -0.00440000
vt -0.00413563 -0.00200000
vt -0.00185338 -0.00440000
vt -0.00413563 -0.00200000
vt -0.00000000 -0.00200000
vt -0.00185338 -0.00440000
vt -0.00185338 -0.00440000
vt -0.00000000 -0.00200000
vt -0.00100871 -0.00450000
vt -0.00000000 -0.00200000
vt 0.00000000 -0.00450000
vt -0.00100871 -0.00450000
vt 4.71238899 0.00200000
vt 4.71238899 0.00440000
vt 4.88692188 0.00200000
vt 4.71238899 0.00440000
vt 4.88692188 0.00440000
vt 4.88692188 0.00200000
vt 4.88692188 0.00200000
vt 4.88692188 0.00440000
vt 5.06145477 0.00200000
vt 4.88692188 0.00440000
vt 5.06145477 0.00440000
vt 5.06145477 0.00200000
vt -0.00450000 -0.00000000
vt -0.00450000 0.00250000
vt -0.00200000 -0.00000000
vt -0.00450000 0.00250000
vt -0.00200000 0.00250000
vt -0.00200000 -0.00000000
vt 3.49065852 0.02270000
vt 3.49065852 0.02520000
vt 3.22885919 0.02520000
vt 3.49065852 0.02270000
vt 3.22885919 0.02520000
vt 3.22885919 0.02270000
vt 3.22885919 0.02520000
vt 2.96705961 0.02520000
vt 3.22885919 0.02270000
vt 3.22885919 0.02270000
vt 2.96705961 0.02520000
vt 2.96705961 0.02270000
vt 2.96705961 0.02520000
vt 2.70526028 0.02520000
vt 2.96705961 0.02270000
vt 2.96705961 0.02270000
vt 2.70526028 0.02520000
vt 2.70526028 0.02270000
vt 2.70526028 0.02520000
vt 2.44346094 0.02520000
vt 2.70526028 0.02270000
vt 2.70526028 0.02270000
vt 2.44346094 0.02520000
vt 2.44346094 0.02270000
vt 2.44346094 0.02520000
vt 2.18166161 0.02520000
vt 2.44346094 0.02270000
vt 2.44346094 0.02270000
vt 2.18166161 0.02520000
vt 2.18166161 0.02270000
vt 2.18166161 0.02520000
vt 1.91986215 0.02520000
vt 2.18166161 0.02270000
vt 2.18166161 0.02270000
vt 1.91986215 0.02520000
vt 1.91986215 0.02270000
vt -0.00300000 -0.02520000
vt -0.00300000 -0.02270000
vt 0.00000000 -0.02520000
vt -0.00300000 -0.02270000
vt 0.00000000 -0.02270000
vt 0.00000000 -0.02520000
vt 1.91986215 0.02270000
vt 1.91986215 0.02520000
vt 1.74532926 0.02520000
vt 1.91986215 0.02270000
vt 1.74532926 0.02520000
vt 1.74532926 0.02270000
vt 1.74532926 0.02520000
vt 1.57079637 0.02520000
vt 1.74532926 0.02270000
vt 1.74532926 0.02270000
vt 1.57079637 0.02520000
vt 1.57079637 0.02270000
vt -0.00000000 -0.02520000
vt -0.00413563 -0.02520000
vt -0.00413563 -0.02280000
vt -0.00413563 -0.02280000
vt -0.00185338 -0.02280000
vt -0.00000000 -0.02520000
vt -0.00185338 -0.02280000
vt -0.00100871 -0.02270000
vt -0.00000000 -0.02520000
vt -0.00000000 -0.02520000
vt -0.00100871 -0.02270000
vt 0.00000000 -0.02270000
vt 4.71238899 0.02280000
vt 4.71238899 0.02520000
vt 4.88692188 0.02280000
vt 4.71238899 0.02520000
vt 4.88692188 0.02520000
vt 4.88692188 0.02280000
vt 4.88692188 0.02280000
vt 4.88692188 0.02520000
vt 5.06145477 0.02280000
vt 4.88692188 0.02520000
vt 5.06145477 0.02520000
vt 5.06145477 0.02280000
vt -0.00552870 -0.02120000
vt -0.00502016 -0.02186274
vt -0.05646603 -0.02520000
vt -0.00552870 -0.02120000
vt -0.05646603 -0.02520000
vt -0.00584838 -0.02042822
vt 0.00000000 -0.00440000
vt -0.00275742 -0.00440000
vt 0.00000000 -0.00200000
vt -0.00275742 -0.00440000
vt -0.00358564 -0.00450904
vt 0.00000000 -0.00200000
vt 0.00000000 -0.00200000
vt -0.00358564 -0.00450904
vt -0.05646603 -0.00200000
vt -0.00358564 -0.00450904
vt -0.00435742 -0.00482872
vt -0.05646603 -0.00200000
vt -0.00435742 -0.00482872
vt -0.00502016 -0.00533726
vt -0.05646603 -0.00200000
vt -0.05646603 -0.00200000
vt -0.00502016 -0.00533726
vt -0.00552870 -0.00600000
vt -0.00502016 -0.02186274
vt -0.00435742 -0.02237128
vt -0.05646603 -0.02520000
vt -0.00435742 -0.02237128
vt -0.00358564 -0.02269096
vt -0.05646603 -0.02520000
vt -0.05646603 -0.02520000
vt -0.00358564 -0.02269096
vt 0.00000000 -0.02520000
vt -0.00358564 -0.02269096
vt -0.00275742 -0.02280000
vt 0.00000000 -0.02520000
vt 0.00000000 -0.02520000
vt -0.00275742 -0.02280000
vt 0.00000000 -0.02280000
vt -0.00552870 -0.00600000
vt -0.00584838 -0.00677178
vt -0.05646603 -0.00200000
vt -0.00584838 -0.00677178
vt -0.00595742 -0.00760000
vt -0.05646603 -0.00200000
vt -0.05646603 -0.00200000
vt -0.00595742 -0.00760000
vt -0.05646603 -0.02520000
vt -0.00595742 -0.00760000
vt -0.00595742 -0.01960000
vt -0.05646603 -0.02520000
vt -0.05646603 -0.02520000
vt -0.00595742 -0.01960000
vt -0.00584838 -0.02042822
vt 5.41052055 0.02520000
vt 5.58505344 0.02520000
vt 5.58505344 0.01920000
vt 5.58505344 0.00800000
vt 5.58505344 0.00200000
vt 5.49205351 0.00800000
vt 5.58505344 0.00200000
vt 5.41052055 0.00200000
vt 5.49205351 0.00800000
vt 5.49205351 0.00800000
vt 5.41052055 0.00200000
vt 5.49205351 0.01920000
vt 5.06145477 0.00200000
vt 5.06145477 0.02520000
vt 5.23598766 0.00200000
vt 5.06145477 0.02520000
vt 5.23598766 0.02520000
vt 5.23598766 0.00200000
vt 5.23598766 0.00200000
vt 5.23598766 0.02520000
vt 5.41052055 0.00200000
vt 5.23598766 0.02520000
vt 5.41052055 0.02520000
vt 5.41052055 0.00200000
vt 5.41052055 0.00200000
vt 5.41052055 0.02520000
vt 5.49205351 0.01920000
vt 5.41052055 0.02520000
vt 5.58505344 0.01920000
vt 5.49205351 0.01920000
vt 0.00000000 -0.02520000
vt 0.00000000 -0.01920000
vt 0.00796228 -0.02520000
vt 0.00000000 -0.01920000
vt 0.00796228 -0.01920000
vt 0.00796228 -0.02520000
vt 2.44346094 0.00200000
vt 2.44346094 0.00800000
vt 2.19256997 0.00800000
vt 2.44346094 0.00200000
vt 2.19256997 0.00800000
vt 2.19256997 0.00200000
vt 2.19256997 0.00800000
vt 1.94167876 0.00800000
vt 2.19256997 0.00200000
vt 2.19256997 0.00200000
vt 1.94167876 0.00800000
vt 1.94167876 0.00200000
vt 1.94167876 0.00800000
vt 1.69078767 0.00800000
vt 1.94167876 0.00200000
vt 1.94167876 0.00200000
vt 1.69078767 0.00800000
vt 1.69078767 0.00200000
vt 1.69078767 0.00800000
vt 1.43989658 0.00800000
vt 1.69078767 0.00200000
vt 1.69078767 0.00200000
vt 1.43989658 0.00800000
vt 1.43989658 0.00200000
vt 1.43989658 0.00800000
vt 1.18900549 0.00800000
vt 1.43989658 0.00200000
vt 1.43989658 0.00200000
vt 1.18900549 0.00800000
vt 1.18900549 0.00200000
vt 1.18900549 0.00800000
vt 0.93811446 0.00800000
vt 1.18900549 0.00200000
vt 1.18900549 0.00200000
vt 0.93811446 0.00800000
vt 0.93811446 0.00200000
vt 0.93811446 0.00800000
vt 0.68722337 0.00800000
vt 0.93811446 0.00200000
vt 0.93811446 0.00200000
vt 0.68722337 0.00800000
vt 0.68722337 0.00200000
vt 0.68722337 0.00800000
vt 0.43633232 0.00800000
vt 0.68722337 0.00200000
vt 0.68722337 0.00200000
vt 0.43633232 0.00800000
vt 0.43633232 0.00200000
vt 0.00810000 0.00382242
vt 0.00810000 -0.00000000
vt 0.00800000 0.00382242
vt 0.00810000 -0.00000000
vt 0.00200000 -0.00000000
vt 0.00800000 0.00382242
vt 0.00800000 0.00382242
vt 0.00200000 -0.00000000
vt 0.00800000 0.01000000
vt 0.00200000 -0.00000000
vt 0.00200000 0.01000000
vt 0.00800000 0.01000000
vt 0.43633232 0.00200000
vt 0.43633232 0.00810000
vt 0.21816616 0.00810000
vt 0.43633232 0.00200000
vt 0.21816616 0.00810000
vt 0.21816616 0.00200000
vt 0.21816616 0.00810000
vt -0.00000000 0.00810000
vt 0.21816616 0.00200000
vt 0.21816616 0.00200000
vt -0.00000000 0.00810000
vt -0.00000000 0.00200000
vt 0.00200000 -0.00250000
vt 0.00200000 -0.00000000
vt 0.00810000 -0.00250000
vt 0.00200000 -0.00000000
vt 0.00810000 -0.00000000
vt 0.00810000 -0.00250000
vt 6.28318548 0.00200000
vt 6.28318548 0.00810000
vt 6.05878592 0.00810000
vt 5.69749975 0.00810000
vt 5.60982895 0.00200000
vt 5.75958633 0.00200000
vt 5.69749975 0.00810000
vt 5.75958633 0.00200000
vt 5.83438635 0.00810000
vt 5.60982895 0.02520000
vt 5.69749975 0.01910000
vt 5.75958633 0.02520000
vt 5.69749975 0.01910000
vt 5.83438635 0.01910000
vt 5.75958633 0.02520000
vt 5.75958633 0.02520000
vt 5.83438635 0.01910000
vt 5.83399200 0.02520000
vt 5.75958633 0.00200000
vt 5.83399200 0.00200000
vt 5.83438635 0.00810000
vt 5.83399200 0.00200000
vt 6.02138615 0.00200000
vt 5.83438635 0.00810000
vt 5.83438635 0.00810000
vt 6.02138615 0.00200000
vt 6.05878592 0.00810000
vt 6.02138615 0.00200000
vt 6.05839348 0.00200000
vt 6.05878592 0.00810000
vt 6.05878592 0.00810000
vt 6.05839348 0.00200000
vt 6.28318548 0.00200000
vt 5.83399200 0.02520000
vt 5.83438635 0.01910000
vt 6.02138615 0.02520000
vt 5.83438635 0.01910000
vt 6.05878592 0.01910000
vt 6.02138615 0.02520000
vt 6.02138615 0.02520000
vt 6.05878592 0.01910000
vt 6.05839348 0.02520000
vt 6.05878592 0.01910000
vt 6.28318548 0.01910000
vt 6.05839348 0.02520000
vt 6.05839348 0.02520000
vt 6.28318548 0.01910000
vt 6.28318548 0.02520000
vt 5.69749975 0.00810000
vt 5.69749975 0.01910000
vt 5.60982895 0.00200000
vt 5.69749975 0.01910000
vt 5.60982895 0.02520000
vt 5.60982895 0.00200000
vt 5.60982895 0.00200000
vt 5.60982895 0.02520000
vt 5.49778700 0.00200000
vt 5.60982895 0.02520000
vt 5.49778700 0.02520000
vt 5.49778700 0.00200000
vt 5.49778700 0.00200000
vt 5.49778700 0.02520000
vt 5.38574553 0.00200000
vt 5.49778700 0.02520000
vt 5.38574553 0.02520000
vt 5.38574553 0.00200000
vt 5.38574553 0.00200000
vt 5.38574553 0.02520000
vt 5.23598766 0.00200000
vt 5.38574553 0.02520000
vt 5.23598766 0.02520000
vt 5.23598766 0.00200000
vt 5.23598766 0.00200000
vt 5.23598766 0.02520000
vt 5.16158199 0.00200000
vt 5.23598766 0.02520000
vt 5.16158199 0.02520000
vt 5.16158199 0.00200000
vt 5.16158199 0.00200000
vt 5.16158199 0.02520000
vt 4.97418833 0.00200000
vt 5.16158199 0.02520000
vt 4.97418833 0.02520000
vt 4.97418833 0.00200000
vt 4.97418833 0.00200000
vt 4.97418833 0.02520000
vt 4.93718100 0.00200000
vt 4.97418833 0.02520000
vt 4.93718100 0.02520000
vt 4.93718100 0.00200000
vt 4.93718100 0.02520000
vt 4.71238899 0.02520000
vt 4.93718100 0.00200000
vt 4.93718100 0.00200000
vt 4.71238899 0.02520000
vt 4.71238899 0.00200000
vt -0.02520000 -0.00000000
vt -0.02520000 0.01413064
vt -0.00200000 -0.00000000
vt -0.02520000 0.01413064
vt -0.00200000 0.01413064
vt -0.00200000 -0.00000000
vt 1.57079637 0.00200000
vt 1.57079637 0.02520000
vt 1.74532926 0.00200000
vt 1.57079637 0.02520000
vt 1.74532926 0.02520000
vt 1.74532926 0.00200000
vt 1.74532926 0.00200000
vt 1.74532926 0.02520000
vt 1.91986215 0.00200000
vt 1.74532926 0.02520000
vt 1.91986215 0.02520000
vt 1.91986215 0.00200000
vt -0.02520000 -0.06598584
vt -0.02520000 0.00000000
vt -0.00200000 -0.06598584
vt -0.02520000 0.00000000
vt -0.00200000 0.00000000
vt -0.00200000 -0.06598584
vt 4.01425743 0.00450000
vt 4.16385698 0.00200000
vt 4.07634401 0.00450000
vt 4.16385698 0.00200000
vt 4.27605677 0.00200000
vt 4.07634401 0.00450000
vt 4.07634401 0.00450000
vt 4.27605677 0.00200000
vt 4.07634401 0.02270000
vt 3.75245786 0.02270000
vt 4.01425743 0.02270000
vt 3.93945742 0.02520000
vt 3.49065852 0.02520000
vt 3.49065852 0.02270000
vt 3.71505809 0.02520000
vt 3.49065852 0.02270000
vt 3.75245786 0.02270000
vt 3.71505809 0.02520000
vt 3.71505809 0.02520000
vt 3.75245786 0.02270000
vt 3.75219607 0.02520000
vt 3.75245786 0.02270000
vt 3.93945742 0.02520000
vt 3.75219607 0.02520000
vt 3.49065852 0.00200000
vt 3.71505809 0.00200000
vt 3.49065852 0.00450000
vt 3.71505809 0.00200000
vt 3.75245786 0.00450000
vt 3.49065852 0.00450000
vt 3.71505809 0.00200000
vt 3.75219607 0.00200000
vt 3.75245786 0.00450000
vt 3.75219607 0.00200000
vt 3.93945742 0.00200000
vt 3.75245786 0.00450000
vt 3.75245786 0.00450000
vt 3.93945742 0.00200000
vt 4.01425743 0.00450000
vt 3.93945742 0.00200000
vt 4.01404715 0.00200000
vt 4.01425743 0.00450000
vt 4.01425743 0.00450000
vt 4.01404715 0.00200000
vt 4.16385698 0.00200000
vt 5.06145477 0.00200000
vt 5.06145477 0.02520000
vt 4.83705521 0.00200000
vt 5.06145477 0.02520000
vt 4.83705521 0.02520000
vt 4.83705521 0.00200000
vt 4.83705521 0.00200000
vt 4.83705521 0.02520000
vt 4.79991722 0.00200000
vt 4.83705521 0.02520000
vt 4.79991722 0.02520000
vt 4.79991722 0.00200000
vt 4.79991722 0.00200000
vt 4.79991722 0.02520000
vt 4.61265612 0.00200000
vt 4.79991722 0.02520000
vt 4.61265612 0.02520000
vt 4.61265612 0.00200000
vt 4.61265612 0.00200000
vt 4.61265612 0.02520000
vt 4.53806639 0.00200000
vt 4.61265612 0.02520000
vt 4.53806639 0.02520000
vt 4.53806639 0.00200000
vt 4.53806639 0.00200000
vt 4.53806639 0.02520000
vt 4.38825655 0.00200000
vt 4.53806639 0.02520000
vt 4.38825655 0.02520000
vt 4.38825655 0.00200000
vt 4.38825655 0.00200000
vt 4.38825655 0.02520000
vt 4.27605677 0.00200000
vt 4.38825655 0.02520000
vt 4.27605677 0.02520000
vt 4.27605677 0.00200000
vt 4.27605677 0.00200000
vt 4.27605677 0.02520000
vt 4.07634401 0.02270000
vt 4.27605677 0.02520000
vt 4.16385698 0.02520000
vt 4.07634401 0.02270000
vt 4.07634401 0.02270000
vt 4.16385698 0.02520000
vt 4.01425743 0.02270000
vt 4.16385698 0.02520000
vt 4.01404715 0.02520000
vt 4.01425743 0.02270000
vt 4.01425743 0.02270000
vt 4.01404715 0.02520000
vt 3.93945742 0.02520000
vt -0.02520000 -0.00000000
vt -0.02520000 0.00250000
vt -0.02270000 -0.00000000
vt -0.02520000 0.00250000
vt -0.02270000 0.00250000
vt -0.02270000 -0.00000000
vt 0.02899680 -0.07982673
vt 0.03246095 -0.07932711
vt 0.02927948 -0.08083195
vt 0.03246095 -0.07932711
vt 0.03267296 -0.08008103
vt 0.02927948 -0.08083195
vt 0.04261506 -0.07066498
vt 0.04194171 -0.07106489
vt 0.03718280 -0.06436586
vt 0.04194171 -0.07106489
vt 0.04139481 -0.07162546
vt 0.03718280 -0.06436586
vt -0.00257345 -0.00110335
vt -0.00220019 -0.00173181
vt -0.00572810 -0.00307227
vt -0.00220019 -0.00173181
vt -0.00167700 -0.00224225
vt -0.00572810 -0.00307227
vt -0.00572810 -0.00307227
vt -0.00167700 -0.00224225
vt 0.02546051 -0.06122208
vt -0.00167700 -0.00224225
vt -0.00103952 -0.00259988
vt 0.02546051 -0.06122208
vt 0.03352682 -0.08321478
vt 0.03248269 -0.08322766
vt 0.03363345 -0.08130129
vt 0.03248269 -0.08322766
vt 0.03147081 -0.08296987
vt 0.03363345 -0.08130129
vt 0.03363345 -0.08130129
vt 0.03147081 -0.08296987
vt 0.03307288 -0.08075438
vt 0.03147081 -0.08296987
vt 0.03056012 -0.08245896
vt 0.03307288 -0.08075438
vt 0.03307288 -0.08075438
vt 0.03056012 -0.08245896
vt 0.03267296 -0.08008103
vt 0.03056012 -0.08245896
vt 0.02981270 -0.08172975
vt 0.03267296 -0.08008103
vt 0.03267296 -0.08008103
vt 0.02981270 -0.08172975
vt 0.02927948 -0.08083195
vt 0.04590463 -0.07002242
vt 0.04559400 -0.07101983
vt 0.04491099 -0.07063665
vt -0.00572810 -0.00307227
vt -0.00606043 -0.00224048
vt -0.00257345 -0.00110335
vt -0.00606043 -0.00224048
vt -0.00619933 -0.00135560
vt -0.00257345 -0.00110335
vt -0.00257345 -0.00110335
vt -0.00619933 -0.00135560
vt -0.00277133 -0.00039969
vt -0.00619933 -0.00135560
vt -0.00613785 -0.00046200
vt -0.00277133 -0.00039969
vt -0.00277133 -0.00039969
vt -0.00613785 -0.00046200
vt -0.00278034 0.00033120
vt 0.02697968 -0.06584080
vt 0.03264464 -0.07778510
vt 0.02899680 -0.07982673
vt 0.03264464 -0.07778510
vt 0.03245129 -0.07854402
vt 0.02899680 -0.07982673
vt 0.02899680 -0.07982673
vt 0.03245129 -0.07854402
vt 0.03246095 -0.07932711
vt 0.00259988 -0.00103952
vt 0.00278034 -0.00033120
vt 0.00494296 -0.00075312
vt 0.00278034 -0.00033120
vt 0.00277133 0.00039969
vt 0.00494296 -0.00075312
vt 0.00494296 -0.00075312
vt 0.00277133 0.00039969
vt 0.00352499 0.00189062
vt 0.00277133 0.00039969
vt 0.00257345 0.00110335
vt 0.00352499 0.00189062
vt 0.00352499 0.00189062
vt 0.00257345 0.00110335
vt 0.00291555 0.00273854
vt 0.00257345 0.00110335
vt 0.00220019 0.00173181
vt 0.00291555 0.00273854
vt 0.00291555 0.00273854
vt 0.00220019 0.00173181
vt 0.00210742 0.00339982
vt 0.00220019 0.00173181
vt 0.00167700 0.00224225
vt 0.00210742 0.00339982
vt 0.00210742 0.00339982
vt 0.00167700 0.00224225
vt 0.00115567 0.00382942
vt 0.00167700 0.00224225
vt 0.00103952 0.00259988
vt 0.00115567 0.00382942
vt 0.00115567 0.00382942
vt 0.00103952 0.00259988
vt 0.00012516 0.00399804
vt 0.00103952 0.00259988
vt 0.00033120 0.00278034
vt 0.00012516 0.00399804
vt 0.00012516 0.00399804
vt 0.00033120 0.00278034
vt -0.00091387 0.00389421
vt 0.00033120 0.00278034
vt -0.00039969 0.00277133
vt -0.00091387 0.00389421
vt -0.00091387 0.00389421
vt -0.00039969 0.00277133
vt -0.00189062 0.00352499
vt 0.03840917 -0.07925373
vt 0.03839951 -0.07847063
vt 0.04143987 -0.07527775
vt 0.03839951 -0.07847063
vt 0.03818750 -0.07771672
vt 0.04143987 -0.07527775
vt 0.04143987 -0.07527775
vt 0.03818750 -0.07771672
vt 0.04103995 -0.07460440
vt 0.03818750 -0.07771672
vt 0.03778758 -0.07704337
vt 0.04103995 -0.07460440
vt 0.04103995 -0.07460440
vt 0.03778758 -0.07704337
vt 0.04082794 -0.07385048
vt 0.03778758 -0.07704337
vt 0.03722701 -0.07649647
vt 0.04082794 -0.07385048
vt 0.04082794 -0.07385048
vt 0.03722701 -0.07649647
vt 0.04081828 -0.07306738
vt 0.04268345 -0.07620783
vt 0.04344236 -0.07640118
vt 0.03762088 -0.08224567
vt 0.04344236 -0.07640118
vt 0.04422546 -0.07639152
vt 0.03762088 -0.08224567
vt 0.03762088 -0.08224567
vt 0.04422546 -0.07639152
vt 0.04598787 -0.07676904
vt 0.00652490 -0.00854184
vt 0.00173181 -0.00220019
vt 0.00596735 -0.00616602
vt 0.00173181 -0.00220019
vt 0.00224225 -0.00167700
vt 0.00596735 -0.00616602
vt 0.00596735 -0.00616602
vt 0.00224225 -0.00167700
vt 0.00537701 -0.00207275
vt 0.00224225 -0.00167700
vt 0.00259988 -0.00103952
vt 0.00537701 -0.00207275
vt 0.00537701 -0.00207275
vt 0.00259988 -0.00103952
vt 0.00521771 -0.00139395
vt 0.00259988 -0.00103952
vt 0.00494296 -0.00075312
vt 0.00521771 -0.00139395
vt 0.04590463 -0.07002242
vt 0.04491099 -0.07063665
vt 0.03913705 -0.06582746
vt 0.04491099 -0.07063665
vt 0.04415207 -0.07044330
vt 0.03913705 -0.06582746
vt 0.03913705 -0.06582746
vt 0.04415207 -0.07044330
vt 0.03718280 -0.06436586
vt 0.04415207 -0.07044330
vt 0.04336898 -0.07045297
vt 0.03718280 -0.06436586
vt 0.03718280 -0.06436586
vt 0.04336898 -0.07045297
vt 0.04261506 -0.07066498
vt -0.00039969 0.00277133
vt -0.00110335 0.00257345
vt -0.00189062 0.00352499
vt -0.00110335 0.00257345
vt -0.00173181 0.00220019
vt -0.00189062 0.00352499
vt -0.00189062 0.00352499
vt -0.00173181 0.00220019
vt -0.00409374 0.00234335
vt -0.00173181 0.00220019
vt -0.00224225 0.00167700
vt -0.00409374 0.00234335
vt -0.00409374 0.00234335
vt -0.00224225 0.00167700
vt -0.00483072 0.00183426
vt -0.00224225 0.00167700
vt -0.00259988 0.00103952
vt -0.00483072 0.00183426
vt -0.00483072 0.00183426
vt -0.00259988 0.00103952
vt -0.00543595 0.00117395
vt -0.00259988 0.00103952
vt -0.00278034 0.00033120
vt -0.00543595 0.00117395
vt -0.00543595 0.00117395
vt -0.00278034 0.00033120
vt -0.00587906 0.00039552
vt -0.00278034 0.00033120
vt -0.00613785 -0.00046200
vt -0.00587906 0.00039552
vt 0.03500199 -0.07592960
vt 0.03551205 -0.06258711
vt 0.03578509 -0.07591993
vt 0.03551205 -0.06258711
vt 0.03718280 -0.06436586
vt 0.03578509 -0.07591993
vt 0.03578509 -0.07591993
vt 0.03718280 -0.06436586
vt 0.03654400 -0.07611328
vt 0.03718280 -0.06436586
vt 0.04139481 -0.07162546
vt 0.03654400 -0.07611328
vt 0.03654400 -0.07611328
vt 0.04139481 -0.07162546
vt 0.03722701 -0.07649647
vt 0.04139481 -0.07162546
vt 0.04101163 -0.07230847
vt 0.03722701 -0.07649647
vt 0.03722701 -0.07649647
vt 0.04101163 -0.07230847
vt 0.04081828 -0.07306738
vt -0.00103952 -0.00259988
vt -0.00033120 -0.00278034
vt 0.02546051 -0.06122208
vt -0.00033120 -0.00278034
vt 0.00039969 -0.00277133
vt 0.02546051 -0.06122208
vt 0.02546051 -0.06122208
vt 0.00039969 -0.00277133
vt 0.00110335 -0.00257345
vt 0.03363345 -0.08130129
vt 0.03431646 -0.08168446
vt 0.03352682 -0.08321478
vt 0.03431646 -0.08168446
vt 0.03507537 -0.08187781
vt 0.03352682 -0.08321478
vt 0.03352682 -0.08321478
vt 0.03507537 -0.08187781
vt 0.03600122 -0.08285791
vt 0.03424807 -0.07614161
vt 0.00748653 -0.01078475
vt 0.03500199 -0.07592960
vt 0.00748653 -0.01078475
vt 0.03417555 -0.06054527
vt 0.03500199 -0.07592960
vt 0.03500199 -0.07592960
vt 0.03417555 -0.06054527
vt 0.03551205 -0.06258711
vt 0.02642214 -0.06346498
vt 0.03357472 -0.07654153
vt 0.02697968 -0.06584080
vt 0.03357472 -0.07654153
vt 0.03302782 -0.07710209
vt 0.02697968 -0.06584080
vt 0.02697968 -0.06584080
vt 0.03302782 -0.07710209
vt 0.03264464 -0.07778510
vt 0.03507537 -0.08187781
vt 0.03543023 -0.08189888
vt 0.03600122 -0.08285791
vt 0.03543023 -0.08189888
vt 0.03585847 -0.08186815
vt 0.03600122 -0.08285791
vt 0.03600122 -0.08285791
vt 0.03585847 -0.08186815
vt 0.03684458 -0.08264048
vt 0.03585847 -0.08186815
vt 0.03661239 -0.08165614
vt 0.03684458 -0.08264048
vt 0.03684458 -0.08264048
vt 0.03661239 -0.08165614
vt 0.03762088 -0.08224567
vt 0.03661239 -0.08165614
vt 0.03728574 -0.08125623
vt 0.03762088 -0.08224567
vt 0.03762088 -0.08224567
vt 0.03728574 -0.08125623
vt 0.03783264 -0.08069566
vt 0.04268345 -0.07620783
vt 0.03762088 -0.08224567
vt 0.04200044 -0.07582465
vt 0.03762088 -0.08224567
vt 0.03783264 -0.08069566
vt 0.04200044 -0.07582465
vt 0.04200044 -0.07582465
vt 0.03783264 -0.08069566
vt 0.04143987 -0.07527775
vt 0.03783264 -0.08069566
vt 0.03821582 -0.08001264
vt 0.04143987 -0.07527775
vt 0.04143987 -0.07527775
vt 0.03821582 -0.08001264
vt 0.03840917 -0.07925373
vt 0.04677616 -0.07377709
vt 0.04768394 -0.07436743
vt 0.04658281 -0.07453601
vt 0.04768394 -0.07436743
vt 0.04732759 -0.07530279
vt 0.04658281 -0.07453601
vt 0.04658281 -0.07453601
vt 0.04732759 -0.07530279
vt 0.04619963 -0.07521902
vt 0.04732759 -0.07530279
vt 0.04675018 -0.07612038
vt 0.04619963 -0.07521902
vt 0.04619963 -0.07521902
vt 0.04675018 -0.07612038
vt 0.04565272 -0.07577959
vt 0.04675018 -0.07612038
vt 0.04598787 -0.07676904
vt 0.04565272 -0.07577959
vt 0.04565272 -0.07577959
vt 0.04598787 -0.07676904
vt 0.04497937 -0.07617950
vt 0.04598787 -0.07676904
vt 0.04422546 -0.07639152
vt 0.04497937 -0.07617950
vt 0.04559400 -0.07101983
vt 0.04590463 -0.07002242
vt 0.04615457 -0.07156673
vt 0.04590463 -0.07002242
vt 0.04668272 -0.07065206
vt 0.04615457 -0.07156673
vt 0.04615457 -0.07156673
vt 0.04668272 -0.07065206
vt 0.04655448 -0.07224008
vt 0.04668272 -0.07065206
vt 0.04728012 -0.07145517
vt 0.04655448 -0.07224008
vt 0.04655448 -0.07224008
vt 0.04728012 -0.07145517
vt 0.04676650 -0.07299400
vt 0.04728012 -0.07145517
vt 0.04765944 -0.07238144
vt 0.04676650 -0.07299400
vt 0.04676650 -0.07299400
vt 0.04765944 -0.07238144
vt 0.04677616 -0.07377709
vt 0.04765944 -0.07238144
vt 0.04779691 -0.07337289
vt 0.04677616 -0.07377709
vt 0.04677616 -0.07377709
vt 0.04779691 -0.07337289
vt 0.04768394 -0.07436743
vt 0.02642214 -0.06346498
vt 0.02546051 -0.06122208
vt 0.03357472 -0.07654153
vt 0.02546051 -0.06122208
vt 0.00110335 -0.00257345
vt 0.03357472 -0.07654153
vt 0.03357472 -0.07654153
vt 0.00110335 -0.00257345
vt 0.03424807 -0.07614161
vt 0.00110335 -0.00257345
vt 0.00173181 -0.00220019
vt 0.03424807 -0.07614161
vt 0.03424807 -0.07614161
vt 0.00173181 -0.00220019
vt 0.00748653 -0.01078475
vt 0.00173181 -0.00220019
vt 0.00652490 -0.00854184
vt 0.00748653 -0.01078475
vt 0.02546051 -0.06122208
vt 0.00110335 -0.00257345
vt 0.00039969 -0.00277133
vt -0.00259988 0.00103952
vt -0.00224225 0.00167700
vt -0.00409374 0.00234335
vt 0.00039969 -0.00277133
vt -0.00033120 -0.00278034
vt 0.02546051 -0.06122208
vt -0.00033120 -0.00278034
vt -0.00103952 -0.00259988
vt 0.02546051 -0.06122208
vt 0.02546051 -0.06122208
vt -0.00103952 -0.00259988
vt -0.00572810 -0.00307227
vt -0.00409374 0.00234335
vt -0.00224225 0.00167700
vt -0.00189062 0.00352499
vt 0.00259988 -0.00103952
vt 0.00224225 -0.00167700
vt 0.00596735 -0.00616602
vt -0.00277133 -0.00039969
vt -0.00619933 -0.00135560
vt -0.00257345 -0.00110335
vt -0.00619933 -0.00135560
vt -0.00606043 -0.00224048
vt -0.00257345 -0.00110335
vt -0.00257345 -0.00110335
vt -0.00606043 -0.00224048
vt -0.00220019 -0.00173181
vt -0.00606043 -0.00224048
vt -0.00572810 -0.00307227
vt -0.00220019 -0.00173181
vt -0.00220019 -0.00173181
vt -0.00572810 -0.00307227
vt -0.00167700 -0.00224225
vt -0.00572810 -0.00307227
vt -0.00103952 -0.00259988
vt -0.00167700 -0.00224225
vt -0.00409374 0.00234335
vt -0.00483072 0.00183426
vt -0.00259988 0.00103952
vt -0.00483072 0.00183426
vt -0.00543595 0.00117395
vt -0.00259988 0.00103952
vt -0.00259988 0.00103952
vt -0.00543595 0.00117395
vt -0.00278034 0.00033120
vt -0.00543595 0.00117395
vt -0.00587906 0.00039552
vt -0.00278034 0.00033120
vt -0.00278034 0.00033120
vt -0.00587906 0.00039552
vt -0.00277133 -0.00039969
vt -0.00587906 0.00039552
vt -0.00613785 -0.00046200
vt -0.00277133 -0.00039969
vt -0.00277133 -0.00039969
vt -0.00613785 -0.00046200
vt -0.00619933 -0.00135560
vt 0.03352682 -0.08321478
vt 0.03431646 -0.08168446
vt 0.03248269 -0.08322766
vt 0.03431646 -0.08168446
vt 0.03363345 -0.08130129
vt 0.03248269 -0.08322766
vt 0.03248269 -0.08322766
vt 0.03363345 -0.08130129
vt 0.03147081 -0.08296987
vt 0.03363345 -0.08130129
vt 0.03307288 -0.08075438
vt 0.03147081 -0.08296987
vt 0.04268345 -0.07620783
vt 0.03762088 -0.08224567
vt 0.04344236 -0.07640118
vt 0.03762088 -0.08224567
vt 0.04379722 -0.07642224
vt 0.04344236 -0.07640118
vt 0.04598787 -0.07676904
vt 0.04565272 -0.07577959
vt 0.04497937 -0.07617950
vt 0.03722701 -0.07649647
vt 0.04082794 -0.07385048
vt 0.04081828 -0.07306738
vt 0.03264464 -0.07778510
vt 0.02697968 -0.06584080
vt 0.03245129 -0.07854402
vt 0.02697968 -0.06584080
vt 0.02899680 -0.07982673
vt 0.03245129 -0.07854402
vt 0.03245129 -0.07854402
vt 0.02899680 -0.07982673
vt 0.03246095 -0.07932711
vt 0.02899680 -0.07982673
vt 0.02927948 -0.08083195
vt 0.03246095 -0.07932711
vt 0.03246095 -0.07932711
vt 0.02927948 -0.08083195
vt 0.03267296 -0.08008103
vt 0.02927948 -0.08083195
vt 0.02981270 -0.08172975
vt 0.03267296 -0.08008103
vt 0.03267296 -0.08008103
vt 0.02981270 -0.08172975
vt 0.03307288 -0.08075438
vt 0.02981270 -0.08172975
vt 0.03056012 -0.08245896
vt 0.03307288 -0.08075438
vt 0.03307288 -0.08075438
vt 0.03056012 -0.08245896
vt 0.03147081 -0.08296987
vt 0.03762088 -0.08224567
vt 0.03728574 -0.08125623
vt 0.03684458 -0.08264048
vt 0.03728574 -0.08125623
vt 0.03661239 -0.08165614
vt 0.03684458 -0.08264048
vt 0.03684458 -0.08264048
vt 0.03661239 -0.08165614
vt 0.03600122 -0.08285791
vt 0.03661239 -0.08165614
vt 0.03585847 -0.08186815
vt 0.03600122 -0.08285791
vt 0.03600122 -0.08285791
vt 0.03585847 -0.08186815
vt 0.03352682 -0.08321478
vt 0.03585847 -0.08186815
vt 0.03507537 -0.08187781
vt 0.03352682 -0.08321478
vt 0.03352682 -0.08321478
vt 0.03507537 -0.08187781
vt 0.03431646 -0.08168446
vt 0.04081828 -0.07306738
vt 0.04101163 -0.07230847
vt 0.03722701 -0.07649647
vt 0.04101163 -0.07230847
vt 0.04139481 -0.07162546
vt 0.03722701 -0.07649647
vt 0.03722701 -0.07649647
vt 0.04139481 -0.07162546
vt 0.03718280 -0.06436586
vt 0.04139481 -0.07162546
vt 0.04194171 -0.07106489
vt 0.03718280 -0.06436586
vt 0.03718280 -0.06436586
vt 0.04194171 -0.07106489
vt 0.03913705 -0.06582746
vt 0.04194171 -0.07106489
vt 0.04261506 -0.07066498
vt 0.03913705 -0.06582746
vt 0.04261506 -0.07066498
vt 0.04336898 -0.07045297
vt 0.03913705 -0.06582746
vt 0.04336898 -0.07045297
vt 0.04415207 -0.07044330
vt 0.03913705 -0.06582746
vt 0.03913705 -0.06582746
vt 0.04415207 -0.07044330
vt 0.04590463 -0.07002242
vt 0.04598787 -0.07676904
vt 0.04497937 -0.07617950
vt 0.03762088 -0.08224567
vt 0.04497937 -0.07617950
vt 0.04422546 -0.07639152
vt 0.03762088 -0.08224567
vt 0.03762088 -0.08224567
vt 0.04422546 -0.07639152
vt 0.04379722 -0.07642224
vt -0.00224225 0.00167700
vt -0.00173181 0.00220019
vt -0.00189062 0.00352499
vt -0.00173181 0.00220019
vt -0.00110335 0.00257345
vt -0.00189062 0.00352499
vt -0.00189062 0.00352499
vt -0.00110335 0.00257345
vt -0.00091387 0.00389421
vt -0.00110335 0.00257345
vt -0.00039969 0.00277133
vt -0.00091387 0.00389421
vt -0.00091387 0.00389421
vt -0.00039969 0.00277133
vt 0.00012516 0.00399804
vt -0.00039969 0.00277133
vt 0.00033120 0.00278034
vt 0.00012516 0.00399804
vt 0.00012516 0.00399804
vt 0.00033120 0.00278034
vt 0.00115567 0.00382942
vt 0.00033120 0.00278034
vt 0.00103952 0.00259988
vt 0.00115567 0.00382942
vt 0.00115567 0.00382942
vt 0.00103952 0.00259988
vt 0.00210742 0.00339982
vt 0.00103952 0.00259988
vt 0.00167700 0.00224225
vt 0.00210742 0.00339982
vt 0.00210742 0.00339982
vt 0.00167700 0.00224225
vt 0.00291555 0.00273854
vt 0.00167700 0.00224225
vt 0.00220019 0.00173181
vt 0.00291555 0.00273854
vt 0.00291555 0.00273854
vt 0.00220019 0.00173181
vt 0.00352499 0.00189062
vt 0.00220019 0.00173181
vt 0.00257345 0.00110335
vt 0.00352499 0.00189062
vt 0.00352499 0.00189062
vt 0.00257345 0.00110335
vt 0.00494296 -0.00075312
vt 0.03424807 -0.07614161
vt 0.00224225 -0.00167700
vt 0.00173181 -0.00220019
vt 0.03500199 -0.07592960
vt 0.03578509 -0.07591993
vt 0.03718280 -0.06436586
vt 0.03578509 -0.07591993
vt 0.03654400 -0.07611328
vt 0.03718280 -0.06436586
vt 0.03718280 -0.06436586
vt 0.03654400 -0.07611328
vt 0.03722701 -0.07649647
vt 0.04268345 -0.07620783
vt 0.03821582 -0.08001264
vt 0.03762088 -0.08224567
vt 0.03821582 -0.08001264
vt 0.03783264 -0.08069566
vt 0.03762088 -0.08224567
vt 0.03762088 -0.08224567
vt 0.03783264 -0.08069566
vt 0.03728574 -0.08125623
vt 0.00257345 0.00110335
vt 0.00277133 0.00039969
vt 0.00494296 -0.00075312
vt 0.00277133 0.00039969
vt 0.00278034 -0.00033120
vt 0.00494296 -0.00075312
vt 0.00494296 -0.00075312
vt 0.00278034 -0.00033120
vt 0.00521771 -0.00139395
vt 0.00278034 -0.00033120
vt 0.00259988 -0.00103952
vt 0.00521771 -0.00139395
vt 0.00521771 -0.00139395
vt 0.00259988 -0.00103952
vt 0.00537701 -0.00207275
vt 0.00259988 -0.00103952
vt 0.00596735 -0.00616602
vt 0.00537701 -0.00207275
vt 0.04082794 -0.07385048
vt 0.03722701 -0.07649647
vt 0.04103995 -0.07460440
vt 0.03722701 -0.07649647
vt 0.03778758 -0.07704337
vt 0.04103995 -0.07460440
vt 0.04103995 -0.07460440
vt 0.03778758 -0.07704337
vt 0.04143987 -0.07527775
vt 0.03778758 -0.07704337
vt 0.03818750 -0.07771672
vt 0.04143987 -0.07527775
vt 0.04143987 -0.07527775
vt 0.03818750 -0.07771672
vt 0.04200044 -0.07582465
vt 0.03818750 -0.07771672
vt 0.03839951 -0.07847063
vt 0.04200044 -0.07582465
vt 0.04200044 -0.07582465
vt 0.03839951 -0.07847063
vt 0.04268345 -0.07620783
vt 0.03839951 -0.07847063
vt 0.03840917 -0.07925373
vt 0.04268345 -0.07620783
vt 0.04268345 -0.07620783
vt 0.03840917 -0.07925373
vt 0.03821582 -0.08001264
vt 0.03264464 -0.07778510
vt 0.03302782 -0.07710209
vt 0.02697968 -0.06584080
vt 0.03302782 -0.07710209
vt 0.03357472 -0.07654153
vt 0.02697968 -0.06584080
vt 0.02697968 -0.06584080
vt 0.03357472 -0.07654153
vt 0.02642214 -0.06346498
vt 0.03357472 -0.07654153
vt 0.03424807 -0.07614161
vt 0.02642214 -0.06346498
vt 0.02642214 -0.06346498
vt 0.03424807 -0.07614161
vt 0.02546051 -0.06122208
vt 0.03424807 -0.07614161
vt 0.00173181 -0.00220019
vt 0.02546051 -0.06122208
vt 0.02546051 -0.06122208
vt 0.00173181 -0.00220019
vt 0.00110335 -0.00257345
vt 0.03718280 -0.06436586
vt 0.03551205 -0.06258711
vt 0.03500199 -0.07592960
vt 0.03551205 -0.06258711
vt 0.03417555 -0.06054527
vt 0.03500199 -0.07592960
vt 0.03500199 -0.07592960
vt 0.03417555 -0.06054527
vt 0.03424807 -0.07614161
vt 0.03417555 -0.06054527
vt 0.00748653 -0.01078475
vt 0.03424807 -0.07614161
vt 0.03424807 -0.07614161
vt 0.00748653 -0.01078475
vt 0.00224225 -0.00167700
vt 0.00748653 -0.01078475
vt 0.00652490 -0.00854184
vt 0.00224225 -0.00167700
vt 0.00224225 -0.00167700
vt 0.00652490 -0.00854184
vt 0.00596735 -0.00616602
vt 0.04415207 -0.07044330
vt 0.04491099 -0.07063665
vt 0.04590463 -0.07002242
vt 0.04491099 -0.07063665
vt 0.04559400 -0.07101983
vt 0.04590463 -0.07002242
vt 0.04590463 -0.07002242
vt 0.04559400 -0.07101983
vt 0.04668272 -0.07065206
vt 0.04559400 -0.07101983
vt 0.04615457 -0.07156673
vt 0.04668272 -0.07065206
vt 0.04668272 -0.07065206
vt 0.04615457 -0.07156673
vt 0.04728012 -0.07145517
vt 0.04615457 -0.07156673
vt 0.04655448 -0.07224008
vt 0.04728012 -0.07145517
vt 0.04728012 -0.07145517
vt 0.04655448 -0.07224008
vt 0.04765944 -0.07238144
vt 0.04655448 -0.07224008
vt 0.04676650 -0.07299400
vt 0.04765944 -0.07238144
vt 0.04765944 -0.07238144
vt 0.04676650 -0.07299400
vt 0.04779691 -0.07337289
vt 0.04676650 -0.07299400
vt 0.04677616 -0.07377709
vt 0.04779691 -0.07337289
vt 0.04565272 -0.07577959
vt 0.04598787 -0.07676904
vt 0.04619963 -0.07521902
vt 0.04598787 -0.07676904
vt 0.04675018 -0.07612038
vt 0.04619963 -0.07521902
vt 0.04619963 -0.07521902
vt 0.04675018 -0.07612038
vt 0.04658281 -0.07453601
vt 0.04675018 -0.07612038
vt 0.04732759 -0.07530279
vt 0.04658281 -0.07453601
vt 0.04658281 -0.07453601
vt 0.04732759 -0.07530279
vt 0.04677616 -0.07377709
vt 0.04732759 -0.07530279
vt 0.04768394 -0.07436743
vt 0.04677616 -0.07377709
vt 0.04677616 -0.07377709
vt 0.04768394 -0.07436743
vt 0.04779691 -0.07337289
vt 1.82145202 0.05311646
vt 1.57079637 0.05311646
vt 1.82145202 0.06240961
vt 1.57079637 0.05311646
vt 1.57079637 0.06212072
vt 1.82145202 0.06240961
vt 4.71238899 0.05311646
vt 4.46173334 0.05311646
vt 4.71238899 0.06212072
vt 4.46173334 0.05311646
vt 4.46173334 0.06240961
vt 4.71238899 0.06212072
vt -0.05048682 0.03729850
vt -0.04255184 0.03304258
vt -0.05081261 0.03503962
vt -0.04255184 0.03304258
vt -0.05129050 0.03300321
vt -0.05081261 0.03503962
vt -0.05129050 0.03300321
vt -0.04255184 0.03304258
vt -0.05211475 0.03108072
vt -0.04255184 0.03304258
vt -0.04680871 0.02510582
vt -0.05211475 0.03108072
vt -0.05211475 0.03108072
vt -0.04680871 0.02510582
vt -0.05341807 0.02865075
vt 0.00000000 0.05311646
vt 0.00000000 0.06061646
vt 0.26179940 0.05311646
vt 0.00000000 0.06061646
vt 0.26179940 0.06061646
vt 0.26179940 0.05311646
vt 0.26179940 0.05311646
vt 0.26179940 0.06061646
vt 0.52359879 0.05311646
vt 0.26179940 0.06061646
vt 0.52359879 0.06061646
vt 0.52359879 0.05311646
vt 0.52359879 0.05311646
vt 0.52359879 0.06061646
vt 0.78539819 0.05311646
vt 0.52359879 0.06061646
vt 0.78539819 0.06061646
vt 0.78539819 0.05311646
vt 0.78539819 0.05311646
vt 0.78539819 0.06061646
vt 1.04719758 0.05311646
vt 0.78539819 0.06061646
vt 1.04719758 0.06061646
vt 1.04719758 0.05311646
vt 1.04719758 0.05311646
vt 1.04719758 0.06061646
vt 1.30899692 0.05311646
vt 1.04719758 0.06061646
vt 1.30899692 0.06061646
vt 1.30899692 0.05311646
vt 1.30899692 0.05311646
vt 1.30899692 0.06061646
vt 1.57079637 0.05311646
vt 1.30899692 0.06061646
vt 1.57079637 0.06061646
vt 1.57079637 0.05311646
vt 0.00000000 0.05311646
vt 0.00000000 0.06061646
vt 0.01200000 0.05311646
vt 0.00000000 0.06061646
vt 0.01200000 0.06061646
vt 0.01200000 0.05311646
vt 4.71238899 0.05311646
vt 4.71238899 0.06061646
vt 4.97418833 0.05311646
vt 4.71238899 0.06061646
vt 4.97418833 0.06061646
vt 4.97418833 0.05311646
vt 4.97418833 0.05311646
vt 4.97418833 0.06061646
vt 5.23598766 0.05311646
vt 4.97418833 0.06061646
vt 5.23598766 0.06061646
vt 5.23598766 0.05311646
vt 5.23598766 0.05311646
vt 5.23598766 0.06061646
vt 5.49778700 0.05311646
vt 5.23598766 0.06061646
vt 5.49778700 0.06061646
vt 5.49778700 0.05311646
vt 5.49778700 0.05311646
vt 5.49778700 0.06061646
vt 5.75958633 0.05311646
vt 5.49778700 0.06061646
vt 5.75958633 0.06061646
vt 5.75958633 0.05311646
vt 5.75958633 0.05311646
vt 5.75958633 0.06061646
vt 6.02138615 0.05311646
vt 5.75958633 0.06061646
vt 6.02138615 0.06061646
vt 6.02138615 0.05311646
vt 6.02138615 0.05311646
vt 6.02138615 0.06061646
vt 6.28318548 0.05311646
vt 6.02138615 0.06061646
vt 6.28318548 0.06061646
vt 6.28318548 0.05311646
vt 0.05474369 0.02936175
vt 0.05506948 0.02710287
vt 0.04680871 0.02510582
vt 0.05506948 0.02710287
vt 0.05554737 0.02506646
vt 0.04680871 0.02510582
vt 0.04680871 0.02510582
vt 0.05554737 0.02506646
vt 0.05106559 0.01716907
vt 0.05554737 0.02506646
vt 0.05637163 0.02314396
vt 0.05106559 0.01716907
vt 0.05106559 0.01716907
vt 0.05637163 0.02314396
vt 0.05767494 0.02071399
vt -0.04019491 0.03426341
vt -0.04000860 0.03394090
vt -0.04028763 0.03409056
vt -0.04680871 0.02510582
vt -0.05499828 0.02949829
vt -0.04676145 0.02519395
vt -0.05499828 0.02949829
vt -0.05485429 0.03049668
vt -0.04676145 0.02519395
vt -0.04676145 0.02519395
vt -0.04466183 0.03757141
vt -0.04245871 0.03638977
vt -0.04151653 0.03179931
vt -0.04107591 0.03156299
vt -0.04154857 0.03068174
vt -0.05485429 0.03049668
vt -0.05461534 0.03151488
vt -0.04676145 0.02519395
vt -0.05461534 0.03151488
vt -0.05420321 0.03247613
vt -0.04676145 0.02519395
vt -0.04676145 0.02519395
vt -0.05420321 0.03247613
vt -0.05278524 0.03511987
vt -0.05278524 0.03511987
vt -0.05187108 0.03639174
vt -0.04676145 0.02519395
vt -0.05187108 0.03639174
vt -0.05065889 0.03738366
vt -0.04676145 0.02519395
vt -0.04676145 0.02519395
vt -0.05065889 0.03738366
vt -0.04923127 0.03802805
vt -0.04923127 0.03802805
vt -0.04768551 0.03828099
vt -0.04676145 0.02519395
vt -0.04768551 0.03828099
vt -0.04612696 0.03812524
vt -0.04676145 0.02519395
vt -0.04676145 0.02519395
vt -0.04612696 0.03812524
vt -0.04466183 0.03757141
vt -0.04110794 0.03044541
vt -0.04455833 0.02401231
vt -0.04154857 0.03068174
vt -0.04455833 0.02401231
vt -0.04676145 0.02519395
vt -0.04154857 0.03068174
vt -0.04154857 0.03068174
vt -0.04676145 0.02519395
vt -0.04151653 0.03179931
vt -0.04676145 0.02519395
vt -0.04245871 0.03638977
vt -0.04151653 0.03179931
vt -0.04151653 0.03179931
vt -0.04245871 0.03638977
vt -0.04028763 0.03409056
vt -0.04245871 0.03638977
vt -0.04118684 0.03547561
vt -0.04028763 0.03409056
vt -0.04028763 0.03409056
vt -0.04118684 0.03547561
vt -0.04019491 0.03426341
vt 0.06067015 0.01892333
vt 0.05248059 0.01453086
vt 0.06052616 0.01992171
vt 0.05248059 0.01453086
vt 0.05243332 0.01461899
vt 0.06052616 0.01992171
vt 0.06052616 0.01992171
vt 0.05243332 0.01461899
vt 0.06028721 0.02093992
vt 0.05243332 0.01461899
vt 0.05987509 0.02190117
vt 0.06028721 0.02093992
vt 0.04674778 0.02098802
vt 0.04718840 0.02122435
vt 0.04722044 0.02010678
vt 0.04718840 0.02122435
vt 0.05243332 0.01461899
vt 0.04722044 0.02010678
vt 0.04722044 0.02010678
vt 0.05243332 0.01461899
vt 0.04677982 0.01987045
vt 0.05243332 0.01461899
vt 0.05023021 0.01343735
vt 0.04677982 0.01987045
vt 0.05633076 0.02680870
vt 0.05754296 0.02581677
vt 0.05243332 0.01461899
vt 0.05754296 0.02581677
vt 0.05845712 0.02454491
vt 0.05243332 0.01461899
vt 0.05243332 0.01461899
vt 0.05845712 0.02454491
vt 0.05987509 0.02190117
vt 0.04568047 0.02336594
vt 0.04586679 0.02368845
vt 0.04595950 0.02351559
vt 0.04586679 0.02368845
vt 0.04685872 0.02490065
vt 0.04595950 0.02351559
vt 0.04595950 0.02351559
vt 0.04685872 0.02490065
vt 0.04718840 0.02122435
vt 0.04685872 0.02490065
vt 0.04813058 0.02581481
vt 0.04718840 0.02122435
vt 0.04718840 0.02122435
vt 0.04813058 0.02581481
vt 0.05243332 0.01461899
vt 0.04813058 0.02581481
vt 0.05033370 0.02699645
vt 0.05243332 0.01461899
vt 0.05243332 0.01461899
vt 0.05033370 0.02699645
vt 0.05179884 0.02755028
vt 0.05179884 0.02755028
vt 0.05335739 0.02770603
vt 0.05243332 0.01461899
vt 0.05335739 0.02770603
vt 0.05490314 0.02745309
vt 0.05243332 0.01461899
vt 0.05243332 0.01461899
vt 0.05490314 0.02745309
vt 0.05633076 0.02680870
vt 0.00000000 0.02301166
vt 0.00000000 0.02551166
vt 0.26179940 0.02301166
vt 0.00000000 0.02551166
vt 0.26179940 0.02551166
vt 0.26179940 0.02301166
vt 0.26179940 0.02301166
vt 0.26179940 0.02551166
vt 0.52359879 0.02301166
vt 0.26179940 0.02551166
vt 0.52359879 0.02551166
vt 0.52359879 0.02301166
vt 0.52359879 0.02301166
vt 0.52359879 0.02551166
vt 0.78539819 0.02301166
vt 0.52359879 0.02551166
vt 0.78539819 0.02551166
vt 0.78539819 0.02301166
vt 0.78539819 0.02301166
vt 0.78539819 0.02551166
vt 1.04719758 0.02301166
vt 0.78539819 0.02551166
vt 1.04719758 0.02551166
vt 1.04719758 0.02301166
vt 1.04719758 0.02301166
vt 1.04719758 0.02551166
vt 1.30899692 0.02301166
vt 1.04719758 0.02551166
vt 1.30899692 0.02551166
vt 1.30899692 0.02301166
vt 1.30899692 0.02301166
vt 1.30899692 0.02551166
vt 1.57079637 0.02301166
vt 1.30899692 0.02551166
vt 1.57079637 0.02551166
vt 1.57079637 0.02301166
vt 0.00000000 0.02301166
vt 0.00000000 0.02551166
vt 0.01500000 0.02301166
vt 0.00000000 0.02551166
vt 0.01500000 0.02551166
vt 0.01500000 0.02301166
vt 4.71238899 0.02301166
vt 4.71238899 0.02551166
vt 4.97418833 0.02301166
vt 4.71238899 0.02551166
vt 4.97418833 0.02551166
vt 4.97418833 0.02301166
vt 4.97418833 0.02301166
vt 4.97418833 0.02551166
vt 5.23598766 0.02301166
vt 4.97418833 0.02551166
vt 5.23598766 0.02551166
vt 5.23598766 0.02301166
vt 5.23598766 0.02301166
vt 5.23598766 0.02551166
vt 5.49778700 0.02301166
vt 5.23598766 0.02551166
vt 5.49778700 0.02551166
vt 5.49778700 0.02301166
vt 5.49778700 0.02301166
vt 5.49778700 0.02551166
vt 5.75958633 0.02301166
vt 5.49778700 0.02551166
vt 5.75958633 0.02551166
vt 5.75958633 0.02301166
vt 5.75958633 0.02301166
vt 5.75958633 0.02551166
vt 6.02138615 0.02301166
vt 5.75958633 0.02551166
vt 6.02138615 0.02551166
vt 6.02138615 0.02301166
vt 6.02138615 0.02301166
vt 6.02138615 0.02551166
vt 6.28318548 0.02301166
vt 6.02138615 0.02551166
vt 6.28318548 0.02551166
vt 6.28318548 0.02301166
vt -0.02151411 -0.00744548
vt -0.02110000 -0.00750000
vt -0.02270000 -0.00590000
vt -0.02179421 0.00284155
vt -0.02209758 0.00265093
vt -0.02270000 0.00140000
vt -0.02270000 -0.00590000
vt -0.02110000 -0.00750000
vt -0.02270000 0.00140000
vt -0.00450000 0.00140000
vt -0.00510242 0.00265093
vt -0.00540579 0.00284155
vt -0.02209758 0.00265093
vt -0.02235093 0.00239758
vt -0.02270000 0.00140000
vt -0.02235093 0.00239758
vt -0.02254155 0.00209421
vt -0.02270000 0.00140000
vt -0.02270000 0.00140000
vt -0.02254155 0.00209421
vt -0.02265988 0.00175603
vt -0.00510242 0.00265093
vt -0.00450000 0.00140000
vt -0.00484907 0.00239758
vt -0.00450000 0.00140000
vt -0.00454012 0.00175603
vt -0.00484907 0.00239758
vt -0.00484907 0.00239758
vt -0.00454012 0.00175603
vt -0.00465845 0.00209421
vt -0.00540579 0.00284155
vt -0.00574397 0.00295988
vt -0.00450000 0.00140000
vt -0.00574397 0.00295988
vt -0.00610000 0.00300000
vt -0.00450000 0.00140000
vt -0.00450000 0.00140000
vt -0.00610000 0.00300000
vt -0.00450000 -0.00590000
vt -0.02270000 -0.00590000
vt -0.02264548 -0.00631411
vt -0.02151411 -0.00744548
vt -0.02264548 -0.00631411
vt -0.02248564 -0.00670000
vt -0.02151411 -0.00744548
vt -0.02151411 -0.00744548
vt -0.02248564 -0.00670000
vt -0.02190000 -0.00728564
vt -0.02248564 -0.00670000
vt -0.02223137 -0.00703137
vt -0.02190000 -0.00728564
vt -0.00496863 -0.00703137
vt -0.00471436 -0.00670000
vt -0.00530000 -0.00728564
vt -0.00471436 -0.00670000
vt -0.00455452 -0.00631411
vt -0.00530000 -0.00728564
vt -0.00530000 -0.00728564
vt -0.00455452 -0.00631411
vt -0.00568589 -0.00744548
vt -0.00455452 -0.00631411
vt -0.00450000 -0.00590000
vt -0.00568589 -0.00744548
vt -0.00568589 -0.00744548
vt -0.00450000 -0.00590000
vt -0.00610000 -0.00750000
vt -0.00450000 -0.00590000
vt -0.00610000 0.00300000
vt -0.00610000 -0.00750000
vt -0.00610000 -0.00750000
vt -0.00610000 0.00300000
vt -0.02110000 -0.00750000
vt -0.00610000 0.00300000
vt -0.02110000 0.00300000
vt -0.02110000 -0.00750000
vt -0.02110000 -0.00750000
vt -0.02110000 0.00300000
vt -0.02270000 0.00140000
vt -0.02110000 0.00300000
vt -0.02145603 0.00295988
vt -0.02270000 0.00140000
vt -0.02270000 0.00140000
vt -0.02145603 0.00295988
vt -0.02179421 0.00284155
vt -0.00454012 0.00175603
vt -0.00450000 0.00140000
vt -0.00450000 0.00240000
vt -0.02179421 0.00284155
vt -0.02145603 0.00295988
vt -0.02179421 0.00384155
vt -0.02179421 0.00384155
vt -0.02145603 0.00295988
vt -0.02145603 0.00395988
vt -0.02145603 0.00295988
vt -0.02110000 0.00300000
vt -0.02145603 0.00395988
vt -0.02145603 0.00395988
vt -0.02110000 0.00300000
vt -0.02110000 0.00400000
vt -0.02110000 0.00400000
vt -0.02110000 0.00300000
vt -0.00610000 0.00400000
vt -0.02110000 0.00300000
vt -0.00610000 0.00300000
vt -0.00610000 0.00400000
vt -0.00610000 0.00400000
vt -0.00610000 0.00300000
vt -0.00574397 0.00395988
vt -0.00610000 0.00300000
vt -0.00574397 0.00295988
vt -0.00574397 0.00395988
vt -0.00574397 0.00395988
vt -0.00574397 0.00295988
vt -0.00540579 0.00384155
vt -0.00540579 0.00384155
vt -0.00574397 0.00295988
vt -0.00510242 0.00365093
vt -0.00574397 0.00295988
vt -0.00540579 0.00284155
vt -0.00510242 0.00365093
vt -0.00510242 0.00365093
vt -0.00540579 0.00284155
vt -0.00484907 0.00339758
vt -0.00540579 0.00284155
vt -0.00510242 0.00265093
vt -0.00484907 0.00339758
vt -0.00484907 0.00339758
vt -0.00510242 0.00265093
vt -0.00465845 0.00309421
vt -0.00465845 0.00309421
vt -0.00510242 0.00265093
vt -0.00454012 0.00275603
vt -0.00510242 0.00265093
vt -0.00484907 0.00239758
vt -0.00454012 0.00275603
vt -0.00454012 0.00275603
vt -0.00484907 0.00239758
vt -0.00450000 0.00240000
vt -0.00484907 0.00239758
vt -0.00465845 0.00209421
vt -0.00450000 0.00240000
vt -0.00450000 0.00240000
vt -0.00465845 0.00209421
vt -0.00454012 0.00175603
vt -0.02270000 0.00140000
vt -0.02265988 0.00175603
vt -0.02270000 0.00240000
vt -0.02265988 0.00175603
vt -0.02254155 0.00209421
vt -0.02270000 0.00240000
vt -0.02270000 0.00240000
vt -0.02254155 0.00209421
vt -0.02265988 0.00275603
vt -0.02254155 0.00209421
vt -0.02235093 0.00239758
vt -0.02265988 0.00275603
vt -0.02265988 0.00275603
vt -0.02235093 0.00239758
vt -0.02254155 0.00309421
vt -0.02235093 0.00239758
vt -0.02209758 0.00265093
vt -0.02254155 0.00309421
vt -0.02254155 0.00309421
vt -0.02209758 0.00265093
vt -0.02235093 0.00339758
vt -0.02209758 0.00265093
vt -0.02179421 0.00284155
vt -0.02235093 0.00339758
vt -0.02235093 0.00339758
vt -0.02179421 0.00284155
vt -0.02209758 0.00365093
vt -0.02179421 0.00284155
vt -0.02179421 0.00384155
vt -0.02209758 0.00365093
vt -0.00574397 0.00395988
vt -0.00540579 0.00384155
vt -0.00450000 0.00500000
vt -0.00540579 0.00384155
vt -0.00510242 0.00365093
vt -0.00450000 0.00500000
vt -0.00450000 0.00500000
vt -0.00510242 0.00365093
vt -0.00484907 0.00339758
vt -0.02254155 0.00309421
vt -0.02270000 0.00500000
vt -0.02265988 0.00275603
vt -0.02270000 0.00500000
vt -0.02270000 0.00240000
vt -0.02265988 0.00275603
vt -0.02254155 0.00309421
vt -0.02235093 0.00339758
vt -0.02270000 0.00500000
vt -0.02235093 0.00339758
vt -0.02209758 0.00365093
vt -0.02270000 0.00500000
vt -0.02270000 0.00500000
vt -0.02209758 0.00365093
vt -0.02179421 0.00384155
vt -0.02179421 0.00384155
vt -0.02145603 0.00395988
vt -0.02270000 0.00500000
vt -0.02145603 0.00395988
vt -0.02110000 0.00400000
vt -0.02270000 0.00500000
vt -0.02270000 0.00500000
vt -0.02110000 0.00400000
vt -0.00450000 0.00500000
vt -0.02110000 0.00400000
vt -0.00610000 0.00400000
vt -0.00450000 0.00500000
vt -0.00450000 0.00500000
vt -0.00610000 0.00400000
vt -0.00574397 0.00395988
vt -0.00484907 0.00339758
vt -0.00465845 0.00309421
vt -0.00450000 0.00500000
vt -0.00465845 0.00309421
vt -0.00454012 0.00275603
vt -0.00450000 0.00500000
vt -0.00450000 0.00500000
vt -0.00454012 0.00275603
vt -0.00450000 0.00240000
vt -0.01830000 -0.00378564
vt -0.01863137 -0.00353137
vt -0.01910000 -0.00500000
vt -0.00810000 -0.00500000
vt -0.00810000 -0.00240000
vt -0.00815452 -0.00281411
vt -0.01830000 -0.00378564
vt -0.01910000 -0.00500000
vt -0.01791411 -0.00394548
vt -0.00815452 -0.00281411
vt -0.00831436 -0.00320000
vt -0.00810000 -0.00500000
vt -0.00831436 -0.00320000
vt -0.00856863 -0.00353137
vt -0.00810000 -0.00500000
vt -0.00810000 -0.00500000
vt -0.00856863 -0.00353137
vt -0.00890000 -0.00378564
vt -0.01863137 -0.00353137
vt -0.01888564 -0.00320000
vt -0.01910000 -0.00500000
vt -0.01888564 -0.00320000
vt -0.01904548 -0.00281411
vt -0.01910000 -0.00500000
vt -0.01910000 -0.00500000
vt -0.01904548 -0.00281411
vt -0.01910000 -0.00240000
vt -0.00890000 -0.00378564
vt -0.00928589 -0.00394548
vt -0.00810000 -0.00500000
vt -0.00928589 -0.00394548
vt -0.00970000 -0.00400000
vt -0.00810000 -0.00500000
vt -0.00810000 -0.00500000
vt -0.00970000 -0.00400000
vt -0.01910000 -0.00500000
vt -0.00970000 -0.00400000
vt -0.01750000 -0.00400000
vt -0.01910000 -0.00500000
vt -0.01910000 -0.00500000
vt -0.01750000 -0.00400000
vt -0.01791411 -0.00394548
vt -0.00928111 0.00086155
vt -0.00769403 0.00678252
vt -0.00704145 0.00679058
vt -0.00423719 0.01436471
vt -0.00590100 0.01126698
vt -0.00647017 0.01158630
vt -0.00940032 0.01076229
vt -0.00971964 0.01019312
vt -0.01192464 0.01919087
vt -0.00928111 0.00086155
vt -0.00704145 0.00679058
vt -0.00411234 0.00424478
vt -0.00423719 0.01436471
vt -0.00647017 0.01158630
vt -0.01100478 0.01855967
vt -0.00940032 0.01076229
vt -0.01192464 0.01919087
vt -0.00894457 0.01122943
vt -0.00936277 0.00771872
vt -0.00889564 0.00726297
vt -0.00928111 0.00086155
vt -0.00889564 0.00726297
vt -0.00832646 0.00694365
vt -0.00928111 0.00086155
vt -0.00928111 0.00086155
vt -0.00832646 0.00694365
vt -0.00769403 0.00678252
vt -0.00590100 0.01126698
vt -0.00423719 0.01436471
vt -0.00543386 0.01081123
vt -0.00423719 0.01436471
vt -0.00307006 0.01342024
vt -0.00543386 0.01081123
vt -0.00543386 0.01081123
vt -0.00307006 0.01342024
vt -0.00510060 0.01025010
vt -0.00307006 0.01342024
vt -0.00217396 0.01221558
vt -0.00510060 0.01025010
vt -0.00510060 0.01025010
vt -0.00217396 0.01221558
vt -0.00492392 0.00962184
vt -0.00647017 0.01158630
vt -0.00710260 0.01174742
vt -0.01100478 0.01855967
vt -0.00710260 0.01174742
vt -0.00775518 0.01173937
vt -0.01100478 0.01855967
vt -0.01100478 0.01855967
vt -0.00775518 0.01173937
vt -0.01192464 0.01919087
vt -0.00775518 0.01173937
vt -0.00838345 0.01156269
vt -0.01192464 0.01919087
vt -0.01192464 0.01919087
vt -0.00838345 0.01156269
vt -0.00894457 0.01122943
vt -0.00971964 0.01019312
vt -0.00988077 0.00956069
vt -0.01192464 0.01919087
vt -0.00988077 0.00956069
vt -0.00987271 0.00890811
vt -0.01192464 0.01919087
vt -0.01192464 0.01919087
vt -0.00987271 0.00890811
vt -0.00928111 0.00086155
vt -0.00987271 0.00890811
vt -0.00969604 0.00827984
vt -0.00928111 0.00086155
vt -0.00928111 0.00086155
vt -0.00969604 0.00827984
vt -0.00936277 0.00771872
vt -0.00704145 0.00679058
vt -0.00641319 0.00696725
vt -0.00411234 0.00424478
vt -0.00641319 0.00696725
vt -0.00585206 0.00730052
vt -0.00411234 0.00424478
vt -0.00411234 0.00424478
vt -0.00585206 0.00730052
vt -0.00296886 0.00521776
vt -0.00585206 0.00730052
vt -0.00539631 0.00776765
vt -0.00296886 0.00521776
vt -0.00296886 0.00521776
vt -0.00539631 0.00776765
vt -0.00210275 0.00644416
vt -0.00539631 0.00776765
vt -0.00507699 0.00833683
vt -0.00210275 0.00644416
vt -0.00210275 0.00644416
vt -0.00507699 0.00833683
vt -0.00156823 0.00784719
vt -0.00507699 0.00833683
vt -0.00491587 0.00896926
vt -0.00156823 0.00784719
vt -0.00156823 0.00784719
vt -0.00491587 0.00896926
vt -0.00139877 0.00933899
vt -0.00491587 0.00896926
vt -0.00492392 0.00962184
vt -0.00139877 0.00933899
vt -0.00139877 0.00933899
vt -0.00492392 0.00962184
vt -0.00160499 0.01082617
vt -0.00492392 0.00962184
vt -0.00217396 0.01221558
vt -0.00160499 0.01082617
vt 0.00423719 0.01436471
vt 0.01100478 0.01855967
vt 0.00710260 0.01174742
vt 0.00769403 0.00678252
vt 0.00832646 0.00694365
vt 0.00928111 0.00086155
vt 0.00832646 0.00694365
vt 0.00889564 0.00726297
vt 0.00928111 0.00086155
vt 0.00928111 0.00086155
vt 0.00889564 0.00726297
vt 0.00936277 0.00771872
vt 0.00936277 0.00771872
vt 0.00969604 0.00827984
vt 0.00928111 0.00086155
vt 0.00969604 0.00827984
vt 0.00987271 0.00890811
vt 0.00928111 0.00086155
vt 0.00928111 0.00086155
vt 0.00987271 0.00890811
vt 0.01192464 0.01919087
vt 0.00987271 0.00890811
vt 0.00988077 0.00956069
vt 0.01192464 0.01919087
vt 0.00988077 0.00956069
vt 0.00971964 0.01019312
vt 0.01192464 0.01919087
vt 0.01192464 0.01919087
vt 0.00971964 0.01019312
vt 0.00940032 0.01076229
vt 0.00940032 0.01076229
vt 0.00894457 0.01122943
vt 0.01192464 0.01919087
vt 0.00894457 0.01122943
vt 0.00838345 0.01156269
vt 0.01192464 0.01919087
vt 0.01192464 0.01919087
vt 0.00838345 0.01156269
vt 0.01100478 0.01855967
vt 0.00838345 0.01156269
vt 0.00775518 0.01173937
vt 0.01100478 0.01855967
vt 0.01100478 0.01855967
vt 0.00775518 0.01173937
vt 0.00710260 0.01174742
vt 0.00411234 0.00424478
vt 0.00641319 0.00696725
vt 0.00928111 0.00086155
vt 0.00641319 0.00696725
vt 0.00704145 0.00679058
vt 0.00928111 0.00086155
vt 0.00928111 0.00086155
vt 0.00704145 0.00679058
vt 0.00769403 0.00678252
vt 0.00710260 0.01174742
vt 0.00647017 0.01158630
vt 0.00423719 0.01436471
vt 0.00647017 0.01158630
vt 0.00590100 0.01126698
vt 0.00423719 0.01436471
vt 0.00423719 0.01436471
vt 0.00590100 0.01126698
vt 0.00307006 0.01342024
vt 0.00590100 0.01126698
vt 0.00543386 0.01081123
vt 0.00307006 0.01342024
vt 0.00307006 0.01342024
vt 0.00543386 0.01081123
vt 0.00217396 0.01221558
vt 0.00543386 0.01081123
vt 0.00510060 0.01025010
vt 0.00217396 0.01221558
vt 0.00217396 0.01221558
vt 0.00510060 0.01025010
vt 0.00160499 0.01082617
vt 0.00510060 0.01025010
vt 0.00492392 0.00962184
vt 0.00160499 0.01082617
vt 0.00160499 0.01082617
vt 0.00492392 0.00962184
vt 0.00139877 0.00933899
vt 0.00492392 0.00962184
vt 0.00491587 0.00896926
vt 0.00139877 0.00933899
vt 0.00139877 0.00933899
vt 0.00491587 0.00896926
vt 0.00156823 0.00784719
vt 0.00156823 0.00784719
vt 0.00491587 0.00896926
vt 0.00210275 0.00644416
vt 0.00491587 0.00896926
vt 0.00507699 0.00833683
vt 0.00210275 0.00644416
vt 0.00210275 0.00644416
vt 0.00507699 0.00833683
vt 0.00296886 0.00521776
vt 0.00507699 0.00833683
vt 0.00539631 0.00776765
vt 0.00296886 0.00521776
vt 0.00296886 0.00521776
vt 0.00539631 0.00776765
vt 0.00411234 0.00424478
vt 0.00539631 0.00776765
vt 0.00585206 0.00730052
vt 0.00411234 0.00424478
vt 0.00411234 0.00424478
vt 0.00585206 0.00730052
vt 0.00641319 0.00696725
vt -0.00545988 0.00825603
vt -0.00534155 0.00859421
vt -0.00560000 0.01469655
vt -0.00534155 0.00859421
vt -0.00515093 0.00889758
vt -0.00560000 0.01469655
vt -0.00515093 0.00889758
vt -0.00489758 0.00915093
vt -0.00560000 0.01469655
vt -0.00560000 0.01469655
vt -0.00489758 0.00915093
vt -0.00459421 0.00934155
vt 0.00560000 0.01469655
vt 0.00515093 0.00889758
vt 0.00534155 0.00859421
vt -0.00459421 0.00934155
vt -0.00425603 0.00945988
vt -0.00560000 0.01469655
vt -0.00425603 0.00945988
vt -0.00390000 0.00950000
vt -0.00560000 0.01469655
vt -0.00560000 0.01469655
vt -0.00390000 0.00950000
vt 0.00560000 0.01469655
vt -0.00390000 0.00950000
vt 0.00390000 0.00950000
vt 0.00560000 0.01469655
vt 0.00560000 0.01469655
vt 0.00390000 0.00950000
vt 0.00425603 0.00945988
vt 0.00425603 0.00945988
vt 0.00459421 0.00934155
vt 0.00560000 0.01469655
vt 0.00459421 0.00934155
vt 0.00489758 0.00915093
vt 0.00560000 0.01469655
vt 0.00560000 0.01469655
vt 0.00489758 0.00915093
vt 0.00515093 0.00889758
vt -0.00545988 0.00825603
vt -0.00560000 0.01469655
vt -0.00550000 0.00790000
vt -0.00560000 0.01469655
vt -0.00560000 -0.00382242
vt -0.00550000 0.00790000
vt -0.00550000 0.00790000
vt -0.00560000 -0.00382242
vt -0.00550000 -0.00382242
vt 0.00550000 -0.00382242
vt 0.00560000 -0.00382242
vt 0.00550000 0.00790000
vt 0.00560000 -0.00382242
vt 0.00560000 0.01469655
vt 0.00550000 0.00790000
vt 0.00550000 0.00790000
vt 0.00560000 0.01469655
vt 0.00545988 0.00825603
vt 0.00560000 0.01469655
vt 0.00534155 0.00859421
vt 0.00545988 0.00825603
vt 0.00000000 0.00000000
vt 0.00000000 0.00050000
vt 0.26179940 0.00000000
vt 0.00000000 0.00050000
vt 0.26179940 0.00050000
vt 0.26179940 0.00000000
vt 0.26179940 0.00000000
vt 0.26179940 0.00050000
vt 0.52359879 0.00000000
vt 0.26179940 0.00050000
vt 0.52359879 0.00050000
vt 0.52359879 0.00000000
vt 0.52359879 0.00000000
vt 0.52359879 0.00050000
vt 0.78539819 0.00000000
vt 0.52359879 0.00050000
vt 0.78539819 0.00050000
vt 0.78539819 0.00000000
vt 0.78539819 0.00000000
vt 0.78539819 0.00050000
vt 1.04719758 0.00000000
vt 0.78539819 0.00050000
vt 1.04719758 0.00050000
vt 1.04719758 0.00000000
vt 1.04719758 0.00000000
vt 1.04719758 0.00050000
vt 1.30899692 0.00000000
vt 1.04719758 0.00050000
vt 1.30899692 0.00050000
vt 1.30899692 0.00000000
vt 1.30899692 0.00000000
vt 1.30899692 0.00050000
vt 1.57079637 0.00000000
vt 1.30899692 0.00050000
vt 1.57079637 0.00050000
vt 1.57079637 0.00000000
vt 0.00000000 0.00000000
vt 0.00000000 0.00050000
vt 0.00780000 -0.00000000
vt 0.00000000 0.00050000
vt 0.00780000 0.00050000
vt 0.00780000 -0.00000000
vt 4.71238899 -0.00000000
vt 4.71238899 0.00050000
vt 4.97418833 -0.00000000
vt 4.71238899 0.00050000
vt 4.97418833 0.00050000
vt 4.97418833 -0.00000000
vt 4.97418833 -0.00000000
vt 4.97418833 0.00050000
vt 5.23598766 -0.00000000
vt 4.97418833 0.00050000
vt 5.23598766 0.00050000
vt 5.23598766 -0.00000000
vt 5.23598766 -0.00000000
vt 5.23598766 0.00050000
vt 5.49778700 -0.00000000
vt 5.23598766 0.00050000
vt 5.49778700 0.00050000
vt 5.49778700 -0.00000000
vt 5.49778700 -0.00000000
vt 5.49778700 0.00050000
vt 5.75958633 -0.00000000
vt 5.49778700 0.00050000
vt 5.75958633 0.00050000
vt 5.75958633 -0.00000000
vt 5.75958633 -0.00000000
vt 5.75958633 0.00050000
vt 6.02138615 -0.00000000
vt 5.75958633 0.00050000
vt 6.02138615 0.00050000
vt 6.02138615 -0.00000000
vt 6.02138615 -0.00000000
vt 6.02138615 0.00050000
vt 6.28318548 0.00000000
vt 6.02138615 0.00050000
vt 6.28318548 0.00050000
vt 6.28318548 0.00000000
vt -0.00934548 0.00058589
vt -0.00940000 0.00100000
vt -0.00940000 -0.00000000
vt 0.00160000 0.00100000
vt 0.00154548 0.00058589
vt 0.00160000 0.00000000
vt 0.00154548 0.00058589
vt 0.00138564 0.00020000
vt 0.00160000 0.00000000
vt 0.00160000 0.00000000
vt 0.00138564 0.00020000
vt 0.00154548 -0.00041411
vt 0.00138564 0.00020000
vt 0.00113137 -0.00013137
vt 0.00154548 -0.00041411
vt 0.00154548 -0.00041411
vt 0.00113137 -0.00013137
vt 0.00138564 -0.00080000
vt 0.00113137 -0.00013137
vt 0.00080000 -0.00038564
vt 0.00138564 -0.00080000
vt -0.00821411 -0.00054548
vt -0.00860000 -0.00038564
vt -0.00893137 -0.00113137
vt -0.00893137 -0.00113137
vt -0.00860000 -0.00038564
vt -0.00918564 -0.00080000
vt -0.00860000 -0.00038564
vt -0.00893137 -0.00013137
vt -0.00918564 -0.00080000
vt -0.00918564 -0.00080000
vt -0.00893137 -0.00013137
vt -0.00934548 -0.00041411
vt -0.00934548 -0.00041411
vt -0.00893137 -0.00013137
vt -0.00940000 -0.00000000
vt -0.00893137 -0.00013137
vt -0.00918564 0.00020000
vt -0.00940000 -0.00000000
vt -0.00940000 -0.00000000
vt -0.00918564 0.00020000
vt -0.00934548 0.00058589
vt -0.00000000 -0.00060000
vt 0.00041411 -0.00154548
vt 0.00041411 -0.00054548
vt 0.00041411 -0.00154548
vt 0.00080000 -0.00138564
vt 0.00041411 -0.00054548
vt 0.00041411 -0.00054548
vt 0.00080000 -0.00138564
vt 0.00080000 -0.00038564
vt 0.00080000 -0.00138564
vt 0.00113137 -0.00113137
vt 0.00080000 -0.00038564
vt 0.00080000 -0.00038564
vt 0.00113137 -0.00113137
vt 0.00138564 -0.00080000
vt -0.00893137 -0.00113137
vt -0.00860000 -0.00138564
vt -0.00821411 -0.00054548
vt -0.00860000 -0.00138564
vt -0.00821411 -0.00154548
vt -0.00821411 -0.00054548
vt -0.00821411 -0.00054548
vt -0.00821411 -0.00154548
vt -0.00780000 -0.00060000
vt -0.00821411 -0.00154548
vt -0.00780000 -0.00160000
vt -0.00780000 -0.00060000
vt -0.00780000 -0.00060000
vt -0.00780000 -0.00160000
vt -0.00000000 -0.00060000
vt -0.00780000 -0.00160000
vt 0.00000000 -0.00160000
vt -0.00000000 -0.00060000
vt -0.00000000 -0.00060000
vt 0.00000000 -0.00160000
vt 0.00041411 -0.00154548
vt 0.00000000 0.00000000
vt 0.00000000 0.00050000
vt 0.26179940 0.00000000
vt 0.00000000 0.00050000
vt 0.26179940 0.00050000
vt 0.26179940 0.00000000
vt 0.26179940 0.00000000
vt 0.26179940 0.00050000
vt 0.52359879 0.00000000
vt 0.26179940 0.00050000
vt 0.52359879 0.00050000
vt 0.52359879 0.00000000
vt 0.52359879 0.00000000
vt 0.52359879 0.00050000
vt 0.78539819 0.00000000
vt 0.52359879 0.00050000
vt 0.78539819 0.00050000
vt 0.78539819 0.00000000
vt 0.78539819 0.00000000
vt 0.78539819 0.00050000
vt 1.04719758 0.00000000
vt 0.78539819 0.00050000
vt 1.04719758 0.00050000
vt 1.04719758 0.00000000
vt 1.04719758 0.00000000
vt 1.04719758 0.00050000
vt 1.30899692 0.00000000
vt 1.04719758 0.00050000
vt 1.30899692 0.00050000
vt 1.30899692 0.00000000
vt 1.30899692 0.00000000
vt 1.30899692 0.00050000
vt 1.57079637 0.00000000
vt 1.30899692 0.00050000
vt 1.57079637 0.00050000
vt 1.57079637 0.00000000
vt 0.00000000 0.00000000
vt 0.00000000 0.00050000
vt 0.00780000 -0.00000000
vt 0.00000000 0.00050000
vt 0.00780000 0.00050000
vt 0.00780000 -0.00000000
vt 4.71238899 -0.00000000
vt 4.71238899 0.00050000
vt 4.97418833 -0.00000000
vt 4.71238899 0.00050000
vt 4.97418833 0.00050000
vt 4.97418833 -0.00000000
vt 4.97418833 -0.00000000
vt 4.97418833 0.00050000
vt 5.23598766 -0.00000000
vt 4.97418833 0.00050000
vt 5.23598766 0.00050000
vt 5.23598766 -0.00000000
vt 5.23598766 -0.00000000
vt 5.23598766 0.00050000
vt 5.49778700 -0.00000000
vt 5.23598766 0.00050000
vt 5.49778700 0.00050000
vt 5.49778700 -0.00000000
vt 5.49778700 -0.00000000
vt 5.49778700 0.00050000
vt 5.75958633 -0.00000000
vt 5.49778700 0.00050000
vt 5.75958633 0.00050000
vt 5.75958633 -0.00000000
vt 5.75958633 -0.00000000
vt 5.75958633 0.00050000
vt 6.02138615 -0.00000000
vt 5.75958633 0.00050000
vt 6.02138615 0.00050000
vt 6.02138615 -0.00000000
vt 6.02138615 -0.00000000
vt 6.02138615 0.00050000
vt 6.28318548 0.00000000
vt 6.02138615 0.00050000
vt 6.28318548 0.00050000
vt 6.28318548 0.00000000
vt -0.00821411 -0.00154548
vt -0.00780000 -0.00160000
vt -0.00940000 -0.00000000
vt -0.00077178 0.01079096
vt -0.00160000 0.01090000
vt 0.00160000 0.00770000
vt -0.00940000 -0.00000000
vt -0.00780000 -0.00160000
vt -0.00940000 0.00770000
vt -0.00780000 -0.00160000
vt -0.00702822 0.01079096
vt -0.00940000 0.00770000
vt -0.00940000 0.00770000
vt -0.00702822 0.01079096
vt -0.00780000 0.01047128
vt -0.00940000 -0.00000000
vt -0.00934548 -0.00041411
vt -0.00918564 -0.00080000
vt -0.00780000 -0.00160000
vt 0.00160000 0.00000000
vt -0.00702822 0.01079096
vt 0.00160000 0.00000000
vt 0.00160000 0.00770000
vt -0.00702822 0.01079096
vt -0.00702822 0.01079096
vt 0.00160000 0.00770000
vt -0.00620000 0.01090000
vt 0.00160000 0.00770000
vt -0.00160000 0.01090000
vt -0.00620000 0.01090000
vt -0.00918564 -0.00080000
vt -0.00893137 -0.00113137
vt -0.00940000 -0.00000000
vt -0.00893137 -0.00113137
vt -0.00860000 -0.00138564
vt -0.00940000 -0.00000000
vt -0.00940000 -0.00000000
vt -0.00860000 -0.00138564
vt -0.00821411 -0.00154548
vt -0.00846274 0.00996274
vt -0.00897128 0.00930000
vt -0.00780000 0.01047128
vt -0.00897128 0.00930000
vt -0.00929096 0.00852822
vt -0.00780000 0.01047128
vt -0.00780000 0.01047128
vt -0.00929096 0.00852822
vt -0.00940000 0.00770000
vt -0.00780000 -0.00160000
vt 0.00000000 -0.00160000
vt 0.00160000 0.00000000
vt 0.00000000 -0.00160000
vt 0.00041411 -0.00154548
vt 0.00160000 0.00000000
vt 0.00160000 0.00000000
vt 0.00041411 -0.00154548
vt 0.00080000 -0.00138564
vt 0.00160000 0.00770000
vt 0.00149096 0.00852822
vt 0.00117128 0.00930000
vt 0.00117128 0.00930000
vt 0.00066274 0.00996274
vt 0.00160000 0.00770000
vt 0.00066274 0.00996274
vt 0.00000000 0.01047128
vt 0.00160000 0.00770000
vt 0.00160000 0.00770000
vt 0.00000000 0.01047128
vt -0.00077178 0.01079096
vt 0.00113137 -0.00113137
vt 0.00138564 -0.00080000
vt 0.00080000 -0.00138564
vt 0.00138564 -0.00080000
vt 0.00154548 -0.00041411
vt 0.00080000 -0.00138564
vt 0.00080000 -0.00138564
vt 0.00154548 -0.00041411
vt 0.00160000 0.00000000
vt 1.57079637 -0.00000000
vt 1.57079637 0.00100000
vt 1.79519582 -0.00000000
vt 1.57079637 0.00100000
vt 1.79519582 0.00100000
vt 1.79519582 -0.00000000
vt 1.79519582 -0.00000000
vt 1.79519582 0.00100000
vt 2.01959538 -0.00000000
vt 1.79519582 0.00100000
vt 2.01959538 0.00100000
vt 2.01959538 -0.00000000
vt 2.01959538 -0.00000000
vt 2.01959538 0.00100000
vt 2.24399471 -0.00000000
vt 2.01959538 0.00100000
vt 2.24399471 0.00100000
vt 2.24399471 -0.00000000
vt 2.24399471 -0.00000000
vt 2.24399471 0.00100000
vt 2.46839428 -0.00000000
vt 2.24399471 0.00100000
vt 2.46839428 0.00100000
vt 2.46839428 -0.00000000
vt 2.46839428 -0.00000000
vt 2.46839428 0.00100000
vt 2.69279361 -0.00000000
vt 2.46839428 0.00100000
vt 2.69279361 0.00100000
vt 2.69279361 -0.00000000
vt 2.69279361 -0.00000000
vt 2.69279361 0.00100000
vt 2.91719317 -0.00000000
vt 2.69279361 0.00100000
vt 2.91719317 0.00100000
vt 2.91719317 -0.00000000
vt 2.91719317 -0.00000000
vt 2.91719317 0.00100000
vt 3.14159274 -0.00000000
vt 2.91719317 0.00100000
vt 3.14159274 0.00100000
vt 3.14159274 -0.00000000
vt 0.00149096 -0.00077178
vt 0.00160000 -0.00160000
vt 0.00160000 -0.00000000
vt -0.00160000 0.00160000
vt -0.00077178 0.00149096
vt -0.00000000 0.00160000
vt -0.00077178 0.00149096
vt 0.00000000 0.00117128
vt -0.00000000 0.00160000
vt 0.00149096 -0.00077178
vt 0.00160000 -0.00000000
vt 0.00117128 -0.00000000
vt 0.00160000 -0.00000000
vt 0.00155988 0.00035603
vt 0.00117128 -0.00000000
vt 0.00117128 -0.00000000
vt 0.00155988 0.00035603
vt 0.00066274 0.00066274
vt 0.00155988 0.00035603
vt 0.00144155 0.00069421
vt 0.00066274 0.00066274
vt 0.00066274 0.00066274
vt 0.00144155 0.00069421
vt 0.00125093 0.00099758
vt 0.00125093 0.00099758
vt 0.00099758 0.00125093
vt 0.00066274 0.00066274
vt 0.00099758 0.00125093
vt 0.00069421 0.00144155
vt 0.00066274 0.00066274
vt 0.00066274 0.00066274
vt 0.00069421 0.00144155
vt 0.00000000 0.00117128
vt 0.00069421 0.00144155
vt 0.00035603 0.00155988
vt 0.00000000 0.00117128
vt 0.00000000 0.00117128
vt 0.00035603 0.00155988
vt -0.00000000 0.00160000
vt -0.00897128 -0.00000000
vt -0.00940000 -0.00000000
vt -0.00929096 -0.00077178
vt -0.00940000 -0.00000000
vt -0.00940000 -0.00160000
vt -0.00929096 -0.00077178
vt -0.00879758 0.00125093
vt -0.00905093 0.00099758
vt -0.00846274 0.00066274
vt -0.00905093 0.00099758
vt -0.00924155 0.00069421
vt -0.00846274 0.00066274
vt -0.00846274 0.00066274
vt -0.00924155 0.00069421
vt -0.00897128 -0.00000000
vt -0.00924155 0.00069421
vt -0.00935989 0.00035603
vt -0.00897128 -0.00000000
vt -0.00897128 -0.00000000
vt -0.00935989 0.00035603
vt -0.00940000 -0.00000000
vt -0.00879758 0.00125093
vt -0.00846274 0.00066274
vt -0.00849421 0.00144155
vt -0.00846274 0.00066274
vt -0.00780000 0.00117128
vt -0.00849421 0.00144155
vt -0.00849421 0.00144155
vt -0.00780000 0.00117128
vt -0.00815603 0.00155988
vt -0.00815603 0.00155988
vt -0.00780000 0.00117128
vt -0.00780000 0.00160000
vt -0.00780000 0.00117128
vt -0.00702822 0.00149096
vt -0.00780000 0.00160000
vt -0.00780000 0.00160000
vt -0.00702822 0.00149096
vt -0.00620000 0.00160000
vt 3.14159274 -0.00000000
vt 3.14159274 0.00100000
vt 3.36599207 -0.00000000
vt 3.14159274 0.00100000
vt 3.36599207 0.00100000
vt 3.36599207 -0.00000000
vt 3.36599207 -0.00000000
vt 3.36599207 0.00100000
vt 3.59039164 -0.00000000
vt 3.36599207 0.00100000
vt 3.59039164 0.00100000
vt 3.59039164 -0.00000000
vt 3.59039164 -0.00000000
vt 3.59039164 0.00100000
vt 3.81479096 -0.00000000
vt 3.59039164 0.00100000
vt 3.81479096 0.00100000
vt 3.81479096 -0.00000000
vt 3.81479096 -0.00000000
vt 3.81479096 0.00100000
vt 4.03919077 -0.00000000
vt 3.81479096 0.00100000
vt 4.03919077 0.00100000
vt 4.03919077 -0.00000000
vt 4.03919077 -0.00000000
vt 4.03919077 0.00100000
vt 4.26358986 -0.00000000
vt 4.03919077 0.00100000
vt 4.26358986 0.00100000
vt 4.26358986 -0.00000000
vt 4.26358986 -0.00000000
vt 4.26358986 0.00100000
vt 4.48798943 -0.00000000
vt 4.26358986 0.00100000
vt 4.48798943 0.00100000
vt 4.48798943 -0.00000000
vt 4.48798943 -0.00000000
vt 4.48798943 0.00100000
vt 4.71238899 -0.00000000
vt 4.48798943 0.00100000
vt 4.71238899 0.00100000
vt 4.71238899 -0.00000000
vt 5.83438635 -0.05646603
vt 6.05878592 -0.05646603
vt 6.05839348 0.00000000
vt 6.05878592 -0.05646603
vt 6.28318548 -0.05646603
vt 6.05839348 0.00000000
vt 6.05839348 0.00000000
vt 6.28318548 -0.05646603
vt 6.28318548 0.00000000
vt 6.05839348 0.00000000
vt 6.02138615 0.00000000
vt 5.83438635 -0.05646603
vt 6.02138615 0.00000000
vt 5.83399200 0.00000000
vt 5.83438635 -0.05646603
vt 5.83438635 -0.05646603
vt 5.83399200 0.00000000
vt 5.60998678 -0.05646603
vt 5.83399200 0.00000000
vt 5.75958633 0.00000000
vt 5.60998678 -0.05646603
vt 5.75958633 0.00000000
vt 5.60982895 0.00000000
vt 5.60998678 -0.05646603
vt 5.60982895 0.00000000
vt 5.49778700 0.00000000
vt 5.60998678 -0.05646603
vt 5.60998678 -0.05646603
vt 5.49778700 0.00000000
vt 5.38558722 -0.05646603
vt 5.49778700 0.00000000
vt 5.38574553 0.00000000
vt 5.38558722 -0.05646603
vt 5.38574553 0.00000000
vt 5.23598766 0.00000000
vt 5.38558722 -0.05646603
vt 5.38558722 -0.05646603
vt 5.23598766 0.00000000
vt 5.16118813 -0.05646603
vt 5.23598766 0.00000000
vt 5.16158199 0.00000000
vt 5.16118813 -0.05646603
vt 5.16158199 0.00000000
vt 4.97418833 -0.00000000
vt 5.16118813 -0.05646603
vt 5.16118813 -0.05646603
vt 4.97418833 -0.00000000
vt 4.93678856 -0.05646603
vt 4.97418833 -0.00000000
vt 4.93718100 0.00000000
vt 4.93678856 -0.05646603
vt 4.93718100 0.00000000
vt 4.71238899 0.00000000
vt 4.93678856 -0.05646603
vt 4.93678856 -0.05646603
vt 4.71238899 0.00000000
vt 4.71238899 -0.05646603
vt 5.58505344 3.14159274
vt 5.41052055 3.14159274
vt 5.58505344 2.91719317
vt 5.41052055 3.14159274
vt 5.41052055 2.91719317
vt 5.58505344 2.91719317
vt 5.58505344 2.91719317
vt 5.41052055 2.91719317
vt 5.58505344 2.69279361
vt 5.41052055 2.91719317
vt 5.41052055 2.69279361
vt 5.58505344 2.69279361
vt 5.58505344 2.69279361
vt 5.41052055 2.69279361
vt 5.58505344 2.46839428
vt 5.41052055 2.69279361
vt 5.41052055 2.46839428
vt 5.58505344 2.46839428
vt 5.58505344 2.46839428
vt 5.41052055 2.46839428
vt 5.58505344 2.24399471
vt 5.41052055 2.46839428
vt 5.41052055 2.24399471
vt 5.58505344 2.24399471
vt 5.58505344 2.24399471
vt 5.41052055 2.24399471
vt 5.58505344 2.01959538
vt 5.41052055 2.24399471
vt 5.41052055 2.01959538
vt 5.58505344 2.01959538
vt 5.58505344 2.01959538
vt 5.41052055 2.01959538
vt 5.58505344 1.79519582
vt 5.41052055 2.01959538
vt 5.41052055 1.79519582
vt 5.58505344 1.79519582
vt 5.58505344 1.79519582
vt 5.41052055 1.79519582
vt 5.58505344 1.57079637
vt 5.41052055 1.79519582
vt 5.41052055 1.57079637
vt 5.58505344 1.57079637
vt 5.41052055 3.14159274
vt 5.23598766 3.14159274
vt 5.41052055 2.91719317
vt 5.23598766 3.14159274
vt 5.23598766 2.91719317
vt 5.41052055 2.91719317
vt 5.41052055 2.91719317
vt 5.23598766 2.91719317
vt 5.41052055 2.69279361
vt 5.23598766 2.91719317
vt 5.23598766 2.69279361
vt 5.41052055 2.69279361
vt 5.41052055 2.69279361
vt 5.23598766 2.69279361
vt 5.41052055 2.46839428
vt 5.23598766 2.69279361
vt 5.23598766 2.46839428
vt 5.41052055 2.46839428
vt 5.41052055 2.46839428
vt 5.23598766 2.46839428
vt 5.41052055 2.24399471
vt 5.23598766 2.46839428
vt 5.23598766 2.24399471
vt 5.41052055 2.24399471
vt 5.41052055 2.24399471
vt 5.23598766 2.24399471
vt 5.41052055 2.01959538
vt 5.23598766 2.24399471
vt 5.23598766 2.01959538
vt 5.41052055 2.01959538
vt 5.41052055 2.01959538
vt 5.23598766 2.01959538
vt 5.41052055 1.79519582
vt 5.23598766 2.01959538
vt 5.23598766 1.79519582
vt 5.41052055 1.79519582
vt 5.41052055 1.79519582
vt 5.23598766 1.79519582
vt 5.41052055 1.57079637
vt 5.23598766 1.79519582
vt 5.23598766 1.57079637
vt 5.41052055 1.57079637
vt 5.23598766 3.14159274
vt 5.06145477 3.14159274
vt 5.23598766 2.91719317
vt 5.06145477 3.14159274
vt 5.06145477 2.91719317
vt 5.23598766 2.91719317
vt 5.23598766 2.91719317
vt 5.06145477 2.91719317
vt 5.23598766 2.69279361
vt 5.06145477 2.91719317
vt 5.06145477 2.69279361
vt 5.23598766 2.69279361
vt 5.23598766 2.69279361
vt 5.06145477 2.69279361
vt 5.23598766 2.46839428
vt 5.06145477 2.69279361
vt 5.06145477 2.46839428
vt 5.23598766 2.46839428
vt 5.23598766 2.46839428
vt 5.06145477 2.46839428
vt 5.23598766 2.24399471
vt 5.06145477 2.46839428
vt 5.06145477 2.24399471
vt 5.23598766 2.24399471
vt 5.23598766 2.24399471
vt 5.06145477 2.24399471
vt 5.23598766 2.01959538
vt 5.06145477 2.24399471
vt 5.06145477 2.01959538
vt 5.23598766 2.01959538
vt 5.23598766 2.01959538
vt 5.06145477 2.01959538
vt 5.23598766 1.79519582
vt 5.06145477 2.01959538
vt 5.06145477 1.79519582
vt 5.23598766 1.79519582
vt 5.23598766 1.79519582
vt 5.06145477 1.79519582
vt 5.23598766 1.57079637
vt 5.06145477 1.79519582
vt 5.06145477 1.57079637
vt 5.23598766 1.57079637
vt 4.71238899 1.79558837
vt 4.71238899 1.57079637
vt 4.88692188 1.57079637
vt 5.06145477 1.79558837
vt 5.06145477 1.83259571
vt 4.88692188 1.83259571
vt 4.71238899 2.01998949
vt 4.71238899 1.83259571
vt 4.88692188 1.83259571
vt 5.06145477 2.01998949
vt 5.06145477 2.09439516
vt 4.88692188 2.09439516
vt 4.71238899 2.24415278
vt 4.71238899 2.09439516
vt 4.88692188 2.09439516
vt 5.06145477 2.24415278
vt 5.06145477 2.35619450
vt 4.88692188 2.35619450
vt 4.71238899 2.46823621
vt 4.71238899 2.35619450
vt 4.88692188 2.35619450
vt 5.06145477 2.46823621
vt 5.06145477 2.61799383
vt 4.88692188 2.61799383
vt 4.71238899 2.69239950
vt 4.71238899 2.61799383
vt 4.88692188 2.61799383
vt 5.06145477 2.69239950
vt 5.06145477 2.87979317
vt 4.88692188 2.87979317
vt 4.71238899 2.91680050
vt 4.71238899 2.87979317
vt 4.88692188 2.87979317
vt 5.06145477 2.91680050
vt 5.06145477 3.14159274
vt 4.88692188 3.14159274
vt 4.71238899 3.14159274
vt 4.71238899 2.91680050
vt 4.88692188 3.14159274
vt 4.71238899 2.91680050
vt 4.88692188 2.87979317
vt 4.88692188 3.14159274
vt 4.88692188 3.14159274
vt 4.88692188 2.87979317
vt 5.06145477 2.91680050
vt 4.88692188 2.87979317
vt 5.06145477 2.87979317
vt 5.06145477 2.91680050
vt 4.71238899 2.87979317
vt 4.71238899 2.69239950
vt 4.88692188 2.87979317
vt 4.71238899 2.69239950
vt 4.88692188 2.61799383
vt 4.88692188 2.87979317
vt 4.88692188 2.87979317
vt 4.88692188 2.61799383
vt 5.06145477 2.69239950
vt 4.88692188 2.61799383
vt 5.06145477 2.61799383
vt 5.06145477 2.69239950
vt 4.71238899 2.61799383
vt 4.71238899 2.46823621
vt 4.88692188 2.61799383
vt 4.71238899 2.46823621
vt 4.88692188 2.35619450
vt 4.88692188 2.61799383
vt 4.88692188 2.61799383
vt 4.88692188 2.35619450
vt 5.06145477 2.46823621
vt 4.88692188 2.35619450
vt 5.06145477 2.35619450
vt 5.06145477 2.46823621
vt 4.71238899 2.35619450
vt 4.71238899 2.24415278
vt 4.88692188 2.35619450
vt 4.71238899 2.24415278
vt 4.88692188 2.09439516
vt 4.88692188 2.35619450
vt 4.88692188 2.35619450
vt 4.88692188 2.09439516
vt 5.06145477 2.24415278
vt 4.88692188 2.09439516
vt 5.06145477 2.09439516
vt 5.06145477 2.24415278
vt 4.71238899 2.09439516
vt 4.71238899 2.01998949
vt 4.88692188 2.09439516
vt 4.71238899 2.01998949
vt 4.88692188 1.83259571
vt 4.88692188 2.09439516
vt 4.88692188 2.09439516
vt 4.88692188 1.83259571
vt 5.06145477 2.01998949
vt 4.88692188 1.83259571
vt 5.06145477 1.83259571
vt 5.06145477 2.01998949
vt 4.71238899 1.83259571
vt 4.71238899 1.79558837
vt 4.88692188 1.83259571
vt 4.71238899 1.79558837
vt 4.88692188 1.57079637
vt 4.88692188 1.83259571
vt 4.88692188 1.83259571
vt 4.88692188 1.57079637
vt 5.06145477 1.79558837
vt 4.88692188 1.57079637
vt 5.06145477 1.57079637
vt 5.06145477 1.79558837
vt 6.28318548 0.00796228
vt 6.05878592 0.00796228
vt 6.28318548 -0.00000000
vt 6.05878592 0.00796228
vt 6.05839348 -0.00000000
vt 6.28318548 -0.00000000
vt 6.05839348 -0.00000000
vt 6.05878592 0.00796228
vt 6.02138615 0.00000000
vt 6.05878592 0.00796228
vt 5.83438635 0.00796228
vt 6.02138615 0.00000000
vt 6.02138615 0.00000000
vt 5.83438635 0.00796228
vt 5.83399200 -0.00000000
vt 5.83399200 -0.00000000
vt 5.83438635 0.00796228
vt 5.75958633 0.00000000
vt 5.83438635 0.00796228
vt 5.60998678 0.00796228
vt 5.75958633 0.00000000
vt 5.75958633 0.00000000
vt 5.60998678 0.00796228
vt 5.60982895 0.00000000
vt 5.60982895 0.00000000
vt 5.60998678 0.00796228
vt 5.49778700 -0.00000000
vt 5.60998678 0.00796228
vt 5.38558722 0.00796228
vt 5.49778700 -0.00000000
vt 5.49778700 -0.00000000
vt 5.38558722 0.00796228
vt 5.38574553 -0.00000000
vt 5.38574553 -0.00000000
vt 5.38558722 0.00796228
vt 5.23598766 -0.00000000
vt 5.38558722 0.00796228
vt 5.16118813 0.00796228
vt 5.23598766 -0.00000000
vt 5.23598766 -0.00000000
vt 5.16118813 0.00796228
vt 5.16158199 0.00000000
vt 5.16158199 0.00000000
vt 5.16118813 0.00796228
vt 4.97418833 0.00000000
vt 5.16118813 0.00796228
vt 4.93678856 0.00796228
vt 4.97418833 0.00000000
vt 4.97418833 0.00000000
vt 4.93678856 0.00796228
vt 4.93718100 0.00000000
vt 4.93678856 0.00796228
vt 4.71238899 0.00796228
vt 4.93718100 0.00000000
vt 4.93718100 0.00000000
vt 4.71238899 0.00796228
vt 4.71238899 0.00000000
vt 0.26179940 -3.14159274
vt 0.26179940 -2.87979317
vt 0.52359879 -3.14159274
vt 0.26179940 -2.87979317
vt 0.52359879 -2.87979317
vt 0.52359879 -3.14159274
vt 0.52359879 -3.14159274
vt 0.52359879 -2.87979317
vt 0.78539819 -3.14159274
vt 0.52359879 -2.87979317
vt 0.78539819 -2.87979317
vt 0.78539819 -3.14159274
vt 0.78539819 -3.14159274
vt 0.78539819 -2.87979317
vt 1.04719758 -3.14159274
vt 0.78539819 -2.87979317
vt 1.04719758 -2.87979317
vt 1.04719758 -3.14159274
vt 1.04719758 -3.14159274
vt 1.04719758 -2.87979317
vt 1.30899692 -3.14159274
vt 1.04719758 -2.87979317
vt 1.30899692 -2.87979317
vt 1.30899692 -3.14159274
vt 1.30899692 -3.14159274
vt 1.30899692 -2.87979317
vt 1.57079637 -3.14159274
vt 1.30899692 -2.87979317
vt 1.57079637 -2.87979317
vt 1.57079637 -3.14159274
vt 1.57079637 -3.14159274
vt 1.57079637 -2.87979317
vt 1.83259571 -3.14159274
vt 1.57079637 -2.87979317
vt 1.83259571 -2.87979317
vt 1.83259571 -3.14159274
vt 1.83259571 -3.14159274
vt 1.83259571 -2.87979317
vt 2.09439516 -3.14159274
vt 1.83259571 -2.87979317
vt 2.09439516 -2.87979317
vt 2.09439516 -3.14159274
vt 2.09439516 -3.14159274
vt 2.09439516 -2.87979317
vt 2.35619450 -3.14159274
vt 2.09439516 -2.87979317
vt 2.35619450 -2.87979317
vt 2.35619450 -3.14159274
vt 2.35619450 -3.14159274
vt 2.35619450 -2.87979317
vt 2.61799383 -3.14159274
vt 2.35619450 -2.87979317
vt 2.61799383 -2.87979317
vt 2.61799383 -3.14159274
vt 2.61799383 -3.14159274
vt 2.61799383 -2.87979317
vt 2.87979317 -3.14159274
vt 2.61799383 -2.87979317
vt 2.87979317 -2.87979317
vt 2.87979317 -3.14159274
vt 2.87979317 -3.14159274
vt 2.87979317 -2.87979317
vt 3.14159274 -3.14159274
vt 2.87979317 -2.87979317
vt 3.14159274 -2.87979317
vt 3.14159274 -3.14159274
vt 3.14159274 -3.14159274
vt 3.14159274 -2.87979317
vt 3.40339208 -3.14159274
vt 3.14159274 -2.87979317
vt 3.40339208 -2.87979317
vt 3.40339208 -3.14159274
vt 3.40339208 -3.14159274
vt 3.40339208 -2.87979317
vt 3.66519141 -3.14159274
vt 3.40339208 -2.87979317
vt 3.66519141 -2.87979317
vt 3.66519141 -3.14159274
vt 3.66519141 -3.14159274
vt 3.66519141 -2.87979317
vt 3.92699075 -3.14159274
vt 3.66519141 -2.87979317
vt 3.92699075 -2.87979317
vt 3.92699075 -3.14159274
vt 3.92699075 -3.14159274
vt 3.92699075 -2.87979317
vt 4.18879032 -3.14159274
vt 3.92699075 -2.87979317
vt 4.18879032 -2.87979317
vt 4.18879032 -3.14159274
vt 4.18879032 -3.14159274
vt 4.18879032 -2.87979317
vt 4.45058966 -3.14159274
vt 4.18879032 -2.87979317
vt 4.45058966 -2.87979317
vt 4.45058966 -3.14159274
vt 4.45058966 -3.14159274
vt 4.45058966 -2.87979317
vt 4.71238899 -3.14159274
vt 4.45058966 -2.87979317
vt 4.71238899 -2.87979317
vt 4.71238899 -3.14159274
vt 4.71238899 -3.14159274
vt 4.71238899 -2.87979317
vt 4.97418833 -3.14159274
vt 4.71238899 -2.87979317
vt 4.97418833 -2.87979317
vt 4.97418833 -3.14159274
vt 4.97418833 -3.14159274
vt 4.97418833 -2.87979317
vt 5.23598766 -3.14159274
vt 4.97418833 -2.87979317
vt 5.23598766 -2.87979317
vt 5.23598766 -3.14159274
vt 5.23598766 -3.14159274
vt 5.23598766 -2.87979317
vt 5.49778700 -3.14159274
vt 5.23598766 -2.87979317
vt 5.49778700 -2.87979317
vt 5.49778700 -3.14159274
vt 5.49778700 -3.14159274
vt 5.49778700 -2.87979317
vt 5.75958633 -3.14159274
vt 5.49778700 -2.87979317
vt 5.75958633 -2.87979317
vt 5.75958633 -3.14159274
vt 5.75958633 -3.14159274
vt 5.75958633 -2.87979317
vt 6.02138615 -3.14159274
vt 5.75958633 -2.87979317
vt 6.02138615 -2.87979317
vt 6.02138615 -3.14159274
vt 6.02138615 -3.14159274
vt 6.02138615 -2.87979317
vt 6.28318548 -3.14159274
vt 6.02138615 -2.87979317
vt 6.28318548 -2.87979317
vt 6.28318548 -3.14159274
vt 6.28318548 -3.14159274
vt 6.28318548 -2.87979317
vt 6.54498482 -3.14159274
vt 6.28318548 -2.87979317
vt 6.54498482 -2.87979317
vt 6.54498482 -3.14159274
vt 0.26179940 -2.87979317
vt 0.26179940 -2.61799383
vt 0.52359879 -2.87979317
vt 0.26179940 -2.61799383
vt 0.52359879 -2.61799383
vt 0.52359879 -2.87979317
vt 0.52359879 -2.87979317
vt 0.52359879 -2.61799383
vt 0.78539819 -2.87979317
vt 0.52359879 -2.61799383
vt 0.78539819 -2.61799383
vt 0.78539819 -2.87979317
vt 0.78539819 -2.87979317
vt 0.78539819 -2.61799383
vt 1.04719758 -2.87979317
vt 0.78539819 -2.61799383
vt 1.04719758 -2.61799383
vt 1.04719758 -2.87979317
vt 1.04719758 -2.87979317
vt 1.04719758 -2.61799383
vt 1.30899692 -2.87979317
vt 1.04719758 -2.61799383
vt 1.30899692 -2.61799383
vt 1.30899692 -2.87979317
vt 1.30899692 -2.87979317
vt 1.30899692 -2.61799383
vt 1.57079637 -2.87979317
vt 1.30899692 -2.61799383
vt 1.57079637 -2.61799383
vt 1.57079637 -2.87979317
vt 1.57079637 -2.87979317
vt 1.57079637 -2.61799383
vt 1.83259571 -2.87979317
vt 1.57079637 -2.61799383
vt 1.83259571 -2.61799383
vt 1.83259571 -2.87979317
vt 1.83259571 -2.87979317
vt 1.83259571 -2.61799383
vt 2.09439516 -2.87979317
vt 1.83259571 -2.61799383
vt 2.09439516 -2.61799383
vt 2.09439516 -2.87979317
vt 2.09439516 -2.87979317
vt 2.09439516 -2.61799383
vt 2.35619450 -2.87979317
vt 2.09439516 -2.61799383
vt 2.35619450 -2.61799383
vt 2.35619450 -2.87979317
vt 2.35619450 -2.87979317
vt 2.35619450 -2.61799383
vt 2.61799383 -2.87979317
vt 2.35619450 -2.61799383
vt 2.61799383 -2.61799383
vt 2.61799383 -2.87979317
vt 2.61799383 -2.87979317
vt 2.61799383 -2.61799383
vt 2.87979317 -2.87979317
vt 2.61799383 -2.61799383
vt 2.87979317 -2.61799383
vt 2.87979317 -2.87979317
vt 2.87979317 -2.87979317
vt 2.87979317 -2.61799383
vt 3.14159274 -2.87979317
vt 2.87979317 -2.61799383
vt 3.14159274 -2.61799383
vt 3.14159274 -2.87979317
vt 3.14159274 -2.87979317
vt 3.14159274 -2.61799383
vt 3.40339208 -2.87979317
vt 3.14159274 -2.61799383
vt 3.40339208 -2.61799383
vt 3.40339208 -2.87979317
vt 3.40339208 -2.87979317
vt 3.40339208 -2.61799383
vt 3.66519141 -2.87979317
vt 3.40339208 -2.61799383
vt 3.66519141 -2.61799383
vt 3.66519141 -2.87979317
vt 3.66519141 -2.87979317
vt 3.66519141 -2.61799383
vt 3.92699075 -2.87979317
vt 3.66519141 -2.61799383
vt 3.92699075 -2.61799383
vt 3.92699075 -2.87979317
vt 3.92699075 -2.87979317
vt 3.92699075 -2.61799383
vt 4.18879032 -2.87979317
vt 3.92699075 -2.61799383
vt 4.18879032 -2.61799383
vt 4.18879032 -2.87979317
vt 4.18879032 -2.87979317
vt 4.18879032 -2.61799383
vt 4.45058966 -2.87979317
vt 4.18879032 -2.61799383
vt 4.45058966 -2.61799383
vt 4.45058966 -2.87979317
vt 4.45058966 -2.87979317
vt 4.45058966 -2.61799383
vt 4.71238899 -2.87979317
vt 4.45058966 -2.61799383
vt 4.71238899 -2.61799383
vt 4.71238899 -2.87979317
vt 4.71238899 -2.87979317
vt 4.71238899 -2.61799383
vt 4.97418833 -2.87979317
vt 4.71238899 -2.61799383
vt 4.97418833 -2.61799383
vt 4.97418833 -2.87979317
vt 4.97418833 -2.87979317
vt 4.97418833 -2.61799383
vt 5.23598766 -2.87979317
vt 4.97418833 -2.61799383
vt 5.23598766 -2.61799383
vt 5.23598766 -2.87979317
vt 5.23598766 -2.87979317
vt 5.23598766 -2.61799383
vt 5.49778700 -2.87979317
vt 5.23598766 -2.61799383
vt 5.49778700 -2.61799383
vt 5.49778700 -2.87979317
vt 5.49778700 -2.87979317
vt 5.49778700 -2.61799383
vt 5.75958633 -2.87979317
vt 5.49778700 -2.61799383
vt 5.75958633 -2.61799383
vt 5.75958633 -2.87979317
vt 5.75958633 -2.87979317
vt 5.75958633 -2.61799383
vt 6.02138615 -2.87979317
vt 5.75958633 -2.61799383
vt 6.02138615 -2.61799383
vt 6.02138615 -2.87979317
vt 6.02138615 -2.87979317
vt 6.02138615 -2.61799383
vt 6.28318548 -2.87979317
vt 6.02138615 -2.61799383
vt 6.28318548 -2.61799383
vt 6.28318548 -2.87979317
vt 6.28318548 -2.87979317
vt 6.28318548 -2.61799383
vt 6.54498482 -2.87979317
vt 6.28318548 -2.61799383
vt 6.54498482 -2.61799383
vt 6.54498482 -2.87979317
vt 0.26179940 -2.61799383
vt 0.26179940 -2.35619450
vt 0.52359879 -2.61799383
vt 0.26179940 -2.35619450
vt 0.52359879 -2.35619450
vt 0.52359879 -2.61799383
vt 0.52359879 -2.61799383
vt 0.52359879 -2.35619450
vt 0.78539819 -2.61799383
vt 0.52359879 -2.35619450
vt 0.78539819 -2.35619450
vt 0.78539819 -2.61799383
vt 0.78539819 -2.61799383
vt 0.78539819 -2.35619450
vt 1.04719758 -2.61799383
vt 0.78539819 -2.35619450
vt 1.04719758 -2.35619450
vt 1.04719758 -2.61799383
vt 1.04719758 -2.61799383
vt 1.04719758 -2.35619450
vt 1.30899692 -2.61799383
vt 1.04719758 -2.35619450
vt 1.30899692 -2.35619450
vt 1.30899692 -2.61799383
vt 1.30899692 -2.61799383
vt 1.30899692 -2.35619450
vt 1.57079637 -2.61799383
vt 1.30899692 -2.35619450
vt 1.57079637 -2.35619450
vt 1.57079637 -2.61799383
vt 1.57079637 -2.61799383
vt 1.57079637 -2.35619450
vt 1.83259571 -2.61799383
vt 1.57079637 -2.35619450
vt 1.83259571 -2.35619450
vt 1.83259571 -2.61799383
vt 1.83259571 -2.61799383
vt 1.83259571 -2.35619450
vt 2.09439516 -2.61799383
vt 1.83259571 -2.35619450
vt 2.09439516 -2.35619450
vt 2.09439516 -2.61799383
vt 2.09439516 -2.61799383
vt 2.09439516 -2.35619450
vt 2.35619450 -2.61799383
vt 2.09439516 -2.35619450
vt 2.35619450 -2.35619450
vt 2.35619450 -2.61799383
vt 2.35619450 -2.61799383
vt 2.35619450 -2.35619450
vt 2.61799383 -2.61799383
vt 2.35619450 -2.35619450
vt 2.61799383 -2.35619450
vt 2.61799383 -2.61799383
vt 2.61799383 -2.61799383
vt 2.61799383 -2.35619450
vt 2.87979317 -2.61799383
vt 2.61799383 -2.35619450
vt 2.87979317 -2.35619450
vt 2.87979317 -2.61799383
vt 2.87979317 -2.61799383
vt 2.87979317 -2.35619450
vt 3.14159274 -2.61799383
vt 2.87979317 -2.35619450
vt 3.14159274 -2.35619450
vt 3.14159274 -2.61799383
vt 3.14159274 -2.61799383
vt 3.14159274 -2.35619450
vt 3.40339208 -2.61799383
vt 3.14159274 -2.35619450
vt 3.40339208 -2.35619450
vt 3.40339208 -2.61799383
vt 3.40339208 -2.61799383
vt 3.40339208 -2.35619450
vt 3.66519141 -2.61799383
vt 3.40339208 -2.35619450
vt 3.66519141 -2.35619450
vt 3.66519141 -2.61799383
vt 3.66519141 -2.61799383
vt 3.66519141 -2.35619450
vt 3.92699075 -2.61799383
vt 3.66519141 -2.35619450
vt 3.92699075 -2.35619450
vt 3.92699075 -2.61799383
vt 3.92699075 -2.61799383
vt 3.92699075 -2.35619450
vt 4.18879032 -2.61799383
vt 3.92699075 -2.35619450
vt 4.18879032 -2.35619450
vt 4.18879032 -2.61799383
vt 4.18879032 -2.61799383
vt 4.18879032 -2.35619450
vt 4.45058966 -2.61799383
vt 4.18879032 -2.35619450
vt 4.45058966 -2.35619450
vt 4.45058966 -2.61799383
vt 4.45058966 -2.61799383
vt 4.45058966 -2.35619450
vt 4.71238899 -2.61799383
vt 4.45058966 -2.35619450
vt 4.71238899 -2.35619450
vt 4.71238899 -2.61799383
vt 4.71238899 -2.61799383
vt 4.71238899 -2.35619450
vt 4.97418833 -2.61799383
vt 4.71238899 -2.35619450
vt 4.97418833 -2.35619450
vt 4.97418833 -2.61799383
vt 4.97418833 -2.61799383
vt 4.97418833 -2.35619450
vt 5.23598766 -2.61799383
vt 4.97418833 -2.35619450
vt 5.23598766 -2.35619450
vt 5.23598766 -2.61799383
vt 5.23598766 -2.61799383
vt 5.23598766 -2.35619450
vt 5.49778700 -2.61799383
vt 5.23598766 -2.35619450
vt 5.49778700 -2.35619450
vt 5.49778700 -2.61799383
vt 5.49778700 -2.61799383
vt 5.49778700 -2.35619450
vt 5.75958633 -2.61799383
vt 5.49778700 -2.35619450
vt 5.75958633 -2.35619450
vt 5.75958633 -2.61799383
vt 5.75958633 -2.61799383
vt 5.75958633 -2.35619450
vt 6.02138615 -2.61799383
vt 5.75958633 -2.35619450
vt 6.02138615 -2.35619450
vt 6.02138615 -2.61799383
vt 6.02138615 -2.61799383
vt 6.02138615 -2.35619450
vt 6.28318548 -2.61799383
vt 6.02138615 -2.35619450
vt 6.28318548 -2.35619450
vt 6.28318548 -2.61799383
vt 6.28318548 -2.61799383
vt 6.28318548 -2.35619450
vt 6.54498482 -2.61799383
vt 6.28318548 -2.35619450
vt 6.54498482 -2.35619450
vt 6.54498482 -2.61799383
vt 0.26179940 -2.35619450
vt 0.26179940 -2.09439516
vt 0.52359879 -2.35619450
vt 0.26179940 -2.09439516
vt 0.52359879 -2.09439516
vt 0.52359879 -2.35619450
vt 0.52359879 -2.35619450
vt 0.52359879 -2.09439516
vt 0.78539819 -2.35619450
vt 0.52359879 -2.09439516
vt 0.78539819 -2.09439516
vt 0.78539819 -2.35619450
vt 0.78539819 -2.35619450
vt 0.78539819 -2.09439516
vt 1.04719758 -2.35619450
vt 0.78539819 -2.09439516
vt 1.04719758 -2.09439516
vt 1.04719758 -2.35619450
vt 1.04719758 -2.35619450
vt 1.04719758 -2.09439516
vt 1.30899692 -2.35619450
vt 1.04719758 -2.09439516
vt 1.30899692 -2.09439516
vt 1.30899692 -2.35619450
vt 1.30899692 -2.35619450
vt 1.30899692 -2.09439516
vt 1.57079637 -2.35619450
vt 1.30899692 -2.09439516
vt 1.57079637 -2.09439516
vt 1.57079637 -2.35619450
vt 1.57079637 -2.35619450
vt 1.57079637 -2.09439516
vt 1.83259571 -2.35619450
vt 1.57079637 -2.09439516
vt 1.83259571 -2.09439516
vt 1.83259571 -2.35619450
vt 1.83259571 -2.35619450
vt 1.83259571 -2.09439516
vt 2.09439516 -2.35619450
vt 1.83259571 -2.09439516
vt 2.09439516 -2.09439516
vt 2.09439516 -2.35619450
vt 2.09439516 -2.35619450
vt 2.09439516 -2.09439516
vt 2.35619450 -2.35619450
vt 2.09439516 -2.09439516
vt 2.35619450 -2.09439516
vt 2.35619450 -2.35619450
vt 2.35619450 -2.35619450
vt 2.35619450 -2.09439516
vt 2.61799383 -2.35619450
vt 2.35619450 -2.09439516
vt 2.61799383 -2.09439516
vt 2.61799383 -2.35619450
vt 2.61799383 -2.35619450
vt 2.61799383 -2.09439516
vt 2.87979317 -2.35619450
vt 2.61799383 -2.09439516
vt 2.87979317 -2.09439516
vt 2.87979317 -2.35619450
vt 2.87979317 -2.35619450
vt 2.87979317 -2.09439516
vt 3.14159274 -2.35619450
vt 2.87979317 -2.09439516
vt 3.14159274 -2.09439516
vt 3.14159274 -2.35619450
vt 3.14159274 -2.35619450
vt 3.14159274 -2.09439516
vt 3.40339208 -2.35619450
vt 3.14159274 -2.09439516
vt 3.40339208 -2.09439516
vt 3.40339208 -2.35619450
vt 3.40339208 -2.35619450
vt 3.40339208 -2.09439516
vt 3.66519141 -2.35619450
vt 3.40339208 -2.09439516
vt 3.66519141 -2.09439516
vt 3.66519141 -2.35619450
vt 3.66519141 -2.35619450
vt 3.66519141 -2.09439516
vt 3.92699075 -2.35619450
vt 3.66519141 -2.09439516
vt 3.92699075 -2.09439516
vt 3.92699075 -2.35619450
vt 3.92699075 -2.35619450
vt 3.92699075 -2.09439516
vt 4.18879032 -2.35619450
vt 3.92699075 -2.09439516
vt 4.18879032 -2.09439516
vt 4.18879032 -2.35619450
vt 4.18879032 -2.35619450
vt 4.18879032 -2.09439516
vt 4.45058966 -2.35619450
vt 4.18879032 -2.09439516
vt 4.45058966 -2.09439516
vt 4.45058966 -2.35619450
vt 4.45058966 -2.35619450
vt 4.45058966 -2.09439516
vt 4.71238899 -2.35619450
vt 4.45058966 -2.09439516
vt 4.71238899 -2.09439516
vt 4.71238899 -2.35619450
vt 4.71238899 -2.35619450
vt 4.71238899 -2.09439516
vt 4.97418833 -2.35619450
vt 4.71238899 -2.09439516
vt 4.97418833 -2.09439516
vt 4.97418833 -2.35619450
vt 4.97418833 -2.35619450
vt 4.97418833 -2.09439516
vt 5.23598766 -2.35619450
vt 4.97418833 -2.09439516
vt 5.23598766 -2.09439516
vt 5.23598766 -2.35619450
vt 5.23598766 -2.35619450
vt 5.23598766 -2.09439516
vt 5.49778700 -2.35619450
vt 5.23598766 -2.09439516
vt 5.49778700 -2.09439516
vt 5.49778700 -2.35619450
vt 5.49778700 -2.35619450
vt 5.49778700 -2.09439516
vt 5.75958633 -2.35619450
vt 5.49778700 -2.09439516
vt 5.75958633 -2.09439516
vt 5.75958633 -2.35619450
vt 5.75958633 -2.35619450
vt 5.75958633 -2.09439516
vt 6.02138615 -2.35619450
vt 5.75958633 -2.09439516
vt 6.02138615 -2.09439516
vt 6.02138615 -2.35619450
vt 6.02138615 -2.35619450
vt 6.02138615 -2.09439516
vt 6.28318548 -2.35619450
vt 6.02138615 -2.09439516
vt 6.28318548 -2.09439516
vt 6.28318548 -2.35619450
vt 6.28318548 -2.35619450
vt 6.28318548 -2.09439516
vt 6.54498482 -2.35619450
vt 6.28318548 -2.09439516
vt 6.54498482 -2.09439516
vt 6.54498482 -2.35619450
vt 0.26179940 -2.09439516
vt 0.26179940 -1.83259571
vt 0.52359879 -2.09439516
vt 0.26179940 -1.83259571
vt 0.52359879 -1.83259571
vt 0.52359879 -2.09439516
vt 0.52359879 -2.09439516
vt 0.52359879 -1.83259571
vt 0.78539819 -2.09439516
vt 0.52359879 -1.83259571
vt 0.78539819 -1.83259571
vt 0.78539819 -2.09439516
vt 0.78539819 -2.09439516
vt 0.78539819 -1.83259571
vt 1.04719758 -2.09439516
vt 0.78539819 -1.83259571
vt 1.04719758 -1.83259571
vt 1.04719758 -2.09439516
vt 1.04719758 -2.09439516
vt 1.04719758 -1.83259571
vt 1.30899692 -2.09439516
vt 1.04719758 -1.83259571
vt 1.30899692 -1.83259571
vt 1.30899692 -2.09439516
vt 1.30899692 -2.09439516
vt 1.30899692 -1.83259571
vt 1.57079637 -2.09439516
vt 1.30899692 -1.83259571
vt 1.57079637 -1.83259571
vt 1.57079637 -2.09439516
vt 1.57079637 -2.09439516
vt 1.57079637 -1.83259571
vt 1.83259571 -2.09439516
vt 1.57079637 -1.83259571
vt 1.83259571 -1.83259571
vt 1.83259571 -2.09439516
vt 1.83259571 -2.09439516
vt 1.83259571 -1.83259571
vt 2.09439516 -2.09439516
vt 1.83259571 -1.83259571
vt 2.09439516 -1.83259571
vt 2.09439516 -2.09439516
vt 2.09439516 -2.09439516
vt 2.09439516 -1.83259571
vt 2.35619450 -2.09439516
vt 2.09439516 -1.83259571
vt 2.35619450 -1.83259571
vt 2.35619450 -2.09439516
vt 2.35619450 -2.09439516
vt 2.35619450 -1.83259571
vt 2.61799383 -2.09439516
vt 2.35619450 -1.83259571
vt 2.61799383 -1.83259571
vt 2.61799383 -2.09439516
vt 2.61799383 -2.09439516
vt 2.61799383 -1.83259571
vt 2.87979317 -2.09439516
vt 2.61799383 -1.83259571
vt 2.87979317 -1.83259571
vt 2.87979317 -2.09439516
vt 2.87979317 -2.09439516
vt 2.87979317 -1.83259571
vt 3.14159274 -2.09439516
vt 2.87979317 -1.83259571
vt 3.14159274 -1.83259571
vt 3.14159274 -2.09439516
vt 3.14159274 -2.09439516
vt 3.14159274 -1.83259571
vt 3.40339208 -2.09439516
vt 3.14159274 -1.83259571
vt 3.40339208 -1.83259571
vt 3.40339208 -2.09439516
vt 3.40339208 -2.09439516
vt 3.40339208 -1.83259571
vt 3.66519141 -2.09439516
vt 3.40339208 -1.83259571
vt 3.66519141 -1.83259571
vt 3.66519141 -2.09439516
vt 3.66519141 -2.09439516
vt 3.66519141 -1.83259571
vt 3.92699075 -2.09439516
vt 3.66519141 -1.83259571
vt 3.92699075 -1.83259571
vt 3.92699075 -2.09439516
vt 3.92699075 -2.09439516
vt 3.92699075 -1.83259571
vt 4.18879032 -2.09439516
vt 3.92699075 -1.83259571
vt 4.18879032 -1.83259571
vt 4.18879032 -2.09439516
vt 4.18879032 -2.09439516
vt 4.18879032 -1.83259571
vt 4.45058966 -2.09439516
vt 4.18879032 -1.83259571
vt 4.45058966 -1.83259571
vt 4.45058966 -2.09439516
vt 4.45058966 -2.09439516
vt 4.45058966 -1.83259571
vt 4.71238899 -2.09439516
vt 4.45058966 -1.83259571
vt 4.71238899 -1.83259571
vt 4.71238899 -2.09439516
vt 4.71238899 -2.09439516
vt 4.71238899 -1.83259571
vt 4.97418833 -2.09439516
vt 4.71238899 -1.83259571
vt 4.97418833 -1.83259571
vt 4.97418833 -2.09439516
vt 4.97418833 -2.09439516
vt 4.97418833 -1.83259571
vt 5.23598766 -2.09439516
vt 4.97418833 -1.83259571
vt 5.23598766 -1.83259571
vt 5.23598766 -2.09439516
vt 5.23598766 -2.09439516
vt 5.23598766 -1.83259571
vt 5.49778700 -2.09439516
vt 5.23598766 -1.83259571
vt 5.49778700 -1.83259571
vt 5.49778700 -2.09439516
vt 5.49778700 -2.09439516
vt 5.49778700 -1.83259571
vt 5.75958633 -2.09439516
vt 5.49778700 -1.83259571
vt 5.75958633 -1.83259571
vt 5.75958633 -2.09439516
vt 5.75958633 -2.09439516
vt 5.75958633 -1.83259571
vt 6.02138615 -2.09439516
vt 5.75958633 -1.83259571
vt 6.02138615 -1.83259571
vt 6.02138615 -2.09439516
vt 6.02138615 -2.09439516
vt 6.02138615 -1.83259571
vt 6.28318548 -2.09439516
vt 6.02138615 -1.83259571
vt 6.28318548 -1.83259571
vt 6.28318548 -2.09439516
vt 6.28318548 -2.09439516
vt 6.28318548 -1.83259571
vt 6.54498482 -2.09439516
vt 6.28318548 -1.83259571
vt 6.54498482 -1.83259571
vt 6.54498482 -2.09439516
vt 0.26179940 -1.83259571
vt 0.26179940 -1.57079637
vt 0.52359879 -1.83259571
vt 0.26179940 -1.57079637
vt 0.52359879 -1.57079637
vt 0.52359879 -1.83259571
vt 0.52359879 -1.83259571
vt 0.52359879 -1.57079637
vt 0.78539819 -1.83259571
vt 0.52359879 -1.57079637
vt 0.78539819 -1.57079637
vt 0.78539819 -1.83259571
vt 0.78539819 -1.83259571
vt 0.78539819 -1.57079637
vt 1.04719758 -1.83259571
vt 0.78539819 -1.57079637
vt 1.04719758 -1.57079637
vt 1.04719758 -1.83259571
vt 1.04719758 -1.83259571
vt 1.04719758 -1.57079637
vt 1.30899692 -1.83259571
vt 1.04719758 -1.57079637
vt 1.30899692 -1.57079637
vt 1.30899692 -1.83259571
vt 1.30899692 -1.83259571
vt 1.30899692 -1.57079637
vt 1.57079637 -1.83259571
vt 1.30899692 -1.57079637
vt 1.57079637 -1.57079637
vt 1.57079637 -1.83259571
vt 1.57079637 -1.83259571
vt 1.57079637 -1.57079637
vt 1.83259571 -1.83259571
vt 1.57079637 -1.57079637
vt 1.83259571 -1.57079637
vt 1.83259571 -1.83259571
vt 1.83259571 -1.83259571
vt 1.83259571 -1.57079637
vt 2.09439516 -1.83259571
vt 1.83259571 -1.57079637
vt 2.09439516 -1.57079637
vt 2.09439516 -1.83259571
vt 2.09439516 -1.83259571
vt 2.09439516 -1.57079637
vt 2.35619450 -1.83259571
vt 2.09439516 -1.57079637
vt 2.35619450 -1.57079637
vt 2.35619450 -1.83259571
vt 2.35619450 -1.83259571
vt 2.35619450 -1.57079637
vt 2.61799383 -1.83259571
vt 2.35619450 -1.57079637
vt 2.61799383 -1.57079637
vt 2.61799383 -1.83259571
vt 2.61799383 -1.83259571
vt 2.61799383 -1.57079637
vt 2.87979317 -1.83259571
vt 2.61799383 -1.57079637
vt 2.87979317 -1.57079637
vt 2.87979317 -1.83259571
vt 2.87979317 -1.83259571
vt 2.87979317 -1.57079637
vt 3.14159274 -1.83259571
vt 2.87979317 -1.57079637
vt 3.14159274 -1.57079637
vt 3.14159274 -1.83259571
vt 3.14159274 -1.83259571
vt 3.14159274 -1.57079637
vt 3.40339208 -1.83259571
vt 3.14159274 -1.57079637
vt 3.40339208 -1.57079637
vt 3.40339208 -1.83259571
vt 3.40339208 -1.83259571
vt 3.40339208 -1.57079637
vt 3.66519141 -1.83259571
vt 3.40339208 -1.57079637
vt 3.66519141 -1.57079637
vt 3.66519141 -1.83259571
vt 3.66519141 -1.83259571
vt 3.66519141 -1.57079637
vt 3.92699075 -1.83259571
vt 3.66519141 -1.57079637
vt 3.92699075 -1.57079637
vt 3.92699075 -1.83259571
vt 3.92699075 -1.83259571
vt 3.92699075 -1.57079637
vt 4.18879032 -1.83259571
vt 3.92699075 -1.57079637
vt 4.18879032 -1.57079637
vt 4.18879032 -1.83259571
vt 4.18879032 -1.83259571
vt 4.18879032 -1.57079637
vt 4.45058966 -1.83259571
vt 4.18879032 -1.57079637
vt 4.45058966 -1.57079637
vt 4.45058966 -1.83259571
vt 4.45058966 -1.83259571
vt 4.45058966 -1.57079637
vt 4.71238899 -1.83259571
vt 4.45058966 -1.57079637
vt 4.71238899 -1.57079637
vt 4.71238899 -1.83259571
vt 4.71238899 -1.83259571
vt 4.71238899 -1.57079637
vt 4.97418833 -1.83259571
vt 4.71238899 -1.57079637
vt 4.97418833 -1.57079637
vt 4.97418833 -1.83259571
vt 4.97418833 -1.83259571
vt 4.97418833 -1.57079637
vt 5.23598766 -1.83259571
vt 4.97418833 -1.57079637
vt 5.23598766 -1.57079637
vt 5.23598766 -1.83259571
vt 5.23598766 -1.83259571
vt 5.23598766 -1.57079637
vt 5.49778700 -1.83259571
vt 5.23598766 -1.57079637
vt 5.49778700 -1.57079637
vt 5.49778700 -1.83259571
vt 5.49778700 -1.83259571
vt 5.49778700 -1.57079637
vt 5.75958633 -1.83259571
vt 5.49778700 -1.57079637
vt 5.75958633 -1.57079637
vt 5.75958633 -1.83259571
vt 5.75958633 -1.83259571
vt 5.75958633 -1.57079637
vt 6.02138615 -1.83259571
vt 5.75958633 -1.57079637
vt 6.02138615 -1.57079637
vt 6.02138615 -1.83259571
vt 6.02138615 -1.83259571
vt 6.02138615 -1.57079637
vt 6.28318548 -1.83259571
vt 6.02138615 -1.57079637
vt 6.28318548 -1.57079637
vt 6.28318548 -1.83259571
vt 6.28318548 -1.83259571
vt 6.28318548 -1.57079637
vt 6.54498482 -1.83259571
vt 6.28318548 -1.57079637
vt 6.54498482 -1.57079637
vt 6.54498482 -1.83259571
vt -0.01822464 -0.01178061
vt -0.01822175 -0.01195868
vt -0.02372175 -0.01195868
vt -0.01996062 -0.00794572
vt -0.01905015 -0.00905591
vt -0.02372175 -0.01195868
vt -0.01905015 -0.00905591
vt -0.01845803 -0.01036392
vt -0.02372175 -0.01195868
vt -0.02372175 -0.01195868
vt -0.01845803 -0.01036392
vt -0.01822464 -0.01178061
vt -0.02389983 -0.00646157
vt -0.02247100 -0.00660279
vt -0.02372175 -0.01195868
vt -0.02247100 -0.00660279
vt -0.02112741 -0.00710901
vt -0.02372175 -0.01195868
vt -0.02372175 -0.01195868
vt -0.02112741 -0.00710901
vt -0.01996062 -0.00794572
vt -0.02773472 -0.00819755
vt -0.02662453 -0.00728708
vt -0.02372175 -0.01195868
vt -0.02662453 -0.00728708
vt -0.02531652 -0.00669497
vt -0.02372175 -0.01195868
vt -0.02372175 -0.01195868
vt -0.02531652 -0.00669497
vt -0.02389983 -0.00646157
vt -0.02921887 -0.01213676
vt -0.02907765 -0.01070793
vt -0.02372175 -0.01195868
vt -0.02907765 -0.01070793
vt -0.02857143 -0.00936434
vt -0.02372175 -0.01195868
vt -0.02372175 -0.01195868
vt -0.02857143 -0.00936434
vt -0.02773472 -0.00819755
vt -0.02748288 -0.01597165
vt -0.02839336 -0.01486146
vt -0.02372175 -0.01195868
vt -0.02839336 -0.01486146
vt -0.02898547 -0.01355345
vt -0.02372175 -0.01195868
vt -0.02372175 -0.01195868
vt -0.02898547 -0.01355345
vt -0.02921887 -0.01213676
vt -0.02354368 -0.01745580
vt -0.02497251 -0.01731458
vt -0.02372175 -0.01195868
vt -0.02497251 -0.01731458
vt -0.02631610 -0.01680836
vt -0.02372175 -0.01195868
vt -0.02372175 -0.01195868
vt -0.02631610 -0.01680836
vt -0.02748288 -0.01597165
vt -0.01970879 -0.01571982
vt -0.02081898 -0.01663029
vt -0.02372175 -0.01195868
vt -0.02081898 -0.01663029
vt -0.02212699 -0.01722240
vt -0.02372175 -0.01195868
vt -0.02372175 -0.01195868
vt -0.02212699 -0.01722240
vt -0.02354368 -0.01745580
vt -0.01822175 -0.01195868
vt -0.01836586 -0.01320944
vt -0.02372175 -0.01195868
vt -0.01836586 -0.01320944
vt -0.01887207 -0.01455303
vt -0.02372175 -0.01195868
vt -0.02372175 -0.01195868
vt -0.01887207 -0.01455303
vt -0.01970879 -0.01571982
vt -0.09387790 -0.00988812
vt -0.09262715 -0.01003223
vt -0.09262715 -0.00453223
vt -0.09729875 -0.00743500
vt -0.09638827 -0.00854519
vt -0.09262715 -0.00453223
vt -0.09638827 -0.00854519
vt -0.09522148 -0.00938191
vt -0.09262715 -0.00453223
vt -0.09262715 -0.00453223
vt -0.09522148 -0.00938191
vt -0.09387790 -0.00988812
vt -0.09798304 -0.00328148
vt -0.09812426 -0.00471030
vt -0.09262715 -0.00453223
vt -0.09812426 -0.00471030
vt -0.09789086 -0.00612699
vt -0.09262715 -0.00453223
vt -0.09262715 -0.00453223
vt -0.09789086 -0.00612699
vt -0.09729875 -0.00743500
vt -0.09552991 0.00013938
vt -0.09664011 -0.00077110
vt -0.09262715 -0.00453223
vt -0.09664011 -0.00077110
vt -0.09747682 -0.00193789
vt -0.09262715 -0.00453223
vt -0.09262715 -0.00453223
vt -0.09747682 -0.00193789
vt -0.09798304 -0.00328148
vt -0.09137639 0.00082367
vt -0.09280521 0.00096489
vt -0.09262715 -0.00453223
vt -0.09280521 0.00096489
vt -0.09422190 0.00073149
vt -0.09262715 -0.00453223
vt -0.09262715 -0.00453223
vt -0.09422190 0.00073149
vt -0.09552991 0.00013938
vt -0.08795553 -0.00162946
vt -0.08886601 -0.00051926
vt -0.09262715 -0.00453223
vt -0.08886601 -0.00051926
vt -0.09003280 0.00031745
vt -0.09262715 -0.00453223
vt -0.09262715 -0.00453223
vt -0.09003280 0.00031745
vt -0.09137639 0.00082367
vt -0.08727124 -0.00578298
vt -0.08713003 -0.00435416
vt -0.09262715 -0.00453223
vt -0.08713003 -0.00435416
vt -0.08736342 -0.00293747
vt -0.09262715 -0.00453223
vt -0.09262715 -0.00453223
vt -0.08736342 -0.00293747
vt -0.08795553 -0.00162946
vt -0.08972437 -0.00920384
vt -0.08861417 -0.00829336
vt -0.09262715 -0.00453223
vt -0.08861417 -0.00829336
vt -0.08777747 -0.00712657
vt -0.09262715 -0.00453223
vt -0.09262715 -0.00453223
vt -0.08777747 -0.00712657
vt -0.08727124 -0.00578298
vt -0.09262715 -0.01003223
vt -0.09244907 -0.01002935
vt -0.09262715 -0.00453223
vt -0.09244907 -0.01002935
vt -0.09103238 -0.00979595
vt -0.09262715 -0.00453223
vt -0.09262715 -0.00453223
vt -0.09103238 -0.00979595
vt -0.08972437 -0.00920384
vt 0.26179940 -3.14159274
vt 0.26179940 -2.87979317
vt 0.52359879 -3.14159274
vt 0.26179940 -2.87979317
vt 0.52359879 -2.87979317
vt 0.52359879 -3.14159274
vt 0.52359879 -3.14159274
vt 0.52359879 -2.87979317
vt 0.78539819 -3.14159274
vt 0.52359879 -2.87979317
vt 0.78539819 -2.87979317
vt 0.78539819 -3.14159274
vt 0.78539819 -3.14159274
vt 0.78539819 -2.87979317
vt 1.04719758 -3.14159274
vt 0.78539819 -2.87979317
vt 1.04719758 -2.87979317
vt 1.04719758 -3.14159274
vt 1.04719758 -3.14159274
vt 1.04719758 -2.87979317
vt 1.30899692 -3.14159274
vt 1.04719758 -2.87979317
vt 1.30899692 -2.87979317
vt 1.30899692 -3.14159274
vt 1.30899692 -3.14159274
vt 1.30899692 -2.87979317
vt 1.57079637 -3.14159274
vt 1.30899692 -2.87979317
vt 1.57079637 -2.87979317
vt 1.57079637 -3.14159274
vt 1.57079637 -3.14159274
vt 1.57079637 -2.87979317
vt 1.83259571 -3.14159274
vt 1.57079637 -2.87979317
vt 1.83259571 -2.87979317
vt 1.83259571 -3.14159274
vt 1.83259571 -3.14159274
vt 1.83259571 -2.87979317
vt 2.09439516 -3.14159274
vt 1.83259571 -2.87979317
vt 2.09439516 -2.87979317
vt 2.09439516 -3.14159274
vt 2.09439516 -3.14159274
vt 2.09439516 -2.87979317
vt 2.35619450 -3.14159274
vt 2.09439516 -2.87979317
vt 2.35619450 -2.87979317
vt 2.35619450 -3.14159274
vt 2.35619450 -3.14159274
vt 2.35619450 -2.87979317
vt 2.61799383 -3.14159274
vt 2.35619450 -2.87979317
vt 2.61799383 -2.87979317
vt 2.61799383 -3.14159274
vt 2.61799383 -3.14159274
vt 2.61799383 -2.87979317
vt 2.87979317 -3.14159274
vt 2.61799383 -2.87979317
vt 2.87979317 -2.87979317
vt 2.87979317 -3.14159274
vt 2.87979317 -3.14159274
vt 2.87979317 -2.87979317
vt 3.14159274 -3.14159274
vt 2.87979317 -2.87979317
vt 3.14159274 -2.87979317
vt 3.14159274 -3.14159274
vt 3.14159274 -3.14159274
vt 3.14159274 -2.87979317
vt 3.40339208 -3.14159274
vt 3.14159274 -2.87979317
vt 3.40339208 -2.87979317
vt 3.40339208 -3.14159274
vt 3.40339208 -3.14159274
vt 3.40339208 -2.87979317
vt 3.66519141 -3.14159274
vt 3.40339208 -2.87979317
vt 3.66519141 -2.87979317
vt 3.66519141 -3.14159274
vt 3.66519141 -3.14159274
vt 3.66519141 -2.87979317
vt 3.92699075 -3.14159274
vt 3.66519141 -2.87979317
vt 3.92699075 -2.87979317
vt 3.92699075 -3.14159274
vt 3.92699075 -3.14159274
vt 3.92699075 -2.87979317
vt 4.18879032 -3.14159274
vt 3.92699075 -2.87979317
vt 4.18879032 -2.87979317
vt 4.18879032 -3.14159274
vt 4.18879032 -3.14159274
vt 4.18879032 -2.87979317
vt 4.45058966 -3.14159274
vt 4.18879032 -2.87979317
vt 4.45058966 -2.87979317
vt 4.45058966 -3.14159274
vt 4.45058966 -3.14159274
vt 4.45058966 -2.87979317
vt 4.71238899 -3.14159274
vt 4.45058966 -2.87979317
vt 4.71238899 -2.87979317
vt 4.71238899 -3.14159274
vt 4.71238899 -3.14159274
vt 4.71238899 -2.87979317
vt 4.97418833 -3.14159274
vt 4.71238899 -2.87979317
vt 4.97418833 -2.87979317
vt 4.97418833 -3.14159274
vt 4.97418833 -3.14159274
vt 4.97418833 -2.87979317
vt 5.23598766 -3.14159274
vt 4.97418833 -2.87979317
vt 5.23598766 -2.87979317
vt 5.23598766 -3.14159274
vt 5.23598766 -3.14159274
vt 5.23598766 -2.87979317
vt 5.49778700 -3.14159274
vt 5.23598766 -2.87979317
vt 5.49778700 -2.87979317
vt 5.49778700 -3.14159274
vt 5.49778700 -3.14159274
vt 5.49778700 -2.87979317
vt 5.75958633 -3.14159274
vt 5.49778700 -2.87979317
vt 5.75958633 -2.87979317
vt 5.75958633 -3.14159274
vt 5.75958633 -3.14159274
vt 5.75958633 -2.87979317
vt 6.02138615 -3.14159274
vt 5.75958633 -2.87979317
vt 6.02138615 -2.87979317
vt 6.02138615 -3.14159274
vt 6.02138615 -3.14159274
vt 6.02138615 -2.87979317
vt 6.28318548 -3.14159274
vt 6.02138615 -2.87979317
vt 6.28318548 -2.87979317
vt 6.28318548 -3.14159274
vt 6.28318548 -3.14159274
vt 6.28318548 -2.87979317
vt 6.54498482 -3.14159274
vt 6.28318548 -2.87979317
vt 6.54498482 -2.87979317
vt 6.54498482 -3.14159274
vt 0.26179940 -2.87979317
vt 0.26179940 -2.61799383
vt 0.52359879 -2.87979317
vt 0.26179940 -2.61799383
vt 0.52359879 -2.61799383
vt 0.52359879 -2.87979317
vt 0.52359879 -2.87979317
vt 0.52359879 -2.61799383
vt 0.78539819 -2.87979317
vt 0.52359879 -2.61799383
vt 0.78539819 -2.61799383
vt 0.78539819 -2.87979317
vt 0.78539819 -2.87979317
vt 0.78539819 -2.61799383
vt 1.04719758 -2.87979317
vt 0.78539819 -2.61799383
vt 1.04719758 -2.61799383
vt 1.04719758 -2.87979317
vt 1.04719758 -2.87979317
vt 1.04719758 -2.61799383
vt 1.30899692 -2.87979317
vt 1.04719758 -2.61799383
vt 1.30899692 -2.61799383
vt 1.30899692 -2.87979317
vt 1.30899692 -2.87979317
vt 1.30899692 -2.61799383
vt 1.57079637 -2.87979317
vt 1.30899692 -2.61799383
vt 1.57079637 -2.61799383
vt 1.57079637 -2.87979317
vt 1.57079637 -2.87979317
vt 1.57079637 -2.61799383
vt 1.83259571 -2.87979317
vt 1.57079637 -2.61799383
vt 1.83259571 -2.61799383
vt 1.83259571 -2.87979317
vt 1.83259571 -2.87979317
vt 1.83259571 -2.61799383
vt 2.09439516 -2.87979317
vt 1.83259571 -2.61799383
vt 2.09439516 -2.61799383
vt 2.09439516 -2.87979317
vt 2.09439516 -2.87979317
vt 2.09439516 -2.61799383
vt 2.35619450 -2.87979317
vt 2.09439516 -2.61799383
vt 2.35619450 -2.61799383
vt 2.35619450 -2.87979317
vt 2.35619450 -2.87979317
vt 2.35619450 -2.61799383
vt 2.61799383 -2.87979317
vt 2.35619450 -2.61799383
vt 2.61799383 -2.61799383
vt 2.61799383 -2.87979317
vt 2.61799383 -2.87979317
vt 2.61799383 -2.61799383
vt 2.87979317 -2.87979317
vt 2.61799383 -2.61799383
vt 2.87979317 -2.61799383
vt 2.87979317 -2.87979317
vt 2.87979317 -2.87979317
vt 2.87979317 -2.61799383
vt 3.14159274 -2.87979317
vt 2.87979317 -2.61799383
vt 3.14159274 -2.61799383
vt 3.14159274 -2.87979317
vt 3.14159274 -2.87979317
vt 3.14159274 -2.61799383
vt 3.40339208 -2.87979317
vt 3.14159274 -2.61799383
vt 3.40339208 -2.61799383
vt 3.40339208 -2.87979317
vt 3.40339208 -2.87979317
vt 3.40339208 -2.61799383
vt 3.66519141 -2.87979317
vt 3.40339208 -2.61799383
vt 3.66519141 -2.61799383
vt 3.66519141 -2.87979317
vt 3.66519141 -2.87979317
vt 3.66519141 -2.61799383
vt 3.92699075 -2.87979317
vt 3.66519141 -2.61799383
vt 3.92699075 -2.61799383
vt 3.92699075 -2.87979317
vt 3.92699075 -2.87979317
vt 3.92699075 -2.61799383
vt 4.18879032 -2.87979317
vt 3.92699075 -2.61799383
vt 4.18879032 -2.61799383
vt 4.18879032 -2.87979317
vt 4.18879032 -2.87979317
vt 4.18879032 -2.61799383
vt 4.45058966 -2.87979317
vt 4.18879032 -2.61799383
vt 4.45058966 -2.61799383
vt 4.45058966 -2.87979317
vt 4.45058966 -2.87979317
vt 4.45058966 -2.61799383
vt 4.71238899 -2.87979317
vt 4.45058966 -2.61799383
vt 4.71238899 -2.61799383
vt 4.71238899 -2.87979317
vt 4.71238899 -2.87979317
vt 4.71238899 -2.61799383
vt 4.97418833 -2.87979317
vt 4.71238899 -2.61799383
vt 4.97418833 -2.61799383
vt 4.97418833 -2.87979317
vt 4.97418833 -2.87979317
vt 4.97418833 -2.61799383
vt 5.23598766 -2.87979317
vt 4.97418833 -2.61799383
vt 5.23598766 -2.61799383
vt 5.23598766 -2.87979317
vt 5.23598766 -2.87979317
vt 5.23598766 -2.61799383
vt 5.49778700 -2.87979317
vt 5.23598766 -2.61799383
vt 5.49778700 -2.61799383
vt 5.49778700 -2.87979317
vt 5.49778700 -2.87979317
vt 5.49778700 -2.61799383
vt 5.75958633 -2.87979317
vt 5.49778700 -2.61799383
vt 5.75958633 -2.61799383
vt 5.75958633 -2.87979317
vt 5.75958633 -2.87979317
vt 5.75958633 -2.61799383
vt 6.02138615 -2.87979317
vt 5.75958633 -2.61799383
vt 6.02138615 -2.61799383
vt 6.02138615 -2.87979317
vt 6.02138615 -2.87979317
vt 6.02138615 -2.61799383
vt 6.28318548 -2.87979317
vt 6.02138615 -2.61799383
vt 6.28318548 -2.61799383
vt 6.28318548 -2.87979317
vt 6.28318548 -2.87979317
vt 6.28318548 -2.61799383
vt 6.54498482 -2.87979317
vt 6.28318548 -2.61799383
vt 6.54498482 -2.61799383
vt 6.54498482 -2.87979317
vt 0.26179940 -2.61799383
vt 0.26179940 -2.35619450
vt 0.52359879 -2.61799383
vt 0.26179940 -2.35619450
vt 0.52359879 -2.35619450
vt 0.52359879 -2.61799383
vt 0.52359879 -2.61799383
vt 0.52359879 -2.35619450
vt 0.78539819 -2.61799383
vt 0.52359879 -2.35619450
vt 0.78539819 -2.35619450
vt 0.78539819 -2.61799383
vt 0.78539819 -2.61799383
vt 0.78539819 -2.35619450
vt 1.04719758 -2.61799383
vt 0.78539819 -2.35619450
vt 1.04719758 -2.35619450
vt 1.04719758 -2.61799383
vt 1.04719758 -2.61799383
vt 1.04719758 -2.35619450
vt 1.30899692 -2.61799383
vt 1.04719758 -2.35619450
vt 1.30899692 -2.35619450
vt 1.30899692 -2.61799383
vt 1.30899692 -2.61799383
vt 1.30899692 -2.35619450
vt 1.57079637 -2.61799383
vt 1.30899692 -2.35619450
vt 1.57079637 -2.35619450
vt 1.57079637 -2.61799383
vt 1.57079637 -2.61799383
vt 1.57079637 -2.35619450
vt 1.83259571 -2.61799383
vt 1.57079637 -2.35619450
vt 1.83259571 -2.35619450
vt 1.83259571 -2.61799383
vt 1.83259571 -2.61799383
vt 1.83259571 -2.35619450
vt 2.09439516 -2.61799383
vt 1.83259571 -2.35619450
vt 2.09439516 -2.35619450
vt 2.09439516 -2.61799383
vt 2.09439516 -2.61799383
vt 2.09439516 -2.35619450
vt 2.35619450 -2.61799383
vt 2.09439516 -2.35619450
vt 2.35619450 -2.35619450
vt 2.35619450 -2.61799383
vt 2.35619450 -2.61799383
vt 2.35619450 -2.35619450
vt 2.61799383 -2.61799383
vt 2.35619450 -2.35619450
vt 2.61799383 -2.35619450
vt 2.61799383 -2.61799383
vt 2.61799383 -2.61799383
vt 2.61799383 -2.35619450
vt 2.87979317 -2.61799383
vt 2.61799383 -2.35619450
vt 2.87979317 -2.35619450
vt 2.87979317 -2.61799383
vt 2.87979317 -2.61799383
vt 2.87979317 -2.35619450
vt 3.14159274 -2.61799383
vt 2.87979317 -2.35619450
vt 3.14159274 -2.35619450
vt 3.14159274 -2.61799383
vt 3.14159274 -2.61799383
vt 3.14159274 -2.35619450
vt 3.40339208 -2.61799383
vt 3.14159274 -2.35619450
vt 3.40339208 -2.35619450
vt 3.40339208 -2.61799383
vt 3.40339208 -2.61799383
vt 3.40339208 -2.35619450
vt 3.66519141 -2.61799383
vt 3.40339208 -2.35619450
vt 3.66519141 -2.35619450
vt 3.66519141 -2.61799383
vt 3.66519141 -2.61799383
vt 3.66519141 -2.35619450
vt 3.92699075 -2.61799383
vt 3.66519141 -2.35619450
vt 3.92699075 -2.35619450
vt 3.92699075 -2.61799383
vt 3.92699075 -2.61799383
vt 3.92699075 -2.35619450
vt 4.18879032 -2.61799383
vt 3.92699075 -2.35619450
vt 4.18879032 -2.35619450
vt 4.18879032 -2.61799383
vt 4.18879032 -2.61799383
vt 4.18879032 -2.35619450
vt 4.45058966 -2.61799383
vt 4.18879032 -2.35619450
vt 4.45058966 -2.35619450
vt 4.45058966 -2.61799383
vt 4.45058966 -2.61799383
vt 4.45058966 -2.35619450
vt 4.71238899 -2.61799383
vt 4.45058966 -2.35619450
vt 4.71238899 -2.35619450
vt 4.71238899 -2.61799383
vt 4.71238899 -2.61799383
vt 4.71238899 -2.35619450
vt 4.97418833 -2.61799383
vt 4.71238899 -2.35619450
vt 4.97418833 -2.35619450
vt 4.97418833 -2.61799383
vt 4.97418833 -2.61799383
vt 4.97418833 -2.35619450
vt 5.23598766 -2.61799383
vt 4.97418833 -2.35619450
vt 5.23598766 -2.35619450
vt 5.23598766 -2.61799383
vt 5.23598766 -2.61799383
vt 5.23598766 -2.35619450
vt 5.49778700 -2.61799383
vt 5.23598766 -2.35619450
vt 5.49778700 -2.35619450
vt 5.49778700 -2.61799383
vt 5.49778700 -2.61799383
vt 5.49778700 -2.35619450
vt 5.75958633 -2.61799383
vt 5.49778700 -2.35619450
vt 5.75958633 -2.35619450
vt 5.75958633 -2.61799383
vt 5.75958633 -2.61799383
vt 5.75958633 -2.35619450
vt 6.02138615 -2.61799383
vt 5.75958633 -2.35619450
vt 6.02138615 -2.35619450
vt 6.02138615 -2.61799383
vt 6.02138615 -2.61799383
vt 6.02138615 -2.35619450
vt 6.28318548 -2.61799383
vt 6.02138615 -2.35619450
vt 6.28318548 -2.35619450
vt 6.28318548 -2.61799383
vt 6.28318548 -2.61799383
vt 6.28318548 -2.35619450
vt 6.54498482 -2.61799383
vt 6.28318548 -2.35619450
vt 6.54498482 -2.35619450
vt 6.54498482 -2.61799383
vt 0.26179940 -2.35619450
vt 0.26179940 -2.09439516
vt 0.52359879 -2.35619450
vt 0.26179940 -2.09439516
vt 0.52359879 -2.09439516
vt 0.52359879 -2.35619450
vt 0.52359879 -2.35619450
vt 0.52359879 -2.09439516
vt 0.78539819 -2.35619450
vt 0.52359879 -2.09439516
vt 0.78539819 -2.09439516
vt 0.78539819 -2.35619450
vt 0.78539819 -2.35619450
vt 0.78539819 -2.09439516
vt 1.04719758 -2.35619450
vt 0.78539819 -2.09439516
vt 1.04719758 -2.09439516
vt 1.04719758 -2.35619450
vt 1.04719758 -2.35619450
vt 1.04719758 -2.09439516
vt 1.30899692 -2.35619450
vt 1.04719758 -2.09439516
vt 1.30899692 -2.09439516
vt 1.30899692 -2.35619450
vt 1.30899692 -2.35619450
vt 1.30899692 -2.09439516
vt 1.57079637 -2.35619450
vt 1.30899692 -2.09439516
vt 1.57079637 -2.09439516
vt 1.57079637 -2.35619450
vt 1.57079637 -2.35619450
vt 1.57079637 -2.09439516
vt 1.83259571 -2.35619450
vt 1.57079637 -2.09439516
vt 1.83259571 -2.09439516
vt 1.83259571 -2.35619450
vt 1.83259571 -2.35619450
vt 1.83259571 -2.09439516
vt 2.09439516 -2.35619450
vt 1.83259571 -2.09439516
vt 2.09439516 -2.09439516
vt 2.09439516 -2.35619450
vt 2.09439516 -2.35619450
vt 2.09439516 -2.09439516
vt 2.35619450 -2.35619450
vt 2.09439516 -2.09439516
vt 2.35619450 -2.09439516
vt 2.35619450 -2.35619450
vt 2.35619450 -2.35619450
vt 2.35619450 -2.09439516
vt 2.61799383 -2.35619450
vt 2.35619450 -2.09439516
vt 2.61799383 -2.09439516
vt 2.61799383 -2.35619450
vt 2.61799383 -2.35619450
vt 2.61799383 -2.09439516
vt 2.87979317 -2.35619450
vt 2.61799383 -2.09439516
vt 2.87979317 -2.09439516
vt 2.87979317 -2.35619450
vt 2.87979317 -2.35619450
vt 2.87979317 -2.09439516
vt 3.14159274 -2.35619450
vt 2.87979317 -2.09439516
vt 3.14159274 -2.09439516
vt 3.14159274 -2.35619450
vt 3.14159274 -2.35619450
vt 3.14159274 -2.09439516
vt 3.40339208 -2.35619450
vt 3.14159274 -2.09439516
vt 3.40339208 -2.09439516
vt 3.40339208 -2.35619450
vt 3.40339208 -2.35619450
vt 3.40339208 -2.09439516
vt 3.66519141 -2.35619450
vt 3.40339208 -2.09439516
vt 3.66519141 -2.09439516
vt 3.66519141 -2.35619450
vt 3.66519141 -2.35619450
vt 3.66519141 -2.09439516
vt 3.92699075 -2.35619450
vt 3.66519141 -2.09439516
vt 3.92699075 -2.09439516
vt 3.92699075 -2.35619450
vt 3.92699075 -2.35619450
vt 3.92699075 -2.09439516
vt 4.18879032 -2.35619450
vt 3.92699075 -2.09439516
vt 4.18879032 -2.09439516
vt 4.18879032 -2.35619450
vt 4.18879032 -2.35619450
vt 4.18879032 -2.09439516
vt 4.45058966 -2.35619450
vt 4.18879032 -2.09439516
vt 4.45058966 -2.09439516
vt 4.45058966 -2.35619450
vt 4.45058966 -2.35619450
vt 4.45058966 -2.09439516
vt 4.71238899 -2.35619450
vt 4.45058966 -2.09439516
vt 4.71238899 -2.09439516
vt 4.71238899 -2.35619450
vt 4.71238899 -2.35619450
vt 4.71238899 -2.09439516
vt 4.97418833 -2.35619450
vt 4.71238899 -2.09439516
vt 4.97418833 -2.09439516
vt 4.97418833 -2.35619450
vt 4.97418833 -2.35619450
vt 4.97418833 -2.09439516
vt 5.23598766 -2.35619450
vt 4.97418833 -2.09439516
vt 5.23598766 -2.09439516
vt 5.23598766 -2.35619450
vt 5.23598766 -2.35619450
vt 5.23598766 -2.09439516
vt 5.49778700 -2.35619450
vt 5.23598766 -2.09439516
vt 5.49778700 -2.09439516
vt 5.49778700 -2.35619450
vt 5.49778700 -2.35619450
vt 5.49778700 -2.09439516
vt 5.75958633 -2.35619450
vt 5.49778700 -2.09439516
vt 5.75958633 -2.09439516
vt 5.75958633 -2.35619450
vt 5.75958633 -2.35619450
vt 5.75958633 -2.09439516
vt 6.02138615 -2.35619450
vt 5.75958633 -2.09439516
vt 6.02138615 -2.09439516
vt 6.02138615 -2.35619450
vt 6.02138615 -2.35619450
vt 6.02138615 -2.09439516
vt 6.28318548 -2.35619450
vt 6.02138615 -2.09439516
vt 6.28318548 -2.09439516
vt 6.28318548 -2.35619450
vt 6.28318548 -2.35619450
vt 6.28318548 -2.09439516
vt 6.54498482 -2.35619450
vt 6.28318548 -2.09439516
vt 6.54498482 -2.09439516
vt 6.54498482 -2.35619450
vt 0.26179940 -2.09439516
vt 0.26179940 -1.83259571
vt 0.52359879 -2.09439516
vt 0.26179940 -1.83259571
vt 0.52359879 -1.83259571
vt 0.52359879 -2.09439516
vt 0.52359879 -2.09439516
vt 0.52359879 -1.83259571
vt 0.78539819 -2.09439516
vt 0.52359879 -1.83259571
vt 0.78539819 -1.83259571
vt 0.78539819 -2.09439516
vt 0.78539819 -2.09439516
vt 0.78539819 -1.83259571
vt 1.04719758 -2.09439516
vt 0.78539819 -1.83259571
vt 1.04719758 -1.83259571
vt 1.04719758 -2.09439516
vt 1.04719758 -2.09439516
vt 1.04719758 -1.83259571
vt 1.30899692 -2.09439516
vt 1.04719758 -1.83259571
vt 1.30899692 -1.83259571
vt 1.30899692 -2.09439516
vt 1.30899692 -2.09439516
vt 1.30899692 -1.83259571
vt 1.57079637 -2.09439516
vt 1.30899692 -1.83259571
vt 1.57079637 -1.83259571
vt 1.57079637 -2.09439516
vt 1.57079637 -2.09439516
vt 1.57079637 -1.83259571
vt 1.83259571 -2.09439516
vt 1.57079637 -1.83259571
vt 1.83259571 -1.83259571
vt 1.83259571 -2.09439516
vt 1.83259571 -2.09439516
vt 1.83259571 -1.83259571
vt 2.09439516 -2.09439516
vt 1.83259571 -1.83259571
vt 2.09439516 -1.83259571
vt 2.09439516 -2.09439516
vt 2.09439516 -2.09439516
vt 2.09439516 -1.83259571
vt 2.35619450 -2.09439516
vt 2.09439516 -1.83259571
vt 2.35619450 -1.83259571
vt 2.35619450 -2.09439516
vt 2.35619450 -2.09439516
vt 2.35619450 -1.83259571
vt 2.61799383 -2.09439516
vt 2.35619450 -1.83259571
vt 2.61799383 -1.83259571
vt 2.61799383 -2.09439516
vt 2.61799383 -2.09439516
vt 2.61799383 -1.83259571
vt 2.87979317 -2.09439516
vt 2.61799383 -1.83259571
vt 2.87979317 -1.83259571
vt 2.87979317 -2.09439516
vt 2.87979317 -2.09439516
vt 2.87979317 -1.83259571
vt 3.14159274 -2.09439516
vt 2.87979317 -1.83259571
vt 3.14159274 -1.83259571
vt 3.14159274 -2.09439516
vt 3.14159274 -2.09439516
vt 3.14159274 -1.83259571
vt 3.40339208 -2.09439516
vt 3.14159274 -1.83259571
vt 3.40339208 -1.83259571
vt 3.40339208 -2.09439516
vt 3.40339208 -2.09439516
vt 3.40339208 -1.83259571
vt 3.66519141 -2.09439516
vt 3.40339208 -1.83259571
vt 3.66519141 -1.83259571
vt 3.66519141 -2.09439516
vt 3.66519141 -2.09439516
vt 3.66519141 -1.83259571
vt 3.92699075 -2.09439516
vt 3.66519141 -1.83259571
vt 3.92699075 -1.83259571
vt 3.92699075 -2.09439516
vt 3.92699075 -2.09439516
vt 3.92699075 -1.83259571
vt 4.18879032 -2.09439516
vt 3.92699075 -1.83259571
vt 4.18879032 -1.83259571
vt 4.18879032 -2.09439516
vt 4.18879032 -2.09439516
vt 4.18879032 -1.83259571
vt 4.45058966 -2.09439516
vt 4.18879032 -1.83259571
vt 4.45058966 -1.83259571
vt 4.45058966 -2.09439516
vt 4.45058966 -2.09439516
vt 4.45058966 -1.83259571
vt 4.71238899 -2.09439516
vt 4.45058966 -1.83259571
vt 4.71238899 -1.83259571
vt 4.71238899 -2.09439516
vt 4.71238899 -2.09439516
vt 4.71238899 -1.83259571
vt 4.97418833 -2.09439516
vt 4.71238899 -1.83259571
vt 4.97418833 -1.83259571
vt 4.97418833 -2.09439516
vt 4.97418833 -2.09439516
vt 4.97418833 -1.83259571
vt 5.23598766 -2.09439516
vt 4.97418833 -1.83259571
vt 5.23598766 -1.83259571
vt 5.23598766 -2.09439516
vt 5.23598766 -2.09439516
vt 5.23598766 -1.83259571
vt 5.49778700 -2.09439516
vt 5.23598766 -1.83259571
vt 5.49778700 -1.83259571
vt 5.49778700 -2.09439516
vt 5.49778700 -2.09439516
vt 5.49778700 -1.83259571
vt 5.75958633 -2.09439516
vt 5.49778700 -1.83259571
vt 5.75958633 -1.83259571
vt 5.75958633 -2.09439516
vt 5.75958633 -2.09439516
vt 5.75958633 -1.83259571
vt 6.02138615 -2.09439516
vt 5.75958633 -1.83259571
vt 6.02138615 -1.83259571
vt 6.02138615 -2.09439516
vt 6.02138615 -2.09439516
vt 6.02138615 -1.83259571
vt 6.28318548 -2.09439516
vt 6.02138615 -1.83259571
vt 6.28318548 -1.83259571
vt 6.28318548 -2.09439516
vt 6.28318548 -2.09439516
vt 6.28318548 -1.83259571
vt 6.54498482 -2.09439516
vt 6.28318548 -1.83259571
vt 6.54498482 -1.83259571
vt 6.54498482 -2.09439516
vt 0.26179940 -1.83259571
vt 0.26179940 -1.57079637
vt 0.52359879 -1.83259571
vt 0.26179940 -1.57079637
vt 0.52359879 -1.57079637
vt 0.52359879 -1.83259571
vt 0.52359879 -1.83259571
vt 0.52359879 -1.57079637
vt 0.78539819 -1.83259571
vt 0.52359879 -1.57079637
vt 0.78539819 -1.57079637
vt 0.78539819 -1.83259571
vt 0.78539819 -1.83259571
vt 0.78539819 -1.57079637
vt 1.04719758 -1.83259571
vt 0.78539819 -1.57079637
vt 1.04719758 -1.57079637
vt 1.04719758 -1.83259571
vt 1.04719758 -1.83259571
vt 1.04719758 -1.57079637
vt 1.30899692 -1.83259571
vt 1.04719758 -1.57079637
vt 1.30899692 -1.57079637
vt 1.30899692 -1.83259571
vt 1.30899692 -1.83259571
vt 1.30899692 -1.57079637
vt 1.57079637 -1.83259571
vt 1.30899692 -1.57079637
vt 1.57079637 -1.57079637
vt 1.57079637 -1.83259571
vt 1.57079637 -1.83259571
vt 1.57079637 -1.57079637
vt 1.83259571 -1.83259571
vt 1.57079637 -1.57079637
vt 1.83259571 -1.57079637
vt 1.83259571 -1.83259571
vt 1.83259571 -1.83259571
vt 1.83259571 -1.57079637
vt 2.09439516 -1.83259571
vt 1.83259571 -1.57079637
vt 2.09439516 -1.57079637
vt 2.09439516 -1.83259571
vt 2.09439516 -1.83259571
vt 2.09439516 -1.57079637
vt 2.35619450 -1.83259571
vt 2.09439516 -1.57079637
vt 2.35619450 -1.57079637
vt 2.35619450 -1.83259571
vt 2.35619450 -1.83259571
vt 2.35619450 -1.57079637
vt 2.61799383 -1.83259571
vt 2.35619450 -1.57079637
vt 2.61799383 -1.57079637
vt 2.61799383 -1.83259571
vt 2.61799383 -1.83259571
vt 2.61799383 -1.57079637
vt 2.87979317 -1.83259571
vt 2.61799383 -1.57079637
vt 2.87979317 -1.57079637
vt 2.87979317 -1.83259571
vt 2.87979317 -1.83259571
vt 2.87979317 -1.57079637
vt 3.14159274 -1.83259571
vt 2.87979317 -1.57079637
vt 3.14159274 -1.57079637
vt 3.14159274 -1.83259571
vt 3.14159274 -1.83259571
vt 3.14159274 -1.57079637
vt 3.40339208 -1.83259571
vt 3.14159274 -1.57079637
vt 3.40339208 -1.57079637
vt 3.40339208 -1.83259571
vt 3.40339208 -1.83259571
vt 3.40339208 -1.57079637
vt 3.66519141 -1.83259571
vt 3.40339208 -1.57079637
vt 3.66519141 -1.57079637
vt 3.66519141 -1.83259571
vt 3.66519141 -1.83259571
vt 3.66519141 -1.57079637
vt 3.92699075 -1.83259571
vt 3.66519141 -1.57079637
vt 3.92699075 -1.57079637
vt 3.92699075 -1.83259571
vt 3.92699075 -1.83259571
vt 3.92699075 -1.57079637
vt 4.18879032 -1.83259571
vt 3.92699075 -1.57079637
vt 4.18879032 -1.57079637
vt 4.18879032 -1.83259571
vt 4.18879032 -1.83259571
vt 4.18879032 -1.57079637
vt 4.45058966 -1.83259571
vt 4.18879032 -1.57079637
vt 4.45058966 -1.57079637
vt 4.45058966 -1.83259571
vt 4.45058966 -1.83259571
vt 4.45058966 -1.57079637
vt 4.71238899 -1.83259571
vt 4.45058966 -1.57079637
vt 4.71238899 -1.57079637
vt 4.71238899 -1.83259571
vt 4.71238899 -1.83259571
vt 4.71238899 -1.57079637
vt 4.97418833 -1.83259571
vt 4.71238899 -1.57079637
vt 4.97418833 -1.57079637
vt 4.97418833 -1.83259571
vt 4.97418833 -1.83259571
vt 4.97418833 -1.57079637
vt 5.23598766 -1.83259571
vt 4.97418833 -1.57079637
vt 5.23598766 -1.57079637
vt 5.23598766 -1.83259571
vt 5.23598766 -1.83259571
vt 5.23598766 -1.57079637
vt 5.49778700 -1.83259571
vt 5.23598766 -1.57079637
vt 5.49778700 -1.57079637
vt 5.49778700 -1.83259571
vt 5.49778700 -1.83259571
vt 5.49778700 -1.57079637
vt 5.75958633 -1.83259571
vt 5.49778700 -1.57079637
vt 5.75958633 -1.57079637
vt 5.75958633 -1.83259571
vt 5.75958633 -1.83259571
vt 5.75958633 -1.57079637
vt 6.02138615 -1.83259571
vt 5.75958633 -1.57079637
vt 6.02138615 -1.57079637
vt 6.02138615 -1.83259571
vt 6.02138615 -1.83259571
vt 6.02138615 -1.57079637
vt 6.28318548 -1.83259571
vt 6.02138615 -1.57079637
vt 6.28318548 -1.57079637
vt 6.28318548 -1.83259571
vt 6.28318548 -1.83259571
vt 6.28318548 -1.57079637
vt 6.54498482 -1.83259571
vt 6.28318548 -1.57079637
vt 6.54498482 -1.57079637
vt 6.54498482 -1.83259571
vt 0.00200201 0.00149732
vt 0.00154626 0.00196446
vt 0.00000000 0.00000000
vt 0.00154626 0.00196446
vt 0.00098513 0.00229772
vt 0.00000000 0.00000000
vt 0.00000000 0.00000000
vt 0.00098513 0.00229772
vt 0.00035687 0.00247440
vt 0.00247440 -0.00035687
vt 0.00248245 0.00029571
vt 0.00000000 0.00000000
vt 0.00248245 0.00029571
vt 0.00232133 0.00092814
vt 0.00000000 0.00000000
vt 0.00000000 0.00000000
vt 0.00232133 0.00092814
vt 0.00200201 0.00149732
vt 0.00149732 -0.00200201
vt 0.00196446 -0.00154626
vt 0.00000000 0.00000000
vt 0.00196446 -0.00154626
vt 0.00229772 -0.00098513
vt 0.00000000 0.00000000
vt 0.00000000 0.00000000
vt 0.00229772 -0.00098513
vt 0.00247440 -0.00035687
vt -0.00035687 -0.00247440
vt 0.00029571 -0.00248245
vt 0.00000000 0.00000000
vt 0.00029571 -0.00248245
vt 0.00092814 -0.00232133
vt 0.00000000 0.00000000
vt 0.00000000 0.00000000
vt 0.00092814 -0.00232133
vt 0.00149732 -0.00200201
vt -0.00200201 -0.00149732
vt -0.00154626 -0.00196446
vt 0.00000000 0.00000000
vt -0.00154626 -0.00196446
vt -0.00098513 -0.00229772
vt 0.00000000 0.00000000
vt 0.00000000 0.00000000
vt -0.00098513 -0.00229772
vt -0.00035687 -0.00247440
vt -0.00247440 0.00035687
vt -0.00248245 -0.00029571
vt 0.00000000 0.00000000
vt -0.00248245 -0.00029571
vt -0.00232133 -0.00092814
vt 0.00000000 0.00000000
vt 0.00000000 0.00000000
vt -0.00232133 -0.00092814
vt -0.00200201 -0.00149732
vt -0.00149732 0.00200201
vt -0.00196446 0.00154626
vt 0.00000000 0.00000000
vt -0.00196446 0.00154626
vt -0.00229772 0.00098513
vt 0.00000000 0.00000000
vt 0.00000000 0.00000000
vt -0.00229772 0.00098513
vt -0.00247440 0.00035687
vt 0.00035687 0.00247440
vt -0.00029571 0.00248245
vt 0.00000000 0.00000000
vt -0.00029571 0.00248245
vt -0.00092814 0.00232133
vt 0.00000000 0.00000000
vt 0.00000000 0.00000000
vt -0.00092814 0.00232133
vt -0.00149732 0.00200201
vt -0.00149732 0.00200201
vt -0.00092814 0.00232133
vt 0.00000000 0.00000000
vt -0.00092814 0.00232133
vt -0.00029571 0.00248245
vt 0.00000000 0.00000000
vt 0.00000000 0.00000000
vt -0.00029571 0.00248245
vt 0.00035687 0.00247440
vt -0.00247440 0.00035687
vt -0.00229772 0.00098513
vt 0.00000000 0.00000000
vt -0.00229772 0.00098513
vt -0.00196446 0.00154626
vt 0.00000000 0.00000000
vt 0.00000000 0.00000000
vt -0.00196446 0.00154626
vt -0.00149732 0.00200201
vt -0.00200201 -0.00149732
vt -0.00232133 -0.00092814
vt 0.00000000 0.00000000
vt -0.00232133 -0.00092814
vt -0.00248245 -0.00029571
vt 0.00000000 0.00000000
vt 0.00000000 0.00000000
vt -0.00248245 -0.00029571
vt -0.00247440 0.00035687
vt -0.00035687 -0.00247440
vt -0.00098513 -0.00229772
vt 0.00000000 0.00000000
vt -0.00098513 -0.00229772
vt -0.00154626 -0.00196446
vt 0.00000000 0.00000000
vt 0.00000000 0.00000000
vt -0.00154626 -0.00196446
vt -0.00200201 -0.00149732
vt 0.00149732 -0.00200201
vt 0.00092814 -0.00232133
vt 0.00000000 0.00000000
vt 0.00092814 -0.00232133
vt 0.00029571 -0.00248245
vt 0.00000000 0.00000000
vt 0.00000000 0.00000000
vt 0.00029571 -0.00248245
vt -0.00035687 -0.00247440
vt 0.00247440 -0.00035687
vt 0.00229772 -0.00098513
vt 0.00000000 0.00000000
vt 0.00229772 -0.00098513
vt 0.00196446 -0.00154626
vt 0.00000000 0.00000000
vt 0.00000000 0.00000000
vt 0.00196446 -0.00154626
vt 0.00149732 -0.00200201
vt 0.00200201 0.00149732
vt 0.00232133 0.00092814
vt 0.00000000 0.00000000
vt 0.00232133 0.00092814
vt 0.00248245 0.00029571
vt 0.00000000 0.00000000
vt 0.00000000 0.00000000
vt 0.00248245 0.00029571
vt 0.00247440 -0.00035687
vt 0.00035687 0.00247440
vt 0.00098513 0.00229772
vt 0.00000000 0.00000000
vt 0.00098513 0.00229772
vt 0.00154626 0.00196446
vt 0.00000000 0.00000000
vt 0.00000000 0.00000000
vt 0.00154626 0.00196446
vt 0.00200201 0.00149732
vt -0.00872386 0.00550224
vt -0.00872386 0.00600224
vt -0.00836699 0.00547663
vt -0.00872386 0.00600224
vt -0.00829561 0.00597151
vt -0.00836699 0.00547663
vt -0.00836699 0.00547663
vt -0.00829561 0.00597151
vt -0.00773873 0.00529996
vt -0.00829561 0.00597151
vt -0.00754170 0.00575950
vt -0.00773873 0.00529996
vt -0.00773873 0.00529996
vt -0.00754170 0.00575950
vt -0.00717760 0.00496669
vt -0.00754170 0.00575950
vt -0.00686835 0.00535958
vt -0.00717760 0.00496669
vt -0.00717760 0.00496669
vt -0.00686835 0.00535958
vt -0.00672185 0.00449956
vt -0.00686835 0.00535958
vt -0.00632145 0.00479902
vt -0.00672185 0.00449956
vt -0.00672185 0.00449956
vt -0.00632145 0.00479902
vt -0.00640253 0.00393038
vt -0.00632145 0.00479902
vt -0.00593827 0.00411601
vt -0.00640253 0.00393038
vt -0.00640253 0.00393038
vt -0.00593827 0.00411601
vt -0.00624141 0.00329795
vt -0.00593827 0.00411601
vt -0.00574492 0.00335709
vt -0.00624141 0.00329795
vt -0.00624141 0.00329795
vt -0.00574492 0.00335709
vt -0.00624946 0.00264537
vt -0.00574492 0.00335709
vt -0.00575458 0.00257399
vt -0.00624946 0.00264537
vt -0.00624946 0.00264537
vt -0.00575458 0.00257399
vt -0.00642614 0.00201711
vt -0.00575458 0.00257399
vt -0.00596659 0.00182008
vt -0.00642614 0.00201711
vt -0.00642614 0.00201711
vt -0.00596659 0.00182008
vt -0.00675940 0.00145598
vt -0.00596659 0.00182008
vt -0.00636651 0.00114673
vt -0.00675940 0.00145598
vt -0.00675940 0.00145598
vt -0.00636651 0.00114673
vt -0.00722654 0.00100023
vt -0.00636651 0.00114673
vt -0.00692707 0.00059983
vt -0.00722654 0.00100023
vt -0.00722654 0.00100023
vt -0.00692707 0.00059983
vt -0.00779571 0.00068091
vt -0.00692707 0.00059983
vt -0.00761009 0.00021664
vt -0.00779571 0.00068091
vt -0.00779571 0.00068091
vt -0.00761009 0.00021664
vt -0.00842814 0.00051979
vt -0.00761009 0.00021664
vt -0.00836900 0.00002330
vt -0.00842814 0.00051979
vt -0.00842814 0.00051979
vt -0.00836900 0.00002330
vt -0.00908072 0.00052784
vt -0.00836900 0.00002330
vt -0.00915210 0.00003296
vt -0.00908072 0.00052784
vt -0.00908072 0.00052784
vt -0.00915210 0.00003296
vt -0.00970899 0.00070452
vt -0.00915210 0.00003296
vt -0.00990601 0.00024497
vt -0.00970899 0.00070452
vt -0.00970899 0.00070452
vt -0.00990601 0.00024497
vt -0.01027011 0.00103778
vt -0.00990601 0.00024497
vt -0.01057936 0.00064489
vt -0.01027011 0.00103778
vt -0.01027011 0.00103778
vt -0.01057936 0.00064489
vt -0.01072586 0.00150492
vt -0.01057936 0.00064489
vt -0.01112627 0.00120545
vt -0.01072586 0.00150492
vt -0.01072586 0.00150492
vt -0.01112627 0.00120545
vt -0.01104518 0.00207409
vt -0.01112627 0.00120545
vt -0.01150945 0.00188847
vt -0.01104518 0.00207409
vt -0.01104518 0.00207409
vt -0.01150945 0.00188847
vt -0.01120631 0.00270652
vt -0.01150945 0.00188847
vt -0.01170280 0.00264738
vt -0.01120631 0.00270652
vt -0.01120631 0.00270652
vt -0.01170280 0.00264738
vt -0.01119825 0.00335910
vt -0.01170280 0.00264738
vt -0.01169313 0.00343048
vt -0.01119825 0.00335910
vt -0.01119825 0.00335910
vt -0.01169313 0.00343048
vt -0.01102158 0.00398737
vt -0.01169313 0.00343048
vt -0.01148112 0.00418439
vt -0.01102158 0.00398737
vt -0.01102158 0.00398737
vt -0.01148112 0.00418439
vt -0.01068831 0.00454849
vt -0.01148112 0.00418439
vt -0.01108120 0.00485774
vt -0.01068831 0.00454849
vt -0.01068831 0.00454849
vt -0.01108120 0.00485774
vt -0.01022118 0.00500424
vt -0.01108120 0.00485774
vt -0.01052064 0.00540464
vt -0.01022118 0.00500424
vt -0.01022118 0.00500424
vt -0.01052064 0.00540464
vt -0.00965200 0.00532356
vt -0.01052064 0.00540464
vt -0.00983763 0.00578783
vt -0.00965200 0.00532356
vt -0.00965200 0.00532356
vt -0.00983763 0.00578783
vt -0.00901957 0.00548468
vt -0.00983763 0.00578783
vt -0.00907871 0.00598117
vt -0.00901957 0.00548468
vt -0.00901957 0.00548468
vt -0.00907871 0.00598117
vt -0.00872386 0.00550224
vt -0.00907871 0.00598117
vt -0.00872386 0.00600224
vt -0.00872386 0.00550224
vt 0.00872386 0.00050224
vt 0.00872386 0.00000224
vt 0.00842814 0.00051979
vt 0.00872386 0.00000224
vt 0.00836900 0.00002330
vt 0.00842814 0.00051979
vt 0.00842814 0.00051979
vt 0.00836900 0.00002330
vt 0.00779571 0.00068091
vt 0.00836900 0.00002330
vt 0.00761009 0.00021664
vt 0.00779571 0.00068091
vt 0.00779571 0.00068091
vt 0.00761009 0.00021664
vt 0.00722654 0.00100023
vt 0.00761009 0.00021664
vt 0.00692707 0.00059983
vt 0.00722654 0.00100023
vt 0.00722654 0.00100023
vt 0.00692707 0.00059983
vt 0.00675940 0.00145598
vt 0.00692707 0.00059983
vt 0.00636651 0.00114673
vt 0.00675940 0.00145598
vt 0.00675940 0.00145598
vt 0.00636651 0.00114673
vt 0.00642614 0.00201711
vt 0.00636651 0.00114673
vt 0.00596659 0.00182008
vt 0.00642614 0.00201711
vt 0.00642614 0.00201711
vt 0.00596659 0.00182008
vt 0.00624946 0.00264537
vt 0.00596659 0.00182008
vt 0.00575458 0.00257399
vt 0.00624946 0.00264537
vt 0.00624946 0.00264537
vt 0.00575458 0.00257399
vt 0.00624141 0.00329795
vt 0.00575458 0.00257399
vt 0.00574492 0.00335709
vt 0.00624141 0.00329795
vt 0.00624141 0.00329795
vt 0.00574492 0.00335709
vt 0.00640253 0.00393038
vt 0.00574492 0.00335709
vt 0.00593827 0.00411601
vt 0.00640253 0.00393038
vt 0.00640253 0.00393038
vt 0.00593827 0.00411601
vt 0.00672185 0.00449956
vt 0.00593827 0.00411601
vt 0.00632145 0.00479902
vt 0.00672185 0.00449956
vt 0.00672185 0.00449956
vt 0.00632145 0.00479902
vt 0.00717760 0.00496669
vt 0.00632145 0.00479902
vt 0.00686835 0.00535958
vt 0.00717760 0.00496669
vt 0.00717760 0.00496669
vt 0.00686835 0.00535958
vt 0.00773873 0.00529996
vt 0.00686835 0.00535958
vt 0.00754170 0.00575950
vt 0.00773873 0.00529996
vt 0.00773873 0.00529996
vt 0.00754170 0.00575950
vt 0.00836699 0.00547663
vt 0.00754170 0.00575950
vt 0.00829561 0.00597151
vt 0.00836699 0.00547663
vt 0.00836699 0.00547663
vt 0.00829561 0.00597151
vt 0.00901957 0.00548468
vt 0.00829561 0.00597151
vt 0.00907871 0.00598117
vt 0.00901957 0.00548468
vt 0.00901957 0.00548468
vt 0.00907871 0.00598117
vt 0.00965200 0.00532356
vt 0.00907871 0.00598117
vt 0.00983763 0.00578783
vt 0.00965200 0.00532356
vt 0.00965200 0.00532356
vt 0.00983763 0.00578783
vt 0.01022118 0.00500424
vt 0.00983763 0.00578783
vt 0.01052064 0.00540464
vt 0.01022118 0.00500424
vt 0.01022118 0.00500424
vt 0.01052064 0.00540464
vt 0.01068831 0.00454849
vt 0.01052064 0.00540464
vt 0.01108120 0.00485774
vt 0.01068831 0.00454849
vt 0.01068831 0.00454849
vt 0.01108120 0.00485774
vt 0.01102158 0.00398737
vt 0.01108120 0.00485774
vt 0.01148112 0.00418439
vt 0.01102158 0.00398737
vt 0.01102158 0.00398737
vt 0.01148112 0.00418439
vt 0.01119825 0.00335910
vt 0.01148112 0.00418439
vt 0.01169313 0.00343048
vt 0.01119825 0.00335910
vt 0.01119825 0.00335910
vt 0.01169313 0.00343048
vt 0.01120631 0.00270652
vt 0.01169313 0.00343048
vt 0.01170280 0.00264738
vt 0.01120631 0.00270652
vt 0.01120631 0.00270652
vt 0.01170280 0.00264738
vt 0.01104518 0.00207409
vt 0.01170280 0.00264738
vt 0.01150945 0.00188847
vt 0.01104518 0.00207409
vt 0.01104518 0.00207409
vt 0.01150945 0.00188847
vt 0.01072586 0.00150492
vt 0.01150945 0.00188847
vt 0.01112627 0.00120545
vt 0.01072586 0.00150492
vt 0.01072586 0.00150492
vt 0.01112627 0.00120545
vt 0.01027011 0.00103778
vt 0.01112627 0.00120545
vt 0.01057936 0.00064489
vt 0.01027011 0.00103778
vt 0.01027011 0.00103778
vt 0.01057936 0.00064489
vt 0.00970899 0.00070452
vt 0.01057936 0.00064489
vt 0.00990601 0.00024497
vt 0.00970899 0.00070452
vt 0.00970899 0.00070452
vt 0.00990601 0.00024497
vt 0.00908072 0.00052784
vt 0.00990601 0.00024497
vt 0.00915210 0.00003296
vt 0.00908072 0.00052784
vt 0.00908072 0.00052784
vt 0.00915210 0.00003296
vt 0.00872386 0.00050224
vt 0.00915210 0.00003296
vt 0.00872386 0.00000224
vt 0.00872386 0.00050224
vt -0.01100000 0.02633739
vt -0.01100000 0.02665402
vt 0.00000000 0.02633739
vt -0.01100000 0.02665402
vt 0.00000000 0.02665402
vt 0.00000000 0.02633739
vt 0.00000000 0.03251965
vt 0.00000000 0.03283628
vt 0.01820000 0.03251965
vt 0.00000000 0.03283628
vt 0.01820000 0.03283628
vt 0.01820000 0.03251965
vt 1.74532926 -1.79519582
vt 1.74532926 -1.57079637
vt 1.57079637 -1.57079637
vt 1.91986215 -1.57079637
vt 1.74532926 -1.57079637
vt 1.91986215 -1.79519582
vt 1.74532926 -1.57079637
vt 1.74532926 -1.79519582
vt 1.91986215 -1.79519582
vt 1.91986215 -1.79519582
vt 1.74532926 -1.79519582
vt 1.91986215 -1.83233392
vt 1.74532926 -1.79519582
vt 1.74532926 -2.01959538
vt 1.91986215 -1.83233392
vt 1.57079637 -1.57079637
vt 1.57079637 -1.79519582
vt 1.74532926 -1.79519582
vt 1.57079637 -1.79519582
vt 1.57079637 -1.83233392
vt 1.74532926 -1.79519582
vt 1.74532926 -1.79519582
vt 1.57079637 -1.83233392
vt 1.74532926 -2.01959538
vt 1.74532926 -2.24399471
vt 1.91986215 -2.09418488
vt 1.74532926 -2.01959538
vt 1.91986215 -2.09418488
vt 1.91986215 -2.01959538
vt 1.74532926 -2.01959538
vt 1.74532926 -2.01959538
vt 1.91986215 -2.01959538
vt 1.91986215 -1.83233392
vt 1.57079637 -1.83233392
vt 1.57079637 -2.01959538
vt 1.74532926 -2.01959538
vt 1.57079637 -2.01959538
vt 1.57079637 -2.09418488
vt 1.74532926 -2.01959538
vt 1.74532926 -2.01959538
vt 1.57079637 -2.09418488
vt 1.74532926 -2.24399471
vt 1.74532926 -2.46839428
vt 1.91986215 -2.35619450
vt 1.74532926 -2.24399471
vt 1.91986215 -2.35619450
vt 1.91986215 -2.24399471
vt 1.74532926 -2.24399471
vt 1.74532926 -2.24399471
vt 1.91986215 -2.24399471
vt 1.91986215 -2.09418488
vt 1.57079637 -2.09418488
vt 1.57079637 -2.24399471
vt 1.74532926 -2.24399471
vt 1.57079637 -2.24399471
vt 1.57079637 -2.35619450
vt 1.74532926 -2.24399471
vt 1.74532926 -2.24399471
vt 1.57079637 -2.35619450
vt 1.74532926 -2.46839428
vt 1.74532926 -2.69279361
vt 1.91986215 -2.61820412
vt 1.74532926 -2.46839428
vt 1.91986215 -2.61820412
vt 1.91986215 -2.46839428
vt 1.74532926 -2.46839428
vt 1.74532926 -2.46839428
vt 1.91986215 -2.46839428
vt 1.91986215 -2.35619450
vt 1.57079637 -2.35619450
vt 1.57079637 -2.46839428
vt 1.74532926 -2.46839428
vt 1.57079637 -2.46839428
vt 1.57079637 -2.61820412
vt 1.74532926 -2.46839428
vt 1.74532926 -2.46839428
vt 1.57079637 -2.61820412
vt 1.74532926 -2.69279361
vt 1.74532926 -2.91719317
vt 1.91986215 -2.88005519
vt 1.74532926 -2.69279361
vt 1.91986215 -2.88005519
vt 1.91986215 -2.69279361
vt 1.74532926 -2.69279361
vt 1.74532926 -2.69279361
vt 1.91986215 -2.69279361
vt 1.91986215 -2.61820412
vt 1.74532926 -3.14159274
vt 1.91986215 -3.14159274
vt 1.74532926 -2.91719317
vt 1.91986215 -3.14159274
vt 1.91986215 -2.91719317
vt 1.74532926 -2.91719317
vt 1.74532926 -2.91719317
vt 1.91986215 -2.91719317
vt 1.91986215 -2.88005519
vt 1.57079637 -2.61820412
vt 1.57079637 -2.69279361
vt 1.74532926 -2.69279361
vt 1.57079637 -2.69279361
vt 1.57079637 -2.88005519
vt 1.74532926 -2.69279361
vt 1.74532926 -2.69279361
vt 1.57079637 -2.88005519
vt 1.74532926 -2.91719317
vt 1.57079637 -2.88005519
vt 1.57079637 -2.91719317
vt 1.74532926 -2.91719317
vt 1.74532926 -2.91719317
vt 1.57079637 -2.91719317
vt 1.74532926 -3.14159274
vt 1.57079637 -2.91719317
vt 1.57079637 -3.14159274
vt 1.74532926 -3.14159274
vt 3.14159274 -0.06598584
vt 3.14159274 0.00000000
vt 2.91719317 -0.06598584
vt 3.14159274 0.00000000
vt 2.91719317 0.00000000
vt 2.91719317 -0.06598584
vt 2.91719317 -0.06598584
vt 2.91719317 0.00000000
vt 2.88005519 -0.06598584
vt 2.91719317 0.00000000
vt 2.88005519 0.00000000
vt 2.88005519 -0.06598584
vt 2.88005519 -0.06598584
vt 2.88005519 0.00000000
vt 2.69279361 -0.06598584
vt 2.88005519 0.00000000
vt 2.69279361 0.00000000
vt 2.69279361 -0.06598584
vt 2.69279361 -0.06598584
vt 2.69279361 0.00000000
vt 2.61820412 -0.06598584
vt 2.69279361 0.00000000
vt 2.61820412 0.00000000
vt 2.61820412 -0.06598584
vt 2.61820412 -0.06598584
vt 2.61820412 0.00000000
vt 2.46839428 -0.06598584
vt 2.61820412 0.00000000
vt 2.46839428 0.00000000
vt 2.46839428 -0.06598584
vt 2.46839428 -0.06598584
vt 2.46839428 0.00000000
vt 2.35619450 -0.06598584
vt 2.46839428 0.00000000
vt 2.35619450 0.00000000
vt 2.35619450 -0.06598584
vt 2.35619450 -0.06598584
vt 2.35619450 0.00000000
vt 2.24399471 -0.06598584
vt 2.35619450 0.00000000
vt 2.24399471 0.00000000
vt 2.24399471 -0.06598584
vt 2.24399471 -0.06598584
vt 2.24399471 0.00000000
vt 2.09418488 -0.06598584
vt 2.24399471 0.00000000
vt 2.09418488 0.00000000
vt 2.09418488 -0.06598584
vt 2.09418488 -0.06598584
vt 2.09418488 0.00000000
vt 2.01959538 -0.06598584
vt 2.09418488 0.00000000
vt 2.01959538 0.00000000
vt 2.01959538 -0.06598584
vt 2.01959538 -0.06598584
vt 2.01959538 0.00000000
vt 1.83233392 -0.06598584
vt 2.01959538 0.00000000
vt 1.83233392 0.00000000
vt 1.83233392 -0.06598584
vt 1.83233392 -0.06598584
vt 1.83233392 0.00000000
vt 1.79519582 -0.06598584
vt 1.83233392 0.00000000
vt 1.79519582 0.00000000
vt 1.79519582 -0.06598584
vt 1.79519582 -0.06598584
vt 1.79519582 0.00000000
vt 1.57079637 -0.06598584
vt 1.79519582 0.00000000
vt 1.57079637 -0.00000000
vt 1.57079637 -0.06598584
vt 3.14159274 -0.06901782
vt 2.91719317 -0.06901782
vt 3.14159274 -0.08314846
vt 2.91719317 -0.06901782
vt 2.87979317 -0.08314846
vt 3.14159274 -0.08314846
vt 2.91719317 -0.06901782
vt 2.88005519 -0.06901782
vt 2.87979317 -0.08314846
vt 2.88005519 -0.06901782
vt 2.69279361 -0.06901782
vt 2.87979317 -0.08314846
vt 2.87979317 -0.08314846
vt 2.69279361 -0.06901782
vt 2.61799383 -0.08314846
vt 2.69279361 -0.06901782
vt 2.61820412 -0.06901782
vt 2.61799383 -0.08314846
vt 2.61820412 -0.06901782
vt 2.46839428 -0.06901782
vt 2.61799383 -0.08314846
vt 2.61799383 -0.08314846
vt 2.46839428 -0.06901782
vt 2.35619450 -0.08314846
vt 2.46839428 -0.06901782
vt 2.35619450 -0.06901782
vt 2.35619450 -0.08314846
vt 2.35619450 -0.06901782
vt 2.24399471 -0.06901782
vt 2.35619450 -0.08314846
vt 2.35619450 -0.08314846
vt 2.24399471 -0.06901782
vt 2.09439516 -0.08314846
vt 2.24399471 -0.06901782
vt 2.09418488 -0.06901782
vt 2.09439516 -0.08314846
vt 2.09418488 -0.06901782
vt 2.01959538 -0.06901782
vt 2.09439516 -0.08314846
vt 2.09439516 -0.08314846
vt 2.01959538 -0.06901782
vt 1.83259571 -0.08314846
vt 1.57079637 -0.06901782
vt 1.57079637 -0.08314846
vt 1.79519582 -0.06901782
vt 1.57079637 -0.08314846
vt 1.83259571 -0.08314846
vt 1.79519582 -0.06901782
vt 1.79519582 -0.06901782
vt 1.83259571 -0.08314846
vt 1.83233392 -0.06901782
vt 1.83259571 -0.08314846
vt 2.01959538 -0.06901782
vt 1.83233392 -0.06901782
vt 5.06145477 -0.22439948
vt 5.06145477 0.00000000
vt 4.83705521 0.00000000
vt 5.06145477 -0.22439948
vt 4.83705521 0.00000000
vt 4.83705521 -0.22439948
vt 4.83705521 0.00000000
vt 4.79991722 0.00000000
vt 4.83705521 -0.22439948
vt 4.83705521 -0.22439948
vt 4.79991722 0.00000000
vt 4.61265612 -0.22439948
vt 4.79991722 0.00000000
vt 4.61265612 0.00000000
vt 4.61265612 -0.22439948
vt 4.61265612 0.00000000
vt 4.53806639 0.00000000
vt 4.61265612 -0.22439948
vt 4.61265612 -0.22439948
vt 4.53806639 0.00000000
vt 4.38825655 -0.22439948
vt 4.53806639 0.00000000
vt 4.38825655 0.00000000
vt 4.38825655 -0.22439948
vt 4.38825655 0.00000000
vt 4.27605677 0.00000000
vt 4.38825655 -0.22439948
vt 4.38825655 -0.22439948
vt 4.27605677 0.00000000
vt 4.16385698 -0.22439948
vt 4.27605677 0.00000000
vt 4.16385698 0.00000000
vt 4.16385698 -0.22439948
vt 4.16385698 -0.22439948
vt 4.16385698 0.00000000
vt 3.93945742 -0.22439948
vt 4.16385698 0.00000000
vt 4.01404715 0.00000000
vt 3.93945742 -0.22439948
vt 3.71505809 0.00000000
vt 3.71505809 -0.22439948
vt 3.75219607 0.00000000
vt 3.71505809 -0.22439948
vt 3.93945742 -0.22439948
vt 3.75219607 0.00000000
vt 3.75219607 0.00000000
vt 3.93945742 -0.22439948
vt 3.93945742 0.00000000
vt 3.93945742 -0.22439948
vt 4.01404715 0.00000000
vt 3.93945742 0.00000000
vt 5.06145477 -0.52338862
vt 5.06145477 -0.44879895
vt 4.83705521 -0.44879895
vt 5.06145477 -0.44879895
vt 5.06145477 -0.26153755
vt 4.83705521 -0.44879895
vt 3.71505809 0.00000000
vt 3.49065852 0.00000000
vt 3.71505809 -0.22439948
vt 3.49065852 0.00000000
vt 3.49065852 -0.22439948
vt 3.71505809 -0.22439948
vt 3.71505809 -0.22439948
vt 3.49065852 -0.22439948
vt 3.49065852 -0.26153755
vt 3.49065852 -0.26153755
vt 3.71505809 -0.44879895
vt 3.71505809 -0.22439948
vt 3.71505809 -0.44879895
vt 3.93945742 -0.44879895
vt 3.71505809 -0.22439948
vt 3.71505809 -0.22439948
vt 3.93945742 -0.44879895
vt 3.93945742 -0.22439948
vt 3.93945742 -0.44879895
vt 4.16385698 -0.44879895
vt 3.93945742 -0.22439948
vt 3.93945742 -0.22439948
vt 4.16385698 -0.44879895
vt 4.16385698 -0.22439948
vt 4.16385698 -0.44879895
vt 4.38825655 -0.44879895
vt 4.16385698 -0.22439948
vt 4.16385698 -0.22439948
vt 4.38825655 -0.44879895
vt 4.38825655 -0.22439948
vt 4.38825655 -0.44879895
vt 4.61265612 -0.44879895
vt 4.38825655 -0.22439948
vt 4.38825655 -0.22439948
vt 4.61265612 -0.44879895
vt 4.61265612 -0.22439948
vt 4.61265612 -0.44879895
vt 4.83705521 -0.44879895
vt 4.61265612 -0.22439948
vt 4.61265612 -0.22439948
vt 4.83705521 -0.44879895
vt 4.83705521 -0.22439948
vt 4.83705521 -0.44879895
vt 5.06145477 -0.26153755
vt 4.83705521 -0.22439948
vt 4.83705521 -0.22439948
vt 5.06145477 -0.26153755
vt 5.06145477 -0.22439948
vt 4.83705521 -0.67319840
vt 5.06145477 -0.67319840
vt 5.06145477 -0.52338862
vt 5.06145477 -0.52338862
vt 4.83705521 -0.44879895
vt 4.83705521 -0.67319840
vt 4.83705521 -0.44879895
vt 4.61265612 -0.44879895
vt 4.83705521 -0.67319840
vt 4.83705521 -0.67319840
vt 4.61265612 -0.44879895
vt 4.61265612 -0.67319840
vt 4.61265612 -0.44879895
vt 4.38825655 -0.44879895
vt 4.61265612 -0.67319840
vt 4.61265612 -0.67319840
vt 4.38825655 -0.44879895
vt 4.38825655 -0.67319840
vt 4.38825655 -0.44879895
vt 4.16385698 -0.44879895
vt 4.38825655 -0.67319840
vt 4.38825655 -0.67319840
vt 4.16385698 -0.44879895
vt 4.16385698 -0.67319840
vt 4.16385698 -0.44879895
vt 3.93945742 -0.44879895
vt 4.16385698 -0.67319840
vt 4.16385698 -0.67319840
vt 3.93945742 -0.44879895
vt 3.93945742 -0.67319840
vt 3.93945742 -0.44879895
vt 3.71505809 -0.44879895
vt 3.93945742 -0.67319840
vt 3.93945742 -0.67319840
vt 3.71505809 -0.44879895
vt 3.71505809 -0.67319840
vt 5.06145477 -1.04740763
vt 5.06145477 -0.89759791
vt 4.83705521 -0.89759791
vt 5.06145477 -0.89759791
vt 5.06145477 -0.78539819
vt 4.83705521 -0.89759791
vt 3.49065852 -0.26153755
vt 3.49065852 -0.44879895
vt 3.71505809 -0.44879895
vt 3.49065852 -0.44879895
vt 3.49065852 -0.52338862
vt 3.71505809 -0.44879895
vt 3.71505809 -0.44879895
vt 3.49065852 -0.52338862
vt 3.71505809 -0.67319840
vt 3.49065852 -0.52338862
vt 3.49065852 -0.67319840
vt 3.71505809 -0.67319840
vt 3.71505809 -0.67319840
vt 3.49065852 -0.67319840
vt 3.49065852 -0.78539819
vt 3.49065852 -0.78539819
vt 3.71505809 -0.89759791
vt 3.71505809 -0.67319840
vt 3.71505809 -0.89759791
vt 3.93945742 -0.89759791
vt 3.71505809 -0.67319840
vt 3.71505809 -0.67319840
vt 3.93945742 -0.89759791
vt 3.93945742 -0.67319840
vt 3.93945742 -0.89759791
vt 4.16385698 -0.89759791
vt 3.93945742 -0.67319840
vt 3.93945742 -0.67319840
vt 4.16385698 -0.89759791
vt 4.16385698 -0.67319840
vt 4.16385698 -0.89759791
vt 4.38825655 -0.89759791
vt 4.16385698 -0.67319840
vt 4.16385698 -0.67319840
vt 4.38825655 -0.89759791
vt 4.38825655 -0.67319840
vt 4.38825655 -0.89759791
vt 4.61265612 -0.89759791
vt 4.38825655 -0.67319840
vt 4.38825655 -0.67319840
vt 4.61265612 -0.89759791
vt 4.61265612 -0.67319840
vt 4.61265612 -0.89759791
vt 4.83705521 -0.89759791
vt 4.61265612 -0.67319840
vt 4.61265612 -0.67319840
vt 4.83705521 -0.89759791
vt 4.83705521 -0.67319840
vt 4.83705521 -0.89759791
vt 5.06145477 -0.78539819
vt 4.83705521 -0.67319840
vt 4.83705521 -0.67319840
vt 5.06145477 -0.78539819
vt 5.06145477 -0.67319840
vt 5.06145477 -1.30925882
vt 5.06145477 -1.12199736
vt 4.83705521 -1.12199736
vt 5.06145477 -1.12199736
vt 5.06145477 -1.04740763
vt 4.83705521 -1.12199736
vt 5.06145477 -1.04740763
vt 4.83705521 -0.89759791
vt 4.83705521 -1.12199736
vt 4.83705521 -0.89759791
vt 4.61265612 -0.89759791
vt 4.83705521 -1.12199736
vt 4.83705521 -1.12199736
vt 4.61265612 -0.89759791
vt 4.61265612 -1.12199736
vt 4.61265612 -0.89759791
vt 4.38825655 -0.89759791
vt 4.61265612 -1.12199736
vt 4.61265612 -1.12199736
vt 4.38825655 -0.89759791
vt 4.38825655 -1.12199736
vt 4.38825655 -0.89759791
vt 4.16385698 -0.89759791
vt 4.38825655 -1.12199736
vt 4.38825655 -1.12199736
vt 4.16385698 -0.89759791
vt 4.16385698 -1.12199736
vt 4.16385698 -0.89759791
vt 3.93945742 -0.89759791
vt 4.16385698 -1.12199736
vt 4.16385698 -1.12199736
vt 3.93945742 -0.89759791
vt 3.93945742 -1.12199736
vt 3.93945742 -0.89759791
vt 3.71505809 -0.89759791
vt 3.93945742 -1.12199736
vt 3.93945742 -1.12199736
vt 3.71505809 -0.89759791
vt 3.71505809 -1.12199736
vt 5.06145477 -1.57079637
vt 5.06145477 -1.34639680
vt 4.83705521 -1.34639680
vt 5.06145477 -1.34639680
vt 5.06145477 -1.30925882
vt 4.83705521 -1.34639680
vt 3.49065852 -0.78539819
vt 3.49065852 -0.89759791
vt 3.71505809 -0.89759791
vt 3.49065852 -0.89759791
vt 3.49065852 -1.04740763
vt 3.71505809 -0.89759791
vt 3.71505809 -0.89759791
vt 3.49065852 -1.04740763
vt 3.71505809 -1.12199736
vt 3.49065852 -1.04740763
vt 3.49065852 -1.12199736
vt 3.71505809 -1.12199736
vt 3.71505809 -1.12199736
vt 3.49065852 -1.12199736
vt 3.49065852 -1.30925882
vt 5.06145477 -1.30925882
vt 4.83705521 -1.12199736
vt 4.83705521 -1.34639680
vt 4.83705521 -1.12199736
vt 4.61265612 -1.12199736
vt 4.83705521 -1.34639680
vt 4.83705521 -1.34639680
vt 4.61265612 -1.12199736
vt 4.61265612 -1.34639680
vt 4.61265612 -1.12199736
vt 4.38825655 -1.12199736
vt 4.61265612 -1.34639680
vt 4.61265612 -1.34639680
vt 4.38825655 -1.12199736
vt 4.38825655 -1.34639680
vt 4.38825655 -1.12199736
vt 4.16385698 -1.12199736
vt 4.38825655 -1.34639680
vt 4.38825655 -1.34639680
vt 4.16385698 -1.12199736
vt 4.16385698 -1.34639680
vt 4.16385698 -1.12199736
vt 3.93945742 -1.12199736
vt 4.16385698 -1.34639680
vt 4.16385698 -1.34639680
vt 3.93945742 -1.12199736
vt 3.93945742 -1.34639680
vt 3.93945742 -1.12199736
vt 3.71505809 -1.12199736
vt 3.93945742 -1.34639680
vt 3.93945742 -1.34639680
vt 3.71505809 -1.12199736
vt 3.71505809 -1.34639680
vt 3.71505809 -1.12199736
vt 3.49065852 -1.30925882
vt 3.71505809 -1.34639680
vt 3.71505809 -1.34639680
vt 3.49065852 -1.30925882
vt 3.49065852 -1.34639680
vt 5.06145477 -1.57079637
vt 4.83705521 -1.34639680
vt 4.83705521 -1.57079637
vt 4.83705521 -1.34639680
vt 4.61265612 -1.34639680
vt 4.83705521 -1.57079637
vt 4.83705521 -1.57079637
vt 4.61265612 -1.34639680
vt 4.61265612 -1.57079637
vt 4.61265612 -1.34639680
vt 4.38825655 -1.34639680
vt 4.61265612 -1.57079637
vt 4.61265612 -1.57079637
vt 4.38825655 -1.34639680
vt 4.38825655 -1.57079637
vt 4.38825655 -1.34639680
vt 4.16385698 -1.34639680
vt 4.38825655 -1.57079637
vt 4.38825655 -1.57079637
vt 4.16385698 -1.34639680
vt 4.16385698 -1.57079637
vt 4.16385698 -1.34639680
vt 3.93945742 -1.34639680
vt 4.16385698 -1.57079637
vt 4.16385698 -1.57079637
vt 3.93945742 -1.34639680
vt 3.93945742 -1.57079637
vt 3.93945742 -1.34639680
vt 3.71505809 -1.34639680
vt 3.93945742 -1.57079637
vt 3.93945742 -1.57079637
vt 3.71505809 -1.34639680
vt 3.71505809 -1.57079637
vt 3.71505809 -1.34639680
vt 3.49065852 -1.34639680
vt 3.71505809 -1.57079637
vt 3.71505809 -1.57079637
vt 3.49065852 -1.34639680
vt 3.49065852 -1.57079637
vt 4.93718100 0.00000000
vt 4.71238899 0.00000000
vt 4.71238899 -0.26179940
vt 5.16158199 0.00000000
vt 4.97418833 0.00000000
vt 4.97418833 -0.26179940
vt 5.38574553 0.00000000
vt 5.23598766 0.00000000
vt 5.23598766 -0.26179940
vt 5.60982895 0.00000000
vt 5.49778700 0.00000000
vt 5.49778700 -0.26179940
vt 6.02138615 0.00000000
vt 5.83399200 0.00000000
vt 5.75958633 -0.26179940
vt 5.60982895 0.00000000
vt 5.49778700 -0.26179940
vt 5.75958633 0.00000000
vt 6.28318548 0.00000000
vt 6.05839348 0.00000000
vt 6.28318548 -0.26179940
vt 6.05839348 0.00000000
vt 6.02138615 -0.26179940
vt 6.28318548 -0.26179940
vt 6.28318548 -0.26179940
vt 6.02138615 -0.26179940
vt 6.28318548 -0.52359879
vt 6.02138615 -0.26179940
vt 6.02138615 -0.52359879
vt 6.28318548 -0.52359879
vt 6.28318548 -0.52359879
vt 6.02138615 -0.52359879
vt 6.28318548 -0.78539819
vt 6.02138615 -0.52359879
vt 6.02138615 -0.78539819
vt 6.28318548 -0.78539819
vt 6.28318548 -0.78539819
vt 6.02138615 -0.78539819
vt 6.28318548 -1.04719758
vt 6.02138615 -0.78539819
vt 6.02138615 -1.04719758
vt 6.28318548 -1.04719758
vt 6.28318548 -1.04719758
vt 6.02138615 -1.04719758
vt 6.28318548 -1.30899692
vt 6.02138615 -1.04719758
vt 6.02138615 -1.30899692
vt 6.28318548 -1.30899692
vt 6.28318548 -1.30899692
vt 6.02138615 -1.30899692
vt 6.28318548 -1.57079637
vt 6.02138615 -1.30899692
vt 6.02138615 -1.57079637
vt 6.28318548 -1.57079637
vt 6.05839348 0.00000000
vt 6.02138615 0.00000000
vt 6.02138615 -0.26179940
vt 6.02138615 0.00000000
vt 5.75958633 -0.26179940
vt 6.02138615 -0.26179940
vt 6.02138615 -0.26179940
vt 5.75958633 -0.26179940
vt 6.02138615 -0.52359879
vt 5.75958633 -0.26179940
vt 5.75958633 -0.52359879
vt 6.02138615 -0.52359879
vt 6.02138615 -0.52359879
vt 5.75958633 -0.52359879
vt 6.02138615 -0.78539819
vt 5.75958633 -0.52359879
vt 5.75958633 -0.78539819
vt 6.02138615 -0.78539819
vt 6.02138615 -0.78539819
vt 5.75958633 -0.78539819
vt 6.02138615 -1.04719758
vt 5.75958633 -0.78539819
vt 5.75958633 -1.04719758
vt 6.02138615 -1.04719758
vt 6.02138615 -1.04719758
vt 5.75958633 -1.04719758
vt 6.02138615 -1.30899692
vt 5.75958633 -1.04719758
vt 5.75958633 -1.30899692
vt 6.02138615 -1.30899692
vt 6.02138615 -1.30899692
vt 5.75958633 -1.30899692
vt 6.02138615 -1.57079637
vt 5.75958633 -1.30899692
vt 5.75958633 -1.57079637
vt 6.02138615 -1.57079637
vt 5.83399200 0.00000000
vt 5.75958633 0.00000000
vt 5.75958633 -0.26179940
vt 5.75958633 0.00000000
vt 5.49778700 -0.26179940
vt 5.75958633 -0.26179940
vt 5.75958633 -0.26179940
vt 5.49778700 -0.26179940
vt 5.75958633 -0.52359879
vt 5.49778700 -0.26179940
vt 5.49778700 -0.52359879
vt 5.75958633 -0.52359879
vt 5.75958633 -0.52359879
vt 5.49778700 -0.52359879
vt 5.75958633 -0.78539819
vt 5.49778700 -0.52359879
vt 5.49778700 -0.78539819
vt 5.75958633 -0.78539819
vt 5.75958633 -0.78539819
vt 5.49778700 -0.78539819
vt 5.75958633 -1.04719758
vt 5.49778700 -0.78539819
vt 5.49778700 -1.04719758
vt 5.75958633 -1.04719758
vt 5.75958633 -1.04719758
vt 5.49778700 -1.04719758
vt 5.75958633 -1.30899692
vt 5.49778700 -1.04719758
vt 5.49778700 -1.30899692
vt 5.75958633 -1.30899692
vt 5.75958633 -1.30899692
vt 5.49778700 -1.30899692
vt 5.75958633 -1.57079637
vt 5.49778700 -1.30899692
vt 5.49778700 -1.57079637
vt 5.75958633 -1.57079637
vt 5.49778700 0.00000000
vt 5.38574553 0.00000000
vt 5.49778700 -0.26179940
vt 5.38574553 0.00000000
vt 5.23598766 -0.26179940
vt 5.49778700 -0.26179940
vt 5.49778700 -0.26179940
vt 5.23598766 -0.26179940
vt 5.49778700 -0.52359879
vt 5.23598766 -0.26179940
vt 5.23598766 -0.52359879
vt 5.49778700 -0.52359879
vt 5.49778700 -0.52359879
vt 5.23598766 -0.52359879
vt 5.49778700 -0.78539819
vt 5.23598766 -0.52359879
vt 5.23598766 -0.78539819
vt 5.49778700 -0.78539819
vt 5.49778700 -0.78539819
vt 5.23598766 -0.78539819
vt 5.49778700 -1.04719758
vt 5.23598766 -0.78539819
vt 5.23598766 -1.04719758
vt 5.49778700 -1.04719758
vt 5.49778700 -1.04719758
vt 5.23598766 -1.04719758
vt 5.49778700 -1.30899692
vt 5.23598766 -1.04719758
vt 5.23598766 -1.30899692
vt 5.49778700 -1.30899692
vt 5.49778700 -1.30899692
vt 5.23598766 -1.30899692
vt 5.49778700 -1.57079637
vt 5.23598766 -1.30899692
vt 5.23598766 -1.57079637
vt 5.49778700 -1.57079637
vt 5.23598766 0.00000000
vt 5.16158199 0.00000000
vt 5.23598766 -0.26179940
vt 5.16158199 0.00000000
vt 4.97418833 -0.26179940
vt 5.23598766 -0.26179940
vt 5.23598766 -0.26179940
vt 4.97418833 -0.26179940
vt 5.23598766 -0.52359879
vt 4.97418833 -0.26179940
vt 4.97418833 -0.52359879
vt 5.23598766 -0.52359879
vt 5.23598766 -0.52359879
vt 4.97418833 -0.52359879
vt 5.23598766 -0.78539819
vt 4.97418833 -0.52359879
vt 4.97418833 -0.78539819
vt 5.23598766 -0.78539819
vt 5.23598766 -0.78539819
vt 4.97418833 -0.78539819
vt 5.23598766 -1.04719758
vt 4.97418833 -0.78539819
vt 4.97418833 -1.04719758
vt 5.23598766 -1.04719758
vt 5.23598766 -1.04719758
vt 4.97418833 -1.04719758
vt 5.23598766 -1.30899692
vt 4.97418833 -1.04719758
vt 4.97418833 -1.30899692
vt 5.23598766 -1.30899692
vt 5.23598766 -1.30899692
vt 4.97418833 -1.30899692
vt 5.23598766 -1.57079637
vt 4.97418833 -1.30899692
vt 4.97418833 -1.57079637
vt 5.23598766 -1.57079637
vt 4.97418833 0.00000000
vt 4.93718100 0.00000000
vt 4.97418833 -0.26179940
vt 4.93718100 0.00000000
vt 4.71238899 -0.26179940
vt 4.97418833 -0.26179940
vt 4.97418833 -0.26179940
vt 4.71238899 -0.26179940
vt 4.97418833 -0.52359879
vt 4.71238899 -0.26179940
vt 4.71238899 -0.52359879
vt 4.97418833 -0.52359879
vt 4.97418833 -0.52359879
vt 4.71238899 -0.52359879
vt 4.97418833 -0.78539819
vt 4.71238899 -0.52359879
vt 4.71238899 -0.78539819
vt 4.97418833 -0.78539819
vt 4.97418833 -0.78539819
vt 4.71238899 -0.78539819
vt 4.97418833 -1.04719758
vt 4.71238899 -0.78539819
vt 4.71238899 -1.04719758
vt 4.97418833 -1.04719758
vt 4.97418833 -1.04719758
vt 4.71238899 -1.04719758
vt 4.97418833 -1.30899692
vt 4.71238899 -1.04719758
vt 4.71238899 -1.30899692
vt 4.97418833 -1.30899692
vt 4.97418833 -1.30899692
vt 4.71238899 -1.30899692
vt 4.97418833 -1.57079637
vt 4.71238899 -1.30899692
vt 4.71238899 -1.57079637
vt 4.97418833 -1.57079637
vt 3.14159274 -0.00250000
vt 3.14159274 0.00000000
vt 2.91719317 -0.00250000
vt 3.14159274 0.00000000
vt 2.87979317 0.00000000
vt 2.91719317 -0.00250000
vt 2.91719317 -0.00250000
vt 2.87979317 0.00000000
vt 2.88005519 -0.00250000
vt 2.88005519 -0.00250000
vt 2.87979317 0.00000000
vt 2.69279361 -0.00250000
vt 2.87979317 0.00000000
vt 2.61799383 0.00000000
vt 2.69279361 -0.00250000
vt 2.69279361 -0.00250000
vt 2.61799383 0.00000000
vt 2.61820412 -0.00250000
vt 2.61820412 -0.00250000
vt 2.61799383 0.00000000
vt 2.46839428 -0.00250000
vt 2.61799383 0.00000000
vt 2.35619450 0.00000000
vt 2.46839428 -0.00250000
vt 2.46839428 -0.00250000
vt 2.35619450 0.00000000
vt 2.35619450 -0.00250000
vt 2.35619450 -0.00250000
vt 2.35619450 0.00000000
vt 2.24399471 -0.00250000
vt 2.35619450 0.00000000
vt 2.09439516 0.00000000
vt 2.24399471 -0.00250000
vt 2.24399471 -0.00250000
vt 2.09439516 0.00000000
vt 2.09418488 -0.00250000
vt 2.09418488 -0.00250000
vt 2.09439516 0.00000000
vt 2.01959538 -0.00250000
vt 2.09439516 0.00000000
vt 1.83259571 0.00000000
vt 2.01959538 -0.00250000
vt 2.01959538 -0.00250000
vt 1.83259571 0.00000000
vt 1.83233392 -0.00250000
vt 1.83233392 -0.00250000
vt 1.83259571 0.00000000
vt 1.79519582 -0.00250000
vt 1.83259571 0.00000000
vt 1.57079637 -0.00000000
vt 1.79519582 -0.00250000
vt 1.79519582 -0.00250000
vt 1.57079637 -0.00000000
vt 1.57079637 -0.00250000
vt 4.71238899 -0.02380479
vt 4.71238899 -0.02130479
vt 4.45058966 -0.02130479
vt 4.71238899 -0.02380479
vt 4.45058966 -0.02130479
vt 4.45058966 -0.02380479
vt 4.45058966 -0.02130479
vt 4.18879032 -0.02130479
vt 4.45058966 -0.02380479
vt 4.45058966 -0.02380479
vt 4.18879032 -0.02130479
vt 4.18879032 -0.02380479
vt 4.18879032 -0.02130479
vt 3.92699075 -0.02130479
vt 4.18879032 -0.02380479
vt 4.18879032 -0.02380479
vt 3.92699075 -0.02130479
vt 3.92699075 -0.02380479
vt 3.92699075 -0.02130479
vt 3.66519141 -0.02130479
vt 3.92699075 -0.02380479
vt 3.92699075 -0.02380479
vt 3.66519141 -0.02130479
vt 3.66519141 -0.02380479
vt 3.66519141 -0.02130479
vt 3.40339208 -0.02130479
vt 3.66519141 -0.02380479
vt 3.66519141 -0.02380479
vt 3.40339208 -0.02130479
vt 3.40339208 -0.02380479
vt 3.40339208 -0.02130479
vt 3.14159274 -0.02130479
vt 3.40339208 -0.02380479
vt 3.40339208 -0.02380479
vt 3.14159274 -0.02130479
vt 3.14159274 -0.02380479
vt 3.49065852 0.00000000
vt 3.22885919 0.00000000
vt 3.49065852 -0.26179940
vt 3.22885919 0.00000000
vt 3.22885919 -0.26179940
vt 3.49065852 -0.26179940
vt 3.49065852 -0.26179940
vt 3.22885919 -0.26179940
vt 3.49065852 -0.52359879
vt 3.22885919 -0.26179940
vt 3.22885919 -0.52359879
vt 3.49065852 -0.52359879
vt 3.49065852 -0.52359879
vt 3.22885919 -0.52359879
vt 3.49065852 -0.78539819
vt 3.22885919 -0.52359879
vt 3.22885919 -0.78539819
vt 3.49065852 -0.78539819
vt 3.49065852 -0.78539819
vt 3.22885919 -0.78539819
vt 3.49065852 -1.04719758
vt 3.22885919 -0.78539819
vt 3.22885919 -1.04719758
vt 3.49065852 -1.04719758
vt 3.49065852 -1.04719758
vt 3.22885919 -1.04719758
vt 3.49065852 -1.30899692
vt 3.22885919 -1.04719758
vt 3.22885919 -1.30899692
vt 3.49065852 -1.30899692
vt 3.49065852 -1.30899692
vt 3.22885919 -1.30899692
vt 3.49065852 -1.57079637
vt 3.22885919 -1.30899692
vt 3.22885919 -1.57079637
vt 3.49065852 -1.57079637
vt 3.22885919 0.00000000
vt 2.96705961 0.00000000
vt 3.22885919 -0.26179940
vt 2.96705961 0.00000000
vt 2.96705961 -0.26179940
vt 3.22885919 -0.26179940
vt 3.22885919 -0.26179940
vt 2.96705961 -0.26179940
vt 3.22885919 -0.52359879
vt 2.96705961 -0.26179940
vt 2.96705961 -0.52359879
vt 3.22885919 -0.52359879
vt 3.22885919 -0.52359879
vt 2.96705961 -0.52359879
vt 3.22885919 -0.78539819
vt 2.96705961 -0.52359879
vt 2.96705961 -0.78539819
vt 3.22885919 -0.78539819
vt 3.22885919 -0.78539819
vt 2.96705961 -0.78539819
vt 3.22885919 -1.04719758
vt 2.96705961 -0.78539819
vt 2.96705961 -1.04719758
vt 3.22885919 -1.04719758
vt 3.22885919 -1.04719758
vt 2.96705961 -1.04719758
vt 3.22885919 -1.30899692
vt 2.96705961 -1.04719758
vt 2.96705961 -1.30899692
vt 3.22885919 -1.30899692
vt 3.22885919 -1.30899692
vt 2.96705961 -1.30899692
vt 3.22885919 -1.57079637
vt 2.96705961 -1.30899692
vt 2.96705961 -1.57079637
vt 3.22885919 -1.57079637
vt 2.96705961 0.00000000
vt 2.70526028 0.00000000
vt 2.96705961 -0.26179940
vt 2.70526028 0.00000000
vt 2.70526028 -0.26179940
vt 2.96705961 -0.26179940
vt 2.96705961 -0.26179940
vt 2.70526028 -0.26179940
vt 2.96705961 -0.52359879
vt 2.70526028 -0.26179940
vt 2.70526028 -0.52359879
vt 2.96705961 -0.52359879
vt 2.96705961 -0.52359879
vt 2.70526028 -0.52359879
vt 2.96705961 -0.78539819
vt 2.70526028 -0.52359879
vt 2.70526028 -0.78539819
vt 2.96705961 -0.78539819
vt 2.96705961 -0.78539819
vt 2.70526028 -0.78539819
vt 2.96705961 -1.04719758
vt 2.70526028 -0.78539819
vt 2.70526028 -1.04719758
vt 2.96705961 -1.04719758
vt 2.96705961 -1.04719758
vt 2.70526028 -1.04719758
vt 2.96705961 -1.30899692
vt 2.70526028 -1.04719758
vt 2.70526028 -1.30899692
vt 2.96705961 -1.30899692
vt 2.96705961 -1.30899692
vt 2.70526028 -1.30899692
vt 2.96705961 -1.57079637
vt 2.70526028 -1.30899692
vt 2.70526028 -1.57079637
vt 2.96705961 -1.57079637
vt 2.70526028 0.00000000
vt 2.44346094 0.00000000
vt 2.70526028 -0.26179940
vt 2.44346094 0.00000000
vt 2.44346094 -0.26179940
vt 2.70526028 -0.26179940
vt 2.70526028 -0.26179940
vt 2.44346094 -0.26179940
vt 2.70526028 -0.52359879
vt 2.44346094 -0.26179940
vt 2.44346094 -0.52359879
vt 2.70526028 -0.52359879
vt 2.70526028 -0.52359879
vt 2.44346094 -0.52359879
vt 2.70526028 -0.78539819
vt 2.44346094 -0.52359879
vt 2.44346094 -0.78539819
vt 2.70526028 -0.78539819
vt 2.70526028 -0.78539819
vt 2.44346094 -0.78539819
vt 2.70526028 -1.04719758
vt 2.44346094 -0.78539819
vt 2.44346094 -1.04719758
vt 2.70526028 -1.04719758
vt 2.70526028 -1.04719758
vt 2.44346094 -1.04719758
vt 2.70526028 -1.30899692
vt 2.44346094 -1.04719758
vt 2.44346094 -1.30899692
vt 2.70526028 -1.30899692
vt 2.70526028 -1.30899692
vt 2.44346094 -1.30899692
vt 2.70526028 -1.57079637
vt 2.44346094 -1.30899692
vt 2.44346094 -1.57079637
vt 2.70526028 -1.57079637
vt 2.44346094 0.00000000
vt 2.18166161 0.00000000
vt 2.44346094 -0.26179940
vt 2.18166161 0.00000000
vt 2.18166161 -0.26179940
vt 2.44346094 -0.26179940
vt 2.44346094 -0.26179940
vt 2.18166161 -0.26179940
vt 2.44346094 -0.52359879
vt 2.18166161 -0.26179940
vt 2.18166161 -0.52359879
vt 2.44346094 -0.52359879
vt 2.44346094 -0.52359879
vt 2.18166161 -0.52359879
vt 2.44346094 -0.78539819
vt 2.18166161 -0.52359879
vt 2.18166161 -0.78539819
vt 2.44346094 -0.78539819
vt 2.44346094 -0.78539819
vt 2.18166161 -0.78539819
vt 2.44346094 -1.04719758
vt 2.18166161 -0.78539819
vt 2.18166161 -1.04719758
vt 2.44346094 -1.04719758
vt 2.44346094 -1.04719758
vt 2.18166161 -1.04719758
vt 2.44346094 -1.30899692
vt 2.18166161 -1.04719758
vt 2.18166161 -1.30899692
vt 2.44346094 -1.30899692
vt 2.44346094 -1.30899692
vt 2.18166161 -1.30899692
vt 2.44346094 -1.57079637
vt 2.18166161 -1.30899692
vt 2.18166161 -1.57079637
vt 2.44346094 -1.57079637
vt 2.18166161 0.00000000
vt 1.91986215 0.00000000
vt 2.18166161 -0.26179940
vt 1.91986215 0.00000000
vt 1.91986215 -0.26179940
vt 2.18166161 -0.26179940
vt 2.18166161 -0.26179940
vt 1.91986215 -0.26179940
vt 2.18166161 -0.52359879
vt 1.91986215 -0.26179940
vt 1.91986215 -0.52359879
vt 2.18166161 -0.52359879
vt 2.18166161 -0.52359879
vt 1.91986215 -0.52359879
vt 2.18166161 -0.78539819
vt 1.91986215 -0.52359879
vt 1.91986215 -0.78539819
vt 2.18166161 -0.78539819
vt 2.18166161 -0.78539819
vt 1.91986215 -0.78539819
vt 2.18166161 -1.04719758
vt 1.91986215 -0.78539819
vt 1.91986215 -1.04719758
vt 2.18166161 -1.04719758
vt 2.18166161 -1.04719758
vt 1.91986215 -1.04719758
vt 2.18166161 -1.30899692
vt 1.91986215 -1.04719758
vt 1.91986215 -1.30899692
vt 2.18166161 -1.30899692
vt 2.18166161 -1.30899692
vt 1.91986215 -1.30899692
vt 2.18166161 -1.57079637
vt 1.91986215 -1.30899692
vt 1.91986215 -1.57079637
vt 2.18166161 -1.57079637
vt 0.43633232 0.00000000
vt 0.21816616 0.00000000
vt 0.43633232 -0.26179940
vt 0.21816616 0.00000000
vt 0.21816616 -0.26179940
vt 0.43633232 -0.26179940
vt 0.43633232 -0.26179940
vt 0.21816616 -0.26179940
vt 0.43633232 -0.52359879
vt 0.21816616 -0.26179940
vt 0.21816616 -0.52359879
vt 0.43633232 -0.52359879
vt 0.43633232 -0.52359879
vt 0.21816616 -0.52359879
vt 0.43633232 -0.78539819
vt 0.21816616 -0.52359879
vt 0.21816616 -0.78539819
vt 0.43633232 -0.78539819
vt 0.43633232 -0.78539819
vt 0.21816616 -0.78539819
vt 0.43633232 -1.04719758
vt 0.21816616 -0.78539819
vt 0.21816616 -1.04719758
vt 0.43633232 -1.04719758
vt 0.43633232 -1.04719758
vt 0.21816616 -1.04719758
vt 0.43633232 -1.30899692
vt 0.21816616 -1.04719758
vt 0.21816616 -1.30899692
vt 0.43633232 -1.30899692
vt 0.43633232 -1.30899692
vt 0.21816616 -1.30899692
vt 0.43633232 -1.57079637
vt 0.21816616 -1.30899692
vt 0.21816616 -1.57079637
vt 0.43633232 -1.57079637
vt 0.21816616 0.00000000
vt -0.00000000 0.00000000
vt 0.21816616 -0.26179940
vt -0.00000000 0.00000000
vt 0.00000000 -0.26179940
vt 0.21816616 -0.26179940
vt 0.21816616 -0.26179940
vt 0.00000000 -0.26179940
vt 0.21816616 -0.52359879
vt 0.00000000 -0.26179940
vt 0.00000000 -0.52359879
vt 0.21816616 -0.52359879
vt 0.21816616 -0.52359879
vt 0.00000000 -0.52359879
vt 0.21816616 -0.78539819
vt 0.00000000 -0.52359879
vt 0.00000000 -0.78539819
vt 0.21816616 -0.78539819
vt 0.21816616 -0.78539819
vt 0.00000000 -0.78539819
vt 0.21816616 -1.04719758
vt 0.00000000 -0.78539819
vt 0.00000000 -1.04719758
vt 0.21816616 -1.04719758
vt 0.21816616 -1.04719758
vt 0.00000000 -1.04719758
vt 0.21816616 -1.30899692
vt 0.00000000 -1.04719758
vt 0.00000000 -1.30899692
vt 0.21816616 -1.30899692
vt 0.21816616 -1.30899692
vt 0.00000000 -1.30899692
vt 0.21816616 -1.57079637
vt 0.00000000 -1.30899692
vt 0.00000000 -1.57079637
vt 0.21816616 -1.57079637
vt 3.14159274 -0.00000000
vt 3.14159274 0.00300000
vt 2.87979317 0.00300000
vt 3.14159274 -0.00000000
vt 2.87979317 0.00300000
vt 2.87979317 -0.00000000
vt 2.87979317 0.00300000
vt 2.61799383 0.00300000
vt 2.87979317 -0.00000000
vt 2.87979317 -0.00000000
vt 2.61799383 0.00300000
vt 2.61799383 -0.00000000
vt 2.61799383 0.00300000
vt 2.35619450 0.00300000
vt 2.61799383 -0.00000000
vt 2.61799383 -0.00000000
vt 2.35619450 0.00300000
vt 2.35619450 -0.00000000
vt 2.35619450 0.00300000
vt 2.09439516 0.00300000
vt 2.35619450 -0.00000000
vt 2.35619450 -0.00000000
vt 2.09439516 0.00300000
vt 2.09439516 -0.00000000
vt 2.09439516 0.00300000
vt 1.83259571 0.00300000
vt 2.09439516 -0.00000000
vt 2.09439516 -0.00000000
vt 1.83259571 0.00300000
vt 1.83259571 -0.00000000
vt 1.83259571 0.00300000
vt 1.57079637 0.00300000
vt 1.83259571 -0.00000000
vt 1.83259571 -0.00000000
vt 1.57079637 0.00300000
vt 1.57079637 -0.00000000
vt 3.14159274 0.00356559
vt 3.14159274 0.01356559
vt 2.91719317 0.00356559
vt 3.14159274 0.01356559
vt 2.87979317 0.01356559
vt 2.91719317 0.00356559
vt 2.91719317 0.00356559
vt 2.87979317 0.01356559
vt 2.88005519 0.00356559
vt 2.88005519 0.00356559
vt 2.87979317 0.01356559
vt 2.69279361 0.00356559
vt 2.87979317 0.01356559
vt 2.61799383 0.01356559
vt 2.69279361 0.00356559
vt 2.69279361 0.00356559
vt 2.61799383 0.01356559
vt 2.61820412 0.00356559
vt 2.61820412 0.00356559
vt 2.61799383 0.01356559
vt 2.46839428 0.00356559
vt 2.61799383 0.01356559
vt 2.35619450 0.01356559
vt 2.46839428 0.00356559
vt 2.46839428 0.00356559
vt 2.35619450 0.01356559
vt 2.35619450 0.00356559
vt 2.35619450 0.00356559
vt 2.35619450 0.01356559
vt 2.24399471 0.00356559
vt 2.35619450 0.01356559
vt 2.09439516 0.01356559
vt 2.24399471 0.00356559
vt 2.24399471 0.00356559
vt 2.09439516 0.01356559
vt 2.09418488 0.00356559
vt 2.09418488 0.00356559
vt 2.09439516 0.01356559
vt 2.01959538 0.00356559
vt 2.09439516 0.01356559
vt 1.83259571 0.01356559
vt 2.01959538 0.00356559
vt 2.01959538 0.00356559
vt 1.83259571 0.01356559
vt 1.83233392 0.00356559
vt 1.83233392 0.00356559
vt 1.83259571 0.01356559
vt 1.79519582 0.00356559
vt 1.83259571 0.01356559
vt 1.57079637 0.01356559
vt 1.79519582 0.00356559
vt 1.79519582 0.00356559
vt 1.57079637 0.01356559
vt 1.57079637 0.00356559
vt 1.74532926 0.00000000
vt 1.57079637 0.00000000
vt 1.74532926 -0.26179940
vt 1.57079637 0.00000000
vt 1.57079637 -0.22479205
vt 1.74532926 -0.26179940
vt 1.57079637 -0.22479205
vt 1.57079637 -0.26179940
vt 1.74532926 -0.26179940
vt 1.57079637 -0.26179940
vt 1.57079637 -0.44919318
vt 1.74532926 -0.26179940
vt 1.74532926 -0.26179940
vt 1.57079637 -0.44919318
vt 1.74532926 -0.52359879
vt 1.57079637 -0.44919318
vt 1.57079637 -0.52359879
vt 1.74532926 -0.52359879
vt 1.57079637 -0.52359879
vt 1.57079637 -0.67335647
vt 1.74532926 -0.52359879
vt 1.74532926 -0.52359879
vt 1.57079637 -0.67335647
vt 1.74532926 -0.78539819
vt 1.57079637 -0.67335647
vt 1.57079637 -0.78539819
vt 1.74532926 -0.78539819
vt 1.57079637 -0.78539819
vt 1.57079637 -0.89743990
vt 1.74532926 -0.78539819
vt 1.74532926 -0.78539819
vt 1.57079637 -0.89743990
vt 1.74532926 -1.04719758
vt 1.57079637 -0.89743990
vt 1.57079637 -1.04719758
vt 1.74532926 -1.04719758
vt 1.57079637 -1.04719758
vt 1.57079637 -1.12160313
vt 1.74532926 -1.04719758
vt 1.74532926 -1.04719758
vt 1.57079637 -1.12160313
vt 1.74532926 -1.30899692
vt 1.91986215 0.00000000
vt 1.74532926 0.00000000
vt 1.91986215 -0.26179940
vt 1.74532926 0.00000000
vt 1.74532926 -0.26179940
vt 1.91986215 -0.26179940
vt 1.91986215 -0.26179940
vt 1.74532926 -0.26179940
vt 1.91986215 -0.52359879
vt 1.74532926 -0.26179940
vt 1.74532926 -0.52359879
vt 1.91986215 -0.52359879
vt 1.91986215 -0.52359879
vt 1.74532926 -0.52359879
vt 1.91986215 -0.78539819
vt 1.74532926 -0.52359879
vt 1.74532926 -0.78539819
vt 1.91986215 -0.78539819
vt 1.91986215 -0.78539819
vt 1.74532926 -0.78539819
vt 1.91986215 -1.04719758
vt 1.74532926 -0.78539819
vt 1.74532926 -1.04719758
vt 1.91986215 -1.04719758
vt 1.91986215 -1.04719758
vt 1.74532926 -1.04719758
vt 1.91986215 -1.30899692
vt 1.74532926 -1.04719758
vt 1.74532926 -1.30899692
vt 1.91986215 -1.30899692
vt 1.91986215 -1.30899692
vt 1.74532926 -1.30899692
vt 1.91986215 -1.57079637
vt 1.74532926 -1.30899692
vt 1.74532926 -1.57079637
vt 1.91986215 -1.57079637
vt 1.57079637 -1.57079637
vt 1.74532926 -1.57079637
vt 1.57079637 -1.34600425
vt 1.74532926 -1.57079637
vt 1.74532926 -1.30899692
vt 1.57079637 -1.34600425
vt 1.57079637 -1.34600425
vt 1.74532926 -1.30899692
vt 1.57079637 -1.30899692
vt 1.74532926 -1.30899692
vt 1.57079637 -1.12160313
vt 1.57079637 -1.30899692
vt 2.44346094 -1.57079637
vt 2.44346094 -1.34639680
vt 2.19256997 -1.34639680
vt 2.44346094 -1.34639680
vt 2.44346094 -1.12199736
vt 2.19256997 -1.12199736
vt 2.44346094 -1.12199736
vt 2.44346094 -0.89759791
vt 2.19256997 -0.89759791
vt 2.44346094 -0.67319840
vt 2.44346094 -0.44879895
vt 2.19256997 -0.44879895
vt 2.44346094 -0.22439948
vt 2.44346094 0.00000000
vt 2.19256997 0.00000000
vt 2.44346094 -0.22439948
vt 2.19256997 0.00000000
vt 2.19256997 -0.22439948
vt 2.19256997 0.00000000
vt 1.94167876 0.00000000
vt 2.19256997 -0.22439948
vt 2.19256997 -0.22439948
vt 1.94167876 0.00000000
vt 1.94167876 -0.22439948
vt 1.94167876 0.00000000
vt 1.69078767 0.00000000
vt 1.94167876 -0.22439948
vt 1.94167876 -0.22439948
vt 1.69078767 0.00000000
vt 1.69078767 -0.22439948
vt 1.69078767 0.00000000
vt 1.43989658 0.00000000
vt 1.69078767 -0.22439948
vt 1.69078767 -0.22439948
vt 1.43989658 0.00000000
vt 1.43989658 -0.22439948
vt 1.43989658 0.00000000
vt 1.18900549 0.00000000
vt 1.43989658 -0.22439948
vt 1.43989658 -0.22439948
vt 1.18900549 0.00000000
vt 1.18900549 -0.22439948
vt 1.18900549 0.00000000
vt 0.93811446 0.00000000
vt 1.18900549 -0.22439948
vt 1.18900549 -0.22439948
vt 0.93811446 0.00000000
vt 0.93811446 -0.22439948
vt 0.93811446 0.00000000
vt 0.68722337 0.00000000
vt 0.93811446 -0.22439948
vt 0.93811446 -0.22439948
vt 0.68722337 0.00000000
vt 0.68722337 -0.22439948
vt 0.68722337 0.00000000
vt 0.43633232 0.00000000
vt 0.68722337 -0.22439948
vt 0.43633232 0.00000000
vt 0.43633232 -0.22439948
vt 0.68722337 -0.22439948
vt 0.68722337 -0.22439948
vt 0.43633232 -0.22439948
vt 0.43633232 -0.26153755
vt 0.43633232 -0.26153755
vt 0.68722337 -0.44879895
vt 0.68722337 -0.22439948
vt 0.68722337 -0.44879895
vt 0.93811446 -0.44879895
vt 0.68722337 -0.22439948
vt 0.68722337 -0.22439948
vt 0.93811446 -0.44879895
vt 0.93811446 -0.22439948
vt 0.93811446 -0.44879895
vt 1.18900549 -0.44879895
vt 0.93811446 -0.22439948
vt 0.93811446 -0.22439948
vt 1.18900549 -0.44879895
vt 1.18900549 -0.22439948
vt 1.18900549 -0.44879895
vt 1.43989658 -0.44879895
vt 1.18900549 -0.22439948
vt 1.18900549 -0.22439948
vt 1.43989658 -0.44879895
vt 1.43989658 -0.22439948
vt 1.43989658 -0.44879895
vt 1.69078767 -0.44879895
vt 1.43989658 -0.22439948
vt 1.43989658 -0.22439948
vt 1.69078767 -0.44879895
vt 1.69078767 -0.22439948
vt 1.69078767 -0.44879895
vt 1.94167876 -0.44879895
vt 1.69078767 -0.22439948
vt 1.69078767 -0.22439948
vt 1.94167876 -0.44879895
vt 1.94167876 -0.22439948
vt 1.94167876 -0.44879895
vt 2.19256997 -0.44879895
vt 1.94167876 -0.22439948
vt 1.94167876 -0.22439948
vt 2.19256997 -0.44879895
vt 2.19256997 -0.22439948
vt 2.19256997 -0.44879895
vt 2.44346094 -0.44879895
vt 2.19256997 -0.22439948
vt 2.19256997 -0.22439948
vt 2.44346094 -0.44879895
vt 2.44346094 -0.22439948
vt 2.44346094 -0.67319840
vt 2.19256997 -0.44879895
vt 2.19256997 -0.67319840
vt 2.19256997 -0.44879895
vt 1.94167876 -0.44879895
vt 2.19256997 -0.67319840
vt 2.19256997 -0.67319840
vt 1.94167876 -0.44879895
vt 1.94167876 -0.67319840
vt 1.94167876 -0.44879895
vt 1.69078767 -0.44879895
vt 1.94167876 -0.67319840
vt 1.94167876 -0.67319840
vt 1.69078767 -0.44879895
vt 1.69078767 -0.67319840
vt 1.69078767 -0.44879895
vt 1.43989658 -0.44879895
vt 1.69078767 -0.67319840
vt 1.69078767 -0.67319840
vt 1.43989658 -0.44879895
vt 1.43989658 -0.67319840
vt 1.43989658 -0.44879895
vt 1.18900549 -0.44879895
vt 1.43989658 -0.67319840
vt 1.43989658 -0.67319840
vt 1.18900549 -0.44879895
vt 1.18900549 -0.67319840
vt 1.18900549 -0.44879895
vt 0.93811446 -0.44879895
vt 1.18900549 -0.67319840
vt 1.18900549 -0.67319840
vt 0.93811446 -0.44879895
vt 0.93811446 -0.67319840
vt 0.93811446 -0.44879895
vt 0.68722337 -0.44879895
vt 0.93811446 -0.67319840
vt 0.93811446 -0.67319840
vt 0.68722337 -0.44879895
vt 0.68722337 -0.67319840
vt 0.43633232 -0.26153755
vt 0.43633232 -0.44879895
vt 0.68722337 -0.44879895
vt 0.43633232 -0.44879895
vt 0.43633232 -0.52338862
vt 0.68722337 -0.44879895
vt 0.68722337 -0.44879895
vt 0.43633232 -0.52338862
vt 0.68722337 -0.67319840
vt 0.43633232 -0.52338862
vt 0.43633232 -0.67319840
vt 0.68722337 -0.67319840
vt 0.68722337 -0.67319840
vt 0.43633232 -0.67319840
vt 0.43633232 -0.78539819
vt 0.43633232 -0.78539819
vt 0.68722337 -0.89759791
vt 0.68722337 -0.67319840
vt 0.68722337 -0.89759791
vt 0.93811446 -0.89759791
vt 0.68722337 -0.67319840
vt 0.68722337 -0.67319840
vt 0.93811446 -0.89759791
vt 0.93811446 -0.67319840
vt 0.93811446 -0.89759791
vt 1.18900549 -0.89759791
vt 0.93811446 -0.67319840
vt 0.93811446 -0.67319840
vt 1.18900549 -0.89759791
vt 1.18900549 -0.67319840
vt 1.18900549 -0.89759791
vt 1.43989658 -0.89759791
vt 1.18900549 -0.67319840
vt 1.18900549 -0.67319840
vt 1.43989658 -0.89759791
vt 1.43989658 -0.67319840
vt 1.43989658 -0.89759791
vt 1.69078767 -0.89759791
vt 1.43989658 -0.67319840
vt 1.43989658 -0.67319840
vt 1.69078767 -0.89759791
vt 1.69078767 -0.67319840
vt 1.69078767 -0.89759791
vt 1.94167876 -0.89759791
vt 1.69078767 -0.67319840
vt 1.69078767 -0.67319840
vt 1.94167876 -0.89759791
vt 1.94167876 -0.67319840
vt 1.94167876 -0.89759791
vt 2.19256997 -0.89759791
vt 1.94167876 -0.67319840
vt 1.94167876 -0.67319840
vt 2.19256997 -0.89759791
vt 2.19256997 -0.67319840
vt 2.19256997 -0.89759791
vt 2.44346094 -0.89759791
vt 2.19256997 -0.67319840
vt 2.19256997 -0.67319840
vt 2.44346094 -0.89759791
vt 2.44346094 -0.67319840
vt 2.44346094 -1.12199736
vt 2.19256997 -0.89759791
vt 2.19256997 -1.12199736
vt 2.19256997 -0.89759791
vt 1.94167876 -0.89759791
vt 2.19256997 -1.12199736
vt 2.19256997 -1.12199736
vt 1.94167876 -0.89759791
vt 1.94167876 -1.12199736
vt 1.94167876 -0.89759791
vt 1.69078767 -0.89759791
vt 1.94167876 -1.12199736
vt 1.94167876 -1.12199736
vt 1.69078767 -0.89759791
vt 1.69078767 -1.12199736
vt 1.69078767 -0.89759791
vt 1.43989658 -0.89759791
vt 1.69078767 -1.12199736
vt 1.69078767 -1.12199736
vt 1.43989658 -0.89759791
vt 1.43989658 -1.12199736
vt 1.43989658 -0.89759791
vt 1.18900549 -0.89759791
vt 1.43989658 -1.12199736
vt 1.43989658 -1.12199736
vt 1.18900549 -0.89759791
vt 1.18900549 -1.12199736
vt 1.18900549 -0.89759791
vt 0.93811446 -0.89759791
vt 1.18900549 -1.12199736
vt 1.18900549 -1.12199736
vt 0.93811446 -0.89759791
vt 0.93811446 -1.12199736
vt 0.93811446 -0.89759791
vt 0.68722337 -0.89759791
vt 0.93811446 -1.12199736
vt 0.93811446 -1.12199736
vt 0.68722337 -0.89759791
vt 0.68722337 -1.12199736
vt 0.43633232 -0.78539819
vt 0.43633232 -0.89759791
vt 0.68722337 -0.89759791
vt 0.43633232 -0.89759791
vt 0.43633232 -1.04740763
vt 0.68722337 -0.89759791
vt 0.68722337 -0.89759791
vt 0.43633232 -1.04740763
vt 0.68722337 -1.12199736
vt 0.43633232 -1.04740763
vt 0.43633232 -1.12199736
vt 0.68722337 -1.12199736
vt 0.68722337 -1.12199736
vt 0.43633232 -1.12199736
vt 0.43633232 -1.30925882
vt 2.44346094 -1.34639680
vt 2.19256997 -1.12199736
vt 2.19256997 -1.34639680
vt 2.19256997 -1.12199736
vt 1.94167876 -1.12199736
vt 2.19256997 -1.34639680
vt 2.19256997 -1.34639680
vt 1.94167876 -1.12199736
vt 1.94167876 -1.34639680
vt 1.94167876 -1.12199736
vt 1.69078767 -1.12199736
vt 1.94167876 -1.34639680
vt 1.94167876 -1.34639680
vt 1.69078767 -1.12199736
vt 1.69078767 -1.34639680
vt 1.69078767 -1.12199736
vt 1.43989658 -1.12199736
vt 1.69078767 -1.34639680
vt 1.69078767 -1.34639680
vt 1.43989658 -1.12199736
vt 1.43989658 -1.34639680
vt 1.43989658 -1.12199736
vt 1.18900549 -1.12199736
vt 1.43989658 -1.34639680
vt 1.43989658 -1.34639680
vt 1.18900549 -1.12199736
vt 1.18900549 -1.34639680
vt 1.18900549 -1.12199736
vt 0.93811446 -1.12199736
vt 1.18900549 -1.34639680
vt 1.18900549 -1.34639680
vt 0.93811446 -1.12199736
vt 0.93811446 -1.34639680
vt 0.93811446 -1.12199736
vt 0.68722337 -1.12199736
vt 0.93811446 -1.34639680
vt 0.93811446 -1.34639680
vt 0.68722337 -1.12199736
vt 0.68722337 -1.34639680
vt 0.68722337 -1.12199736
vt 0.43633232 -1.30925882
vt 0.68722337 -1.34639680
vt 0.68722337 -1.34639680
vt 0.43633232 -1.30925882
vt 0.43633232 -1.34639680
vt 2.44346094 -1.57079637
vt 2.19256997 -1.34639680
vt 2.19256997 -1.57079637
vt 2.19256997 -1.34639680
vt 1.94167876 -1.34639680
vt 2.19256997 -1.57079637
vt 2.19256997 -1.57079637
vt 1.94167876 -1.34639680
vt 1.94167876 -1.57079637
vt 1.94167876 -1.34639680
vt 1.69078767 -1.34639680
vt 1.94167876 -1.57079637
vt 1.94167876 -1.57079637
vt 1.69078767 -1.34639680
vt 1.69078767 -1.57079637
vt 1.69078767 -1.34639680
vt 1.43989658 -1.34639680
vt 1.69078767 -1.57079637
vt 1.69078767 -1.57079637
vt 1.43989658 -1.34639680
vt 1.43989658 -1.57079637
vt 1.43989658 -1.34639680
vt 1.18900549 -1.34639680
vt 1.43989658 -1.57079637
vt 1.43989658 -1.57079637
vt 1.18900549 -1.34639680
vt 1.18900549 -1.57079637
vt 1.18900549 -1.34639680
vt 0.93811446 -1.34639680
vt 1.18900549 -1.57079637
vt 1.18900549 -1.57079637
vt 0.93811446 -1.34639680
vt 0.93811446 -1.57079637
vt 0.93811446 -1.34639680
vt 0.68722337 -1.34639680
vt 0.93811446 -1.57079637
vt 0.93811446 -1.57079637
vt 0.68722337 -1.34639680
vt 0.68722337 -1.57079637
vt 0.68722337 -1.34639680
vt 0.43633232 -1.34639680
vt 0.68722337 -1.57079637
vt 0.68722337 -1.57079637
vt 0.43633232 -1.34639680
vt 0.43633232 -1.57079637
vt 2.87979317 0.00281908
vt 2.91680050 0.00281908
vt 2.91719317 0.00695470
vt 2.91680050 0.00281908
vt 3.14159274 0.00281908
vt 2.91719317 0.00695470
vt 2.91719317 0.00695470
vt 3.14159274 0.00281908
vt 3.14159274 0.00695470
vt 2.87979317 0.00281908
vt 2.91719317 0.00695470
vt 2.69239950 0.00281908
vt 2.91719317 0.00695470
vt 2.69279361 0.00695470
vt 2.69239950 0.00281908
vt 2.69239950 0.00281908
vt 2.69279361 0.00695470
vt 2.61799383 0.00281908
vt 2.69279361 0.00695470
vt 2.46839428 0.00695470
vt 2.61799383 0.00281908
vt 2.61799383 0.00281908
vt 2.46839428 0.00695470
vt 2.46823621 0.00281908
vt 2.46823621 0.00281908
vt 2.46839428 0.00695470
vt 2.35619450 0.00281908
vt 2.46839428 0.00695470
vt 2.24399471 0.00695470
vt 2.35619450 0.00281908
vt 2.35619450 0.00281908
vt 2.24399471 0.00695470
vt 2.24415278 0.00281908
vt 2.24415278 0.00281908
vt 2.24399471 0.00695470
vt 2.09439516 0.00281908
vt 2.24399471 0.00695470
vt 2.01959538 0.00695470
vt 2.09439516 0.00281908
vt 2.09439516 0.00281908
vt 2.01959538 0.00695470
vt 2.01998949 0.00281908
vt 2.01998949 0.00281908
vt 2.01959538 0.00695470
vt 1.83259571 0.00281908
vt 2.01959538 0.00695470
vt 1.79519582 0.00695470
vt 1.83259571 0.00281908
vt 1.83259571 0.00281908
vt 1.79519582 0.00695470
vt 1.79558837 0.00281908
vt 1.79519582 0.00695470
vt 1.57079637 0.00695470
vt 1.79558837 0.00281908
vt 1.79558837 0.00281908
vt 1.57079637 0.00695470
vt 1.57079637 0.00281908
vt 3.14159274 0.07590850
vt 2.91719317 0.07590850
vt 3.14159274 0.06794623
vt 2.91719317 0.07590850
vt 2.91680050 0.06794623
vt 3.14159274 0.06794623
vt 2.91680050 0.06794623
vt 2.91719317 0.07590850
vt 2.87979317 0.06794623
vt 2.91719317 0.07590850
vt 2.69279361 0.07590850
vt 2.87979317 0.06794623
vt 2.87979317 0.06794623
vt 2.69279361 0.07590850
vt 2.69239950 0.06794623
vt 2.69239950 0.06794623
vt 2.69279361 0.07590850
vt 2.61799383 0.06794623
vt 2.69279361 0.07590850
vt 2.46839428 0.07590850
vt 2.61799383 0.06794623
vt 2.61799383 0.06794623
vt 2.46839428 0.07590850
vt 2.46823621 0.06794623
vt 2.46823621 0.06794623
vt 2.46839428 0.07590850
vt 2.35619450 0.06794623
vt 2.46839428 0.07590850
vt 2.24399471 0.07590850
vt 2.35619450 0.06794623
vt 2.35619450 0.06794623
vt 2.24399471 0.07590850
vt 2.24415278 0.06794623
vt 2.24415278 0.06794623
vt 2.24399471 0.07590850
vt 2.09439516 0.06794623
vt 2.24399471 0.07590850
vt 2.01959538 0.07590850
vt 2.09439516 0.06794623
vt 2.09439516 0.06794623
vt 2.01959538 0.07590850
vt 2.01998949 0.06794623
vt 2.01998949 0.06794623
vt 2.01959538 0.07590850
vt 1.83259571 0.06794623
vt 2.01959538 0.07590850
vt 1.79519582 0.07590850
vt 1.83259571 0.06794623
vt 1.83259571 0.06794623
vt 1.79519582 0.07590850
vt 1.79558837 0.06794623
vt 1.79519582 0.07590850
vt 1.57079637 0.07590850
vt 1.79558837 0.06794623
vt 1.79558837 0.06794623
vt 1.57079637 0.07590850
vt 1.57079637 0.06794623
vt 5.06145477 -1.57079637
vt 4.88692188 -1.57079637
vt 5.06145477 -1.79519582
vt 4.88692188 -1.57079637
vt 4.88692188 -1.79519582
vt 5.06145477 -1.79519582
vt 5.06145477 -1.79519582
vt 4.88692188 -1.79519582
vt 5.06145477 -1.83233392
vt 4.88692188 -1.79519582
vt 4.88692188 -2.01959538
vt 5.06145477 -1.83233392
vt 4.88692188 -2.24399471
vt 5.06145477 -2.09418488
vt 4.88692188 -2.01959538
vt 5.06145477 -2.09418488
vt 5.06145477 -2.01959538
vt 4.88692188 -2.01959538
vt 4.88692188 -2.01959538
vt 5.06145477 -2.01959538
vt 5.06145477 -1.83233392
vt 4.88692188 -2.46839428
vt 5.06145477 -2.35619450
vt 4.88692188 -2.24399471
vt 5.06145477 -2.35619450
vt 5.06145477 -2.24399471
vt 4.88692188 -2.24399471
vt 4.88692188 -2.24399471
vt 5.06145477 -2.24399471
vt 5.06145477 -2.09418488
vt 4.88692188 -2.69279361
vt 5.06145477 -2.61820412
vt 4.88692188 -2.46839428
vt 5.06145477 -2.61820412
vt 5.06145477 -2.46839428
vt 4.88692188 -2.46839428
vt 4.88692188 -2.46839428
vt 5.06145477 -2.46839428
vt 5.06145477 -2.35619450
vt 4.88692188 -2.91719317
vt 5.06145477 -2.88005519
vt 4.88692188 -2.69279361
vt 5.06145477 -2.88005519
vt 5.06145477 -2.69279361
vt 4.88692188 -2.69279361
vt 4.88692188 -2.69279361
vt 5.06145477 -2.69279361
vt 5.06145477 -2.61820412
vt 4.88692188 -3.14159274
vt 5.06145477 -3.14159274
vt 4.88692188 -2.91719317
vt 5.06145477 -3.14159274
vt 5.06145477 -2.91719317
vt 4.88692188 -2.91719317
vt 4.88692188 -2.91719317
vt 5.06145477 -2.91719317
vt 5.06145477 -2.88005519
vt 4.88692188 -1.57079637
vt 4.71238899 -1.57079637
vt 4.88692188 -1.79519582
vt 4.71238899 -1.57079637
vt 4.71238899 -1.79519582
vt 4.88692188 -1.79519582
vt 4.88692188 -1.79519582
vt 4.71238899 -1.79519582
vt 4.88692188 -2.01959538
vt 4.71238899 -1.79519582
vt 4.71238899 -2.01959538
vt 4.88692188 -2.01959538
vt 4.88692188 -2.01959538
vt 4.71238899 -2.01959538
vt 4.88692188 -2.24399471
vt 4.71238899 -2.01959538
vt 4.71238899 -2.24399471
vt 4.88692188 -2.24399471
vt 4.88692188 -2.24399471
vt 4.71238899 -2.24399471
vt 4.88692188 -2.46839428
vt 4.71238899 -2.24399471
vt 4.71238899 -2.46839428
vt 4.88692188 -2.46839428
vt 4.88692188 -2.46839428
vt 4.71238899 -2.46839428
vt 4.88692188 -2.69279361
vt 4.71238899 -2.46839428
vt 4.71238899 -2.69279361
vt 4.88692188 -2.69279361
vt 4.88692188 -2.69279361
vt 4.71238899 -2.69279361
vt 4.88692188 -2.91719317
vt 4.71238899 -2.69279361
vt 4.71238899 -2.91719317
vt 4.88692188 -2.91719317
vt 4.88692188 -2.91719317
vt 4.71238899 -2.91719317
vt 4.88692188 -3.14159274
vt 4.71238899 -2.91719317
vt 4.71238899 -3.14159274
vt 4.88692188 -3.14159274
vt 5.58505344 -1.57079637
vt 5.41052055 -1.57079637
vt 5.58505344 -1.79558837
vt 5.41052055 -1.57079637
vt 5.41052055 -1.83259571
vt 5.58505344 -1.79558837
vt 5.58505344 -1.79558837
vt 5.41052055 -1.83259571
vt 5.58505344 -1.83259571
vt 5.58505344 -1.83259571
vt 5.41052055 -1.83259571
vt 5.58505344 -2.01998949
vt 5.41052055 -1.83259571
vt 5.41052055 -2.09439516
vt 5.58505344 -2.01998949
vt 5.58505344 -2.01998949
vt 5.41052055 -2.09439516
vt 5.58505344 -2.09439516
vt 5.58505344 -2.09439516
vt 5.41052055 -2.09439516
vt 5.58505344 -2.24415278
vt 5.41052055 -2.09439516
vt 5.41052055 -2.35619450
vt 5.58505344 -2.24415278
vt 5.58505344 -2.24415278
vt 5.41052055 -2.35619450
vt 5.58505344 -2.35619450
vt 5.58505344 -2.35619450
vt 5.41052055 -2.35619450
vt 5.58505344 -2.46823621
vt 5.41052055 -2.35619450
vt 5.41052055 -2.61799383
vt 5.58505344 -2.46823621
vt 5.58505344 -2.46823621
vt 5.41052055 -2.61799383
vt 5.58505344 -2.61799383
vt 5.58505344 -2.61799383
vt 5.41052055 -2.61799383
vt 5.58505344 -2.69239950
vt 5.41052055 -2.61799383
vt 5.41052055 -2.87979317
vt 5.58505344 -2.69239950
vt 5.58505344 -2.69239950
vt 5.41052055 -2.87979317
vt 5.58505344 -2.87979317
vt 5.58505344 -2.87979317
vt 5.41052055 -2.87979317
vt 5.58505344 -2.91680050
vt 5.41052055 -2.87979317
vt 5.41052055 -3.14159274
vt 5.58505344 -2.91680050
vt 5.58505344 -2.91680050
vt 5.41052055 -3.14159274
vt 5.58505344 -3.14159274
vt 5.41052055 -1.57079637
vt 5.23598766 -1.57079637
vt 5.41052055 -1.83259571
vt 5.23598766 -1.57079637
vt 5.23598766 -1.83259571
vt 5.41052055 -1.83259571
vt 5.41052055 -1.83259571
vt 5.23598766 -1.83259571
vt 5.41052055 -2.09439516
vt 5.23598766 -1.83259571
vt 5.23598766 -2.09439516
vt 5.41052055 -2.09439516
vt 5.41052055 -2.09439516
vt 5.23598766 -2.09439516
vt 5.41052055 -2.35619450
vt 5.23598766 -2.09439516
vt 5.23598766 -2.35619450
vt 5.41052055 -2.35619450
vt 5.41052055 -2.35619450
vt 5.23598766 -2.35619450
vt 5.41052055 -2.61799383
vt 5.23598766 -2.35619450
vt 5.23598766 -2.61799383
vt 5.41052055 -2.61799383
vt 5.41052055 -2.61799383
vt 5.23598766 -2.61799383
vt 5.41052055 -2.87979317
vt 5.23598766 -2.61799383
vt 5.23598766 -2.87979317
vt 5.41052055 -2.87979317
vt 5.41052055 -2.87979317
vt 5.23598766 -2.87979317
vt 5.41052055 -3.14159274
vt 5.23598766 -2.87979317
vt 5.23598766 -3.14159274
vt 5.41052055 -3.14159274
vt 5.23598766 -1.57079637
vt 5.06145477 -1.57079637
vt 5.23598766 -1.83259571
vt 5.06145477 -1.57079637
vt 5.06145477 -1.83259571
vt 5.23598766 -1.83259571
vt 5.23598766 -1.83259571
vt 5.06145477 -1.83259571
vt 5.23598766 -2.09439516
vt 5.06145477 -1.83259571
vt 5.06145477 -2.09439516
vt 5.23598766 -2.09439516
vt 5.23598766 -2.09439516
vt 5.06145477 -2.09439516
vt 5.23598766 -2.35619450
vt 5.06145477 -2.09439516
vt 5.06145477 -2.35619450
vt 5.23598766 -2.35619450
vt 5.23598766 -2.35619450
vt 5.06145477 -2.35619450
vt 5.23598766 -2.61799383
vt 5.06145477 -2.35619450
vt 5.06145477 -2.61799383
vt 5.23598766 -2.61799383
vt 5.23598766 -2.61799383
vt 5.06145477 -2.61799383
vt 5.23598766 -2.87979317
vt 5.06145477 -2.61799383
vt 5.06145477 -2.87979317
vt 5.23598766 -2.87979317
vt 5.23598766 -2.87979317
vt 5.06145477 -2.87979317
vt 5.23598766 -3.14159274
vt 5.06145477 -2.87979317
vt 5.06145477 -3.14159274
vt 5.23598766 -3.14159274
vt 2.91719317 0.01304258
vt 3.14159274 0.01304258
vt 3.14159274 0.06950861
vt 2.91719317 0.01304258
vt 3.14159274 0.06950861
vt 2.88005519 0.01304258
vt 3.14159274 0.06950861
vt 2.87979317 0.06950861
vt 2.88005519 0.01304258
vt 2.88005519 0.01304258
vt 2.87979317 0.06950861
vt 2.69279361 0.01304258
vt 2.69279361 0.01304258
vt 2.87979317 0.06950861
vt 2.61820412 0.01304258
vt 2.87979317 0.06950861
vt 2.61799383 0.06950861
vt 2.61820412 0.01304258
vt 2.61820412 0.01304258
vt 2.61799383 0.06950861
vt 2.46839428 0.01304258
vt 2.46839428 0.01304258
vt 2.61799383 0.06950861
vt 2.35619450 0.01304258
vt 2.61799383 0.06950861
vt 2.35619450 0.06950861
vt 2.35619450 0.01304258
vt 2.35619450 0.01304258
vt 2.35619450 0.06950861
vt 2.24399471 0.01304258
vt 2.35619450 0.06950861
vt 2.09439516 0.06950861
vt 2.24399471 0.01304258
vt 2.24399471 0.01304258
vt 2.09439516 0.06950861
vt 2.09418488 0.01304258
vt 2.09418488 0.01304258
vt 2.09439516 0.06950861
vt 2.01959538 0.01304258
vt 2.09439516 0.06950861
vt 1.83259571 0.06950861
vt 2.01959538 0.01304258
vt 2.01959538 0.01304258
vt 1.83259571 0.06950861
vt 1.83233392 0.01304258
vt 1.83233392 0.01304258
vt 1.83259571 0.06950861
vt 1.79519582 0.01304258
vt 1.83259571 0.06950861
vt 1.57079637 0.06950861
vt 1.79519582 0.01304258
vt 1.79519582 0.01304258
vt 1.57079637 0.06950861
vt 1.57079637 0.01304258
vt 1.91986215 3.14159274
vt 1.74532926 3.14159274
vt 1.91986215 2.87979317
vt 1.74532926 3.14159274
vt 1.74532926 2.87979317
vt 1.91986215 2.87979317
vt 1.91986215 2.87979317
vt 1.74532926 2.87979317
vt 1.91986215 2.61799383
vt 1.74532926 2.87979317
vt 1.74532926 2.61799383
vt 1.91986215 2.61799383
vt 1.91986215 2.61799383
vt 1.74532926 2.61799383
vt 1.91986215 2.35619450
vt 1.74532926 2.61799383
vt 1.74532926 2.35619450
vt 1.91986215 2.35619450
vt 1.91986215 2.35619450
vt 1.74532926 2.35619450
vt 1.91986215 2.09439516
vt 1.74532926 2.35619450
vt 1.74532926 2.09439516
vt 1.91986215 2.09439516
vt 1.91986215 2.09439516
vt 1.74532926 2.09439516
vt 1.91986215 1.83259571
vt 1.74532926 2.09439516
vt 1.74532926 1.83259571
vt 1.91986215 1.83259571
vt 1.91986215 1.83259571
vt 1.74532926 1.83259571
vt 1.91986215 1.57079637
vt 1.74532926 1.83259571
vt 1.74532926 1.57079637
vt 1.91986215 1.57079637
vt 1.74532926 3.14159274
vt 1.57079637 3.14159274
vt 1.74532926 2.87979317
vt 1.57079637 3.14159274
vt 1.57079637 2.87979317
vt 1.74532926 2.87979317
vt 1.74532926 2.87979317
vt 1.57079637 2.87979317
vt 1.74532926 2.61799383
vt 1.57079637 2.87979317
vt 1.57079637 2.61799383
vt 1.74532926 2.61799383
vt 1.74532926 2.61799383
vt 1.57079637 2.61799383
vt 1.74532926 2.35619450
vt 1.57079637 2.61799383
vt 1.57079637 2.35619450
vt 1.74532926 2.35619450
vt 1.74532926 2.35619450
vt 1.57079637 2.35619450
vt 1.74532926 2.09439516
vt 1.57079637 2.35619450
vt 1.57079637 2.09439516
vt 1.74532926 2.09439516
vt 1.74532926 2.09439516
vt 1.57079637 2.09439516
vt 1.74532926 1.83259571
vt 1.57079637 2.09439516
vt 1.57079637 1.83259571
vt 1.74532926 1.83259571
vt 1.74532926 1.83259571
vt 1.57079637 1.83259571
vt 1.74532926 1.57079637
vt 1.57079637 1.83259571
vt 1.57079637 1.57079637
vt 1.74532926 1.57079637
vt 6.28318548 -0.00000000
vt 6.28318548 0.06598584
vt 6.02138615 0.06598584
vt 6.28318548 -0.00000000
vt 6.02138615 0.06598584
vt 6.02138615 -0.00000000
vt 6.02138615 0.06598584
vt 5.75958633 0.06598584
vt 6.02138615 -0.00000000
vt 6.02138615 -0.00000000
vt 5.75958633 0.06598584
vt 5.75958633 -0.00000000
vt 5.75958633 0.06598584
vt 5.49778700 0.06598584
vt 5.75958633 -0.00000000
vt 5.75958633 -0.00000000
vt 5.49778700 0.06598584
vt 5.49778700 -0.00000000
vt 5.49778700 0.06598584
vt 5.23598766 0.06598584
vt 5.49778700 -0.00000000
vt 5.49778700 -0.00000000
vt 5.23598766 0.06598584
vt 5.23598766 -0.00000000
vt 5.23598766 0.06598584
vt 4.97418833 0.06598584
vt 5.23598766 -0.00000000
vt 5.23598766 -0.00000000
vt 4.97418833 0.06598584
vt 4.97418833 -0.00000000
vt 4.97418833 0.06598584
vt 4.71238899 0.06598584
vt 4.97418833 -0.00000000
vt 4.97418833 -0.00000000
vt 4.71238899 0.06598584
vt 4.71238899 -0.00000000
vt 6.28318548 -0.01413064
vt 6.28318548 -0.00000000
vt 6.02138615 -0.00000000
vt 6.28318548 -0.01413064
vt 6.02138615 -0.00000000
vt 6.02138615 -0.01413064
vt 6.02138615 -0.00000000
vt 5.75958633 -0.00000000
vt 6.02138615 -0.01413064
vt 6.02138615 -0.01413064
vt 5.75958633 -0.00000000
vt 5.75958633 -0.01413064
vt 5.75958633 -0.00000000
vt 5.49778700 -0.00000000
vt 5.75958633 -0.01413064
vt 5.75958633 -0.01413064
vt 5.49778700 -0.00000000
vt 5.49778700 -0.01413064
vt 5.49778700 -0.00000000
vt 5.23598766 -0.00000000
vt 5.49778700 -0.01413064
vt 5.49778700 -0.01413064
vt 5.23598766 -0.00000000
vt 5.23598766 -0.01413064
vt 5.23598766 -0.00000000
vt 4.97418833 -0.00000000
vt 5.23598766 -0.01413064
vt 5.23598766 -0.01413064
vt 4.97418833 -0.00000000
vt 4.97418833 -0.01413064
vt 4.97418833 -0.00000000
vt 4.71238899 -0.00000000
vt 4.97418833 -0.01413064
vt 4.97418833 -0.01413064
vt 4.71238899 -0.00000000
vt 4.71238899 -0.01413064
vt 3.75219607 0.00000000
vt 3.93945742 0.00000000
vt 3.93945742 0.26179940
vt 4.79991722 0.00000000
vt 4.83705521 0.00000000
vt 4.83705521 0.26179940
vt 4.61265612 1.57079637
vt 4.38825655 1.57079637
vt 4.61265612 1.30899692
vt 4.38825655 1.57079637
vt 4.38825655 1.30899692
vt 4.61265612 1.30899692
vt 4.61265612 1.30899692
vt 4.38825655 1.30899692
vt 4.61265612 1.04719758
vt 4.38825655 1.30899692
vt 4.38825655 1.04719758
vt 4.61265612 1.04719758
vt 4.61265612 1.04719758
vt 4.38825655 1.04719758
vt 4.61265612 0.78539819
vt 4.38825655 1.04719758
vt 4.38825655 0.78539819
vt 4.61265612 0.78539819
vt 4.61265612 0.78539819
vt 4.38825655 0.78539819
vt 4.61265612 0.52359879
vt 4.38825655 0.78539819
vt 4.38825655 0.52359879
vt 4.61265612 0.52359879
vt 4.61265612 0.52359879
vt 4.38825655 0.52359879
vt 4.61265612 0.26179940
vt 4.38825655 0.52359879
vt 4.38825655 0.26179940
vt 4.61265612 0.26179940
vt 5.06145477 1.57079637
vt 4.83705521 1.57079637
vt 5.06145477 1.30899692
vt 4.83705521 1.57079637
vt 4.83705521 1.30899692
vt 5.06145477 1.30899692
vt 5.06145477 1.30899692
vt 4.83705521 1.30899692
vt 5.06145477 1.04719758
vt 4.83705521 1.30899692
vt 4.83705521 1.04719758
vt 5.06145477 1.04719758
vt 5.06145477 1.04719758
vt 4.83705521 1.04719758
vt 5.06145477 0.78539819
vt 4.83705521 1.04719758
vt 4.83705521 0.78539819
vt 5.06145477 0.78539819
vt 5.06145477 0.78539819
vt 4.83705521 0.78539819
vt 5.06145477 0.52359879
vt 4.83705521 0.78539819
vt 4.83705521 0.52359879
vt 5.06145477 0.52359879
vt 5.06145477 0.52359879
vt 4.83705521 0.52359879
vt 5.06145477 0.26179940
vt 4.83705521 0.52359879
vt 4.83705521 0.26179940
vt 5.06145477 0.26179940
vt 5.06145477 0.26179940
vt 4.83705521 0.26179940
vt 5.06145477 0.00000000
vt 4.83705521 0.26179940
vt 4.83705521 0.00000000
vt 5.06145477 0.00000000
vt 4.61265612 0.00000000
vt 4.79991722 0.00000000
vt 4.61265612 0.26179940
vt 4.79991722 0.00000000
vt 4.83705521 0.26179940
vt 4.61265612 0.26179940
vt 4.61265612 0.26179940
vt 4.83705521 0.26179940
vt 4.61265612 0.52359879
vt 4.83705521 0.26179940
vt 4.83705521 0.52359879
vt 4.61265612 0.52359879
vt 4.61265612 0.52359879
vt 4.83705521 0.52359879
vt 4.61265612 0.78539819
vt 4.83705521 0.52359879
vt 4.83705521 0.78539819
vt 4.61265612 0.78539819
vt 4.61265612 0.78539819
vt 4.83705521 0.78539819
vt 4.61265612 1.04719758
vt 4.83705521 0.78539819
vt 4.83705521 1.04719758
vt 4.61265612 1.04719758
vt 4.61265612 1.04719758
vt 4.83705521 1.04719758
vt 4.61265612 1.30899692
vt 4.83705521 1.04719758
vt 4.83705521 1.30899692
vt 4.61265612 1.30899692
vt 4.61265612 1.30899692
vt 4.83705521 1.30899692
vt 4.61265612 1.57079637
vt 4.83705521 1.30899692
vt 4.83705521 1.57079637
vt 4.61265612 1.57079637
vt 4.01404715 0.00000000
vt 4.16385698 0.00000000
vt 4.16385698 0.26179940
vt 4.16385698 0.00000000
vt 4.38825655 0.26179940
vt 4.16385698 0.26179940
vt 4.16385698 0.26179940
vt 4.38825655 0.26179940
vt 4.16385698 0.52359879
vt 4.38825655 0.26179940
vt 4.38825655 0.52359879
vt 4.16385698 0.52359879
vt 4.16385698 0.52359879
vt 4.38825655 0.52359879
vt 4.16385698 0.78539819
vt 4.38825655 0.52359879
vt 4.38825655 0.78539819
vt 4.16385698 0.78539819
vt 4.16385698 0.78539819
vt 4.38825655 0.78539819
vt 4.16385698 1.04719758
vt 4.38825655 0.78539819
vt 4.38825655 1.04719758
vt 4.16385698 1.04719758
vt 4.16385698 1.04719758
vt 4.38825655 1.04719758
vt 4.16385698 1.30899692
vt 4.38825655 1.04719758
vt 4.38825655 1.30899692
vt 4.16385698 1.30899692
vt 4.16385698 1.30899692
vt 4.38825655 1.30899692
vt 4.16385698 1.57079637
vt 4.38825655 1.30899692
vt 4.38825655 1.57079637
vt 4.16385698 1.57079637
vt 4.16385698 0.00000000
vt 4.27605677 0.00000000
vt 4.38825655 0.26179940
vt 4.27605677 0.00000000
vt 4.38825655 0.00000000
vt 4.38825655 0.26179940
vt 4.38825655 0.26179940
vt 4.38825655 0.00000000
vt 4.61265612 0.26179940
vt 4.38825655 0.00000000
vt 4.53806639 0.00000000
vt 4.61265612 0.26179940
vt 4.61265612 0.26179940
vt 4.53806639 0.00000000
vt 4.61265612 0.00000000
vt 3.93945742 0.00000000
vt 4.01404715 0.00000000
vt 3.93945742 0.26179940
vt 4.01404715 0.00000000
vt 4.16385698 0.26179940
vt 3.93945742 0.26179940
vt 3.93945742 0.26179940
vt 4.16385698 0.26179940
vt 3.93945742 0.52359879
vt 4.16385698 0.26179940
vt 4.16385698 0.52359879
vt 3.93945742 0.52359879
vt 3.93945742 0.52359879
vt 4.16385698 0.52359879
vt 3.93945742 0.78539819
vt 4.16385698 0.52359879
vt 4.16385698 0.78539819
vt 3.93945742 0.78539819
vt 3.93945742 0.78539819
vt 4.16385698 0.78539819
vt 3.93945742 1.04719758
vt 4.16385698 0.78539819
vt 4.16385698 1.04719758
vt 3.93945742 1.04719758
vt 3.93945742 1.04719758
vt 4.16385698 1.04719758
vt 3.93945742 1.30899692
vt 4.16385698 1.04719758
vt 4.16385698 1.30899692
vt 3.93945742 1.30899692
vt 3.93945742 1.30899692
vt 4.16385698 1.30899692
vt 3.93945742 1.57079637
vt 4.16385698 1.30899692
vt 4.16385698 1.57079637
vt 3.93945742 1.57079637
vt 3.71505809 0.00000000
vt 3.75219607 0.00000000
vt 3.71505809 0.26179940
vt 3.75219607 0.00000000
vt 3.93945742 0.26179940
vt 3.71505809 0.26179940
vt 3.71505809 0.26179940
vt 3.93945742 0.26179940
vt 3.71505809 0.52359879
vt 3.93945742 0.26179940
vt 3.93945742 0.52359879
vt 3.71505809 0.52359879
vt 3.71505809 0.52359879
vt 3.93945742 0.52359879
vt 3.71505809 0.78539819
vt 3.93945742 0.52359879
vt 3.93945742 0.78539819
vt 3.71505809 0.78539819
vt 3.71505809 0.78539819
vt 3.93945742 0.78539819
vt 3.71505809 1.04719758
vt 3.93945742 0.78539819
vt 3.93945742 1.04719758
vt 3.71505809 1.04719758
vt 3.71505809 1.04719758
vt 3.93945742 1.04719758
vt 3.71505809 1.30899692
vt 3.93945742 1.04719758
vt 3.93945742 1.30899692
vt 3.71505809 1.30899692
vt 3.71505809 1.30899692
vt 3.93945742 1.30899692
vt 3.71505809 1.57079637
vt 3.93945742 1.30899692
vt 3.93945742 1.57079637
vt 3.71505809 1.57079637
vt 3.71505809 1.57079637
vt 3.49065852 1.57079637
vt 3.71505809 1.30899692
vt 3.49065852 1.57079637
vt 3.49065852 1.30899692
vt 3.71505809 1.30899692
vt 3.71505809 1.30899692
vt 3.49065852 1.30899692
vt 3.71505809 1.04719758
vt 3.49065852 1.30899692
vt 3.49065852 1.04719758
vt 3.71505809 1.04719758
vt 3.71505809 1.04719758
vt 3.49065852 1.04719758
vt 3.71505809 0.78539819
vt 3.49065852 1.04719758
vt 3.49065852 0.78539819
vt 3.71505809 0.78539819
vt 3.71505809 0.78539819
vt 3.49065852 0.78539819
vt 3.71505809 0.52359879
vt 3.49065852 0.78539819
vt 3.49065852 0.52359879
vt 3.71505809 0.52359879
vt 3.71505809 0.52359879
vt 3.49065852 0.52359879
vt 3.71505809 0.26179940
vt 3.49065852 0.52359879
vt 3.49065852 0.26179940
vt 3.71505809 0.26179940
vt 3.71505809 0.26179940
vt 3.49065852 0.26179940
vt 3.71505809 0.00000000
vt 3.49065852 0.26179940
vt 3.49065852 -0.00000000
vt 3.71505809 0.00000000
vt 5.60982895 0.00000000
vt 5.75958633 0.00000000
vt 5.75958633 0.26179940
vt 5.83399200 0.00000000
vt 6.02138615 0.00000000
vt 6.02138615 0.26179940
vt 6.05839348 0.00000000
vt 6.28318548 0.00000000
vt 6.28318548 0.26179940
vt 5.49778700 1.57079637
vt 5.23598766 1.57079637
vt 5.49778700 1.30899692
vt 5.23598766 1.57079637
vt 5.23598766 1.30899692
vt 5.49778700 1.30899692
vt 5.49778700 1.30899692
vt 5.23598766 1.30899692
vt 5.49778700 1.04719758
vt 5.23598766 1.30899692
vt 5.23598766 1.04719758
vt 5.49778700 1.04719758
vt 5.49778700 1.04719758
vt 5.23598766 1.04719758
vt 5.49778700 0.78539819
vt 5.23598766 1.04719758
vt 5.23598766 0.78539819
vt 5.49778700 0.78539819
vt 5.49778700 0.78539819
vt 5.23598766 0.78539819
vt 5.49778700 0.52359879
vt 5.23598766 0.78539819
vt 5.23598766 0.52359879
vt 5.49778700 0.52359879
vt 5.49778700 0.52359879
vt 5.23598766 0.52359879
vt 5.49778700 0.26179940
vt 5.23598766 0.52359879
vt 5.23598766 0.26179940
vt 5.49778700 0.26179940
vt 6.02138615 0.00000000
vt 6.05839348 0.00000000
vt 6.02138615 0.26179940
vt 6.05839348 0.00000000
vt 6.28318548 0.26179940
vt 6.02138615 0.26179940
vt 6.02138615 0.26179940
vt 6.28318548 0.26179940
vt 6.02138615 0.52359879
vt 6.28318548 0.26179940
vt 6.28318548 0.52359879
vt 6.02138615 0.52359879
vt 6.02138615 0.52359879
vt 6.28318548 0.52359879
vt 6.02138615 0.78539819
vt 6.28318548 0.52359879
vt 6.28318548 0.78539819
vt 6.02138615 0.78539819
vt 6.02138615 0.78539819
vt 6.28318548 0.78539819
vt 6.02138615 1.04719758
vt 6.28318548 0.78539819
vt 6.28318548 1.04719758
vt 6.02138615 1.04719758
vt 6.02138615 1.04719758
vt 6.28318548 1.04719758
vt 6.02138615 1.30899692
vt 6.28318548 1.04719758
vt 6.28318548 1.30899692
vt 6.02138615 1.30899692
vt 6.02138615 1.30899692
vt 6.28318548 1.30899692
vt 6.02138615 1.57079637
vt 6.28318548 1.30899692
vt 6.28318548 1.57079637
vt 6.02138615 1.57079637
vt 5.75958633 0.00000000
vt 5.83399200 0.00000000
vt 5.75958633 0.26179940
vt 5.83399200 0.00000000
vt 6.02138615 0.26179940
vt 5.75958633 0.26179940
vt 5.75958633 0.26179940
vt 6.02138615 0.26179940
vt 5.75958633 0.52359879
vt 6.02138615 0.26179940
vt 6.02138615 0.52359879
vt 5.75958633 0.52359879
vt 5.75958633 0.52359879
vt 6.02138615 0.52359879
vt 5.75958633 0.78539819
vt 6.02138615 0.52359879
vt 6.02138615 0.78539819
vt 5.75958633 0.78539819
vt 5.75958633 0.78539819
vt 6.02138615 0.78539819
vt 5.75958633 1.04719758
vt 6.02138615 0.78539819
vt 6.02138615 1.04719758
vt 5.75958633 1.04719758
vt 5.75958633 1.04719758
vt 6.02138615 1.04719758
vt 5.75958633 1.30899692
vt 6.02138615 1.04719758
vt 6.02138615 1.30899692
vt 5.75958633 1.30899692
vt 5.75958633 1.30899692
vt 6.02138615 1.30899692
vt 5.75958633 1.57079637
vt 6.02138615 1.30899692
vt 6.02138615 1.57079637
vt 5.75958633 1.57079637
vt 5.49778700 0.00000000
vt 5.60982895 0.00000000
vt 5.49778700 0.26179940
vt 5.60982895 0.00000000
vt 5.75958633 0.26179940
vt 5.49778700 0.26179940
vt 5.49778700 0.26179940
vt 5.75958633 0.26179940
vt 5.49778700 0.52359879
vt 5.75958633 0.26179940
vt 5.75958633 0.52359879
vt 5.49778700 0.52359879
vt 5.49778700 0.52359879
vt 5.75958633 0.52359879
vt 5.49778700 0.78539819
vt 5.75958633 0.52359879
vt 5.75958633 0.78539819
vt 5.49778700 0.78539819
vt 5.49778700 0.78539819
vt 5.75958633 0.78539819
vt 5.49778700 1.04719758
vt 5.75958633 0.78539819
vt 5.75958633 1.04719758
vt 5.49778700 1.04719758
vt 5.49778700 1.04719758
vt 5.75958633 1.04719758
vt 5.49778700 1.30899692
vt 5.75958633 1.04719758
vt 5.75958633 1.30899692
vt 5.49778700 1.30899692
vt 5.49778700 1.30899692
vt 5.75958633 1.30899692
vt 5.49778700 1.57079637
vt 5.75958633 1.30899692
vt 5.75958633 1.57079637
vt 5.49778700 1.57079637
vt 4.93718100 0.00000000
vt 4.97418833 0.00000000
vt 4.97418833 0.26179940
vt 4.97418833 0.00000000
vt 5.23598766 0.26179940
vt 4.97418833 0.26179940
vt 4.97418833 0.26179940
vt 5.23598766 0.26179940
vt 4.97418833 0.52359879
vt 5.23598766 0.26179940
vt 5.23598766 0.52359879
vt 4.97418833 0.52359879
vt 4.97418833 0.52359879
vt 5.23598766 0.52359879
vt 4.97418833 0.78539819
vt 5.23598766 0.52359879
vt 5.23598766 0.78539819
vt 4.97418833 0.78539819
vt 4.97418833 0.78539819
vt 5.23598766 0.78539819
vt 4.97418833 1.04719758
vt 5.23598766 0.78539819
vt 5.23598766 1.04719758
vt 4.97418833 1.04719758
vt 4.97418833 1.04719758
vt 5.23598766 1.04719758
vt 4.97418833 1.30899692
vt 5.23598766 1.04719758
vt 5.23598766 1.30899692
vt 4.97418833 1.30899692
vt 4.97418833 1.30899692
vt 5.23598766 1.30899692
vt 4.97418833 1.57079637
vt 5.23598766 1.30899692
vt 5.23598766 1.57079637
vt 4.97418833 1.57079637
vt 4.97418833 0.00000000
vt 5.16158199 0.00000000
vt 5.23598766 0.26179940
vt 5.16158199 0.00000000
vt 5.23598766 0.00000000
vt 5.23598766 0.26179940
vt 5.23598766 0.26179940
vt 5.23598766 0.00000000
vt 5.49778700 0.26179940
vt 5.23598766 0.00000000
vt 5.38574553 0.00000000
vt 5.49778700 0.26179940
vt 5.49778700 0.26179940
vt 5.38574553 0.00000000
vt 5.49778700 0.00000000
vt 4.71238899 -0.00000000
vt 4.93718100 0.00000000
vt 4.71238899 0.26179940
vt 4.93718100 0.00000000
vt 4.97418833 0.26179940
vt 4.71238899 0.26179940
vt 4.71238899 0.26179940
vt 4.97418833 0.26179940
vt 4.71238899 0.52359879
vt 4.97418833 0.26179940
vt 4.97418833 0.52359879
vt 4.71238899 0.52359879
vt 4.71238899 0.52359879
vt 4.97418833 0.52359879
vt 4.71238899 0.78539819
vt 4.97418833 0.52359879
vt 4.97418833 0.78539819
vt 4.71238899 0.78539819
vt 4.71238899 0.78539819
vt 4.97418833 0.78539819
vt 4.71238899 1.04719758
vt 4.97418833 0.78539819
vt 4.97418833 1.04719758
vt 4.71238899 1.04719758
vt 4.71238899 1.04719758
vt 4.97418833 1.04719758
vt 4.71238899 1.30899692
vt 4.97418833 1.04719758
vt 4.97418833 1.30899692
vt 4.71238899 1.30899692
vt 4.71238899 1.30899692
vt 4.97418833 1.30899692
vt 4.71238899 1.57079637
vt 4.97418833 1.30899692
vt 4.97418833 1.57079637
vt 4.71238899 1.57079637
vt 6.28318548 -0.00250000
vt 6.28318548 0.00000000
vt 6.02138615 -0.00000000
vt 6.28318548 -0.00250000
vt 6.02138615 -0.00000000
vt 6.02138615 -0.00250000
vt 6.02138615 -0.00000000
vt 5.75958633 -0.00000000
vt 6.02138615 -0.00250000
vt 6.02138615 -0.00250000
vt 5.75958633 -0.00000000
vt 5.75958633 -0.00250000
vt 5.75958633 -0.00000000
vt 5.49778700 -0.00000000
vt 5.75958633 -0.00250000
vt 5.75958633 -0.00250000
vt 5.49778700 -0.00000000
vt 5.49778700 -0.00250000
vt 5.49778700 -0.00000000
vt 5.23598766 -0.00000000
vt 5.49778700 -0.00250000
vt 5.49778700 -0.00250000
vt 5.23598766 -0.00000000
vt 5.23598766 -0.00250000
vt 5.23598766 -0.00000000
vt 4.97418833 -0.00000000
vt 5.23598766 -0.00250000
vt 5.23598766 -0.00250000
vt 4.97418833 -0.00000000
vt 4.97418833 -0.00250000
vt 4.97418833 -0.00000000
vt 4.71238899 -0.00000000
vt 4.97418833 -0.00250000
vt 4.97418833 -0.00250000
vt 4.71238899 -0.00000000
vt 4.71238899 -0.00250000
vt 4.71238899 -0.00250000
vt 4.71238899 -0.00000000
vt 4.45058966 -0.00000000
vt 4.71238899 -0.00250000
vt 4.45058966 -0.00000000
vt 4.45058966 -0.00250000
vt 4.45058966 -0.00000000
vt 4.18879032 -0.00000000
vt 4.45058966 -0.00250000
vt 4.45058966 -0.00250000
vt 4.18879032 -0.00000000
vt 4.18879032 -0.00250000
vt 4.18879032 -0.00000000
vt 3.92699075 -0.00000000
vt 4.18879032 -0.00250000
vt 4.18879032 -0.00250000
vt 3.92699075 -0.00000000
vt 3.92699075 -0.00250000
vt 3.92699075 -0.00000000
vt 3.66519141 -0.00000000
vt 3.92699075 -0.00250000
vt 3.92699075 -0.00250000
vt 3.66519141 -0.00000000
vt 3.66519141 -0.00250000
vt 3.66519141 -0.00000000
vt 3.40339208 -0.00000000
vt 3.66519141 -0.00250000
vt 3.66519141 -0.00250000
vt 3.40339208 -0.00000000
vt 3.40339208 -0.00250000
vt 3.40339208 -0.00000000
vt 3.14159274 0.00000000
vt 3.40339208 -0.00250000
vt 3.40339208 -0.00250000
vt 3.14159274 0.00000000
vt 3.14159274 -0.00250000
vt 3.49065852 1.57079637
vt 3.22885919 1.57079637
vt 3.49065852 1.30899692
vt 3.22885919 1.57079637
vt 3.22885919 1.30899692
vt 3.49065852 1.30899692
vt 3.49065852 1.30899692
vt 3.22885919 1.30899692
vt 3.49065852 1.04719758
vt 3.22885919 1.30899692
vt 3.22885919 1.04719758
vt 3.49065852 1.04719758
vt 3.49065852 1.04719758
vt 3.22885919 1.04719758
vt 3.49065852 0.78539819
vt 3.22885919 1.04719758
vt 3.22885919 0.78539819
vt 3.49065852 0.78539819
vt 3.49065852 0.78539819
vt 3.22885919 0.78539819
vt 3.49065852 0.52359879
vt 3.22885919 0.78539819
vt 3.22885919 0.52359879
vt 3.49065852 0.52359879
vt 3.49065852 0.52359879
vt 3.22885919 0.52359879
vt 3.49065852 0.26179940
vt 3.22885919 0.52359879
vt 3.22885919 0.26179940
vt 3.49065852 0.26179940
vt 3.49065852 0.26179940
vt 3.22885919 0.26179940
vt 3.49065852 -0.00000000
vt 3.22885919 0.26179940
vt 3.22885919 -0.00000000
vt 3.49065852 -0.00000000
vt 3.22885919 1.57079637
vt 2.96705961 1.57079637
vt 3.22885919 1.30899692
vt 2.96705961 1.57079637
vt 2.96705961 1.30899692
vt 3.22885919 1.30899692
vt 3.22885919 1.30899692
vt 2.96705961 1.30899692
vt 3.22885919 1.04719758
vt 2.96705961 1.30899692
vt 2.96705961 1.04719758
vt 3.22885919 1.04719758
vt 3.22885919 1.04719758
vt 2.96705961 1.04719758
vt 3.22885919 0.78539819
vt 2.96705961 1.04719758
vt 2.96705961 0.78539819
vt 3.22885919 0.78539819
vt 3.22885919 0.78539819
vt 2.96705961 0.78539819
vt 3.22885919 0.52359879
vt 2.96705961 0.78539819
vt 2.96705961 0.52359879
vt 3.22885919 0.52359879
vt 3.22885919 0.52359879
vt 2.96705961 0.52359879
vt 3.22885919 0.26179940
vt 2.96705961 0.52359879
vt 2.96705961 0.26179940
vt 3.22885919 0.26179940
vt 3.22885919 0.26179940
vt 2.96705961 0.26179940
vt 3.22885919 -0.00000000
vt 2.96705961 0.26179940
vt 2.96705961 -0.00000000
vt 3.22885919 -0.00000000
vt 2.96705961 1.57079637
vt 2.70526028 1.57079637
vt 2.96705961 1.30899692
vt 2.70526028 1.57079637
vt 2.70526028 1.30899692
vt 2.96705961 1.30899692
vt 2.96705961 1.30899692
vt 2.70526028 1.30899692
vt 2.96705961 1.04719758
vt 2.70526028 1.30899692
vt 2.70526028 1.04719758
vt 2.96705961 1.04719758
vt 2.96705961 1.04719758
vt 2.70526028 1.04719758
vt 2.96705961 0.78539819
vt 2.70526028 1.04719758
vt 2.70526028 0.78539819
vt 2.96705961 0.78539819
vt 2.96705961 0.78539819
vt 2.70526028 0.78539819
vt 2.96705961 0.52359879
vt 2.70526028 0.78539819
vt 2.70526028 0.52359879
vt 2.96705961 0.52359879
vt 2.96705961 0.52359879
vt 2.70526028 0.52359879
vt 2.96705961 0.26179940
vt 2.70526028 0.52359879
vt 2.70526028 0.26179940
vt 2.96705961 0.26179940
vt 2.96705961 0.26179940
vt 2.70526028 0.26179940
vt 2.96705961 -0.00000000
vt 2.70526028 0.26179940
vt 2.70526028 -0.00000000
vt 2.96705961 -0.00000000
vt 2.70526028 1.57079637
vt 2.44346094 1.57079637
vt 2.70526028 1.30899692
vt 2.44346094 1.57079637
vt 2.44346094 1.30899692
vt 2.70526028 1.30899692
vt 2.70526028 1.30899692
vt 2.44346094 1.30899692
vt 2.70526028 1.04719758
vt 2.44346094 1.30899692
vt 2.44346094 1.04719758
vt 2.70526028 1.04719758
vt 2.70526028 1.04719758
vt 2.44346094 1.04719758
vt 2.70526028 0.78539819
vt 2.44346094 1.04719758
vt 2.44346094 0.78539819
vt 2.70526028 0.78539819
vt 2.70526028 0.78539819
vt 2.44346094 0.78539819
vt 2.70526028 0.52359879
vt 2.44346094 0.78539819
vt 2.44346094 0.52359879
vt 2.70526028 0.52359879
vt 2.70526028 0.52359879
vt 2.44346094 0.52359879
vt 2.70526028 0.26179940
vt 2.44346094 0.52359879
vt 2.44346094 0.26179940
vt 2.70526028 0.26179940
vt 2.70526028 0.26179940
vt 2.44346094 0.26179940
vt 2.70526028 -0.00000000
vt 2.44346094 0.26179940
vt 2.44346094 -0.00000000
vt 2.70526028 -0.00000000
vt 2.44346094 1.57079637
vt 2.18166161 1.57079637
vt 2.44346094 1.30899692
vt 2.18166161 1.57079637
vt 2.18166161 1.30899692
vt 2.44346094 1.30899692
vt 2.44346094 1.30899692
vt 2.18166161 1.30899692
vt 2.44346094 1.04719758
vt 2.18166161 1.30899692
vt 2.18166161 1.04719758
vt 2.44346094 1.04719758
vt 2.44346094 1.04719758
vt 2.18166161 1.04719758
vt 2.44346094 0.78539819
vt 2.18166161 1.04719758
vt 2.18166161 0.78539819
vt 2.44346094 0.78539819
vt 2.44346094 0.78539819
vt 2.18166161 0.78539819
vt 2.44346094 0.52359879
vt 2.18166161 0.78539819
vt 2.18166161 0.52359879
vt 2.44346094 0.52359879
vt 2.44346094 0.52359879
vt 2.18166161 0.52359879
vt 2.44346094 0.26179940
vt 2.18166161 0.52359879
vt 2.18166161 0.26179940
vt 2.44346094 0.26179940
vt 2.44346094 0.26179940
vt 2.18166161 0.26179940
vt 2.44346094 -0.00000000
vt 2.18166161 0.26179940
vt 2.18166161 -0.00000000
vt 2.44346094 -0.00000000
vt 2.18166161 1.57079637
vt 1.91986215 1.57079637
vt 2.18166161 1.30899692
vt 1.91986215 1.57079637
vt 1.91986215 1.30899692
vt 2.18166161 1.30899692
vt 2.18166161 1.30899692
vt 1.91986215 1.30899692
vt 2.18166161 1.04719758
vt 1.91986215 1.30899692
vt 1.91986215 1.04719758
vt 2.18166161 1.04719758
vt 2.18166161 1.04719758
vt 1.91986215 1.04719758
vt 2.18166161 0.78539819
vt 1.91986215 1.04719758
vt 1.91986215 0.78539819
vt 2.18166161 0.78539819
vt 2.18166161 0.78539819
vt 1.91986215 0.78539819
vt 2.18166161 0.52359879
vt 1.91986215 0.78539819
vt 1.91986215 0.52359879
vt 2.18166161 0.52359879
vt 2.18166161 0.52359879
vt 1.91986215 0.52359879
vt 2.18166161 0.26179940
vt 1.91986215 0.52359879
vt 1.91986215 0.26179940
vt 2.18166161 0.26179940
vt 2.18166161 0.26179940
vt 1.91986215 0.26179940
vt 2.18166161 -0.00000000
vt 1.91986215 0.26179940
vt 1.91986215 -0.00000000
vt 2.18166161 -0.00000000
vt 0.43633232 1.57079637
vt 0.21816616 1.57079637
vt 0.43633232 1.34600425
vt 0.21816616 1.57079637
vt 0.21816616 1.30899692
vt 0.43633232 1.34600425
vt 0.43633232 1.34600425
vt 0.21816616 1.30899692
vt 0.43633232 1.30899692
vt 0.43633232 1.30899692
vt 0.21816616 1.30899692
vt 0.43633232 1.12160313
vt 0.21816616 1.30899692
vt 0.21816616 1.04719758
vt 0.43633232 1.12160313
vt 0.43633232 1.12160313
vt 0.21816616 1.04719758
vt 0.43633232 1.04719758
vt 0.43633232 1.04719758
vt 0.21816616 1.04719758
vt 0.43633232 0.89743990
vt 0.21816616 1.04719758
vt 0.21816616 0.78539819
vt 0.43633232 0.89743990
vt 0.43633232 0.89743990
vt 0.21816616 0.78539819
vt 0.43633232 0.78539819
vt 0.43633232 0.78539819
vt 0.21816616 0.78539819
vt 0.43633232 0.67335647
vt 0.21816616 0.78539819
vt 0.21816616 0.52359879
vt 0.43633232 0.67335647
vt 0.43633232 0.67335647
vt 0.21816616 0.52359879
vt 0.43633232 0.52359879
vt 0.43633232 0.52359879
vt 0.21816616 0.52359879
vt 0.43633232 0.44919318
vt 0.21816616 0.52359879
vt 0.21816616 0.26179940
vt 0.43633232 0.44919318
vt 0.43633232 0.44919318
vt 0.21816616 0.26179940
vt 0.43633232 0.26179940
vt 0.43633232 0.26179940
vt 0.21816616 0.26179940
vt 0.43633232 0.22479205
vt 0.21816616 0.26179940
vt 0.21816616 0.00000000
vt 0.43633232 0.22479205
vt 0.43633232 0.22479205
vt 0.21816616 0.00000000
vt 0.43633232 0.00000000
vt 0.21816616 1.57079637
vt 0.00000000 1.57079637
vt 0.21816616 1.30899692
vt 0.00000000 1.57079637
vt 0.00000000 1.30899692
vt 0.21816616 1.30899692
vt 0.21816616 1.30899692
vt 0.00000000 1.30899692
vt 0.21816616 1.04719758
vt 0.00000000 1.30899692
vt 0.00000000 1.04719758
vt 0.21816616 1.04719758
vt 0.21816616 1.04719758
vt 0.00000000 1.04719758
vt 0.21816616 0.78539819
vt 0.00000000 1.04719758
vt 0.00000000 0.78539819
vt 0.21816616 0.78539819
vt 0.21816616 0.78539819
vt 0.00000000 0.78539819
vt 0.21816616 0.52359879
vt 0.00000000 0.78539819
vt 0.00000000 0.52359879
vt 0.21816616 0.52359879
vt 0.21816616 0.52359879
vt 0.00000000 0.52359879
vt 0.21816616 0.26179940
vt 0.00000000 0.52359879
vt 0.00000000 0.26179940
vt 0.21816616 0.26179940
vt 0.21816616 0.26179940
vt 0.00000000 0.26179940
vt 0.21816616 0.00000000
vt 0.00000000 0.26179940
vt -0.00000000 0.00000000
vt 0.21816616 0.00000000
vt 6.28318548 -0.00300000
vt 6.28318548 -0.00000000
vt 6.05878592 -0.00300000
vt 6.28318548 -0.00000000
vt 6.02138615 0.00000000
vt 6.05878592 -0.00300000
vt 6.05878592 -0.00300000
vt 6.02138615 0.00000000
vt 6.02164793 -0.00300000
vt 6.02164793 -0.00300000
vt 6.02138615 0.00000000
vt 5.83438635 -0.00300000
vt 6.02138615 0.00000000
vt 5.75958633 0.00000000
vt 5.83438635 -0.00300000
vt 5.83438635 -0.00300000
vt 5.75958633 0.00000000
vt 5.75979662 -0.00300000
vt 5.75979662 -0.00300000
vt 5.75958633 0.00000000
vt 5.60998678 -0.00300000
vt 5.75958633 0.00000000
vt 5.49778700 0.00000000
vt 5.60998678 -0.00300000
vt 5.60998678 -0.00300000
vt 5.49778700 0.00000000
vt 5.49778700 -0.00300000
vt 5.49778700 -0.00300000
vt 5.49778700 0.00000000
vt 5.38558722 -0.00300000
vt 5.49778700 0.00000000
vt 5.23598766 0.00000000
vt 5.38558722 -0.00300000
vt 5.38558722 -0.00300000
vt 5.23598766 0.00000000
vt 5.23577785 -0.00300000
vt 5.23577785 -0.00300000
vt 5.23598766 0.00000000
vt 5.16118813 -0.00300000
vt 5.23598766 0.00000000
vt 4.97418833 0.00000000
vt 5.16118813 -0.00300000
vt 5.16118813 -0.00300000
vt 4.97418833 0.00000000
vt 4.97392654 -0.00300000
vt 4.97392654 -0.00300000
vt 4.97418833 0.00000000
vt 4.93678856 -0.00300000
vt 4.97418833 0.00000000
vt 4.71238899 0.00000000
vt 4.93678856 -0.00300000
vt 4.93678856 -0.00300000
vt 4.71238899 0.00000000
vt 4.71238899 -0.00300000
vt 6.28318548 0.01000000
vt 6.05839348 0.01000000
vt 6.28318548 0.00000000
vt 6.05839348 0.01000000
vt 6.05839348 0.00000000
vt 6.28318548 0.00000000
vt 6.05839348 0.00000000
vt 6.05839348 0.01000000
vt 6.02138615 0.00000000
vt 6.05839348 0.01000000
vt 6.02138615 0.01000000
vt 6.02138615 0.00000000
vt 6.02138615 0.00000000
vt 6.02138615 0.01000000
vt 5.83399200 0.00000000
vt 6.02138615 0.01000000
vt 5.83399200 0.01000000
vt 5.83399200 0.00000000
vt 5.83399200 0.00000000
vt 5.83399200 0.01000000
vt 5.75958633 0.00000000
vt 5.83399200 0.01000000
vt 5.75958633 0.01000000
vt 5.75958633 0.00000000
vt 5.75958633 0.00000000
vt 5.75958633 0.01000000
vt 5.60982895 0.00000000
vt 5.75958633 0.01000000
vt 5.60982895 0.01000000
vt 5.60982895 0.00000000
vt 5.60982895 0.00000000
vt 5.60982895 0.01000000
vt 5.49778700 0.00000000
vt 5.60982895 0.01000000
vt 5.49778700 0.01000000
vt 5.49778700 0.00000000
vt 5.49778700 0.00000000
vt 5.49778700 0.01000000
vt 5.38574553 -0.00000000
vt 5.49778700 0.01000000
vt 5.38574553 0.01000000
vt 5.38574553 -0.00000000
vt 5.38574553 -0.00000000
vt 5.38574553 0.01000000
vt 5.23598766 0.00000000
vt 5.38574553 0.01000000
vt 5.23598766 0.01000000
vt 5.23598766 0.00000000
vt 5.23598766 0.00000000
vt 5.23598766 0.01000000
vt 5.16158199 0.00000000
vt 5.23598766 0.01000000
vt 5.16158199 0.01000000
vt 5.16158199 0.00000000
vt 5.16158199 0.00000000
vt 5.16158199 0.01000000
vt 4.97418833 0.00000000
vt 5.16158199 0.01000000
vt 4.97418833 0.01000000
vt 4.97418833 0.00000000
vt 4.97418833 0.00000000
vt 4.97418833 0.01000000
vt 4.93718100 -0.00000000
vt 4.97418833 0.01000000
vt 4.93718100 0.01000000
vt 4.93718100 -0.00000000
vt 4.93718100 0.01000000
vt 4.71238899 0.01000000
vt 4.93718100 -0.00000000
vt 4.93718100 -0.00000000
vt 4.71238899 0.01000000
vt 4.71238899 0.00000000
vt 1.91986215 1.57079637
vt 1.74532926 1.57079637
vt 1.91986215 1.34639680
vt 1.74532926 1.57079637
vt 1.74532926 1.34639680
vt 1.91986215 1.34639680
vt 1.91986215 1.34639680
vt 1.74532926 1.34639680
vt 1.91986215 1.30925882
vt 1.74532926 1.34639680
vt 1.74532926 1.12199736
vt 1.91986215 1.30925882
vt 1.74532926 0.89759791
vt 1.91986215 1.04740763
vt 1.74532926 1.12199736
vt 1.91986215 1.04740763
vt 1.91986215 1.12199736
vt 1.74532926 1.12199736
vt 1.74532926 1.12199736
vt 1.91986215 1.12199736
vt 1.91986215 1.30925882
vt 1.74532926 0.67319840
vt 1.91986215 0.78539819
vt 1.74532926 0.89759791
vt 1.91986215 0.78539819
vt 1.91986215 0.89759791
vt 1.74532926 0.89759791
vt 1.74532926 0.89759791
vt 1.91986215 0.89759791
vt 1.91986215 1.04740763
vt 1.74532926 0.44879895
vt 1.91986215 0.52338862
vt 1.74532926 0.67319840
vt 1.91986215 0.52338862
vt 1.91986215 0.67319840
vt 1.74532926 0.67319840
vt 1.74532926 0.67319840
vt 1.91986215 0.67319840
vt 1.91986215 0.78539819
vt 1.74532926 0.22439948
vt 1.91986215 0.26153755
vt 1.74532926 0.44879895
vt 1.91986215 0.26153755
vt 1.91986215 0.44879895
vt 1.74532926 0.44879895
vt 1.74532926 0.44879895
vt 1.91986215 0.44879895
vt 1.91986215 0.52338862
vt 1.74532926 -0.00000000
vt 1.91986215 -0.00000000
vt 1.74532926 0.22439948
vt 1.91986215 -0.00000000
vt 1.91986215 0.22439948
vt 1.74532926 0.22439948
vt 1.74532926 0.22439948
vt 1.91986215 0.22439948
vt 1.91986215 0.26153755
vt 1.74532926 1.57079637
vt 1.57079637 1.57079637
vt 1.74532926 1.34639680
vt 1.57079637 1.57079637
vt 1.57079637 1.34639680
vt 1.74532926 1.34639680
vt 1.74532926 1.34639680
vt 1.57079637 1.34639680
vt 1.74532926 1.12199736
vt 1.57079637 1.34639680
vt 1.57079637 1.12199736
vt 1.74532926 1.12199736
vt 1.74532926 1.12199736
vt 1.57079637 1.12199736
vt 1.74532926 0.89759791
vt 1.57079637 1.12199736
vt 1.57079637 0.89759791
vt 1.74532926 0.89759791
vt 1.74532926 0.89759791
vt 1.57079637 0.89759791
vt 1.74532926 0.67319840
vt 1.57079637 0.89759791
vt 1.57079637 0.67319840
vt 1.74532926 0.67319840
vt 1.74532926 0.67319840
vt 1.57079637 0.67319840
vt 1.74532926 0.44879895
vt 1.57079637 0.67319840
vt 1.57079637 0.44879895
vt 1.74532926 0.44879895
vt 1.74532926 0.44879895
vt 1.57079637 0.44879895
vt 1.74532926 0.22439948
vt 1.57079637 0.44879895
vt 1.57079637 0.22439948
vt 1.74532926 0.22439948
vt 1.74532926 0.22439948
vt 1.57079637 0.22439948
vt 1.74532926 -0.00000000
vt 1.57079637 0.22439948
vt 1.57079637 0.00000000
vt 1.74532926 -0.00000000
vt 2.44346094 1.34600425
vt 2.44346094 1.57079637
vt 2.19256997 1.57079637
vt 2.19256997 1.30899692
vt 2.44346094 1.30899692
vt 2.44346094 1.34600425
vt 2.44346094 1.34600425
vt 2.19256997 1.57079637
vt 2.19256997 1.30899692
vt 2.19256997 1.57079637
vt 1.94167876 1.57079637
vt 2.19256997 1.30899692
vt 2.19256997 1.30899692
vt 1.94167876 1.57079637
vt 1.94167876 1.30899692
vt 1.94167876 1.57079637
vt 1.69078767 1.57079637
vt 1.94167876 1.30899692
vt 1.94167876 1.30899692
vt 1.69078767 1.57079637
vt 1.69078767 1.30899692
vt 1.69078767 1.57079637
vt 1.43989658 1.57079637
vt 1.69078767 1.30899692
vt 1.69078767 1.30899692
vt 1.43989658 1.57079637
vt 1.43989658 1.30899692
vt 1.43989658 1.57079637
vt 1.18900549 1.57079637
vt 1.43989658 1.30899692
vt 1.43989658 1.30899692
vt 1.18900549 1.57079637
vt 1.18900549 1.30899692
vt 1.18900549 1.57079637
vt 0.93811446 1.57079637
vt 1.18900549 1.30899692
vt 1.18900549 1.30899692
vt 0.93811446 1.57079637
vt 0.93811446 1.30899692
vt 0.93811446 1.57079637
vt 0.68722337 1.57079637
vt 0.93811446 1.30899692
vt 0.93811446 1.30899692
vt 0.68722337 1.57079637
vt 0.68722337 1.30899692
vt 0.68722337 1.57079637
vt 0.43633232 1.57079637
vt 0.43633232 1.34600425
vt 2.44346094 0.89743990
vt 2.44346094 1.04719758
vt 2.19256997 1.04719758
vt 2.44346094 1.04719758
vt 2.44346094 1.12160313
vt 2.19256997 1.04719758
vt 0.68722337 1.57079637
vt 0.43633232 1.34600425
vt 0.68722337 1.30899692
vt 0.43633232 1.34600425
vt 0.43633232 1.30899692
vt 0.68722337 1.30899692
vt 0.68722337 1.30899692
vt 0.43633232 1.30899692
vt 0.43633232 1.12160313
vt 0.43633232 1.12160313
vt 0.68722337 1.04719758
vt 0.68722337 1.30899692
vt 0.68722337 1.04719758
vt 0.93811446 1.04719758
vt 0.68722337 1.30899692
vt 0.68722337 1.30899692
vt 0.93811446 1.04719758
vt 0.93811446 1.30899692
vt 0.93811446 1.04719758
vt 1.18900549 1.04719758
vt 0.93811446 1.30899692
vt 0.93811446 1.30899692
vt 1.18900549 1.04719758
vt 1.18900549 1.30899692
vt 1.18900549 1.04719758
vt 1.43989658 1.04719758
vt 1.18900549 1.30899692
vt 1.18900549 1.30899692
vt 1.43989658 1.04719758
vt 1.43989658 1.30899692
vt 1.43989658 1.04719758
vt 1.69078767 1.04719758
vt 1.43989658 1.30899692
vt 1.43989658 1.30899692
vt 1.69078767 1.04719758
vt 1.69078767 1.30899692
vt 1.69078767 1.04719758
vt 1.94167876 1.04719758
vt 1.69078767 1.30899692
vt 1.69078767 1.30899692
vt 1.94167876 1.04719758
vt 1.94167876 1.30899692
vt 1.94167876 1.04719758
vt 2.19256997 1.04719758
vt 1.94167876 1.30899692
vt 1.94167876 1.30899692
vt 2.19256997 1.04719758
vt 2.19256997 1.30899692
vt 2.19256997 1.04719758
vt 2.44346094 1.12160313
vt 2.19256997 1.30899692
vt 2.19256997 1.30899692
vt 2.44346094 1.12160313
vt 2.44346094 1.30899692
vt 2.19256997 0.78539819
vt 2.44346094 0.78539819
vt 2.44346094 0.89743990
vt 2.44346094 0.89743990
vt 2.19256997 1.04719758
vt 2.19256997 0.78539819
vt 2.19256997 1.04719758
vt 1.94167876 1.04719758
vt 2.19256997 0.78539819
vt 2.19256997 0.78539819
vt 1.94167876 1.04719758
vt 1.94167876 0.78539819
vt 1.94167876 1.04719758
vt 1.69078767 1.04719758
vt 1.94167876 0.78539819
vt 1.94167876 0.78539819
vt 1.69078767 1.04719758
vt 1.69078767 0.78539819
vt 1.69078767 1.04719758
vt 1.43989658 1.04719758
vt 1.69078767 0.78539819
vt 1.69078767 0.78539819
vt 1.43989658 1.04719758
vt 1.43989658 0.78539819
vt 1.43989658 1.04719758
vt 1.18900549 1.04719758
vt 1.43989658 0.78539819
vt 1.43989658 0.78539819
vt 1.18900549 1.04719758
vt 1.18900549 0.78539819
vt 1.18900549 1.04719758
vt 0.93811446 1.04719758
vt 1.18900549 0.78539819
vt 1.18900549 0.78539819
vt 0.93811446 1.04719758
vt 0.93811446 0.78539819
vt 0.93811446 1.04719758
vt 0.68722337 1.04719758
vt 0.93811446 0.78539819
vt 0.93811446 0.78539819
vt 0.68722337 1.04719758
vt 0.68722337 0.78539819
vt 2.44346094 0.44919318
vt 2.44346094 0.52359879
vt 2.19256997 0.52359879
vt 2.44346094 0.52359879
vt 2.44346094 0.67335647
vt 2.19256997 0.52359879
vt 0.43633232 1.12160313
vt 0.43633232 1.04719758
vt 0.68722337 1.04719758
vt 0.43633232 1.04719758
vt 0.43633232 0.89743990
vt 0.68722337 1.04719758
vt 0.68722337 1.04719758
vt 0.43633232 0.89743990
vt 0.68722337 0.78539819
vt 0.43633232 0.89743990
vt 0.43633232 0.78539819
vt 0.68722337 0.78539819
vt 0.68722337 0.78539819
vt 0.43633232 0.78539819
vt 0.43633232 0.67335647
vt 0.43633232 0.67335647
vt 0.68722337 0.52359879
vt 0.68722337 0.78539819
vt 0.68722337 0.52359879
vt 0.93811446 0.52359879
vt 0.68722337 0.78539819
vt 0.68722337 0.78539819
vt 0.93811446 0.52359879
vt 0.93811446 0.78539819
vt 0.93811446 0.52359879
vt 1.18900549 0.52359879
vt 0.93811446 0.78539819
vt 0.93811446 0.78539819
vt 1.18900549 0.52359879
vt 1.18900549 0.78539819
vt 1.18900549 0.52359879
vt 1.43989658 0.52359879
vt 1.18900549 0.78539819
vt 1.18900549 0.78539819
vt 1.43989658 0.52359879
vt 1.43989658 0.78539819
vt 1.43989658 0.52359879
vt 1.69078767 0.52359879
vt 1.43989658 0.78539819
vt 1.43989658 0.78539819
vt 1.69078767 0.52359879
vt 1.69078767 0.78539819
vt 1.69078767 0.52359879
vt 1.94167876 0.52359879
vt 1.69078767 0.78539819
vt 1.69078767 0.78539819
vt 1.94167876 0.52359879
vt 1.94167876 0.78539819
vt 1.94167876 0.52359879
vt 2.19256997 0.52359879
vt 1.94167876 0.78539819
vt 1.94167876 0.78539819
vt 2.19256997 0.52359879
vt 2.19256997 0.78539819
vt 2.19256997 0.52359879
vt 2.44346094 0.67335647
vt 2.19256997 0.78539819
vt 2.19256997 0.78539819
vt 2.44346094 0.67335647
vt 2.44346094 0.78539819
vt 2.44346094 0.22479205
vt 2.44346094 0.26179940
vt 2.19256997 0.26179940
vt 2.44346094 0.26179940
vt 2.44346094 0.44919318
vt 2.19256997 0.26179940
vt 2.44346094 0.44919318
vt 2.19256997 0.52359879
vt 2.19256997 0.26179940
vt 2.19256997 0.52359879
vt 1.94167876 0.52359879
vt 2.19256997 0.26179940
vt 2.19256997 0.26179940
vt 1.94167876 0.52359879
vt 1.94167876 0.26179940
vt 1.94167876 0.52359879
vt 1.69078767 0.52359879
vt 1.94167876 0.26179940
vt 1.94167876 0.26179940
vt 1.69078767 0.52359879
vt 1.69078767 0.26179940
vt 1.69078767 0.52359879
vt 1.43989658 0.52359879
vt 1.69078767 0.26179940
vt 1.69078767 0.26179940
vt 1.43989658 0.52359879
vt 1.43989658 0.26179940
vt 1.43989658 0.52359879
vt 1.18900549 0.52359879
vt 1.43989658 0.26179940
vt 1.43989658 0.26179940
vt 1.18900549 0.52359879
vt 1.18900549 0.26179940
vt 1.18900549 0.52359879
vt 0.93811446 0.52359879
vt 1.18900549 0.26179940
vt 1.18900549 0.26179940
vt 0.93811446 0.52359879
vt 0.93811446 0.26179940
vt 0.93811446 0.52359879
vt 0.68722337 0.52359879
vt 0.93811446 0.26179940
vt 0.93811446 0.26179940
vt 0.68722337 0.52359879
vt 0.68722337 0.26179940
vt 2.19256997 -0.00000000
vt 2.44346094 -0.00000000
vt 2.44346094 0.22479205
vt 0.43633232 0.67335647
vt 0.43633232 0.52359879
vt 0.68722337 0.52359879
vt 0.43633232 0.52359879
vt 0.43633232 0.44919318
vt 0.68722337 0.52359879
vt 0.68722337 0.52359879
vt 0.43633232 0.44919318
vt 0.68722337 0.26179940
vt 0.43633232 0.44919318
vt 0.43633232 0.26179940
vt 0.68722337 0.26179940
vt 0.68722337 0.26179940
vt 0.43633232 0.26179940
vt 0.43633232 0.22479205
vt 2.44346094 0.22479205
vt 2.19256997 0.26179940
vt 2.19256997 -0.00000000
vt 2.19256997 0.26179940
vt 1.94167876 0.26179940
vt 2.19256997 -0.00000000
vt 2.19256997 -0.00000000
vt 1.94167876 0.26179940
vt 1.94167876 -0.00000000
vt 1.94167876 0.26179940
vt 1.69078767 0.26179940
vt 1.94167876 -0.00000000
vt 1.94167876 -0.00000000
vt 1.69078767 0.26179940
vt 1.69078767 -0.00000000
vt 1.69078767 0.26179940
vt 1.43989658 0.26179940
vt 1.69078767 -0.00000000
vt 1.69078767 -0.00000000
vt 1.43989658 0.26179940
vt 1.43989658 -0.00000000
vt 1.43989658 0.26179940
vt 1.18900549 0.26179940
vt 1.43989658 -0.00000000
vt 1.43989658 -0.00000000
vt 1.18900549 0.26179940
vt 1.18900549 -0.00000000
vt 1.18900549 0.26179940
vt 0.93811446 0.26179940
vt 1.18900549 -0.00000000
vt 1.18900549 -0.00000000
vt 0.93811446 0.26179940
vt 0.93811446 -0.00000000
vt 0.93811446 0.26179940
vt 0.68722337 0.26179940
vt 0.93811446 -0.00000000
vt 0.93811446 -0.00000000
vt 0.68722337 0.26179940
vt 0.68722337 -0.00000000
vt 0.68722337 0.26179940
vt 0.43633232 0.22479205
vt 0.68722337 -0.00000000
vt 0.68722337 -0.00000000
vt 0.43633232 0.22479205
vt 0.43633232 0.00000000
vt 6.28318548 -0.00000000
vt 6.05878592 -0.00000000
vt 6.28318548 -0.00413563
vt 6.05878592 -0.00000000
vt 6.05839348 -0.00413563
vt 6.28318548 -0.00413563
vt 6.05839348 -0.00413563
vt 6.05878592 -0.00000000
vt 6.02138615 -0.00413563
vt 6.05878592 -0.00000000
vt 5.83438635 -0.00000000
vt 6.02138615 -0.00413563
vt 6.02138615 -0.00413563
vt 5.83438635 -0.00000000
vt 5.83399200 -0.00413563
vt 5.83399200 -0.00413563
vt 5.83438635 -0.00000000
vt 5.75958633 -0.00413563
vt 5.83438635 -0.00000000
vt 5.60998678 -0.00000000
vt 5.75958633 -0.00413563
vt 5.75958633 -0.00413563
vt 5.60998678 -0.00000000
vt 5.60982895 -0.00413563
vt 5.60982895 -0.00413563
vt 5.60998678 -0.00000000
vt 5.49778700 -0.00413563
vt 5.60998678 -0.00000000
vt 5.38558722 -0.00000000
vt 5.49778700 -0.00413563
vt 5.49778700 -0.00413563
vt 5.38558722 -0.00000000
vt 5.38574553 -0.00413563
vt 5.38574553 -0.00413563
vt 5.38558722 -0.00000000
vt 5.23598766 -0.00413563
vt 5.38558722 -0.00000000
vt 5.16118813 -0.00000000
vt 5.23598766 -0.00413563
vt 5.23598766 -0.00413563
vt 5.16118813 -0.00000000
vt 5.16158199 -0.00413563
vt 5.16158199 -0.00413563
vt 5.16118813 -0.00000000
vt 4.97418833 -0.00413563
vt 5.16118813 -0.00000000
vt 4.93678856 -0.00000000
vt 4.97418833 -0.00413563
vt 4.97418833 -0.00413563
vt 4.93678856 -0.00000000
vt 4.93718100 -0.00413563
vt 4.93678856 -0.00000000
vt 4.71238899 -0.00000000
vt 4.93718100 -0.00413563
vt 4.93718100 -0.00413563
vt 4.71238899 -0.00000000
vt 4.71238899 -0.00413563
usemtl Gray
f 2325/1 2345/2 2244/3
f 2345/4 2324/5 2244/6
f 2244/7 2324/8 2245/9
f 2324/10 2323/11 2245/12
f 2245/13 2323/14 2248/15
f 2323/16 2322/17 2248/18
f 2248/19 2322/20 2249/21
f 2322/22 2321/23 2249/24
f 2249/25 2321/26 2254/27
f 2321/28 2344/29 2254/30
f 2254/31 2344/32 2260/33
f 2344/34 2343/35 2260/36
f 2260/37 2343/38 2263/39
f 2343/40 2342/41 2263/42
f 2263/43 2342/44 2268/45
f 2342/46 2341/47 2268/48
f 2268/49 2341/50 2261/51
f 2341/52 2340/53 2261/54
f 2261/55 2340/56 2262/57
f 2340/58 2339/59 2262/60
f 2262/61 2339/62 2267/63
f 2339/64 2338/65 2267/66
f 2267/67 2338/68 2266/69
f 2338/70 2337/71 2266/72
f 2266/73 2337/74 2265/75
f 2337/76 2336/77 2265/78
f 2265/79 2336/80 2264/81
f 2336/82 2335/83 2264/84
f 2264/85 2335/86 2253/87
f 2335/88 2334/89 2253/90
f 2253/91 2334/92 2251/93
f 2334/94 2333/95 2251/96
f 2251/97 2333/98 2252/99
f 2333/100 2332/101 2252/102
f 2252/103 2332/104 2258/105
f 2332/106 2331/107 2258/108
f 2258/109 2331/110 2247/111
f 2331/112 2330/113 2247/114
f 2247/115 2330/116 2246/117
f 2330/118 2329/119 2246/120
f 2246/121 2329/122 2250/123
f 2329/124 2328/125 2250/126
f 2250/127 2328/128 2256/129
f 2328/130 2327/131 2256/132
f 2256/133 2327/134 2257/135
f 2327/136 2326/137 2257/138
f 2257/139 2326/140 2255/141
f 2326/142 2325/143 2255/144
f 2255/145 2325/146 2244/147
f 2309/148 2360/149 2304/150
f 2360/151 2361/152 2304/153
f 2304/154 2361/155 2305/156
f 2361/157 2362/158 2305/159
f 2305/160 2362/161 2320/162
f 2362/163 2363/164 2320/165
f 2320/166 2363/167 2318/168
f 2363/169 2364/170 2318/171
f 2318/172 2364/173 2319/174
f 2364/175 2365/176 2319/177
f 2319/178 2365/179 2315/180
f 2365/181 2366/182 2315/183
f 2315/184 2366/185 2299/186
f 2366/187 2367/188 2299/189
f 2299/190 2367/191 2296/192
f 2296/193 2367/194 2297/195
f 2367/196 2368/197 2297/198
f 2297/199 2368/200 2303/201
f 2368/202 2369/203 2303/204
f 2303/205 2369/206 2301/207
f 2369/208 2370/209 2301/210
f 2301/211 2370/212 2302/213
f 2370/214 2371/215 2302/216
f 2302/217 2371/218 2307/219
f 2371/220 2347/221 2307/222
f 2307/223 2347/224 2308/225
f 2347/226 2348/227 2308/228
f 2308/229 2348/230 2306/231
f 2348/232 2349/233 2306/234
f 2306/235 2349/236 2300/237
f 2349/238 2350/239 2300/240
f 2300/241 2350/242 2298/243
f 2350/244 2351/245 2298/246
f 2298/247 2351/248 2314/249
f 2351/250 2352/251 2314/252
f 2314/253 2352/254 2312/255
f 2352/256 2353/257 2312/258
f 2312/259 2353/260 2313/261
f 2353/262 2354/263 2313/264
f 2313/265 2354/266 2316/267
f 2354/268 2355/269 2316/270
f 2316/271 2355/272 2311/273
f 2355/274 2356/275 2311/276
f 2311/277 2356/278 2310/279
f 2356/280 2357/281 2310/282
f 2310/283 2357/284 2317/285
f 2357/286 2358/287 2317/288
f 2317/289 2358/290 2309/291
f 2358/292 2359/293 2309/294
f 2309/295 2359/296 2360/297
usemtl Geyser
f 1934/298 2374/299 1933/300
f 2374/301 1932/302 1933/303
f 2373/304 1938/305 1939/306
f 1942/307 2376/308 1941/309
f 2376/310 2373/311 1941/312
f 1941/313 2373/314 1940/315
f 2373/316 1939/317 1940/318
f 1932/319 2374/320 1931/321
f 2374/322 2378/323 1931/324
f 1931/325 2378/326 1930/327
f 1926/328 1927/329 2377/330
f 1927/331 1928/332 2377/333
f 2377/334 1928/335 2378/336
f 1928/337 1929/338 2378/339
f 2378/340 1929/341 1930/342
f 1922/343 1923/344 2375/345
f 1923/346 1924/347 2375/348
f 2375/349 1924/350 2377/351
f 1924/352 1925/353 2377/354
f 2377/355 1925/356 1926/357
f 1942/358 1943/359 2376/360
f 1943/361 1920/362 2376/363
f 2376/364 1920/365 2375/366
f 1920/367 1921/368 2375/369
f 2375/370 1921/371 1922/372
f 1934/373 1935/374 2374/375
f 1935/376 1936/377 2374/378
f 2374/379 1936/380 2373/381
f 1936/382 1937/383 2373/384
f 2373/385 1937/386 1938/387
f 1739/388 1873/389 1740/390
f 1873/391 1877/392 1740/393
f 1740/394 1877/395 1741/396
f 1877/397 1886/398 1741/399
f 1741/400 1886/401 1742/402
f 1886/403 1881/404 1742/405
f 1742/406 1881/407 1743/408
f 1881/409 1882/410 1743/411
f 1743/412 1882/413 1744/414
f 1882/415 1887/416 1744/417
f 1744/418 1887/419 1745/420
f 1887/421 1888/422 1745/423
f 1745/424 1888/425 1746/426
f 1888/427 1892/428 1746/429
f 1746/430 1892/431 1747/432
f 1892/433 1893/434 1747/435
f 1747/436 1893/437 1748/438
f 1893/439 1894/440 1748/441
f 1748/442 1894/443 1749/444
f 1894/445 1895/446 1749/447
f 1749/448 1895/449 1750/450
f 1895/451 1889/452 1750/453
f 1750/454 1889/455 1751/456
f 1889/457 1890/458 1751/459
f 1751/460 1890/461 1728/462
f 1890/463 1891/464 1728/465
f 1728/466 1891/467 1729/468
f 1891/469 1883/470 1729/471
f 1729/472 1883/473 1730/474
f 1883/475 1884/476 1730/477
f 1730/478 1884/479 1731/480
f 1884/481 1885/482 1731/483
f 1731/484 1885/485 1732/486
f 1885/487 1878/488 1732/489
f 1732/490 1878/491 1733/492
f 1878/493 1879/494 1733/495
f 1733/496 1879/497 1734/498
f 1879/499 1874/500 1734/501
f 1734/502 1874/503 1735/504
f 1874/505 1875/506 1735/507
f 1735/508 1875/509 1736/510
f 1875/511 1880/512 1736/513
f 1736/514 1880/515 1737/516
f 1880/517 1876/518 1737/519
f 1737/520 1876/521 1738/522
f 1876/523 1872/524 1738/525
f 1738/526 1872/527 1739/528
f 1872/529 1873/530 1739/531
f 2381/532 2375/533 2379/534
f 2375/535 2377/536 2379/537
f 2379/538 2377/539 2380/540
f 2383/541 2376/542 2382/543
f 2376/544 2375/545 2382/546
f 2382/547 2375/548 2381/549
f 2385/550 2373/551 2384/552
f 2373/553 2376/554 2384/555
f 2384/556 2376/557 2383/558
f 2387/559 2374/560 2386/561
f 2374/562 2373/563 2386/564
f 2386/565 2373/566 2385/567
f 2389/568 2378/569 2388/570
f 2378/571 2374/572 2388/573
f 2388/574 2374/575 2387/576
f 2380/577 2377/578 2390/579
f 2377/580 2378/581 2390/582
f 2390/583 2378/584 2389/585
f 2383/586 2382/587 2393/588
f 2393/589 2391/590 2383/591
f 2391/592 2392/593 2383/594
f 2383/595 2392/596 2384/597
f 2396/598 2386/599 2385/600
f 2384/601 2394/602 2385/603
f 2394/604 2395/605 2385/606
f 2385/607 2395/608 2396/609
f 2387/610 2386/611 2397/612
f 2397/613 2398/614 2387/615
f 2398/616 2399/617 2387/618
f 2387/619 2399/620 2388/621
f 2389/622 2388/623 2400/624
f 2400/625 2401/626 2389/627
f 2401/628 2402/629 2389/630
f 2389/631 2402/632 2390/633
f 2405/634 2379/635 2380/636
f 2390/637 2403/638 2380/639
f 2403/640 2404/641 2380/642
f 2380/643 2404/644 2405/645
f 2381/646 2379/647 2406/648
f 2406/649 2407/650 2381/651
f 2407/652 2408/653 2381/654
f 2381/655 2408/656 2382/657
f 2446/658 2445/659 2444/660
f 2419/661 2445/662 2446/663
f 2446/664 2416/665 2442/666
f 2443/667 2416/668 2446/669
f 2444/670 2443/671 2446/672
f 2446/673 2440/674 2427/675
f 2441/676 2440/677 2446/678
f 2442/679 2441/680 2446/681
f 2446/682 2438/683 2437/684
f 2439/685 2438/686 2446/687
f 2427/688 2439/689 2446/690
f 2446/691 2436/692 2435/693
f 2425/694 2436/695 2446/696
f 2437/697 2425/698 2446/699
f 2446/700 2423/701 2433/702
f 2434/703 2423/704 2446/705
f 2435/706 2434/707 2446/708
f 2446/709 2431/710 2421/711
f 2432/712 2431/713 2446/714
f 2433/715 2432/716 2446/717
f 2446/718 2428/719 2430/720
f 2429/721 2428/722 2446/723
f 2421/724 2429/725 2446/726
f 2430/727 2419/728 2446/729
f 1075/730 1052/731 1051/732
f 1076/733 1053/734 1052/735
f 1077/736 1054/737 1053/738
f 1078/739 1055/740 1054/741
f 1079/742 1056/743 1055/744
f 1080/745 1057/746 1056/747
f 1081/748 1058/749 1057/750
f 1082/751 1059/752 1058/753
f 1083/754 1060/755 1059/756
f 1084/757 1061/758 1060/759
f 1085/760 1062/761 1061/762
f 1086/763 1063/764 1062/765
f 1087/766 1064/767 1063/768
f 1088/769 1065/770 1064/771
f 1089/772 1066/773 1065/774
f 1090/775 1067/776 1066/777
f 1091/778 1069/779 1068/780
f 1092/781 1070/782 1069/783
f 1093/784 1071/785 1070/786
f 1094/787 1072/788 1071/789
f 1095/790 1073/791 1072/792
f 1096/793 1074/794 1073/795
f 1097/796 1051/797 1074/798
f 1069/799 1091/800 1092/801
f 1091/802 1098/803 1092/804
f 1092/805 1098/806 1099/807
f 1098/808 1100/809 1099/810
f 1099/811 1100/812 1101/813
f 1100/814 1102/815 1101/816
f 1101/817 1102/818 1103/819
f 1102/820 1104/821 1103/822
f 1103/823 1104/824 1105/825
f 1104/826 1106/827 1105/828
f 1105/829 1106/830 1107/831
f 1108/832 1031/833 1032/834
f 1032/835 1106/836 1108/837
f 1106/838 1104/839 1108/840
f 1108/841 1104/842 1109/843
f 1104/844 1102/845 1109/846
f 1109/847 1102/848 1110/849
f 1102/850 1100/851 1110/852
f 1110/853 1100/854 1111/855
f 1100/856 1098/857 1111/858
f 1111/859 1098/860 1112/861
f 1098/862 1091/863 1112/864
f 1112/865 1091/866 1113/867
f 1091/868 1068/869 1113/870
f 1113/871 1068/872 1067/873
f 1114/874 1033/875 1034/876
f 1067/877 1090/878 1113/879
f 1090/880 1115/881 1113/882
f 1113/883 1115/884 1112/885
f 1115/886 1116/887 1112/888
f 1112/889 1116/890 1111/891
f 1116/892 1117/893 1111/894
f 1111/895 1117/896 1110/897
f 1117/898 1118/899 1110/900
f 1110/901 1118/902 1109/903
f 1118/904 1114/905 1109/906
f 1109/907 1114/908 1108/909
f 1114/910 1034/911 1108/912
f 1108/913 1034/914 1031/915
f 1119/916 1035/917 1036/918
f 1066/919 1089/920 1090/921
f 1089/922 1120/923 1090/924
f 1090/925 1120/926 1115/927
f 1120/928 1121/929 1115/930
f 1115/931 1121/932 1116/933
f 1121/934 1122/935 1116/936
f 1116/937 1122/938 1117/939
f 1122/940 1123/941 1117/942
f 1117/943 1123/944 1118/945
f 1123/946 1119/947 1118/948
f 1118/949 1119/950 1114/951
f 1119/952 1036/953 1114/954
f 1114/955 1036/956 1033/957
f 1124/958 1037/959 1038/960
f 1065/961 1088/962 1089/963
f 1088/964 1125/965 1089/966
f 1089/967 1125/968 1120/969
f 1125/970 1126/971 1120/972
f 1120/973 1126/974 1121/975
f 1126/976 1127/977 1121/978
f 1121/979 1127/980 1122/981
f 1127/982 1128/983 1122/984
f 1122/985 1128/986 1123/987
f 1128/988 1124/989 1123/990
f 1123/991 1124/992 1119/993
f 1124/994 1038/995 1119/996
f 1119/997 1038/998 1035/999
f 1129/1000 1039/1001 1040/1002
f 1064/1003 1087/1004 1088/1005
f 1087/1006 1130/1007 1088/1008
f 1088/1009 1130/1010 1125/1011
f 1130/1012 1131/1013 1125/1014
f 1125/1015 1131/1016 1126/1017
f 1131/1018 1132/1019 1126/1020
f 1126/1021 1132/1022 1127/1023
f 1132/1024 1133/1025 1127/1026
f 1127/1027 1133/1028 1128/1029
f 1133/1030 1129/1031 1128/1032
f 1128/1033 1129/1034 1124/1035
f 1129/1036 1040/1037 1124/1038
f 1124/1039 1040/1040 1037/1041
f 1134/1042 1041/1043 1042/1044
f 1063/1045 1086/1046 1087/1047
f 1086/1048 1135/1049 1087/1050
f 1087/1051 1135/1052 1130/1053
f 1135/1054 1136/1055 1130/1056
f 1130/1057 1136/1058 1131/1059
f 1136/1060 1137/1061 1131/1062
f 1131/1063 1137/1064 1132/1065
f 1137/1066 1138/1067 1132/1068
f 1132/1069 1138/1070 1133/1071
f 1138/1072 1134/1073 1133/1074
f 1133/1075 1134/1076 1129/1077
f 1134/1078 1042/1079 1129/1080
f 1129/1081 1042/1082 1039/1083
f 1139/1084 1043/1085 1044/1086
f 1062/1087 1085/1088 1086/1089
f 1085/1090 1140/1091 1086/1092
f 1086/1093 1140/1094 1135/1095
f 1140/1096 1141/1097 1135/1098
f 1135/1099 1141/1100 1136/1101
f 1141/1102 1142/1103 1136/1104
f 1136/1105 1142/1106 1137/1107
f 1142/1108 1143/1109 1137/1110
f 1137/1111 1143/1112 1138/1113
f 1143/1114 1139/1115 1138/1116
f 1138/1117 1139/1118 1134/1119
f 1139/1120 1044/1121 1134/1122
f 1134/1123 1044/1124 1041/1125
f 1144/1126 1045/1127 1046/1128
f 1061/1129 1084/1130 1085/1131
f 1084/1132 1145/1133 1085/1134
f 1085/1135 1145/1136 1140/1137
f 1145/1138 1146/1139 1140/1140
f 1140/1141 1146/1142 1141/1143
f 1146/1144 1147/1145 1141/1146
f 1141/1147 1147/1148 1142/1149
f 1147/1150 1148/1151 1142/1152
f 1142/1153 1148/1154 1143/1155
f 1148/1156 1144/1157 1143/1158
f 1143/1159 1144/1160 1139/1161
f 1144/1162 1046/1163 1139/1164
f 1139/1165 1046/1166 1043/1167
f 1149/1168 1047/1169 1048/1170
f 1060/1171 1083/1172 1084/1173
f 1083/1174 1150/1175 1084/1176
f 1084/1177 1150/1178 1145/1179
f 1150/1180 1151/1181 1145/1182
f 1145/1183 1151/1184 1146/1185
f 1151/1186 1152/1187 1146/1188
f 1146/1189 1152/1190 1147/1191
f 1152/1192 1153/1193 1147/1194
f 1147/1195 1153/1196 1148/1197
f 1153/1198 1149/1199 1148/1200
f 1148/1201 1149/1202 1144/1203
f 1149/1204 1048/1205 1144/1206
f 1144/1207 1048/1208 1045/1209
f 1154/1210 1049/1211 1050/1212
f 1059/1213 1082/1214 1083/1215
f 1082/1216 1155/1217 1083/1218
f 1083/1219 1155/1220 1150/1221
f 1155/1222 1156/1223 1150/1224
f 1150/1225 1156/1226 1151/1227
f 1156/1228 1157/1229 1151/1230
f 1151/1231 1157/1232 1152/1233
f 1157/1234 1158/1235 1152/1236
f 1152/1237 1158/1238 1153/1239
f 1158/1240 1154/1241 1153/1242
f 1153/1243 1154/1244 1149/1245
f 1154/1246 1050/1247 1149/1248
f 1149/1249 1050/1250 1047/1251
f 1159/1252 1003/1253 1004/1254
f 1058/1255 1081/1256 1082/1257
f 1081/1258 1160/1259 1082/1260
f 1082/1261 1160/1262 1155/1263
f 1160/1264 1161/1265 1155/1266
f 1155/1267 1161/1268 1156/1269
f 1161/1270 1162/1271 1156/1272
f 1156/1273 1162/1274 1157/1275
f 1162/1276 1163/1277 1157/1278
f 1157/1279 1163/1280 1158/1281
f 1163/1282 1159/1283 1158/1284
f 1158/1285 1159/1286 1154/1287
f 1159/1288 1004/1289 1154/1290
f 1154/1291 1004/1292 1049/1293
f 1164/1294 1005/1295 1006/1296
f 1057/1297 1080/1298 1081/1299
f 1080/1300 1165/1301 1081/1302
f 1081/1303 1165/1304 1160/1305
f 1165/1306 1166/1307 1160/1308
f 1160/1309 1166/1310 1161/1311
f 1166/1312 1167/1313 1161/1314
f 1161/1315 1167/1316 1162/1317
f 1167/1318 1168/1319 1162/1320
f 1162/1321 1168/1322 1163/1323
f 1168/1324 1164/1325 1163/1326
f 1163/1327 1164/1328 1159/1329
f 1164/1330 1006/1331 1159/1332
f 1159/1333 1006/1334 1003/1335
f 1169/1336 1007/1337 1008/1338
f 1056/1339 1079/1340 1080/1341
f 1079/1342 1170/1343 1080/1344
f 1080/1345 1170/1346 1165/1347
f 1170/1348 1171/1349 1165/1350
f 1165/1351 1171/1352 1166/1353
f 1171/1354 1172/1355 1166/1356
f 1166/1357 1172/1358 1167/1359
f 1172/1360 1173/1361 1167/1362
f 1167/1363 1173/1364 1168/1365
f 1173/1366 1169/1367 1168/1368
f 1168/1369 1169/1370 1164/1371
f 1169/1372 1008/1373 1164/1374
f 1164/1375 1008/1376 1005/1377
f 1174/1378 1009/1379 1010/1380
f 1055/1381 1078/1382 1079/1383
f 1078/1384 1175/1385 1079/1386
f 1079/1387 1175/1388 1170/1389
f 1175/1390 1176/1391 1170/1392
f 1170/1393 1176/1394 1171/1395
f 1176/1396 1177/1397 1171/1398
f 1171/1399 1177/1400 1172/1401
f 1177/1402 1178/1403 1172/1404
f 1172/1405 1178/1406 1173/1407
f 1178/1408 1174/1409 1173/1410
f 1173/1411 1174/1412 1169/1413
f 1174/1414 1010/1415 1169/1416
f 1169/1417 1010/1418 1007/1419
f 1179/1420 1011/1421 1012/1422
f 1054/1423 1077/1424 1078/1425
f 1077/1426 1180/1427 1078/1428
f 1078/1429 1180/1430 1175/1431
f 1180/1432 1181/1433 1175/1434
f 1175/1435 1181/1436 1176/1437
f 1181/1438 1182/1439 1176/1440
f 1176/1441 1182/1442 1177/1443
f 1182/1444 1183/1445 1177/1446
f 1177/1447 1183/1448 1178/1449
f 1183/1450 1179/1451 1178/1452
f 1178/1453 1179/1454 1174/1455
f 1179/1456 1012/1457 1174/1458
f 1174/1459 1012/1460 1009/1461
f 1184/1462 1013/1463 1014/1464
f 1053/1465 1076/1466 1077/1467
f 1076/1468 1185/1469 1077/1470
f 1077/1471 1185/1472 1180/1473
f 1185/1474 1186/1475 1180/1476
f 1180/1477 1186/1478 1181/1479
f 1186/1480 1187/1481 1181/1482
f 1181/1483 1187/1484 1182/1485
f 1187/1486 1188/1487 1182/1488
f 1182/1489 1188/1490 1183/1491
f 1188/1492 1184/1493 1183/1494
f 1183/1495 1184/1496 1179/1497
f 1184/1498 1014/1499 1179/1500
f 1179/1501 1014/1502 1011/1503
f 1189/1504 1015/1505 1016/1506
f 1052/1507 1075/1508 1076/1509
f 1075/1510 1190/1511 1076/1512
f 1076/1513 1190/1514 1185/1515
f 1190/1516 1191/1517 1185/1518
f 1185/1519 1191/1520 1186/1521
f 1191/1522 1192/1523 1186/1524
f 1186/1525 1192/1526 1187/1527
f 1192/1528 1193/1529 1187/1530
f 1187/1531 1193/1532 1188/1533
f 1193/1534 1189/1535 1188/1536
f 1188/1537 1189/1538 1184/1539
f 1189/1540 1016/1541 1184/1542
f 1184/1543 1016/1544 1013/1545
f 1194/1546 1017/1547 1018/1548
f 1051/1549 1097/1550 1075/1551
f 1097/1552 1195/1553 1075/1554
f 1075/1555 1195/1556 1190/1557
f 1195/1558 1196/1559 1190/1560
f 1190/1561 1196/1562 1191/1563
f 1196/1564 1197/1565 1191/1566
f 1191/1567 1197/1568 1192/1569
f 1197/1570 1198/1571 1192/1572
f 1192/1573 1198/1574 1193/1575
f 1198/1576 1194/1577 1193/1578
f 1193/1579 1194/1580 1189/1581
f 1194/1582 1018/1583 1189/1584
f 1189/1585 1018/1586 1015/1587
f 1199/1588 1019/1589 1020/1590
f 1074/1591 1096/1592 1097/1593
f 1096/1594 1200/1595 1097/1596
f 1097/1597 1200/1598 1195/1599
f 1200/1600 1201/1601 1195/1602
f 1195/1603 1201/1604 1196/1605
f 1201/1606 1202/1607 1196/1608
f 1196/1609 1202/1610 1197/1611
f 1202/1612 1203/1613 1197/1614
f 1197/1615 1203/1616 1198/1617
f 1203/1618 1199/1619 1198/1620
f 1198/1621 1199/1622 1194/1623
f 1199/1624 1020/1625 1194/1626
f 1194/1627 1020/1628 1017/1629
f 1204/1630 1021/1631 1022/1632
f 1073/1633 1095/1634 1096/1635
f 1095/1636 1205/1637 1096/1638
f 1096/1639 1205/1640 1200/1641
f 1205/1642 1206/1643 1200/1644
f 1200/1645 1206/1646 1201/1647
f 1206/1648 1207/1649 1201/1650
f 1201/1651 1207/1652 1202/1653
f 1207/1654 1208/1655 1202/1656
f 1202/1657 1208/1658 1203/1659
f 1208/1660 1204/1661 1203/1662
f 1203/1663 1204/1664 1199/1665
f 1204/1666 1022/1667 1199/1668
f 1199/1669 1022/1670 1019/1671
f 1209/1672 1023/1673 1024/1674
f 1072/1675 1094/1676 1095/1677
f 1094/1678 1210/1679 1095/1680
f 1095/1681 1210/1682 1205/1683
f 1210/1684 1211/1685 1205/1686
f 1205/1687 1211/1688 1206/1689
f 1211/1690 1212/1691 1206/1692
f 1206/1693 1212/1694 1207/1695
f 1212/1696 1213/1697 1207/1698
f 1207/1699 1213/1700 1208/1701
f 1213/1702 1209/1703 1208/1704
f 1208/1705 1209/1706 1204/1707
f 1209/1708 1024/1709 1204/1710
f 1204/1711 1024/1712 1021/1713
f 1214/1714 1025/1715 1026/1716
f 1071/1717 1093/1718 1094/1719
f 1093/1720 1215/1721 1094/1722
f 1094/1723 1215/1724 1210/1725
f 1215/1726 1216/1727 1210/1728
f 1210/1729 1216/1730 1211/1731
f 1216/1732 1217/1733 1211/1734
f 1211/1735 1217/1736 1212/1737
f 1217/1738 1218/1739 1212/1740
f 1212/1741 1218/1742 1213/1743
f 1218/1744 1214/1745 1213/1746
f 1213/1747 1214/1748 1209/1749
f 1214/1750 1026/1751 1209/1752
f 1209/1753 1026/1754 1023/1755
f 1032/1756 1029/1757 1106/1758
f 1029/1759 1030/1760 1106/1761
f 1106/1762 1030/1763 1107/1764
f 1030/1765 1027/1766 1107/1767
f 1107/1768 1027/1769 1028/1770
f 1070/1771 1092/1772 1093/1773
f 1092/1774 1099/1775 1093/1776
f 1093/1777 1099/1778 1215/1779
f 1099/1780 1101/1781 1215/1782
f 1215/1783 1101/1784 1216/1785
f 1101/1786 1103/1787 1216/1788
f 1216/1789 1103/1790 1217/1791
f 1103/1792 1105/1793 1217/1794
f 1217/1795 1105/1796 1218/1797
f 1105/1798 1107/1799 1218/1800
f 1218/1801 1107/1802 1214/1803
f 1107/1804 1028/1805 1214/1806
f 1214/1807 1028/1808 1025/1809
f 1001/1810 1000/1811 1047/1812
f 999/1813 1045/1814 1000/1815
f 1045/1816 1048/1817 1000/1818
f 1000/1819 1048/1820 1047/1821
f 996/1822 1043/1823 999/1824
f 1043/1825 1046/1826 999/1827
f 999/1828 1046/1829 1045/1830
f 995/1831 1041/1832 996/1833
f 1041/1834 1044/1835 996/1836
f 996/1837 1044/1838 1043/1839
f 994/1840 1039/1841 995/1842
f 1039/1843 1042/1844 995/1845
f 995/1846 1042/1847 1041/1848
f 993/1849 1037/1850 994/1851
f 1037/1852 1040/1853 994/1854
f 994/1855 1040/1856 1039/1857
f 990/1858 1035/1859 993/1860
f 1035/1861 1038/1862 993/1863
f 993/1864 1038/1865 1037/1866
f 989/1867 1033/1868 990/1869
f 1033/1870 1036/1871 990/1872
f 990/1873 1036/1874 1035/1875
f 992/1876 1031/1877 989/1878
f 1031/1879 1034/1880 989/1881
f 989/1882 1034/1883 1033/1884
f 988/1885 1029/1886 992/1887
f 1029/1888 1032/1889 992/1890
f 992/1891 1032/1892 1031/1893
f 987/1894 1027/1895 988/1896
f 1027/1897 1030/1898 988/1899
f 988/1900 1030/1901 1029/1902
f 991/1903 1025/1904 987/1905
f 1025/1906 1028/1907 987/1908
f 987/1909 1028/1910 1027/1911
f 986/1912 1023/1913 991/1914
f 1023/1915 1026/1916 991/1917
f 991/1918 1026/1919 1025/1920
f 985/1921 1021/1922 986/1923
f 1021/1924 1024/1925 986/1926
f 986/1927 1024/1928 1023/1929
f 984/1930 1019/1931 985/1932
f 1019/1933 1022/1934 985/1935
f 985/1936 1022/1937 1021/1938
f 983/1939 1017/1940 984/1941
f 1017/1942 1020/1943 984/1944
f 984/1945 1020/1946 1019/1947
f 981/1948 1015/1949 983/1950
f 1015/1951 1018/1952 983/1953
f 983/1954 1018/1955 1017/1956
f 979/1957 1013/1958 981/1959
f 1013/1960 1016/1961 981/1962
f 981/1963 1016/1964 1015/1965
f 978/1966 1011/1967 979/1968
f 1011/1969 1014/1970 979/1971
f 979/1972 1014/1973 1013/1974
f 980/1975 1009/1976 978/1977
f 1009/1978 1012/1979 978/1980
f 978/1981 1012/1982 1011/1983
f 982/1984 1007/1985 980/1986
f 1007/1987 1010/1988 980/1989
f 980/1990 1010/1991 1009/1992
f 998/1993 1005/1994 982/1995
f 1005/1996 1008/1997 982/1998
f 982/1999 1008/2000 1007/2001
f 1047/2002 1050/2003 1001/2004
f 1050/2005 1049/2006 1001/2007
f 1001/2008 1049/2009 1002/2010
f 1049/2011 1004/2012 1002/2013
f 1002/2014 1004/2015 997/2016
f 1004/2017 1003/2018 997/2019
f 997/2020 1003/2021 998/2022
f 1003/2023 1006/2024 998/2025
f 998/2026 1006/2027 1005/2028
f 1072/2029 1073/2030 2415/2031
f 1073/2032 1074/2033 2415/2034
f 1074/2035 1051/2036 2415/2037
f 2415/2038 1051/2039 2411/2040
f 1051/2041 1052/2042 2411/2043
f 2411/2044 1052/2045 1053/2046
f 1072/2047 2415/2048 1071/2049
f 2415/2050 2414/2051 1071/2052
f 1071/2053 2414/2054 1070/2055
f 1066/2056 1067/2057 2413/2058
f 1067/2059 1068/2060 2413/2061
f 2413/2062 1068/2063 2414/2064
f 1068/2065 1069/2066 2414/2067
f 2414/2068 1069/2069 1070/2070
f 1062/2071 1063/2072 2412/2073
f 1063/2074 1064/2075 2412/2076
f 2412/2077 1064/2078 2413/2079
f 1064/2080 1065/2081 2413/2082
f 2413/2083 1065/2084 1066/2085
f 2410/2086 1057/2087 1058/2088
f 1058/2089 1059/2090 2410/2091
f 1059/2092 1060/2093 2410/2094
f 2410/2095 1060/2096 2412/2097
f 1060/2098 1061/2099 2412/2100
f 2412/2101 1061/2102 1062/2103
f 1053/2104 1054/2105 2411/2106
f 1054/2107 1055/2108 2411/2109
f 2411/2110 1055/2111 2410/2112
f 1055/2113 1056/2114 2410/2115
f 2410/2116 1056/2117 1057/2118
f 1000/2119 1001/2120 857/2121
f 1001/2122 1002/2123 857/2124
f 857/2125 1002/2126 834/2127
f 1002/2128 997/2129 834/2130
f 834/2131 997/2132 835/2133
f 997/2134 998/2135 835/2136
f 835/2137 998/2138 836/2139
f 998/2140 982/2141 836/2142
f 836/2143 982/2144 837/2145
f 982/2146 980/2147 837/2148
f 837/2149 980/2150 838/2151
f 980/2152 978/2153 838/2154
f 838/2155 978/2156 839/2157
f 978/2158 979/2159 839/2160
f 839/2161 979/2162 840/2163
f 979/2164 981/2165 840/2166
f 840/2167 981/2168 841/2169
f 981/2170 983/2171 841/2172
f 841/2173 983/2174 842/2175
f 983/2176 984/2177 842/2178
f 842/2179 984/2180 843/2181
f 984/2182 985/2183 843/2184
f 843/2185 985/2186 844/2187
f 985/2188 986/2189 844/2190
f 844/2191 986/2192 845/2193
f 986/2194 991/2195 845/2196
f 845/2197 991/2198 846/2199
f 991/2200 987/2201 846/2202
f 846/2203 987/2204 847/2205
f 987/2206 988/2207 847/2208
f 847/2209 988/2210 848/2211
f 988/2212 992/2213 848/2214
f 848/2215 992/2216 849/2217
f 992/2218 989/2219 849/2220
f 849/2221 989/2222 850/2223
f 989/2224 990/2225 850/2226
f 850/2227 990/2228 851/2229
f 990/2230 993/2231 851/2232
f 851/2233 993/2234 852/2235
f 993/2236 994/2237 852/2238
f 852/2239 994/2240 853/2241
f 994/2242 995/2243 853/2244
f 853/2245 995/2246 854/2247
f 995/2248 996/2249 854/2250
f 854/2251 996/2252 855/2253
f 996/2254 999/2255 855/2256
f 855/2257 999/2258 856/2259
f 999/2260 1000/2261 856/2262
f 856/2263 1000/2264 857/2265
f 2417/2266 2427/2267 2440/2268
f 2440/2269 2441/2270 2417/2271
f 2441/2272 2442/2273 2417/2274
f 2417/2275 2442/2276 2416/2277
f 2418/2278 2416/2279 2443/2280
f 2443/2281 2444/2282 2418/2283
f 2444/2284 2445/2285 2418/2286
f 2418/2287 2445/2288 2419/2289
f 2426/2290 2425/2291 2437/2292
f 2437/2293 2438/2294 2426/2295
f 2438/2296 2439/2297 2426/2298
f 2426/2299 2439/2300 2427/2301
f 2424/2302 2423/2303 2434/2304
f 2434/2305 2435/2306 2424/2307
f 2435/2308 2436/2309 2424/2310
f 2424/2311 2436/2312 2425/2313
f 2422/2314 2421/2315 2431/2316
f 2431/2317 2432/2318 2422/2319
f 2432/2320 2433/2321 2422/2322
f 2422/2323 2433/2324 2423/2325
f 2420/2326 2419/2327 2430/2328
f 2430/2329 2428/2330 2420/2331
f 2428/2332 2429/2333 2420/2334
f 2420/2335 2429/2336 2421/2337
f 2417/2338 2410/2339 2427/2340
f 2410/2341 2412/2342 2427/2343
f 2427/2344 2412/2345 2426/2346
f 2426/2347 2412/2348 2425/2349
f 2412/2350 2413/2351 2425/2352
f 2425/2353 2413/2354 2424/2355
f 2424/2356 2413/2357 2423/2358
f 2413/2359 2414/2360 2423/2361
f 2423/2362 2414/2363 2422/2364
f 2422/2365 2414/2366 2421/2367
f 2414/2368 2415/2369 2421/2370
f 2421/2371 2415/2372 2420/2373
f 2420/2374 2415/2375 2419/2376
f 2415/2377 2411/2378 2419/2379
f 2419/2380 2411/2381 2418/2382
f 2418/2383 2411/2384 2416/2385
f 2411/2386 2410/2387 2416/2388
f 2416/2389 2410/2390 2417/2391
f 1896/2392 1873/2393 1897/2394
f 1873/2395 1872/2396 1897/2397
f 1897/2398 1872/2399 1898/2400
f 1872/2401 1876/2402 1898/2403
f 1898/2404 1876/2405 1899/2406
f 1876/2407 1880/2408 1899/2409
f 1899/2410 1880/2411 1900/2412
f 1880/2413 1875/2414 1900/2415
f 1900/2416 1875/2417 1901/2418
f 1875/2419 1874/2420 1901/2421
f 1901/2422 1874/2423 1902/2424
f 1874/2425 1879/2426 1902/2427
f 1902/2428 1879/2429 1903/2430
f 1879/2431 1878/2432 1903/2433
f 1903/2434 1878/2435 1904/2436
f 1878/2437 1885/2438 1904/2439
f 1904/2440 1885/2441 1905/2442
f 1885/2443 1884/2444 1905/2445
f 1905/2446 1884/2447 1906/2448
f 1884/2449 1883/2450 1906/2451
f 1906/2452 1883/2453 1907/2454
f 1883/2455 1891/2456 1907/2457
f 1907/2458 1891/2459 1908/2460
f 1891/2461 1890/2462 1908/2463
f 1908/2464 1890/2465 1909/2466
f 1890/2467 1889/2468 1909/2469
f 1909/2470 1889/2471 1910/2472
f 1889/2473 1895/2474 1910/2475
f 1910/2476 1895/2477 1911/2478
f 1895/2479 1894/2480 1911/2481
f 1911/2482 1894/2483 1912/2484
f 1894/2485 1893/2486 1912/2487
f 1912/2488 1893/2489 1913/2490
f 1893/2491 1892/2492 1913/2493
f 1913/2494 1892/2495 1914/2496
f 1892/2497 1888/2498 1914/2499
f 1914/2500 1888/2501 1915/2502
f 1888/2503 1887/2504 1915/2505
f 1915/2506 1887/2507 1916/2508
f 1887/2509 1882/2510 1916/2511
f 1916/2512 1882/2513 1917/2514
f 1882/2515 1881/2516 1917/2517
f 1917/2518 1881/2519 1918/2520
f 1881/2521 1886/2522 1918/2523
f 1918/2524 1886/2525 1919/2526
f 1886/2527 1877/2528 1919/2529
f 1919/2530 1877/2531 1896/2532
f 1877/2533 1873/2534 1896/2535
f 1920/2536 1944/2537 1921/2538
f 1944/2539 1945/2540 1921/2541
f 1921/2542 1945/2543 1922/2544
f 1945/2545 1946/2546 1922/2547
f 1922/2548 1946/2549 1923/2550
f 1946/2551 1947/2552 1923/2553
f 1923/2554 1947/2555 1924/2556
f 1947/2557 1948/2558 1924/2559
f 1924/2560 1948/2561 1925/2562
f 1948/2563 1949/2564 1925/2565
f 1925/2566 1949/2567 1926/2568
f 1949/2569 1950/2570 1926/2571
f 1926/2572 1950/2573 1927/2574
f 1950/2575 1951/2576 1927/2577
f 1927/2578 1951/2579 1928/2580
f 1951/2581 1952/2582 1928/2583
f 1928/2584 1952/2585 1929/2586
f 1952/2587 1953/2588 1929/2589
f 1929/2590 1953/2591 1930/2592
f 1953/2593 1954/2594 1930/2595
f 1930/2596 1954/2597 1931/2598
f 1954/2599 1955/2600 1931/2601
f 1931/2602 1955/2603 1932/2604
f 1955/2605 1956/2606 1932/2607
f 1932/2608 1956/2609 1933/2610
f 1956/2611 1957/2612 1933/2613
f 1933/2614 1957/2615 1934/2616
f 1957/2617 1958/2618 1934/2619
f 1934/2620 1958/2621 1935/2622
f 1958/2623 1959/2624 1935/2625
f 1935/2626 1959/2627 1936/2628
f 1959/2629 1960/2630 1936/2631
f 1936/2632 1960/2633 1937/2634
f 1960/2635 1961/2636 1937/2637
f 1937/2638 1961/2639 1938/2640
f 1961/2641 1962/2642 1938/2643
f 1938/2644 1962/2645 1939/2646
f 1962/2647 1963/2648 1939/2649
f 1939/2650 1963/2651 1940/2652
f 1963/2653 1964/2654 1940/2655
f 1940/2656 1964/2657 1941/2658
f 1964/2659 1965/2660 1941/2661
f 1941/2662 1965/2663 1942/2664
f 1965/2665 1966/2666 1942/2667
f 1942/2668 1966/2669 1943/2670
f 1966/2671 1967/2672 1943/2673
f 1943/2674 1967/2675 1920/2676
f 1967/2677 1944/2678 1920/2679
f 1967/2680 1968/2681 1944/2682
f 1968/2683 1969/2684 1944/2685
f 1944/2686 1969/2687 1945/2688
f 1969/2689 1970/2690 1945/2691
f 1945/2692 1970/2693 1946/2694
f 1970/2695 1971/2696 1946/2697
f 1946/2698 1971/2699 1947/2700
f 1971/2701 1972/2702 1947/2703
f 1947/2704 1972/2705 1948/2706
f 1972/2707 1973/2708 1948/2709
f 1948/2710 1973/2711 1949/2712
f 1973/2713 1974/2714 1949/2715
f 1949/2716 1974/2717 1950/2718
f 1974/2719 1975/2720 1950/2721
f 1950/2722 1975/2723 1951/2724
f 1975/2725 1976/2726 1951/2727
f 1951/2728 1976/2729 1952/2730
f 1976/2731 1977/2732 1952/2733
f 1952/2734 1977/2735 1953/2736
f 1977/2737 1978/2738 1953/2739
f 1953/2740 1978/2741 1954/2742
f 1978/2743 1979/2744 1954/2745
f 1954/2746 1979/2747 1955/2748
f 1979/2749 1980/2750 1955/2751
f 1955/2752 1980/2753 1956/2754
f 1980/2755 1981/2756 1956/2757
f 1956/2758 1981/2759 1957/2760
f 1981/2761 1982/2762 1957/2763
f 1957/2764 1982/2765 1958/2766
f 1982/2767 1983/2768 1958/2769
f 1958/2770 1983/2771 1959/2772
f 1983/2773 1984/2774 1959/2775
f 1959/2776 1984/2777 1960/2778
f 1984/2779 1985/2780 1960/2781
f 1960/2782 1985/2783 1961/2784
f 1985/2785 1986/2786 1961/2787
f 1961/2788 1986/2789 1962/2790
f 1986/2791 1987/2792 1962/2793
f 1962/2794 1987/2795 1963/2796
f 1987/2797 1988/2798 1963/2799
f 1963/2800 1988/2801 1964/2802
f 1988/2803 1989/2804 1964/2805
f 1964/2806 1989/2807 1965/2808
f 1989/2809 1990/2810 1965/2811
f 1965/2812 1990/2813 1966/2814
f 1990/2815 1991/2816 1966/2817
f 1966/2818 1991/2819 1967/2820
f 1991/2821 1968/2822 1967/2823
f 1991/2824 1992/2825 1968/2826
f 1992/2827 1993/2828 1968/2829
f 1968/2830 1993/2831 1969/2832
f 1993/2833 1994/2834 1969/2835
f 1969/2836 1994/2837 1970/2838
f 1994/2839 1995/2840 1970/2841
f 1970/2842 1995/2843 1971/2844
f 1995/2845 1996/2846 1971/2847
f 1971/2848 1996/2849 1972/2850
f 1996/2851 1997/2852 1972/2853
f 1972/2854 1997/2855 1973/2856
f 1997/2857 1998/2858 1973/2859
f 1973/2860 1998/2861 1974/2862
f 1998/2863 1999/2864 1974/2865
f 1974/2866 1999/2867 1975/2868
f 1999/2869 2000/2870 1975/2871
f 1975/2872 2000/2873 1976/2874
f 2000/2875 2001/2876 1976/2877
f 1976/2878 2001/2879 1977/2880
f 2001/2881 2002/2882 1977/2883
f 1977/2884 2002/2885 1978/2886
f 2002/2887 2003/2888 1978/2889
f 1978/2890 2003/2891 1979/2892
f 2003/2893 2004/2894 1979/2895
f 1979/2896 2004/2897 1980/2898
f 2004/2899 2005/2900 1980/2901
f 1980/2902 2005/2903 1981/2904
f 2005/2905 2006/2906 1981/2907
f 1981/2908 2006/2909 1982/2910
f 2006/2911 2007/2912 1982/2913
f 1982/2914 2007/2915 1983/2916
f 2007/2917 2008/2918 1983/2919
f 1983/2920 2008/2921 1984/2922
f 2008/2923 2009/2924 1984/2925
f 1984/2926 2009/2927 1985/2928
f 2009/2929 2010/2930 1985/2931
f 1985/2932 2010/2933 1986/2934
f 2010/2935 2011/2936 1986/2937
f 1986/2938 2011/2939 1987/2940
f 2011/2941 2012/2942 1987/2943
f 1987/2944 2012/2945 1988/2946
f 2012/2947 2013/2948 1988/2949
f 1988/2950 2013/2951 1989/2952
f 2013/2953 2014/2954 1989/2955
f 1989/2956 2014/2957 1990/2958
f 2014/2959 2015/2960 1990/2961
f 1990/2962 2015/2963 1991/2964
f 2015/2965 1992/2966 1991/2967
f 2015/2968 2016/2969 1992/2970
f 2016/2971 2017/2972 1992/2973
f 1992/2974 2017/2975 1993/2976
f 2017/2977 2018/2978 1993/2979
f 1993/2980 2018/2981 1994/2982
f 2018/2983 2019/2984 1994/2985
f 1994/2986 2019/2987 1995/2988
f 2019/2989 2020/2990 1995/2991
f 1995/2992 2020/2993 1996/2994
f 2020/2995 2021/2996 1996/2997
f 1996/2998 2021/2999 1997/3000
f 2021/3001 2022/3002 1997/3003
f 1997/3004 2022/3005 1998/3006
f 2022/3007 2023/3008 1998/3009
f 1998/3010 2023/3011 1999/3012
f 2023/3013 2024/3014 1999/3015
f 1999/3016 2024/3017 2000/3018
f 2024/3019 2025/3020 2000/3021
f 2000/3022 2025/3023 2001/3024
f 2025/3025 2026/3026 2001/3027
f 2001/3028 2026/3029 2002/3030
f 2026/3031 2027/3032 2002/3033
f 2002/3034 2027/3035 2003/3036
f 2027/3037 2028/3038 2003/3039
f 2003/3040 2028/3041 2004/3042
f 2028/3043 2029/3044 2004/3045
f 2004/3046 2029/3047 2005/3048
f 2029/3049 2030/3050 2005/3051
f 2005/3052 2030/3053 2006/3054
f 2030/3055 2031/3056 2006/3057
f 2006/3058 2031/3059 2007/3060
f 2031/3061 2032/3062 2007/3063
f 2007/3064 2032/3065 2008/3066
f 2032/3067 2033/3068 2008/3069
f 2008/3070 2033/3071 2009/3072
f 2033/3073 2034/3074 2009/3075
f 2009/3076 2034/3077 2010/3078
f 2034/3079 2035/3080 2010/3081
f 2010/3082 2035/3083 2011/3084
f 2035/3085 2036/3086 2011/3087
f 2011/3088 2036/3089 2012/3090
f 2036/3091 2037/3092 2012/3093
f 2012/3094 2037/3095 2013/3096
f 2037/3097 2038/3098 2013/3099
f 2013/3100 2038/3101 2014/3102
f 2038/3103 2039/3104 2014/3105
f 2014/3106 2039/3107 2015/3108
f 2039/3109 2016/3110 2015/3111
f 2039/3112 2040/3113 2016/3114
f 2040/3115 2041/3116 2016/3117
f 2016/3118 2041/3119 2017/3120
f 2041/3121 2042/3122 2017/3123
f 2017/3124 2042/3125 2018/3126
f 2042/3127 2043/3128 2018/3129
f 2018/3130 2043/3131 2019/3132
f 2043/3133 2044/3134 2019/3135
f 2019/3136 2044/3137 2020/3138
f 2044/3139 2045/3140 2020/3141
f 2020/3142 2045/3143 2021/3144
f 2045/3145 2046/3146 2021/3147
f 2021/3148 2046/3149 2022/3150
f 2046/3151 2047/3152 2022/3153
f 2022/3154 2047/3155 2023/3156
f 2047/3157 2048/3158 2023/3159
f 2023/3160 2048/3161 2024/3162
f 2048/3163 2049/3164 2024/3165
f 2024/3166 2049/3167 2025/3168
f 2049/3169 2050/3170 2025/3171
f 2025/3172 2050/3173 2026/3174
f 2050/3175 2051/3176 2026/3177
f 2026/3178 2051/3179 2027/3180
f 2051/3181 2052/3182 2027/3183
f 2027/3184 2052/3185 2028/3186
f 2052/3187 2053/3188 2028/3189
f 2028/3190 2053/3191 2029/3192
f 2053/3193 2054/3194 2029/3195
f 2029/3196 2054/3197 2030/3198
f 2054/3199 2055/3200 2030/3201
f 2030/3202 2055/3203 2031/3204
f 2055/3205 2056/3206 2031/3207
f 2031/3208 2056/3209 2032/3210
f 2056/3211 2057/3212 2032/3213
f 2032/3214 2057/3215 2033/3216
f 2057/3217 2058/3218 2033/3219
f 2033/3220 2058/3221 2034/3222
f 2058/3223 2059/3224 2034/3225
f 2034/3226 2059/3227 2035/3228
f 2059/3229 2060/3230 2035/3231
f 2035/3232 2060/3233 2036/3234
f 2060/3235 2061/3236 2036/3237
f 2036/3238 2061/3239 2037/3240
f 2061/3241 2062/3242 2037/3243
f 2037/3244 2062/3245 2038/3246
f 2062/3247 2063/3248 2038/3249
f 2038/3250 2063/3251 2039/3252
f 2063/3253 2040/3254 2039/3255
f 2063/3256 1897/3257 2040/3258
f 1897/3259 1898/3260 2040/3261
f 2040/3262 1898/3263 2041/3264
f 1898/3265 1899/3266 2041/3267
f 2041/3268 1899/3269 2042/3270
f 1899/3271 1900/3272 2042/3273
f 2042/3274 1900/3275 2043/3276
f 1900/3277 1901/3278 2043/3279
f 2043/3280 1901/3281 2044/3282
f 1901/3283 1902/3284 2044/3285
f 2044/3286 1902/3287 2045/3288
f 1902/3289 1903/3290 2045/3291
f 2045/3292 1903/3293 2046/3294
f 1903/3295 1904/3296 2046/3297
f 2046/3298 1904/3299 2047/3300
f 1904/3301 1905/3302 2047/3303
f 2047/3304 1905/3305 2048/3306
f 1905/3307 1906/3308 2048/3309
f 2048/3310 1906/3311 2049/3312
f 1906/3313 1907/3314 2049/3315
f 2049/3316 1907/3317 2050/3318
f 1907/3319 1908/3320 2050/3321
f 2050/3322 1908/3323 2051/3324
f 1908/3325 1909/3326 2051/3327
f 2051/3328 1909/3329 2052/3330
f 1909/3331 1910/3332 2052/3333
f 2052/3334 1910/3335 2053/3336
f 1910/3337 1911/3338 2053/3339
f 2053/3340 1911/3341 2054/3342
f 1911/3343 1912/3344 2054/3345
f 2054/3346 1912/3347 2055/3348
f 1912/3349 1913/3350 2055/3351
f 2055/3352 1913/3353 2056/3354
f 1913/3355 1914/3356 2056/3357
f 2056/3358 1914/3359 2057/3360
f 1914/3361 1915/3362 2057/3363
f 2057/3364 1915/3365 2058/3366
f 1915/3367 1916/3368 2058/3369
f 2058/3370 1916/3371 2059/3372
f 1916/3373 1917/3374 2059/3375
f 2059/3376 1917/3377 2060/3378
f 1917/3379 1918/3380 2060/3381
f 2060/3382 1918/3383 2061/3384
f 1918/3385 1919/3386 2061/3387
f 2061/3388 1919/3389 2062/3390
f 1919/3391 1896/3392 2062/3393
f 2062/3394 1896/3395 2063/3396
f 1896/3397 1897/3398 2063/3399
f 2409/3400 2408/3401 2407/3402
f 2382/3403 2408/3404 2409/3405
f 2409/3406 2379/3407 2405/3408
f 2406/3409 2379/3410 2409/3411
f 2407/3412 2406/3413 2409/3414
f 2409/3415 2403/3416 2390/3417
f 2404/3418 2403/3419 2409/3420
f 2405/3421 2404/3422 2409/3423
f 2409/3424 2401/3425 2400/3426
f 2402/3427 2401/3428 2409/3429
f 2390/3430 2402/3431 2409/3432
f 2409/3433 2399/3434 2398/3435
f 2388/3436 2399/3437 2409/3438
f 2400/3439 2388/3440 2409/3441
f 2409/3442 2386/3443 2396/3444
f 2397/3445 2386/3446 2409/3447
f 2398/3448 2397/3449 2409/3450
f 2409/3451 2394/3452 2384/3453
f 2395/3454 2394/3455 2409/3456
f 2396/3457 2395/3458 2409/3459
f 2409/3460 2391/3461 2393/3462
f 2392/3463 2391/3464 2409/3465
f 2384/3466 2392/3467 2409/3468
f 2393/3469 2382/3470 2409/3471
usemtl Cod_Gray
f 760/3472 736/3473 761/3474
f 736/3475 759/3476 761/3477
f 761/3478 759/3479 762/3480
f 759/3481 758/3482 762/3483
f 762/3484 758/3485 763/3486
f 758/3487 757/3488 763/3489
f 763/3490 757/3491 770/3492
f 757/3493 756/3494 770/3495
f 770/3496 756/3497 771/3498
f 756/3499 755/3500 771/3501
f 771/3502 755/3503 772/3504
f 755/3505 754/3506 772/3507
f 772/3508 754/3509 773/3510
f 754/3511 753/3512 773/3513
f 773/3514 753/3515 777/3516
f 753/3517 752/3518 777/3519
f 777/3520 752/3521 774/3522
f 752/3523 751/3524 774/3525
f 774/3526 751/3527 764/3528
f 751/3529 750/3530 764/3531
f 764/3532 750/3533 765/3534
f 750/3535 749/3536 765/3537
f 765/3538 749/3539 766/3540
f 749/3541 748/3542 766/3543
f 766/3544 748/3545 767/3546
f 748/3547 747/3548 767/3549
f 767/3550 747/3551 768/3552
f 747/3553 746/3554 768/3555
f 768/3556 746/3557 769/3558
f 746/3559 745/3560 769/3561
f 769/3562 745/3563 778/3564
f 745/3565 744/3566 778/3567
f 778/3568 744/3569 775/3570
f 744/3571 743/3572 775/3573
f 775/3574 743/3575 776/3576
f 743/3577 742/3578 776/3579
f 776/3580 742/3581 781/3582
f 742/3583 741/3584 781/3585
f 781/3586 741/3587 782/3588
f 741/3589 740/3590 782/3591
f 782/3592 740/3593 783/3594
f 740/3595 739/3596 783/3597
f 783/3598 739/3599 779/3600
f 739/3601 738/3602 779/3603
f 779/3604 738/3605 780/3606
f 738/3607 737/3608 780/3609
f 780/3610 737/3611 760/3612
f 737/3613 736/3614 760/3615
f 1677/3616 1678/3617 1680/3618
f 1678/3619 1656/3620 1680/3621
f 1680/3622 1656/3623 1684/3624
f 1656/3625 1655/3626 1684/3627
f 1684/3628 1655/3629 1685/3630
f 1655/3631 1654/3632 1685/3633
f 1685/3634 1654/3635 1686/3636
f 1654/3637 1657/3638 1686/3639
f 1686/3640 1657/3641 1688/3642
f 1657/3643 1658/3644 1688/3645
f 1688/3646 1658/3647 1689/3648
f 1658/3649 1659/3650 1689/3651
f 1689/3652 1659/3653 1690/3654
f 1659/3655 1660/3656 1690/3657
f 1690/3658 1660/3659 1691/3660
f 1660/3661 1661/3662 1691/3663
f 1691/3664 1661/3665 1696/3666
f 1661/3667 1662/3668 1696/3669
f 1696/3670 1662/3671 1697/3672
f 1662/3673 1663/3674 1697/3675
f 1697/3676 1663/3677 1698/3678
f 1663/3679 1664/3680 1698/3681
f 1698/3682 1664/3683 1699/3684
f 1664/3685 1665/3686 1699/3687
f 1699/3688 1665/3689 1700/3690
f 1665/3691 1666/3692 1700/3693
f 1700/3694 1666/3695 1701/3696
f 1666/3697 1667/3698 1701/3699
f 1701/3700 1667/3701 1692/3702
f 1667/3703 1668/3704 1692/3705
f 1692/3706 1668/3707 1693/3708
f 1668/3709 1669/3710 1693/3711
f 1693/3712 1669/3713 1694/3714
f 1669/3715 1670/3716 1694/3717
f 1694/3718 1670/3719 1695/3720
f 1670/3721 1671/3722 1695/3723
f 1695/3724 1671/3725 1702/3726
f 1671/3727 1672/3728 1702/3729
f 1702/3730 1672/3731 1687/3732
f 1672/3733 1673/3734 1687/3735
f 1687/3736 1673/3737 1682/3738
f 1673/3739 1674/3740 1682/3741
f 1682/3742 1674/3743 1683/3744
f 1674/3745 1675/3746 1683/3747
f 1683/3748 1675/3749 1681/3750
f 1675/3751 1676/3752 1681/3753
f 1681/3754 1676/3755 1679/3756
f 1676/3757 1677/3758 1679/3759
f 1679/3760 1677/3761 1680/3762
f 1609/3763 1655/3764 1621/3765
f 1655/3766 1656/3767 1621/3768
f 1621/3769 1656/3770 1620/3771
f 1656/3772 1678/3773 1620/3774
f 1620/3775 1678/3776 1612/3777
f 1678/3778 1677/3779 1612/3780
f 1612/3781 1677/3782 1607/3783
f 1677/3784 1676/3785 1607/3786
f 1607/3787 1676/3788 1630/3789
f 1676/3790 1675/3791 1630/3792
f 1630/3793 1675/3794 1628/3795
f 1675/3796 1674/3797 1628/3798
f 1628/3799 1674/3800 1629/3801
f 1674/3802 1673/3803 1629/3804
f 1629/3805 1673/3806 1627/3807
f 1673/3808 1672/3809 1627/3810
f 1627/3811 1672/3812 1626/3813
f 1672/3814 1671/3815 1626/3816
f 1626/3817 1671/3818 1641/3819
f 1671/3820 1670/3821 1641/3822
f 1641/3823 1670/3824 1640/3825
f 1670/3826 1669/3827 1640/3828
f 1640/3829 1669/3830 1615/3831
f 1669/3832 1668/3833 1615/3834
f 1615/3835 1668/3836 1611/3837
f 1668/3838 1667/3839 1611/3840
f 1611/3841 1667/3842 1610/3843
f 1667/3844 1666/3845 1610/3846
f 1610/3847 1666/3848 1606/3849
f 1666/3850 1665/3851 1606/3852
f 1606/3853 1665/3854 1643/3855
f 1665/3856 1664/3857 1643/3858
f 1643/3859 1664/3860 1634/3861
f 1664/3862 1663/3863 1634/3864
f 1634/3865 1663/3866 1652/3867
f 1663/3868 1662/3869 1652/3870
f 1652/3871 1662/3872 1649/3873
f 1662/3874 1661/3875 1649/3876
f 1649/3877 1661/3878 1639/3879
f 1661/3880 1660/3881 1639/3882
f 1639/3883 1660/3884 1638/3885
f 1660/3886 1659/3887 1638/3888
f 1638/3889 1659/3890 1625/3891
f 1659/3892 1658/3893 1625/3894
f 1625/3895 1658/3896 1622/3897
f 1658/3898 1657/3899 1622/3900
f 1622/3901 1657/3902 1608/3903
f 1657/3904 1654/3905 1608/3906
f 1608/3907 1654/3908 1609/3909
f 1654/3910 1655/3911 1609/3912
f 1703/3913 1653/3914 1704/3915
f 1653/3916 1647/3917 1704/3918
f 1704/3919 1647/3920 1705/3921
f 1647/3922 1648/3923 1705/3924
f 1705/3925 1648/3926 1706/3927
f 1648/3928 1631/3929 1706/3930
f 1706/3931 1631/3932 1707/3933
f 1631/3934 1632/3935 1707/3936
f 1707/3937 1632/3938 1708/3939
f 1632/3940 1642/3941 1708/3942
f 1708/3943 1642/3944 1709/3945
f 1642/3946 1633/3947 1709/3948
f 1709/3949 1633/3950 1710/3951
f 1633/3952 1623/3953 1710/3954
f 1710/3955 1623/3956 1711/3957
f 1623/3958 1624/3959 1711/3960
f 1711/3961 1624/3962 1712/3963
f 1624/3964 1614/3965 1712/3966
f 1712/3967 1614/3968 1713/3969
f 1614/3970 1605/3971 1713/3972
f 1713/3973 1605/3974 1714/3975
f 1605/3976 1613/3977 1714/3978
f 1714/3979 1613/3980 1715/3981
f 1613/3982 1635/3983 1715/3984
f 1715/3985 1635/3986 1716/3987
f 1635/3988 1645/3989 1716/3990
f 1716/3991 1645/3992 1717/3993
f 1645/3994 1644/3995 1717/3996
f 1717/3997 1644/3998 1718/3999
f 1644/4000 1646/4001 1718/4002
f 1718/4003 1646/4004 1719/4005
f 1646/4006 1637/4007 1719/4008
f 1719/4009 1637/4010 1720/4011
f 1637/4012 1636/4013 1720/4014
f 1720/4015 1636/4016 1721/4017
f 1636/4018 1617/4019 1721/4020
f 1721/4021 1617/4022 1722/4023
f 1617/4024 1616/4025 1722/4026
f 1722/4027 1616/4028 1723/4029
f 1616/4030 1618/4031 1723/4032
f 1723/4033 1618/4034 1724/4035
f 1618/4036 1619/4037 1724/4038
f 1724/4039 1619/4040 1725/4041
f 1619/4042 1651/4043 1725/4044
f 1725/4045 1651/4046 1726/4047
f 1651/4048 1650/4049 1726/4050
f 1726/4051 1650/4052 1703/4053
f 1650/4054 1653/4055 1703/4056
f 14/4057 27/4058 15/4059
f 27/4060 28/4061 15/4062
f 15/4063 28/4064 16/4065
f 28/4066 29/4067 16/4068
f 16/4069 29/4070 17/4071
f 29/4072 30/4073 17/4074
f 17/4075 30/4076 18/4077
f 30/4078 31/4079 18/4080
f 18/4081 31/4082 19/4083
f 31/4084 32/4085 19/4086
f 19/4087 32/4088 20/4089
f 32/4090 33/4091 20/4092
f 20/4093 33/4094 21/4095
f 33/4096 34/4097 21/4098
f 21/4099 34/4100 22/4101
f 34/4102 35/4103 22/4104
f 22/4105 35/4106 23/4107
f 35/4108 36/4109 23/4110
f 23/4111 36/4112 24/4113
f 36/4114 37/4115 24/4116
f 24/4117 37/4118 1/4119
f 37/4120 38/4121 1/4122
f 1/4123 38/4124 2/4125
f 38/4126 39/4127 2/4128
f 2/4129 39/4130 3/4131
f 39/4132 40/4133 3/4134
f 3/4135 40/4136 4/4137
f 40/4138 41/4139 4/4140
f 4/4141 41/4142 5/4143
f 41/4144 42/4145 5/4146
f 5/4147 42/4148 6/4149
f 42/4150 43/4151 6/4152
f 6/4153 43/4154 7/4155
f 43/4156 44/4157 7/4158
f 7/4159 44/4160 8/4161
f 44/4162 45/4163 8/4164
f 8/4165 45/4166 9/4167
f 45/4168 46/4169 9/4170
f 9/4171 46/4172 10/4173
f 46/4174 47/4175 10/4176
f 10/4177 47/4178 11/4179
f 47/4180 48/4181 11/4182
f 11/4183 48/4184 12/4185
f 48/4186 49/4187 12/4188
f 12/4189 49/4190 13/4191
f 49/4192 26/4193 13/4194
f 13/4195 26/4196 14/4197
f 26/4198 27/4199 14/4200
f 736/4201 119/4202 759/4203
f 119/4204 120/4205 759/4206
f 759/4207 120/4208 758/4209
f 120/4210 103/4211 758/4212
f 758/4213 103/4214 757/4215
f 103/4216 114/4217 757/4218
f 757/4219 114/4220 756/4221
f 114/4222 83/4223 756/4224
f 756/4225 83/4226 755/4227
f 83/4228 104/4229 755/4230
f 755/4231 104/4232 754/4233
f 104/4234 73/4235 754/4236
f 754/4237 73/4238 753/4239
f 73/4240 72/4241 753/4242
f 753/4243 72/4244 752/4245
f 72/4246 100/4247 752/4248
f 752/4249 100/4250 751/4251
f 100/4252 95/4253 751/4254
f 751/4255 95/4256 750/4257
f 95/4258 113/4259 750/4260
f 750/4261 113/4262 749/4263
f 113/4264 84/4265 749/4266
f 749/4267 84/4268 748/4269
f 84/4270 65/4271 748/4272
f 748/4273 65/4274 747/4275
f 65/4276 59/4277 747/4278
f 747/4279 59/4280 746/4281
f 59/4282 66/4283 746/4284
f 746/4285 66/4286 745/4287
f 66/4288 107/4289 745/4290
f 745/4291 107/4292 744/4293
f 107/4294 109/4295 744/4296
f 744/4297 109/4298 743/4299
f 109/4300 108/4301 743/4302
f 743/4303 108/4304 742/4305
f 108/4306 135/4307 742/4308
f 742/4309 135/4310 741/4311
f 135/4312 134/4313 741/4314
f 741/4315 134/4316 740/4317
f 134/4318 125/4319 740/4320
f 740/4321 125/4322 739/4323
f 125/4324 124/4325 739/4326
f 739/4327 124/4328 738/4329
f 124/4330 140/4331 738/4332
f 738/4333 140/4334 737/4335
f 140/4336 145/4337 737/4338
f 737/4339 145/4340 736/4341
f 145/4342 119/4343 736/4344
f 806/4345 808/4346 498/4347
f 808/4348 807/4349 498/4350
f 498/4351 807/4352 492/4353
f 807/4354 784/4355 492/4356
f 492/4357 784/4358 490/4359
f 784/4360 785/4361 490/4362
f 490/4363 785/4364 491/4365
f 785/4366 786/4367 491/4368
f 491/4369 786/4370 497/4371
f 786/4372 787/4373 497/4374
f 497/4375 787/4376 504/4377
f 787/4378 788/4379 504/4380
f 504/4381 788/4382 488/4383
f 788/4384 789/4385 488/4386
f 488/4387 789/4388 489/4389
f 789/4390 790/4391 489/4392
f 489/4393 790/4394 485/4395
f 790/4396 791/4397 485/4398
f 485/4399 791/4400 486/4401
f 791/4402 792/4403 486/4404
f 486/4405 792/4406 496/4407
f 792/4408 793/4409 496/4410
f 496/4411 793/4412 503/4413
f 793/4414 794/4415 503/4416
f 503/4417 794/4418 506/4419
f 794/4420 795/4421 506/4422
f 506/4423 795/4424 502/4425
f 795/4426 796/4427 502/4428
f 502/4429 796/4430 495/4431
f 796/4432 797/4433 495/4434
f 495/4435 797/4436 484/4437
f 797/4438 798/4439 484/4440
f 484/4441 798/4442 494/4443
f 798/4444 799/4445 494/4446
f 494/4447 799/4448 500/4449
f 799/4450 800/4451 500/4452
f 500/4453 800/4454 483/4455
f 800/4456 801/4457 483/4458
f 483/4459 801/4460 482/4461
f 801/4462 802/4463 482/4464
f 482/4465 802/4466 493/4467
f 802/4468 803/4469 493/4470
f 493/4471 803/4472 499/4473
f 803/4474 804/4475 499/4476
f 499/4477 804/4478 505/4479
f 804/4480 805/4481 505/4482
f 505/4483 805/4484 501/4485
f 805/4486 806/4487 501/4488
f 501/4489 806/4490 498/4491
f 820/4492 819/4493 82/4494
f 82/4495 819/4496 74/4497
f 819/4498 818/4499 74/4500
f 74/4501 818/4502 98/4503
f 818/4504 817/4505 98/4506
f 98/4507 817/4508 99/4509
f 817/4510 816/4511 99/4512
f 99/4513 816/4514 112/4515
f 816/4516 815/4517 112/4518
f 112/4519 815/4520 96/4521
f 815/4522 814/4523 96/4524
f 96/4525 814/4526 97/4527
f 814/4528 813/4529 97/4530
f 97/4531 813/4532 101/4533
f 813/4534 812/4535 101/4536
f 101/4537 812/4538 94/4539
f 812/4540 811/4541 94/4542
f 94/4543 811/4544 92/4545
f 811/4546 809/4547 92/4548
f 92/4549 809/4550 93/4551
f 82/4552 122/4553 820/4554
f 122/4555 121/4556 820/4557
f 820/4558 121/4559 821/4560
f 121/4561 90/4562 821/4563
f 821/4564 90/4565 822/4566
f 90/4567 89/4568 822/4569
f 822/4570 89/4571 823/4572
f 89/4573 116/4574 823/4575
f 823/4576 116/4577 824/4578
f 116/4579 52/4580 824/4581
f 824/4582 52/4583 825/4584
f 52/4585 53/4586 825/4587
f 825/4588 53/4589 826/4590
f 53/4591 55/4592 826/4593
f 826/4594 55/4595 827/4596
f 55/4597 54/4598 827/4599
f 827/4600 54/4601 828/4602
f 54/4603 63/4604 828/4605
f 828/4606 63/4607 829/4608
f 63/4609 70/4610 829/4611
f 829/4612 70/4613 830/4614
f 70/4615 71/4616 830/4617
f 830/4618 71/4619 831/4620
f 71/4621 80/4622 831/4623
f 831/4624 80/4625 832/4626
f 80/4627 79/4628 832/4629
f 832/4630 79/4631 833/4632
f 79/4633 93/4634 833/4635
f 833/4636 93/4637 810/4638
f 93/4639 809/4640 810/4641
f 1545/4642 1544/4643 1416/4644
f 1544/4645 1543/4646 1416/4647
f 1416/4648 1543/4649 1435/4650
f 1543/4651 1542/4652 1435/4653
f 1435/4654 1542/4655 1430/4656
f 1542/4657 1541/4658 1430/4659
f 1430/4660 1541/4661 1426/4662
f 1541/4663 1540/4664 1426/4665
f 1426/4666 1540/4667 1427/4668
f 1540/4669 1539/4670 1427/4671
f 1427/4672 1539/4673 1429/4674
f 1539/4675 1538/4676 1429/4677
f 1429/4678 1538/4679 1425/4680
f 1538/4681 1537/4682 1425/4683
f 1425/4684 1537/4685 1434/4686
f 1537/4687 1536/4688 1434/4689
f 1434/4690 1536/4691 1424/4692
f 1536/4693 1535/4694 1424/4695
f 1424/4696 1535/4697 1420/4698
f 1535/4699 1534/4700 1420/4701
f 1420/4702 1534/4703 1421/4704
f 1534/4705 1533/4706 1421/4707
f 1421/4708 1533/4709 1423/4710
f 1533/4711 1531/4712 1423/4713
f 1423/4714 1531/4715 1433/4716
f 1531/4717 1532/4718 1433/4719
f 1433/4720 1532/4721 1431/4722
f 1532/4723 1555/4724 1431/4725
f 1431/4726 1555/4727 1432/4728
f 1555/4729 1554/4730 1432/4731
f 1432/4732 1554/4733 1428/4734
f 1554/4735 1553/4736 1428/4737
f 1428/4738 1553/4739 1422/4740
f 1553/4741 1552/4742 1422/4743
f 1422/4744 1552/4745 1419/4746
f 1552/4747 1551/4748 1419/4749
f 1419/4750 1551/4751 1413/4752
f 1551/4753 1550/4754 1413/4755
f 1413/4756 1550/4757 1414/4758
f 1550/4759 1549/4760 1414/4761
f 1414/4762 1549/4763 1418/4764
f 1549/4765 1548/4766 1418/4767
f 1418/4768 1548/4769 1411/4770
f 1548/4771 1547/4772 1411/4773
f 1411/4774 1547/4775 1412/4776
f 1547/4777 1546/4778 1412/4779
f 1412/4780 1546/4781 1415/4782
f 1546/4783 1545/4784 1415/4785
f 1415/4786 1545/4787 1416/4788
f 1563/4789 1560/4790 1592/4791
f 1560/4792 1557/4793 1592/4794
f 1592/4795 1557/4796 1593/4797
f 1557/4798 1556/4799 1593/4800
f 1593/4801 1556/4802 1594/4803
f 1556/4804 1562/4805 1594/4806
f 1594/4807 1562/4808 1595/4809
f 1562/4810 1559/4811 1595/4812
f 1595/4813 1559/4814 1596/4815
f 1559/4816 1558/4817 1596/4818
f 1596/4819 1558/4820 1597/4821
f 1558/4822 1561/4823 1597/4824
f 1597/4825 1561/4826 1598/4827
f 1561/4828 1573/4829 1598/4830
f 1598/4831 1573/4832 1599/4833
f 1573/4834 1567/4835 1599/4836
f 1599/4837 1567/4838 1600/4839
f 1567/4840 1566/4841 1600/4842
f 1600/4843 1566/4844 1601/4845
f 1566/4846 1572/4847 1601/4848
f 1601/4849 1572/4850 1602/4851
f 1572/4852 1578/4853 1602/4854
f 1602/4855 1578/4856 1603/4857
f 1578/4858 1580/4859 1603/4860
f 1603/4861 1580/4862 1604/4863
f 1580/4864 1579/4865 1604/4866
f 1604/4867 1579/4868 1582/4869
f 1579/4870 1577/4871 1582/4872
f 1582/4873 1577/4874 1581/4875
f 1577/4876 1576/4877 1581/4878
f 1581/4879 1576/4880 1583/4881
f 1576/4882 1571/4883 1583/4884
f 1583/4885 1571/4886 1584/4887
f 1571/4888 1570/4889 1584/4890
f 1584/4891 1570/4892 1585/4893
f 1570/4894 1575/4895 1585/4896
f 1585/4897 1575/4898 1586/4899
f 1575/4900 1574/4901 1586/4902
f 1586/4903 1574/4904 1587/4905
f 1574/4906 1569/4907 1587/4908
f 1587/4909 1569/4910 1588/4911
f 1569/4912 1568/4913 1588/4914
f 1588/4915 1568/4916 1589/4917
f 1568/4918 1565/4919 1589/4920
f 1589/4921 1565/4922 1590/4923
f 1565/4924 1564/4925 1590/4926
f 1590/4927 1564/4928 1591/4929
f 1564/4930 1563/4931 1591/4932
f 1591/4933 1563/4934 1592/4935
f 2203/4936 2202/4937 2215/4938
f 2202/4939 2213/4940 2215/4941
f 2215/4942 2213/4943 2214/4944
f 2213/4945 2211/4946 2214/4947
f 2214/4948 2211/4949 2212/4950
f 2211/4951 2209/4952 2212/4953
f 2212/4954 2209/4955 2210/4956
f 2209/4957 2207/4958 2210/4959
f 2210/4960 2207/4961 2208/4962
f 2207/4963 2204/4964 2208/4965
f 2208/4966 2204/4967 2206/4968
f 2204/4969 2205/4970 2206/4971
f 2193/4972 2186/4973 2192/4974
f 2186/4975 2184/4976 2192/4977
f 2192/4978 2184/4979 2191/4980
f 2184/4981 2182/4982 2191/4983
f 2191/4984 2182/4985 2190/4986
f 2182/4987 2181/4988 2190/4989
f 2190/4990 2181/4991 2189/4992
f 2181/4993 2180/4994 2189/4995
f 2189/4996 2180/4997 2188/4998
f 2180/4999 2183/5000 2188/5001
f 2188/5002 2183/5003 2187/5004
f 2183/5005 2185/5006 2187/5007
f 1387/5008 1386/5009 1385/5010
f 1386/5011 1251/5012 1385/5013
f 2163/5014 2162/5015 2202/5016
f 2162/5017 2201/5018 2202/5019
f 2172/5020 2163/5021 2185/5022
f 2163/5023 2202/5024 2185/5025
f 2185/5026 2202/5027 2187/5028
f 2202/5029 2203/5030 2187/5031
f 2259/5032 2269/5033 2243/5034
f 1523/5035 1527/5036 1530/5037
f 2206/5038 2266/5039 2265/5040
f 2194/5041 2158/5042 2205/5043
f 2158/5044 481/5045 2205/5046
f 2205/5047 2263/5048 2206/5049
f 2263/5050 2268/5051 2206/5052
f 2206/5053 2268/5054 2261/5055
f 2261/5056 2262/5057 2206/5058
f 2262/5059 2267/5060 2206/5061
f 2206/5062 2267/5063 2266/5064
f 2255/5065 481/5066 2257/5067
f 481/5068 2256/5069 2257/5070
f 2249/5071 2254/5072 2205/5073
f 2254/5074 2260/5075 2205/5076
f 2205/5077 2260/5078 2263/5079
f 2252/5080 1523/5081 2251/5082
f 1523/5083 1530/5084 2251/5085
f 2251/5086 1530/5087 2253/5088
f 1530/5089 2259/5090 2253/5091
f 2253/5092 2259/5093 2264/5094
f 2259/5095 2243/5096 2264/5097
f 2264/5098 2243/5099 2265/5100
f 2243/5101 2223/5102 2265/5103
f 2265/5104 2223/5105 2206/5106
f 2256/5107 481/5108 2250/5109
f 481/5110 479/5111 2250/5112
f 2250/5113 479/5114 2246/5115
f 479/5116 478/5117 2246/5118
f 2246/5119 478/5120 2247/5121
f 478/5122 477/5123 2247/5124
f 2247/5125 477/5126 2258/5127
f 477/5128 507/5129 2258/5130
f 2258/5131 507/5132 2252/5133
f 507/5134 1524/5135 2252/5136
f 2252/5137 1524/5138 1523/5139
f 2255/5140 2244/5141 481/5142
f 2244/5143 2245/5144 481/5145
f 481/5146 2245/5147 2205/5148
f 2245/5149 2248/5150 2205/5151
f 2205/5152 2248/5153 2249/5154
f 1529/5155 1528/5156 1526/5157
f 1519/5158 2156/5159 2186/5160
f 2156/5161 2179/5162 2186/5163
f 2231/5164 2318/5165 2220/5166
f 2318/5167 2319/5168 2220/5169
f 2220/5170 2319/5171 2193/5172
f 2231/5173 2288/5174 2318/5175
f 2288/5176 2293/5177 2318/5178
f 2318/5179 2293/5180 2320/5181
f 2293/5182 2305/5183 2320/5184
f 2306/5185 2186/5186 2308/5187
f 2186/5188 2307/5189 2308/5190
f 2312/5191 2313/5192 1519/5193
f 2313/5194 2316/5195 1519/5196
f 1519/5197 2316/5198 1518/5199
f 2316/5200 2311/5201 1518/5202
f 1518/5203 2311/5204 1521/5205
f 2311/5206 2310/5207 1521/5208
f 1521/5209 2310/5210 1520/5211
f 2310/5212 2317/5213 1520/5214
f 1520/5215 2317/5216 1522/5217
f 2317/5218 2309/5219 1522/5220
f 1522/5221 2309/5222 1525/5223
f 2309/5224 2304/5225 1525/5226
f 1525/5227 2304/5228 1526/5229
f 2304/5230 2305/5231 1526/5232
f 1526/5233 2305/5234 1529/5235
f 2305/5236 2293/5237 1529/5238
f 2307/5239 2186/5240 2302/5241
f 2186/5242 2193/5243 2302/5244
f 2302/5245 2193/5246 2301/5247
f 2319/5248 2315/5249 2193/5250
f 2315/5251 2299/5252 2193/5253
f 2193/5254 2299/5255 2296/5256
f 2306/5257 2300/5258 2186/5259
f 2300/5260 2298/5261 2186/5262
f 2186/5263 2298/5264 1519/5265
f 2298/5266 2314/5267 1519/5268
f 1519/5269 2314/5270 2312/5271
f 2296/5272 2297/5273 2193/5274
f 2297/5275 2303/5276 2193/5277
f 2193/5278 2303/5279 2301/5280
f 280/5281 215/5282 234/5283
f 280/5284 234/5285 289/5286
f 234/5287 233/5288 289/5289
f 289/5290 233/5291 288/5292
f 233/5293 232/5294 288/5295
f 288/5296 232/5297 287/5298
f 232/5299 231/5300 287/5301
f 287/5302 231/5303 286/5304
f 231/5305 230/5306 286/5307
f 286/5308 230/5309 285/5310
f 230/5311 229/5312 285/5313
f 285/5314 229/5315 284/5316
f 229/5317 226/5318 284/5319
f 284/5320 226/5321 283/5322
f 226/5323 244/5324 283/5325
f 283/5326 244/5327 282/5328
f 282/5329 244/5330 480/5331
f 244/5332 301/5333 480/5334
f 480/5335 301/5336 481/5337
f 301/5338 479/5339 481/5340
f 479/5341 301/5342 461/5343
f 479/5344 461/5345 478/5346
f 461/5347 460/5348 478/5349
f 478/5350 460/5351 477/5352
f 507/5353 477/5354 476/5355
f 477/5356 460/5357 476/5358
f 2094/5359 2092/5360 2109/5361
f 2092/5362 2107/5363 2109/5364
f 2109/5365 2107/5366 2108/5367
f 2107/5368 2105/5369 2108/5370
f 2108/5371 2105/5372 2106/5373
f 2105/5374 2103/5375 2106/5376
f 2106/5377 2103/5378 2104/5379
f 2103/5380 2101/5381 2104/5382
f 2104/5383 2101/5384 2102/5385
f 2101/5386 2099/5387 2102/5388
f 2102/5389 2099/5390 2100/5391
f 2099/5392 2096/5393 2100/5394
f 2100/5395 2096/5396 2098/5397
f 2096/5398 2097/5399 2098/5400
f 2125/5401 2110/5402 2124/5403
f 2110/5404 2117/5405 2124/5406
f 2124/5407 2117/5408 2123/5409
f 2117/5410 2116/5411 2123/5412
f 2123/5413 2116/5414 2122/5415
f 2116/5416 2115/5417 2122/5418
f 2122/5419 2115/5420 2121/5421
f 2115/5422 2112/5423 2121/5424
f 2121/5425 2112/5426 2120/5427
f 2112/5428 2111/5429 2120/5430
f 2120/5431 2111/5432 2119/5433
f 2111/5434 2114/5435 2119/5436
f 2119/5437 2114/5438 2118/5439
f 2114/5440 2113/5441 2118/5442
f 2098/5443 2097/5444 2125/5445
f 2097/5446 2110/5447 2125/5448
f 2095/5449 2093/5450 2131/5451
f 2093/5452 2155/5453 2131/5454
f 2131/5455 2155/5456 2137/5457
f 2155/5458 2147/5459 2137/5460
f 2137/5461 2147/5462 2130/5463
f 2147/5464 2146/5465 2130/5466
f 2130/5467 2146/5468 2136/5469
f 2146/5470 2148/5471 2136/5472
f 2136/5473 2148/5474 2128/5475
f 2148/5476 2149/5477 2128/5478
f 2128/5479 2149/5480 2129/5481
f 2149/5482 2151/5483 2129/5484
f 2129/5485 2151/5486 2138/5487
f 2151/5488 2150/5489 2138/5490
f 2134/5491 2152/5492 2135/5493
f 2152/5494 2153/5495 2135/5496
f 2135/5497 2153/5498 2140/5499
f 2153/5500 2143/5501 2140/5502
f 2140/5503 2143/5504 2132/5505
f 2143/5506 2142/5507 2132/5508
f 2132/5509 2142/5510 2133/5511
f 2142/5512 2144/5513 2133/5514
f 2133/5515 2144/5516 2139/5517
f 2144/5518 2145/5519 2139/5520
f 2139/5521 2145/5522 2141/5523
f 2145/5524 2154/5525 2141/5526
f 2141/5527 2154/5528 2127/5529
f 2154/5530 2126/5531 2127/5532
f 2138/5533 2150/5534 2134/5535
f 2150/5536 2152/5537 2134/5538
f 449/5539 2075/5540 2068/5541
f 430/5542 2073/5543 429/5544
f 2073/5545 2074/5546 429/5547
f 2075/5548 449/5549 2072/5550
f 449/5551 1222/5552 2072/5553
f 2072/5554 1222/5555 2076/5556
f 1222/5557 1229/5558 2076/5559
f 2076/5560 1229/5561 2077/5562
f 2071/5563 2069/5564 431/5565
f 443/5566 441/5567 2064/5568
f 431/5569 2069/5570 430/5571
f 2069/5572 2070/5573 430/5574
f 430/5575 2070/5576 2073/5577
f 443/5578 2064/5579 444/5580
f 453/5581 451/5582 2066/5583
f 451/5584 449/5585 2066/5586
f 2066/5587 449/5588 2067/5589
f 449/5590 2068/5591 2067/5592
f 2064/5593 435/5594 2066/5595
f 435/5596 446/5597 2066/5598
f 2066/5599 446/5600 458/5601
f 458/5602 457/5603 2066/5604
f 457/5605 455/5606 2066/5607
f 2066/5608 455/5609 453/5610
f 444/5611 2064/5612 431/5613
f 2064/5614 2065/5615 431/5616
f 431/5617 2065/5618 2071/5619
f 441/5620 439/5621 2064/5622
f 439/5623 437/5624 2064/5625
f 2064/5626 437/5627 435/5628
f 1343/5629 1374/5630 1373/5631
f 1343/5632 1373/5633 1341/5634
f 1373/5635 1372/5636 1341/5637
f 1341/5638 1372/5639 1340/5640
f 1372/5641 1371/5642 1340/5643
f 1340/5644 1371/5645 1339/5646
f 1371/5647 1370/5648 1339/5649
f 1339/5650 1370/5651 1338/5652
f 1370/5653 1369/5654 1338/5655
f 1338/5656 1369/5657 1337/5658
f 1369/5659 1320/5660 1337/5661
f 1337/5662 1320/5663 1319/5664
f 1306/5665 1305/5666 1320/5667
f 1305/5668 1319/5669 1320/5670
f 1305/5671 1306/5672 1304/5673
f 1305/5674 1304/5675 1303/5676
f 1304/5677 1290/5678 1303/5679
f 1303/5680 1290/5681 1289/5682
f 1224/5683 1227/5684 1225/5685
f 1227/5686 1289/5687 1225/5688
f 1225/5689 1289/5690 1228/5691
f 1289/5692 1290/5693 1228/5694
f 1227/5695 1224/5696 1226/5697
f 1224/5698 1223/5699 1226/5700
f 1226/5701 1223/5702 1220/5703
f 1223/5704 1221/5705 1220/5706
f 1375/5707 1374/5708 688/5709
f 1374/5710 1343/5711 688/5712
f 374/5713 338/5714 337/5715
f 374/5716 337/5717 373/5718
f 337/5719 336/5720 373/5721
f 373/5722 336/5723 372/5724
f 336/5725 335/5726 372/5727
f 372/5728 335/5729 371/5730
f 335/5731 334/5732 371/5733
f 371/5734 334/5735 370/5736
f 334/5737 333/5738 370/5739
f 370/5740 333/5741 369/5742
f 333/5743 326/5744 369/5745
f 369/5746 326/5747 332/5748
f 303/5749 329/5750 326/5751
f 329/5752 332/5753 326/5754
f 329/5755 303/5756 302/5757
f 329/5758 302/5759 328/5760
f 302/5761 222/5762 328/5763
f 328/5764 222/5765 327/5766
f 222/5767 198/5768 225/5769
f 225/5770 330/5771 222/5772
f 330/5773 331/5774 222/5775
f 222/5776 331/5777 327/5778
f 225/5779 198/5780 224/5781
f 198/5782 197/5783 224/5784
f 224/5785 197/5786 223/5787
f 197/5788 163/5789 223/5790
f 436/5791 438/5792 162/5793
f 436/5794 162/5795 433/5796
f 1221/5797 448/5798 1220/5799
f 448/5800 447/5801 1220/5802
f 1220/5803 447/5804 1219/5805
f 447/5806 450/5807 1219/5808
f 450/5809 452/5810 1219/5811
f 1219/5812 452/5813 454/5814
f 438/5815 440/5816 162/5817
f 440/5818 442/5819 162/5820
f 162/5821 442/5822 163/5823
f 442/5824 432/5825 163/5826
f 163/5827 432/5828 223/5829
f 454/5830 456/5831 1219/5832
f 456/5833 445/5834 1219/5835
f 1219/5836 445/5837 162/5838
f 445/5839 434/5840 162/5841
f 162/5842 434/5843 433/5844
f 171/5845 173/5846 281/5847
f 1385/5848 1251/5849 1384/5850
f 1251/5851 1249/5852 1384/5853
f 1384/5854 1249/5855 487/5856
f 1219/5857 162/5858 1248/5859
f 162/5860 170/5861 1248/5862
f 1248/5863 170/5864 1249/5865
f 170/5866 171/5867 1249/5868
f 1249/5869 171/5870 487/5871
f 171/5872 281/5873 487/5874
f 215/5875 280/5876 173/5877
f 280/5878 281/5879 173/5880
f 1386/5881 1387/5882 1410/5883
f 1386/5884 1410/5885 1409/5886
f 1410/5887 1408/5888 1409/5889
f 1409/5890 1408/5891 1407/5892
f 1408/5893 1406/5894 1407/5895
f 1407/5896 1406/5897 1405/5898
f 1406/5899 1404/5900 1405/5901
f 1405/5902 1404/5903 1403/5904
f 1404/5905 1402/5906 1403/5907
f 1403/5908 1402/5909 1401/5910
f 1402/5911 1400/5912 1401/5913
f 1401/5914 1400/5915 1399/5916
f 1400/5917 1398/5918 1399/5919
f 1399/5920 1398/5921 1397/5922
f 1398/5923 1395/5924 1397/5925
f 1397/5926 1395/5927 1396/5928
f 1519/5929 1518/5930 1417/5931
f 1518/5932 1503/5933 1417/5934
f 1417/5935 1503/5936 1395/5937
f 1503/5938 1396/5939 1395/5940
f 1503/5941 1518/5942 1521/5943
f 1503/5944 1521/5945 1512/5946
f 1521/5947 1520/5948 1512/5949
f 1512/5950 1520/5951 1511/5952
f 632/5953 1511/5954 1522/5955
f 1511/5956 1520/5957 1522/5958
f 632/5959 1522/5960 1525/5961
f 1528/5962 627/5963 626/5964
f 1528/5965 626/5966 1526/5967
f 515/5968 1527/5969 518/5970
f 1527/5971 1523/5972 518/5973
f 518/5974 1523/5975 517/5976
f 626/5977 629/5978 1526/5979
f 629/5980 628/5981 1526/5982
f 1526/5983 628/5984 1525/5985
f 628/5986 630/5987 1525/5988
f 1525/5989 630/5990 632/5991
f 517/5992 1523/5993 520/5994
f 1523/5995 1524/5996 520/5997
f 520/5998 1524/5999 519/6000
f 1524/6001 507/6002 519/6003
f 519/6004 507/6005 476/6006
f 1528/6007 1527/6008 627/6009
f 1527/6010 515/6011 627/6012
f 627/6013 515/6014 625/6015
f 515/6016 516/6017 625/6018
f 625/6019 516/6020 624/6021
f 516/6022 514/6023 624/6024
f 624/6025 514/6026 623/6027
f 514/6028 513/6029 623/6030
f 623/6031 513/6032 622/6033
f 513/6034 512/6035 622/6036
f 622/6037 512/6038 621/6039
f 512/6040 511/6041 621/6042
f 621/6043 511/6044 620/6045
f 511/6046 508/6047 620/6048
f 508/6049 510/6050 620/6051
f 620/6052 510/6053 569/6054
f 510/6055 555/6056 569/6057
f 555/6058 568/6059 569/6060
f 568/6061 555/6062 571/6063
f 555/6064 562/6065 571/6066
f 571/6067 562/6068 570/6069
f 562/6070 561/6071 570/6072
f 561/6073 393/6074 570/6075
f 393/6076 572/6077 570/6078
f 1376/6079 691/6080 1380/6081
f 691/6082 693/6083 1380/6084
f 1380/6085 693/6086 1381/6087
f 1378/6088 1379/6089 385/6090
f 380/6091 381/6092 382/6093
f 381/6094 1378/6095 382/6096
f 382/6097 1378/6098 383/6099
f 1378/6100 385/6101 383/6102
f 688/6103 699/6104 1375/6105
f 699/6106 1377/6107 1375/6108
f 699/6109 689/6110 1377/6111
f 689/6112 690/6113 1377/6114
f 1377/6115 690/6116 1376/6117
f 690/6118 692/6119 1376/6120
f 1376/6121 692/6122 691/6123
f 572/6124 393/6125 698/6126
f 393/6127 392/6128 698/6129
f 698/6130 392/6131 697/6132
f 392/6133 390/6134 697/6135
f 697/6136 390/6137 696/6138
f 390/6139 391/6140 696/6141
f 696/6142 391/6143 695/6144
f 391/6145 389/6146 695/6147
f 695/6148 389/6149 694/6150
f 389/6151 388/6152 694/6153
f 694/6154 388/6155 693/6156
f 388/6157 387/6158 693/6159
f 693/6160 387/6161 1381/6162
f 387/6163 386/6164 1381/6165
f 1381/6166 386/6167 1379/6168
f 386/6169 384/6170 1379/6171
f 1379/6172 384/6173 385/6174
f 380/6175 338/6176 381/6177
f 338/6178 374/6179 381/6180
f 604/6181 1649/6182 610/6183
f 1649/6184 1639/6185 610/6186
f 1581/6187 1583/6188 1262/6189
f 1583/6190 1584/6191 1262/6192
f 1637/6193 1646/6194 660/6195
f 1646/6196 1644/6197 660/6198
f 660/6199 1644/6200 597/6201
f 1644/6202 1645/6203 597/6204
f 615/6205 614/6206 1625/6207
f 614/6208 613/6209 1625/6210
f 1625/6211 613/6212 1638/6213
f 613/6214 612/6215 1638/6216
f 1638/6217 612/6218 1639/6219
f 612/6220 611/6221 1639/6222
f 1639/6223 611/6224 610/6225
f 1388/6226 1602/6227 1603/6228
f 660/6229 677/6230 1637/6231
f 677/6232 676/6233 1637/6234
f 1637/6235 676/6236 1636/6237
f 676/6238 675/6239 1636/6240
f 1636/6241 675/6242 1617/6243
f 594/6244 1634/6245 604/6246
f 1634/6247 1652/6248 604/6249
f 604/6250 1652/6251 1649/6252
f 1623/6253 1633/6254 1308/6255
f 1633/6256 1642/6257 1308/6258
f 1308/6259 1642/6260 1321/6261
f 1642/6262 1632/6263 1321/6264
f 1321/6265 1632/6266 1327/6267
f 1632/6268 1631/6269 1327/6270
f 1327/6271 1631/6272 1328/6273
f 1631/6274 1648/6275 1328/6276
f 1328/6277 1648/6278 1329/6279
f 1648/6280 1647/6281 1329/6282
f 1329/6283 1647/6284 1330/6285
f 1647/6286 1653/6287 1330/6288
f 1330/6289 1653/6290 1331/6291
f 1653/6292 1650/6293 1331/6294
f 1331/6295 1650/6296 1332/6297
f 1628/6298 1629/6299 1589/6300
f 1629/6301 1627/6302 1589/6303
f 1589/6304 1627/6305 1588/6306
f 1627/6307 1626/6308 1588/6309
f 1588/6310 1626/6311 1587/6312
f 1626/6313 1641/6314 1587/6315
f 1587/6316 1641/6317 1586/6318
f 1591/6319 1592/6320 1498/6321
f 1592/6322 1593/6323 1498/6324
f 1498/6325 1593/6326 1437/6327
f 1282/6328 1614/6329 1281/6330
f 1614/6331 1624/6332 1281/6333
f 1281/6334 1624/6335 1291/6336
f 1624/6337 1623/6338 1291/6339
f 1291/6340 1623/6341 1307/6342
f 1623/6343 1308/6344 1307/6345
f 1388/6346 1603/6347 1264/6348
f 1603/6349 1604/6350 1264/6351
f 1264/6352 1604/6353 1262/6354
f 1604/6355 1582/6356 1262/6357
f 1262/6358 1582/6359 1581/6360
f 1650/6361 1651/6362 1332/6363
f 1651/6364 1619/6365 1332/6366
f 1332/6367 1619/6368 671/6369
f 1619/6370 1618/6371 671/6372
f 671/6373 1618/6374 672/6375
f 1618/6376 1616/6377 672/6378
f 672/6379 1616/6380 673/6381
f 1616/6382 1617/6383 673/6384
f 673/6385 1617/6386 674/6387
f 1617/6388 675/6389 674/6390
f 1611/6391 1260/6392 1615/6393
f 1260/6394 1262/6395 1615/6396
f 1615/6397 1262/6398 1640/6399
f 1262/6400 1584/6401 1640/6402
f 1640/6403 1584/6404 1641/6405
f 1584/6406 1585/6407 1641/6408
f 1641/6409 1585/6410 1586/6411
f 1645/6412 1635/6413 597/6414
f 1635/6415 1613/6416 597/6417
f 597/6418 1613/6419 1605/6420
f 1625/6421 1622/6422 615/6423
f 1622/6424 1608/6425 615/6426
f 615/6427 1608/6428 1505/6429
f 1610/6430 1233/6431 1611/6432
f 1233/6433 1232/6434 1611/6435
f 1611/6436 1232/6437 1260/6438
f 595/6439 1606/6440 594/6441
f 1606/6442 1643/6443 594/6444
f 594/6445 1643/6446 1634/6447
f 1608/6448 1609/6449 1505/6450
f 1609/6451 1621/6452 1505/6453
f 1505/6454 1621/6455 1506/6456
f 1621/6457 1620/6458 1506/6459
f 1506/6460 1620/6461 1498/6462
f 1620/6463 1612/6464 1498/6465
f 1498/6466 1612/6467 1607/6468
f 1591/6469 1498/6470 1590/6471
f 1498/6472 1607/6473 1590/6474
f 1590/6475 1607/6476 1589/6477
f 1607/6478 1630/6479 1589/6480
f 1589/6481 1630/6482 1628/6483
f 1598/6484 1440/6485 1597/6486
f 1440/6487 1439/6488 1597/6489
f 1597/6490 1439/6491 1596/6492
f 1439/6493 1438/6494 1596/6495
f 1596/6496 1438/6497 1595/6498
f 1438/6499 1437/6500 1595/6501
f 1595/6502 1437/6503 1594/6504
f 1437/6505 1593/6506 1594/6507
f 1602/6508 1388/6509 1601/6510
f 1388/6511 1444/6512 1601/6513
f 1601/6514 1444/6515 1600/6516
f 1444/6517 1443/6518 1600/6519
f 1600/6520 1443/6521 1599/6522
f 1443/6523 1442/6524 1599/6525
f 1599/6526 1442/6527 1598/6528
f 1442/6529 1441/6530 1598/6531
f 1598/6532 1441/6533 1440/6534
f 595/6535 597/6536 1606/6537
f 597/6538 1605/6539 1606/6540
f 1606/6541 1605/6542 1610/6543
f 1605/6544 1614/6545 1610/6546
f 1610/6547 1614/6548 1233/6549
f 1614/6550 1282/6551 1233/6552
f 60/6553 27/6554 26/6555
f 42/6556 41/6557 141/6558
f 26/6559 49/6560 60/6561
f 49/6562 48/6563 60/6564
f 60/6565 48/6566 131/6567
f 141/6568 41/6569 144/6570
f 30/6571 29/6572 105/6573
f 44/6574 143/6575 45/6576
f 143/6577 130/6578 45/6579
f 45/6580 130/6581 46/6582
f 130/6583 131/6584 46/6585
f 46/6586 131/6587 47/6588
f 131/6589 48/6590 47/6591
f 141/6592 128/6593 42/6594
f 128/6595 127/6596 42/6597
f 42/6598 127/6599 43/6600
f 127/6601 129/6602 43/6603
f 43/6604 129/6605 44/6606
f 129/6607 142/6608 44/6609
f 44/6610 142/6611 143/6612
f 117/6613 140/6614 139/6615
f 140/6616 124/6617 139/6618
f 139/6619 124/6620 126/6621
f 124/6622 125/6623 126/6624
f 82/6625 81/6626 122/6627
f 81/6628 121/6629 122/6630
f 50/6631 116/6632 89/6633
f 95/6634 112/6635 96/6636
f 109/6637 106/6638 108/6639
f 106/6640 115/6641 108/6642
f 108/6643 115/6644 135/6645
f 115/6646 136/6647 135/6648
f 135/6649 136/6650 134/6651
f 136/6652 137/6653 134/6654
f 134/6655 137/6656 125/6657
f 137/6658 138/6659 125/6660
f 125/6661 138/6662 126/6663
f 81/6664 103/6665 102/6666
f 103/6667 120/6668 102/6669
f 102/6670 120/6671 118/6672
f 120/6673 119/6674 118/6675
f 118/6676 119/6677 117/6678
f 119/6679 145/6680 117/6681
f 117/6682 145/6683 140/6684
f 96/6685 97/6686 95/6687
f 97/6688 101/6689 95/6690
f 95/6691 101/6692 75/6693
f 101/6694 94/6695 75/6696
f 75/6697 94/6698 91/6699
f 94/6700 92/6701 91/6702
f 92/6703 93/6704 91/6705
f 93/6706 79/6707 91/6708
f 91/6709 79/6710 78/6711
f 50/6712 89/6713 81/6714
f 89/6715 90/6716 81/6717
f 81/6718 90/6719 121/6720
f 41/6721 40/6722 144/6723
f 40/6724 39/6725 144/6726
f 144/6727 39/6728 133/6729
f 39/6730 38/6731 133/6732
f 133/6733 38/6734 132/6735
f 38/6736 37/6737 132/6738
f 132/6739 37/6740 123/6741
f 37/6742 36/6743 123/6744
f 123/6745 36/6746 111/6747
f 36/6748 35/6749 111/6750
f 111/6751 35/6752 88/6753
f 35/6754 34/6755 88/6756
f 88/6757 34/6758 87/6759
f 34/6760 33/6761 87/6762
f 87/6763 33/6764 110/6765
f 59/6766 29/6767 28/6768
f 65/6769 84/6770 75/6771
f 84/6772 113/6773 75/6774
f 75/6775 113/6776 95/6777
f 82/6778 83/6779 81/6780
f 83/6781 114/6782 81/6783
f 81/6784 114/6785 103/6786
f 33/6787 32/6788 110/6789
f 32/6790 31/6791 110/6792
f 110/6793 31/6794 77/6795
f 31/6796 30/6797 77/6798
f 77/6799 30/6800 86/6801
f 30/6802 105/6803 86/6804
f 112/6805 95/6806 99/6807
f 95/6808 100/6809 99/6810
f 99/6811 100/6812 98/6813
f 100/6814 72/6815 98/6816
f 98/6817 72/6818 74/6819
f 72/6820 73/6821 74/6822
f 74/6823 73/6824 82/6825
f 73/6826 104/6827 82/6828
f 82/6829 104/6830 83/6831
f 109/6832 107/6833 106/6834
f 107/6835 66/6836 106/6837
f 106/6838 66/6839 67/6840
f 66/6841 59/6842 67/6843
f 67/6844 59/6845 60/6846
f 59/6847 28/6848 60/6849
f 60/6850 28/6851 27/6852
f 75/6853 76/6854 65/6855
f 76/6856 57/6857 65/6858
f 65/6859 57/6860 59/6861
f 57/6862 58/6863 59/6864
f 59/6865 58/6866 29/6867
f 58/6868 85/6869 29/6870
f 29/6871 85/6872 105/6873
f 79/6874 80/6875 78/6876
f 80/6877 71/6878 78/6879
f 78/6880 71/6881 69/6882
f 71/6883 70/6884 69/6885
f 69/6886 70/6887 68/6888
f 70/6889 63/6890 68/6891
f 68/6892 63/6893 64/6894
f 63/6895 54/6896 64/6897
f 64/6898 54/6899 56/6900
f 54/6901 55/6902 56/6903
f 116/6904 50/6905 52/6906
f 50/6907 51/6908 52/6909
f 52/6910 51/6911 53/6912
f 51/6913 61/6914 53/6915
f 53/6916 61/6917 55/6918
f 61/6919 62/6920 55/6921
f 55/6922 62/6923 56/6924
f 1229/6925 1222/6926 1228/6927
f 1222/6928 1225/6929 1228/6930
f 430/6931 429/6932 330/6933
f 429/6934 331/6935 330/6936
f 1225/6937 1222/6938 1224/6939
f 1222/6940 1223/6941 1224/6942
f 1223/6943 1222/6944 1221/6945
f 1222/6946 449/6947 1221/6948
f 1221/6949 449/6950 448/6951
f 446/6952 445/6953 458/6954
f 445/6955 456/6956 458/6957
f 458/6958 456/6959 457/6960
f 456/6961 454/6962 457/6963
f 457/6964 454/6965 455/6966
f 454/6967 452/6968 455/6969
f 455/6970 452/6971 453/6972
f 452/6973 450/6974 453/6975
f 453/6976 450/6977 451/6978
f 450/6979 447/6980 451/6981
f 451/6982 447/6983 449/6984
f 447/6985 448/6986 449/6987
f 435/6988 434/6989 446/6990
f 434/6991 445/6992 446/6993
f 431/6994 432/6995 444/6996
f 432/6997 442/6998 444/6999
f 444/7000 442/7001 443/7002
f 442/7003 440/7004 443/7005
f 443/7006 440/7007 441/7008
f 440/7009 438/7010 441/7011
f 441/7012 438/7013 439/7014
f 438/7015 436/7016 439/7017
f 439/7018 436/7019 437/7020
f 436/7021 433/7022 437/7023
f 437/7024 433/7025 435/7026
f 433/7027 434/7028 435/7029
f 330/7030 225/7031 430/7032
f 225/7033 224/7034 430/7035
f 430/7036 224/7037 431/7038
f 224/7039 223/7040 431/7041
f 431/7042 223/7043 432/7044
f 1376/7045 1380/7046 1383/7047
f 1229/7048 1228/7049 2077/7050
f 1228/7051 1290/7052 2077/7053
f 2077/7054 1374/7055 1375/7056
f 2092/7057 2094/7058 2093/7059
f 1290/7060 1304/7061 2077/7062
f 1304/7063 1306/7064 2077/7065
f 2077/7066 1306/7067 1320/7068
f 1320/7069 1369/7070 2077/7071
f 1369/7072 1370/7073 2077/7074
f 2077/7075 1370/7076 1371/7077
f 1371/7078 1372/7079 2077/7080
f 1372/7081 1373/7082 2077/7083
f 2077/7084 1373/7085 1374/7086
f 2095/7087 2078/7088 2093/7089
f 2078/7090 2077/7091 2093/7092
f 2093/7093 2077/7094 2092/7095
f 2077/7096 1375/7097 2092/7098
f 2092/7099 1375/7100 1383/7101
f 1375/7102 1377/7103 1383/7104
f 1383/7105 1377/7106 1376/7107
f 331/7108 429/7109 327/7110
f 429/7111 2074/7112 327/7113
f 327/7114 2074/7115 328/7116
f 2074/7117 329/7118 328/7119
f 2118/7120 2113/7121 2126/7122
f 2113/7123 2074/7124 2126/7125
f 2126/7126 2074/7127 2127/7128
f 2074/7129 2091/7130 2127/7131
f 370/7132 369/7133 2074/7134
f 369/7135 332/7136 2074/7137
f 2074/7138 332/7139 329/7140
f 1381/7141 1379/7142 1382/7143
f 1379/7144 1378/7145 1382/7146
f 1382/7147 1378/7148 2113/7149
f 1378/7150 381/7151 2113/7152
f 2113/7153 381/7154 2074/7155
f 381/7156 374/7157 2074/7158
f 2074/7159 374/7160 373/7161
f 373/7162 372/7163 2074/7164
f 372/7165 371/7166 2074/7167
f 2074/7168 371/7169 370/7170
f 2084/7171 2066/7172 2083/7173
f 2066/7174 2067/7175 2083/7176
f 2083/7177 2067/7178 2082/7179
f 2067/7180 2068/7181 2082/7182
f 2082/7183 2068/7184 2081/7185
f 2068/7186 2075/7187 2081/7188
f 2081/7189 2075/7190 2080/7191
f 2075/7192 2072/7193 2080/7194
f 2080/7195 2072/7196 2079/7197
f 2072/7198 2076/7199 2079/7200
f 2079/7201 2076/7202 2078/7203
f 2076/7204 2077/7205 2078/7206
f 2085/7207 2064/7208 2084/7209
f 2064/7210 2066/7211 2084/7212
f 2091/7213 2074/7214 2090/7215
f 2074/7216 2073/7217 2090/7218
f 2090/7219 2073/7220 2089/7221
f 2073/7222 2070/7223 2089/7224
f 2089/7225 2070/7226 2088/7227
f 2070/7228 2069/7229 2088/7230
f 2088/7231 2069/7232 2087/7233
f 2069/7234 2071/7235 2087/7236
f 2087/7237 2071/7238 2086/7239
f 2071/7240 2065/7241 2086/7242
f 2086/7243 2065/7244 2085/7245
f 2065/7246 2064/7247 2085/7248
f 2086/7249 2085/7250 2091/7251
f 2140/7252 2132/7253 2127/7254
f 2091/7255 2085/7256 2127/7257
f 2095/7258 2136/7259 2128/7260
f 2132/7261 2133/7262 2127/7263
f 2133/7264 2139/7265 2127/7266
f 2127/7267 2139/7268 2141/7269
f 2136/7270 2095/7271 2130/7272
f 2095/7273 2131/7274 2130/7275
f 2130/7276 2131/7277 2137/7278
f 2128/7279 2129/7280 2095/7281
f 2129/7282 2138/7283 2095/7284
f 2095/7285 2138/7286 2078/7287
f 2091/7288 2090/7289 2086/7290
f 2090/7291 2089/7292 2086/7293
f 2086/7294 2089/7295 2087/7296
f 2089/7297 2088/7298 2087/7299
f 2081/7300 2080/7301 2082/7302
f 2080/7303 2079/7304 2082/7305
f 2082/7306 2079/7307 2083/7308
f 2079/7309 2078/7310 2083/7311
f 2083/7312 2078/7313 2084/7314
f 2078/7315 2138/7316 2084/7317
f 2084/7318 2138/7319 2085/7320
f 2138/7321 2134/7322 2085/7323
f 2085/7324 2134/7325 2127/7326
f 2134/7327 2135/7328 2127/7329
f 2127/7330 2135/7331 2140/7332
f 2155/7333 2093/7334 2094/7335
f 2143/7336 2153/7337 2123/7338
f 2123/7339 2153/7340 2124/7341
f 2153/7342 2152/7343 2124/7344
f 2124/7345 2152/7346 2125/7347
f 2125/7348 2152/7349 2098/7350
f 2152/7351 2150/7352 2098/7353
f 2098/7354 2150/7355 2100/7356
f 2150/7357 2151/7358 2100/7359
f 2100/7360 2151/7361 2102/7362
f 2102/7363 2151/7364 2104/7365
f 2151/7366 2149/7367 2104/7368
f 2104/7369 2149/7370 2106/7371
f 2149/7372 2148/7373 2106/7374
f 2106/7375 2148/7376 2108/7377
f 2108/7378 2148/7379 2109/7380
f 2148/7381 2146/7382 2109/7383
f 2109/7384 2146/7385 2094/7386
f 2146/7387 2147/7388 2094/7389
f 2094/7390 2147/7391 2155/7392
f 2126/7393 2154/7394 2118/7395
f 2154/7396 2145/7397 2118/7398
f 2118/7399 2145/7400 2119/7401
f 2145/7402 2144/7403 2119/7404
f 2119/7405 2144/7406 2120/7407
f 2144/7408 2142/7409 2120/7410
f 2120/7411 2142/7412 2121/7413
f 2142/7414 2143/7415 2121/7416
f 2121/7417 2143/7418 2122/7419
f 2143/7420 2123/7421 2122/7422
f 2096/7423 2099/7424 1383/7425
f 2099/7426 2101/7427 1383/7428
f 1383/7429 2101/7430 2103/7431
f 2111/7432 1382/7433 2114/7434
f 1382/7435 2113/7436 2114/7437
f 2111/7438 2112/7439 1382/7440
f 2112/7441 2115/7442 1382/7443
f 1382/7444 2115/7445 2116/7446
f 2116/7447 2117/7448 1382/7449
f 2117/7450 2110/7451 1382/7452
f 1382/7453 2110/7454 1383/7455
f 2110/7456 2097/7457 1383/7458
f 1383/7459 2097/7460 2096/7461
f 2103/7462 2105/7463 1383/7464
f 2105/7465 2107/7466 1383/7467
f 1383/7468 2107/7469 2092/7470
f 2273/7471 2275/7472 1530/7473
f 1529/7474 2293/7475 2294/7476
f 2273/7477 1530/7478 2270/7479
f 2294/7480 2295/7481 1529/7482
f 2295/7483 2292/7484 1529/7485
f 1529/7486 2292/7487 2291/7488
f 2275/7489 2277/7490 1530/7491
f 2277/7492 2279/7493 1530/7494
f 1530/7495 2279/7496 2259/7497
f 2291/7498 2290/7499 1529/7500
f 2290/7501 2289/7502 1529/7503
f 1529/7504 2289/7505 1530/7506
f 2289/7507 2271/7508 1530/7509
f 1530/7510 2271/7511 2270/7512
f 480/7513 506/7514 502/7515
f 280/7516 505/7517 501/7518
f 497/7519 504/7520 487/7521
f 480/7522 502/7523 282/7524
f 280/7525 501/7526 281/7527
f 497/7528 487/7529 491/7530
f 486/7531 496/7532 480/7533
f 496/7534 503/7535 480/7536
f 480/7537 503/7538 506/7539
f 505/7540 280/7541 499/7542
f 280/7543 289/7544 499/7545
f 499/7546 289/7547 493/7548
f 289/7549 288/7550 493/7551
f 493/7552 288/7553 482/7554
f 501/7555 498/7556 281/7557
f 498/7558 492/7559 281/7560
f 281/7561 492/7562 487/7563
f 492/7564 490/7565 487/7566
f 487/7567 490/7568 491/7569
f 504/7570 488/7571 487/7572
f 488/7573 489/7574 487/7575
f 487/7576 489/7577 480/7578
f 489/7579 485/7580 480/7581
f 480/7582 485/7583 486/7584
f 502/7585 495/7586 282/7587
f 495/7588 484/7589 282/7590
f 282/7591 484/7592 283/7593
f 484/7594 494/7595 283/7596
f 283/7597 494/7598 284/7599
f 494/7600 500/7601 284/7602
f 284/7603 500/7604 285/7605
f 500/7606 483/7607 285/7608
f 285/7609 483/7610 286/7611
f 483/7612 482/7613 286/7614
f 286/7615 482/7616 287/7617
f 482/7618 288/7619 287/7620
f 1387/7621 1385/7622 1431/7623
f 1435/7624 1430/7625 1417/7626
f 1430/7627 1426/7628 1417/7629
f 1417/7630 1426/7631 1427/7632
f 1427/7633 1429/7634 1417/7635
f 1429/7636 1425/7637 1417/7638
f 1417/7639 1425/7640 1384/7641
f 1425/7642 1434/7643 1384/7644
f 1434/7645 1424/7646 1384/7647
f 1384/7648 1424/7649 1420/7650
f 1420/7651 1421/7652 1384/7653
f 1421/7654 1423/7655 1384/7656
f 1384/7657 1423/7658 1385/7659
f 1423/7660 1433/7661 1385/7662
f 1385/7663 1433/7664 1431/7665
f 1395/7666 1415/7667 1417/7668
f 1415/7669 1416/7670 1417/7671
f 1417/7672 1416/7673 1435/7674
f 1431/7675 1432/7676 1387/7677
f 1432/7678 1428/7679 1387/7680
f 1387/7681 1428/7682 1410/7683
f 1428/7684 1422/7685 1410/7686
f 1410/7687 1422/7688 1408/7689
f 1422/7690 1419/7691 1408/7692
f 1408/7693 1419/7694 1406/7695
f 1419/7696 1413/7697 1406/7698
f 1406/7699 1413/7700 1404/7701
f 1413/7702 1414/7703 1404/7704
f 1404/7705 1414/7706 1402/7707
f 1402/7708 1414/7709 1400/7710
f 1414/7711 1418/7712 1400/7713
f 1400/7714 1418/7715 1398/7716
f 1418/7717 1411/7718 1398/7719
f 1398/7720 1411/7721 1395/7722
f 1411/7723 1412/7724 1395/7725
f 1395/7726 1412/7727 1415/7728
f 2168/7729 2166/7730 487/7731
f 2166/7732 2167/7733 487/7734
f 2167/7735 2170/7736 487/7737
f 487/7738 2170/7739 2171/7740
f 1384/7741 2164/7742 2159/7743
f 2171/7744 2169/7745 487/7746
f 2169/7747 2162/7748 487/7749
f 487/7750 2162/7751 1384/7752
f 2162/7753 2163/7754 1384/7755
f 1384/7756 2163/7757 2160/7758
f 2160/7759 2161/7760 1384/7761
f 2161/7762 2165/7763 1384/7764
f 1384/7765 2165/7766 2164/7767
f 2168/7768 487/7769 2158/7770
f 487/7771 480/7772 2158/7773
f 2158/7774 480/7775 481/7776
f 1519/7777 1417/7778 2156/7779
f 1417/7780 1384/7781 2156/7782
f 2156/7783 1384/7784 2157/7785
f 1384/7786 2159/7787 2157/7788
f 2283/7789 2289/7790 2282/7791
f 2289/7792 2290/7793 2282/7794
f 2282/7795 2290/7796 2284/7797
f 2290/7798 2291/7799 2284/7800
f 2284/7801 2291/7802 2286/7803
f 2291/7804 2292/7805 2286/7806
f 2286/7807 2292/7808 2285/7809
f 2292/7810 2295/7811 2285/7812
f 2285/7813 2295/7814 2287/7815
f 2295/7816 2294/7817 2287/7818
f 2287/7819 2294/7820 2288/7821
f 2294/7822 2293/7823 2288/7824
f 2272/7825 2271/7826 2283/7827
f 2271/7828 2289/7829 2283/7830
f 2269/7831 2259/7832 2281/7833
f 2259/7834 2279/7835 2281/7836
f 2281/7837 2279/7838 2280/7839
f 2279/7840 2277/7841 2280/7842
f 2280/7843 2277/7844 2278/7845
f 2277/7846 2275/7847 2278/7848
f 2278/7849 2275/7850 2276/7851
f 2275/7852 2273/7853 2276/7854
f 2276/7855 2273/7856 2274/7857
f 2273/7858 2270/7859 2274/7860
f 2274/7861 2270/7862 2272/7863
f 2270/7864 2271/7865 2272/7866
f 2242/7867 2243/7868 2269/7869
f 2231/7870 2230/7871 2288/7872
f 2230/7873 2232/7874 2288/7875
f 2288/7876 2232/7877 2287/7878
f 2232/7879 2233/7880 2287/7881
f 2287/7882 2233/7883 2285/7884
f 2233/7885 2234/7886 2285/7887
f 2238/7888 2239/7889 2278/7890
f 2278/7891 2239/7892 2280/7893
f 2239/7894 2240/7895 2280/7896
f 2280/7897 2240/7898 2281/7899
f 2281/7900 2240/7901 2269/7902
f 2240/7903 2241/7904 2269/7905
f 2269/7906 2241/7907 2242/7908
f 2236/7909 2282/7910 2235/7911
f 2282/7912 2284/7913 2235/7914
f 2235/7915 2284/7916 2234/7917
f 2284/7918 2286/7919 2234/7920
f 2234/7921 2286/7922 2285/7923
f 2278/7924 2276/7925 2238/7926
f 2276/7927 2274/7928 2238/7929
f 2238/7930 2274/7931 2237/7932
f 2274/7933 2272/7934 2237/7935
f 2237/7936 2272/7937 2236/7938
f 2272/7939 2283/7940 2236/7941
f 2236/7942 2283/7943 2282/7944
f 2222/7945 2236/7946 2221/7947
f 2236/7948 2235/7949 2221/7950
f 2221/7951 2235/7952 2216/7953
f 2235/7954 2234/7955 2216/7956
f 2216/7957 2234/7958 2217/7959
f 2234/7960 2233/7961 2217/7962
f 2217/7963 2233/7964 2218/7965
f 2233/7966 2232/7967 2218/7968
f 2218/7969 2232/7970 2219/7971
f 2232/7972 2230/7973 2219/7974
f 2219/7975 2230/7976 2220/7977
f 2230/7978 2231/7979 2220/7980
f 2226/7981 2237/7982 2222/7983
f 2237/7984 2236/7985 2222/7986
f 2223/7987 2243/7988 2229/7989
f 2243/7990 2242/7991 2229/7992
f 2229/7993 2242/7994 2224/7995
f 2242/7996 2241/7997 2224/7998
f 2224/7999 2241/8000 2225/8001
f 2241/8002 2240/8003 2225/8004
f 2225/8005 2240/8006 2227/8007
f 2240/8008 2239/8009 2227/8010
f 2227/8011 2239/8012 2228/8013
f 2239/8014 2238/8015 2228/8016
f 2228/8017 2238/8018 2226/8019
f 2238/8020 2237/8021 2226/8022
f 2228/8023 2226/8024 2223/8025
f 2188/8026 2187/8027 2193/8028
f 2223/8029 2226/8030 2206/8031
f 2226/8032 2215/8033 2206/8034
f 2206/8035 2215/8036 2214/8037
f 2223/8038 2229/8039 2224/8040
f 2226/8041 2220/8042 2215/8043
f 2220/8044 2193/8045 2215/8046
f 2215/8047 2193/8048 2203/8049
f 2193/8050 2187/8051 2203/8052
f 2224/8053 2225/8054 2223/8055
f 2225/8056 2227/8057 2223/8058
f 2223/8059 2227/8060 2228/8061
f 2212/8062 2210/8063 2214/8064
f 2210/8065 2208/8066 2214/8067
f 2214/8068 2208/8069 2206/8070
f 2226/8071 2222/8072 2220/8073
f 2222/8074 2221/8075 2220/8076
f 2220/8077 2221/8078 2216/8079
f 2193/8080 2192/8081 2191/8082
f 2191/8083 2190/8084 2193/8085
f 2190/8086 2189/8087 2193/8088
f 2193/8089 2189/8090 2188/8091
f 2217/8092 2218/8093 2216/8094
f 2218/8095 2219/8096 2216/8097
f 2216/8098 2219/8099 2220/8100
f 2179/8101 2156/8102 2178/8103
f 2156/8104 2157/8105 2178/8106
f 2178/8107 2157/8108 2177/8109
f 2157/8110 2159/8111 2177/8112
f 2177/8113 2159/8114 2176/8115
f 2159/8116 2164/8117 2176/8118
f 2176/8119 2164/8120 2175/8121
f 2164/8122 2165/8123 2175/8124
f 2175/8125 2165/8126 2174/8127
f 2165/8128 2161/8129 2174/8130
f 2174/8131 2161/8132 2173/8133
f 2161/8134 2160/8135 2173/8136
f 2173/8137 2160/8138 2172/8139
f 2160/8140 2163/8141 2172/8142
f 2184/8143 2186/8144 2179/8145
f 2185/8146 2183/8147 2172/8148
f 2183/8149 2180/8150 2172/8151
f 2184/8152 2179/8153 2182/8154
f 2179/8155 2178/8156 2182/8157
f 2182/8158 2178/8159 2181/8160
f 2178/8161 2177/8162 2181/8163
f 2181/8164 2177/8165 2176/8166
f 2176/8167 2175/8168 2181/8169
f 2175/8170 2174/8171 2181/8172
f 2181/8173 2174/8174 2180/8175
f 2174/8176 2173/8177 2180/8178
f 2180/8179 2173/8180 2172/8181
f 2207/8182 2194/8183 2204/8184
f 2194/8185 2205/8186 2204/8187
f 2198/8188 2197/8189 2209/8190
f 2197/8191 2196/8192 2209/8193
f 2209/8194 2196/8195 2207/8196
f 2196/8197 2195/8198 2207/8199
f 2207/8200 2195/8201 2194/8202
f 2198/8203 2209/8204 2199/8205
f 2209/8206 2211/8207 2199/8208
f 2199/8209 2211/8210 2200/8211
f 2200/8212 2211/8213 2201/8214
f 2211/8215 2213/8216 2201/8217
f 2201/8218 2213/8219 2202/8220
f 2201/8221 2162/8222 2200/8223
f 2162/8224 2169/8225 2200/8226
f 2200/8227 2169/8228 2199/8229
f 2169/8230 2171/8231 2199/8232
f 2199/8233 2171/8234 2198/8235
f 2171/8236 2170/8237 2198/8238
f 2198/8239 2170/8240 2197/8241
f 2170/8242 2167/8243 2197/8244
f 2197/8245 2167/8246 2196/8247
f 2167/8248 2166/8249 2196/8250
f 2196/8251 2166/8252 2195/8253
f 2166/8254 2168/8255 2195/8256
f 2195/8257 2168/8258 2194/8259
f 2168/8260 2158/8261 2194/8262
f 158/8263 161/8264 159/8265
f 161/8266 162/8267 159/8268
f 159/8269 162/8270 163/8271
f 159/8272 160/8273 158/8274
f 160/8275 156/8276 158/8277
f 158/8278 156/8279 154/8280
f 156/8281 157/8282 154/8283
f 157/8284 155/8285 154/8286
f 155/8287 153/8288 154/8289
f 154/8290 153/8291 151/8292
f 153/8293 152/8294 151/8295
f 152/8296 150/8297 151/8298
f 151/8299 150/8300 148/8301
f 150/8302 149/8303 148/8304
f 149/8305 147/8306 148/8307
f 148/8308 147/8309 146/8310
f 147/8311 164/8312 146/8313
f 164/8314 58/8315 146/8316
f 146/8317 58/8318 57/8319
f 173/8320 171/8321 172/8322
f 171/8323 174/8324 172/8325
f 172/8326 174/8327 169/8328
f 174/8329 175/8330 169/8331
f 169/8332 175/8333 168/8334
f 175/8335 176/8336 168/8337
f 168/8338 176/8339 167/8340
f 176/8341 177/8342 167/8343
f 167/8344 177/8345 166/8346
f 177/8347 178/8348 166/8349
f 166/8350 178/8351 165/8352
f 178/8353 179/8354 165/8355
f 165/8356 179/8357 91/8358
f 179/8359 75/8360 91/8361
f 171/8362 170/8363 174/8364
f 170/8365 180/8366 174/8367
f 174/8368 180/8369 175/8370
f 180/8371 181/8372 175/8373
f 175/8374 181/8375 176/8376
f 181/8377 182/8378 176/8379
f 176/8380 182/8381 177/8382
f 182/8383 183/8384 177/8385
f 177/8386 183/8387 178/8388
f 183/8389 184/8390 178/8391
f 178/8392 184/8393 179/8394
f 184/8395 185/8396 179/8397
f 179/8398 185/8399 75/8400
f 185/8401 76/8402 75/8403
f 170/8404 162/8405 180/8406
f 162/8407 161/8408 180/8409
f 180/8410 161/8411 181/8412
f 161/8413 158/8414 181/8415
f 181/8416 158/8417 182/8418
f 158/8419 154/8420 182/8421
f 182/8422 154/8423 183/8424
f 154/8425 151/8426 183/8427
f 183/8428 151/8429 184/8430
f 151/8431 148/8432 184/8433
f 184/8434 148/8435 185/8436
f 148/8437 146/8438 185/8439
f 185/8440 146/8441 76/8442
f 146/8443 57/8444 76/8445
f 186/8446 105/8447 85/8448
f 164/8449 147/8450 199/8451
f 188/8452 187/8453 199/8454
f 149/8455 150/8456 200/8457
f 190/8458 189/8459 200/8460
f 152/8461 153/8462 201/8463
f 192/8464 191/8465 201/8466
f 155/8467 157/8468 202/8469
f 194/8470 193/8471 202/8472
f 156/8473 160/8474 203/8475
f 196/8476 195/8477 203/8478
f 159/8479 163/8480 197/8481
f 198/8482 196/8483 197/8484
f 196/8485 203/8486 197/8487
f 197/8488 203/8489 159/8490
f 203/8491 160/8492 159/8493
f 195/8494 194/8495 203/8496
f 194/8497 202/8498 203/8499
f 203/8500 202/8501 156/8502
f 202/8503 157/8504 156/8505
f 193/8506 192/8507 202/8508
f 192/8509 201/8510 202/8511
f 202/8512 201/8513 155/8514
f 201/8515 153/8516 155/8517
f 191/8518 190/8519 201/8520
f 190/8521 200/8522 201/8523
f 201/8524 200/8525 152/8526
f 200/8527 150/8528 152/8529
f 189/8530 188/8531 200/8532
f 188/8533 199/8534 200/8535
f 200/8536 199/8537 149/8538
f 199/8539 147/8540 149/8541
f 187/8542 186/8543 199/8544
f 186/8545 85/8546 199/8547
f 199/8548 85/8549 164/8550
f 85/8551 58/8552 164/8553
f 173/8554 172/8555 215/8556
f 172/8557 214/8558 215/8559
f 214/8560 172/8561 212/8562
f 172/8563 169/8564 212/8565
f 212/8566 169/8567 213/8568
f 213/8569 169/8570 210/8571
f 169/8572 168/8573 210/8574
f 210/8575 168/8576 211/8577
f 211/8578 168/8579 208/8580
f 168/8581 167/8582 208/8583
f 208/8584 167/8585 209/8586
f 209/8587 167/8588 206/8589
f 167/8590 166/8591 206/8592
f 206/8593 166/8594 207/8595
f 207/8596 166/8597 205/8598
f 166/8599 165/8600 205/8601
f 205/8602 165/8603 204/8604
f 165/8605 91/8606 204/8607
f 204/8608 91/8609 78/8610
f 778/8611 858/8612 769/8613
f 858/8614 859/8615 769/8616
f 769/8617 859/8618 768/8619
f 859/8620 860/8621 768/8622
f 768/8623 860/8624 767/8625
f 860/8626 861/8627 767/8628
f 767/8629 861/8630 766/8631
f 861/8632 862/8633 766/8634
f 766/8635 862/8636 765/8637
f 862/8638 863/8639 765/8640
f 765/8641 863/8642 764/8643
f 863/8644 864/8645 764/8646
f 764/8647 864/8648 774/8649
f 864/8650 865/8651 774/8652
f 774/8653 865/8654 777/8655
f 865/8656 866/8657 777/8658
f 777/8659 866/8660 773/8661
f 866/8662 867/8663 773/8664
f 773/8665 867/8666 772/8667
f 867/8668 868/8669 772/8670
f 772/8671 868/8672 771/8673
f 868/8674 869/8675 771/8676
f 771/8677 869/8678 770/8679
f 869/8680 870/8681 770/8682
f 770/8683 870/8684 763/8685
f 870/8686 871/8687 763/8688
f 763/8689 871/8690 762/8691
f 871/8692 872/8693 762/8694
f 762/8695 872/8696 761/8697
f 872/8698 873/8699 761/8700
f 761/8701 873/8702 760/8703
f 873/8704 874/8705 760/8706
f 760/8707 874/8708 780/8709
f 874/8710 875/8711 780/8712
f 780/8713 875/8714 779/8715
f 875/8716 876/8717 779/8718
f 779/8719 876/8720 783/8721
f 876/8722 877/8723 783/8724
f 783/8725 877/8726 782/8727
f 877/8728 878/8729 782/8730
f 782/8731 878/8732 781/8733
f 878/8734 879/8735 781/8736
f 781/8737 879/8738 776/8739
f 879/8740 880/8741 776/8742
f 776/8743 880/8744 775/8745
f 880/8746 881/8747 775/8748
f 775/8749 881/8750 778/8751
f 881/8752 858/8753 778/8754
f 858/8755 882/8756 859/8757
f 882/8758 883/8759 859/8760
f 859/8761 883/8762 860/8763
f 883/8764 884/8765 860/8766
f 860/8767 884/8768 861/8769
f 884/8770 885/8771 861/8772
f 861/8773 885/8774 862/8775
f 885/8776 886/8777 862/8778
f 862/8779 886/8780 863/8781
f 886/8782 887/8783 863/8784
f 863/8785 887/8786 864/8787
f 887/8788 888/8789 864/8790
f 864/8791 888/8792 865/8793
f 888/8794 889/8795 865/8796
f 865/8797 889/8798 866/8799
f 889/8800 890/8801 866/8802
f 866/8803 890/8804 867/8805
f 890/8806 891/8807 867/8808
f 867/8809 891/8810 868/8811
f 891/8812 892/8813 868/8814
f 868/8815 892/8816 869/8817
f 892/8818 893/8819 869/8820
f 869/8821 893/8822 870/8823
f 893/8824 894/8825 870/8826
f 870/8827 894/8828 871/8829
f 894/8830 895/8831 871/8832
f 871/8833 895/8834 872/8835
f 895/8836 896/8837 872/8838
f 872/8839 896/8840 873/8841
f 896/8842 897/8843 873/8844
f 873/8845 897/8846 874/8847
f 897/8848 898/8849 874/8850
f 874/8851 898/8852 875/8853
f 898/8854 899/8855 875/8856
f 875/8857 899/8858 876/8859
f 899/8860 900/8861 876/8862
f 876/8863 900/8864 877/8865
f 900/8866 901/8867 877/8868
f 877/8869 901/8870 878/8871
f 901/8872 902/8873 878/8874
f 878/8875 902/8876 879/8877
f 902/8878 903/8879 879/8880
f 879/8881 903/8882 880/8883
f 903/8884 904/8885 880/8886
f 880/8887 904/8888 881/8889
f 904/8890 905/8891 881/8892
f 881/8893 905/8894 858/8895
f 905/8896 882/8897 858/8898
f 882/8899 906/8900 883/8901
f 906/8902 907/8903 883/8904
f 883/8905 907/8906 884/8907
f 907/8908 908/8909 884/8910
f 884/8911 908/8912 885/8913
f 908/8914 909/8915 885/8916
f 885/8917 909/8918 886/8919
f 909/8920 910/8921 886/8922
f 886/8923 910/8924 887/8925
f 910/8926 911/8927 887/8928
f 887/8929 911/8930 888/8931
f 911/8932 912/8933 888/8934
f 888/8935 912/8936 889/8937
f 912/8938 913/8939 889/8940
f 889/8941 913/8942 890/8943
f 913/8944 914/8945 890/8946
f 890/8947 914/8948 891/8949
f 914/8950 915/8951 891/8952
f 891/8953 915/8954 892/8955
f 915/8956 916/8957 892/8958
f 892/8959 916/8960 893/8961
f 916/8962 917/8963 893/8964
f 893/8965 917/8966 894/8967
f 917/8968 918/8969 894/8970
f 894/8971 918/8972 895/8973
f 918/8974 919/8975 895/8976
f 895/8977 919/8978 896/8979
f 919/8980 920/8981 896/8982
f 896/8983 920/8984 897/8985
f 920/8986 921/8987 897/8988
f 897/8989 921/8990 898/8991
f 921/8992 922/8993 898/8994
f 898/8995 922/8996 899/8997
f 922/8998 923/8999 899/9000
f 899/9001 923/9002 900/9003
f 923/9004 924/9005 900/9006
f 900/9007 924/9008 901/9009
f 924/9010 925/9011 901/9012
f 901/9013 925/9014 902/9015
f 925/9016 926/9017 902/9018
f 902/9019 926/9020 903/9021
f 926/9022 927/9023 903/9024
f 903/9025 927/9026 904/9027
f 927/9028 928/9029 904/9030
f 904/9031 928/9032 905/9033
f 928/9034 929/9035 905/9036
f 905/9037 929/9038 882/9039
f 929/9040 906/9041 882/9042
f 906/9043 930/9044 907/9045
f 930/9046 931/9047 907/9048
f 907/9049 931/9050 908/9051
f 931/9052 932/9053 908/9054
f 908/9055 932/9056 909/9057
f 932/9058 933/9059 909/9060
f 909/9061 933/9062 910/9063
f 933/9064 934/9065 910/9066
f 910/9067 934/9068 911/9069
f 934/9070 935/9071 911/9072
f 911/9073 935/9074 912/9075
f 935/9076 936/9077 912/9078
f 912/9079 936/9080 913/9081
f 936/9082 937/9083 913/9084
f 913/9085 937/9086 914/9087
f 937/9088 938/9089 914/9090
f 914/9091 938/9092 915/9093
f 938/9094 939/9095 915/9096
f 915/9097 939/9098 916/9099
f 939/9100 940/9101 916/9102
f 916/9103 940/9104 917/9105
f 940/9106 941/9107 917/9108
f 917/9109 941/9110 918/9111
f 941/9112 942/9113 918/9114
f 918/9115 942/9116 919/9117
f 942/9118 943/9119 919/9120
f 919/9121 943/9122 920/9123
f 943/9124 944/9125 920/9126
f 920/9127 944/9128 921/9129
f 944/9130 945/9131 921/9132
f 921/9133 945/9134 922/9135
f 945/9136 946/9137 922/9138
f 922/9139 946/9140 923/9141
f 946/9142 947/9143 923/9144
f 923/9145 947/9146 924/9147
f 947/9148 948/9149 924/9150
f 924/9151 948/9152 925/9153
f 948/9154 949/9155 925/9156
f 925/9157 949/9158 926/9159
f 949/9160 950/9161 926/9162
f 926/9163 950/9164 927/9165
f 950/9166 951/9167 927/9168
f 927/9169 951/9170 928/9171
f 951/9172 952/9173 928/9174
f 928/9175 952/9176 929/9177
f 952/9178 953/9179 929/9180
f 929/9181 953/9182 906/9183
f 953/9184 930/9185 906/9186
f 930/9187 954/9188 931/9189
f 954/9190 955/9191 931/9192
f 931/9193 955/9194 932/9195
f 955/9196 956/9197 932/9198
f 932/9199 956/9200 933/9201
f 956/9202 957/9203 933/9204
f 933/9205 957/9206 934/9207
f 957/9208 958/9209 934/9210
f 934/9211 958/9212 935/9213
f 958/9214 959/9215 935/9216
f 935/9217 959/9218 936/9219
f 959/9220 960/9221 936/9222
f 936/9223 960/9224 937/9225
f 960/9226 961/9227 937/9228
f 937/9229 961/9230 938/9231
f 961/9232 962/9233 938/9234
f 938/9235 962/9236 939/9237
f 962/9238 963/9239 939/9240
f 939/9241 963/9242 940/9243
f 963/9244 964/9245 940/9246
f 940/9247 964/9248 941/9249
f 964/9250 965/9251 941/9252
f 941/9253 965/9254 942/9255
f 965/9256 966/9257 942/9258
f 942/9259 966/9260 943/9261
f 966/9262 967/9263 943/9264
f 943/9265 967/9266 944/9267
f 967/9268 968/9269 944/9270
f 944/9271 968/9272 945/9273
f 968/9274 969/9275 945/9276
f 945/9277 969/9278 946/9279
f 969/9280 970/9281 946/9282
f 946/9283 970/9284 947/9285
f 970/9286 971/9287 947/9288
f 947/9289 971/9290 948/9291
f 971/9292 972/9293 948/9294
f 948/9295 972/9296 949/9297
f 972/9298 973/9299 949/9300
f 949/9301 973/9302 950/9303
f 973/9304 974/9305 950/9306
f 950/9307 974/9308 951/9309
f 974/9310 975/9311 951/9312
f 951/9313 975/9314 952/9315
f 975/9316 976/9317 952/9318
f 952/9319 976/9320 953/9321
f 976/9322 977/9323 953/9324
f 953/9325 977/9326 930/9327
f 977/9328 954/9329 930/9330
f 954/9331 835/9332 955/9333
f 835/9334 836/9335 955/9336
f 955/9337 836/9338 956/9339
f 836/9340 837/9341 956/9342
f 956/9343 837/9344 957/9345
f 837/9346 838/9347 957/9348
f 957/9349 838/9350 958/9351
f 838/9352 839/9353 958/9354
f 958/9355 839/9356 959/9357
f 839/9358 840/9359 959/9360
f 959/9361 840/9362 960/9363
f 840/9364 841/9365 960/9366
f 960/9367 841/9368 961/9369
f 841/9370 842/9371 961/9372
f 961/9373 842/9374 962/9375
f 842/9376 843/9377 962/9378
f 962/9379 843/9380 963/9381
f 843/9382 844/9383 963/9384
f 963/9385 844/9386 964/9387
f 844/9388 845/9389 964/9390
f 964/9391 845/9392 965/9393
f 845/9394 846/9395 965/9396
f 965/9397 846/9398 966/9399
f 846/9400 847/9401 966/9402
f 966/9403 847/9404 967/9405
f 847/9406 848/9407 967/9408
f 967/9409 848/9410 968/9411
f 848/9412 849/9413 968/9414
f 968/9415 849/9416 969/9417
f 849/9418 850/9419 969/9420
f 969/9421 850/9422 970/9423
f 850/9424 851/9425 970/9426
f 970/9427 851/9428 971/9429
f 851/9430 852/9431 971/9432
f 971/9433 852/9434 972/9435
f 852/9436 853/9437 972/9438
f 972/9439 853/9440 973/9441
f 853/9442 854/9443 973/9444
f 973/9445 854/9446 974/9447
f 854/9448 855/9449 974/9450
f 974/9451 855/9452 975/9453
f 855/9454 856/9455 975/9456
f 975/9457 856/9458 976/9459
f 856/9460 857/9461 976/9462
f 976/9463 857/9464 977/9465
f 857/9466 834/9467 977/9468
f 977/9469 834/9470 954/9471
f 834/9472 835/9473 954/9474
f 2345/9475 2325/9476 2346/9477
f 2322/9478 2323/9479 2346/9480
f 2323/9481 2324/9482 2346/9483
f 2346/9484 2324/9485 2345/9486
f 2343/9487 2344/9488 2346/9489
f 2344/9490 2321/9491 2346/9492
f 2346/9493 2321/9494 2322/9495
f 2340/9496 2341/9497 2346/9498
f 2341/9499 2342/9500 2346/9501
f 2346/9502 2342/9503 2343/9504
f 2337/9505 2338/9506 2346/9507
f 2338/9508 2339/9509 2346/9510
f 2346/9511 2339/9512 2340/9513
f 2334/9514 2335/9515 2346/9516
f 2335/9517 2336/9518 2346/9519
f 2346/9520 2336/9521 2337/9522
f 2331/9523 2332/9524 2346/9525
f 2332/9526 2333/9527 2346/9528
f 2346/9529 2333/9530 2334/9531
f 2328/9532 2329/9533 2346/9534
f 2329/9535 2330/9536 2346/9537
f 2346/9538 2330/9539 2331/9540
f 2325/9541 2326/9542 2346/9543
f 2326/9544 2327/9545 2346/9546
f 2346/9547 2327/9548 2328/9549
f 2359/9550 2358/9551 2372/9552
f 2362/9553 2361/9554 2372/9555
f 2361/9556 2360/9557 2372/9558
f 2372/9559 2360/9560 2359/9561
f 2365/9562 2364/9563 2372/9564
f 2364/9565 2363/9566 2372/9567
f 2372/9568 2363/9569 2362/9570
f 2368/9571 2367/9572 2372/9573
f 2367/9574 2366/9575 2372/9576
f 2372/9577 2366/9578 2365/9579
f 2371/9580 2370/9581 2372/9582
f 2370/9583 2369/9584 2372/9585
f 2372/9586 2369/9587 2368/9588
f 2349/9589 2348/9590 2372/9591
f 2348/9592 2347/9593 2372/9594
f 2372/9595 2347/9596 2371/9597
f 2352/9598 2351/9599 2372/9600
f 2351/9601 2350/9602 2372/9603
f 2372/9604 2350/9605 2349/9606
f 2355/9607 2354/9608 2372/9609
f 2354/9610 2353/9611 2372/9612
f 2372/9613 2353/9614 2352/9615
f 2358/9616 2357/9617 2372/9618
f 2357/9619 2356/9620 2372/9621
f 2372/9622 2356/9623 2355/9624
f 1702/9625 1752/9626 1695/9627
f 1752/9628 1753/9629 1695/9630
f 1695/9631 1753/9632 1694/9633
f 1753/9634 1754/9635 1694/9636
f 1694/9637 1754/9638 1693/9639
f 1754/9640 1755/9641 1693/9642
f 1693/9643 1755/9644 1692/9645
f 1755/9646 1756/9647 1692/9648
f 1692/9649 1756/9650 1701/9651
f 1756/9652 1757/9653 1701/9654
f 1701/9655 1757/9656 1700/9657
f 1757/9658 1758/9659 1700/9660
f 1700/9661 1758/9662 1699/9663
f 1758/9664 1759/9665 1699/9666
f 1699/9667 1759/9668 1698/9669
f 1759/9670 1760/9671 1698/9672
f 1698/9673 1760/9674 1697/9675
f 1760/9676 1761/9677 1697/9678
f 1697/9679 1761/9680 1696/9681
f 1761/9682 1762/9683 1696/9684
f 1696/9685 1762/9686 1691/9687
f 1762/9688 1763/9689 1691/9690
f 1691/9691 1763/9692 1690/9693
f 1763/9694 1764/9695 1690/9696
f 1690/9697 1764/9698 1689/9699
f 1764/9700 1765/9701 1689/9702
f 1689/9703 1765/9704 1688/9705
f 1765/9706 1766/9707 1688/9708
f 1688/9709 1766/9710 1686/9711
f 1766/9712 1767/9713 1686/9714
f 1686/9715 1767/9716 1685/9717
f 1767/9718 1768/9719 1685/9720
f 1685/9721 1768/9722 1684/9723
f 1768/9724 1769/9725 1684/9726
f 1684/9727 1769/9728 1680/9729
f 1769/9730 1770/9731 1680/9732
f 1680/9733 1770/9734 1679/9735
f 1770/9736 1771/9737 1679/9738
f 1679/9739 1771/9740 1681/9741
f 1771/9742 1772/9743 1681/9744
f 1681/9745 1772/9746 1683/9747
f 1772/9748 1773/9749 1683/9750
f 1683/9751 1773/9752 1682/9753
f 1773/9754 1774/9755 1682/9756
f 1682/9757 1774/9758 1687/9759
f 1774/9760 1775/9761 1687/9762
f 1687/9763 1775/9764 1702/9765
f 1775/9766 1752/9767 1702/9768
f 1752/9769 1776/9770 1753/9771
f 1776/9772 1777/9773 1753/9774
f 1753/9775 1777/9776 1754/9777
f 1777/9778 1778/9779 1754/9780
f 1754/9781 1778/9782 1755/9783
f 1778/9784 1779/9785 1755/9786
f 1755/9787 1779/9788 1756/9789
f 1779/9790 1780/9791 1756/9792
f 1756/9793 1780/9794 1757/9795
f 1780/9796 1781/9797 1757/9798
f 1757/9799 1781/9800 1758/9801
f 1781/9802 1782/9803 1758/9804
f 1758/9805 1782/9806 1759/9807
f 1782/9808 1783/9809 1759/9810
f 1759/9811 1783/9812 1760/9813
f 1783/9814 1784/9815 1760/9816
f 1760/9817 1784/9818 1761/9819
f 1784/9820 1785/9821 1761/9822
f 1761/9823 1785/9824 1762/9825
f 1785/9826 1786/9827 1762/9828
f 1762/9829 1786/9830 1763/9831
f 1786/9832 1787/9833 1763/9834
f 1763/9835 1787/9836 1764/9837
f 1787/9838 1788/9839 1764/9840
f 1764/9841 1788/9842 1765/9843
f 1788/9844 1789/9845 1765/9846
f 1765/9847 1789/9848 1766/9849
f 1789/9850 1790/9851 1766/9852
f 1766/9853 1790/9854 1767/9855
f 1790/9856 1791/9857 1767/9858
f 1767/9859 1791/9860 1768/9861
f 1791/9862 1792/9863 1768/9864
f 1768/9865 1792/9866 1769/9867
f 1792/9868 1793/9869 1769/9870
f 1769/9871 1793/9872 1770/9873
f 1793/9874 1794/9875 1770/9876
f 1770/9877 1794/9878 1771/9879
f 1794/9880 1795/9881 1771/9882
f 1771/9883 1795/9884 1772/9885
f 1795/9886 1796/9887 1772/9888
f 1772/9889 1796/9890 1773/9891
f 1796/9892 1797/9893 1773/9894
f 1773/9895 1797/9896 1774/9897
f 1797/9898 1798/9899 1774/9900
f 1774/9901 1798/9902 1775/9903
f 1798/9904 1799/9905 1775/9906
f 1775/9907 1799/9908 1752/9909
f 1799/9910 1776/9911 1752/9912
f 1776/9913 1800/9914 1777/9915
f 1800/9916 1801/9917 1777/9918
f 1777/9919 1801/9920 1778/9921
f 1801/9922 1802/9923 1778/9924
f 1778/9925 1802/9926 1779/9927
f 1802/9928 1803/9929 1779/9930
f 1779/9931 1803/9932 1780/9933
f 1803/9934 1804/9935 1780/9936
f 1780/9937 1804/9938 1781/9939
f 1804/9940 1805/9941 1781/9942
f 1781/9943 1805/9944 1782/9945
f 1805/9946 1806/9947 1782/9948
f 1782/9949 1806/9950 1783/9951
f 1806/9952 1807/9953 1783/9954
f 1783/9955 1807/9956 1784/9957
f 1807/9958 1808/9959 1784/9960
f 1784/9961 1808/9962 1785/9963
f 1808/9964 1809/9965 1785/9966
f 1785/9967 1809/9968 1786/9969
f 1809/9970 1810/9971 1786/9972
f 1786/9973 1810/9974 1787/9975
f 1810/9976 1811/9977 1787/9978
f 1787/9979 1811/9980 1788/9981
f 1811/9982 1812/9983 1788/9984
f 1788/9985 1812/9986 1789/9987
f 1812/9988 1813/9989 1789/9990
f 1789/9991 1813/9992 1790/9993
f 1813/9994 1814/9995 1790/9996
f 1790/9997 1814/9998 1791/9999
f 1814/10000 1815/10001 1791/10002
f 1791/10003 1815/10004 1792/10005
f 1815/10006 1816/10007 1792/10008
f 1792/10009 1816/10010 1793/10011
f 1816/10012 1817/10013 1793/10014
f 1793/10015 1817/10016 1794/10017
f 1817/10018 1818/10019 1794/10020
f 1794/10021 1818/10022 1795/10023
f 1818/10024 1819/10025 1795/10026
f 1795/10027 1819/10028 1796/10029
f 1819/10030 1820/10031 1796/10032
f 1796/10033 1820/10034 1797/10035
f 1820/10036 1821/10037 1797/10038
f 1797/10039 1821/10040 1798/10041
f 1821/10042 1822/10043 1798/10044
f 1798/10045 1822/10046 1799/10047
f 1822/10048 1823/10049 1799/10050
f 1799/10051 1823/10052 1776/10053
f 1823/10054 1800/10055 1776/10056
f 1800/10057 1824/10058 1801/10059
f 1824/10060 1825/10061 1801/10062
f 1801/10063 1825/10064 1802/10065
f 1825/10066 1826/10067 1802/10068
f 1802/10069 1826/10070 1803/10071
f 1826/10072 1827/10073 1803/10074
f 1803/10075 1827/10076 1804/10077
f 1827/10078 1828/10079 1804/10080
f 1804/10081 1828/10082 1805/10083
f 1828/10084 1829/10085 1805/10086
f 1805/10087 1829/10088 1806/10089
f 1829/10090 1830/10091 1806/10092
f 1806/10093 1830/10094 1807/10095
f 1830/10096 1831/10097 1807/10098
f 1807/10099 1831/10100 1808/10101
f 1831/10102 1832/10103 1808/10104
f 1808/10105 1832/10106 1809/10107
f 1832/10108 1833/10109 1809/10110
f 1809/10111 1833/10112 1810/10113
f 1833/10114 1834/10115 1810/10116
f 1810/10117 1834/10118 1811/10119
f 1834/10120 1835/10121 1811/10122
f 1811/10123 1835/10124 1812/10125
f 1835/10126 1836/10127 1812/10128
f 1812/10129 1836/10130 1813/10131
f 1836/10132 1837/10133 1813/10134
f 1813/10135 1837/10136 1814/10137
f 1837/10138 1838/10139 1814/10140
f 1814/10141 1838/10142 1815/10143
f 1838/10144 1839/10145 1815/10146
f 1815/10147 1839/10148 1816/10149
f 1839/10150 1840/10151 1816/10152
f 1816/10153 1840/10154 1817/10155
f 1840/10156 1841/10157 1817/10158
f 1817/10159 1841/10160 1818/10161
f 1841/10162 1842/10163 1818/10164
f 1818/10165 1842/10166 1819/10167
f 1842/10168 1843/10169 1819/10170
f 1819/10171 1843/10172 1820/10173
f 1843/10174 1844/10175 1820/10176
f 1820/10177 1844/10178 1821/10179
f 1844/10180 1845/10181 1821/10182
f 1821/10183 1845/10184 1822/10185
f 1845/10186 1846/10187 1822/10188
f 1822/10189 1846/10190 1823/10191
f 1846/10192 1847/10193 1823/10194
f 1823/10195 1847/10196 1800/10197
f 1847/10198 1824/10199 1800/10200
f 1824/10201 1848/10202 1825/10203
f 1848/10204 1849/10205 1825/10206
f 1825/10207 1849/10208 1826/10209
f 1849/10210 1850/10211 1826/10212
f 1826/10213 1850/10214 1827/10215
f 1850/10216 1851/10217 1827/10218
f 1827/10219 1851/10220 1828/10221
f 1851/10222 1852/10223 1828/10224
f 1828/10225 1852/10226 1829/10227
f 1852/10228 1853/10229 1829/10230
f 1829/10231 1853/10232 1830/10233
f 1853/10234 1854/10235 1830/10236
f 1830/10237 1854/10238 1831/10239
f 1854/10240 1855/10241 1831/10242
f 1831/10243 1855/10244 1832/10245
f 1855/10246 1856/10247 1832/10248
f 1832/10249 1856/10250 1833/10251
f 1856/10252 1857/10253 1833/10254
f 1833/10255 1857/10256 1834/10257
f 1857/10258 1858/10259 1834/10260
f 1834/10261 1858/10262 1835/10263
f 1858/10264 1859/10265 1835/10266
f 1835/10267 1859/10268 1836/10269
f 1859/10270 1860/10271 1836/10272
f 1836/10273 1860/10274 1837/10275
f 1860/10276 1861/10277 1837/10278
f 1837/10279 1861/10280 1838/10281
f 1861/10282 1862/10283 1838/10284
f 1838/10285 1862/10286 1839/10287
f 1862/10288 1863/10289 1839/10290
f 1839/10291 1863/10292 1840/10293
f 1863/10294 1864/10295 1840/10296
f 1840/10297 1864/10298 1841/10299
f 1864/10300 1865/10301 1841/10302
f 1841/10303 1865/10304 1842/10305
f 1865/10306 1866/10307 1842/10308
f 1842/10309 1866/10310 1843/10311
f 1866/10312 1867/10313 1843/10314
f 1843/10315 1867/10316 1844/10317
f 1867/10318 1868/10319 1844/10320
f 1844/10321 1868/10322 1845/10323
f 1868/10324 1869/10325 1845/10326
f 1845/10327 1869/10328 1846/10329
f 1869/10330 1870/10331 1846/10332
f 1846/10333 1870/10334 1847/10335
f 1870/10336 1871/10337 1847/10338
f 1847/10339 1871/10340 1824/10341
f 1871/10342 1848/10343 1824/10344
f 1848/10345 1729/10346 1849/10347
f 1729/10348 1730/10349 1849/10350
f 1849/10351 1730/10352 1850/10353
f 1730/10354 1731/10355 1850/10356
f 1850/10357 1731/10358 1851/10359
f 1731/10360 1732/10361 1851/10362
f 1851/10363 1732/10364 1852/10365
f 1732/10366 1733/10367 1852/10368
f 1852/10369 1733/10370 1853/10371
f 1733/10372 1734/10373 1853/10374
f 1853/10375 1734/10376 1854/10377
f 1734/10378 1735/10379 1854/10380
f 1854/10381 1735/10382 1855/10383
f 1735/10384 1736/10385 1855/10386
f 1855/10387 1736/10388 1856/10389
f 1736/10390 1737/10391 1856/10392
f 1856/10393 1737/10394 1857/10395
f 1737/10396 1738/10397 1857/10398
f 1857/10399 1738/10400 1858/10401
f 1738/10402 1739/10403 1858/10404
f 1858/10405 1739/10406 1859/10407
f 1739/10408 1740/10409 1859/10410
f 1859/10411 1740/10412 1860/10413
f 1740/10414 1741/10415 1860/10416
f 1860/10417 1741/10418 1861/10419
f 1741/10420 1742/10421 1861/10422
f 1861/10423 1742/10424 1862/10425
f 1742/10426 1743/10427 1862/10428
f 1862/10429 1743/10430 1863/10431
f 1743/10432 1744/10433 1863/10434
f 1863/10435 1744/10436 1864/10437
f 1744/10438 1745/10439 1864/10440
f 1864/10441 1745/10442 1865/10443
f 1745/10444 1746/10445 1865/10446
f 1865/10447 1746/10448 1866/10449
f 1746/10450 1747/10451 1866/10452
f 1866/10453 1747/10454 1867/10455
f 1747/10456 1748/10457 1867/10458
f 1867/10459 1748/10460 1868/10461
f 1748/10462 1749/10463 1868/10464
f 1868/10465 1749/10466 1869/10467
f 1749/10468 1750/10469 1869/10470
f 1869/10471 1750/10472 1870/10473
f 1750/10474 1751/10475 1870/10476
f 1870/10477 1751/10478 1871/10479
f 1751/10480 1728/10481 1871/10482
f 1871/10483 1728/10484 1848/10485
f 1728/10486 1729/10487 1848/10488
f 1723/10489 1724/10490 1727/10491
f 1724/10492 1725/10493 1727/10494
f 1727/10495 1725/10496 1726/10497
f 1720/10498 1721/10499 1727/10500
f 1721/10501 1722/10502 1727/10503
f 1727/10504 1722/10505 1723/10506
f 1717/10507 1718/10508 1727/10509
f 1718/10510 1719/10511 1727/10512
f 1727/10513 1719/10514 1720/10515
f 1714/10516 1715/10517 1727/10518
f 1715/10519 1716/10520 1727/10521
f 1727/10522 1716/10523 1717/10524
f 1711/10525 1712/10526 1727/10527
f 1712/10528 1713/10529 1727/10530
f 1727/10531 1713/10532 1714/10533
f 1708/10534 1709/10535 1727/10536
f 1709/10537 1710/10538 1727/10539
f 1727/10540 1710/10541 1711/10542
f 1705/10543 1706/10544 1727/10545
f 1706/10546 1707/10547 1727/10548
f 1727/10549 1707/10550 1708/10551
f 1726/10552 1703/10553 1727/10554
f 1703/10555 1704/10556 1727/10557
f 1727/10558 1704/10559 1705/10560
f 22/10561 23/10562 25/10563
f 23/10564 24/10565 25/10566
f 25/10567 24/10568 1/10569
f 19/10570 20/10571 25/10572
f 20/10573 21/10574 25/10575
f 25/10576 21/10577 22/10578
f 16/10579 17/10580 25/10581
f 17/10582 18/10583 25/10584
f 25/10585 18/10586 19/10587
f 13/10588 14/10589 25/10590
f 14/10591 15/10592 25/10593
f 25/10594 15/10595 16/10596
f 10/10597 11/10598 25/10599
f 11/10600 12/10601 25/10602
f 25/10603 12/10604 13/10605
f 7/10606 8/10607 25/10608
f 8/10609 9/10610 25/10611
f 25/10612 9/10613 10/10614
f 4/10615 5/10616 25/10617
f 5/10618 6/10619 25/10620
f 25/10621 6/10622 7/10623
f 1/10624 2/10625 25/10626
f 2/10627 3/10628 25/10629
f 25/10630 3/10631 4/10632
f 807/10633 833/10634 784/10635
f 833/10636 810/10637 784/10638
f 784/10639 810/10640 785/10641
f 810/10642 809/10643 785/10644
f 785/10645 809/10646 786/10647
f 809/10648 811/10649 786/10650
f 786/10651 811/10652 787/10653
f 811/10654 812/10655 787/10656
f 787/10657 812/10658 788/10659
f 812/10660 813/10661 788/10662
f 788/10663 813/10664 789/10665
f 813/10666 814/10667 789/10668
f 789/10669 814/10670 790/10671
f 814/10672 815/10673 790/10674
f 790/10675 815/10676 791/10677
f 815/10678 816/10679 791/10680
f 791/10681 816/10682 792/10683
f 816/10684 817/10685 792/10686
f 792/10687 817/10688 793/10689
f 817/10690 818/10691 793/10692
f 793/10693 818/10694 794/10695
f 818/10696 819/10697 794/10698
f 794/10699 819/10700 795/10701
f 819/10702 820/10703 795/10704
f 795/10705 820/10706 796/10707
f 820/10708 821/10709 796/10710
f 796/10711 821/10712 797/10713
f 821/10714 822/10715 797/10716
f 797/10717 822/10718 798/10719
f 822/10720 823/10721 798/10722
f 798/10723 823/10724 799/10725
f 823/10726 824/10727 799/10728
f 799/10729 824/10730 800/10731
f 824/10732 825/10733 800/10734
f 800/10735 825/10736 801/10737
f 825/10738 826/10739 801/10740
f 801/10741 826/10742 802/10743
f 826/10744 827/10745 802/10746
f 802/10747 827/10748 803/10749
f 827/10750 828/10751 803/10752
f 803/10753 828/10754 804/10755
f 828/10756 829/10757 804/10758
f 804/10759 829/10760 805/10761
f 829/10762 830/10763 805/10764
f 805/10765 830/10766 806/10767
f 830/10768 831/10769 806/10770
f 806/10771 831/10772 808/10773
f 831/10774 832/10775 808/10776
f 808/10777 832/10778 807/10779
f 832/10780 833/10781 807/10782
f 1543/10783 1557/10784 1542/10785
f 1557/10786 1560/10787 1542/10788
f 1542/10789 1560/10790 1541/10791
f 1560/10792 1563/10793 1541/10794
f 1541/10795 1563/10796 1540/10797
f 1563/10798 1564/10799 1540/10800
f 1540/10801 1564/10802 1539/10803
f 1564/10804 1565/10805 1539/10806
f 1539/10807 1565/10808 1538/10809
f 1565/10810 1568/10811 1538/10812
f 1538/10813 1568/10814 1537/10815
f 1568/10816 1569/10817 1537/10818
f 1537/10819 1569/10820 1536/10821
f 1569/10822 1574/10823 1536/10824
f 1536/10825 1574/10826 1535/10827
f 1574/10828 1575/10829 1535/10830
f 1535/10831 1575/10832 1534/10833
f 1575/10834 1570/10835 1534/10836
f 1534/10837 1570/10838 1533/10839
f 1570/10840 1571/10841 1533/10842
f 1533/10843 1571/10844 1531/10845
f 1571/10846 1576/10847 1531/10848
f 1531/10849 1576/10850 1532/10851
f 1576/10852 1577/10853 1532/10854
f 1532/10855 1577/10856 1555/10857
f 1577/10858 1579/10859 1555/10860
f 1555/10861 1579/10862 1554/10863
f 1579/10864 1580/10865 1554/10866
f 1554/10867 1580/10868 1553/10869
f 1580/10870 1578/10871 1553/10872
f 1553/10873 1578/10874 1552/10875
f 1578/10876 1572/10877 1552/10878
f 1552/10879 1572/10880 1551/10881
f 1572/10882 1566/10883 1551/10884
f 1551/10885 1566/10886 1550/10887
f 1566/10888 1567/10889 1550/10890
f 1550/10891 1567/10892 1549/10893
f 1567/10894 1573/10895 1549/10896
f 1549/10897 1573/10898 1548/10899
f 1573/10900 1561/10901 1548/10902
f 1548/10903 1561/10904 1547/10905
f 1561/10906 1558/10907 1547/10908
f 1547/10909 1558/10910 1546/10911
f 1558/10912 1559/10913 1546/10914
f 1546/10915 1559/10916 1545/10917
f 1559/10918 1562/10919 1545/10920
f 1545/10921 1562/10922 1544/10923
f 1562/10924 1556/10925 1544/10926
f 1544/10927 1556/10928 1543/10929
f 1556/10930 1557/10931 1543/10932
f 1528/10933 1529/10934 1527/10935
f 1529/10936 1530/10937 1527/10938
f 1381/10939 1382/10940 1380/10941
f 1382/10942 1383/10943 1380/10944
f 598/10945 595/10946 594/10947
f 597/10948 595/10949 596/10950
f 595/10951 598/10952 596/10953
f 596/10954 598/10955 592/10956
f 598/10957 599/10958 592/10959
f 594/10960 591/10961 598/10962
f 591/10963 590/10964 598/10965
f 598/10966 590/10967 599/10968
f 600/10969 588/10970 599/10971
f 588/10972 593/10973 599/10974
f 599/10975 593/10976 592/10977
f 590/10978 587/10979 599/10980
f 587/10981 586/10982 599/10983
f 599/10984 586/10985 600/10986
f 601/10987 584/10988 600/10989
f 584/10990 589/10991 600/10992
f 600/10993 589/10994 588/10995
f 586/10996 583/10997 600/10998
f 583/10999 582/11000 600/11001
f 600/11002 582/11003 601/11004
f 602/11005 580/11006 601/11007
f 580/11008 585/11009 601/11010
f 601/11011 585/11012 584/11013
f 582/11014 579/11015 601/11016
f 579/11017 578/11018 601/11019
f 601/11020 578/11021 602/11022
f 603/11023 576/11024 602/11025
f 576/11026 581/11027 602/11028
f 602/11029 581/11030 580/11031
f 571/11032 570/11033 603/11034
f 570/11035 577/11036 603/11037
f 603/11038 577/11039 576/11040
f 578/11041 575/11042 602/11043
f 575/11044 574/11045 602/11046
f 602/11047 574/11048 603/11049
f 574/11050 573/11051 603/11052
f 603/11053 573/11054 571/11055
f 573/11056 568/11057 571/11058
f 570/11059 572/11060 577/11061
f 572/11062 669/11063 577/11064
f 577/11065 669/11066 576/11067
f 669/11068 667/11069 576/11070
f 576/11071 667/11072 581/11073
f 667/11074 668/11075 581/11076
f 581/11077 668/11078 580/11079
f 668/11080 665/11081 580/11082
f 580/11083 665/11084 585/11085
f 665/11086 666/11087 585/11088
f 585/11089 666/11090 584/11091
f 666/11092 664/11093 584/11094
f 584/11095 664/11096 589/11097
f 664/11098 663/11099 589/11100
f 589/11101 663/11102 588/11103
f 663/11104 661/11105 588/11106
f 588/11107 661/11108 593/11109
f 661/11110 662/11111 593/11112
f 593/11113 662/11114 592/11115
f 662/11116 658/11117 592/11118
f 592/11119 658/11120 596/11121
f 658/11122 659/11123 596/11124
f 596/11125 659/11126 597/11127
f 659/11128 660/11129 597/11130
f 568/11131 573/11132 569/11133
f 573/11134 609/11135 569/11136
f 573/11137 574/11138 609/11139
f 574/11140 575/11141 609/11142
f 609/11143 575/11144 608/11145
f 575/11146 578/11147 608/11148
f 578/11149 579/11150 608/11151
f 608/11152 579/11153 607/11154
f 579/11155 582/11156 607/11157
f 582/11158 583/11159 607/11160
f 607/11161 583/11162 606/11163
f 583/11164 586/11165 606/11166
f 586/11167 587/11168 606/11169
f 606/11170 587/11171 605/11172
f 594/11173 604/11174 591/11175
f 604/11176 605/11177 591/11178
f 591/11179 605/11180 590/11181
f 605/11182 587/11183 590/11184
f 669/11185 572/11186 698/11187
f 669/11188 698/11189 700/11190
f 698/11191 697/11192 700/11193
f 700/11194 697/11195 701/11196
f 697/11197 696/11198 701/11199
f 696/11200 695/11201 701/11202
f 701/11203 695/11204 702/11205
f 695/11206 694/11207 702/11208
f 694/11209 693/11210 702/11211
f 702/11212 693/11213 703/11214
f 693/11215 691/11216 703/11217
f 703/11218 691/11219 704/11220
f 691/11221 692/11222 704/11223
f 699/11224 705/11225 689/11226
f 705/11227 704/11228 689/11229
f 689/11230 704/11231 690/11232
f 704/11233 692/11234 690/11235
f 665/11236 668/11237 706/11238
f 668/11239 667/11240 706/11241
f 699/11242 688/11243 705/11244
f 688/11245 687/11246 705/11247
f 705/11248 687/11249 686/11250
f 686/11251 707/11252 705/11253
f 707/11254 708/11255 705/11256
f 705/11257 708/11258 704/11259
f 708/11260 709/11261 704/11262
f 704/11263 709/11264 703/11265
f 709/11266 710/11267 703/11268
f 703/11269 710/11270 702/11271
f 710/11272 711/11273 702/11274
f 702/11275 711/11276 701/11277
f 711/11278 706/11279 701/11280
f 701/11281 706/11282 700/11283
f 706/11284 667/11285 700/11286
f 700/11287 667/11288 669/11289
f 712/11290 666/11291 665/11292
f 665/11293 706/11294 712/11295
f 706/11296 711/11297 712/11298
f 712/11299 711/11300 713/11301
f 711/11302 710/11303 713/11304
f 713/11305 710/11306 714/11307
f 710/11308 709/11309 714/11310
f 714/11311 709/11312 715/11313
f 709/11314 708/11315 715/11316
f 715/11317 708/11318 716/11319
f 708/11320 707/11321 716/11322
f 716/11323 707/11324 717/11325
f 661/11326 663/11327 718/11328
f 663/11329 664/11330 718/11331
f 686/11332 685/11333 707/11334
f 685/11335 684/11336 707/11337
f 707/11338 684/11339 717/11340
f 684/11341 683/11342 717/11343
f 717/11344 683/11345 682/11346
f 682/11347 719/11348 717/11349
f 719/11350 720/11351 717/11352
f 717/11353 720/11354 716/11355
f 720/11356 721/11357 716/11358
f 716/11359 721/11360 715/11361
f 721/11362 722/11363 715/11364
f 715/11365 722/11366 714/11367
f 722/11368 723/11369 714/11370
f 714/11371 723/11372 713/11373
f 723/11374 718/11375 713/11376
f 713/11377 718/11378 712/11379
f 718/11380 664/11381 712/11382
f 712/11383 664/11384 666/11385
f 658/11386 662/11387 724/11388
f 662/11389 661/11390 724/11391
f 661/11392 718/11393 724/11394
f 718/11395 723/11396 724/11397
f 724/11398 723/11399 725/11400
f 723/11401 722/11402 725/11403
f 725/11404 722/11405 726/11406
f 722/11407 721/11408 726/11409
f 726/11410 721/11411 727/11412
f 721/11413 720/11414 727/11415
f 727/11416 720/11417 728/11418
f 720/11419 719/11420 728/11421
f 728/11422 719/11423 729/11424
f 660/11425 659/11426 730/11427
f 659/11428 658/11429 730/11430
f 682/11431 681/11432 719/11433
f 681/11434 680/11435 719/11436
f 719/11437 680/11438 729/11439
f 680/11440 679/11441 729/11442
f 729/11443 679/11444 678/11445
f 658/11446 724/11447 730/11448
f 724/11449 725/11450 730/11451
f 730/11452 725/11453 731/11454
f 725/11455 726/11456 731/11457
f 731/11458 726/11459 732/11460
f 726/11461 727/11462 732/11463
f 732/11464 727/11465 733/11466
f 727/11467 728/11468 733/11469
f 733/11470 728/11471 734/11472
f 728/11473 729/11474 734/11475
f 734/11476 729/11477 735/11478
f 729/11479 678/11480 735/11481
f 735/11482 678/11483 670/11484
f 660/11485 730/11486 677/11487
f 730/11488 731/11489 677/11490
f 677/11491 731/11492 676/11493
f 731/11494 732/11495 676/11496
f 676/11497 732/11498 675/11499
f 732/11500 733/11501 675/11502
f 675/11503 733/11504 674/11505
f 733/11506 734/11507 674/11508
f 674/11509 734/11510 673/11511
f 734/11512 735/11513 673/11514
f 673/11515 735/11516 672/11517
f 735/11518 670/11519 672/11520
f 672/11521 670/11522 671/11523
f 620/11524 569/11525 609/11526
f 622/11527 621/11528 633/11529
f 624/11530 623/11531 634/11532
f 627/11533 625/11534 635/11535
f 628/11536 629/11537 636/11538
f 627/11539 635/11540 626/11541
f 632/11542 630/11543 631/11544
f 630/11545 637/11546 631/11547
f 631/11548 637/11549 619/11550
f 637/11551 638/11552 619/11553
f 619/11554 638/11555 618/11556
f 638/11557 639/11558 618/11559
f 618/11560 639/11561 617/11562
f 639/11563 640/11564 617/11565
f 617/11566 640/11567 616/11568
f 640/11569 641/11570 616/11571
f 616/11572 641/11573 615/11574
f 641/11575 614/11576 615/11577
f 630/11578 628/11579 637/11580
f 628/11581 636/11582 637/11583
f 637/11584 636/11585 638/11586
f 636/11587 642/11588 638/11589
f 638/11590 642/11591 639/11592
f 642/11593 643/11594 639/11595
f 639/11596 643/11597 640/11598
f 643/11599 644/11600 640/11601
f 640/11602 644/11603 641/11604
f 644/11605 645/11606 641/11607
f 641/11608 645/11609 614/11610
f 645/11611 613/11612 614/11613
f 629/11614 626/11615 636/11616
f 626/11617 635/11618 636/11619
f 636/11620 635/11621 642/11622
f 635/11623 646/11624 642/11625
f 642/11626 646/11627 643/11628
f 646/11629 647/11630 643/11631
f 643/11632 647/11633 644/11634
f 647/11635 648/11636 644/11637
f 644/11638 648/11639 645/11640
f 648/11641 649/11642 645/11643
f 645/11644 649/11645 613/11646
f 649/11647 612/11648 613/11649
f 625/11650 624/11651 635/11652
f 624/11653 634/11654 635/11655
f 635/11656 634/11657 646/11658
f 634/11659 650/11660 646/11661
f 646/11662 650/11663 647/11664
f 650/11665 651/11666 647/11667
f 647/11668 651/11669 648/11670
f 651/11671 652/11672 648/11673
f 648/11674 652/11675 649/11676
f 652/11677 653/11678 649/11679
f 649/11680 653/11681 612/11682
f 653/11683 611/11684 612/11685
f 623/11686 622/11687 634/11688
f 622/11689 633/11690 634/11691
f 634/11692 633/11693 650/11694
f 633/11695 654/11696 650/11697
f 650/11698 654/11699 651/11700
f 654/11701 655/11702 651/11703
f 651/11704 655/11705 652/11706
f 655/11707 656/11708 652/11709
f 652/11710 656/11711 653/11712
f 656/11713 657/11714 653/11715
f 653/11716 657/11717 611/11718
f 657/11719 610/11720 611/11721
f 621/11722 620/11723 633/11724
f 620/11725 609/11726 633/11727
f 633/11728 609/11729 654/11730
f 609/11731 608/11732 654/11733
f 654/11734 608/11735 655/11736
f 608/11737 607/11738 655/11739
f 655/11740 607/11741 656/11742
f 607/11743 606/11744 656/11745
f 656/11746 606/11747 657/11748
f 606/11749 605/11750 657/11751
f 657/11752 605/11753 610/11754
f 605/11755 604/11756 610/11757
f 688/11758 1343/11759 687/11760
f 1343/11761 1342/11762 687/11763
f 687/11764 1342/11765 686/11766
f 686/11767 1342/11768 685/11769
f 1342/11770 1336/11771 685/11772
f 685/11773 1336/11774 684/11775
f 684/11776 1336/11777 683/11778
f 1336/11779 1335/11780 683/11781
f 683/11782 1335/11783 682/11784
f 682/11785 1335/11786 681/11787
f 1335/11788 1334/11789 681/11790
f 681/11791 1334/11792 680/11793
f 680/11794 1334/11795 679/11796
f 1334/11797 1333/11798 679/11799
f 679/11800 1333/11801 678/11802
f 678/11803 1333/11804 670/11805
f 1333/11806 1332/11807 670/11808
f 670/11809 1332/11810 671/11811
f 1511/11812 632/11813 631/11814
f 1511/11815 631/11816 1510/11817
f 631/11818 619/11819 1510/11820
f 1510/11821 619/11822 1509/11823
f 619/11824 618/11825 1509/11826
f 1509/11827 618/11828 1508/11829
f 618/11830 617/11831 1508/11832
f 1508/11833 617/11834 1507/11835
f 617/11836 616/11837 1507/11838
f 1507/11839 616/11840 1504/11841
f 616/11842 615/11843 1504/11844
f 1504/11845 615/11846 1505/11847
f 1343/11848 1341/11849 1342/11850
f 1341/11851 1344/11852 1342/11853
f 1342/11854 1344/11855 1336/11856
f 1344/11857 1345/11858 1336/11859
f 1336/11860 1345/11861 1335/11862
f 1345/11863 1346/11864 1335/11865
f 1335/11866 1346/11867 1334/11868
f 1346/11869 1347/11870 1334/11871
f 1334/11872 1347/11873 1333/11874
f 1347/11875 1348/11876 1333/11877
f 1333/11878 1348/11879 1332/11880
f 1348/11881 1331/11882 1332/11883
f 1341/11884 1340/11885 1344/11886
f 1340/11887 1349/11888 1344/11889
f 1344/11890 1349/11891 1345/11892
f 1349/11893 1350/11894 1345/11895
f 1345/11896 1350/11897 1346/11898
f 1350/11899 1351/11900 1346/11901
f 1346/11902 1351/11903 1347/11904
f 1351/11905 1352/11906 1347/11907
f 1347/11908 1352/11909 1348/11910
f 1352/11911 1353/11912 1348/11913
f 1348/11914 1353/11915 1331/11916
f 1353/11917 1330/11918 1331/11919
f 1340/11920 1339/11921 1349/11922
f 1339/11923 1354/11924 1349/11925
f 1349/11926 1354/11927 1350/11928
f 1354/11929 1355/11930 1350/11931
f 1350/11932 1355/11933 1351/11934
f 1355/11935 1356/11936 1351/11937
f 1351/11938 1356/11939 1352/11940
f 1356/11941 1357/11942 1352/11943
f 1352/11944 1357/11945 1353/11946
f 1357/11947 1358/11948 1353/11949
f 1353/11950 1358/11951 1330/11952
f 1358/11953 1329/11954 1330/11955
f 1339/11956 1338/11957 1354/11958
f 1338/11959 1359/11960 1354/11961
f 1354/11962 1359/11963 1355/11964
f 1359/11965 1360/11966 1355/11967
f 1355/11968 1360/11969 1356/11970
f 1360/11971 1361/11972 1356/11973
f 1356/11974 1361/11975 1357/11976
f 1361/11977 1362/11978 1357/11979
f 1357/11980 1362/11981 1358/11982
f 1362/11983 1363/11984 1358/11985
f 1358/11986 1363/11987 1329/11988
f 1363/11989 1328/11990 1329/11991
f 1338/11992 1337/11993 1359/11994
f 1337/11995 1364/11996 1359/11997
f 1359/11998 1364/11999 1360/12000
f 1364/12001 1365/12002 1360/12003
f 1360/12004 1365/12005 1361/12006
f 1365/12007 1366/12008 1361/12009
f 1361/12010 1366/12011 1362/12012
f 1366/12013 1367/12014 1362/12015
f 1362/12016 1367/12017 1363/12018
f 1367/12019 1368/12020 1363/12021
f 1363/12022 1368/12023 1328/12024
f 1368/12025 1327/12026 1328/12027
f 1337/12028 1319/12029 1364/12030
f 1319/12031 1326/12032 1364/12033
f 1364/12034 1326/12035 1365/12036
f 1326/12037 1325/12038 1365/12039
f 1365/12040 1325/12041 1366/12042
f 1325/12043 1324/12044 1366/12045
f 1366/12046 1324/12047 1367/12048
f 1324/12049 1323/12050 1367/12051
f 1367/12052 1323/12053 1368/12054
f 1323/12055 1322/12056 1368/12057
f 1368/12058 1322/12059 1327/12060
f 1322/12061 1321/12062 1327/12063
f 1503/12064 1512/12065 1502/12066
f 1512/12067 1513/12068 1502/12069
f 1502/12070 1513/12071 1501/12072
f 1513/12073 1514/12074 1501/12075
f 1501/12076 1514/12077 1500/12078
f 1514/12079 1515/12080 1500/12081
f 1500/12082 1515/12083 1499/12084
f 1515/12085 1516/12086 1499/12087
f 1499/12088 1516/12089 1497/12090
f 1516/12091 1517/12092 1497/12093
f 1497/12094 1517/12095 1498/12096
f 1517/12097 1506/12098 1498/12099
f 1512/12100 1511/12101 1513/12102
f 1511/12103 1510/12104 1513/12105
f 1513/12106 1510/12107 1514/12108
f 1510/12109 1509/12110 1514/12111
f 1514/12112 1509/12113 1515/12114
f 1509/12115 1508/12116 1515/12117
f 1515/12118 1508/12119 1516/12120
f 1508/12121 1507/12122 1516/12123
f 1516/12124 1507/12125 1517/12126
f 1507/12127 1504/12128 1517/12129
f 1517/12130 1504/12131 1506/12132
f 1504/12133 1505/12134 1506/12135
f 1319/12136 1305/12137 1313/12138
f 1319/12139 1313/12140 1326/12141
f 1313/12142 1312/12143 1326/12144
f 1326/12145 1312/12146 1325/12147
f 1312/12148 1311/12149 1325/12150
f 1325/12151 1311/12152 1324/12153
f 1311/12154 1310/12155 1324/12156
f 1324/12157 1310/12158 1323/12159
f 1310/12160 1309/12161 1323/12162
f 1323/12163 1309/12164 1322/12165
f 1309/12166 1308/12167 1322/12168
f 1322/12169 1308/12170 1321/12171
f 1396/12172 1503/12173 1454/12174
f 1503/12175 1502/12176 1454/12177
f 1454/12178 1502/12179 1453/12180
f 1453/12181 1502/12182 1452/12183
f 1502/12184 1501/12185 1452/12186
f 1452/12187 1501/12188 1451/12189
f 1451/12190 1501/12191 1450/12192
f 1501/12193 1500/12194 1450/12195
f 1450/12196 1500/12197 1449/12198
f 1449/12199 1500/12200 1448/12201
f 1500/12202 1499/12203 1448/12204
f 1448/12205 1499/12206 1447/12207
f 1447/12208 1499/12209 1446/12210
f 1499/12211 1497/12212 1446/12213
f 1446/12214 1497/12215 1445/12216
f 1445/12217 1497/12218 1436/12219
f 1497/12220 1498/12221 1436/12222
f 1436/12223 1498/12224 1437/12225
f 1303/12226 1289/12227 1314/12228
f 1289/12229 1302/12230 1314/12231
f 1302/12232 1301/12233 1314/12234
f 1301/12235 1300/12236 1314/12237
f 1314/12238 1300/12239 1315/12240
f 1300/12241 1298/12242 1315/12243
f 1298/12244 1299/12245 1315/12246
f 1315/12247 1299/12248 1316/12249
f 1299/12250 1296/12251 1316/12252
f 1296/12253 1297/12254 1316/12255
f 1316/12256 1297/12257 1317/12258
f 1297/12259 1294/12260 1317/12261
f 1294/12262 1295/12263 1317/12264
f 1317/12265 1295/12266 1318/12267
f 1305/12268 1303/12269 1313/12270
f 1303/12271 1314/12272 1313/12273
f 1313/12274 1314/12275 1312/12276
f 1314/12277 1315/12278 1312/12279
f 1312/12280 1315/12281 1311/12282
f 1315/12283 1316/12284 1311/12285
f 1311/12286 1316/12287 1310/12288
f 1316/12289 1317/12290 1310/12291
f 1310/12292 1317/12293 1309/12294
f 1317/12295 1318/12296 1309/12297
f 1309/12298 1318/12299 1308/12300
f 1318/12301 1307/12302 1308/12303
f 1291/12304 1307/12305 1292/12306
f 1307/12307 1318/12308 1292/12309
f 1292/12310 1318/12311 1293/12312
f 1318/12313 1295/12314 1293/12315
f 1388/12316 1390/12317 1455/12318
f 1390/12319 1389/12320 1456/12321
f 1389/12322 1391/12323 1457/12324
f 1392/12325 1393/12326 1458/12327
f 1394/12328 1386/12329 1409/12330
f 1394/12331 1409/12332 1459/12333
f 1409/12334 1407/12335 1459/12336
f 1459/12337 1407/12338 1460/12339
f 1407/12340 1405/12341 1460/12342
f 1460/12343 1405/12344 1461/12345
f 1405/12346 1403/12347 1461/12348
f 1461/12349 1403/12350 1462/12351
f 1403/12352 1401/12353 1462/12354
f 1462/12355 1401/12356 1463/12357
f 1401/12358 1399/12359 1463/12360
f 1463/12361 1399/12362 1464/12363
f 1399/12364 1397/12365 1464/12366
f 1464/12367 1397/12368 1465/12369
f 1397/12370 1396/12371 1465/12372
f 1396/12373 1454/12374 1465/12375
f 1465/12376 1454/12377 1453/12378
f 1453/12379 1466/12380 1465/12381
f 1466/12382 1467/12383 1465/12384
f 1465/12385 1467/12386 1464/12387
f 1467/12388 1468/12389 1464/12390
f 1464/12391 1468/12392 1463/12393
f 1468/12394 1469/12395 1463/12396
f 1463/12397 1469/12398 1462/12399
f 1469/12400 1470/12401 1462/12402
f 1462/12403 1470/12404 1461/12405
f 1470/12406 1471/12407 1461/12408
f 1461/12409 1471/12410 1460/12411
f 1471/12412 1458/12413 1460/12414
f 1460/12415 1458/12416 1459/12417
f 1458/12418 1393/12419 1459/12420
f 1459/12421 1393/12422 1394/12423
f 1392/12424 1458/12425 1472/12426
f 1458/12427 1471/12428 1472/12429
f 1472/12430 1471/12431 1473/12432
f 1471/12433 1470/12434 1473/12435
f 1473/12436 1470/12437 1474/12438
f 1470/12439 1469/12440 1474/12441
f 1474/12442 1469/12443 1475/12444
f 1469/12445 1468/12446 1475/12447
f 1475/12448 1468/12449 1476/12450
f 1468/12451 1467/12452 1476/12453
f 1476/12454 1467/12455 1477/12456
f 1467/12457 1466/12458 1477/12459
f 1477/12460 1466/12461 1478/12462
f 1453/12463 1452/12464 1466/12465
f 1452/12466 1451/12467 1466/12468
f 1466/12469 1451/12470 1478/12471
f 1451/12472 1450/12473 1478/12474
f 1478/12475 1450/12476 1449/12477
f 1449/12478 1479/12479 1478/12480
f 1479/12481 1480/12482 1478/12483
f 1478/12484 1480/12485 1477/12486
f 1480/12487 1481/12488 1477/12489
f 1477/12490 1481/12491 1476/12492
f 1481/12493 1482/12494 1476/12495
f 1476/12496 1482/12497 1475/12498
f 1482/12499 1483/12500 1475/12501
f 1475/12502 1483/12503 1474/12504
f 1483/12505 1484/12506 1474/12507
f 1474/12508 1484/12509 1473/12510
f 1484/12511 1457/12512 1473/12513
f 1473/12514 1457/12515 1472/12516
f 1457/12517 1391/12518 1472/12519
f 1472/12520 1391/12521 1392/12522
f 1389/12523 1457/12524 1456/12525
f 1457/12526 1484/12527 1456/12528
f 1456/12529 1484/12530 1485/12531
f 1484/12532 1483/12533 1485/12534
f 1485/12535 1483/12536 1486/12537
f 1483/12538 1482/12539 1486/12540
f 1486/12541 1482/12542 1487/12543
f 1482/12544 1481/12545 1487/12546
f 1487/12547 1481/12548 1488/12549
f 1481/12550 1480/12551 1488/12552
f 1488/12553 1480/12554 1489/12555
f 1480/12556 1479/12557 1489/12558
f 1489/12559 1479/12560 1490/12561
f 1449/12562 1448/12563 1479/12564
f 1448/12565 1447/12566 1479/12567
f 1479/12568 1447/12569 1490/12570
f 1447/12571 1446/12572 1490/12573
f 1490/12574 1446/12575 1445/12576
f 1390/12577 1456/12578 1455/12579
f 1456/12580 1485/12581 1455/12582
f 1455/12583 1485/12584 1491/12585
f 1485/12586 1486/12587 1491/12588
f 1491/12589 1486/12590 1492/12591
f 1486/12592 1487/12593 1492/12594
f 1492/12595 1487/12596 1493/12597
f 1487/12598 1488/12599 1493/12600
f 1493/12601 1488/12602 1494/12603
f 1488/12604 1489/12605 1494/12606
f 1494/12607 1489/12608 1495/12609
f 1489/12610 1490/12611 1495/12612
f 1495/12613 1490/12614 1496/12615
f 1490/12616 1445/12617 1496/12618
f 1496/12619 1445/12620 1436/12621
f 1388/12622 1455/12623 1444/12624
f 1455/12625 1491/12626 1444/12627
f 1444/12628 1491/12629 1443/12630
f 1491/12631 1492/12632 1443/12633
f 1443/12634 1492/12635 1442/12636
f 1492/12637 1493/12638 1442/12639
f 1442/12640 1493/12641 1441/12642
f 1493/12643 1494/12644 1441/12645
f 1441/12646 1494/12647 1440/12648
f 1494/12649 1495/12650 1440/12651
f 1440/12652 1495/12653 1439/12654
f 1495/12655 1496/12656 1439/12657
f 1439/12658 1496/12659 1438/12660
f 1496/12661 1436/12662 1438/12663
f 1438/12664 1436/12665 1437/12666
f 1301/12667 1302/12668 1275/12669
f 1302/12670 1289/12671 1275/12672
f 1275/12673 1289/12674 1227/12675
f 1301/12676 1275/12677 1300/12678
f 1275/12679 1276/12680 1300/12681
f 1300/12682 1276/12683 1298/12684
f 1276/12685 1277/12686 1298/12687
f 1298/12688 1277/12689 1299/12690
f 1299/12691 1277/12692 1296/12693
f 1277/12694 1278/12695 1296/12696
f 1296/12697 1278/12698 1297/12699
f 1297/12700 1278/12701 1294/12702
f 1278/12703 1279/12704 1294/12705
f 1294/12706 1279/12707 1295/12708
f 1295/12709 1279/12710 1293/12711
f 1279/12712 1280/12713 1293/12714
f 1293/12715 1280/12716 1292/12717
f 1280/12718 1281/12719 1292/12720
f 1292/12721 1281/12722 1291/12723
f 1386/12724 1394/12725 1251/12726
f 1394/12727 1250/12728 1251/12729
f 1250/12730 1394/12731 1253/12732
f 1394/12733 1393/12734 1253/12735
f 1253/12736 1393/12737 1252/12738
f 1252/12739 1393/12740 1255/12741
f 1393/12742 1392/12743 1255/12744
f 1255/12745 1392/12746 1254/12747
f 1254/12748 1392/12749 1257/12750
f 1392/12751 1391/12752 1257/12753
f 1257/12754 1391/12755 1256/12756
f 1256/12757 1391/12758 1259/12759
f 1391/12760 1389/12761 1259/12762
f 1259/12763 1389/12764 1258/12765
f 1258/12766 1389/12767 1263/12768
f 1389/12769 1390/12770 1263/12771
f 1263/12772 1390/12773 1261/12774
f 1390/12775 1388/12776 1261/12777
f 1261/12778 1388/12779 1264/12780
f 1233/12781 1282/12782 1230/12783
f 1282/12784 1283/12785 1230/12786
f 1230/12787 1283/12788 1236/12789
f 1283/12790 1284/12791 1236/12792
f 1285/12793 1239/12794 1284/12795
f 1239/12796 1234/12797 1284/12798
f 1284/12799 1234/12800 1236/12801
f 1286/12802 1240/12803 1285/12804
f 1240/12805 1237/12806 1285/12807
f 1285/12808 1237/12809 1239/12810
f 1287/12811 1243/12812 1286/12813
f 1243/12814 1241/12815 1286/12816
f 1286/12817 1241/12818 1240/12819
f 1288/12820 1246/12821 1287/12822
f 1246/12823 1244/12824 1287/12825
f 1287/12826 1244/12827 1243/12828
f 1226/12829 1220/12830 1288/12831
f 1220/12832 1247/12833 1288/12834
f 1288/12835 1247/12836 1246/12837
f 1282/12838 1281/12839 1283/12840
f 1281/12841 1280/12842 1283/12843
f 1283/12844 1280/12845 1284/12846
f 1280/12847 1279/12848 1284/12849
f 1284/12850 1279/12851 1285/12852
f 1279/12853 1278/12854 1285/12855
f 1285/12856 1278/12857 1286/12858
f 1278/12859 1277/12860 1286/12861
f 1286/12862 1277/12863 1287/12864
f 1277/12865 1276/12866 1287/12867
f 1287/12868 1276/12869 1288/12870
f 1276/12871 1275/12872 1288/12873
f 1288/12874 1275/12875 1226/12876
f 1275/12877 1227/12878 1226/12879
f 1264/12880 1262/12881 1261/12882
f 1262/12883 1265/12884 1261/12885
f 1261/12886 1265/12887 1263/12888
f 1263/12889 1265/12890 1258/12891
f 1265/12892 1266/12893 1258/12894
f 1258/12895 1266/12896 1259/12897
f 1259/12898 1266/12899 1256/12900
f 1266/12901 1267/12902 1256/12903
f 1256/12904 1267/12905 1257/12906
f 1257/12907 1267/12908 1254/12909
f 1267/12910 1268/12911 1254/12912
f 1254/12913 1268/12914 1255/12915
f 1255/12916 1268/12917 1252/12918
f 1268/12919 1269/12920 1252/12921
f 1252/12922 1269/12923 1253/12924
f 1253/12925 1269/12926 1250/12927
f 1269/12928 1249/12929 1250/12930
f 1250/12931 1249/12932 1251/12933
f 1262/12934 1260/12935 1265/12936
f 1260/12937 1270/12938 1265/12939
f 1265/12940 1270/12941 1266/12942
f 1270/12943 1271/12944 1266/12945
f 1266/12946 1271/12947 1267/12948
f 1271/12949 1272/12950 1267/12951
f 1267/12952 1272/12953 1268/12954
f 1272/12955 1273/12956 1268/12957
f 1268/12958 1273/12959 1269/12960
f 1273/12961 1274/12962 1269/12963
f 1269/12964 1274/12965 1249/12966
f 1274/12967 1248/12968 1249/12969
f 1260/12970 1232/12971 1270/12972
f 1232/12973 1231/12974 1270/12975
f 1270/12976 1231/12977 1271/12978
f 1231/12979 1235/12980 1271/12981
f 1271/12982 1235/12983 1272/12984
f 1235/12985 1238/12986 1272/12987
f 1272/12988 1238/12989 1273/12990
f 1238/12991 1242/12992 1273/12993
f 1273/12994 1242/12995 1274/12996
f 1242/12997 1245/12998 1274/12999
f 1274/13000 1245/13001 1248/13002
f 1245/13003 1219/13004 1248/13005
f 1247/13006 1220/13007 1219/13008
f 1247/13009 1219/13010 1246/13011
f 1219/13012 1245/13013 1246/13014
f 1246/13015 1245/13016 1244/13017
f 1244/13018 1245/13019 1243/13020
f 1245/13021 1242/13022 1243/13023
f 1243/13024 1242/13025 1241/13026
f 1241/13027 1242/13028 1240/13029
f 1242/13030 1238/13031 1240/13032
f 1240/13033 1238/13034 1237/13035
f 1238/13036 1235/13037 1237/13038
f 1237/13039 1235/13040 1239/13041
f 1239/13042 1235/13043 1234/13044
f 1235/13045 1231/13046 1234/13047
f 1234/13048 1231/13049 1236/13050
f 1236/13051 1231/13052 1230/13053
f 1231/13054 1232/13055 1230/13056
f 1230/13057 1232/13058 1233/13059
f 561/13060 562/13061 560/13062
f 562/13063 563/13064 560/13065
f 560/13066 563/13067 559/13068
f 563/13069 564/13070 559/13071
f 559/13072 564/13073 558/13074
f 564/13075 565/13076 558/13077
f 558/13078 565/13079 557/13080
f 565/13081 566/13082 557/13083
f 557/13084 566/13085 556/13086
f 566/13087 567/13088 556/13089
f 556/13090 567/13091 60/13092
f 567/13093 67/13094 60/13095
f 562/13096 555/13097 563/13098
f 555/13099 554/13100 563/13101
f 563/13102 554/13103 564/13104
f 554/13105 553/13106 564/13107
f 564/13108 553/13109 565/13110
f 553/13111 552/13112 565/13113
f 565/13114 552/13115 566/13116
f 552/13117 551/13118 566/13119
f 566/13120 551/13121 567/13122
f 551/13123 550/13124 567/13125
f 567/13126 550/13127 67/13128
f 550/13129 106/13130 67/13131
f 393/13132 561/13133 560/13134
f 393/13135 560/13136 394/13137
f 560/13138 559/13139 394/13140
f 394/13141 559/13142 395/13143
f 559/13144 558/13145 395/13146
f 395/13147 558/13148 396/13149
f 558/13150 557/13151 396/13152
f 396/13153 557/13154 397/13155
f 557/13156 556/13157 397/13158
f 397/13159 556/13160 398/13161
f 556/13162 60/13163 398/13164
f 398/13165 60/13166 131/13167
f 555/13168 510/13169 509/13170
f 555/13171 509/13172 554/13173
f 509/13174 521/13175 554/13176
f 554/13177 521/13178 553/13179
f 521/13180 522/13181 553/13182
f 553/13183 522/13184 552/13185
f 522/13186 523/13187 552/13188
f 552/13189 523/13190 551/13191
f 523/13192 524/13193 551/13194
f 551/13195 524/13196 550/13197
f 524/13198 115/13199 550/13200
f 550/13201 115/13202 106/13203
f 383/13204 385/13205 399/13206
f 390/13207 392/13208 400/13209
f 143/13210 142/13211 401/13212
f 142/13213 402/13214 401/13215
f 401/13216 402/13217 403/13218
f 402/13219 404/13220 403/13221
f 403/13222 404/13223 405/13224
f 404/13225 406/13226 405/13227
f 405/13228 406/13229 407/13230
f 406/13231 408/13232 407/13233
f 407/13234 408/13235 409/13236
f 408/13237 410/13238 409/13239
f 131/13240 130/13241 398/13242
f 130/13243 411/13244 398/13245
f 398/13246 411/13247 397/13248
f 411/13249 412/13250 397/13251
f 397/13252 412/13253 396/13254
f 412/13255 413/13256 396/13257
f 396/13258 413/13259 395/13260
f 413/13261 414/13262 395/13263
f 395/13264 414/13265 394/13266
f 414/13267 400/13268 394/13269
f 394/13270 400/13271 393/13272
f 400/13273 392/13274 393/13275
f 391/13276 390/13277 409/13278
f 390/13279 400/13280 409/13281
f 409/13282 400/13283 407/13284
f 400/13285 414/13286 407/13287
f 407/13288 414/13289 405/13290
f 414/13291 413/13292 405/13293
f 405/13294 413/13295 403/13296
f 413/13297 412/13298 403/13299
f 403/13300 412/13301 401/13302
f 412/13303 411/13304 401/13305
f 401/13306 411/13307 143/13308
f 411/13309 130/13310 143/13311
f 384/13312 386/13313 415/13314
f 386/13315 410/13316 415/13317
f 415/13318 410/13319 416/13320
f 410/13321 408/13322 416/13323
f 416/13324 408/13325 417/13326
f 408/13327 406/13328 417/13329
f 417/13330 406/13331 418/13332
f 406/13333 404/13334 418/13335
f 418/13336 404/13337 419/13338
f 404/13339 402/13340 419/13341
f 419/13342 402/13343 129/13344
f 402/13345 142/13346 129/13347
f 386/13348 387/13349 410/13350
f 387/13351 388/13352 410/13353
f 410/13354 388/13355 409/13356
f 388/13357 389/13358 409/13359
f 409/13360 389/13361 391/13362
f 385/13363 384/13364 399/13365
f 384/13366 415/13367 399/13368
f 399/13369 415/13370 420/13371
f 415/13372 416/13373 420/13374
f 420/13375 416/13376 421/13377
f 416/13378 417/13379 421/13380
f 421/13381 417/13382 422/13383
f 417/13384 418/13385 422/13386
f 422/13387 418/13388 423/13389
f 418/13390 419/13391 423/13392
f 423/13393 419/13394 127/13395
f 419/13396 129/13397 127/13398
f 382/13399 383/13400 424/13401
f 383/13402 399/13403 424/13404
f 424/13405 399/13406 425/13407
f 399/13408 420/13409 425/13410
f 425/13411 420/13412 426/13413
f 420/13414 421/13415 426/13416
f 426/13417 421/13418 427/13419
f 421/13420 422/13421 427/13422
f 427/13423 422/13424 428/13425
f 422/13426 423/13427 428/13428
f 428/13429 423/13430 128/13431
f 423/13432 127/13433 128/13434
f 128/13435 141/13436 428/13437
f 141/13438 375/13439 428/13440
f 428/13441 375/13442 427/13443
f 375/13444 376/13445 427/13446
f 427/13447 376/13448 426/13449
f 376/13450 377/13451 426/13452
f 426/13453 377/13454 425/13455
f 377/13456 378/13457 425/13458
f 425/13459 378/13460 424/13461
f 378/13462 379/13463 424/13464
f 424/13465 379/13466 382/13467
f 379/13468 380/13469 382/13470
f 515/13471 518/13472 525/13473
f 517/13474 520/13475 526/13476
f 519/13477 476/13478 475/13479
f 138/13480 137/13481 527/13482
f 137/13483 528/13484 527/13485
f 527/13486 528/13487 529/13488
f 528/13489 530/13490 529/13491
f 529/13492 530/13493 531/13494
f 530/13495 532/13496 531/13497
f 531/13498 532/13499 533/13500
f 532/13501 534/13502 533/13503
f 533/13504 534/13505 535/13506
f 534/13507 536/13508 535/13509
f 520/13510 519/13511 526/13512
f 519/13513 475/13514 526/13515
f 526/13516 475/13517 537/13518
f 475/13519 474/13520 537/13521
f 537/13522 474/13523 538/13524
f 474/13525 473/13526 538/13527
f 538/13528 473/13529 539/13530
f 473/13531 472/13532 539/13533
f 539/13534 472/13535 540/13536
f 472/13537 471/13538 540/13539
f 540/13540 471/13541 139/13542
f 471/13543 117/13544 139/13545
f 518/13546 517/13547 525/13548
f 517/13549 526/13550 525/13551
f 525/13552 526/13553 541/13554
f 526/13555 537/13556 541/13557
f 541/13558 537/13559 542/13560
f 537/13561 538/13562 542/13563
f 542/13564 538/13565 543/13566
f 538/13567 539/13568 543/13569
f 543/13570 539/13571 544/13572
f 539/13573 540/13574 544/13575
f 544/13576 540/13577 126/13578
f 540/13579 139/13580 126/13581
f 516/13582 515/13583 535/13584
f 515/13585 525/13586 535/13587
f 535/13588 525/13589 533/13590
f 525/13591 541/13592 533/13593
f 533/13594 541/13595 531/13596
f 541/13597 542/13598 531/13599
f 531/13600 542/13601 529/13602
f 542/13603 543/13604 529/13605
f 529/13606 543/13607 527/13608
f 543/13609 544/13610 527/13611
f 527/13612 544/13613 138/13614
f 544/13615 126/13616 138/13617
f 508/13618 511/13619 545/13620
f 511/13621 536/13622 545/13623
f 545/13624 536/13625 546/13626
f 536/13627 534/13628 546/13629
f 546/13630 534/13631 547/13632
f 534/13633 532/13634 547/13635
f 547/13636 532/13637 548/13638
f 532/13639 530/13640 548/13641
f 548/13642 530/13643 549/13644
f 530/13645 528/13646 549/13647
f 549/13648 528/13649 136/13650
f 528/13651 137/13652 136/13653
f 511/13654 512/13655 536/13656
f 512/13657 513/13658 536/13659
f 536/13660 513/13661 535/13662
f 513/13663 514/13664 535/13665
f 535/13666 514/13667 516/13668
f 510/13669 508/13670 509/13671
f 508/13672 545/13673 509/13674
f 509/13675 545/13676 521/13677
f 545/13678 546/13679 521/13680
f 521/13681 546/13682 522/13683
f 546/13684 547/13685 522/13686
f 522/13687 547/13688 523/13689
f 547/13690 548/13691 523/13692
f 523/13693 548/13694 524/13695
f 548/13696 549/13697 524/13698
f 524/13699 549/13700 115/13701
f 549/13702 136/13703 115/13704
f 338/13705 380/13706 379/13707
f 338/13708 379/13709 339/13710
f 379/13711 378/13712 339/13713
f 339/13714 378/13715 340/13716
f 378/13717 377/13718 340/13719
f 340/13720 377/13721 341/13722
f 377/13723 376/13724 341/13725
f 341/13726 376/13727 342/13728
f 376/13729 375/13730 342/13731
f 342/13732 375/13733 343/13734
f 375/13735 141/13736 343/13737
f 343/13738 141/13739 144/13740
f 476/13741 460/13742 459/13743
f 476/13744 459/13745 475/13746
f 459/13747 462/13748 475/13749
f 475/13750 462/13751 474/13752
f 462/13753 463/13754 474/13755
f 474/13756 463/13757 473/13758
f 463/13759 464/13760 473/13761
f 473/13762 464/13763 472/13764
f 464/13765 465/13766 472/13767
f 472/13768 465/13769 471/13770
f 465/13771 118/13772 471/13773
f 471/13774 118/13775 117/13776
f 144/13777 133/13778 343/13779
f 133/13780 344/13781 343/13782
f 343/13783 344/13784 342/13785
f 344/13786 345/13787 342/13788
f 342/13789 345/13790 341/13791
f 345/13792 346/13793 341/13794
f 341/13795 346/13796 340/13797
f 346/13798 347/13799 340/13800
f 340/13801 347/13802 339/13803
f 347/13804 348/13805 339/13806
f 339/13807 348/13808 338/13809
f 348/13810 337/13811 338/13812
f 133/13813 132/13814 344/13815
f 132/13816 349/13817 344/13818
f 344/13819 349/13820 345/13821
f 349/13822 350/13823 345/13824
f 345/13825 350/13826 346/13827
f 350/13828 351/13829 346/13830
f 346/13831 351/13832 347/13833
f 351/13834 352/13835 347/13836
f 347/13837 352/13838 348/13839
f 352/13840 353/13841 348/13842
f 348/13843 353/13844 337/13845
f 353/13846 336/13847 337/13848
f 132/13849 123/13850 349/13851
f 123/13852 354/13853 349/13854
f 349/13855 354/13856 350/13857
f 354/13858 355/13859 350/13860
f 350/13861 355/13862 351/13863
f 355/13864 356/13865 351/13866
f 351/13867 356/13868 352/13869
f 356/13870 357/13871 352/13872
f 352/13873 357/13874 353/13875
f 357/13876 358/13877 353/13878
f 353/13879 358/13880 336/13881
f 358/13882 335/13883 336/13884
f 123/13885 111/13886 354/13887
f 111/13888 359/13889 354/13890
f 354/13891 359/13892 355/13893
f 359/13894 360/13895 355/13896
f 355/13897 360/13898 356/13899
f 360/13900 361/13901 356/13902
f 356/13903 361/13904 357/13905
f 361/13906 362/13907 357/13908
f 357/13909 362/13910 358/13911
f 362/13912 363/13913 358/13914
f 358/13915 363/13916 335/13917
f 363/13918 334/13919 335/13920
f 111/13921 88/13922 359/13923
f 88/13924 364/13925 359/13926
f 359/13927 364/13928 360/13929
f 364/13930 365/13931 360/13932
f 360/13933 365/13934 361/13935
f 365/13936 366/13937 361/13938
f 361/13939 366/13940 362/13941
f 366/13942 367/13943 362/13944
f 362/13945 367/13946 363/13947
f 367/13948 368/13949 363/13950
f 363/13951 368/13952 334/13953
f 368/13954 333/13955 334/13956
f 88/13957 87/13958 364/13959
f 87/13960 321/13961 364/13962
f 364/13963 321/13964 365/13965
f 321/13966 322/13967 365/13968
f 365/13969 322/13970 366/13971
f 322/13972 323/13973 366/13974
f 366/13975 323/13976 367/13977
f 323/13978 324/13979 367/13980
f 367/13981 324/13982 368/13983
f 324/13984 325/13985 368/13986
f 368/13987 325/13988 333/13989
f 325/13990 326/13991 333/13992
f 81/13993 102/13994 290/13995
f 102/13996 466/13997 290/13998
f 290/13999 466/14000 291/14001
f 291/14002 466/14003 292/14004
f 466/14005 467/14006 292/14007
f 292/14008 467/14009 293/14010
f 293/14011 467/14012 294/14013
f 467/14014 468/14015 294/14016
f 294/14017 468/14018 295/14019
f 295/14020 468/14021 296/14022
f 468/14023 469/14024 296/14025
f 296/14026 469/14027 297/14028
f 297/14029 469/14030 298/14031
f 469/14032 470/14033 298/14034
f 298/14035 470/14036 299/14037
f 299/14038 470/14039 300/14040
f 470/14041 461/14042 300/14043
f 300/14044 461/14045 301/14046
f 102/14047 118/14048 466/14049
f 118/14050 465/14051 466/14052
f 466/14053 465/14054 467/14055
f 465/14056 464/14057 467/14058
f 467/14059 464/14060 468/14061
f 464/14062 463/14063 468/14064
f 468/14065 463/14066 469/14067
f 463/14068 462/14069 469/14070
f 469/14071 462/14072 470/14073
f 462/14074 459/14075 470/14076
f 470/14077 459/14078 461/14079
f 459/14080 460/14081 461/14082
f 303/14083 326/14084 305/14085
f 326/14086 325/14087 305/14088
f 305/14089 325/14090 304/14091
f 304/14092 325/14093 307/14094
f 325/14095 324/14096 307/14097
f 307/14098 324/14099 306/14100
f 306/14101 324/14102 309/14103
f 324/14104 323/14105 309/14106
f 309/14107 323/14108 308/14109
f 308/14110 323/14111 311/14112
f 323/14113 322/14114 311/14115
f 311/14116 322/14117 310/14118
f 310/14119 322/14120 313/14121
f 322/14122 321/14123 313/14124
f 313/14125 321/14126 312/14127
f 312/14128 321/14129 314/14130
f 321/14131 87/14132 314/14133
f 314/14134 87/14135 110/14136
f 244/14137 227/14138 301/14139
f 227/14140 300/14141 301/14142
f 300/14143 227/14144 299/14145
f 227/14146 228/14147 299/14148
f 299/14149 228/14150 298/14151
f 228/14152 235/14153 298/14154
f 298/14155 235/14156 297/14157
f 235/14158 236/14159 297/14160
f 297/14161 236/14162 296/14163
f 236/14164 237/14165 296/14166
f 296/14167 237/14168 295/14169
f 237/14170 238/14171 295/14172
f 295/14173 238/14174 294/14175
f 238/14176 239/14177 294/14178
f 294/14179 239/14180 293/14181
f 239/14182 240/14183 293/14184
f 293/14185 240/14186 292/14187
f 240/14188 241/14189 292/14190
f 292/14191 241/14192 291/14193
f 241/14194 242/14195 291/14196
f 291/14197 242/14198 290/14199
f 242/14200 243/14201 290/14202
f 243/14203 50/14204 290/14205
f 290/14206 50/14207 81/14208
f 110/14209 77/14210 314/14211
f 77/14212 315/14213 314/14214
f 314/14215 315/14216 312/14217
f 315/14218 316/14219 312/14220
f 317/14221 310/14222 316/14223
f 310/14224 313/14225 316/14226
f 316/14227 313/14228 312/14229
f 318/14230 308/14231 317/14232
f 308/14233 311/14234 317/14235
f 317/14236 311/14237 310/14238
f 319/14239 306/14240 318/14241
f 306/14242 309/14243 318/14244
f 318/14245 309/14246 308/14247
f 320/14248 304/14249 319/14250
f 304/14251 307/14252 319/14253
f 319/14254 307/14255 306/14256
f 302/14257 303/14258 320/14259
f 303/14260 305/14261 320/14262
f 320/14263 305/14264 304/14265
f 77/14266 86/14267 315/14268
f 86/14269 217/14270 315/14271
f 315/14272 217/14273 316/14274
f 217/14275 216/14276 316/14277
f 316/14278 216/14279 317/14280
f 216/14281 218/14282 317/14283
f 317/14284 218/14285 318/14286
f 218/14287 219/14288 318/14289
f 318/14290 219/14291 319/14292
f 219/14293 220/14294 319/14295
f 319/14296 220/14297 320/14298
f 220/14299 221/14300 320/14301
f 320/14302 221/14303 302/14304
f 221/14305 222/14306 302/14307
f 204/14308 78/14309 69/14310
f 245/14311 205/14312 204/14313
f 204/14314 69/14315 245/14316
f 69/14317 68/14318 245/14319
f 245/14320 68/14321 246/14322
f 68/14323 64/14324 246/14325
f 246/14326 64/14327 247/14328
f 64/14329 56/14330 247/14331
f 247/14332 56/14333 248/14334
f 56/14335 62/14336 248/14337
f 248/14338 62/14339 249/14340
f 62/14341 61/14342 249/14343
f 249/14344 61/14345 250/14346
f 61/14347 51/14348 250/14349
f 250/14350 51/14351 251/14352
f 51/14353 50/14354 243/14355
f 209/14356 206/14357 252/14358
f 206/14359 207/14360 252/14361
f 51/14362 243/14363 251/14364
f 243/14365 242/14366 251/14367
f 251/14368 242/14369 241/14370
f 241/14371 253/14372 251/14373
f 253/14374 254/14375 251/14376
f 251/14377 254/14378 250/14379
f 254/14380 255/14381 250/14382
f 250/14383 255/14384 249/14385
f 255/14386 256/14387 249/14388
f 249/14389 256/14390 248/14391
f 256/14392 257/14393 248/14394
f 248/14395 257/14396 247/14397
f 257/14398 258/14399 247/14400
f 247/14401 258/14402 246/14403
f 258/14404 252/14405 246/14406
f 246/14407 252/14408 245/14409
f 252/14410 207/14411 245/14412
f 245/14413 207/14414 205/14415
f 259/14416 208/14417 209/14418
f 209/14419 252/14420 259/14421
f 252/14422 258/14423 259/14424
f 259/14425 258/14426 260/14427
f 258/14428 257/14429 260/14430
f 260/14431 257/14432 261/14433
f 257/14434 256/14435 261/14436
f 261/14437 256/14438 262/14439
f 256/14440 255/14441 262/14442
f 262/14443 255/14444 263/14445
f 255/14446 254/14447 263/14448
f 263/14449 254/14450 264/14451
f 254/14452 253/14453 264/14454
f 264/14455 253/14456 265/14457
f 213/14458 210/14459 266/14460
f 210/14461 211/14462 266/14463
f 241/14464 240/14465 253/14466
f 240/14467 239/14468 253/14469
f 253/14470 239/14471 265/14472
f 239/14473 238/14474 265/14475
f 265/14476 238/14477 237/14478
f 237/14479 267/14480 265/14481
f 267/14482 268/14483 265/14484
f 265/14485 268/14486 264/14487
f 268/14488 269/14489 264/14490
f 264/14491 269/14492 263/14493
f 269/14494 270/14495 263/14496
f 263/14497 270/14498 262/14499
f 270/14500 271/14501 262/14502
f 262/14503 271/14504 261/14505
f 271/14506 272/14507 261/14508
f 261/14509 272/14510 260/14511
f 272/14512 266/14513 260/14514
f 260/14515 266/14516 259/14517
f 266/14518 211/14519 259/14520
f 259/14521 211/14522 208/14523
f 214/14524 212/14525 273/14526
f 212/14527 213/14528 273/14529
f 213/14530 266/14531 273/14532
f 266/14533 272/14534 273/14535
f 273/14536 272/14537 274/14538
f 272/14539 271/14540 274/14541
f 274/14542 271/14543 275/14544
f 271/14545 270/14546 275/14547
f 275/14548 270/14549 276/14550
f 270/14551 269/14552 276/14553
f 276/14554 269/14555 277/14556
f 269/14557 268/14558 277/14559
f 277/14560 268/14561 278/14562
f 268/14563 267/14564 278/14565
f 278/14566 267/14567 279/14568
f 234/14569 215/14570 214/14571
f 237/14572 236/14573 267/14574
f 236/14575 235/14576 267/14577
f 267/14578 235/14579 279/14580
f 235/14581 228/14582 279/14583
f 279/14584 228/14585 227/14586
f 214/14587 273/14588 234/14589
f 273/14590 274/14591 234/14592
f 234/14593 274/14594 233/14595
f 274/14596 275/14597 233/14598
f 233/14599 275/14600 232/14601
f 275/14602 276/14603 232/14604
f 232/14605 276/14606 231/14607
f 276/14608 277/14609 231/14610
f 231/14611 277/14612 230/14613
f 277/14614 278/14615 230/14616
f 230/14617 278/14618 229/14619
f 278/14620 279/14621 229/14622
f 229/14623 279/14624 226/14625
f 279/14626 227/14627 226/14628
f 226/14629 227/14630 244/14631
f 222/14632 221/14633 198/14634
f 221/14635 196/14636 198/14637
f 196/14638 221/14639 195/14640
f 221/14641 220/14642 195/14643
f 195/14644 220/14645 194/14646
f 194/14647 220/14648 193/14649
f 220/14650 219/14651 193/14652
f 193/14653 219/14654 192/14655
f 192/14656 219/14657 191/14658
f 219/14659 218/14660 191/14661
f 191/14662 218/14663 190/14664
f 190/14665 218/14666 189/14667
f 218/14668 216/14669 189/14670
f 189/14671 216/14672 188/14673
f 188/14674 216/14675 187/14676
f 216/14677 217/14678 187/14679
f 187/14680 217/14681 186/14682
f 217/14683 86/14684 186/14685
f 186/14686 86/14687 105/14688
