# Exported from USD: /World/gantry/gantry_home/ur10_flattened/ur10_instanceable/base_link/ur10_base/ID125_001
mtllib ID125_001.mtl

g ID125_001
v 3.34365029 -0.29340475 0.19380125
v 3.34494034 -0.29198622 0.19439524
v 3.34365219 -0.29328914 0.19439737
v 3.34495938 -0.29252424 0.19268589
v 3.34365205 -0.29371105 0.19327404
v 3.34497270 -0.29296080 0.19216205
v 3.34494860 -0.29220220 0.19330177
v 3.34365208 -0.29492239 0.19269025
v 3.34500200 -0.29541462 0.19136550
v 3.34499927 -0.29443393 0.19139727
v 3.34365029 -0.29552717 0.19277920
v 3.34499053 -0.29623249 0.19161743
v 3.34365205 -0.29606708 0.19306154
v 3.34365392 -0.29657825 0.19372595
v 3.34496115 -0.29749233 0.19268651
v 3.34494456 -0.29792628 0.19370735
v 3.34494033 -0.29799048 0.19440000
v 3.34365068 -0.29670398 0.19439950
v 3.34497637 -0.29687362 0.19202067
v 3.34365086 -0.29425895 0.19286215
v 3.34498828 -0.29361881 0.19168649
v 3.33185606 -0.23117291 0.17360000
v 3.33181116 -0.23112932 0.16040000
v 3.33330106 -0.23224499 0.17360000
v 3.33371616 -0.23276339 0.16040000
v 3.33431451 -0.23488918 0.17360000
v 3.33421857 -0.23489530 0.16040000
v 3.32977699 -0.23072255 0.17360000
v 3.32991384 -0.23076551 0.16040000
v 3.32811564 -0.23127556 0.16040000
v 3.32747868 -0.23169564 0.17360000
v 3.32671538 -0.23252555 0.16040000
v 3.32628121 -0.23330909 0.17360000
v 3.32590842 -0.23489039 0.16040000
v 3.32599202 -0.23489545 0.17360000
v 3.33391741 -0.35336621 0.16040000
v 3.33195728 -0.35134412 0.17360000
v 3.33223776 -0.35156246 0.16040000
v 3.33388904 -0.35336204 0.17360001
v 3.33421235 -0.35510385 0.17360000
v 3.33420404 -0.35510422 0.16040000
v 3.33021078 -0.35095274 0.16040000
v 3.32908435 -0.35105754 0.17360001
v 3.32764867 -0.35171044 0.16040000
v 3.32692596 -0.35242607 0.17359999
v 3.32600403 -0.35510422 0.16040000
v 3.32616746 -0.35380169 0.16040000
v 3.32589468 -0.35509761 0.17360000
v 3.21196388 -0.35148119 0.16040000
v 3.21286077 -0.35213602 0.17359999
v 3.21059866 -0.35102857 0.17359999
v 3.21378158 -0.35356511 0.16040000
v 3.21410639 -0.35509736 0.17359999
v 3.21399583 -0.35510421 0.16040000
v 3.20970584 -0.35097366 0.16040000
v 3.20886188 -0.35111452 0.17359999
v 3.20740701 -0.35174164 0.16040000
v 3.20727015 -0.35190412 0.17359999
v 3.20607312 -0.35351721 0.17360000
v 3.20578379 -0.35510364 0.17359999
v 3.20595948 -0.35380112 0.16040000
v 3.20579584 -0.35510421 0.16040000
v 3.21199845 -0.23134078 0.16040000
v 3.21237573 -0.23158553 0.17359999
v 3.21022147 -0.23073694 0.17359999
v 3.21358501 -0.23294904 0.16040000
v 3.21376886 -0.23336215 0.17360000
v 3.21401000 -0.23489530 0.16040000
v 3.21399584 -0.23489602 0.17359999
v 3.20976408 -0.23071931 0.16040000
v 3.20755856 -0.23143377 0.17359999
v 3.20726812 -0.23166791 0.16040000
v 3.20607314 -0.23330896 0.17360000
v 3.20578379 -0.23489545 0.17359999
v 3.20595949 -0.23359292 0.16040000
v 3.20579583 -0.23489602 0.16040000
v 3.25599993 -0.35500011 0.16100000
v 3.25615944 -0.35372925 0.16100000
v 3.25589324 -0.35499367 0.16499999
v 3.25706010 -0.35216487 0.16499999
v 3.25743587 -0.35185113 0.16100000
v 3.25917532 -0.35105044 0.16500000
v 3.26315110 -0.35238961 0.16500000
v 3.26105848 -0.35110655 0.16500000
v 3.26205140 -0.35153165 0.16100000
v 3.26359905 -0.35310055 0.16100000
v 3.26406317 -0.35499646 0.16500000
v 3.26401384 -0.35499940 0.16100000
v 3.25987152 -0.35092520 0.16100000
v 3.21181721 -0.23081361 0.15999874
v 3.21247343 -0.23168342 0.16039692
v 3.21111015 -0.23095937 0.16039705
v 3.21271323 -0.23138125 0.15999960
v 3.21346204 -0.23213202 0.15999864
v 3.21347511 -0.23285749 0.16039697
v 3.21400209 -0.23304409 0.15999967
v 3.21393283 -0.23412315 0.16039869
v 3.21432763 -0.23404936 0.15999869
v 3.21439584 -0.23489602 0.16000000
v 3.21399584 -0.23489602 0.16040000
v 3.21080815 -0.23048489 0.15999959
v 3.20976795 -0.23078746 0.16039880
v 3.20996773 -0.23039210 0.15999963
v 3.20881506 -0.23093642 0.16039968
v 3.20912313 -0.23045818 0.15999967
v 3.20791693 -0.23129243 0.16039881
v 3.20830582 -0.23068148 0.15999971
v 3.20736087 -0.23116353 0.15999872
v 3.20713592 -0.23185848 0.16039968
v 3.20645189 -0.23198447 0.15999904
v 3.20548232 -0.23392004 0.15999752
v 3.20590135 -0.23281137 0.15999970
v 3.20587491 -0.23400563 0.16039771
v 3.20579583 -0.23489602 0.16040000
v 3.20539583 -0.23489602 0.16000000
v 3.20641597 -0.23269458 0.16039784
v 3.25680584 -0.35113629 0.15999853
v 3.25660501 -0.35285220 0.16099788
v 3.25588543 -0.35213938 0.15999893
v 3.25537556 -0.35308262 0.15999969
v 3.25607702 -0.35413161 0.16099777
v 3.25511286 -0.35391634 0.15999970
v 3.26313052 -0.35109493 0.15999958
v 3.26220796 -0.35164255 0.16099700
v 3.26234381 -0.35057786 0.15999960
v 3.26380731 -0.35175140 0.15999960
v 3.26316968 -0.35254425 0.16099882
v 3.26100025 -0.35111636 0.16099881
v 3.26434677 -0.35251917 0.15999956
v 3.26364989 -0.35335470 0.16099967
v 3.26473510 -0.35337878 0.15999958
v 3.26393851 -0.35424617 0.16099881
v 3.26495470 -0.35429273 0.15999954
v 3.26499993 -0.35500011 0.16000000
v 3.26399993 -0.35500011 0.16100000
v 3.26124740 -0.35014456 0.15999855
v 3.25987473 -0.35099168 0.16099883
v 3.26008175 -0.34999574 0.15999960
v 3.25894478 -0.35113732 0.16099967
v 3.25914196 -0.35006905 0.15999961
v 3.25806898 -0.35148456 0.16099882
v 3.25800891 -0.35039920 0.15999855
v 3.25730713 -0.35203684 0.16099968
v 3.25498942 -0.35499879 0.15999779
v 3.25599993 -0.35500011 0.16100000
v 3.26124742 -0.22914457 0.15999855
v 3.26044178 -0.23000521 0.16099700
v 3.26008167 -0.22899574 0.15999962
v 3.26188280 -0.23044886 0.16099705
v 3.26313049 -0.23009489 0.15999960
v 3.26278726 -0.23112439 0.16099968
v 3.26234370 -0.22957782 0.15999961
v 3.26380731 -0.23075140 0.15999961
v 3.26338733 -0.23185132 0.16099882
v 3.26434679 -0.23151918 0.15999958
v 3.26473513 -0.23237886 0.15999959
v 3.26385135 -0.23288084 0.16099882
v 3.26495472 -0.23329268 0.15999957
v 3.26400969 -0.23399878 0.16099779
v 3.26499994 -0.23400012 0.16000000
v 3.25931137 -0.23005617 0.16099966
v 3.25914199 -0.22906905 0.15999961
v 3.25840805 -0.23031983 0.16099885
v 3.25800901 -0.22939927 0.15999846
v 3.25730971 -0.23101467 0.16099734
v 3.25680586 -0.23013625 0.15999856
v 3.25588541 -0.23113964 0.15999881
v 3.25652829 -0.23199692 0.16099914
v 3.25537559 -0.23208258 0.15999969
v 3.25607922 -0.23313084 0.16099781
v 3.25511290 -0.23291627 0.15999968
v 3.25498910 -0.23399879 0.15999811
v 3.25599994 -0.23400012 0.16100000
v 3.19836175 -0.31969063 0.16000000
v 3.19401851 -0.31534491 0.16000000
v 3.19401684 -0.27467415 0.16000000
v 3.34185017 -0.24434478 0.16000000
v 3.34131802 -0.24611552 0.16000000
v 3.33247329 -0.23872727 0.16000000
v 3.20877302 -0.36609655 0.16000000
v 3.20906468 -0.35953161 0.16000000
v 3.20989277 -0.35960879 0.16000000
v 3.34460825 -0.28727209 0.16000000
v 3.34493415 -0.29168381 0.16000000
v 3.26236018 -0.24041770 0.16000000
v 3.23705999 -0.22630706 0.16000000
v 3.25567929 -0.23853328 0.16000000
v 3.23383986 -0.22648969 0.16000000
v 3.20778712 -0.23887648 0.16000000
v 3.20877133 -0.23926686 0.16000000
v 3.19868590 -0.24612825 0.16000000
v 3.20590135 -0.23281076 0.16000000
v 3.20061944 -0.23051742 0.16000000
v 3.20164836 -0.22910999 0.16000000
v 3.19842494 -0.27023312 0.16000000
v 3.19931746 -0.26919439 0.16000000
v 3.19555140 -0.27215445 0.16000000
v 3.19689483 -0.27143312 0.16000000
v 3.19424837 -0.27374044 0.16000000
v 3.19710127 -0.31868442 0.16000000
v 3.19560623 -0.31788185 0.16000000
v 3.19427280 -0.31632089 0.16000000
v 3.19490270 -0.31729953 0.16000000
v 3.19767951 -0.35040095 0.16000000
v 3.19775291 -0.34801316 0.16000000
v 3.20617287 -0.35255411 0.16000000
v 3.20569697 -0.35347278 0.16000000
v 3.19769263 -0.27088182 0.16000000
v 3.19483587 -0.27277639 0.16000000
v 3.19940065 -0.32093008 0.16000000
v 3.19998994 -0.26803081 0.16000000
v 3.25950817 -0.24098457 0.16000000
v 3.25835691 -0.24073150 0.16000000
v 3.19767200 -0.23981322 0.16000000
v 3.19788361 -0.23749910 0.16000000
v 3.20578995 -0.23674869 0.16000000
v 3.20323715 -0.22741278 0.16000000
v 3.20645169 -0.23198327 0.16000000
v 3.19839868 -0.23523207 0.16000000
v 3.20551640 -0.23595048 0.16000000
v 3.20913232 -0.22376764 0.16000000
v 3.21135871 -0.22310475 0.16000000
v 3.21080883 -0.23048462 0.16000000
v 3.21942338 -0.22316951 0.16000000
v 3.21346360 -0.23213187 0.16000000
v 3.21713536 -0.22276905 0.16000000
v 3.21400264 -0.23304453 0.16000000
v 3.22113888 -0.22369053 0.16000000
v 3.22436632 -0.22494534 0.16000000
v 3.21181841 -0.23081283 0.16000000
v 3.21307724 -0.22281283 0.16000000
v 3.21481559 -0.22267354 0.16000000
v 3.20539662 -0.23511197 0.16000000
v 3.19898743 -0.23359212 0.16000000
v 3.20542921 -0.23430792 0.16000000
v 3.19971875 -0.23200971 0.16000000
v 3.20559879 -0.23354119 0.16000000
v 3.21405659 -0.23662119 0.16000000
v 3.21433835 -0.23568125 0.16000000
v 3.23061881 -0.22631942 0.16000000
v 3.20736091 -0.23116200 0.16000000
v 3.20457294 -0.22629423 0.16000000
v 3.20830627 -0.23068100 0.16000000
v 3.21439537 -0.23467932 0.16000000
v 3.21427675 -0.23384608 0.16000000
v 3.20753324 -0.22446363 0.16000000
v 3.20996826 -0.23039174 0.16000000
v 3.20912358 -0.23045777 0.16000000
v 3.20600327 -0.22529701 0.16000000
v 3.20632984 -0.23766091 0.16000000
v 3.19776739 -0.24213574 0.16000000
v 3.21003829 -0.23940671 0.16000000
v 3.19997185 -0.24944273 0.16000000
v 3.25914250 -0.35006857 0.16000000
v 3.25588509 -0.23113807 0.16000000
v 3.25537552 -0.23208197 0.16000000
v 3.24776517 -0.22335933 0.16000000
v 3.24262490 -0.22512322 0.16000000
v 3.25501461 -0.23643366 0.16000000
v 3.24022000 -0.22577830 0.16000000
v 3.25520706 -0.23745431 0.16000000
v 3.25160404 -0.22229083 0.16000000
v 3.34499933 -0.29610898 0.16000000
v 3.26234451 -0.35057780 0.16000000
v 3.34480358 -0.30052742 0.16000000
v 3.34418493 -0.28397772 0.16000000
v 3.26154380 -0.24075573 0.16000000
v 3.26124867 -0.35014343 0.16000000
v 3.26068625 -0.24096137 0.16000000
v 3.20066478 -0.26570798 0.16000000
v 3.25755574 -0.24036192 0.16000000
v 3.30293740 -0.22630641 0.16000000
v 3.33869301 -0.26206018 0.16000000
v 3.26333401 -0.23973831 0.16000000
v 3.29737687 -0.22512382 0.16000000
v 3.26474532 -0.23760933 0.16000000
v 3.29223242 -0.22335885 0.16000000
v 3.26498228 -0.23647873 0.16000000
v 3.28839644 -0.22229123 0.16000000
v 3.28451229 -0.22140547 0.16000000
v 3.27926929 -0.22056313 0.16000000
v 3.34292044 -0.27746383 0.16000000
v 3.34363265 -0.28070500 0.16000000
v 3.33988973 -0.26766767 0.16000000
v 3.34108534 -0.27108692 0.16000000
v 3.32590348 -0.23326885 0.16000000
v 3.31562069 -0.22495010 0.16000000
v 3.31889056 -0.22367913 0.16000000
v 3.33851038 -0.25884005 0.16000000
v 3.32739064 -0.23849221 0.16000000
v 3.32809671 -0.23892888 0.16000000
v 3.32065420 -0.22314866 0.16000000
v 3.32637805 -0.23235008 0.16000000
v 3.33173234 -0.23909621 0.16000000
v 3.34005472 -0.24936651 0.16000000
v 3.33093390 -0.23932391 0.16000000
v 3.32301248 -0.22275171 0.16000000
v 3.32721952 -0.23142552 0.16000000
v 3.33313981 -0.23822423 0.16000000
v 3.33382700 -0.23744613 0.16000000
v 3.34224696 -0.24198708 0.16000000
v 3.33430290 -0.23652746 0.16000000
v 3.34232037 -0.23959929 0.16000000
v 3.32895011 -0.22317590 0.16000000
v 3.32907269 -0.23050277 0.16000000
v 3.32659630 -0.22276375 0.16000000
v 3.34206933 -0.23722213 0.16000000
v 3.33453148 -0.23572695 0.16000000
v 3.33909894 -0.23010763 0.16000000
v 3.34006721 -0.23161886 0.16000000
v 3.33413642 -0.23288816 0.16000000
v 3.33460861 -0.23489915 0.16000000
v 3.33449735 -0.23386501 0.16000000
v 3.34109566 -0.23377443 0.16000000
v 3.34166074 -0.23547603 0.16000000
v 3.33920088 -0.25243956 0.16000000
v 3.32906702 -0.23928786 0.16000000
v 3.33009902 -0.23940075 0.16000000
v 3.33868065 -0.25561900 0.16000000
v 3.30615697 -0.22648970 0.16000000
v 3.32662981 -0.23777595 0.16000000
v 3.26499053 -0.23365350 0.16000000
v 3.26008235 -0.34999537 0.16000000
v 3.34434748 -0.30492851 0.16000000
v 3.34363290 -0.30929752 0.16000000
v 3.34266338 -0.31360896 0.16000000
v 3.33988966 -0.32233269 0.16000000
v 3.34143898 -0.31786265 0.16000000
v 3.26313124 -0.35109499 0.16000000
v 3.33922035 -0.32478884 0.16000000
v 3.26481571 -0.23260179 0.16000000
v 3.26380800 -0.35175162 0.16000000
v 3.33869365 -0.32793758 0.16000000
v 3.30293988 -0.36369317 0.16000000
v 3.29977987 -0.36422194 0.16000000
v 3.32773460 -0.35127302 0.16000000
v 3.33851036 -0.33115715 0.16000000
v 3.33868062 -0.33438244 0.16000000
v 3.32706832 -0.35177599 0.16000000
v 3.30616001 -0.36351055 0.16000000
v 3.32638090 -0.35255415 0.16000000
v 3.33383038 -0.35764963 0.16000000
v 3.33835151 -0.36089024 0.16000000
v 3.33676272 -0.36258746 0.16000000
v 3.33281733 -0.35150803 0.16000000
v 3.34131215 -0.34386650 0.16000000
v 3.34183168 -0.34557518 0.16000000
v 3.33430411 -0.35673250 0.16000000
v 3.32692263 -0.36718741 0.16000000
v 3.32847260 -0.35930308 0.16000000
v 3.32864116 -0.36689549 0.16000000
v 3.33211190 -0.35913660 0.16000000
v 3.33399660 -0.36470323 0.16000000
v 3.33113505 -0.35949752 0.16000000
v 3.32607136 -0.35711175 0.16000000
v 3.31886099 -0.36630971 0.16000000
v 3.31563355 -0.36505490 0.16000000
v 3.32518428 -0.36732670 0.16000000
v 3.32706748 -0.35843172 0.16000000
v 3.32773052 -0.35893289 0.16000000
v 3.33010091 -0.35960879 0.16000000
v 3.33086755 -0.36623260 0.16000000
v 3.32927311 -0.35953165 0.16000000
v 3.33246663 -0.36553661 0.16000000
v 3.33460869 -0.35510132 0.16000000
v 3.34101244 -0.35640812 0.16000000
v 3.34028113 -0.35799053 0.16000000
v 3.33393624 -0.35273651 0.16000000
v 3.34211626 -0.35250114 0.16000000
v 3.33430467 -0.35347731 0.16000000
v 3.34160119 -0.35476817 0.16000000
v 3.33453158 -0.35427350 0.16000000
v 3.33938043 -0.35948281 0.16000000
v 3.32650786 -0.35781721 0.16000000
v 3.32057649 -0.36683073 0.16000000
v 3.32559936 -0.35510111 0.16000000
v 3.31256050 -0.36420107 0.16000000
v 3.32286452 -0.36723119 0.16000000
v 3.33298864 -0.35857466 0.16000000
v 3.33542693 -0.36370601 0.16000000
v 3.33343688 -0.35207376 0.16000000
v 3.34232787 -0.35018702 0.16000000
v 3.32590457 -0.35347420 0.16000000
v 3.32567632 -0.35427448 0.16000000
v 3.30938106 -0.36368082 0.16000000
v 3.26397143 -0.35804550 0.16000000
v 3.26724579 -0.36996027 0.16000000
v 3.26336379 -0.35870658 0.16000000
v 3.29736157 -0.36488107 0.16000000
v 3.29241955 -0.36658214 0.16000000
v 3.26434746 -0.35251952 0.16000000
v 3.28252910 -0.36895726 0.16000000
v 3.26496158 -0.35565489 0.16000000
v 3.26499942 -0.35475912 0.16000000
v 3.28752561 -0.36793482 0.16000000
v 3.26313124 -0.23009501 0.16000000
v 3.26601935 -0.22009380 0.16000000
v 3.26380801 -0.23075163 0.16000000
v 3.26015690 -0.36001203 0.16000000
v 3.26131929 -0.35982892 0.16000000
v 3.26216467 -0.36960038 0.16000000
v 3.26443928 -0.35731075 0.16000000
v 3.26477335 -0.35650383 0.16000000
v 3.27235191 -0.36997409 0.16000000
v 3.26241470 -0.35939559 0.16000000
v 3.25716700 -0.36890456 0.16000000
v 3.25898104 -0.35990056 0.16000000
v 3.24746887 -0.36654628 0.16000000
v 3.25590441 -0.35787626 0.16000000
v 3.25225515 -0.36788130 0.16000000
v 3.25651667 -0.35859351 0.16000000
v 3.25725170 -0.35918274 0.16000000
v 3.25511269 -0.35391573 0.16000000
v 3.23706247 -0.36369383 0.16000000
v 3.25537551 -0.35308196 0.16000000
v 3.25588511 -0.35213804 0.16000000
v 3.23384290 -0.36351054 0.16000000
v 3.21337006 -0.35222429 0.16000000
v 3.21260923 -0.35150803 0.16000000
v 3.20148751 -0.33082150 0.16000000
v 3.20125819 -0.32752723 0.16000000
v 3.21409639 -0.35673139 0.16000000
v 3.22437918 -0.36505014 0.16000000
v 3.22110931 -0.36632111 0.16000000
v 3.21190317 -0.35107136 0.16000000
v 3.20134567 -0.33413246 0.16000000
v 3.20083362 -0.33740391 0.16000000
v 3.21093285 -0.35071238 0.16000000
v 3.21190440 -0.35913629 0.16000000
v 3.21278035 -0.35857472 0.16000000
v 3.21340358 -0.36723648 0.16000000
v 3.21092718 -0.35949747 0.16000000
v 3.20826457 -0.35930309 0.16000000
v 3.20461894 -0.36375404 0.16000000
v 3.20752228 -0.35893289 0.16000000
v 3.20550253 -0.35613523 0.16000000
v 3.20586345 -0.35711208 0.16000000
v 3.19993266 -0.35838138 0.16000000
v 3.20325413 -0.36259021 0.16000000
v 3.20685848 -0.35843094 0.16000000
v 3.20200084 -0.36130797 0.16000000
v 3.20629959 -0.35781695 0.16000000
v 3.19890421 -0.35622580 0.16000000
v 3.20539126 -0.35510109 0.16000000
v 3.19833913 -0.35452421 0.16000000
v 3.20546840 -0.35427329 0.16000000
v 3.20661575 -0.36506644 0.16000000
v 3.19793055 -0.35277811 0.16000000
v 3.21104977 -0.36682434 0.16000000
v 3.20686007 -0.35177601 0.16000000
v 3.19814970 -0.34565546 0.16000000
v 3.20752658 -0.35127297 0.16000000
v 3.19996795 -0.34056810 0.16000000
v 3.20990086 -0.35059949 0.16000000
v 3.20906597 -0.35067633 0.16000000
v 3.32563519 -0.23426905 0.16000000
v 3.31255311 -0.22580095 0.16000000
v 3.32561845 -0.23531270 0.16000000
v 3.30938226 -0.22631945 0.16000000
v 3.32577150 -0.23613012 0.16000000
v 3.32607042 -0.23690159 0.16000000
v 3.33799904 -0.22869227 0.16000000
v 3.33370028 -0.23218329 0.16000000
v 3.33674574 -0.22741003 0.16000000
v 3.33314139 -0.23156930 0.16000000
v 3.33247759 -0.23106735 0.16000000
v 3.33538093 -0.22624620 0.16000000
v 3.33173530 -0.23069715 0.16000000
v 3.33338412 -0.22493380 0.16000000
v 3.33093519 -0.23046863 0.16000000
v 3.33122685 -0.22390369 0.16000000
v 3.33010711 -0.23039145 0.16000000
v 3.32809547 -0.23086395 0.16000000
v 3.32480424 -0.22267633 0.16000000
v 3.32571047 -0.35613448 0.16000000
v 3.33453148 -0.35593486 0.16000000
v 3.34223249 -0.34786450 0.16000000
v 3.33211125 -0.35107136 0.16000000
v 3.34004997 -0.34062087 0.16000000
v 3.33114092 -0.35071236 0.16000000
v 3.33010909 -0.35059950 0.16000000
v 3.33919911 -0.33755329 0.16000000
v 3.32927431 -0.35067630 0.16000000
v 3.32847590 -0.35090397 0.16000000
v 3.20090094 -0.35989261 0.16000000
v 3.21519563 -0.36732391 0.16000000
v 3.21698739 -0.36724852 0.16000000
v 3.21362183 -0.35765016 0.16000000
v 3.21934568 -0.36685158 0.16000000
v 3.21436468 -0.35573119 0.16000000
v 3.25680566 -0.35113457 0.16000000
v 3.22744677 -0.36419929 0.16000000
v 3.21438142 -0.35468754 0.16000000
v 3.23061761 -0.36368079 0.16000000
v 3.21422837 -0.35387012 0.16000000
v 3.21392945 -0.35309865 0.16000000
v 3.20826753 -0.35090403 0.16000000
v 3.19867991 -0.34389053 0.16000000
v 3.20707806 -0.23840986 0.16000000
v 3.19816819 -0.24442506 0.16000000
v 3.25500786 -0.23367223 0.16000000
v 3.20083603 -0.25260635 0.16000000
v 3.21108328 -0.23924193 0.16000000
v 3.20134579 -0.25586796 0.16000000
v 3.21206856 -0.23885231 0.16000000
v 3.20148739 -0.25917762 0.16000000
v 3.21292317 -0.23823208 0.16000000
v 3.20125695 -0.26248188 0.16000000
v 3.25511270 -0.23291573 0.16000000
v 3.21359172 -0.23748310 0.16000000
v 3.22743937 -0.22579917 0.16000000
v 3.21271389 -0.23138128 0.16000000
v 3.25548866 -0.22140504 0.16000000
v 3.26072956 -0.22056305 0.16000000
v 3.25914257 -0.22906857 0.16000000
v 3.24021121 -0.36422053 0.16000000
v 3.25499920 -0.35478547 0.16000000
v 3.24264458 -0.36488293 0.16000000
v 3.25507548 -0.35594387 0.16000000
v 3.25543748 -0.35705797 0.16000000
v 3.25808354 -0.35962389 0.16000000
v 3.27745897 -0.36963919 0.16000000
v 3.26481570 -0.35360178 0.16000000
v 3.26415948 -0.23879348 0.16000000
v 3.27398025 -0.22009379 0.16000000
v 3.26234446 -0.22957779 0.16000000
v 3.26124870 -0.22914344 0.16000000
v 3.25682196 -0.23987128 0.16000000
v 3.25619714 -0.23924633 0.16000000
v 3.19998994 -0.32196941 0.16000000
v 3.25800921 -0.35039753 0.16000000
v 3.20066840 -0.32430555 0.16000000
v 3.25800921 -0.22939755 0.16000000
v 3.26999985 -0.21999983 0.16000000
v 3.26434746 -0.23151952 0.16000000
v 3.26008235 -0.22899538 0.16000000
v 3.25680565 -0.23013460 0.16000000
v 3.34208055 -0.27425070 0.16000000
v 3.29978866 -0.22577971 0.16000000
v 3.33922177 -0.26522019 0.16000000
v 3.25599994 -0.23600012 0.16100000
v 3.25499994 -0.23600012 0.16000000
v 3.25499994 -0.23400012 0.16000000
v 3.25599994 -0.23400012 0.16100000
v 3.26038696 -0.22992630 0.16100000
v 3.26105736 -0.23010633 0.16500000
v 3.25936002 -0.23002978 0.16500000
v 3.26262579 -0.23093566 0.16100000
v 3.26315134 -0.23138955 0.16500000
v 3.26372948 -0.23245943 0.16100000
v 3.26406340 -0.23399661 0.16500000
v 3.26401446 -0.23399941 0.16100000
v 3.25757585 -0.23074854 0.16500000
v 3.25788512 -0.23055201 0.16100000
v 3.25660832 -0.23184057 0.16100000
v 3.25616664 -0.23266572 0.16500000
v 3.25590772 -0.23399473 0.16100000
v 3.25599994 -0.23400012 0.16500000
v 3.26399994 -0.23400012 0.16100000
v 3.26499994 -0.23600012 0.16000000
v 3.26399994 -0.23600012 0.16100000
v 3.26499994 -0.23400012 0.16000000
v 3.26415866 -0.23879245 0.15999872
v 3.26338651 -0.23816170 0.16099839
v 3.26461842 -0.23791522 0.16000000
v 3.26491395 -0.23697325 0.15999856
v 3.26387300 -0.23703603 0.16099926
v 3.26353547 -0.23953562 0.16000000
v 3.26282837 -0.23882852 0.16100000
v 3.26400977 -0.23600123 0.16099978
v 3.26499994 -0.23600012 0.16000000
v 3.25918514 -0.23993555 0.16099684
v 3.25950783 -0.24098398 0.15999942
v 3.25835744 -0.24073020 0.15999857
v 3.26031430 -0.23999156 0.16099994
v 3.26068616 -0.24095999 0.15999859
v 3.26142157 -0.23975840 0.16099687
v 3.26235944 -0.24041650 0.15999858
v 3.26154380 -0.24075573 0.16000000
v 3.26240461 -0.23920148 0.16099995
v 3.26354789 -0.23955258 0.15999795
v 3.26282837 -0.23882852 0.16100000
v 3.25796062 -0.23945273 0.16099815
v 3.25755574 -0.24036192 0.16000000
v 3.25682263 -0.23987125 0.15999953
v 3.25707602 -0.23874678 0.16099947
v 3.25619714 -0.23924633 0.16000000
v 3.25567948 -0.23853269 0.15999951
v 3.25642665 -0.23782207 0.16099837
v 3.25610577 -0.23693658 0.16099994
v 3.25530864 -0.23772982 0.16000000
v 3.25507081 -0.23688048 0.15999859
v 3.25499994 -0.23600012 0.16000000
v 3.25598909 -0.23600149 0.16099897
v 3.26012445 -0.35900865 0.16099882
v 3.26141875 -0.35875964 0.16099704
v 3.26015791 -0.36001057 0.15999854
v 3.26131981 -0.35982833 0.15999955
v 3.26241472 -0.35939391 0.15999849
v 3.26336408 -0.35870587 0.15999966
v 3.26269030 -0.35798551 0.16099737
v 3.26443926 -0.35731010 0.15999967
v 3.26397154 -0.35804481 0.15999966
v 3.26347158 -0.35700339 0.16099914
v 3.26392059 -0.35586977 0.16099783
v 3.26477322 -0.35650321 0.15999967
v 3.26496135 -0.35565434 0.15999970
v 3.26399993 -0.35500011 0.16100000
v 3.26499993 -0.35500011 0.16000000
v 3.25898173 -0.35990031 0.15999961
v 3.25918713 -0.35892093 0.16099967
v 3.25808432 -0.35962373 0.15999955
v 3.25811711 -0.35855140 0.16099706
v 3.25725251 -0.35918276 0.15999957
v 3.25721293 -0.35787613 0.16099967
v 3.25651742 -0.35859367 0.15999958
v 3.25590510 -0.35787656 0.15999960
v 3.25661259 -0.35714903 0.16099883
v 3.25543809 -0.35705831 0.15999958
v 3.25614867 -0.35611990 0.16099883
v 3.25507716 -0.35594451 0.15999844
v 3.25599020 -0.35500146 0.16099774
v 3.25499994 -0.35500011 0.16000000
v 3.21060186 -0.23893854 0.16039965
v 3.21003930 -0.23940538 0.15999866
v 3.20944344 -0.23899093 0.16039698
v 3.21108379 -0.23924139 0.15999961
v 3.21152694 -0.23866863 0.16039878
v 3.21206844 -0.23885084 0.15999861
v 3.21315685 -0.23740860 0.16039766
v 3.21292348 -0.23823144 0.15999972
v 3.21236072 -0.23817780 0.16039967
v 3.21359136 -0.23748175 0.15999891
v 3.21375627 -0.23630190 0.16039913
v 3.21405654 -0.23662063 0.15999973
v 3.21433750 -0.23568051 0.15999901
v 3.21402555 -0.23490214 0.16039925
v 3.21439584 -0.23489602 0.16000000
v 3.20898029 -0.23930645 0.15999965
v 3.20797493 -0.23897825 0.15999859
v 3.20832362 -0.23868731 0.16039966
v 3.20731877 -0.23811115 0.16039702
v 3.20707877 -0.23841003 0.15999967
v 3.20633135 -0.23766081 0.15999872
v 3.20642370 -0.23709845 0.16039881
v 3.20579050 -0.23674894 0.15999961
v 3.20594841 -0.23604384 0.16039871
v 3.20546558 -0.23574658 0.15999849
v 3.20578613 -0.23489738 0.16039747
v 3.20539583 -0.23489602 0.16000000
v 3.21346061 -0.35306975 0.16039963
v 3.21336894 -0.35222470 0.15999885
v 3.21392914 -0.35309864 0.15999972
v 3.21289215 -0.35229006 0.16039875
v 3.21384349 -0.35395636 0.16039868
v 3.21422808 -0.35387014 0.15999971
v 3.21438107 -0.35468753 0.15999964
v 3.21399529 -0.35490862 0.16039962
v 3.21436276 -0.35573065 0.15999802
v 3.21394064 -0.35582974 0.16039924
v 3.21402268 -0.35692677 0.15999871
v 3.21354968 -0.35700535 0.16039796
v 3.21349431 -0.35781335 0.15999958
v 3.21280209 -0.35800884 0.16039849
v 3.21307783 -0.35828621 0.16000000
v 3.21260879 -0.35150817 0.15999962
v 3.21182171 -0.35146265 0.16039674
v 3.21190275 -0.35107143 0.15999974
v 3.21093192 -0.35071329 0.15999887
v 3.21072627 -0.35108560 0.16039962
v 3.20990042 -0.35059977 0.15999971
v 3.20957209 -0.35099820 0.16039685
v 3.20906557 -0.35067677 0.15999963
v 3.20844398 -0.35126579 0.16039962
v 3.20826715 -0.35090448 0.15999970
v 3.20752624 -0.35127363 0.15999961
v 3.20758890 -0.35170233 0.16039874
v 3.20670732 -0.35191373 0.15999783
v 3.20699674 -0.35220501 0.16040000
v 3.20641554 -0.35290329 0.16039790
v 3.20606722 -0.35273095 0.15999981
v 3.20670386 -0.35191433 0.16000000
v 3.20717590 -0.35818542 0.16039870
v 3.20797408 -0.35873016 0.16039963
v 3.20752264 -0.35893275 0.15999969
v 3.20685884 -0.35843087 0.15999969
v 3.20826494 -0.35930300 0.15999977
v 3.20887046 -0.35908497 0.16039873
v 3.20906516 -0.35953138 0.15999969
v 3.21002390 -0.35921270 0.16039871
v 3.20989318 -0.35960852 0.15999972
v 3.21097654 -0.35906379 0.16039964
v 3.21092760 -0.35949626 0.15999889
v 3.21190482 -0.35913571 0.15999966
v 3.21187423 -0.35870804 0.16039873
v 3.21260913 -0.35869970 0.15999972
v 3.21280300 -0.35801338 0.16040071
v 3.21307783 -0.35828621 0.16000000
v 3.20629995 -0.35781692 0.15999967
v 3.20631685 -0.35714288 0.16039676
v 3.20586379 -0.35711212 0.15999970
v 3.20550363 -0.35613508 0.15999887
v 3.20581950 -0.35569182 0.16039661
v 3.20539162 -0.35510128 0.15999963
v 3.20546875 -0.35427348 0.15999961
v 3.20587428 -0.35421490 0.16039808
v 3.20569728 -0.35347308 0.15999959
v 3.20699674 -0.35220501 0.16040000
v 3.33310046 -0.35229030 0.16039876
v 3.33343647 -0.35207379 0.15999967
v 3.33393590 -0.35273649 0.15999972
v 3.33366849 -0.35306940 0.16039963
v 3.33430442 -0.35347730 0.15999976
v 3.33405126 -0.35395524 0.16039868
v 3.33453127 -0.35427352 0.15999969
v 3.33453095 -0.35593441 0.15999940
v 3.33414871 -0.35583015 0.16039924
v 3.33460849 -0.35510141 0.15999978
v 3.33420352 -0.35490871 0.16039962
v 3.33423053 -0.35692753 0.15999873
v 3.33375791 -0.35700503 0.16039794
v 3.33370304 -0.35781255 0.15999956
v 3.33301021 -0.35800884 0.16039846
v 3.33328604 -0.35828621 0.16000000
v 3.33281690 -0.35150815 0.15999964
v 3.33235577 -0.35167321 0.16039962
v 3.33211083 -0.35107143 0.15999974
v 3.33149662 -0.35123674 0.16039870
v 3.33113996 -0.35071328 0.15999887
v 3.33055309 -0.35102544 0.16039966
v 3.33010866 -0.35059977 0.15999972
v 3.32958840 -0.35102661 0.16039876
v 3.32927392 -0.35067674 0.15999963
v 3.32865256 -0.35126564 0.16039963
v 3.32847552 -0.35090444 0.15999970
v 3.32773426 -0.35127368 0.15999961
v 3.32779717 -0.35170224 0.16039874
v 3.32691553 -0.35191374 0.15999784
v 3.32720483 -0.35220502 0.16040000
v 3.32662362 -0.35290358 0.16039787
v 3.32627511 -0.35273130 0.15999980
v 3.32691204 -0.35191432 0.16000001
v 3.32706783 -0.35843165 0.15999971
v 3.32752688 -0.35831697 0.16039674
v 3.32773087 -0.35893277 0.15999971
v 3.32889005 -0.35904078 0.16039684
v 3.32847298 -0.35930298 0.15999977
v 3.32927359 -0.35953143 0.15999969
v 3.33023206 -0.35921270 0.16039872
v 3.33010132 -0.35960851 0.15999972
v 3.33118486 -0.35906376 0.16039964
v 3.33113549 -0.35949632 0.15999891
v 3.33211231 -0.35913604 0.15999967
v 3.33208288 -0.35870773 0.16039873
v 3.33281715 -0.35869984 0.15999972
v 3.33301109 -0.35801336 0.16040070
v 3.33328604 -0.35828621 0.16000000
v 3.32650823 -0.35781718 0.15999969
v 3.32652526 -0.35714320 0.16039673
v 3.32607172 -0.35711180 0.15999969
v 3.32571155 -0.35613432 0.15999890
v 3.32602770 -0.35569217 0.16039662
v 3.32559972 -0.35510129 0.15999964
v 3.32567669 -0.35427470 0.15999960
v 3.32608249 -0.35421456 0.16039810
v 3.32590492 -0.35347449 0.15999957
v 3.32720483 -0.35220502 0.16040000
v 3.33366876 -0.23286172 0.16039963
v 3.33369991 -0.23218325 0.15999972
v 3.33413608 -0.23288812 0.15999971
v 3.33310073 -0.23208255 0.16039870
v 3.33405135 -0.23374728 0.16039872
v 3.33449621 -0.23386521 0.15999884
v 3.33453098 -0.23572648 0.15999941
v 3.33414868 -0.23562216 0.16039922
v 3.33460840 -0.23489926 0.15999978
v 3.33420354 -0.23470049 0.16039964
v 3.33430264 -0.23652725 0.15999967
v 3.33375786 -0.23679710 0.16039802
v 3.33393259 -0.23726901 0.15999962
v 3.33314101 -0.23156939 0.15999966
v 3.33329604 -0.23808597 0.16000007
v 3.33301020 -0.23780074 0.16039844
v 3.33247720 -0.23106743 0.15999972
v 3.33235578 -0.23146500 0.16039961
v 3.33149543 -0.23102817 0.16039873
v 3.33173483 -0.23069724 0.15999974
v 3.33093471 -0.23046888 0.15999966
v 3.33035982 -0.23079400 0.16039871
v 3.33010663 -0.23039171 0.15999974
v 3.32901615 -0.23092349 0.16039673
v 3.32907227 -0.23050403 0.15999885
v 3.32809501 -0.23086445 0.15999975
v 3.32779726 -0.23149408 0.16039870
v 3.32739087 -0.23130051 0.15999968
v 3.32720484 -0.23199693 0.16040000
v 3.32692204 -0.23171402 0.16000000
v 3.32662382 -0.23269521 0.16039783
v 3.32627284 -0.23252656 0.15999979
v 3.32691199 -0.23170606 0.16000006
v 3.32739106 -0.23849207 0.15999964
v 3.32768606 -0.23821960 0.16039865
v 3.32809705 -0.23892874 0.15999972
v 3.32663086 -0.23777545 0.15999885
v 3.32889046 -0.23883272 0.16039680
v 3.32906786 -0.23928700 0.15999895
v 3.32673299 -0.23726250 0.16039678
v 3.33023255 -0.23900464 0.16039874
v 3.33009940 -0.23940046 0.15999971
v 3.33118536 -0.23885540 0.16039962
v 3.33093431 -0.23932351 0.15999967
v 3.33300313 -0.23779523 0.16040000
v 3.33329236 -0.23808629 0.15999755
v 3.33225423 -0.23841024 0.16039683
v 3.33173275 -0.23909574 0.15999970
v 3.33247367 -0.23872666 0.15999968
v 3.32607075 -0.23690162 0.15999971
v 3.32577175 -0.23613010 0.15999975
v 3.32615675 -0.23604319 0.16039871
v 3.32561888 -0.23531280 0.15999959
v 3.32600515 -0.23509373 0.16039961
v 3.32563642 -0.23426946 0.15999871
v 3.32608256 -0.23400610 0.16039810
v 3.32590384 -0.23326915 0.15999956
v 3.32720484 -0.23199693 0.16040000
v 3.19998994 -0.32196941 0.16000000
v 3.19913811 -0.32038632 0.19800000
v 3.19893028 -0.32023842 0.15999999
v 3.19608386 -0.31805815 0.16000000
v 3.19606731 -0.31808974 0.19799999
v 3.19999054 -0.32196955 0.17553888
v 3.20004918 -0.32209473 0.17575723
v 3.20023224 -0.32252231 0.19799999
v 3.20023224 -0.32252231 0.17599999
v 3.20054610 -0.33879001 0.16000000
v 3.19916734 -0.34285249 0.17199999
v 3.20096277 -0.33686043 0.17199999
v 3.19909693 -0.34282481 0.16000000
v 3.20144355 -0.33281260 0.17201540
v 3.20144622 -0.33312337 0.15999999
v 3.20125926 -0.32761170 0.17314780
v 3.20136024 -0.32827925 0.16000000
v 3.20145746 -0.32997915 0.17244762
v 3.20147944 -0.33150381 0.17215479
v 3.20075456 -0.32462550 0.17430043
v 3.20007517 -0.32194338 0.16000000
v 3.19998994 -0.32196941 0.17553440
v 3.21952061 -0.36684803 0.17200000
v 3.22220802 -0.36598864 0.16000000
v 3.22217523 -0.36590311 0.17200000
v 3.21682148 -0.36730379 0.16000000
v 3.21534671 -0.36734835 0.17200000
v 3.21204595 -0.36707926 0.16000000
v 3.19966981 -0.35804863 0.17200000
v 3.20043089 -0.35928450 0.16000000
v 3.20249360 -0.36187272 0.17200000
v 3.19765169 -0.34965336 0.16000000
v 3.19821391 -0.35437170 0.16000000
v 3.19792079 -0.35295411 0.17200000
v 3.19772837 -0.34758815 0.17200000
v 3.19815202 -0.34547940 0.16000000
v 3.19906645 -0.34281304 0.17200000
v 3.19909693 -0.34282481 0.16000000
v 3.20312733 -0.36250645 0.16000000
v 3.20571555 -0.36456916 0.17200000
v 3.20695140 -0.36533024 0.16000000
v 3.21062836 -0.36678615 0.17200000
v 3.23060441 -0.36367958 0.16000000
v 3.23561158 -0.36352313 0.16000000
v 3.23225346 -0.36355687 0.17201958
v 3.23928177 -0.36402141 0.17384363
v 3.23638292 -0.36363084 0.17281974
v 3.24405126 -0.36519962 0.16000001
v 3.24401477 -0.36530593 0.17599312
v 3.23420314 -0.36352192 0.17226636
v 3.22773150 -0.36409411 0.17200000
v 3.22568867 -0.36459897 0.16000000
v 3.22216252 -0.36587096 0.17200000
v 3.22217523 -0.36590311 0.16000000
v 3.29599993 -0.36534921 0.17600000
v 3.30166262 -0.36309147 0.19799999
v 3.28898663 -0.36767924 0.19800000
v 3.29600967 -0.36537670 0.16000000
v 3.31421145 -0.23437523 0.17600000
v 3.30655372 -0.22945297 0.17600000
v 3.30775515 -0.23014251 0.19800000
v 3.30079286 -0.22659322 0.19800000
v 3.29602722 -0.22457555 0.17599999
v 3.29340123 -0.22369654 0.19800000
v 3.29599994 -0.22465103 0.16000000
v 3.28947861 -0.22250977 0.16000000
v 3.28460529 -0.22139673 0.19799999
v 3.27794670 -0.22033694 0.16000000
v 3.34089190 -0.31967746 0.19800000
v 3.34034903 -0.32100012 0.16000000
v 3.34216589 -0.31557417 0.16000000
v 3.34499872 -0.29382004 0.16000000
v 3.34499825 -0.29475306 0.19136033
v 3.34499532 -0.29575518 0.19144842
v 3.34473478 -0.28740894 0.19799987
v 3.34495810 -0.29253499 0.19614691
v 3.34494623 -0.29209836 0.19518409
v 3.34042441 -0.26897287 0.17599999
v 3.33554977 -0.25845174 0.17600000
v 3.33840819 -0.26421025 0.19800000
v 3.33485859 -0.25724674 0.19800001
v 3.34196736 -0.27353895 0.19800001
v 3.34216431 -0.27442269 0.16000000
v 3.34034903 -0.26900013 0.16000000
v 3.26872537 -0.21999710 0.16000000
v 3.27553458 -0.22015709 0.19800000
v 3.26078237 -0.22051501 0.16000000
v 3.26529054 -0.22008239 0.19800000
v 3.25539696 -0.22139637 0.19799999
v 3.25051967 -0.22250995 0.16000000
v 3.24756084 -0.22340558 0.19800000
v 3.23887756 -0.22671543 0.17600000
v 3.23200009 -0.23028970 0.19800000
v 3.24009629 -0.22617307 0.19800000
v 3.23079850 -0.23100964 0.17600000
v 3.24399994 -0.22465103 0.16000000
v 3.24399994 -0.22465103 0.17600000
v 3.22442832 -0.23537898 0.19799999
v 3.22323075 -0.23631243 0.17600000
v 3.21692513 -0.24192387 0.19799999
v 3.21694698 -0.24194650 0.17600000
v 3.31441801 -0.23454396 0.19800000
v 3.32124407 -0.24016506 0.17600000
v 3.32047037 -0.23945881 0.19800001
v 3.32840261 -0.24779233 0.19799999
v 3.32916238 -0.24875389 0.17600001
v 3.34446353 -0.28529075 0.16000001
v 3.34495939 -0.29253453 0.19265371
v 3.34497938 -0.29327071 0.19189744
v 3.34494033 -0.29200976 0.19440000
v 3.34409448 -0.30687805 0.16000000
v 3.34490513 -0.29913400 0.16000000
v 3.34484429 -0.30053724 0.19799992
v 3.34355966 -0.30984109 0.19800001
v 3.34034903 -0.32100012 0.17600000
v 3.33753430 -0.32781683 0.17600001
v 3.33592865 -0.33094865 0.19799999
v 3.33187342 -0.33747379 0.17600000
v 3.32975286 -0.34040356 0.19800001
v 3.32559451 -0.34542690 0.17600000
v 3.32464009 -0.34640297 0.19800000
v 3.31830810 -0.35243478 0.17600000
v 3.31902770 -0.35181749 0.19800000
v 3.31151431 -0.35751791 0.19800000
v 3.31040957 -0.35824068 0.17600000
v 3.30165507 -0.36305226 0.17600000
v 3.28754784 -0.36797018 0.16000000
v 3.27624044 -0.36983078 0.16000000
v 3.26476544 -0.36986739 0.16000000
v 3.26604285 -0.36994244 0.19800000
v 3.24920737 -0.36714302 0.19800000
v 3.23963199 -0.36362327 0.19800000
v 3.24399993 -0.36534921 0.17600000
v 3.24399994 -0.36534921 0.16000000
v 3.25234321 -0.36802144 0.16000000
v 3.23876133 -0.36323066 0.17600000
v 3.23157561 -0.35945931 0.19800000
v 3.23081801 -0.35900137 0.17600000
v 3.22313243 -0.35364183 0.19799999
v 3.21556329 -0.34665397 0.19799999
v 3.22154637 -0.35237987 0.17600000
v 3.20790049 -0.33713106 0.17600000
v 3.21345758 -0.34433994 0.17600000
v 3.20969544 -0.33966312 0.19799999
v 3.20473223 -0.33203391 0.19799999
v 3.20328888 -0.32936355 0.17599999
v 3.20016147 -0.32255158 0.19799999
v 3.20021682 -0.32252867 0.17599999
v 3.25814146 -0.36907597 0.19800000
v 3.27630126 -0.36979882 0.19799999
v 3.34494433 -0.29209835 0.19361622
v 3.34497831 -0.29328731 0.19691584
v 3.34499418 -0.29524711 0.19743966
v 3.34499887 -0.29424529 0.19735163
v 3.34499983 -0.29500012 0.19800000
v 3.34499273 -0.29396621 0.19153830
v 3.34495828 -0.29746598 0.19614590
v 3.34497811 -0.29673043 0.19690186
v 3.34498493 -0.29650406 0.19176350
v 3.34496954 -0.29712897 0.19224168
v 3.34495012 -0.29772241 0.19311029
v 3.34493748 -0.29799006 0.19413056
v 3.34494611 -0.29790205 0.19518344
v 3.34499273 -0.29603413 0.19726170
v 3.30069847 -0.36402528 0.17385201
v 3.30438683 -0.36352312 0.16000000
v 3.30368455 -0.36362526 0.17280015
v 3.29594849 -0.36519929 0.16000001
v 3.29598522 -0.36530637 0.17599295
v 3.30578428 -0.36352230 0.17227275
v 3.30773066 -0.36355595 0.17202017
v 3.30939395 -0.36367955 0.16000000
v 3.31227104 -0.36409458 0.17200000
v 3.31431103 -0.36459931 0.16000000
v 3.31783739 -0.36587086 0.17200000
v 3.31782463 -0.36590312 0.16000000
v 3.32793124 -0.36705666 0.16000000
v 3.33234227 -0.36568060 0.16000000
v 3.32710655 -0.36724106 0.17200000
v 3.33841576 -0.36080999 0.17200000
v 3.33865870 -0.36061205 0.16000000
v 3.34068043 -0.35734246 0.17200000
v 3.34098013 -0.35655031 0.16000000
v 3.34205648 -0.35293144 0.17200000
v 3.34224088 -0.35210673 0.16000000
v 3.34234680 -0.34885673 0.17200000
v 3.34213427 -0.34686858 0.16000000
v 3.34103119 -0.34277581 0.17199999
v 3.34093178 -0.34281365 0.16000000
v 3.33561188 -0.36365887 0.17200000
v 3.33580984 -0.36341591 0.16000000
v 3.33155017 -0.36598029 0.17200000
v 3.32385655 -0.36734698 0.16000000
v 3.32186841 -0.36713444 0.17200000
v 3.31777563 -0.36603136 0.16000001
v 3.31781347 -0.36593195 0.17200000
v 3.33855670 -0.33274659 0.17201959
v 3.33867941 -0.33439561 0.16000001
v 3.33852295 -0.32938848 0.16000000
v 3.33902123 -0.32571830 0.17384363
v 3.33863066 -0.32861712 0.17281974
v 3.34019945 -0.32094879 0.16000001
v 3.34030575 -0.32098529 0.17599313
v 3.33852175 -0.33079691 0.17226636
v 3.33909393 -0.33726856 0.17200000
v 3.33959880 -0.33931138 0.16000000
v 3.34087079 -0.34283753 0.17200000
v 3.34090294 -0.34282481 0.16000000
v 3.33902509 -0.26430158 0.17385201
v 3.33852294 -0.26061323 0.16000000
v 3.33862507 -0.26131551 0.17280016
v 3.34019911 -0.26905157 0.16000001
v 3.34030620 -0.26901484 0.17599294
v 3.33852212 -0.25921578 0.17227275
v 3.33855577 -0.25726940 0.17202017
v 3.33867938 -0.25560611 0.16000001
v 3.33909441 -0.25272902 0.17200000
v 3.33959915 -0.25068903 0.16000000
v 3.34087069 -0.24716267 0.17200000
v 3.34090294 -0.24717543 0.16000000
v 3.33721039 -0.22778988 0.16000000
v 3.33590315 -0.22660856 0.17200000
v 3.33910596 -0.23003261 0.17200000
v 3.34008168 -0.23156395 0.16000001
v 3.34129262 -0.23417917 0.17200000
v 3.34184332 -0.23596875 0.16000000
v 3.34230833 -0.23875413 0.17200000
v 3.34236432 -0.24186590 0.16000000
v 3.34208275 -0.24343404 0.17200000
v 3.34093246 -0.24718688 0.16000001
v 3.34092135 -0.24718257 0.17200000
v 3.33343483 -0.22491695 0.16000000
v 3.33191104 -0.22415055 0.17200000
v 3.32903219 -0.22315567 0.16000000
v 3.32741216 -0.22283183 0.17200000
v 3.32313271 -0.22263440 0.16000000
v 3.32272730 -0.22274546 0.17200000
v 3.31780075 -0.22403515 0.17199999
v 3.31781307 -0.22406726 0.16000000
v 3.30939546 -0.22632065 0.16000000
v 3.30438829 -0.22647711 0.16000000
v 3.30774641 -0.22644337 0.17201959
v 3.30071811 -0.22597883 0.17384363
v 3.30361694 -0.22636940 0.17281974
v 3.29594861 -0.22480062 0.16000001
v 3.29598510 -0.22469431 0.17599313
v 3.30579673 -0.22647832 0.17226636
v 3.31226837 -0.22590613 0.17200000
v 3.31431121 -0.22540127 0.16000000
v 3.31783736 -0.22412927 0.17200000
v 3.31782464 -0.22409713 0.16000000
v 3.23930140 -0.22597496 0.17385201
v 3.23561305 -0.22647712 0.16000000
v 3.23631533 -0.22637498 0.17280015
v 3.24405138 -0.22480095 0.16000001
v 3.24401465 -0.22469386 0.17599294
v 3.23421559 -0.22647794 0.17227274
v 3.23226921 -0.22644429 0.17202016
v 3.23060592 -0.22632068 0.16000000
v 3.22772883 -0.22590566 0.17200000
v 3.22568884 -0.22540092 0.16000000
v 3.22216248 -0.22412938 0.17200000
v 3.22217524 -0.22409712 0.16000000
v 3.21206863 -0.22294358 0.16000000
v 3.20765760 -0.22431964 0.16000000
v 3.21289332 -0.22275918 0.17200000
v 3.20158412 -0.22919025 0.17200000
v 3.20134117 -0.22938819 0.15999999
v 3.19931944 -0.23265778 0.17200000
v 3.19901974 -0.23344993 0.16000000
v 3.19794339 -0.23706880 0.17200000
v 3.19775899 -0.23789351 0.16000000
v 3.19765307 -0.24114351 0.17200000
v 3.19786561 -0.24313166 0.16000000
v 3.19896868 -0.24722443 0.17199999
v 3.19906809 -0.24718659 0.16000000
v 3.20438799 -0.22634137 0.17200000
v 3.20419003 -0.22658433 0.16000000
v 3.20844971 -0.22401996 0.17200000
v 3.21614332 -0.22265326 0.16000000
v 3.21813147 -0.22286580 0.17200000
v 3.22222424 -0.22396888 0.16000000
v 3.22218641 -0.22406828 0.17200000
v 3.20124515 -0.26315918 0.16000000
v 3.20147864 -0.25874892 0.17219400
v 3.20139057 -0.25592110 0.16000000
v 3.20144659 -0.25724779 0.17201951
v 3.20144312 -0.26029833 0.17251391
v 3.20125792 -0.26238210 0.17314552
v 3.20075487 -0.26537490 0.17429934
v 3.19998994 -0.26803081 0.16000000
v 3.19998994 -0.26803081 0.17553440
v 3.20081751 -0.25232044 0.17199999
v 3.20029265 -0.25040315 0.16000000
v 3.19911738 -0.24716736 0.17199999
v 3.19909693 -0.24717542 0.16000000
v 3.19919396 -0.26952293 0.19799999
v 3.19998994 -0.26803081 0.16000000
v 3.19903085 -0.26961768 0.15999999
v 3.20004920 -0.26790547 0.17575726
v 3.19999057 -0.26803067 0.17553903
v 3.20023224 -0.26747791 0.19799999
v 3.20023224 -0.26747791 0.17599999
v 3.19609694 -0.27196466 0.16000000
v 3.19607237 -0.27191915 0.19799999
v 3.19487772 -0.27265848 0.15999999
v 3.19599015 -0.27177432 0.19799999
v 3.19605084 -0.27187872 0.16000000
v 3.19399993 -0.27506462 0.16000000
v 3.19401146 -0.27506163 0.17664373
v 3.19402007 -0.27461319 0.17759161
v 3.19405645 -0.27440268 0.17921052
v 3.19416954 -0.27381362 0.19799999
v 3.19408535 -0.27424630 0.15999999
v 3.19405574 -0.27444222 0.17838675
v 3.19403584 -0.27455983 0.18018946
v 3.19400855 -0.27483638 0.18094180
v 3.19399993 -0.27506462 0.19799999
v 3.19400002 -0.27506460 0.18135384
v 3.19399993 -0.30879042 0.16659373
v 3.19399993 -0.30800911 0.16579967
v 3.19399993 -0.31493562 0.16000000
v 3.19399993 -0.27506462 0.17664639
v 3.19399993 -0.27506462 0.16000000
v 3.19399993 -0.28120902 0.16659487
v 3.19399993 -0.31493562 0.17664639
v 3.19399993 -0.30689346 0.16517188
v 3.19399993 -0.30580780 0.16491863
v 3.19399993 -0.28419106 0.16491870
v 3.19399993 -0.28310682 0.16517289
v 3.19399993 -0.28199025 0.16579914
v 3.19605084 -0.31812151 0.16000000
v 3.19605084 -0.31812151 0.19799999
v 3.19491970 -0.31738341 0.19799999
v 3.19480829 -0.31726144 0.16000000
v 3.19409297 -0.31579340 0.19799999
v 3.19408058 -0.31572616 0.15999999
v 3.19405574 -0.31555801 0.17961323
v 3.19402006 -0.31538705 0.18040839
v 3.19403583 -0.31544041 0.17781054
v 3.19400854 -0.31516385 0.17705819
v 3.19399993 -0.31493562 0.19799999
v 3.19401146 -0.31493860 0.18135625
v 3.19405621 -0.31559760 0.17878946
v 3.19399993 -0.31493562 0.16000000
v 3.19400002 -0.31493563 0.17664614
v 3.25599994 -0.23600012 0.16500000
v 3.25599994 -0.23400012 0.16100000
v 3.25599994 -0.23400012 0.16500000
v 3.25599994 -0.23600012 0.16100000
v 3.26397331 -0.23658511 0.16500000
v 3.26105557 -0.23986219 0.16500000
v 3.26012516 -0.24000978 0.16500000
v 3.26043824 -0.23001975 0.16500000
v 3.26399241 -0.23372269 0.16500000
v 3.26278539 -0.23112337 0.16500000
v 3.26219890 -0.23065354 0.16500000
v 3.26364857 -0.23235030 0.16500000
v 3.26389335 -0.23306372 0.16500000
v 3.26327511 -0.23169608 0.16500000
v 3.26135824 -0.23022537 0.16500000
v 3.26255211 -0.23909539 0.16500000
v 3.26176118 -0.23959564 0.16500000
v 3.26328586 -0.23829871 0.16500000
v 3.26369973 -0.23753023 0.16500000
v 3.25968464 -0.23000821 0.16500000
v 3.25918763 -0.23992137 0.16500000
v 3.25600742 -0.23628326 0.16500000
v 3.25846614 -0.23969928 0.16500000
v 3.25721306 -0.23887671 0.16500000
v 3.25661204 -0.23815031 0.16500000
v 3.25780029 -0.23934694 0.16500000
v 3.25614778 -0.23712095 0.16500000
v 3.25601462 -0.23358069 0.16500000
v 3.25894311 -0.23013773 0.16500000
v 3.25823814 -0.23040421 0.16500000
v 3.25759706 -0.23079684 0.16500000
v 3.25705334 -0.23128949 0.16500000
v 3.25618232 -0.23279686 0.16500000
v 3.25652730 -0.23199698 0.16500000
v 3.26399994 -0.23400012 0.16500000
v 3.26399994 -0.23600012 0.16100000
v 3.26399994 -0.23600012 0.16500000
v 3.26399994 -0.23400012 0.16100000
v 3.25968430 -0.24005808 0.16500000
v 3.25885730 -0.23992941 0.16100000
v 3.25758164 -0.23923078 0.16500000
v 3.25647546 -0.23808122 0.16100000
v 3.25622164 -0.23749730 0.16500000
v 3.25598552 -0.23600082 0.16100000
v 3.25599994 -0.23600012 0.16500000
v 3.26142989 -0.23978332 0.16100000
v 3.26227967 -0.23937806 0.16500000
v 3.26291496 -0.23876784 0.16100000
v 3.26373170 -0.23754574 0.16500000
v 3.26384014 -0.23726782 0.16100000
v 3.26401190 -0.23600068 0.16500000
v 3.26399994 -0.23600012 0.16100000
v 3.25961296 -0.35907395 0.16100000
v 3.25894249 -0.35889391 0.16500000
v 3.26063991 -0.35897045 0.16500000
v 3.25752660 -0.35817215 0.16100000
v 3.25684863 -0.35761084 0.16500000
v 3.25633341 -0.35672396 0.16100000
v 3.25593647 -0.35500361 0.16500000
v 3.25598538 -0.35500082 0.16100000
v 3.26242404 -0.35825170 0.16500000
v 3.26211473 -0.35844825 0.16100000
v 3.26339161 -0.35715965 0.16100000
v 3.26383319 -0.35633468 0.16500000
v 3.26409214 -0.35500551 0.16100000
v 3.26399993 -0.35500011 0.16500000
v 3.21093023 -0.23888563 0.17359999
v 3.20949929 -0.23907174 0.16040000
v 3.20919250 -0.23897161 0.17359999
v 3.21206391 -0.23843018 0.16040000
v 3.21266842 -0.23799127 0.17359999
v 3.21337228 -0.23710957 0.16040000
v 3.21377205 -0.23630826 0.17359999
v 3.21409039 -0.23490160 0.16040000
v 3.21400818 -0.23489661 0.17359999
v 3.20741691 -0.23820738 0.17359999
v 3.20736104 -0.23814764 0.16040000
v 3.20613738 -0.23666242 0.16040000
v 3.20602331 -0.23643075 0.17359999
v 3.20578103 -0.23489675 0.16040000
v 3.20579583 -0.23489602 0.17359999
v 3.20957030 -0.35926331 0.17359999
v 3.21223240 -0.35856685 0.17359999
v 3.21002757 -0.35928092 0.16040000
v 3.21221241 -0.35852457 0.16040000
v 3.21373632 -0.35676023 0.16040000
v 3.21372032 -0.35668716 0.17359999
v 3.21400812 -0.35510480 0.17359999
v 3.21399583 -0.35510421 0.16040000
v 3.20779348 -0.35865960 0.16040000
v 3.20693033 -0.35807156 0.17359999
v 3.20620663 -0.35705111 0.16040000
v 3.20568542 -0.35511120 0.17359999
v 3.20578164 -0.35510494 0.16040000
v 3.33039232 -0.35921691 0.16040000
v 3.33092996 -0.35917508 0.17360000
v 3.33239895 -0.35858504 0.16040000
v 3.33264912 -0.35834434 0.17360000
v 3.33387099 -0.35685745 0.17360001
v 3.33376272 -0.35700641 0.16040001
v 3.33425899 -0.35510716 0.16040000
v 3.33421633 -0.35510480 0.17360000
v 3.32824983 -0.35886386 0.17359999
v 3.32847741 -0.35892407 0.16040000
v 3.32646552 -0.35718124 0.16040000
v 3.32631845 -0.35684497 0.17360000
v 3.32599059 -0.35510482 0.16040000
v 3.32599560 -0.35510459 0.17360000
v 3.32977874 -0.23905521 0.17360000
v 3.33244073 -0.23835860 0.17360000
v 3.33177305 -0.23876230 0.16040001
v 3.33394439 -0.23655212 0.16040001
v 3.33392840 -0.23647902 0.17360001
v 3.33421635 -0.23489661 0.17360000
v 3.33420403 -0.23489603 0.16040000
v 3.32913083 -0.23891552 0.16040000
v 3.32762466 -0.23820699 0.17360000
v 3.32725851 -0.23791899 0.16040000
v 3.32623104 -0.23642996 0.17360000
v 3.32622227 -0.23628225 0.16040000
v 3.32598987 -0.23489675 0.16040000
v 3.32600404 -0.23489603 0.17360000
v 3.30768985 -0.35985200 0.19800000
v 3.31156045 -0.35744230 0.19800000
v 3.19993930 -0.32185698 0.19799999
v 3.19450662 -0.27323030 0.19799999
v 3.19401816 -0.27465961 0.19799999
v 3.19554274 -0.27215994 0.19799999
v 3.20799167 -0.25279086 0.19799999
v 3.20591623 -0.25603512 0.19799999
v 3.33884982 -0.32476514 0.19800001
v 3.19417114 -0.27398351 0.19799999
v 3.19418514 -0.31605891 0.19799999
v 3.19558484 -0.31786765 0.19799999
v 3.19401966 -0.31535631 0.19799999
v 3.19510504 -0.31748792 0.19799999
v 3.19454733 -0.31683644 0.19799999
v 3.19722045 -0.31876069 0.19799999
v 3.19825344 -0.31960071 0.19799999
v 3.34052145 -0.32055395 0.19800001
v 3.21102311 -0.24864945 0.19799999
v 3.22950704 -0.35813991 0.19800000
v 3.23342302 -0.36048626 0.19800000
v 3.23746989 -0.36258774 0.19800000
v 3.22573819 -0.35555767 0.19799999
v 3.24163476 -0.36443872 0.19800000
v 3.24591089 -0.36603544 0.19800000
v 3.22212317 -0.35274198 0.19799999
v 3.25028377 -0.36737119 0.19800000
v 3.21868308 -0.34970736 0.19799999
v 3.25362253 -0.36819011 0.19800000
v 3.25700011 -0.36887379 0.19800000
v 3.21544419 -0.34647802 0.19799999
v 3.26152754 -0.36952878 0.19800000
v 3.21241248 -0.34306241 0.19799999
v 3.26608087 -0.36990636 0.19800000
v 3.20959864 -0.33947450 0.19799999
v 3.27064153 -0.37000601 0.19800000
v 3.20700817 -0.33572274 0.19799999
v 3.27519483 -0.36982868 0.19800000
v 3.20522443 -0.33280411 0.19799999
v 3.27973366 -0.36937453 0.19800000
v 3.20355878 -0.32981213 0.19799999
v 3.20156174 -0.32570066 0.19799999
v 3.28424254 -0.36864419 0.19800000
v 3.28870374 -0.36763946 0.19800000
v 3.29201463 -0.36669631 0.19800000
v 3.29528117 -0.36562013 0.19799999
v 3.29953819 -0.36394788 0.19799999
v 3.30367758 -0.36202338 0.19800000
v 3.32690043 -0.34387373 0.19800000
v 3.19995485 -0.26811034 0.19799999
v 3.32383327 -0.34723292 0.19800001
v 3.31883570 -0.35193315 0.19800000
v 3.32138553 -0.34963082 0.19800000
v 3.32974929 -0.34034659 0.19800001
v 3.20399020 -0.25937203 0.19799999
v 3.33742544 -0.32784521 0.19800000
v 3.21432290 -0.24473377 0.19799999
v 3.34193946 -0.31623666 0.19800001
v 3.34282204 -0.31294282 0.19800001
v 3.34356964 -0.30962184 0.19800001
v 3.34431923 -0.30514597 0.19800001
v 3.21773565 -0.24119668 0.19799999
v 3.22465352 -0.23525092 0.19799999
v 3.34496584 -0.29725937 0.19800001
v 3.22833829 -0.23262565 0.19800000
v 3.34479557 -0.28935423 0.19800000
v 3.34431921 -0.28485483 0.19800000
v 3.23613976 -0.22806910 0.19800000
v 3.24023713 -0.22614916 0.19800000
v 3.34052183 -0.26944719 0.19800001
v 3.33885091 -0.26523732 0.19800001
v 3.25538451 -0.22142929 0.19800000
v 3.25205904 -0.22217762 0.19800000
v 3.24876137 -0.22306111 0.19800000
v 3.25985464 -0.22068086 0.19800000
v 3.26886894 -0.22000024 0.19800000
v 3.33476901 -0.25716857 0.19800000
v 3.33237441 -0.25333848 0.19800000
v 3.27225918 -0.22003423 0.19800000
v 3.32461804 -0.24360113 0.19800000
v 3.28014579 -0.22068083 0.19800000
v 3.32690263 -0.24612922 0.19800000
v 3.28794264 -0.22217803 0.19800000
v 3.32222829 -0.24116245 0.19800000
v 3.31887299 -0.23809916 0.19800000
v 3.28462166 -0.22143042 0.19800000
v 3.31166197 -0.23262591 0.19800000
v 3.29976496 -0.22615024 0.19800000
v 3.29555376 -0.22447862 0.19800000
v 3.31534640 -0.23525077 0.19800000
v 3.29123647 -0.22306061 0.19800000
v 3.30879684 -0.23081452 0.19800000
v 3.30586255 -0.22912047 0.19800000
v 3.30284504 -0.22757462 0.19799999
v 3.32974914 -0.24965371 0.19800000
v 3.27564456 -0.22020438 0.19800000
v 3.26435405 -0.22020449 0.19800000
v 3.33693097 -0.26113995 0.19800001
v 3.34193896 -0.27376155 0.19800000
v 3.24444700 -0.22447823 0.19800000
v 3.34282245 -0.27705923 0.19800001
v 3.34357077 -0.28038469 0.19800000
v 3.23216838 -0.23023105 0.19800000
v 3.34499982 -0.29386912 0.19800000
v 3.34479568 -0.30064474 0.19800001
v 3.22112903 -0.23809743 0.19799999
v 3.33587959 -0.33086273 0.19800000
v 3.33418554 -0.33379702 0.19800000
v 3.20171296 -0.26395965 0.19799999
v 3.33237415 -0.33666215 0.19800001
v 3.31527845 -0.35480104 0.19800000
v 3.19924382 -0.26929352 0.19799999
v 3.19915497 -0.32058505 0.19799999
v 3.19806174 -0.27059246 0.19799999
v 3.19690654 -0.27142602 0.19799999
v 3.19502504 -0.27258982 0.19799999
v 3.21000762 -0.34012951 0.17600045
v 3.21098589 -0.34188999 0.17480200
v 3.21603107 -0.34709962 0.17599984
v 3.20699318 -0.33620003 0.17494908
v 3.20733242 -0.33840909 0.17416426
v 3.20021051 -0.32252811 0.17599902
v 3.20005331 -0.32209223 0.17575680
v 3.20256601 -0.32780164 0.17599620
v 3.22168681 -0.35240116 0.17599851
v 3.21534247 -0.34685537 0.17481387
v 3.22026440 -0.35151114 0.17499609
v 3.22822679 -0.35742483 0.17544430
v 3.22918819 -0.35796657 0.17599972
v 3.22909233 -0.36023481 0.17400000
v 3.23137794 -0.36161341 0.17400000
v 3.23318772 -0.36199963 0.17407076
v 3.23772312 -0.36275734 0.17599921
v 3.23599584 -0.36201915 0.17526890
v 3.24401694 -0.36533942 0.17599793
v 3.21032350 -0.34052835 0.17543852
v 3.20552766 -0.33329946 0.17599810
v 3.23690095 -0.36298584 0.17455336
v 3.22215925 -0.35395475 0.17430572
v 3.22962950 -0.35904430 0.17445032
v 3.20209424 -0.32828609 0.17449235
v 3.20337707 -0.33024927 0.17483741
v 3.21411044 -0.34685762 0.17416248
v 3.22256048 -0.35564975 0.17399244
v 3.21553910 -0.34944781 0.17398224
v 3.20853135 -0.34139339 0.17399670
v 3.20339805 -0.33363834 0.17399760
v 3.21190451 -0.34555379 0.17399802
v 3.22575210 -0.35803077 0.17399633
v 3.21944868 -0.35309776 0.17400004
v 3.20547344 -0.33703660 0.17399651
v 3.20001774 -0.32195281 0.17552497
v 3.20171244 -0.32709053 0.17472444
v 3.20005970 -0.32208958 0.17575465
v 3.20253234 -0.33003911 0.17426970
v 3.20102337 -0.32598752 0.17374454
v 3.20136470 -0.32863084 0.17282129
v 3.20305580 -0.33217372 0.17406951
v 3.20147844 -0.33076330 0.17227768
v 3.20142028 -0.33346688 0.17195573
v 3.20337606 -0.33362361 0.17400843
v 3.20096076 -0.34362108 0.17400453
v 3.19996666 -0.34057041 0.17200028
v 3.19909693 -0.34282481 0.17200000
v 3.20309790 -0.33619085 0.17399727
v 3.20338664 -0.33362211 0.17400000
v 3.20141053 -0.33347111 0.17201117
v 3.20082170 -0.33745666 0.17200029
v 3.20236571 -0.33955645 0.17400033
v 3.19775176 -0.34801420 0.17199959
v 3.19988474 -0.34715655 0.17399965
v 3.19814848 -0.34565595 0.17199961
v 3.20037636 -0.34510144 0.17399965
v 3.19975417 -0.35138334 0.17399964
v 3.19767614 -0.34980441 0.17200000
v 3.19776412 -0.35159796 0.17199959
v 3.19817646 -0.35395166 0.17199958
v 3.20058513 -0.35498821 0.17400000
v 3.20011872 -0.35346734 0.17399965
v 3.20222753 -0.35830405 0.17399965
v 3.20118810 -0.35646019 0.17399964
v 3.19993469 -0.35838543 0.17199959
v 3.20124722 -0.36038208 0.17199961
v 3.20240983 -0.36174591 0.17200000
v 3.20350787 -0.35999092 0.17399964
v 3.20369347 -0.36299993 0.17199961
v 3.20669191 -0.36276986 0.17399965
v 3.20500782 -0.36149105 0.17399965
v 3.20510744 -0.36409911 0.17200000
v 3.20662017 -0.36506776 0.17199958
v 3.21051096 -0.36459291 0.17399965
v 3.20877579 -0.36609602 0.17199958
v 3.21047584 -0.36666091 0.17200000
v 3.21460066 -0.36732023 0.17199962
v 3.21467186 -0.36532113 0.17399964
v 3.21222349 -0.36706940 0.17199960
v 3.21256421 -0.36509827 0.17399965
v 3.21679006 -0.36525609 0.17399965
v 3.21639073 -0.36728581 0.17200000
v 3.21817429 -0.36708812 0.17199960
v 3.21887621 -0.36490513 0.17399965
v 3.22049865 -0.36653220 0.17199960
v 3.22139581 -0.36408923 0.17400183
v 3.22217523 -0.36590311 0.17200000
v 3.20853862 -0.36381129 0.17399964
v 3.19890443 -0.35622828 0.17199959
v 3.19967544 -0.34926701 0.17399964
v 3.19906914 -0.34281555 0.17200212
v 3.20093534 -0.34361241 0.17400000
v 3.23153064 -0.36360761 0.17200000
v 3.23137408 -0.36158908 0.17400680
v 3.22913397 -0.36387664 0.17199745
v 3.22675854 -0.36437061 0.17200000
v 3.22380303 -0.36313335 0.17400033
v 3.22442669 -0.36503437 0.17200029
v 3.22138763 -0.36406471 0.17400000
v 3.22217523 -0.36590311 0.17200000
v 3.22711831 -0.36222340 0.17400032
v 3.23650343 -0.36367135 0.17287420
v 3.23773550 -0.36323163 0.17469752
v 3.23507171 -0.36247307 0.17427548
v 3.23137941 -0.36162476 0.17398831
v 3.23971964 -0.36409067 0.17401507
v 3.24395640 -0.36529962 0.17597379
v 3.23153148 -0.36358953 0.17198225
v 3.23379226 -0.36351995 0.17218704
v 3.31613065 -0.35419337 0.17600046
v 3.31540832 -0.35480914 0.17540100
v 3.31864339 -0.35230533 0.17509156
v 3.31103227 -0.35812814 0.17496288
v 3.30935394 -0.35886135 0.17599921
v 3.30147096 -0.36311641 0.17599898
v 3.30376167 -0.36205138 0.17549009
v 3.32303978 -0.34804621 0.17599937
v 3.33385946 -0.33435940 0.17599932
v 3.32872405 -0.34174831 0.17600164
v 3.33085153 -0.33904171 0.17542411
v 3.32704338 -0.34673563 0.17399727
v 3.32954575 -0.34381105 0.17394973
v 3.32173750 -0.35204163 0.17399677
v 3.33466209 -0.33682565 0.17400131
v 3.33721226 -0.33087247 0.17412851
v 3.33180094 -0.34094359 0.17396934
v 3.33661324 -0.33362212 0.17400000
v 3.33786588 -0.32706854 0.17600078
v 3.33877057 -0.32546726 0.17502140
v 3.34034508 -0.32100434 0.17599785
v 3.33568761 -0.33165589 0.17508463
v 3.32847772 -0.34311737 0.17442890
v 3.33240344 -0.33785782 0.17445053
v 3.32571381 -0.34570276 0.17484654
v 3.32193649 -0.34946871 0.17494800
v 3.30104870 -0.36360587 0.17492337
v 3.29599431 -0.36535221 0.17599994
v 3.30689147 -0.36092831 0.17462829
v 3.31178491 -0.35867051 0.17419211
v 3.31971666 -0.35266678 0.17420863
v 3.30556145 -0.36230031 0.17417904
v 3.31888745 -0.35448826 0.17398696
v 3.31182616 -0.35966095 0.17399200
v 3.30862984 -0.36160732 0.17399052
v 3.32444713 -0.34944731 0.17400000
v 3.31593849 -0.35680790 0.17399930
v 3.31862090 -0.36403930 0.17400454
v 3.31557023 -0.36503340 0.17200028
v 3.31782463 -0.36590311 0.17200000
v 3.31119067 -0.36190216 0.17399727
v 3.30862193 -0.36161341 0.17400000
v 3.30847093 -0.36358952 0.17201118
v 3.31245648 -0.36417836 0.17200030
v 3.31455627 -0.36263434 0.17400034
v 3.30846839 -0.36358953 0.17198225
v 3.30862635 -0.36164546 0.17402522
v 3.30676651 -0.36352878 0.17211728
v 3.30649356 -0.36209456 0.17410585
v 3.30149553 -0.36389889 0.17355373
v 3.30426166 -0.36357728 0.17262421
v 3.30253926 -0.36314405 0.17463424
v 3.29861050 -0.36450828 0.17475877
v 3.29602730 -0.36531938 0.17598470
v 3.32286583 -0.36723250 0.17199965
v 3.32205613 -0.36509759 0.17399969
v 3.32057651 -0.36683186 0.17199963
v 3.32005970 -0.36461015 0.17399969
v 3.32968835 -0.36454130 0.17399888
v 3.32976929 -0.36660059 0.17199963
v 3.33140793 -0.36601261 0.17200000
v 3.33870584 -0.36042711 0.17200000
v 3.33680522 -0.35961956 0.17399970
v 3.33758800 -0.36176156 0.17199961
v 3.33539603 -0.36112534 0.17399968
v 3.33896327 -0.35613173 0.17399968
v 3.33799928 -0.35794725 0.17399969
v 3.33970353 -0.35899535 0.17199964
v 3.34053644 -0.35746682 0.17200000
v 3.34123263 -0.35586624 0.17199967
v 3.34031816 -0.35065553 0.17399889
v 3.34189531 -0.35363984 0.17199965
v 3.34218724 -0.35192282 0.17200000
v 3.33983394 -0.35370585 0.17399889
v 3.34232623 -0.35018297 0.17199966
v 3.34024180 -0.34807735 0.17399969
v 3.34223053 -0.34786325 0.17199968
v 3.34194924 -0.34614352 0.17200000
v 3.33988690 -0.34605111 0.17399970
v 3.34151610 -0.34445243 0.17199963
v 3.33908770 -0.34360463 0.17400176
v 3.34090294 -0.34282481 0.17200000
v 3.33589099 -0.36335048 0.17199964
v 3.33299149 -0.36528032 0.17199965
v 3.33380044 -0.36243181 0.17399969
v 3.33205112 -0.36351370 0.17399968
v 3.33448264 -0.36438061 0.17200000
v 3.32518832 -0.36732767 0.17199966
v 3.32667506 -0.36522531 0.17399889
v 3.32410047 -0.36531809 0.17399968
v 3.32750237 -0.36711586 0.17199965
v 3.31861223 -0.36406471 0.17400000
v 3.31781580 -0.36592940 0.17200204
v 3.33860744 -0.33346941 0.17200000
v 3.33658890 -0.33362597 0.17400680
v 3.33887646 -0.33586608 0.17199746
v 3.33937044 -0.33824152 0.17200000
v 3.33813318 -0.34119702 0.17400033
v 3.34003419 -0.34057336 0.17200030
v 3.33906454 -0.34361241 0.17400000
v 3.34090294 -0.34282481 0.17200000
v 3.33722322 -0.33788173 0.17400033
v 3.33922949 -0.32474577 0.17425490
v 3.33836978 -0.32684236 0.17477826
v 3.33738793 -0.33023872 0.17423305
v 3.33851977 -0.33120779 0.17218704
v 3.33867844 -0.32810181 0.17297600
v 3.34029956 -0.32104350 0.17597389
v 3.33858935 -0.33346858 0.17198225
v 3.33662458 -0.33362065 0.17398832
v 3.34365392 -0.29342200 0.19507406
v 3.34365068 -0.29329627 0.19440049
v 3.34494456 -0.29207396 0.19509265
v 3.34496116 -0.29250792 0.19611349
v 3.34365205 -0.29393317 0.19573846
v 3.34497637 -0.29312664 0.19677935
v 3.34499053 -0.29376781 0.19718259
v 3.34365029 -0.29447310 0.19602081
v 3.34500200 -0.29458562 0.19743451
v 3.34494033 -0.29200976 0.19440000
v 3.34365208 -0.29507784 0.19610975
v 3.34499927 -0.29556633 0.19740272
v 3.34498827 -0.29638143 0.19711351
v 3.34365086 -0.29574129 0.19593786
v 3.34497270 -0.29703945 0.19663795
v 3.34365205 -0.29628920 0.19552596
v 3.34495938 -0.29747600 0.19611412
v 3.34494860 -0.29779804 0.19549823
v 3.34365029 -0.29659550 0.19499876
v 3.34494034 -0.29801403 0.19440475
v 3.34365219 -0.29671111 0.19440262
v 3.20023224 -0.26747791 0.17599999
v 3.20023224 -0.26747791 0.19799999
v 3.20261189 -0.26195851 0.19799999
v 3.20291131 -0.26135523 0.17599999
v 3.20841630 -0.25204164 0.19799999
v 3.20737283 -0.25368389 0.17600000
v 3.21279067 -0.24641808 0.17600000
v 3.21689570 -0.24189860 0.19799999
v 3.21696694 -0.24196712 0.17600000
v 3.21786862 -0.24101420 0.17600027
v 3.22112380 -0.23764233 0.17479827
v 3.21493816 -0.24390656 0.17543793
v 3.21102363 -0.24861413 0.17599753
v 3.20715497 -0.25391039 0.17542762
v 3.20515707 -0.25724334 0.17599737
v 3.20014356 -0.26744902 0.17599785
v 3.20355055 -0.26004219 0.17544342
v 3.20005433 -0.26790169 0.17575868
v 3.21122674 -0.24780837 0.17480189
v 3.20340142 -0.25635825 0.17399656
v 3.20776006 -0.24966714 0.17399260
v 3.20547427 -0.25296231 0.17399651
v 3.22405854 -0.23570041 0.17599994
v 3.20826007 -0.25138774 0.17456778
v 3.22681870 -0.23333407 0.17494899
v 3.23163511 -0.23047112 0.17600027
v 3.23433958 -0.22884902 0.17534987
v 3.23947071 -0.22648309 0.17599897
v 3.23909322 -0.22634688 0.17495291
v 3.20184943 -0.26251903 0.17464373
v 3.24400503 -0.22464803 0.17599994
v 3.20476139 -0.25658509 0.17444608
v 3.21574294 -0.24240008 0.17460339
v 3.23265279 -0.22932464 0.17462434
v 3.21746292 -0.23869198 0.17399769
v 3.21369093 -0.24246366 0.17400146
v 3.21018767 -0.24649122 0.17398720
v 3.22815510 -0.23134237 0.17417765
v 3.23441858 -0.22770460 0.17417725
v 3.21023402 -0.24747337 0.17413865
v 3.22031868 -0.23701217 0.17413866
v 3.22047039 -0.23604546 0.17398738
v 3.22796279 -0.23047437 0.17399358
v 3.23136999 -0.22839290 0.17399105
v 3.22359420 -0.23354046 0.17400069
v 3.31203800 -0.23047422 0.17400106
v 3.30587217 -0.22778778 0.17412853
v 3.31641082 -0.23354722 0.17397311
v 3.30846901 -0.23062029 0.17599870
v 3.31514746 -0.23506480 0.17599702
v 3.31312375 -0.23343835 0.17521939
v 3.29600438 -0.22465496 0.17599784
v 3.30213457 -0.22716471 0.17600117
v 3.30046324 -0.22622816 0.17502227
v 3.30862193 -0.22838683 0.17400000
v 3.32198163 -0.24092188 0.17599770
v 3.31797397 -0.23723899 0.17542493
v 3.32753330 -0.24686184 0.17599913
v 3.32297541 -0.24165049 0.17511445
v 3.32790371 -0.24689306 0.17494900
v 3.33153361 -0.25182716 0.17508903
v 3.33318019 -0.25450068 0.17600032
v 3.33370598 -0.25524358 0.17540027
v 3.33704591 -0.26122533 0.17548712
v 3.33807503 -0.26343704 0.17599919
v 3.30665569 -0.22931243 0.17508463
v 3.33860569 -0.26395136 0.17492337
v 3.31285765 -0.23259664 0.17445053
v 3.34035192 -0.26900588 0.17599993
v 3.32085549 -0.23907010 0.17457835
v 3.33592813 -0.25810859 0.17462830
v 3.33367033 -0.25321514 0.17419211
v 3.32000802 -0.23739317 0.17412363
v 3.32766661 -0.24528340 0.17420864
v 3.33730014 -0.25943861 0.17417904
v 3.32445399 -0.24054504 0.17398573
v 3.33145777 -0.24859263 0.17399559
v 3.33452633 -0.25296430 0.17399121
v 3.33660716 -0.25637025 0.17399052
v 3.32055110 -0.23690228 0.17400115
v 3.32809541 -0.24444615 0.17400114
v 3.33903912 -0.24637916 0.17400454
v 3.34003322 -0.24942983 0.17200028
v 3.34090294 -0.24717543 0.17200000
v 3.33690198 -0.25380938 0.17399727
v 3.33661324 -0.25637813 0.17400000
v 3.33858935 -0.25652913 0.17201118
v 3.33917817 -0.25254358 0.17200030
v 3.33763416 -0.25044379 0.17400034
v 3.33858935 -0.25653167 0.17198225
v 3.33664527 -0.25637371 0.17402522
v 3.33852860 -0.25823355 0.17211728
v 3.33709439 -0.25850650 0.17410585
v 3.33889872 -0.26350453 0.17355374
v 3.33857711 -0.26073839 0.17262421
v 3.33814387 -0.26246080 0.17463424
v 3.33950810 -0.26638956 0.17475878
v 3.34031921 -0.26897275 0.17598470
v 3.34223232 -0.24213423 0.17199966
v 3.34009742 -0.24294393 0.17399969
v 3.34183168 -0.24442355 0.17199963
v 3.33960996 -0.24494036 0.17399969
v 3.33954112 -0.23531171 0.17399889
v 3.34160042 -0.23523077 0.17199963
v 3.34101243 -0.23359213 0.17200000
v 3.33542693 -0.22629423 0.17200000
v 3.33461939 -0.22819485 0.17399970
v 3.33676138 -0.22741206 0.17199961
v 3.33612516 -0.22960404 0.17399968
v 3.33113155 -0.22603679 0.17399968
v 3.33294707 -0.22700079 0.17399970
v 3.33399517 -0.22529653 0.17199964
v 3.33246665 -0.22446363 0.17200000
v 3.33086606 -0.22376744 0.17199966
v 3.32565535 -0.22468190 0.17399888
v 3.32863965 -0.22310475 0.17199966
v 3.32692265 -0.22281282 0.17200000
v 3.32870567 -0.22516612 0.17399889
v 3.32518279 -0.22267383 0.17199966
v 3.32307717 -0.22475827 0.17399969
v 3.32286307 -0.22276953 0.17199968
v 3.32114334 -0.22305083 0.17200000
v 3.32105093 -0.22511316 0.17399970
v 3.31945225 -0.22348396 0.17199963
v 3.31860445 -0.22591236 0.17400176
v 3.31782464 -0.22409713 0.17200000
v 3.33835030 -0.22910907 0.17199964
v 3.34028014 -0.23200858 0.17199965
v 3.33743164 -0.23119962 0.17399969
v 3.33851352 -0.23294894 0.17399968
v 3.33938043 -0.23051742 0.17200000
v 3.34232750 -0.23981174 0.17199966
v 3.34022513 -0.23832500 0.17399889
v 3.34031791 -0.24089959 0.17399968
v 3.34211568 -0.23749769 0.17199964
v 3.33906454 -0.24638783 0.17400000
v 3.34092922 -0.24718426 0.17200204
v 3.30846923 -0.22639263 0.17200000
v 3.30862579 -0.22841116 0.17400680
v 3.31086590 -0.22612360 0.17199746
v 3.31324134 -0.22562963 0.17200000
v 3.31619684 -0.22686689 0.17400033
v 3.31557318 -0.22496587 0.17200030
v 3.31861224 -0.22593553 0.17400000
v 3.31782464 -0.22409713 0.17200000
v 3.31288156 -0.22777684 0.17400032
v 3.29974560 -0.22577057 0.17425489
v 3.30184218 -0.22663029 0.17477826
v 3.30523854 -0.22761213 0.17423305
v 3.30620761 -0.22648029 0.17218704
v 3.30310163 -0.22632162 0.17297600
v 3.29604333 -0.22470050 0.17597388
v 3.30846839 -0.22641071 0.17198225
v 3.30862047 -0.22837548 0.17398832
v 3.22137897 -0.22596094 0.17400453
v 3.22442964 -0.22496684 0.17200028
v 3.22217525 -0.22409713 0.17200000
v 3.22880920 -0.22809808 0.17399727
v 3.23137794 -0.22838683 0.17400000
v 3.23152894 -0.22641072 0.17201117
v 3.22754339 -0.22582188 0.17200029
v 3.22544360 -0.22736590 0.17400033
v 3.24138939 -0.22549195 0.17475878
v 3.23805055 -0.22668619 0.17474183
v 3.24398201 -0.22467378 0.17598950
v 3.23153148 -0.22641071 0.17198225
v 3.23576897 -0.22639726 0.17264806
v 3.23323336 -0.22647145 0.17211728
v 3.23137650 -0.22837655 0.17400821
v 3.23850435 -0.22610135 0.17355373
v 3.23381819 -0.22784748 0.17411791
v 3.21713683 -0.22276798 0.17199973
v 3.21784105 -0.22488460 0.17399957
v 3.21942626 -0.22316898 0.17199973
v 3.20500809 -0.22850907 0.17399956
v 3.20241276 -0.22823754 0.17199973
v 3.20350821 -0.23000903 0.17399957
v 3.20222964 -0.23169308 0.17399957
v 3.20129404 -0.22957313 0.17200000
v 3.20029685 -0.23100387 0.17199974
v 3.20118842 -0.23353972 0.17399956
v 3.19946344 -0.23253342 0.17200000
v 3.19876749 -0.23413316 0.17199972
v 3.20040696 -0.23551194 0.17399957
v 3.19990174 -0.23756503 0.17399957
v 3.19781263 -0.23807742 0.17200000
v 3.19967897 -0.23967253 0.17399956
v 3.19810462 -0.23635974 0.17199974
v 3.19767355 -0.23981689 0.17199976
v 3.19974408 -0.24179055 0.17399956
v 3.20009503 -0.24387652 0.17399957
v 3.19776924 -0.24213682 0.17199975
v 3.19805063 -0.24385672 0.17200000
v 3.20091101 -0.24639594 0.17400164
v 3.19848371 -0.24554794 0.17199973
v 3.19909693 -0.24717542 0.17200000
v 3.20411008 -0.22664864 0.17199975
v 3.20551723 -0.22561963 0.17200000
v 3.20669471 -0.22722867 0.17399957
v 3.20701003 -0.22471891 0.17199976
v 3.20853830 -0.22618912 0.17399956
v 3.20913105 -0.22376710 0.17199974
v 3.21001184 -0.22558532 0.17400000
v 3.21153079 -0.22511946 0.17399957
v 3.21079524 -0.22325112 0.17200000
v 3.21249986 -0.22288391 0.17199974
v 3.21361457 -0.22475468 0.17399956
v 3.21481418 -0.22267240 0.17199975
v 3.21573071 -0.22467564 0.17399955
v 3.21989608 -0.22537586 0.17399956
v 3.22138764 -0.22593553 0.17400000
v 3.22218199 -0.22407625 0.17199625
v 3.20139244 -0.25653083 0.17200000
v 3.20341097 -0.25637427 0.17400680
v 3.20112341 -0.25413416 0.17199745
v 3.20062944 -0.25175872 0.17200000
v 3.20186670 -0.24880322 0.17400033
v 3.19996568 -0.24942688 0.17200029
v 3.20093534 -0.24638782 0.17400000
v 3.19909693 -0.24717542 0.17200000
v 3.20277665 -0.25211850 0.17400032
v 3.20187235 -0.26237479 0.17463287
v 3.19999673 -0.26803651 0.17553243
v 3.20005711 -0.26791247 0.17575079
v 3.20337606 -0.25637662 0.17400842
v 3.20141100 -0.25653170 0.17198179
v 3.20296122 -0.25842848 0.17407517
v 3.20147152 -0.25831626 0.17212685
v 3.20144041 -0.26029610 0.17251628
v 3.20126710 -0.26224144 0.17310213
v 3.20086365 -0.26483044 0.17407221
v 3.19399993 -0.30879114 0.19140525
v 3.19399993 -0.31493562 0.19799999
v 3.19399993 -0.30800964 0.19220111
v 3.19399993 -0.27506462 0.18135359
v 3.19399993 -0.28120985 0.19140634
v 3.19399993 -0.27506462 0.19799999
v 3.19399993 -0.30689336 0.19282715
v 3.19399993 -0.28199085 0.19220007
v 3.19399993 -0.28310677 0.19282812
v 3.19399993 -0.28419251 0.19308136
v 3.19399993 -0.30580908 0.19308128
v 3.19399993 -0.31493562 0.18135359
v 3.19407006 -0.27434949 0.17900311
v 3.19599991 -0.27437292 0.17900142
v 3.19599985 -0.27498784 0.18137744
v 3.19399436 -0.27501497 0.18136302
v 3.19407004 -0.27434925 0.17899686
v 3.19599985 -0.27498785 0.17662260
v 3.19599991 -0.27437281 0.17899856
v 3.19399433 -0.27501484 0.17663694
v 3.19599994 -0.27505692 0.17665900
v 3.19399993 -0.28095522 0.16697572
v 3.19599994 -0.28095522 0.16697572
v 3.19400000 -0.27505692 0.17665900
v 3.19399993 -0.28204028 0.16570483
v 3.19399998 -0.28464406 0.16482339
v 3.19599993 -0.28299685 0.16516731
v 3.19599994 -0.28465012 0.16489999
v 3.19599996 -0.28089277 0.16693031
v 3.19399993 -0.28095522 0.16697572
v 3.19599994 -0.30535012 0.16489999
v 3.19399993 -0.28465012 0.16489999
v 3.19399993 -0.30535012 0.16489999
v 3.19599994 -0.28465012 0.16489999
v 3.19399993 -0.30699982 0.16516544
v 3.19399998 -0.30910726 0.16693071
v 3.19599993 -0.30795657 0.16570279
v 3.19599994 -0.30904501 0.16697572
v 3.19599996 -0.30535641 0.16482301
v 3.19399993 -0.30535012 0.16489999
v 3.19599994 -0.31494331 0.17665900
v 3.19399993 -0.30904501 0.16697572
v 3.19400000 -0.31494331 0.17665900
v 3.19599994 -0.30904501 0.16697572
v 3.19407006 -0.31565073 0.17899688
v 3.19599991 -0.31562731 0.17899857
v 3.19599985 -0.31501239 0.17662254
v 3.19399437 -0.31498527 0.17663697
v 3.19407004 -0.31565098 0.17900313
v 3.19599985 -0.31501239 0.18137739
v 3.19599991 -0.31562742 0.17900143
v 3.19399433 -0.31498540 0.18136305
v 3.25759708 -0.35179682 0.16500000
v 3.25652728 -0.35299699 0.16500000
v 3.25705330 -0.35228952 0.16500000
v 3.25795878 -0.35845378 0.16500000
v 3.26364857 -0.35335029 0.16500000
v 3.25882467 -0.35882810 0.16500000
v 3.25823812 -0.35140421 0.16500000
v 3.25618232 -0.35379685 0.16500000
v 3.25894311 -0.35113772 0.16500000
v 3.25968460 -0.35100821 0.16500000
v 3.25603089 -0.35447785 0.16500000
v 3.26043825 -0.35101974 0.16500000
v 3.25600027 -0.35519151 0.16500000
v 3.25610631 -0.35593556 0.16500000
v 3.26278540 -0.35212337 0.16500000
v 3.26327510 -0.35269605 0.16500000
v 3.25721549 -0.35787792 0.16500000
v 3.25672445 -0.35730371 0.16500000
v 3.25956151 -0.35898048 0.16500000
v 3.26389334 -0.35406370 0.16500000
v 3.26399961 -0.35480833 0.16500000
v 3.26105650 -0.35886258 0.16500000
v 3.26347264 -0.35700323 0.16500000
v 3.26176197 -0.35859590 0.16500000
v 3.26294661 -0.35771070 0.16500000
v 3.26240285 -0.35820338 0.16500000
v 3.26381779 -0.35620273 0.16500000
v 3.26396893 -0.35552242 0.16500000
v 3.26031514 -0.35899202 0.16500000
v 3.26219891 -0.35165354 0.16500000
v 3.25635120 -0.35664964 0.16500000
v 3.26135823 -0.35122535 0.16500000
v 3.21293000 -0.23156682 0.17400034
v 3.21182545 -0.23125600 0.17360318
v 3.21289418 -0.23208246 0.17360128
v 3.21226653 -0.23106655 0.17400030
v 3.21152171 -0.23069637 0.17400028
v 3.21051459 -0.23042761 0.17400111
v 3.21034759 -0.23080125 0.17360320
v 3.20947753 -0.23041120 0.17400033
v 3.20918998 -0.23085365 0.17360037
v 3.20866051 -0.23056441 0.17400035
v 3.20826505 -0.23112354 0.17360132
v 3.20788736 -0.23086482 0.17400032
v 3.20718301 -0.23130219 0.17400122
v 3.20743109 -0.23161334 0.17359962
v 3.20671383 -0.23171403 0.17400000
v 3.20699674 -0.23199692 0.17359999
v 3.21349006 -0.23218109 0.17400024
v 3.21346226 -0.23286351 0.17360036
v 3.21392853 -0.23288814 0.17400030
v 3.21384332 -0.23374828 0.17360135
v 3.21428782 -0.23386233 0.17400128
v 3.21400622 -0.23487309 0.17360097
v 3.21440041 -0.23489624 0.17400034
v 3.21390126 -0.23578414 0.17360018
v 3.21432370 -0.23572387 0.17400044
v 3.21409618 -0.23652325 0.17400038
v 3.21361926 -0.23663295 0.17360072
v 3.21372635 -0.23726705 0.17400047
v 3.21281837 -0.23781009 0.17360339
v 3.21308827 -0.23808625 0.17399971
v 3.20642405 -0.23709889 0.17360125
v 3.20630111 -0.23761031 0.17400027
v 3.20703878 -0.23784350 0.17360037
v 3.20586282 -0.23690303 0.17400031
v 3.20594864 -0.23604447 0.17360135
v 3.20556288 -0.23612878 0.17400039
v 3.20701526 -0.23836817 0.17400117
v 3.20578544 -0.23491815 0.17360095
v 3.20538877 -0.23510517 0.17400094
v 3.20597045 -0.23365693 0.17360195
v 3.20550423 -0.23386342 0.17400150
v 3.20653017 -0.23253922 0.17360080
v 3.20671383 -0.23171403 0.17400000
v 3.20630154 -0.23218015 0.17400047
v 3.20586428 -0.23288651 0.17400040
v 3.20699674 -0.23199692 0.17359999
v 3.20796631 -0.23853619 0.17360315
v 3.20807631 -0.23902337 0.17400104
v 3.20944387 -0.23899083 0.17360318
v 3.20927689 -0.23936440 0.17400109
v 3.21031251 -0.23938107 0.17400031
v 3.21060190 -0.23893851 0.17360037
v 3.21112971 -0.23922812 0.17400034
v 3.21152679 -0.23866859 0.17360131
v 3.21190412 -0.23892743 0.17400034
v 3.21236158 -0.23817803 0.17359963
v 3.21260992 -0.23848905 0.17400122
v 3.21307784 -0.23807802 0.17400000
v 3.21279504 -0.23779522 0.17359999
v 3.21277684 -0.35163236 0.17400117
v 3.21182584 -0.35146424 0.17360315
v 3.21289424 -0.35229073 0.17360128
v 3.21171556 -0.35097691 0.17400107
v 3.21034783 -0.35100938 0.17360317
v 3.21072105 -0.35067678 0.17400025
v 3.20989455 -0.35059987 0.17400032
v 3.20906497 -0.35067711 0.17400034
v 3.20918993 -0.35106172 0.17360037
v 3.20826538 -0.35133147 0.17360131
v 3.20807279 -0.35097784 0.17400125
v 3.20718196 -0.35151114 0.17400122
v 3.20743068 -0.35182178 0.17359962
v 3.20671383 -0.35192221 0.17400000
v 3.20699674 -0.35220501 0.17359999
v 3.21349001 -0.35238913 0.17400026
v 3.21346197 -0.35307114 0.17360036
v 3.21392879 -0.35309683 0.17400030
v 3.21384329 -0.35395646 0.17360135
v 3.21428778 -0.35407033 0.17400128
v 3.21400621 -0.35508118 0.17360097
v 3.21440040 -0.35510429 0.17400034
v 3.21390133 -0.35599191 0.17360018
v 3.21432370 -0.35593198 0.17400043
v 3.21409618 -0.35673135 0.17400038
v 3.21361932 -0.35684102 0.17360071
v 3.21372612 -0.35747559 0.17400046
v 3.21281836 -0.35801817 0.17360343
v 3.21308825 -0.35829445 0.17399971
v 3.20642409 -0.35730704 0.17360126
v 3.20630106 -0.35781835 0.17400025
v 3.20717666 -0.35818821 0.17360131
v 3.20586309 -0.35711172 0.17400031
v 3.20594864 -0.35625264 0.17360135
v 3.20556282 -0.35633669 0.17400039
v 3.20686158 -0.35843327 0.17400031
v 3.20578543 -0.35512625 0.17360095
v 3.20538877 -0.35531334 0.17400094
v 3.20597043 -0.35386515 0.17360194
v 3.20550423 -0.35407149 0.17400149
v 3.20652998 -0.35274770 0.17360080
v 3.20671383 -0.35192221 0.17400000
v 3.20630167 -0.35238817 0.17400047
v 3.20586439 -0.35309438 0.17400041
v 3.20699674 -0.35220501 0.17359999
v 3.20814481 -0.35882368 0.17360125
v 3.20752462 -0.35893333 0.17400030
v 3.20826997 -0.35930384 0.17400027
v 3.20944410 -0.35919896 0.17360321
v 3.20927696 -0.35957260 0.17400111
v 3.21031411 -0.35958904 0.17400033
v 3.21060186 -0.35914660 0.17360037
v 3.21113116 -0.35943582 0.17400036
v 3.21152713 -0.35887652 0.17360133
v 3.21190414 -0.35913552 0.17400031
v 3.21236116 -0.35838648 0.17359963
v 3.21260885 -0.35869799 0.17400122
v 3.21307783 -0.35828621 0.17400000
v 3.21279503 -0.35800331 0.17359999
v 3.33127105 -0.35116923 0.17360040
v 3.33093269 -0.35067633 0.17400025
v 3.33049720 -0.35101873 0.17360045
v 3.32597742 -0.35692640 0.17400137
v 3.32662366 -0.35730521 0.17360196
v 3.32613298 -0.35616718 0.17360074
v 3.32692203 -0.35828621 0.17400000
v 3.32651043 -0.35781851 0.17400055
v 3.32720483 -0.35800331 0.17360000
v 3.32567688 -0.35593440 0.17400041
v 3.32599067 -0.35492580 0.17360207
v 3.32559986 -0.35510485 0.17400048
v 3.32590412 -0.35347921 0.17400042
v 3.32567682 -0.35427860 0.17400040
v 3.32624325 -0.35369875 0.17360069
v 3.32627587 -0.35273188 0.17400058
v 3.32673824 -0.35274873 0.17360131
v 3.32677513 -0.35207003 0.17400053
v 3.32809701 -0.35107116 0.17400037
v 3.32759138 -0.35184144 0.17360174
v 3.32856830 -0.35129861 0.17360040
v 3.32887112 -0.35077126 0.17400040
v 3.32989666 -0.35059700 0.17400096
v 3.32950821 -0.35103671 0.17360154
v 3.33230898 -0.35162496 0.17360209
v 3.33173207 -0.35090410 0.17400027
v 3.33247583 -0.35127427 0.17400053
v 3.33329277 -0.35191345 0.17400197
v 3.33300313 -0.35220502 0.17360000
v 3.32738958 -0.35150981 0.17400046
v 3.33300820 -0.35801202 0.17360071
v 3.33343277 -0.35813848 0.17400055
v 3.33393231 -0.35747626 0.17400057
v 3.33366235 -0.35715583 0.17360185
v 3.33430343 -0.35673030 0.17400041
v 3.33412314 -0.35599517 0.17360187
v 3.33453116 -0.35593027 0.17400041
v 3.33460817 -0.35510473 0.17400046
v 3.33420411 -0.35492319 0.17360018
v 3.33453143 -0.35427554 0.17400039
v 3.33407508 -0.35404157 0.17360074
v 3.33423114 -0.35328328 0.17400134
v 3.33358440 -0.35290317 0.17360197
v 3.33328604 -0.35192222 0.17400000
v 3.33369832 -0.35239078 0.17400056
v 3.33300313 -0.35220502 0.17360000
v 3.33281756 -0.35869922 0.17400045
v 3.33198022 -0.35876948 0.17360316
v 3.33211117 -0.35913707 0.17400037
v 3.33133596 -0.35943738 0.17400040
v 3.33069967 -0.35917167 0.17360158
v 3.33031186 -0.35961134 0.17400093
v 3.32970978 -0.35918954 0.17360046
v 3.32927566 -0.35953210 0.17400022
v 3.32893747 -0.35903932 0.17360040
v 3.32847699 -0.35930473 0.17400027
v 3.32789915 -0.35858357 0.17360206
v 3.32773260 -0.35893432 0.17400053
v 3.32691534 -0.35829495 0.17400200
v 3.32720483 -0.35800331 0.17360000
v 3.33282322 -0.23181203 0.17360132
v 3.33313829 -0.23156697 0.17400032
v 3.33247525 -0.23106690 0.17400031
v 3.33185508 -0.23117656 0.17360126
v 3.33172990 -0.23069639 0.17400028
v 3.33072291 -0.23042764 0.17400112
v 3.33055577 -0.23080128 0.17360322
v 3.32968576 -0.23041120 0.17400034
v 3.32939801 -0.23085364 0.17360037
v 3.32886871 -0.23056442 0.17400037
v 3.32847275 -0.23112372 0.17360134
v 3.32809573 -0.23086472 0.17400031
v 3.32739102 -0.23130225 0.17400122
v 3.32763871 -0.23161376 0.17359963
v 3.32692204 -0.23171402 0.17400000
v 3.32720484 -0.23199693 0.17360000
v 3.33357578 -0.23269320 0.17360127
v 3.33369881 -0.23218189 0.17400027
v 3.33413678 -0.23288852 0.17400032
v 3.33405124 -0.23374759 0.17360135
v 3.33443706 -0.23366355 0.17400039
v 3.33421444 -0.23487399 0.17360095
v 3.33461109 -0.23468690 0.17400094
v 3.33402944 -0.23613508 0.17360195
v 3.33449564 -0.23592875 0.17400150
v 3.33413549 -0.23690585 0.17400041
v 3.33346990 -0.23725254 0.17360081
v 3.33369820 -0.23761207 0.17400047
v 3.33328605 -0.23807803 0.17400000
v 3.33300313 -0.23779523 0.17360000
v 3.32650987 -0.23761111 0.17400027
v 3.32653790 -0.23692910 0.17360036
v 3.32607109 -0.23690341 0.17400031
v 3.32710564 -0.23770951 0.17360128
v 3.32615656 -0.23604378 0.17360135
v 3.32571209 -0.23592991 0.17400128
v 3.32722304 -0.23836788 0.17400118
v 3.32599367 -0.23491906 0.17360098
v 3.32559947 -0.23489594 0.17400034
v 3.32609854 -0.23400833 0.17360018
v 3.32567619 -0.23406826 0.17400044
v 3.32590370 -0.23326889 0.17400039
v 3.32638055 -0.23315922 0.17360072
v 3.32627376 -0.23252465 0.17400046
v 3.32718152 -0.23198207 0.17360344
v 3.32691162 -0.23170578 0.17399973
v 3.32817404 -0.23853600 0.17360316
v 3.32828432 -0.23902333 0.17400107
v 3.32965205 -0.23899085 0.17360318
v 3.32927883 -0.23932346 0.17400026
v 3.33010532 -0.23940036 0.17400032
v 3.33093489 -0.23932312 0.17400035
v 3.33080994 -0.23893852 0.17360037
v 3.33173449 -0.23866877 0.17360131
v 3.33192708 -0.23902240 0.17400125
v 3.33256920 -0.23817845 0.17359963
v 3.33281791 -0.23848910 0.17400123
v 3.33328605 -0.23807803 0.17400000
v 3.33300313 -0.23779523 0.17360000
v 3.20826954 -0.35930396 0.17400000
v 3.20669287 -0.36277089 0.17400000
v 3.20906964 -0.35953173 0.17400000
v 3.21051217 -0.36459366 0.17400000
v 3.21171753 -0.35923243 0.17400000
v 3.21072471 -0.35953197 0.17400000
v 3.21256549 -0.36509884 0.17400000
v 3.21467321 -0.36532153 0.17400000
v 3.21322725 -0.35813715 0.17400000
v 3.21260946 -0.35869905 0.17400000
v 3.21679146 -0.36525629 0.17400000
v 3.20989546 -0.35960880 0.17400000
v 3.20906545 -0.35067669 0.17400000
v 3.20989509 -0.35059956 0.17400000
v 3.21018641 -0.34350900 0.17400000
v 3.21349031 -0.35238910 0.17400000
v 3.21554565 -0.34945652 0.17400000
v 3.21277785 -0.35163169 0.17400000
v 3.20752425 -0.35893345 0.17400000
v 3.21392905 -0.35309671 0.17400000
v 3.21428906 -0.35407020 0.17400000
v 3.21944884 -0.35309789 0.17400000
v 3.21440073 -0.35510416 0.17400000
v 3.20118839 -0.35646159 0.17400000
v 3.20222800 -0.35830537 0.17400000
v 3.20556243 -0.35633675 0.17400000
v 3.22043821 -0.36443621 0.17400000
v 3.22380085 -0.36313375 0.17400000
v 3.22254233 -0.35563651 0.17400000
v 3.20546758 -0.35427673 0.17400000
v 3.20058513 -0.35498821 0.17400000
v 3.20538786 -0.35531339 0.17400000
v 3.20569481 -0.35347781 0.17400000
v 3.20011872 -0.35346872 0.17400000
v 3.22575199 -0.35803102 0.17400000
v 3.19975397 -0.35138473 0.17400000
v 3.22711611 -0.36222355 0.17400000
v 3.20718134 -0.35151007 0.17400000
v 3.20807290 -0.35097646 0.17400000
v 3.20041342 -0.34496680 0.17400000
v 3.22909233 -0.36023481 0.17400000
v 3.22966254 -0.36179231 0.17400000
v 3.19988419 -0.34715781 0.17400000
v 3.19967505 -0.34926838 0.17400000
v 3.20656484 -0.35207088 0.17400000
v 3.20157074 -0.34200901 0.17400000
v 3.23137794 -0.36161341 0.17400000
v 3.20775563 -0.34032831 0.17400000
v 3.20236661 -0.33955443 0.17400000
v 3.20547326 -0.33703680 0.17400000
v 3.20309492 -0.33619206 0.17400000
v 3.20338664 -0.33362211 0.17400000
v 3.21279703 -0.34654451 0.17400000
v 3.21072158 -0.35067663 0.17400000
v 3.21171646 -0.35097617 0.17400000
v 3.21372643 -0.35747596 0.17400000
v 3.21887759 -0.36490515 0.17400000
v 3.21409649 -0.35673159 0.17400000
v 3.21432413 -0.35593202 0.17400000
v 3.20853971 -0.36381219 0.17400000
v 3.20500863 -0.36149221 0.17400000
v 3.20686120 -0.35843333 0.17400000
v 3.20350849 -0.35999217 0.17400000
v 3.20630077 -0.35781838 0.17400000
v 3.20586281 -0.35711183 0.17400000
v 3.20606509 -0.35273284 0.17400000
v 3.33369887 -0.35239059 0.17400000
v 3.33423225 -0.35328252 0.17400000
v 3.34026655 -0.35116920 0.17400000
v 3.32597628 -0.35692716 0.17400000
v 3.32567651 -0.35593461 0.17400000
v 3.31792294 -0.35528234 0.17400000
v 3.33343316 -0.35813885 0.17400000
v 3.33281820 -0.35869928 0.17400000
v 3.33539722 -0.36112465 0.17400000
v 3.33211166 -0.35913725 0.17400000
v 3.33380169 -0.36243129 0.17400000
v 3.33205243 -0.36351335 0.17400000
v 3.33133658 -0.35943762 0.17400000
v 3.33680629 -0.35961873 0.17400000
v 3.33430379 -0.35673051 0.17400000
v 3.33393328 -0.35747580 0.17400000
v 3.33460863 -0.35510460 0.17400000
v 3.33453155 -0.35593042 0.17400000
v 3.33896410 -0.35613065 0.17400000
v 3.33453179 -0.35427535 0.17400000
v 3.33994464 -0.35319844 0.17400000
v 3.34032263 -0.34962292 0.17400000
v 3.34024196 -0.34807599 0.17400000
v 3.33313697 -0.35177280 0.17400000
v 3.33180804 -0.34093837 0.17400000
v 3.32948833 -0.34388911 0.17400000
v 3.33942830 -0.34454049 0.17400000
v 3.33813357 -0.34119921 0.17400000
v 3.33247578 -0.35127362 0.17400000
v 3.33988688 -0.34604978 0.17400000
v 3.33031321 -0.35961218 0.17400000
v 3.33064793 -0.36416210 0.17400000
v 3.33466203 -0.33682555 0.17400000
v 3.33722338 -0.33788395 0.17400000
v 3.32773266 -0.35893495 0.17400000
v 3.32718728 -0.36513956 0.17400000
v 3.32847763 -0.35930524 0.17400000
v 3.33679213 -0.33533752 0.17400000
v 3.31700883 -0.36342931 0.17400000
v 3.31993279 -0.36457476 0.17400000
v 3.33661324 -0.33362212 0.17400000
v 3.32927655 -0.35953247 0.17400000
v 3.32919304 -0.36468398 0.17400000
v 3.32565133 -0.36529712 0.17400000
v 3.31455425 -0.36263343 0.17400000
v 3.31390716 -0.35826711 0.17400000
v 3.31119188 -0.36190513 0.17400000
v 3.31076633 -0.36032311 0.17400000
v 3.30862193 -0.36161341 0.17400000
v 3.33952013 -0.35468352 0.17400000
v 3.33800022 -0.35794629 0.17400000
v 3.32410177 -0.36531846 0.17400000
v 3.32650989 -0.35781870 0.17400000
v 3.32205737 -0.36509812 0.17400000
v 3.32707070 -0.35843521 0.17400000
v 3.32173544 -0.35204386 0.17400000
v 3.32559938 -0.35510497 0.17400000
v 3.32567645 -0.35427848 0.17400000
v 3.32597599 -0.35328359 0.17400000
v 3.32663151 -0.35222221 0.17400000
v 3.32444713 -0.34944731 0.17400000
v 3.32738892 -0.35150974 0.17400000
v 3.32704347 -0.34673584 0.17400000
v 3.32809653 -0.35107100 0.17400000
v 3.32907002 -0.35071100 0.17400000
v 3.33010398 -0.35059932 0.17400000
v 3.33093184 -0.35067592 0.17400000
v 3.33173141 -0.35090356 0.17400000
v 3.34364994 -0.29363913 0.19547955
v 3.34364992 -0.29476188 0.19612735
v 3.34299939 -0.29450912 0.19612402
v 3.34298384 -0.29343869 0.19512330
v 3.34364992 -0.29327448 0.19440134
v 3.34298030 -0.29329431 0.19440026
v 3.34364994 -0.29601702 0.19580808
v 3.34298949 -0.29628458 0.19562314
v 3.34364983 -0.29679172 0.19440701
v 3.34298015 -0.29671682 0.19440087
v 3.34364992 -0.29523838 0.19267264
v 3.34364994 -0.29398323 0.19299192
v 3.34300041 -0.29484147 0.19264315
v 3.34298684 -0.29358508 0.19338880
v 3.34364983 -0.29320852 0.19439299
v 3.34298006 -0.29328342 0.19439912
v 3.34299135 -0.29613328 0.19309358
v 3.34364994 -0.29636114 0.19332048
v 3.34297928 -0.29677636 0.19439480
v 3.34364992 -0.29672576 0.19439866
v 3.22149105 -0.23518660 0.17400000
v 3.22299104 -0.22657093 0.17400000
v 3.22003325 -0.22541361 0.17400000
v 3.20906700 -0.23046826 0.17400000
v 3.20853847 -0.22618857 0.17400000
v 3.20669468 -0.22722819 0.17400000
v 3.20807395 -0.23076789 0.17400000
v 3.20500788 -0.22850868 0.17400000
v 3.20718241 -0.23130113 0.17400000
v 3.20656505 -0.23186245 0.17400000
v 3.21428910 -0.23386219 0.17400000
v 3.21440074 -0.23489611 0.17400000
v 3.20056383 -0.24543840 0.17400000
v 3.20186630 -0.24880103 0.17400000
v 3.20936354 -0.24754251 0.17400000
v 3.21190216 -0.24444902 0.17400000
v 3.20906998 -0.23932359 0.17400000
v 3.20807542 -0.23902410 0.17400000
v 3.20696902 -0.25075218 0.17400000
v 3.21554353 -0.24054583 0.17400000
v 3.21171859 -0.23902385 0.17400000
v 3.21261053 -0.23849011 0.17400000
v 3.21322747 -0.23792871 0.17400000
v 3.19974376 -0.24179164 0.17400000
v 3.20701426 -0.23836884 0.17400000
v 3.19967852 -0.23967340 0.17400000
v 3.20989631 -0.23039143 0.17400000
v 3.20277649 -0.25211629 0.17400000
v 3.21001184 -0.22558532 0.17400000
v 3.21152214 -0.23069623 0.17400000
v 3.21361533 -0.22475415 0.17400000
v 3.21153133 -0.22511891 0.17400000
v 3.20320774 -0.25466272 0.17400000
v 3.20476524 -0.25409252 0.17400000
v 3.21784224 -0.22488438 0.17400000
v 3.21573167 -0.22467524 0.17400000
v 3.21349035 -0.23218107 0.17400000
v 3.20338664 -0.25637812 0.17400000
v 3.21072193 -0.23046850 0.17400000
v 3.22467174 -0.23275582 0.17400000
v 3.22544562 -0.22736680 0.17400000
v 3.22796325 -0.23047345 0.17400000
v 3.22880799 -0.22809511 0.17400000
v 3.23137794 -0.22838683 0.17400000
v 3.21392880 -0.23288802 0.17400000
v 3.20350783 -0.23000882 0.17400000
v 3.21409650 -0.23652348 0.17400000
v 3.21372667 -0.23726744 0.17400000
v 3.21226691 -0.23106645 0.17400000
v 3.21293040 -0.23156673 0.17400000
v 3.21845554 -0.23779722 0.17400000
v 3.21432413 -0.23572392 0.17400000
v 3.19990121 -0.23756568 0.17400000
v 3.20586255 -0.23690315 0.17400000
v 3.20009490 -0.24387778 0.17400000
v 3.20989668 -0.23940068 0.17400000
v 3.21072627 -0.23932354 0.17400000
v 3.20630080 -0.23761035 0.17400000
v 3.20556249 -0.23612884 0.17400000
v 3.20040639 -0.23551236 0.17400000
v 3.20538787 -0.23510524 0.17400000
v 3.20118786 -0.23353990 0.17400000
v 3.20546758 -0.23406863 0.17400000
v 3.20222916 -0.23169306 0.17400000
v 3.20569481 -0.23326971 0.17400000
v 3.20606532 -0.23252431 0.17400000
v 3.32739041 -0.23130119 0.17400000
v 3.32462273 -0.22467743 0.17400000
v 3.32677262 -0.23186309 0.17400000
v 3.32828235 -0.23076781 0.17400000
v 3.32819827 -0.22505543 0.17400000
v 3.32616902 -0.22473351 0.17400000
v 3.32927517 -0.23046827 0.17400000
v 3.33192698 -0.23902378 0.17400000
v 3.32981346 -0.24649124 0.17400000
v 3.33957457 -0.24506727 0.17400000
v 3.33010442 -0.23039144 0.17400000
v 3.33093025 -0.23046851 0.17400000
v 3.33113047 -0.22603597 0.17400000
v 3.32055104 -0.23690234 0.17400000
v 3.32607082 -0.23690353 0.17400000
v 3.32571082 -0.23593004 0.17400000
v 3.32307581 -0.22475810 0.17400000
v 3.33173033 -0.23069628 0.17400000
v 3.33247562 -0.23106679 0.17400000
v 3.33461855 -0.22819377 0.17400000
v 3.32104960 -0.22511318 0.17400000
v 3.32627344 -0.23252428 0.17400000
v 3.33612448 -0.22960284 0.17400000
v 3.33313867 -0.23156691 0.17400000
v 3.31954031 -0.22557177 0.17400000
v 3.33851316 -0.23294762 0.17400000
v 3.33743112 -0.23119837 0.17400000
v 3.33443744 -0.23366348 0.17400000
v 3.33369911 -0.23218186 0.17400000
v 3.32590338 -0.23326865 0.17400000
v 3.32567574 -0.23406822 0.17400000
v 3.32559914 -0.23489607 0.17400000
v 3.33413707 -0.23288840 0.17400000
v 3.31745754 -0.23436373 0.17400000
v 3.31619903 -0.22686649 0.17400000
v 3.31424788 -0.23196921 0.17400000
v 3.31288376 -0.22777668 0.17400000
v 3.31090754 -0.22976543 0.17400000
v 3.31033733 -0.22820793 0.17400000
v 3.30862193 -0.22838683 0.17400000
v 3.33453230 -0.23572351 0.17400000
v 3.33968380 -0.23580702 0.17400000
v 3.33916193 -0.23435213 0.17400000
v 3.33461201 -0.23468685 0.17400000
v 3.33393478 -0.23726740 0.17400000
v 3.34029694 -0.23934873 0.17400000
v 3.34013937 -0.23781278 0.17400000
v 3.34009795 -0.24294269 0.17400000
v 3.34031828 -0.24089829 0.17400000
v 3.33281853 -0.23849017 0.17400000
v 3.33224423 -0.24967193 0.17400000
v 3.33842914 -0.24799123 0.17400000
v 3.33452661 -0.25296344 0.17400000
v 3.33661324 -0.25637813 0.17400000
v 3.33690496 -0.25380818 0.17400000
v 3.33763327 -0.25044581 0.17400000
v 3.33010479 -0.23940068 0.17400000
v 3.33093443 -0.23932355 0.17400000
v 3.32968333 -0.22547993 0.17400000
v 3.33294611 -0.22699984 0.17400000
v 3.33430506 -0.23652243 0.17400000
v 3.33343503 -0.23792936 0.17400000
v 3.32720284 -0.24345573 0.17400000
v 3.32927830 -0.23932361 0.17400000
v 3.32828341 -0.23902407 0.17400000
v 3.32445422 -0.24054372 0.17400000
v 3.32722203 -0.23836854 0.17400000
v 3.32650956 -0.23761114 0.17400000
v 3.19399993 -0.28300042 0.19283455
v 3.19399998 -0.28089294 0.19106932
v 3.19599993 -0.28204388 0.19229734
v 3.19599994 -0.28095522 0.19102429
v 3.19599996 -0.28464382 0.19317698
v 3.19399993 -0.28465012 0.19309999
v 3.19399993 -0.28095522 0.19102429
v 3.19400000 -0.27505692 0.18134099
v 3.19599994 -0.27505692 0.18134099
v 3.19599994 -0.28095522 0.19102429
v 3.19400001 -0.31494330 0.18134099
v 3.19599994 -0.30904501 0.19102429
v 3.19599994 -0.31494331 0.18134099
v 3.19399993 -0.30904501 0.19102429
v 3.19399993 -0.30699993 0.19283372
v 3.19599998 -0.30535644 0.19317732
v 3.19599994 -0.30795657 0.19229724
v 3.19399993 -0.30535012 0.19309999
v 3.19399995 -0.30910752 0.19106950
v 3.19599994 -0.30904501 0.19102429
v 3.19599994 -0.30535012 0.19309999
v 3.19399993 -0.28465012 0.19309999
v 3.19599994 -0.28465012 0.19309999
v 3.19399993 -0.30535012 0.19309999
v 3.19599994 -0.30690124 0.19282462
v 3.19599994 -0.30581647 0.19308041
v 3.19599994 -0.30405226 0.18978832
v 3.19599994 -0.30323539 0.18998598
v 3.19599994 -0.28310101 0.19282525
v 3.19599994 -0.28199781 0.19220611
v 3.19599994 -0.28594797 0.18978832
v 3.19599994 -0.28529867 0.18942289
v 3.19599994 -0.27850956 0.17993741
v 3.19599994 -0.27483627 0.18094451
v 3.19599994 -0.27448431 0.17991913
v 3.19599994 -0.27440011 0.17900000
v 3.19599994 -0.27825047 0.17919884
v 3.19599994 -0.27851008 0.17806164
v 3.19599994 -0.27829372 0.17861030
v 3.19599994 -0.27448431 0.17808085
v 3.19599994 -0.28401413 0.18723534
v 3.19599994 -0.28093732 0.18049073
v 3.19599994 -0.28149015 0.17993835
v 3.19599994 -0.28418399 0.16491957
v 3.19599994 -0.28676504 0.16801401
v 3.19599994 -0.28594807 0.16821166
v 3.19599994 -0.28309878 0.16517542
v 3.19599994 -0.30800265 0.16579404
v 3.19599994 -0.30405216 0.16821166
v 3.19599994 -0.30689888 0.16517461
v 3.19599994 -0.30491120 0.16872723
v 3.19599994 -0.30878591 0.16658799
v 3.19599994 -0.30542302 0.16929855
v 3.19599994 -0.30598610 0.18723534
v 3.19599994 -0.30825046 0.17919884
v 3.19599994 -0.30850955 0.17993742
v 3.19599994 -0.31551592 0.17991913
v 3.19599994 -0.31170651 0.17938969
v 3.19599994 -0.31174977 0.17880115
v 3.19599994 -0.31149015 0.17993835
v 3.19599994 -0.31516396 0.18094451
v 3.19599994 -0.30878613 0.19141168
v 3.19599994 -0.31038891 0.18070659
v 3.19599994 -0.31093732 0.18049073
v 3.19599994 -0.27980050 0.18074954
v 3.19599994 -0.28038892 0.18070659
v 3.19599994 -0.30851009 0.17806164
v 3.19599994 -0.30598610 0.17076465
v 3.19599994 -0.30906291 0.17750926
v 3.19599994 -0.28121425 0.16658809
v 3.19599994 -0.28508903 0.16872723
v 3.19599994 -0.28457722 0.16929855
v 3.19599994 -0.27906234 0.18049034
v 3.19599994 -0.28121422 0.19141185
v 3.19599994 -0.28174977 0.17880115
v 3.19599994 -0.28401413 0.17076465
v 3.19599994 -0.30829371 0.17861030
v 3.19599994 -0.28019973 0.17725044
v 3.19599994 -0.28093789 0.17750964
v 3.19599994 -0.30961131 0.17729340
v 3.19599994 -0.31019972 0.17725044
v 3.19599994 -0.30581613 0.16491957
v 3.19599994 -0.30323520 0.16801401
v 3.19599994 -0.31516396 0.17705548
v 3.19599994 -0.27961132 0.17729340
v 3.19599994 -0.27483627 0.17705548
v 3.19599994 -0.28199555 0.16579581
v 3.19599994 -0.27906291 0.17750926
v 3.19599994 -0.31551592 0.17808085
v 3.19599994 -0.31560011 0.17900000
v 3.19599994 -0.28170652 0.17938969
v 3.19599994 -0.30906233 0.18049034
v 3.19599994 -0.30980050 0.18074954
v 3.19599994 -0.30800447 0.19220437
v 3.19599994 -0.31149068 0.17806257
v 3.19599994 -0.31093789 0.17750964
v 3.19599994 -0.28149067 0.17806257
v 3.19599994 -0.28472724 0.18891094
v 3.19599994 -0.30578841 0.16994778
v 3.19599994 -0.28421182 0.16994778
v 3.19599994 -0.28421181 0.18805215
v 3.19599994 -0.28418385 0.19308042
v 3.19599994 -0.28676484 0.18998598
v 3.19599994 -0.30470156 0.18942289
v 3.19599994 -0.30527299 0.18891094
v 3.19599994 -0.30578843 0.18805215
v 3.34299372 -0.29592529 0.19583696
v 3.34298622 -0.29644494 0.19532546
v 3.34298984 -0.29366110 0.19545513
v 3.34299932 -0.29483569 0.19610233
v 3.34299454 -0.29414452 0.19588715
v 3.34299817 -0.29540252 0.19605594
v 3.34298097 -0.29669273 0.19464384
v 3.34298172 -0.29666108 0.19399729
v 3.34298700 -0.29639169 0.19340759
v 3.34299451 -0.29585585 0.19291292
v 3.34299932 -0.29516491 0.19269765
v 3.34298087 -0.29330750 0.19415617
v 3.34298212 -0.29335473 0.19488262
v 3.34299816 -0.29459774 0.19274405
v 3.34299376 -0.29407499 0.19296302
v 3.34298617 -0.29355525 0.19347463
v 3.19599994 -0.30290012 0.16800000
v 3.19699987 -0.30403341 0.16816588
v 3.19699993 -0.30290011 0.16799999
v 3.19599995 -0.30415284 0.16821419
v 3.19599992 -0.30547214 0.16932353
v 3.19699992 -0.30554684 0.16939624
v 3.19600004 -0.30606035 0.17109511
v 3.19699992 -0.30602924 0.17109774
v 3.19599994 -0.30600012 0.17109999
v 3.19699993 -0.30600012 0.18689999
v 3.19699993 -0.30600012 0.17110000
v 3.19599994 -0.30600012 0.18689999
v 3.19600001 -0.30615407 0.18691501
v 3.19699982 -0.30576402 0.18826896
v 3.19699993 -0.30600012 0.18689999
v 3.19699995 -0.30416459 0.18978205
v 3.19599989 -0.30488888 0.18934177
v 3.19600005 -0.30290500 0.19006011
v 3.19699993 -0.30290011 0.18999999
v 3.19699993 -0.30290011 0.18999999
v 3.19599994 -0.28710012 0.18999999
v 3.19699993 -0.28710012 0.18999999
v 3.19599994 -0.30290012 0.18999999
v 3.19600001 -0.28708510 0.19015395
v 3.19699982 -0.28573121 0.18976392
v 3.19699993 -0.28710012 0.18999999
v 3.19699995 -0.28421809 0.18816450
v 3.19599988 -0.28465841 0.18888882
v 3.19600005 -0.28394000 0.18690487
v 3.19699993 -0.28400012 0.18689999
v 3.19599994 -0.28400012 0.18689999
v 3.19699993 -0.28400012 0.17110000
v 3.19699993 -0.28400012 0.18689999
v 3.19599994 -0.28400012 0.17109999
v 3.19600001 -0.28384617 0.17108498
v 3.19699982 -0.28423623 0.16973101
v 3.19699993 -0.28400012 0.17110000
v 3.19699995 -0.28583569 0.16821793
v 3.19599989 -0.28511122 0.16865834
v 3.19600005 -0.28709523 0.16793990
v 3.19699993 -0.28710012 0.16799999
v 3.19699993 -0.30290011 0.16799999
v 3.19599994 -0.28710012 0.16800000
v 3.19599994 -0.30290012 0.16800000
v 3.19699993 -0.28710012 0.16799999
v 3.19699993 -0.28591069 0.18977287
v 3.19699994 -0.28508206 0.18926550
v 3.19699993 -0.28674122 0.18998384
v 3.19699993 -0.28401627 0.18725886
v 3.19699993 -0.28444993 0.18852642
v 3.19699993 -0.28415192 0.18785820
v 3.19699992 -0.28674142 0.16801615
v 3.19699993 -0.30326027 0.16801629
v 3.19699993 -0.28401627 0.17074115
v 3.19699993 -0.28547423 0.16844949
v 3.19699993 -0.28614195 0.16815178
v 3.19699993 -0.28422724 0.16991060
v 3.19699993 -0.28473468 0.16908185
v 3.19699993 -0.30598382 0.17073961
v 3.19699992 -0.30471986 0.16859029
v 3.19699993 -0.30526519 0.16908120
v 3.19699993 -0.30409005 0.16822732
v 3.19699992 -0.30577264 0.16990972
v 3.19699992 -0.30598396 0.18725884
v 3.19699993 -0.30577295 0.18808954
v 3.19699994 -0.30452625 0.18955035
v 3.19699993 -0.30385829 0.18984819
v 3.19699993 -0.30526557 0.18891813
v 3.19699993 -0.30325904 0.18998383
usemtl Aluminum
f 1 2 3
f 4 5 6
f 7 5 4
f 8 9 10
f 11 12 9
f 12 11 13
f 13 14 15
f 14 16 15
f 17 16 18
f 14 18 16
f 13 15 19
f 12 13 19
f 9 8 11
f 20 8 10
f 21 20 10
f 6 20 21
f 20 6 5
f 7 1 5
f 7 2 1
f 22 23 24
f 24 23 25
f 24 25 26
f 27 26 25
f 23 22 28
f 28 29 23
f 29 28 30
f 28 31 30
f 30 31 32
f 33 32 31
f 34 32 33
f 35 34 33
f 36 37 38
f 36 39 37
f 39 36 40
f 40 36 41
f 37 42 38
f 43 42 37
f 43 44 42
f 44 43 45
f 46 47 48
f 48 47 45
f 47 44 45
f 49 50 51
f 52 50 49
f 50 52 53
f 53 52 54
f 51 55 49
f 55 51 56
f 55 56 57
f 56 58 57
f 59 57 58
f 60 61 59
f 62 61 60
f 61 57 59
f 63 64 65
f 63 66 64
f 64 66 67
f 68 67 66
f 69 67 68
f 65 70 63
f 71 70 65
f 71 72 70
f 73 72 71
f 74 75 73
f 76 75 74
f 75 72 73
f 77 78 79
f 78 80 79
f 80 78 81
f 81 82 80
f 83 84 85
f 86 83 85
f 87 83 86
f 88 87 86
f 85 84 89
f 82 89 84
f 89 82 81
f 90 91 92
f 93 91 90
f 91 93 94
f 94 95 91
f 96 95 94
f 97 95 98
f 99 97 98
f 97 99 100
f 95 96 98
f 101 90 92
f 102 101 92
f 102 103 101
f 104 105 102
f 103 102 105
f 104 106 107
f 107 105 104
f 106 108 107
f 106 109 108
f 109 110 108
f 111 112 113
f 111 113 114
f 115 111 114
f 112 110 116
f 116 113 112
f 116 110 109
f 117 118 119
f 120 121 122
f 123 124 125
f 124 126 127
f 125 124 128
f 124 123 126
f 129 130 127
f 127 126 129
f 129 131 130
f 132 130 131
f 133 132 131
f 134 132 133
f 132 134 135
f 128 136 125
f 137 136 128
f 137 138 136
f 139 140 137
f 138 137 140
f 139 141 142
f 142 140 139
f 141 143 117
f 117 142 141
f 144 121 145
f 121 144 122
f 119 118 120
f 118 121 120
f 118 117 143
f 146 147 148
f 149 150 151
f 152 149 146
f 146 149 147
f 150 149 152
f 151 150 153
f 153 154 151
f 154 153 155
f 155 156 154
f 154 156 157
f 157 158 159
f 158 157 156
f 160 159 158
f 161 162 148
f 148 147 161
f 162 163 164
f 163 162 161
f 164 165 166
f 165 164 163
f 166 165 167
f 167 165 168
f 167 168 169
f 169 168 170
f 171 169 170
f 170 172 171
f 170 173 172
f 174 175 176
f 177 178 179
f 180 181 182
f 183 184 185
f 186 187 188
f 189 190 191
f 192 193 194
f 174 195 196
f 176 197 198
f 199 197 176
f 200 201 175
f 202 175 201
f 201 203 202
f 204 205 206
f 200 175 174
f 204 206 207
f 176 208 195
f 176 198 208
f 209 197 199
f 176 195 174
f 210 174 196
f 210 196 211
f 212 211 213
f 214 215 216
f 194 217 218
f 219 220 215
f 221 222 223
f 224 225 226
f 227 228 229
f 225 224 228
f 230 231 232
f 219 233 220
f 234 235 233
f 235 236 237
f 192 194 218
f 238 239 240
f 231 230 222
f 241 242 243
f 229 244 245
f 246 221 247
f 248 243 249
f 216 250 214
f 240 188 238
f 251 214 250
f 190 252 253
f 211 212 254
f 255 256 257
f 258 259 260
f 261 186 260
f 257 262 255
f 185 184 263
f 264 185 265
f 183 185 266
f 267 268 269
f 213 270 271
f 272 273 274
f 275 276 277
f 278 279 276
f 185 264 268
f 280 278 281
f 282 283 185
f 284 285 185
f 286 287 288
f 289 273 290
f 289 290 291
f 288 292 293
f 294 295 296
f 292 297 298
f 299 300 301
f 302 303 300
f 304 305 306
f 307 302 308
f 309 310 311
f 312 313 314
f 314 315 308
f 298 293 292
f 294 178 295
f 316 317 318
f 319 291 317
f 286 288 293
f 310 313 311
f 320 321 272
f 278 322 281
f 269 268 323
f 264 265 324
f 264 324 325
f 264 325 326
f 327 264 328
f 264 327 329
f 329 327 330
f 281 322 331
f 332 333 334
f 333 332 329
f 334 335 332
f 336 337 338
f 333 339 334
f 340 334 341
f 341 334 339
f 342 343 344
f 345 346 347
f 342 348 343
f 349 350 351
f 352 353 354
f 355 356 357
f 358 359 360
f 361 362 363
f 353 364 354
f 365 366 367
f 368 369 370
f 371 365 372
f 367 373 348
f 356 374 375
f 376 357 377
f 374 359 378
f 361 364 362
f 352 379 380
f 368 381 382
f 383 384 385
f 373 343 348
f 386 387 388
f 389 390 391
f 337 336 339
f 392 393 394
f 392 394 395
f 396 397 398
f 399 400 401
f 391 335 389
f 402 403 404
f 401 405 387
f 400 405 401
f 406 407 399
f 408 409 410
f 410 411 412
f 413 414 415
f 416 415 414
f 406 399 401
f 414 417 416
f 210 211 254
f 418 416 417
f 419 420 421
f 422 423 424
f 419 425 420
f 425 426 420
f 427 426 428
f 429 430 431
f 429 431 432
f 433 434 435
f 436 437 438
f 439 440 435
f 441 437 442
f 441 440 439
f 436 443 444
f 443 445 446
f 181 180 447
f 448 204 207
f 449 180 432
f 450 206 205
f 451 450 205
f 450 451 452
f 453 454 455
f 316 318 295
f 456 287 286
f 457 456 458
f 456 457 287
f 321 273 272
f 459 457 460
f 458 460 457
f 459 460 461
f 461 321 320
f 320 459 461
f 290 273 321
f 319 289 291
f 319 317 316
f 318 296 295
f 179 178 294
f 299 177 179
f 299 301 177
f 300 303 301
f 302 307 303
f 308 315 307
f 308 312 314
f 313 310 314
f 462 311 463
f 311 462 309
f 464 462 465
f 463 465 462
f 465 466 464
f 464 466 467
f 467 466 468
f 469 468 470
f 469 467 468
f 471 469 470
f 472 471 470
f 305 471 472
f 305 304 471
f 305 473 306
f 473 298 306
f 474 298 297
f 306 298 474
f 385 341 383
f 341 385 340
f 385 384 377
f 384 376 377
f 376 475 357
f 355 357 475
f 374 356 355
f 374 378 375
f 359 358 378
f 360 350 349
f 360 349 358
f 350 363 351
f 363 362 351
f 361 354 364
f 352 380 353
f 379 344 380
f 342 344 379
f 367 348 476
f 367 476 365
f 371 366 365
f 371 372 370
f 369 371 370
f 382 369 368
f 477 382 381
f 345 477 381
f 345 347 477
f 346 345 478
f 479 346 478
f 480 479 478
f 479 481 482
f 481 479 480
f 483 482 481
f 483 338 482
f 483 484 338
f 484 336 338
f 337 339 333
f 448 446 445
f 446 448 207
f 446 444 443
f 436 438 443
f 437 485 438
f 437 441 485
f 440 441 442
f 434 439 435
f 447 434 433
f 447 433 181
f 182 432 180
f 432 431 449
f 486 431 430
f 486 430 487
f 488 489 430
f 487 430 489
f 424 489 488
f 422 424 488
f 490 423 422
f 419 491 418
f 492 490 493
f 490 492 423
f 494 492 495
f 493 495 492
f 491 416 418
f 494 495 496
f 496 418 417
f 417 494 496
f 491 419 421
f 426 425 428
f 428 454 427
f 427 454 453
f 453 455 497
f 497 498 453
f 497 452 498
f 498 452 451
f 237 236 193
f 237 193 192
f 236 235 234
f 233 219 234
f 216 215 220
f 251 499 500
f 499 251 250
f 261 260 259
f 499 189 500
f 500 189 191
f 259 258 501
f 253 191 190
f 252 502 253
f 252 503 502
f 502 503 504
f 504 503 505
f 506 504 505
f 506 507 508
f 505 507 506
f 509 258 257
f 188 510 238
f 240 239 511
f 239 244 511
f 244 229 511
f 227 229 245
f 225 228 227
f 512 226 225
f 512 232 226
f 512 230 232
f 230 223 222
f 221 223 247
f 248 246 247
f 246 248 249
f 242 249 243
f 242 241 217
f 217 241 218
f 513 514 515
f 414 413 516
f 516 413 517
f 518 517 519
f 516 517 518
f 520 408 519
f 518 519 408
f 408 520 409
f 410 409 411
f 410 521 406
f 412 521 410
f 521 407 406
f 387 405 388
f 387 386 404
f 386 402 404
f 403 522 404
f 393 522 403
f 393 392 522
f 394 523 395
f 390 395 523
f 523 391 390
f 391 332 335
f 333 329 330
f 326 328 264
f 323 254 212
f 185 268 267
f 276 275 524
f 331 525 281
f 397 396 526
f 526 527 514
f 507 528 508
f 507 529 528
f 254 530 210
f 531 532 530
f 254 531 530
f 531 491 532
f 532 491 421
f 508 528 270
f 513 515 533
f 534 525 535
f 525 331 535
f 534 535 398
f 397 534 398
f 514 397 526
f 514 527 536
f 536 515 514
f 533 537 513
f 262 513 537
f 537 255 262
f 257 256 509
f 509 501 258
f 186 261 187
f 187 510 188
f 187 529 510
f 510 529 507
f 270 528 271
f 211 270 213
f 185 538 282
f 269 323 212
f 265 185 263
f 283 266 185
f 539 272 274
f 185 285 538
f 540 284 274
f 284 185 274
f 273 540 274
f 524 539 274
f 524 275 539
f 277 276 279
f 279 278 280
f 541 542 543
f 541 543 544
f 545 546 547
f 548 549 546
f 546 545 548
f 550 549 548
f 549 550 551
f 550 552 551
f 547 553 554
f 554 545 547
f 555 554 553
f 555 553 556
f 556 557 555
f 556 558 557
f 559 560 561
f 560 559 562
f 563 564 565
f 566 565 567
f 567 565 564
f 564 568 569
f 568 564 563
f 567 570 566
f 566 570 571
f 572 573 574
f 573 575 576
f 572 575 573
f 576 575 577
f 578 579 577
f 578 577 580
f 577 579 576
f 580 581 578
f 581 580 582
f 574 583 572
f 574 584 583
f 585 583 584
f 586 583 585
f 587 586 585
f 586 587 588
f 589 586 588
f 590 589 591
f 588 591 589
f 592 590 591
f 592 593 594
f 594 590 592
f 595 596 597
f 596 598 597
f 599 598 596
f 600 599 601
f 602 603 604
f 604 603 601
f 600 601 603
f 601 599 596
f 602 604 605
f 606 602 605
f 606 605 607
f 607 605 608
f 608 609 607
f 610 595 597
f 610 611 595
f 610 612 611
f 611 612 613
f 614 613 612
f 615 613 616
f 614 616 613
f 617 618 615
f 615 616 617
f 619 618 617
f 619 620 618
f 619 621 620
f 622 620 621
f 622 621 623
f 624 625 626
f 624 627 625
f 627 624 628
f 629 627 628
f 630 631 632
f 631 629 632
f 631 630 633
f 632 629 628
f 633 634 635
f 630 634 633
f 634 636 635
f 634 637 636
f 637 638 636
f 639 626 625
f 639 640 626
f 626 640 641
f 641 640 642
f 642 640 643
f 644 642 643
f 644 645 642
f 646 645 644
f 646 647 645
f 646 648 647
f 649 647 648
f 649 648 650
f 651 652 653
f 652 651 654
f 655 656 657
f 655 651 653
f 653 656 655
f 657 658 655
f 659 658 657
f 658 659 660
f 661 660 659
f 660 661 662
f 662 663 664
f 665 664 663
f 661 663 662
f 654 666 652
f 654 667 666
f 666 667 668
f 669 668 667
f 670 669 667
f 671 669 672
f 670 672 669
f 672 673 671
f 673 674 675
f 674 673 672
f 676 675 677
f 674 677 675
f 677 678 676
f 677 679 678
f 680 681 682
f 683 684 685
f 686 683 685
f 684 687 685
f 687 684 688
f 688 689 687
f 689 690 691
f 692 693 690
f 688 690 689
f 693 691 690
f 694 693 695
f 696 694 695
f 697 696 695
f 692 695 693
f 696 697 698
f 683 686 699
f 683 699 700
f 700 699 701
f 702 700 701
f 702 703 700
f 704 703 702
f 704 705 706
f 706 703 704
f 706 705 707
f 707 680 706
f 707 681 680
f 682 708 680
f 709 710 711
f 711 712 709
f 713 712 711
f 714 712 713
f 714 713 715
f 716 717 718
f 715 719 714
f 715 718 719
f 719 718 717
f 720 717 716
f 717 720 721
f 721 722 723
f 724 723 722
f 720 722 721
f 709 725 710
f 709 726 725
f 725 726 727
f 727 726 728
f 729 727 728
f 729 728 730
f 731 729 730
f 732 731 730
f 732 733 731
f 733 734 735
f 734 733 732
f 736 735 737
f 734 737 735
f 737 738 736
f 737 739 738
f 740 741 742
f 743 744 745
f 746 747 745
f 746 745 744
f 746 748 747
f 748 749 750
f 751 752 749
f 746 749 748
f 752 750 749
f 753 752 754
f 755 753 754
f 756 755 754
f 751 754 752
f 755 756 757
f 744 743 758
f 744 758 759
f 759 758 760
f 761 759 760
f 761 762 759
f 763 762 761
f 763 764 765
f 765 762 763
f 765 764 766
f 766 740 765
f 766 741 740
f 742 767 740
f 768 769 770
f 769 768 771
f 772 768 770
f 770 773 772
f 774 775 776
f 773 777 772
f 773 776 777
f 777 776 775
f 778 775 774
f 775 778 779
f 780 779 778
f 771 781 769
f 779 782 783
f 779 780 782
f 784 781 785
f 771 785 781
f 786 787 784
f 784 785 786
f 787 786 788
f 788 786 789
f 790 788 789
f 791 792 790
f 790 789 791
f 791 793 792
f 791 794 793
f 793 794 795
f 794 796 795
f 796 797 795
f 798 799 800
f 801 802 803
f 801 804 802
f 805 803 802
f 803 805 806
f 802 804 807
f 806 808 809
f 810 811 808
f 805 808 806
f 811 809 808
f 812 813 814
f 810 815 811
f 815 814 816
f 814 813 816
f 810 814 815
f 807 804 817
f 818 819 817
f 807 817 819
f 818 820 819
f 819 820 821
f 821 820 822
f 823 821 822
f 823 822 824
f 824 798 823
f 824 799 798
f 800 825 798
f 826 827 828
f 829 827 830
f 827 829 828
f 831 827 826
f 832 827 831
f 827 832 833
f 832 834 833
f 835 836 837
f 838 836 835
f 837 839 840
f 841 842 843
f 843 840 844
f 842 845 846
f 845 847 846
f 845 842 841
f 843 842 840
f 840 839 844
f 837 840 835
f 848 849 850
f 851 852 853
f 854 855 856
f 857 858 859
f 857 859 860
f 861 857 860
f 860 862 861
f 862 863 861
f 854 859 858
f 855 854 858
f 855 864 856
f 865 864 866
f 856 864 865
f 866 867 865
f 866 853 867
f 853 852 867
f 851 848 852
f 851 849 848
f 868 869 870
f 871 872 869
f 871 869 873
f 873 874 871
f 872 875 869
f 870 869 875
f 868 870 876
f 868 876 877
f 876 878 877
f 878 879 877
f 880 881 882
f 883 880 882
f 884 885 886
f 887 886 885
f 887 885 888
f 887 888 889
f 890 889 888
f 891 892 889
f 892 891 893
f 894 895 896
f 897 898 899
f 900 901 902
f 903 904 905
f 906 905 904
f 907 908 909
f 907 903 905
f 903 907 909
f 893 910 911
f 910 912 913
f 912 914 913
f 914 912 915
f 916 914 915
f 917 918 919
f 920 918 917
f 889 890 891
f 893 911 892
f 911 910 913
f 916 915 921
f 922 919 916
f 919 922 917
f 922 916 921
f 918 920 923
f 920 924 923
f 925 923 924
f 925 924 926
f 884 886 927
f 928 884 929
f 927 929 884
f 930 931 928
f 928 929 930
f 931 930 906
f 931 906 904
f 908 907 932
f 932 907 900
f 897 933 934
f 897 932 935
f 936 937 938
f 936 938 939
f 936 939 896
f 896 939 894
f 940 895 894
f 940 894 941
f 941 894 942
f 943 941 942
f 943 942 944
f 944 945 943
f 946 945 944
f 947 945 948
f 946 948 945
f 949 950 947
f 947 948 949
f 950 881 951
f 881 950 949
f 883 882 952
f 951 881 880
f 952 882 953
f 954 953 955
f 956 957 958
f 959 960 956
f 961 957 962
f 963 962 964
f 964 965 966
f 967 968 969
f 970 967 969
f 970 971 967
f 970 972 971
f 971 972 973
f 969 968 965
f 965 968 966
f 963 964 966
f 963 961 962
f 956 958 959
f 957 961 958
f 956 960 974
f 954 955 974
f 954 974 960
f 955 953 975
f 953 882 975
f 897 935 976
f 932 900 935
f 933 897 976
f 977 901 900
f 978 979 980
f 934 981 897
f 900 980 979
f 898 897 981
f 938 982 983
f 984 937 899
f 897 899 937
f 937 984 985
f 937 985 986
f 986 987 937
f 937 987 938
f 938 987 988
f 938 988 982
f 938 989 980
f 938 983 989
f 980 989 978
f 900 979 977
f 935 900 902
f 990 991 992
f 991 990 993
f 993 990 994
f 995 992 991
f 991 996 995
f 991 997 996
f 997 998 996
f 997 999 998
f 998 999 1000
f 999 1001 1000
f 1002 1003 1004
f 1005 1006 1007
f 1008 1007 1006
f 1009 1010 1011
f 1011 1010 1012
f 1013 1011 1012
f 1014 1013 1012
f 1007 1010 1009
f 1008 1010 1007
f 1005 1015 1006
f 1006 1015 1016
f 1015 1003 1016
f 1017 1003 1015
f 1017 1004 1003
f 1018 1002 1004
f 1019 1018 1004
f 1019 1020 1018
f 1019 1021 1020
f 1022 1023 1024
f 1025 1026 1024
f 1025 1024 1027
f 1027 1028 1025
f 1026 1029 1024
f 1022 1024 1029
f 1023 1022 1030
f 1023 1030 1031
f 1030 1032 1031
f 1032 1033 1031
f 1034 1035 1036
f 1035 1034 1037
f 1037 1034 1038
f 1039 1036 1035
f 1035 1040 1039
f 1035 1041 1040
f 1041 1042 1040
f 1041 1043 1042
f 1042 1043 1044
f 1043 1045 1044
f 1046 1047 1048
f 1046 1048 1049
f 1050 1049 1048
f 1051 1049 1050
f 1050 1052 1051
f 1052 1053 1051
f 1053 1052 1054
f 1054 1055 1053
f 1056 1055 1054
f 1046 1057 1047
f 1057 1058 1047
f 1058 1057 1059
f 1058 1059 1060
f 1061 1060 1059
f 1062 1060 1061
f 1061 1063 1062
f 1064 1063 1061
f 1065 1066 1067
f 1068 1069 1066
f 1068 1066 1070
f 1070 1071 1068
f 1069 1072 1066
f 1067 1066 1072
f 1065 1067 1073
f 1065 1073 1074
f 1073 1075 1074
f 1075 1076 1074
f 1077 1078 1079
f 1078 1077 1080
f 1080 1077 1081
f 1082 1079 1078
f 1078 1083 1082
f 1078 1084 1083
f 1084 1085 1083
f 1084 1086 1085
f 1085 1086 1087
f 1086 1088 1087
f 1089 1090 1091
f 1092 1093 1094
f 1095 1094 1093
f 1096 1097 1098
f 1098 1097 1099
f 1100 1098 1099
f 1101 1100 1099
f 1094 1097 1096
f 1095 1097 1094
f 1092 1102 1093
f 1093 1102 1103
f 1102 1090 1103
f 1104 1090 1102
f 1104 1091 1090
f 1105 1089 1091
f 1106 1105 1091
f 1106 1107 1105
f 1106 1108 1107
f 1109 1110 1111
f 1112 1111 1110
f 1109 1113 1110
f 1113 1109 1114
f 1114 1109 1115
f 1115 1109 1116
f 1116 1117 1115
f 1111 1112 1118
f 1111 1118 1119
f 1118 1120 1119
f 1119 1120 1121
f 1122 1123 1124
f 1125 1126 1122
f 1123 1122 1126
f 1125 1122 1127
f 1125 1127 1128
f 1124 1129 1122
f 1129 1130 1122
f 1131 1132 1133
f 1134 1135 1136
f 1137 1138 1139
f 1139 1134 1136
f 1139 1140 1137
f 1140 1139 1136
f 1137 1141 1138
f 1142 1138 1141
f 1143 1138 1142
f 1144 1143 1142
f 1139 1138 1131
f 1138 1132 1131
f 1145 1146 1147
f 1148 1149 1150
f 1145 1147 1151
f 1152 1147 1146
f 1153 1147 1152
f 1153 1154 1147
f 1147 1154 1149
f 1149 1154 1155
f 1149 1155 1156
f 1149 1156 1150
f 1157 1158 1159
f 1159 1160 1157
f 1161 1162 1160
f 1160 1159 1161
f 1163 1161 1164
f 1165 1166 1162
f 1161 1167 1164
f 1168 1164 1167
f 1169 1165 1162
f 1163 1169 1161
f 1162 1161 1169
f 1162 1166 1170
f 1170 1166 1171
f 1172 1173 1174
f 1173 1172 1175
f 1176 1177 1178
f 1178 1179 1180
f 1181 1180 1182
f 1180 1183 1184
f 1180 1185 1183
f 1181 1185 1180
f 1182 1180 1186
f 1180 1179 1186
f 1187 1188 1176
f 1176 1188 1177
f 1187 1176 1189
f 1190 1189 1176
f 1176 1178 1180
f 1191 1178 1192
f 1178 1191 1179
f 1193 1192 1194
f 1192 1193 1191
f 1193 1195 1196
f 1193 1197 1195
f 1196 1198 1193
f 1197 1193 1194
f 1191 1193 1199
f 1191 1199 1200
f 1199 1201 1200
f 1202 1201 1199
f 1202 1199 1203
f 1204 1205 1199
f 1199 1205 1203
f 1206 1207 1208
f 1207 1206 1209
f 1210 1211 1212
f 1213 1212 1211
f 1214 1212 1213
f 1213 1215 1214
f 1215 1216 1214
f 1211 1210 1217
f 1217 1210 1218
f 1217 1218 1219
f 1220 1221 1219
f 1219 1218 1220
f 1221 1220 1222
f 1221 1222 1223
f 1224 1225 1226
f 1227 1228 1225
f 1225 1224 1227
f 1227 1229 1228
f 1228 1229 1230
f 1229 1231 1230
f 1226 1232 1233
f 1233 1224 1226
f 1234 1233 1232
f 1234 1232 1235
f 1235 1236 1234
f 1235 1237 1236
f 1238 1239 1240
f 1239 1238 1241
f 1241 1238 1242
f 1241 1242 1243
f 1244 1243 1242
f 1245 1243 1244
f 1244 1246 1245
f 1247 1240 1239
f 1248 1247 1239
f 1249 1250 1247
f 1247 1248 1249
f 1250 1249 1251
f 1250 1251 1252
f 1253 1254 1255
f 1254 1256 1255
f 1256 1254 1257
f 1254 1258 1257
f 1258 1259 1257
f 1259 1260 1257
f 1253 1255 1261
f 1262 1253 1261
f 1263 1262 1261
f 1263 1264 1262
f 1264 1263 1265
f 1266 1267 1268
f 1269 1268 1267
f 1270 1271 1268
f 1268 1269 1270
f 1271 1270 1272
f 1270 1273 1272
f 1266 1274 1267
f 1266 1275 1274
f 1276 1274 1275
f 1277 1274 1276
f 1278 1279 1277
f 1277 1276 1278
f 1280 1281 1282
f 1282 1281 1283
f 1281 1284 1283
f 1284 1285 1283
f 1285 1286 1283
f 1280 1282 1287
f 1288 1280 1287
f 1289 1288 1287
f 1289 1290 1288
f 1291 1290 1289
f 1290 1291 1292
f 1290 1292 1293
f 1294 1295 1296
f 1297 1298 1299
f 1300 1301 1302
f 1303 1298 1297
f 1304 1305 1306
f 1307 1305 1308
f 1305 1304 1308
f 1306 1305 1309
f 1310 1298 1306
f 1306 1309 1310
f 1300 1311 1312
f 1313 1314 1315
f 1316 1315 1317
f 1313 1315 1316
f 1317 1318 1316
f 1316 1318 1319
f 1319 1318 1320
f 1321 1319 1320
f 1321 1322 1323
f 1320 1322 1321
f 1321 1323 1324
f 1323 1325 1324
f 1325 1326 1324
f 1327 1326 1325
f 1328 1326 1327
f 1328 1327 1329
f 1328 1329 1330
f 1329 1331 1330
f 1331 1332 1330
f 1333 1334 1331
f 1332 1331 1334
f 1335 1333 1336
f 1333 1335 1334
f 1336 1337 1296
f 1296 1335 1336
f 1337 1338 1296
f 1339 1296 1338
f 1340 1296 1339
f 1341 1296 1340
f 1294 1296 1341
f 1342 1343 1344
f 1345 1346 1343
f 1342 1347 1343
f 1348 1349 1301
f 1350 1351 1352
f 1353 1354 1355
f 1353 1355 1350
f 1356 1357 1358
f 1359 1360 1361
f 1362 1361 1360
f 1363 1364 1365
f 1363 1366 1367
f 1368 1365 1364
f 1369 1370 1371
f 1371 1372 1369
f 1373 1374 1375
f 1376 1377 1378
f 1377 1376 1379
f 1380 1381 1382
f 1378 1383 1384
f 1385 1381 1380
f 1385 1386 1381
f 1387 1381 1386
f 1382 1383 1380
f 1382 1384 1383
f 1376 1378 1384
f 1377 1379 1373
f 1373 1379 1374
f 1388 1375 1389
f 1375 1374 1389
f 1372 1388 1389
f 1372 1371 1388
f 1369 1390 1370
f 1390 1368 1391
f 1370 1390 1391
f 1391 1368 1364
f 1366 1363 1365
f 1367 1392 1363
f 1393 1394 1392
f 1367 1393 1392
f 1393 1362 1395
f 1394 1393 1395
f 1395 1362 1360
f 1396 1359 1361
f 1358 1397 1396
f 1396 1397 1359
f 1358 1357 1397
f 1357 1356 1398
f 1398 1399 1354
f 1398 1356 1399
f 1354 1399 1355
f 1350 1352 1353
f 1350 1312 1351
f 1351 1312 1311
f 1302 1311 1300
f 1301 1349 1302
f 1400 1349 1348
f 1401 1400 1402
f 1402 1400 1348
f 1402 1403 1401
f 1347 1403 1343
f 1403 1402 1343
f 1344 1343 1346
f 1404 1343 1295
f 1343 1404 1345
f 1296 1295 1343
f 1296 1405 1406
f 1405 1296 1343
f 1405 1407 1406
f 1298 1310 1407
f 1406 1407 1310
f 1298 1408 1299
f 1298 1407 1408
f 1299 1409 1297
f 1410 1411 1412
f 1411 1413 1414
f 1415 1416 1417
f 1418 1412 1419
f 1420 1421 1418
f 1418 1421 1422
f 1423 1424 1425
f 1426 1427 1428
f 1421 1427 1426
f 1421 1426 1422
f 1419 1420 1418
f 1412 1411 1419
f 1410 1413 1429
f 1430 1413 1410
f 1427 1431 1428
f 1421 1432 1433
f 1411 1410 1429
f 1417 1416 1434
f 1421 1433 1427
f 1421 1420 1432
f 1411 1429 1413
f 1430 1417 1435
f 1413 1430 1435
f 1435 1417 1434
f 1427 1433 1431
f 1420 1436 1432
f 1436 1420 1419
f 1413 1434 1414
f 1419 1414 1436
f 1411 1414 1419
f 1413 1435 1434
f 1425 1431 1433
f 1437 1425 1433
f 1433 1432 1437
f 1432 1436 1438
f 1439 1434 1440
f 1437 1432 1438
f 1438 1439 1441
f 1438 1436 1439
f 1414 1439 1436
f 1439 1414 1434
f 1423 1437 1442
f 1423 1425 1437
f 1443 1437 1438
f 1440 1444 1439
f 1445 1446 1447
f 1446 1445 1448
f 1449 1448 1445
f 1448 1449 1450
f 1451 1452 1453
f 1451 1450 1452
f 1451 1453 1454
f 1450 1451 1448
f 1455 1456 1457
f 1458 1459 1460
f 1461 1458 1460
f 1458 1461 1462
f 1461 1456 1462
f 1456 1455 1462
f 1463 1464 1465
f 1464 1466 1465
f 1467 1468 1469
f 1470 1471 1472
f 1470 1472 1469
f 1473 1474 1475
f 1476 1477 1478
f 1475 1476 1473
f 1479 1480 1481
f 1480 1482 1483
f 1484 1485 1486
f 1487 1488 1489
f 1490 1489 1488
f 1491 1487 1492
f 1487 1491 1488
f 1493 1491 1492
f 1494 1491 1493
f 1494 1493 1495
f 1494 1495 1496
f 1495 1497 1496
f 1498 1485 1484
f 1483 1485 1498
f 1490 1484 1486
f 1486 1489 1490
f 1479 1481 1477
f 1498 1480 1483
f 1482 1480 1479
f 1477 1481 1478
f 1473 1476 1478
f 1474 1499 1475
f 1471 1470 1499
f 1471 1499 1474
f 1469 1472 1467
f 1468 1467 1500
f 1500 1463 1468
f 1500 1464 1463
f 1465 1466 1501
f 1501 1466 1502
f 1503 1504 1505
f 1506 1507 1508
f 1509 1508 1507
f 1509 1510 1508
f 1507 1506 1511
f 1506 1505 1511
f 1505 1504 1511
f 1512 1513 1514
f 1512 1514 1515
f 1516 1513 1512
f 1516 1517 1513
f 1518 1519 1515
f 1515 1519 1512
f 1520 1521 1522
f 1521 1523 1522
f 1524 1525 1526
f 1522 1527 1520
f 1528 1529 1530
f 1531 1532 1533
f 1534 1535 1536
f 1534 1537 1535
f 1538 1539 1540
f 1541 1539 1538
f 1530 1541 1528
f 1541 1538 1528
f 1530 1542 1543
f 1544 1530 1529
f 1527 1544 1529
f 1544 1527 1545
f 1523 1521 1520
f 1545 1527 1522
f 1523 1524 1526
f 1524 1523 1520
f 1525 1546 1526
f 1541 1543 1535
f 1547 1546 1525
f 1541 1530 1543
f 1530 1544 1542
f 1526 1548 1523
f 1535 1539 1541
f 1548 1549 1523
f 1548 1526 1546
f 1550 1544 1545
f 1550 1522 1549
f 1522 1550 1545
f 1549 1522 1523
f 1546 1551 1548
f 1544 1550 1532
f 1532 1542 1544
f 1549 1548 1551
f 1532 1543 1542
f 1536 1543 1532
f 1535 1543 1536
f 1550 1533 1532
f 1533 1550 1552
f 1552 1550 1553
f 1550 1549 1553
f 1549 1551 1554
f 1549 1554 1553
f 1531 1533 1555
f 1556 1552 1553
f 1557 1558 1559
f 1560 1561 1562
f 1563 1560 1562
f 1560 1563 1564
f 1563 1558 1564
f 1558 1557 1564
f 1565 1566 1567
f 1568 1569 1570
f 1566 1568 1570
f 1569 1568 1571
f 1571 1572 1569
f 1567 1566 1570
f 1573 1572 1571
f 1574 1575 1576
f 1575 1577 1576
f 1578 1579 1580
f 1581 1582 1583
f 1582 1584 1583
f 1585 1586 1587
f 1586 1581 1587
f 1588 1589 1585
f 1590 1591 1592
f 1591 1590 1593
f 1594 1590 1592
f 1595 1594 1596
f 1594 1595 1590
f 1596 1597 1598
f 1598 1595 1596
f 1598 1597 1599
f 1598 1599 1600
f 1599 1601 1600
f 1585 1587 1588
f 1591 1593 1589
f 1585 1589 1593
f 1586 1582 1581
f 1584 1602 1583
f 1603 1604 1605
f 1602 1584 1604
f 1606 1604 1603
f 1606 1602 1604
f 1578 1580 1605
f 1580 1603 1605
f 1607 1608 1609
f 1578 1610 1579
f 1610 1578 1608
f 1607 1610 1608
f 1609 1574 1607
f 1574 1609 1575
f 1577 1611 1612
f 1576 1577 1612
f 1613 1614 1615
f 1616 1617 1618
f 1619 1618 1617
f 1619 1620 1618
f 1617 1616 1621
f 1616 1615 1621
f 1615 1614 1621
f 1622 1623 1624
f 1624 1625 1626
f 1626 1622 1624
f 1622 1627 1623
f 1628 1625 1629
f 1629 1625 1624
f 1630 1631 1632
f 1633 1630 1632
f 1630 1633 1634
f 1635 1634 1633
f 1635 1636 1634
f 1636 1637 1634
f 1637 1636 1638
f 1639 1632 1631
f 1637 1638 1640
f 1638 1641 1640
f 1641 1642 1643
f 1643 1640 1641
f 1642 1644 1643
f 1643 1644 1645
f 1644 1646 1645
f 1645 1646 1647
f 1648 1645 1647
f 1648 1647 1649
f 1650 1648 1649
f 1651 1652 1653
f 1654 1655 1656
f 1655 1657 1656
f 1657 1655 1658
f 1659 1657 1658
f 1654 1653 1655
f 1653 1654 1651
f 1660 1661 1662
f 1662 1663 1660
f 1664 1665 1663
f 1666 1665 1667
f 1668 1666 1667
f 1669 1664 1663
f 1670 1671 1672
f 1673 1661 1660
f 1664 1667 1665
f 1669 1674 1664
f 1663 1662 1669
f 1675 1676 1677
f 1676 1675 1673
f 1676 1678 1677
f 1679 1677 1678
f 1680 1668 1667
f 1661 1673 1675
f 1678 1681 1679
f 1682 1680 1667
f 1664 1674 1682
f 1664 1682 1667
f 1662 1683 1669
f 1662 1661 1683
f 1677 1679 1684
f 1685 1686 1687
f 1675 1677 1684
f 1688 1675 1684
f 1688 1661 1675
f 1679 1689 1684
f 1670 1680 1682
f 1690 1682 1674
f 1669 1691 1690
f 1690 1674 1669
f 1691 1669 1683
f 1691 1683 1661
f 1688 1691 1661
f 1688 1684 1689
f 1670 1682 1671
f 1682 1690 1671
f 1690 1687 1671
f 1690 1685 1687
f 1691 1685 1690
f 1685 1691 1692
f 1692 1691 1693
f 1691 1688 1693
f 1694 1688 1689
f 1688 1694 1693
f 1695 1692 1693
f 1696 1697 1698
f 1699 1700 1701
f 1702 1703 1704
f 1697 1696 1705
f 1700 1706 1707
f 1706 1708 1709
f 1710 1709 1708
f 1711 1708 1712
f 1713 1711 1712
f 1714 1712 1715
f 1716 1704 1703
f 1699 1701 1716
f 1716 1703 1699
f 1709 1707 1706
f 1700 1707 1701
f 1713 1712 1714
f 1715 1717 1714
f 1716 1718 1697
f 1710 1708 1711
f 1719 1717 1715
f 1701 1718 1716
f 1707 1720 1701
f 1707 1709 1720
f 1721 1711 1713
f 1714 1721 1713
f 1697 1704 1716
f 1721 1722 1711
f 1721 1714 1717
f 1723 1718 1701
f 1720 1723 1701
f 1724 1720 1709
f 1710 1722 1724
f 1710 1724 1709
f 1722 1710 1711
f 1717 1725 1721
f 1720 1724 1723
f 1722 1721 1725
f 1718 1723 1698
f 1697 1718 1698
f 1724 1726 1723
f 1724 1727 1726
f 1724 1728 1727
f 1724 1722 1728
f 1722 1725 1729
f 1722 1729 1728
f 1698 1723 1730
f 1730 1723 1726
f 1731 1726 1727
f 1732 1733 1734
f 1735 1736 1737
f 1738 1735 1737
f 1735 1738 1739
f 1738 1733 1739
f 1733 1732 1739
f 1740 1741 1742
f 1743 1744 1745
f 1741 1743 1745
f 1744 1743 1746
f 1746 1747 1744
f 1742 1741 1745
f 1748 1747 1746
f 1749 1750 1751
f 1750 1752 1751
f 1753 1754 1755
f 1756 1757 1758
f 1757 1759 1758
f 1760 1761 1762
f 1761 1756 1762
f 1763 1764 1760
f 1765 1766 1767
f 1766 1765 1768
f 1769 1765 1767
f 1770 1769 1771
f 1769 1770 1765
f 1771 1772 1773
f 1773 1770 1771
f 1773 1772 1774
f 1773 1774 1775
f 1774 1776 1775
f 1760 1762 1763
f 1766 1768 1764
f 1760 1764 1768
f 1761 1757 1756
f 1759 1777 1758
f 1778 1779 1780
f 1777 1759 1779
f 1781 1779 1778
f 1781 1777 1779
f 1753 1755 1780
f 1755 1778 1780
f 1782 1783 1784
f 1753 1785 1754
f 1785 1753 1783
f 1782 1785 1783
f 1784 1749 1782
f 1749 1784 1750
f 1752 1786 1787
f 1751 1752 1787
f 1788 1789 1790
f 1791 1792 1793
f 1794 1793 1792
f 1794 1795 1793
f 1792 1791 1796
f 1791 1790 1796
f 1790 1789 1796
f 1797 1798 1799
f 1799 1800 1801
f 1801 1797 1799
f 1797 1802 1798
f 1803 1800 1804
f 1804 1800 1799
f 1805 1806 1807
f 1808 1809 1810
f 1811 1808 1810
f 1808 1811 1812
f 1811 1806 1812
f 1806 1805 1812
f 1813 1814 1815
f 1816 1817 1818
f 1817 1816 1819
f 1820 1817 1814
f 1814 1813 1820
f 1819 1821 1817
f 1814 1817 1821
f 1822 1823 1824
f 1825 1826 1827
f 1828 1829 1830
f 1828 1827 1829
f 1829 1827 1826
f 1831 1828 1830
f 1830 1832 1831
f 1833 1834 1831
f 1832 1833 1831
f 1835 1836 1837
f 1838 1835 1834
f 1835 1838 1836
f 1839 1837 1836
f 1839 1840 1837
f 1833 1838 1834
f 1841 1840 1842
f 1841 1842 1843
f 1844 1845 1846
f 1844 1841 1845
f 1845 1841 1843
f 1839 1842 1840
f 1847 1826 1825
f 1848 1847 1849
f 1825 1849 1847
f 1849 1850 1848
f 1851 1850 1849
f 1852 1850 1851
f 1852 1851 1853
f 1852 1854 1855
f 1854 1852 1853
f 1856 1855 1854
f 1856 1854 1857
f 1856 1857 1858
f 1857 1859 1858
f 1859 1822 1858
f 1823 1822 1859
f 1823 1860 1824
f 1860 1861 1862
f 1862 1824 1860
f 1863 1864 1865
f 1866 1867 1868
f 1869 1868 1867
f 1869 1870 1868
f 1867 1866 1871
f 1866 1865 1871
f 1865 1864 1871
f 1872 1873 1874
f 1875 1876 1877
f 1877 1878 1879
f 1877 1880 1872
f 1872 1880 1881
f 1872 1881 1873
f 1876 1878 1877
f 1877 1879 1880
f 1882 1883 1884
f 1885 1886 1887
f 1884 1883 1888
f 1889 1887 1886
f 1890 1887 1889
f 1890 1891 1887
f 1892 1887 1891
f 1892 1883 1887
f 1883 1892 1888
f 1882 1893 1883
f 1894 1895 1896
f 1897 1894 1896
f 1898 1899 1900
f 1898 1901 1899
f 1902 1903 1904
f 1902 1905 1903
f 1906 1907 1908
f 1907 1909 1908
f 1906 1908 1910
f 1906 1910 1911
f 1912 1913 1914
f 1913 1912 1915
f 1916 1917 1918
f 1917 1919 1918
f 1916 1918 1920
f 1916 1920 1921
f 1922 1923 1924
f 1922 1925 1923
f 1926 1927 1928
f 1929 1926 1928
f 1930 1931 1932
f 1930 1933 1931
f 1934 1935 1936
f 1937 1938 1939
f 1934 1940 1935
f 1941 1935 1942
f 1942 1935 1940
f 1943 1944 1942
f 1941 1942 1944
f 1943 1945 1946
f 1943 1946 1944
f 1947 1946 1945
f 1948 1949 1950
f 1948 1950 1951
f 1952 1953 1954
f 1955 1956 1957
f 1958 1959 1956
f 1956 1959 1957
f 1960 1956 1955
f 1960 1955 1961
f 1955 1962 1961
f 1954 1962 1952
f 1962 1954 1961
f 1953 1952 1939
f 1938 1953 1939
f 1938 1937 1949
f 1950 1949 1937
f 1951 1963 1948
f 1964 1965 1963
f 1951 1964 1963
f 1947 1965 1964
f 1965 1947 1945
f 1966 1967 1968
f 1967 1966 1969
f 1969 1970 1967
f 1970 1971 1972
f 1972 1967 1970
f 1972 1971 1973
f 1974 1973 1975
f 1975 1976 1974
f 1974 1972 1973
f 1976 1975 1977
f 1978 1979 1977
f 1977 1979 1976
f 1980 1979 1978
f 1979 1980 1981
f 1982 1966 1968
f 1983 1982 1968
f 1983 1984 1982
f 1983 1985 1984
f 1984 1985 1986
f 1985 1987 1986
f 1986 1987 1988
f 1987 1989 1990
f 1990 1988 1987
f 1991 1989 1992
f 1989 1991 1990
f 1991 1992 1993
f 1993 1992 1994
f 1995 1993 1994
f 1996 1997 1998
f 1997 1996 1999
f 1996 2000 1999
f 2001 1999 2000
f 1998 1997 2002
f 2003 2004 2000
f 2005 2006 2003
f 2006 2004 2003
f 2007 2008 2009
f 2010 2005 2007
f 2010 2007 2009
f 2006 2005 2010
f 2008 2007 2011
f 2004 2001 2000
f 2002 2012 1998
f 2013 2012 2002
f 2014 2013 2015
f 2013 2014 2012
f 2014 2015 2016
f 2017 2014 2016
f 2018 2017 2016
f 2018 2019 2017
f 2018 2020 2019
f 2021 2020 2022
f 2020 2021 2019
f 2023 2024 2021
f 2021 2022 2023
f 2025 2026 2027
f 2025 2028 2026
f 2029 2030 2031
f 2028 2030 2029
f 2029 2026 2028
f 2031 2032 2033
f 2032 2034 2033
f 2032 2035 2034
f 2033 2029 2031
f 2036 2037 2035
f 2035 2037 2034
f 2038 2037 2036
f 2037 2038 2039
f 2040 2025 2027
f 2041 2040 2027
f 2041 2042 2040
f 2041 2043 2042
f 2042 2043 2044
f 2043 2045 2044
f 2044 2045 2046
f 2045 2047 2048
f 2048 2046 2045
f 2049 2047 2050
f 2047 2049 2048
f 2049 2050 2051
f 2051 2050 2052
f 2053 2051 2052
f 2054 2055 2056
f 2055 2054 2057
f 2054 2058 2057
f 2059 2057 2058
f 2056 2055 2060
f 2061 2062 2058
f 2063 2064 2061
f 2064 2062 2061
f 2065 2066 2067
f 2068 2063 2065
f 2068 2065 2067
f 2064 2063 2068
f 2066 2065 2069
f 2062 2059 2058
f 2070 2056 2071
f 2060 2071 2056
f 2070 2071 2072
f 2073 2072 2074
f 2072 2073 2070
f 2073 2074 2075
f 2076 2073 2075
f 2077 2076 2075
f 2077 2078 2076
f 2077 2079 2078
f 2080 2079 2081
f 2079 2080 2078
f 2082 2083 2080
f 2080 2081 2082
f 2084 2085 2086
f 2087 2088 2089
f 2090 2088 2091
f 2088 2090 2092
f 2087 2091 2088
f 2089 2093 2087
f 2089 2094 2093
f 2093 2094 2095
f 2096 2097 2098
f 2099 2100 2101
f 2102 2103 2104
f 2104 2105 2102
f 2086 2106 2107
f 2106 2086 2085
f 2108 2109 2084
f 2085 2084 2109
f 2110 2109 2108
f 2111 2108 2112
f 2108 2111 2110
f 2105 2107 2106
f 2104 2107 2105
f 2103 2102 2113
f 2101 2103 2113
f 2100 2103 2101
f 2098 2099 2096
f 2099 2098 2100
f 2094 2098 2097
f 2095 2094 2097
f 2114 2115 2116
f 2117 2114 2116
f 2118 2119 2117
f 2118 2117 2116
f 2118 2120 2119
f 2119 2121 2122
f 2121 2119 2120
f 2122 2121 2123
f 2122 2123 2124
f 2124 2123 2125
f 2126 2124 2125
f 2127 2126 2128
f 2126 2127 2129
f 2125 2128 2126
f 2114 2130 2115
f 2114 2131 2130
f 2130 2131 2132
f 2133 2132 2131
f 2134 2133 2131
f 2134 2135 2133
f 2136 2135 2134
f 2136 2137 2135
f 2136 2138 2137
f 2137 2138 2139
f 2139 2138 2140
f 2141 2139 2140
f 2140 2142 2141
f 2140 2143 2142
f 2144 2145 2146
f 2147 2144 2146
f 2146 2148 2147
f 2148 2149 2150
f 2150 2147 2148
f 2150 2149 2151
f 2152 2151 2153
f 2153 2154 2152
f 2152 2150 2151
f 2154 2153 2155
f 2156 2157 2155
f 2155 2157 2154
f 2158 2157 2156
f 2157 2158 2159
f 2144 2160 2161
f 2161 2145 2144
f 2160 2162 2161
f 2160 2163 2162
f 2162 2163 2164
f 2163 2165 2166
f 2166 2164 2163
f 2165 2167 2168
f 2168 2166 2165
f 2169 2168 2167
f 2170 2169 2167
f 2170 2171 2169
f 2171 2170 2172
f 2170 2173 2172
f 2174 2175 2176
f 2174 2177 2175
f 2175 2178 2176
f 2179 2176 2178
f 2177 2174 2180
f 2181 2179 2178
f 2179 2181 2182
f 2183 2184 2181
f 2185 2184 2183
f 2184 2182 2181
f 2183 2186 2185
f 2186 2187 2185
f 2188 2187 2186
f 2188 2189 2187
f 2180 2190 2177
f 2191 2190 2180
f 2192 2191 2193
f 2191 2192 2190
f 2194 2192 2193
f 2194 2195 2196
f 2196 2192 2194
f 2197 2195 2198
f 2195 2197 2196
f 2199 2198 2200
f 2198 2199 2197
f 2201 2202 2199
f 2199 2200 2201
f 2203 2204 2205
f 2206 2207 2208
f 2207 2209 2210
f 2211 2212 2213
f 2206 2208 2214
f 2215 2216 2217
f 2218 2219 2220
f 2204 2203 2221
f 2222 2223 2224
f 2225 2224 2223
f 2226 2227 2228
f 2229 2230 2231
f 2232 2233 2234
f 2235 2236 2232
f 2230 2237 2231
f 2238 2236 2235
f 2239 2237 2230
f 2240 2241 2242
f 2243 2237 2239
f 2243 2239 2244
f 2245 2246 2247
f 2217 2248 2242
f 2242 2245 2240
f 2244 2249 2243
f 2247 2240 2245
f 2250 2251 2248
f 2248 2217 2250
f 2252 2251 2250
f 2252 2253 2251
f 2254 2253 2252
f 2217 2242 2241
f 2241 2215 2217
f 2216 2255 2217
f 2216 2256 2255
f 2257 2255 2256
f 2257 2219 2255
f 2258 2211 2259
f 2220 2219 2257
f 2258 2229 2260
f 2222 2219 2218
f 2224 2261 2260
f 2222 2224 2219
f 2225 2261 2224
f 2260 2231 2224
f 2260 2229 2231
f 2258 2259 2229
f 2211 2213 2259
f 2212 2210 2213
f 2212 2207 2210
f 2209 2207 2206
f 2206 2214 2262
f 2262 2214 2205
f 2262 2205 2204
f 2204 2221 2263
f 2264 2263 2221
f 2263 2264 2265
f 2265 2264 2266
f 2265 2266 2267
f 2227 2267 2228
f 2227 2265 2267
f 2234 2226 2228
f 2234 2233 2226
f 2232 2236 2233
f 2235 2268 2238
f 2238 2268 2246
f 2246 2268 2247
f 2269 2270 2271
f 2272 2273 2274
f 2275 2276 2277
f 2278 2279 2276
f 2280 2279 2281
f 2282 2275 2277
f 2283 2284 2282
f 2285 2286 2287
f 2288 2289 2270
f 2271 2290 2269
f 2290 2291 2292
f 2293 2294 2295
f 2295 2296 2293
f 2297 2298 2295
f 2290 2292 2269
f 2281 2299 2280
f 2280 2299 2300
f 2296 2301 2293
f 2301 2296 2302
f 2303 2304 2305
f 2301 2302 2306
f 2307 2308 2274
f 2306 2309 2301
f 2310 2311 2300
f 2311 2310 2305
f 2303 2312 2304
f 2313 2307 2314
f 2307 2274 2314
f 2313 2314 2315
f 2314 2316 2315
f 2317 2315 2316
f 2289 2271 2270
f 2289 2288 2318
f 2287 2288 2285
f 2318 2288 2287
f 2287 2286 2319
f 2286 2283 2319
f 2319 2283 2282
f 2284 2275 2282
f 2276 2279 2277
f 2281 2279 2278
f 2310 2300 2299
f 2305 2304 2311
f 2320 2321 2322
f 2303 2323 2312
f 2312 2323 2320
f 2323 2321 2320
f 2322 2321 2308
f 2308 2321 2272
f 2308 2272 2274
f 2274 2273 2324
f 2273 2325 2324
f 2324 2326 2327
f 2326 2324 2325
f 2324 2328 2329
f 2328 2324 2327
f 2330 2331 2329
f 2328 2330 2329
f 2330 2332 2331
f 2332 2333 2331
f 2333 2334 2331
f 2331 2334 2335
f 2335 2336 2294
f 2331 2335 2294
f 2336 2295 2294
f 2336 2297 2295
f 2298 2297 2291
f 2291 2297 2292
f 2337 2338 2339
f 2340 2337 2339
f 2340 2341 2337
f 2342 2341 2340
f 2339 2338 2343
f 2344 2339 2343
f 2345 2344 2343
f 2345 2346 2344
f 2347 2348 2349
f 2349 2348 2350
f 2348 2351 2350
f 2350 2351 2352
f 2349 2353 2347
f 2347 2353 2354
f 2355 2354 2353
f 2356 2354 2355
f 2357 2358 2359
f 2360 2361 2362
f 2363 2360 2362
f 2363 2364 2365
f 2363 2362 2364
f 2366 2365 2364
f 2367 2368 2357
f 2369 2370 2371
f 2372 2373 2374
f 2371 2370 2375
f 2376 2377 2372
f 2378 2376 2379
f 2380 2381 2382
f 2361 2360 2383
f 2370 2384 2375
f 2361 2383 2385
f 2386 2387 2388
f 2389 2390 2384
f 2375 2384 2390
f 2391 2392 2393
f 2389 2394 2390
f 2383 2395 2385
f 2388 2395 2386
f 2396 2397 2358
f 2358 2357 2396
f 2398 2397 2396
f 2398 2399 2397
f 2400 2399 2398
f 2401 2357 2359
f 2364 2402 2366
f 2403 2404 2376
f 2385 2395 2388
f 2386 2405 2387
f 2405 2406 2387
f 2387 2406 2392
f 2392 2406 2393
f 2401 2359 2393
f 2391 2393 2359
f 2367 2357 2401
f 2368 2407 2357
f 2368 2408 2407
f 2407 2403 2376
f 2403 2407 2408
f 2404 2379 2376
f 2409 2382 2410
f 2374 2381 2411
f 2377 2376 2378
f 2412 2372 2413
f 2377 2413 2372
f 2373 2372 2412
f 2371 2372 2374
f 2374 2369 2371
f 2374 2411 2369
f 2381 2380 2411
f 2381 2414 2382
f 2414 2410 2382
f 2415 2409 2410
f 2409 2415 2416
f 2416 2415 2417
f 2417 2418 2416
f 2419 2418 2417
f 2418 2419 2420
f 2419 2421 2420
f 2402 2420 2422
f 2421 2422 2420
f 2402 2422 2366
f 2423 2424 2425
f 2426 2427 2428
f 2429 2427 2426
f 2426 2428 2423
f 2423 2428 2424
f 2430 2431 2432
f 2433 2434 2435
f 2436 2437 2438
f 2439 2425 2424
f 2440 2441 2442
f 2443 2444 2425
f 2445 2442 2446
f 2447 2444 2443
f 2448 2449 2450
f 2445 2446 2451
f 2452 2436 2453
f 2453 2436 2454
f 2449 2451 2455
f 2456 2457 2458
f 2457 2456 2447
f 2459 2458 2457
f 2459 2460 2458
f 2461 2462 2460
f 2461 2460 2459
f 2463 2464 2465
f 2466 2463 2465
f 2467 2468 2469
f 2470 2471 2472
f 2431 2473 2474
f 2475 2476 2477
f 2475 2478 2473
f 2475 2477 2478
f 2431 2474 2432
f 2473 2478 2474
f 2479 2431 2480
f 2427 2429 2481
f 2435 2429 2433
f 2481 2429 2435
f 2435 2434 2482
f 2434 2440 2482
f 2482 2440 2442
f 2441 2446 2442
f 2451 2449 2445
f 2450 2449 2455
f 2448 2450 2466
f 2465 2448 2466
f 2483 2464 2463
f 2483 2469 2464
f 2483 2467 2469
f 2467 2484 2468
f 2468 2484 2471
f 2471 2484 2472
f 2470 2472 2432
f 2432 2472 2430
f 2430 2480 2431
f 2479 2485 2431
f 2479 2486 2485
f 2487 2485 2486
f 2487 2488 2485
f 2487 2489 2488
f 2488 2489 2490
f 2488 2490 2437
f 2436 2488 2437
f 2436 2438 2454
f 2452 2456 2436
f 2452 2447 2456
f 2452 2444 2447
f 2443 2425 2439
f 2491 2492 2493
f 2492 2494 2493
f 2491 2493 2495
f 2491 2495 2496
f 2497 2498 2499
f 2499 2500 2497
f 2501 2502 2503
f 2504 2502 2501
f 2505 2506 2507
f 2508 2506 2505
f 2509 2505 2507
f 2510 2509 2507
f 2511 2512 2513
f 2512 2511 2514
f 2515 2516 2517
f 2517 2516 2518
f 2519 2520 2521
f 2522 2521 2520
f 2523 2524 2525
f 2526 2527 2525
f 2528 2529 2530
f 2530 2527 2526
f 2531 2532 2533
f 2534 2535 2536
f 2534 2536 2537
f 2538 2539 2540
f 2538 2541 2539
f 2542 2543 2541
f 2544 2545 2546
f 2547 2548 2549
f 2547 2550 2548
f 2551 2552 2544
f 2553 2554 2551
f 2555 2556 2531
f 2557 2558 2559
f 2523 2525 2527
f 2560 2561 2562
f 2523 2563 2524
f 2555 2524 2563
f 2524 2555 2531
f 2531 2556 2532
f 2524 2531 2564
f 2565 2566 2531
f 2545 2558 2567
f 2568 2566 2569
f 2570 2558 2571
f 2572 2573 2534
f 2558 2542 2574
f 2575 2576 2566
f 2577 2537 2536
f 2578 2576 2575
f 2578 2528 2576
f 2576 2528 2530
f 2527 2530 2529
f 2549 2579 2580
f 2531 2581 2565
f 2533 2581 2531
f 2544 2582 2583
f 2515 2517 2584
f 2553 2544 2583
f 2544 2553 2551
f 2550 2551 2554
f 2547 2551 2550
f 2547 2549 2580
f 2585 2579 2549
f 2585 2574 2579
f 2585 2586 2574
f 2574 2586 2571
f 2571 2558 2574
f 2559 2558 2570
f 2558 2557 2567
f 2565 2587 2566
f 2558 2545 2544
f 2582 2544 2546
f 2588 2522 2564
f 2566 2587 2569
f 2542 2589 2543
f 2558 2589 2542
f 2541 2538 2542
f 2540 2539 2572
f 2572 2539 2573
f 2535 2534 2573
f 2566 2568 2575
f 2577 2561 2560
f 2561 2577 2536
f 2576 2560 2566
f 2562 2590 2560
f 2590 2566 2560
f 2564 2591 2588
f 2531 2591 2564
f 2522 2520 2564
f 2519 2521 2592
f 2592 2521 2593
f 2592 2593 2516
f 2516 2593 2518
f 2584 2594 2552
f 2594 2584 2517
f 2595 2552 2594
f 2596 2552 2595
f 2544 2552 2596
f 2597 2598 2599
f 2600 2599 2601
f 2602 2599 2600
f 2597 2599 2602
f 2603 2599 2598
f 2603 2604 2599
f 2604 2605 2599
f 2599 2605 2606
f 2599 2606 2607
f 2608 2609 2599
f 2610 2599 2607
f 2611 2599 2610
f 2611 2612 2599
f 2599 2612 2608
f 2613 2614 2615
f 2616 2617 2618
f 2618 2617 2619
f 2620 2618 2619
f 2616 2618 2614
f 2614 2613 2616
f 2621 2622 2623
f 2622 2621 2624
f 2625 2626 2627
f 2628 2629 2630
f 2628 2630 2631
f 2629 2628 2626
f 2629 2626 2625
f 2632 2633 2634
f 2633 2632 2635
f 2636 2637 2638
f 2639 2640 2641
f 2639 2641 2642
f 2640 2639 2637
f 2640 2637 2636
f 2643 2644 2645
f 2644 2643 2646
f 2647 2648 2649
f 2650 2651 2652
f 2650 2652 2653
f 2651 2650 2648
f 2651 2648 2647
f 2654 2655 2656
f 2655 2654 2657
f 2658 2659 2660
f 2661 2662 2663
f 2659 2662 2661
f 2661 2660 2659
f 2664 2665 2666
f 2667 2668 2669
f 2669 2670 2667
f 2669 2668 2664
f 2666 2669 2664
f 2661 2666 2665
f 2665 2671 2661
f 2672 2673 2665
f 2672 2665 2674
f 2673 2675 2671
f 2671 2660 2661
f 2665 2673 2671
f 2671 2676 2660
f 2677 2678 2679
f 2678 2677 2680
f 2681 2677 2679
f 2676 2677 2681
f 2676 2681 2660
