# Exported from USD: /World/gantry/gantry_home/ur10_flattened/ur10_instanceable/wrist_1_link/ur10_wrist_1/ID239_001
mtllib ID239_001.mtl

g ID239_001
v 4.45260635 -0.08633718 0.22730009
v 4.45193544 -0.08629718 0.22729318
v 4.45121539 -0.08640218 0.22730009
v 4.40947122 -0.13597617 0.22730009
v 4.40958848 -0.13782003 0.22727243
v 4.40964432 -0.13735817 0.22730009
v 4.40934143 -0.13458917 0.22730009
v 4.40926805 -0.13516752 0.22727255
v 4.41012374 -0.14012883 0.22731058
v 4.40986032 -0.13873517 0.22730009
v 4.41068865 -0.14300692 0.22727243
v 4.41114752 -0.14415417 0.22730009
v 4.41076262 -0.14281518 0.22730009
v 4.41041973 -0.14146417 0.22730009
v 4.41157569 -0.14548577 0.22731010
v 4.41254973 -0.14809018 0.22730009
v 4.41236111 -0.14795060 0.22727243
v 4.41309802 -0.14937117 0.22730009
v 4.41204182 -0.14679318 0.22730009
v 4.41367802 -0.15061938 0.22731034
v 4.41431222 -0.15187917 0.22730009
v 4.41453581 -0.15256220 0.22726993
v 4.41497713 -0.15310318 0.22730009
v 4.41579619 -0.15472875 0.22727267
v 4.41568052 -0.15430618 0.22730009
v 4.41642022 -0.15548618 0.22730009
v 4.41719767 -0.15664429 0.22730307
v 4.41712256 -0.15677708 0.22725586
v 4.41800843 -0.15777517 0.22730009
v 4.41862752 -0.15863917 0.22730009
v 4.41885522 -0.15888218 0.22730009
v 4.41973563 -0.15996117 0.22730009
v 4.42064992 -0.16101318 0.22730009
v 4.42009183 -0.16056935 0.22726981
v 4.42164339 -0.16228379 0.22725574
v 4.42159732 -0.16203768 0.22730319
v 4.42332192 -0.16378918 0.22730009
v 4.42257382 -0.16302917 0.22730009
v 4.42461862 -0.16492117 0.22730009
v 4.42358132 -0.16399018 0.22730009
v 4.42496269 -0.16537962 0.22727005
v 4.42677799 -0.16668251 0.22730295
v 4.42568412 -0.16581818 0.22730009
v 4.42904202 -0.16830517 0.22730009
v 4.42789702 -0.16751117 0.22730009
v 4.42838984 -0.16799469 0.22727601
v 4.43021098 -0.16906443 0.22730295
v 4.43186099 -0.17019234 0.22726993
v 4.43261622 -0.17046917 0.22730009
v 4.43140262 -0.16978518 0.22730009
v 4.43510664 -0.17172410 0.22730331
v 4.43385033 -0.17111502 0.22730295
v 4.43531698 -0.17197182 0.22725586
v 4.44045690 -0.17391973 0.22727864
v 4.44296949 -0.17452347 0.22730450
v 4.44162362 -0.17415918 0.22730009
v 4.43637702 -0.17229018 0.22730009
v 4.43731095 -0.17281181 0.22727243
v 4.43766632 -0.17281918 0.22730009
v 4.44029092 -0.17375418 0.22730009
v 4.43897111 -0.17330713 0.22730283
v 4.44565971 -0.17517350 0.22729687
v 4.44432386 -0.17484518 0.22730009
v 4.44568895 -0.17512518 0.22730009
v 4.44706144 -0.17536218 0.22730009
v 4.44982580 -0.17570818 0.22730009
v 4.44844131 -0.17555717 0.22730009
v 4.44840601 -0.17564192 0.22728853
v 4.45260636 -0.17588117 0.22730009
v 4.45121525 -0.17581617 0.22730009
v 4.45203456 -0.17592388 0.22729378
v 4.44238251 -0.17450746 0.22726397
v 4.44603633 -0.17535446 0.22723012
v 4.40925502 -0.13319818 0.22730009
v 4.40910557 -0.13249337 0.22727243
v 4.40921193 -0.13041217 0.22730009
v 4.40921193 -0.13180618 0.22730009
v 4.40910057 -0.12981057 0.22726981
v 4.40926004 -0.12713916 0.22727243
v 4.40925502 -0.12902018 0.22730009
v 4.40934152 -0.12762917 0.22730009
v 4.40947122 -0.12624217 0.22730009
v 4.40964610 -0.12484570 0.22731022
v 4.40986043 -0.12348318 0.22730009
v 4.41004527 -0.12186777 0.22727243
v 4.41011902 -0.12211418 0.22730009
v 4.41041973 -0.12075418 0.22730009
v 4.41076202 -0.11940536 0.22730998
v 4.41114752 -0.11806418 0.22730009
v 4.41142789 -0.11679049 0.22727255
v 4.41157433 -0.11673818 0.22730009
v 4.41204173 -0.11542618 0.22730009
v 4.41254130 -0.11414910 0.22731058
v 4.41336447 -0.11200818 0.22727875
v 4.41309802 -0.11284817 0.22730009
v 4.41368582 -0.11158418 0.22730009
v 4.41431213 -0.11034017 0.22730009
v 4.41495269 -0.10915887 0.22731189
v 4.41568022 -0.10791318 0.22730009
v 4.41574698 -0.10756969 0.22727243
v 4.41642072 -0.10673217 0.22730009
v 4.41719629 -0.10557588 0.22730295
v 4.41862752 -0.10358019 0.22730009
v 4.41710457 -0.10548859 0.22726302
v 4.41800883 -0.10444317 0.22730009
v 4.41885522 -0.10333618 0.22730009
v 4.41973613 -0.10225617 0.22730009
v 4.42064992 -0.10120518 0.22730009
v 4.42003077 -0.10172052 0.22726981
v 4.42159656 -0.10018210 0.22730295
v 4.42160545 -0.09997405 0.22725551
v 4.42322020 -0.09839789 0.22727231
v 4.42257393 -0.09919019 0.22730009
v 4.42358182 -0.09822819 0.22730009
v 4.42461892 -0.09729718 0.22730009
v 4.42568472 -0.09640019 0.22730009
v 4.42488323 -0.09690611 0.22726981
v 4.42677662 -0.09553714 0.22730307
v 4.42829757 -0.09427187 0.22727005
v 4.42658740 -0.09550996 0.22725586
v 4.42789762 -0.09470718 0.22730009
v 4.42904242 -0.09391318 0.22730009
v 4.43021004 -0.09315582 0.22730307
v 4.43176720 -0.09207928 0.22726981
v 4.43004331 -0.09309789 0.22725562
v 4.43140312 -0.09243318 0.22730009
v 4.43261662 -0.09174918 0.22730009
v 4.43384930 -0.09110416 0.22730331
v 4.43510529 -0.09049606 0.22730283
v 4.43489431 -0.09044871 0.22726540
v 4.43766662 -0.08940019 0.22730009
v 4.43969150 -0.08856673 0.22728757
v 4.43639793 -0.08991924 0.22731130
v 4.43897202 -0.08891217 0.22730009
v 4.44029122 -0.08846518 0.22730009
v 4.44162452 -0.08805919 0.22730009
v 4.44217484 -0.08785038 0.22729639
v 4.44296892 -0.08769518 0.22730009
v 4.44432492 -0.08737318 0.22730009
v 4.44638144 -0.08691463 0.22729675
v 4.44568932 -0.08709419 0.22730009
v 4.44706263 -0.08685619 0.22730009
v 4.44823231 -0.08660351 0.22728912
v 4.44844162 -0.08666219 0.22730009
v 4.44982704 -0.08651018 0.22730009
v 4.45400004 -0.08631512 0.22732191
v 4.45183666 -0.08615456 0.22708873
v 4.45053025 -0.08625139 0.22716038
v 4.45264243 -0.08616711 0.22721474
v 4.44489233 -0.08711550 0.22726349
v 4.41852533 -0.10353539 0.22725598
v 4.41064127 -0.11925828 0.22722988
v 4.40954713 -0.12444806 0.22722999
v 4.41141327 -0.14549131 0.22722940
v 4.41855981 -0.15872716 0.22725610
v 4.42326875 -0.16388709 0.22725586
v 4.42663722 -0.16674704 0.22725598
v 4.43009871 -0.16914184 0.22726266
v 4.43358124 -0.17113245 0.22725586
v 4.45399993 -0.17590319 0.22730212
v 4.45399993 -0.17603748 0.22725789
v 4.45036253 -0.08633980 0.22726504
v 4.41334631 -0.15028519 0.22722988
v 4.43865751 -0.17341121 0.22708980
v 4.43871808 -0.17338029 0.22723083
v 4.44763776 -0.08658771 0.22720723
v 4.44363567 -0.08737062 0.22722892
v 4.44205632 -0.08775525 0.22720699
v 4.43700757 -0.08947442 0.22720675
v 4.43353002 -0.09109197 0.22722964
v 4.41230855 -0.11431030 0.22723035
v 4.41325827 -0.11199288 0.22708849
v 4.41448272 -0.10968877 0.22722952
v 4.41002360 -0.14041109 0.22722976
v 4.44367240 -0.17485505 0.22723119
v 4.45266436 -0.17606140 0.22720461
v 4.45051466 -0.17594057 0.22721760
v 4.45399991 -0.08609994 0.22710089
v 4.43868597 -0.08884448 0.22722153
v 4.41712123 -0.10531386 0.22709088
v 4.41575457 -0.10739520 0.22708909
v 4.41000504 -0.12164554 0.22708909
v 4.41221389 -0.14781175 0.22708945
v 4.41867811 -0.15899479 0.22709112
v 4.42311453 -0.16383772 0.22708969
v 4.44051531 -0.08816877 0.22709076
v 4.40952011 -0.12427337 0.22708849
v 4.40918687 -0.12698114 0.22708790
v 4.40901726 -0.12973554 0.22708766
v 4.41325044 -0.15020434 0.22708825
v 4.44863778 -0.17579808 0.22709029
v 4.42828502 -0.16804151 0.22708909
v 4.43020513 -0.16931027 0.22709135
v 4.44032826 -0.17398501 0.22709017
v 4.44533382 -0.08695330 0.22708969
v 4.44732374 -0.08660467 0.22708980
v 4.44363064 -0.08732131 0.22708992
v 4.43870786 -0.08878909 0.22708992
v 4.43595659 -0.08987459 0.22708921
v 4.43353714 -0.09103291 0.22708992
v 4.43186265 -0.09193177 0.22708921
v 4.43005148 -0.09301259 0.22709040
v 4.42832542 -0.09415333 0.22708897
v 4.42658520 -0.09542560 0.22709028
v 4.42491136 -0.09677468 0.22708897
v 4.42313786 -0.09835940 0.22708957
v 4.42159045 -0.09989091 0.22709016
v 4.42000288 -0.10162483 0.22708849
v 4.41850377 -0.10345126 0.22708980
v 4.41444817 -0.10964077 0.22708802
v 4.41221516 -0.11440098 0.22708933
v 4.41136947 -0.11669968 0.22709052
v 4.41063251 -0.11909328 0.22708992
v 4.40901707 -0.13247528 0.22708766
v 4.40918602 -0.13522648 0.22708790
v 4.40951798 -0.13793046 0.22708837
v 4.40999885 -0.14054509 0.22708909
v 4.41058918 -0.14296165 0.22709040
v 4.41131336 -0.14535625 0.22709028
v 4.41443861 -0.15255956 0.22708790
v 4.41573688 -0.15479408 0.22708909
v 4.41703593 -0.15677294 0.22709040
v 4.42000923 -0.16059984 0.22708849
v 4.42155498 -0.16228969 0.22709016
v 4.42487727 -0.16541501 0.22708909
v 4.42654732 -0.16676458 0.22709028
v 4.43184814 -0.17027957 0.22708969
v 4.43348376 -0.17115919 0.22708969
v 4.43522319 -0.17200285 0.22708992
v 4.43694896 -0.17275206 0.22708957
v 4.44191042 -0.17445409 0.22708945
v 4.44358090 -0.17488601 0.22708981
v 4.44599080 -0.17539635 0.22708921
v 4.45399991 -0.17610791 0.22709017
v 4.45159463 -0.17604264 0.22708993
v 4.45172119 -0.17603365 0.22858028
v 4.45528353 -0.17606437 0.22858016
v 4.45271634 -0.17606437 0.22862010
v 4.44990350 -0.17589540 0.22862022
v 4.44828163 -0.17571762 0.22858016
v 4.44715473 -0.17555847 0.22862010
v 4.44551201 -0.17527413 0.22858016
v 4.44442216 -0.17505061 0.22862010
v 4.44277914 -0.17466001 0.22858016
v 4.44109592 -0.17420042 0.22861998
v 4.43938420 -0.17365068 0.22858016
v 4.43712924 -0.17280793 0.22862009
v 4.43620406 -0.17241203 0.22858004
v 4.43388596 -0.17133350 0.22862009
v 4.43300587 -0.17089152 0.22858004
v 4.43140955 -0.16999716 0.22862009
v 4.43000815 -0.16914884 0.22858016
v 4.42849197 -0.16815970 0.22862009
v 4.42706563 -0.16713626 0.22858028
v 4.42514583 -0.16561733 0.22862021
v 4.42383880 -0.16448131 0.22858016
v 4.42252939 -0.16323684 0.22862009
v 4.42138328 -0.16207240 0.22858016
v 4.42060341 -0.16122999 0.22862009
v 4.41952032 -0.15998344 0.22858016
v 4.41880015 -0.15910085 0.22862009
v 4.41779484 -0.15778852 0.22858016
v 4.41713185 -0.15686416 0.22862009
v 4.41620411 -0.15548224 0.22858016
v 4.41525202 -0.15395638 0.22862009
v 4.41476179 -0.15308532 0.22858016
v 4.41328749 -0.15023736 0.22862009
v 4.41346767 -0.15059609 0.22858016
v 4.41233130 -0.14803013 0.22858016
v 4.41168156 -0.14635820 0.22862009
v 4.41135914 -0.14540342 0.22858016
v 4.41044590 -0.14235231 0.22862009
v 4.41055696 -0.14273983 0.22858016
v 4.40991968 -0.14002512 0.22858016
v 4.40970592 -0.13889406 0.22862009
v 4.40945130 -0.13727219 0.22858016
v 4.40930781 -0.13612765 0.22862009
v 4.40915413 -0.13448868 0.22858016
v 4.40908249 -0.13334259 0.22862009
v 4.40902101 -0.13110936 0.22858016
v 4.40903192 -0.13110918 0.22862009
v 4.45627861 -0.17603365 0.22861998
v 4.45809651 -0.17589539 0.22858004
v 4.45971812 -0.17571763 0.22862010
v 4.46084511 -0.17555847 0.22858016
v 4.46248784 -0.17527413 0.22862010
v 4.46357768 -0.17505061 0.22858016
v 4.46522070 -0.17466001 0.22862010
v 4.46690390 -0.17420044 0.22858028
v 4.46861567 -0.17365066 0.22862010
v 4.47087058 -0.17280793 0.22858016
v 4.47179585 -0.17241200 0.22862021
v 4.47499388 -0.17089156 0.22862021
v 4.47411385 -0.17133352 0.22858016
v 4.47659027 -0.16999718 0.22858016
v 4.47799171 -0.16914883 0.22862009
v 4.47950801 -0.16815960 0.22858016
v 4.48093414 -0.16713632 0.22861997
v 4.48285401 -0.16561733 0.22858004
v 4.48359707 -0.16497067 0.22862021
v 4.48547048 -0.16323681 0.22858016
v 4.48563862 -0.16307136 0.22862009
v 4.48806542 -0.16048443 0.22862009
v 4.48739647 -0.16122996 0.22858016
v 4.48919967 -0.15910088 0.22858016
v 4.49020483 -0.15778876 0.22862009
v 4.49086785 -0.15686435 0.22858016
v 4.49179579 -0.15548212 0.22862009
v 4.49274784 -0.15395633 0.22858016
v 4.49323810 -0.15308524 0.22862009
v 4.49453215 -0.15059615 0.22862009
v 4.49471233 -0.15023741 0.22858016
v 4.49566858 -0.14803004 0.22862009
v 4.49631829 -0.14635816 0.22858016
v 4.49664071 -0.14540341 0.22862009
v 4.49744289 -0.14273981 0.22862009
v 4.49755394 -0.14235232 0.22858016
v 4.49808017 -0.14002512 0.22862009
v 4.49829391 -0.13889406 0.22858016
v 4.49854854 -0.13727220 0.22862009
v 4.49869204 -0.13612765 0.22858016
v 4.49884572 -0.13448867 0.22862009
v 4.49891736 -0.13334261 0.22858016
v 4.49897884 -0.13110936 0.22862009
v 4.49896791 -0.13110918 0.22858016
v 4.45311992 -0.17611516 0.22862010
v 4.45487992 -0.17611516 0.23219006
v 4.45132384 -0.17603474 0.23219006
v 4.44964814 -0.17590351 0.22862010
v 4.44853879 -0.17578135 0.23219006
v 4.44689231 -0.17555013 0.22862010
v 4.44515197 -0.17524495 0.23219006
v 4.44340272 -0.17485834 0.22862010
v 4.44107355 -0.17422753 0.23219006
v 4.43938270 -0.17368401 0.22862010
v 4.43772601 -0.17306938 0.23219005
v 4.43618090 -0.17243625 0.22862009
v 4.43514645 -0.17197485 0.23219005
v 4.43365227 -0.17125251 0.22862009
v 4.43206353 -0.17041684 0.23219005
v 4.43051676 -0.16951264 0.22862009
v 4.42848411 -0.16819314 0.23219005
v 4.42703943 -0.16715627 0.22862009
v 4.42564495 -0.16605892 0.23219005
v 4.42436955 -0.16498388 0.22862009
v 4.42305155 -0.16379651 0.23219005
v 4.42180136 -0.16256539 0.22862009
v 4.42057901 -0.16125030 0.23219005
v 4.41949564 -0.16000378 0.22862009
v 4.41836534 -0.15861311 0.23219005
v 4.41777017 -0.15780837 0.22862009
v 4.41631217 -0.15570776 0.23219005
v 4.41576924 -0.15487235 0.22862009
v 4.41452749 -0.15274685 0.23219005
v 4.41406147 -0.15185485 0.22862009
v 4.41285035 -0.14933459 0.22862009
v 4.41267732 -0.14896151 0.23219005
v 4.41153519 -0.14604215 0.22862009
v 4.41140957 -0.14565227 0.23219005
v 4.41059192 -0.14299121 0.23219005
v 4.41033061 -0.14202909 0.22862009
v 4.40980215 -0.13964196 0.23219005
v 4.40950451 -0.13792143 0.22862009
v 4.40927604 -0.13613199 0.23219005
v 4.40912195 -0.13448755 0.22862009
v 4.40905055 -0.13334574 0.23219005
v 4.40898901 -0.13110936 0.22862009
v 4.40899992 -0.13110918 0.23219005
v 4.45667601 -0.17603474 0.22862010
v 4.45835170 -0.17590351 0.23219006
v 4.45946095 -0.17578136 0.22862010
v 4.46110762 -0.17555013 0.23219006
v 4.46284785 -0.17524497 0.22862010
v 4.46459711 -0.17485834 0.23219006
v 4.46692633 -0.17422751 0.22862010
v 4.46861714 -0.17368401 0.23219006
v 4.47027381 -0.17306940 0.22862009
v 4.47181901 -0.17243622 0.23219005
v 4.47285343 -0.17197483 0.22862009
v 4.47434747 -0.17125256 0.23219005
v 4.47593626 -0.17041686 0.22862009
v 4.47748307 -0.16951265 0.23219005
v 4.47951573 -0.16819314 0.22862009
v 4.48096039 -0.16715627 0.23219005
v 4.48235498 -0.16605886 0.22862009
v 4.48363037 -0.16498380 0.23219005
v 4.48494829 -0.16379651 0.22862009
v 4.48619845 -0.16256543 0.23219005
v 4.48742076 -0.16125039 0.22862009
v 4.48850423 -0.16000376 0.23219005
v 4.48963452 -0.15861308 0.22862009
v 4.49022965 -0.15780840 0.23219005
v 4.49168767 -0.15570777 0.22862009
v 4.49223063 -0.15487231 0.23219005
v 4.49347231 -0.15274692 0.22862009
v 4.49393837 -0.15185485 0.23219005
v 4.49532252 -0.14896149 0.22862009
v 4.49514946 -0.14933463 0.23219005
v 4.49646466 -0.14604215 0.23219005
v 4.49659028 -0.14565226 0.22862009
v 4.49766923 -0.14202909 0.23219005
v 4.49740793 -0.14299121 0.22862009
v 4.49819768 -0.13964198 0.22862009
v 4.49849534 -0.13792140 0.23219005
v 4.49872380 -0.13613189 0.22862009
v 4.49887789 -0.13448764 0.23219005
v 4.49894929 -0.13334587 0.22862009
v 4.49901084 -0.13110936 0.23219005
v 4.49899992 -0.13110918 0.22862009
v 4.47547213 -0.16937118 0.33401004
v 4.41540103 -0.10993918 0.31000011
v 4.41430423 -0.11208817 0.31087010
v 4.47968913 -0.16668517 0.33292011
v 4.41939803 -0.10386818 0.30754010
v 4.41794723 -0.10582818 0.30834011
v 4.42097093 -0.10197317 0.30678014
v 4.48355253 -0.16355818 0.33166007
v 4.47322713 -0.17054317 0.33448009
v 4.42631063 -0.09684118 0.30471007
v 4.42443383 -0.09845218 0.30536012
v 4.48702252 -0.16003317 0.33024005
v 4.42265423 -0.10016317 0.30605010
v 4.48534562 -0.16183517 0.33097009
v 4.49136693 -0.15417517 0.32787005
v 4.49259072 -0.15207518 0.32702009
v 4.43253133 -0.09262618 0.30300001
v 4.49003143 -0.15620118 0.32869009
v 4.43035973 -0.09392418 0.30353014
v 4.42828533 -0.09533217 0.30410008
v 4.49466862 -0.14771517 0.32526008
v 4.43707013 -0.09041817 0.30211012
v 4.43476993 -0.09145617 0.30253009
v 4.49369433 -0.14991317 0.32615010
v 4.44434442 -0.08810217 0.30117015
v 4.49731482 -0.13856018 0.32156006
v 4.44686622 -0.08761018 0.30098013
v 4.44185643 -0.08873918 0.30143014
v 4.49551703 -0.14548018 0.32436005
v 4.49624122 -0.14320917 0.32344011
v 4.49787943 -0.13381917 0.31965009
v 4.49796833 -0.13145218 0.31869010
v 4.45450343 -0.08703118 0.30074004
v 4.49766192 -0.13618917 0.32060007
v 4.45194580 -0.08707618 0.30076007
v 4.44940004 -0.08726918 0.30084006
v 4.49746602 -0.12436418 0.31583015
v 4.45964433 -0.08739218 0.30089013
v 4.49776122 -0.12672418 0.31678013
v 4.49792862 -0.12908717 0.31773011
v 4.46469492 -0.08834917 0.30127005
v 4.49704113 -0.12200817 0.31487004
v 4.49501212 -0.11514517 0.31210009
v 4.47191212 -0.09084218 0.30228010
v 4.47636423 -0.09314018 0.30321006
v 4.47417412 -0.09192918 0.30272011
v 4.49409163 -0.11294318 0.31121007
v 4.49057962 -0.10660117 0.30865005
v 4.49187782 -0.10866817 0.30948011
v 4.49304802 -0.11078418 0.31034008
v 4.47848292 -0.09447518 0.30375007
v 4.48247442 -0.09749418 0.30497006
v 4.48052903 -0.09593318 0.30434004
v 4.48430882 -0.09914417 0.30564014
v 4.48917032 -0.10460917 0.30784014
v 4.48765572 -0.10270218 0.30707005
v 4.48603532 -0.10088019 0.30634013
v 4.49581133 -0.11739018 0.31301013
v 4.46957763 -0.08988018 0.30189005
v 4.46716903 -0.08904717 0.30156008
v 4.49648812 -0.11967718 0.31393007
v 4.46218592 -0.08779718 0.30105011
v 4.45707306 -0.08713617 0.30078010
v 4.49684073 -0.14090217 0.32251004
v 4.43943203 -0.08951218 0.30174009
v 4.48858382 -0.15815417 0.32948009
v 4.48166473 -0.16517617 0.33231012
v 4.47762533 -0.16808416 0.33349005
v 4.41661543 -0.10785217 0.30915014
v 4.41332503 -0.11429917 0.31176011
v 4.41247083 -0.11655318 0.31267016
v 4.47090753 -0.17159018 0.33491007
v 4.46612233 -0.17326617 0.33558015
v 4.46853913 -0.17249717 0.33527009
v 4.41115003 -0.12113617 0.31452005
v 4.41174633 -0.11883218 0.31359009
v 4.41068064 -0.12346418 0.31546013
v 4.46365687 -0.17389717 0.33584015
v 4.46114217 -0.17438617 0.33604007
v 4.41033703 -0.12581618 0.31641011
v 4.41011964 -0.12819318 0.31737010
v 4.45858544 -0.17473017 0.33618013
v 4.45602724 -0.17492317 0.33625011
v 4.45347342 -0.17496717 0.33627014
v 4.41003124 -0.13058417 0.31834011
v 4.41007324 -0.13296118 0.31930010
v 4.45092390 -0.17486317 0.33623009
v 4.41024283 -0.13532417 0.32025007
v 4.44837877 -0.17461017 0.33613006
v 4.44583814 -0.17420617 0.33596007
v 4.41053923 -0.13767318 0.32120005
v 4.41219653 -0.14463217 0.32401005
v 4.41096223 -0.14000718 0.32215015
v 4.41151354 -0.14232717 0.32308010
v 4.44332833 -0.17365617 0.33574013
v 4.43848793 -0.17214317 0.33513013
v 4.44087863 -0.17296717 0.33546011
v 4.41614393 -0.15336717 0.32754008
v 4.41393284 -0.14911018 0.32582013
v 4.41497863 -0.15126618 0.32669012
v 4.42953103 -0.16753316 0.33327011
v 4.43166333 -0.16887416 0.33381013
v 4.41743004 -0.15541317 0.32837013
v 4.41883853 -0.15740117 0.32917015
v 4.42200753 -0.16116417 0.33069007
v 4.42037103 -0.15932817 0.32995013
v 4.42374143 -0.16290316 0.33140008
v 4.42750143 -0.16608917 0.33268015
v 4.42557213 -0.16454517 0.33206014
v 4.43388023 -0.17009717 0.33430008
v 4.43615523 -0.17118617 0.33474008
v 4.41300543 -0.14689817 0.32493011
v 4.41312690 -0.11428271 0.31167440
v 4.41408962 -0.11203843 0.31073014
v 4.41304000 -0.11428828 0.31148116
v 4.41155030 -0.11885708 0.31353705
v 4.41227424 -0.11651843 0.31256799
v 4.41143244 -0.11891567 0.31334416
v 4.41096979 -0.12114676 0.31447641
v 4.41086602 -0.12111061 0.31422619
v 4.41017800 -0.12593457 0.31642334
v 4.40984703 -0.12824352 0.31721048
v 4.40995560 -0.12821839 0.31733839
v 4.41045418 -0.12347091 0.31536393
v 4.41006723 -0.12584605 0.31624596
v 4.41001226 -0.13541203 0.32017605
v 4.41023736 -0.13787089 0.32094459
v 4.41030565 -0.13774145 0.32111422
v 4.41064837 -0.14015604 0.32186715
v 4.41077856 -0.14009079 0.32211212
v 4.41136452 -0.14239518 0.32307033
v 4.41124896 -0.14245173 0.32294921
v 4.41585276 -0.15360164 0.32725886
v 4.41594085 -0.15351961 0.32749514
v 4.41480532 -0.15145022 0.32666818
v 4.42190271 -0.16139772 0.33070008
v 4.42013797 -0.15958511 0.32980994
v 4.42176683 -0.16144653 0.33048026
v 4.42372287 -0.16342442 0.33120481
v 4.42359088 -0.16313161 0.33136157
v 4.42025943 -0.15949353 0.32995836
v 4.41861657 -0.15762075 0.32907192
v 4.43848788 -0.17214311 0.33513025
v 4.43615564 -0.17118625 0.33474044
v 4.43846919 -0.17232851 0.33515636
v 4.42735585 -0.16627920 0.33266453
v 4.42540422 -0.16476843 0.33201126
v 4.42731015 -0.16639604 0.33253197
v 4.42938358 -0.16781724 0.33319751
v 4.43147648 -0.16920414 0.33363048
v 4.43158246 -0.16908384 0.33381669
v 4.44075999 -0.17334634 0.33526556
v 4.43749876 -0.17220381 0.33472232
v 4.44053333 -0.17327912 0.33515839
v 4.43455533 -0.17088417 0.33419005
v 4.43599473 -0.17156429 0.33446054
v 4.43371590 -0.17043791 0.33413831
v 4.44430835 -0.17430917 0.33557014
v 4.44577721 -0.17463882 0.33569305
v 4.44309924 -0.17402398 0.33545534
v 4.42250027 -0.10007616 0.30594305
v 4.42077968 -0.10186438 0.30658035
v 4.42080771 -0.10199396 0.30676274
v 4.44429825 -0.08799651 0.30110470
v 4.44681579 -0.08747701 0.30086724
v 4.44433303 -0.08788771 0.30088989
v 4.44181637 -0.08862684 0.30135826
v 4.44190071 -0.08851562 0.30114035
v 4.45711446 -0.08697643 0.30064289
v 4.45484315 -0.08682870 0.30046634
v 4.45451832 -0.08690656 0.30065111
v 4.44676263 -0.08742941 0.30070690
v 4.44936522 -0.08710816 0.30068890
v 4.45964445 -0.08738857 0.30089823
v 4.46222400 -0.08764600 0.30092505
v 4.45967668 -0.08723896 0.30074982
v 4.46218609 -0.08779594 0.30105297
v 4.45997045 -0.08723083 0.30062882
v 4.46224202 -0.08761122 0.30078033
v 4.45739540 -0.08695279 0.30051915
v 4.45707353 -0.08713343 0.30078665
v 4.45450315 -0.08703011 0.30074255
v 4.45177055 -0.08687624 0.30048827
v 4.45190049 -0.08695234 0.30068044
v 4.44898759 -0.08711576 0.30058066
v 4.44936057 -0.08726871 0.30084900
v 4.45194521 -0.08707526 0.30076233
v 4.44686977 -0.08760905 0.30098061
v 4.43911372 -0.08941501 0.30150119
v 4.44074403 -0.08887217 0.30128006
v 4.44434486 -0.08810173 0.30117098
v 4.44185607 -0.08873926 0.30143026
v 4.43933874 -0.08938044 0.30162934
v 4.43943076 -0.08951124 0.30174331
v 4.43677445 -0.09032148 0.30186705
v 4.43697583 -0.09029740 0.30200712
v 4.43706978 -0.09041701 0.30211310
v 4.43457091 -0.09130950 0.30226199
v 4.43467856 -0.09134887 0.30244855
v 4.43251449 -0.09239955 0.30270068
v 4.43241633 -0.09250235 0.30288510
v 4.43476953 -0.09145633 0.30253033
v 4.43253001 -0.09262560 0.30300311
v 4.43038769 -0.09365606 0.30320768
v 4.43021015 -0.09385424 0.30346255
v 4.42823638 -0.09508447 0.30377464
v 4.42814999 -0.09525233 0.30402557
v 4.43035895 -0.09392350 0.30353276
v 4.42828517 -0.09533114 0.30410246
v 4.42079875 -0.10179144 0.30646853
v 4.42277439 -0.09970843 0.30563037
v 4.42598926 -0.09681057 0.30447344
v 4.42616317 -0.09677323 0.30463795
v 4.41886067 -0.10416211 0.30742328
v 4.42426323 -0.09830904 0.30507378
v 4.42427676 -0.09838631 0.30528013
v 4.42443372 -0.09845113 0.30536215
v 4.42630930 -0.09684106 0.30471281
v 4.42265217 -0.10016146 0.30605726
v 4.42097312 -0.10197046 0.30677978
v 4.41919894 -0.10383988 0.30747466
v 4.41775299 -0.10576938 0.30822496
v 4.41768938 -0.10577957 0.30806665
v 4.41938032 -0.10388907 0.30755441
v 4.41796666 -0.10579781 0.30833523
v 4.41640922 -0.10780335 0.30903665
v 4.41668541 -0.10726898 0.30866472
v 4.41656640 -0.10792467 0.30919866
v 4.41512975 -0.10988874 0.30971436
v 4.41520926 -0.10993817 0.30994980
v 4.41390769 -0.11232602 0.31069748
v 4.41420504 -0.11204171 0.31083040
v 4.41540139 -0.10993909 0.30999915
v 4.41332215 -0.11430199 0.31176619
v 4.41430423 -0.11208817 0.31087010
v 4.41214389 -0.11665201 0.31242983
v 4.41248915 -0.11649245 0.31265919
v 4.41174632 -0.11883023 0.31360046
v 4.41114997 -0.12113600 0.31452326
v 4.41044223 -0.12315063 0.31503849
v 4.41067924 -0.12346941 0.31547372
v 4.41000496 -0.12608911 0.31621508
v 4.41033695 -0.12581597 0.31641309
v 4.40980325 -0.12845285 0.31716542
v 4.41011952 -0.12819257 0.31737606
v 4.40972487 -0.13066284 0.31805222
v 4.40982303 -0.13065644 0.31829660
v 4.41003115 -0.13058458 0.31834368
v 4.40975929 -0.13290014 0.31895237
v 4.40986332 -0.13305760 0.31926040
v 4.41007309 -0.13296082 0.31930558
v 4.40993550 -0.13548654 0.31998722
v 4.41027759 -0.13658462 0.32075266
v 4.41024283 -0.13532417 0.32025007
v 4.41053923 -0.13767318 0.32120005
v 4.41096203 -0.14000661 0.32215397
v 4.41120320 -0.14247460 0.32278935
v 4.41151250 -0.14232285 0.32307963
v 4.41194277 -0.14495980 0.32378904
v 4.41196279 -0.14478324 0.32393698
v 4.41209624 -0.14471909 0.32402651
v 4.41220770 -0.14466376 0.32403115
v 4.41271113 -0.14709858 0.32465164
v 4.41280478 -0.14705325 0.32489649
v 4.41299863 -0.14687944 0.32492737
v 4.41362140 -0.14928038 0.32552246
v 4.41370792 -0.14923514 0.32575933
v 4.41393676 -0.14911047 0.32583729
v 4.41470974 -0.15152933 0.32642869
v 4.41498251 -0.15126652 0.32670657
v 4.41850588 -0.15757637 0.32885806
v 4.41934255 -0.15867067 0.32929949
v 4.41614677 -0.15336540 0.32755570
v 4.42088175 -0.16050338 0.33002893
v 4.41717170 -0.15568868 0.32809810
v 4.41718615 -0.15559684 0.32825760
v 4.41732301 -0.15552858 0.32838098
v 4.41870041 -0.15750926 0.32916478
v 4.41743074 -0.15541283 0.32837359
v 4.41884010 -0.15740085 0.32917670
v 4.42037224 -0.15932736 0.32995657
v 4.42274564 -0.16246518 0.33082012
v 4.42202730 -0.16118405 0.33070509
v 4.42376748 -0.16306295 0.33144514
v 4.42374925 -0.16291108 0.33140020
v 4.42545535 -0.16496270 0.33181862
v 4.42549747 -0.16462422 0.33207456
v 4.42750621 -0.16658243 0.33247034
v 4.43228915 -0.16970692 0.33372418
v 4.42750105 -0.16608663 0.33268789
v 4.42557213 -0.16454517 0.33206014
v 4.42977338 -0.16818463 0.33310382
v 4.42951918 -0.16770931 0.33329980
v 4.42953204 -0.16753290 0.33327357
v 4.43166342 -0.16887363 0.33381228
v 4.43376327 -0.17035169 0.33426813
v 4.43388763 -0.17023715 0.33433894
v 4.43603968 -0.17148713 0.33468238
v 4.43613322 -0.17131957 0.33476953
v 4.43388023 -0.17009717 0.33430008
v 4.43836423 -0.17249104 0.33500377
v 4.44081915 -0.17325180 0.33543162
v 4.44084946 -0.17307593 0.33548395
v 4.44325364 -0.17399026 0.33565931
v 4.44337655 -0.17382332 0.33577398
v 4.44583855 -0.17420055 0.33597199
v 4.44332833 -0.17365617 0.33574013
v 4.44087848 -0.17296707 0.33546023
v 4.44579490 -0.17443443 0.33596508
v 4.49579118 -0.14564646 0.32420007
v 4.49569326 -0.14547422 0.32431273
v 4.49491570 -0.14783151 0.32517759
v 4.48065406 -0.09581045 0.30421249
v 4.48052883 -0.09592805 0.30434981
v 4.48254332 -0.09738224 0.30488912
v 4.47848424 -0.09447112 0.30376032
v 4.47858622 -0.09434843 0.30363110
v 4.47646717 -0.09301915 0.30310050
v 4.47417380 -0.09192438 0.30273000
v 4.47636498 -0.09313744 0.30321697
v 4.49101541 -0.10680940 0.30847899
v 4.49068424 -0.10649232 0.30857006
v 4.49204312 -0.10859771 0.30938295
v 4.49600042 -0.11734180 0.31290702
v 4.49668500 -0.11964818 0.31384734
v 4.49607696 -0.11731873 0.31270245
v 4.49788994 -0.13624356 0.32052008
v 4.49815388 -0.13389408 0.31949298
v 4.49801699 -0.13376813 0.31959752
v 4.49028061 -0.15641778 0.32855121
v 4.49023048 -0.15620921 0.32865087
v 4.48879351 -0.15836122 0.32940737
v 4.49156507 -0.15424926 0.32783846
v 4.49158716 -0.15451967 0.32762853
v 4.46371554 -0.17415956 0.33581952
v 4.46120167 -0.17474482 0.33593551
v 4.46371632 -0.17427850 0.33568839
v 4.47336937 -0.17084080 0.33440582
v 4.47561977 -0.16973217 0.33381395
v 4.47561557 -0.16961568 0.33396606
v 4.45343221 -0.17533644 0.33616070
v 4.45087889 -0.17525052 0.33607034
v 4.45185980 -0.17534189 0.33598308
v 4.44723841 -0.17486117 0.33579008
v 4.44936291 -0.17515798 0.33590810
v 4.44833750 -0.17497076 0.33603125
v 4.44577823 -0.17457328 0.33583956
v 4.44578102 -0.17461827 0.33569055
v 4.45473035 -0.17539055 0.33600489
v 4.45600740 -0.17532018 0.33608251
v 4.44579991 -0.17440240 0.33597772
v 4.44845478 -0.17475209 0.33616165
v 4.44583829 -0.17420481 0.33596592
v 4.45097582 -0.17508111 0.33624820
v 4.45603757 -0.17517510 0.33624964
v 4.45864062 -0.17509618 0.33605843
v 4.45862097 -0.17494482 0.33618407
v 4.46864448 -0.17286281 0.33512477
v 4.46866818 -0.17268234 0.33527617
v 4.46620523 -0.17359062 0.33550743
v 4.48185164 -0.16551064 0.33211688
v 4.48185282 -0.16534953 0.33227948
v 4.47985059 -0.16700505 0.33280937
v 4.48351604 -0.16412996 0.33148305
v 4.48373525 -0.16372325 0.33163158
v 4.48546235 -0.16227530 0.33073799
v 4.48555253 -0.16202900 0.33089916
v 4.49651306 -0.14335618 0.32329730
v 4.49714249 -0.14109569 0.32223932
v 4.49708148 -0.14096413 0.32241348
v 4.49760352 -0.13882834 0.32132630
v 4.49754806 -0.13861427 0.32147340
v 4.49723210 -0.12201955 0.31481532
v 4.49773506 -0.12439651 0.31566016
v 4.49740975 -0.12235772 0.31471733
v 4.49808741 -0.12906975 0.31768361
v 4.49820910 -0.13151176 0.31859127
v 4.49820338 -0.12914858 0.31757168
v 4.49762131 -0.12434032 0.31577364
v 4.49795910 -0.12670698 0.31670884
v 4.49216286 -0.10865704 0.30922285
v 4.49321341 -0.11071406 0.31024841
v 4.48440288 -0.09902375 0.30554215
v 4.48283884 -0.09750302 0.30475024
v 4.46718695 -0.08890081 0.30145124
v 4.46964318 -0.08975195 0.30178646
v 4.46959539 -0.08966796 0.30160193
v 4.46489121 -0.08818693 0.30101005
v 4.46371113 -0.08791917 0.30090014
v 4.46224337 -0.08760657 0.30078069
v 4.44837877 -0.17461017 0.33613006
v 4.45092375 -0.17486309 0.33623044
v 4.46245104 -0.17458444 0.33567218
v 4.45349894 -0.17511423 0.33629529
v 4.45780299 -0.17523619 0.33593993
v 4.45608098 -0.17491585 0.33626310
v 4.45347342 -0.17496717 0.33627014
v 4.45997335 -0.17497717 0.33584015
v 4.46622138 -0.17366783 0.33530598
v 4.46439173 -0.17414617 0.33550005
v 4.45858369 -0.17472927 0.33618491
v 4.46117700 -0.17452376 0.33606307
v 4.46362011 -0.17390136 0.33585529
v 4.46114222 -0.17438608 0.33604031
v 4.46617599 -0.17344074 0.33559708
v 4.46866179 -0.17288987 0.33500020
v 4.47333072 -0.17094741 0.33421318
v 4.47455685 -0.17033892 0.33397226
v 4.46614179 -0.17325834 0.33558396
v 4.47781022 -0.16844449 0.33321361
v 4.47914633 -0.16754717 0.33286015
v 4.47105935 -0.17196487 0.33463029
v 4.47104063 -0.17189754 0.33481900
v 4.47096396 -0.17177999 0.33491377
v 4.47090750 -0.17158910 0.33491413
v 4.46853945 -0.17249699 0.33527033
v 4.47334631 -0.17065032 0.33449058
v 4.47669043 -0.16912517 0.33349005
v 4.48075415 -0.16639187 0.33239690
v 4.47547224 -0.16936598 0.33402924
v 4.47322739 -0.17054300 0.33448021
v 4.47780345 -0.16836064 0.33339695
v 4.47776136 -0.16823715 0.33348076
v 4.47762495 -0.16808321 0.33349423
v 4.47981054 -0.16679042 0.33293180
v 4.48629909 -0.16140557 0.33039276
v 4.48723872 -0.16036799 0.32997398
v 4.48166432 -0.16517443 0.33231680
v 4.47968869 -0.16668542 0.33292035
v 4.48356937 -0.16354198 0.33165936
v 4.48547661 -0.16184685 0.33095626
v 4.48722693 -0.16022675 0.33017317
v 4.48714224 -0.16005384 0.33023099
v 4.48534562 -0.16183517 0.33097009
v 4.48702245 -0.16003338 0.33023743
v 4.49234024 -0.15326407 0.32713131
v 4.49296194 -0.15215930 0.32667402
v 4.48873317 -0.15856729 0.32925574
v 4.48871950 -0.15815004 0.32946257
v 4.49018696 -0.15662659 0.32847027
v 4.48858372 -0.15815439 0.32947830
v 4.49488218 -0.14811444 0.32505206
v 4.49584437 -0.14558163 0.32403664
v 4.49003153 -0.15620101 0.32869021
v 4.49664833 -0.14300064 0.32300095
v 4.49283285 -0.15226255 0.32691018
v 4.49272840 -0.15217929 0.32701687
v 4.49261133 -0.15203474 0.32701484
v 4.49136643 -0.15417593 0.32787053
v 4.49392333 -0.15025403 0.32591931
v 4.49393941 -0.15003779 0.32605747
v 4.49369497 -0.14991210 0.32616536
v 4.49466982 -0.14771213 0.32526926
v 4.49638257 -0.14321963 0.32341663
v 4.49551701 -0.14548022 0.32436041
v 4.49696454 -0.14089347 0.32248084
v 4.49624133 -0.14320875 0.32344119
v 4.49761821 -0.13736694 0.32106737
v 4.49684065 -0.14090242 0.32251243
v 4.49799363 -0.13613104 0.32024793
v 4.49731484 -0.13856009 0.32156030
v 4.49821224 -0.13346299 0.31917969
v 4.49766204 -0.13618843 0.32059983
v 4.49827278 -0.13154023 0.31841186
v 4.49796867 -0.13145428 0.31870822
v 4.49787997 -0.13380551 0.31964139
v 4.49825278 -0.12957994 0.31761876
v 4.49808207 -0.12695419 0.31656328
v 4.49792861 -0.12908643 0.31773320
v 4.49780999 -0.12472097 0.31567446
v 4.49746608 -0.12436443 0.31583015
v 4.49776015 -0.12670844 0.31677715
v 4.49704116 -0.12200765 0.31487659
v 4.49668785 -0.11934854 0.31351284
v 4.49648186 -0.11965014 0.31392518
v 4.49581825 -0.11740864 0.31302241
v 4.49528596 -0.11512076 0.31181423
v 4.49521936 -0.11509321 0.31198052
v 4.49501244 -0.11514465 0.31211356
v 4.49426221 -0.11285611 0.31110779
v 4.49426582 -0.11269421 0.31084303
v 4.49328829 -0.11068792 0.31004206
v 4.49305312 -0.11079321 0.31034592
v 4.49408308 -0.11292235 0.31120650
v 4.49184797 -0.10861304 0.30947116
v 4.48964416 -0.10483503 0.30768899
v 4.48932749 -0.10451798 0.30773274
v 4.48916950 -0.10460744 0.30784873
v 4.49057930 -0.10660067 0.30864969
v 4.48766125 -0.10233077 0.30668334
v 4.48777794 -0.10259962 0.30698279
v 4.48626737 -0.10079552 0.30606893
v 4.48617693 -0.10077776 0.30622378
v 4.48603732 -0.10087896 0.30634669
v 4.48764098 -0.10268336 0.30706731
v 4.48468069 -0.09918142 0.30542258
v 4.48430960 -0.09914407 0.30564204
v 4.48039949 -0.09554684 0.30396370
v 4.48247385 -0.09749361 0.30497006
v 4.47863396 -0.09432244 0.30347709
v 4.47679776 -0.09314245 0.30300275
v 4.46730325 -0.08887277 0.30129043
v 4.47417729 -0.09168334 0.30241112
v 4.47424913 -0.09179990 0.30261139
v 4.47190457 -0.09061192 0.30198053
v 4.47200142 -0.09072034 0.30217568
v 4.47191380 -0.09083841 0.30229036
v 4.46957755 -0.08987577 0.30189995
v 4.46716963 -0.08904662 0.30156199
v 4.46472636 -0.08822320 0.30118040
v 4.46469433 -0.08834569 0.30127791
v 4.46221798 -0.08766725 0.30095450
v 4.46218604 -0.08779631 0.30105213
v 4.45399993 -0.18210917 0.33118014
v 4.45569977 -0.18202637 0.33117001
v 4.45565059 -0.18169608 0.33117000
v 4.45408014 -0.18040888 0.33120005
v 4.45375326 -0.18042638 0.33120004
v 4.45541324 -0.18116517 0.33118014
v 4.45526471 -0.18097115 0.33117894
v 4.45342625 -0.18050752 0.33119504
v 4.45440874 -0.18045640 0.33120100
v 4.45262964 -0.18109968 0.33118098
v 4.45246085 -0.18138045 0.33116906
v 4.45285640 -0.18084873 0.33118503
v 4.45312075 -0.18065315 0.33119004
v 4.45234778 -0.18169836 0.33117001
v 4.45229982 -0.18202400 0.33117001
v 4.45231649 -0.18235791 0.33117000
v 4.45239752 -0.18268127 0.33117001
v 4.45487487 -0.18064957 0.33119003
v 4.45465101 -0.18053817 0.33119015
v 4.45250094 -0.18291017 0.33117013
v 4.45507853 -0.18079517 0.33119015
v 4.45279781 -0.18331117 0.33118014
v 4.45298815 -0.18347814 0.33119098
v 4.45553968 -0.18138574 0.33116906
v 4.45263232 -0.18312163 0.33118098
v 4.45326662 -0.18364586 0.33118896
v 4.45350605 -0.18373717 0.33120005
v 4.45375684 -0.18379468 0.33120004
v 4.45425040 -0.18379251 0.33120004
v 4.45399968 -0.18381017 0.33120005
v 4.45457384 -0.18371048 0.33119504
v 4.45487867 -0.18356669 0.33119003
v 4.45514372 -0.18336913 0.33118503
v 4.45536601 -0.18312496 0.33118097
v 4.45549974 -0.18291117 0.33117013
v 4.45560317 -0.18268279 0.33117000
v 4.45568411 -0.18235830 0.33117000
v 4.45250047 -0.08683818 0.29886011
v 4.45399993 -0.08684118 0.30047015
v 4.45399993 -0.08681318 0.29885010
v 4.44804720 -0.08724218 0.30063013
v 4.44952934 -0.08706718 0.30056004
v 4.44700870 -0.08735927 0.29907839
v 4.45100368 -0.08691418 0.29889015
v 4.45101552 -0.08694118 0.30051009
v 4.45250572 -0.08686618 0.30048005
v 4.44509530 -0.08774618 0.30083004
v 4.44361623 -0.08804717 0.29935006
v 4.44362703 -0.08807317 0.30096010
v 4.44507412 -0.08772118 0.29922013
v 4.44656911 -0.08746917 0.30072013
v 4.43752500 -0.08998520 0.30014543
v 4.43933543 -0.08934018 0.30147008
v 4.43933193 -0.08931218 0.29987005
v 4.43523603 -0.09101417 0.30214004
v 4.43325935 -0.09196238 0.30095212
v 4.43391133 -0.09166118 0.30240015
v 4.43131473 -0.09306317 0.30139009
v 4.43260753 -0.09235318 0.30268006
v 4.42729716 -0.09579069 0.30405800
v 4.42639670 -0.09645669 0.30277459
v 4.42482824 -0.09780280 0.30487101
v 4.42884883 -0.09467917 0.30361013
v 4.42766253 -0.09549318 0.30238013
v 4.42151561 -0.10102668 0.30615668
v 4.42028433 -0.10238018 0.30518011
v 4.42028613 -0.10241918 0.30672006
v 4.41329069 -0.11367870 0.31123654
v 4.41442490 -0.11120140 0.30876855
v 4.41340005 -0.11338573 0.30965857
v 4.41004230 -0.12575080 0.31608204
v 4.41050212 -0.12272068 0.31345658
v 4.41002295 -0.12578394 0.31470482
v 4.41116075 -0.11988782 0.31373636
v 4.41057444 -0.12250618 0.31478004
v 4.40972623 -0.13157771 0.31841926
v 4.40978492 -0.12881609 0.31731145
v 4.40970714 -0.13074818 0.31672005
v 4.41003637 -0.13655115 0.31908445
v 4.40981823 -0.13401657 0.31940262
v 4.40986934 -0.13491117 0.31841008
v 4.40971889 -0.13240563 0.31739883
v 4.41066949 -0.14021320 0.32188908
v 4.41013721 -0.13714070 0.32065074
v 4.41046867 -0.13932104 0.32021074
v 4.41114614 -0.14233234 0.32142834
v 4.41205941 -0.14539788 0.32268302
v 4.41124088 -0.14260025 0.32284133
v 4.41301311 -0.14785529 0.32495538
v 4.41213539 -0.14552248 0.32401673
v 4.41332077 -0.14864656 0.32399909
v 4.41431440 -0.15074392 0.32611207
v 4.41470496 -0.15156309 0.32518891
v 4.41544482 -0.15288021 0.32697252
v 4.41587344 -0.15366549 0.32604162
v 4.41751473 -0.15621158 0.32830910
v 4.41896588 -0.15821487 0.32789652
v 4.41934284 -0.15866522 0.32929532
v 4.42073593 -0.16035717 0.32877008
v 4.42077874 -0.16037317 0.32998006
v 4.42215205 -0.16190063 0.32939510
v 4.42266675 -0.16239691 0.33078984
v 4.42377823 -0.16346217 0.33122007
v 4.42374133 -0.16345518 0.33003012
v 4.42533925 -0.16488687 0.33060578
v 4.42585969 -0.16529736 0.33195404
v 4.42738011 -0.16651786 0.33127121
v 4.42977235 -0.16819571 0.33195297
v 4.43006240 -0.16835915 0.33317582
v 4.42744059 -0.16654104 0.33245305
v 4.43194413 -0.16949717 0.33364014
v 4.43192533 -0.16950918 0.33249013
v 4.43357583 -0.17041849 0.33285896
v 4.43418356 -0.17070608 0.33411781
v 4.43700841 -0.17199886 0.33464245
v 4.43610606 -0.17163390 0.33335511
v 4.43899430 -0.17278889 0.33381895
v 4.43962713 -0.17299075 0.33503894
v 4.44142923 -0.17358117 0.33415012
v 4.44142223 -0.17355917 0.33527009
v 4.44286563 -0.17398017 0.33431010
v 4.44285513 -0.17395717 0.33543007
v 4.44496998 -0.17445894 0.33562903
v 4.44431665 -0.17433117 0.33445005
v 4.44669291 -0.17480286 0.33464054
v 4.44798950 -0.17497690 0.33583681
v 4.44851522 -0.17506117 0.33475010
v 4.45025623 -0.17524918 0.33482412
v 4.45004845 -0.17520417 0.33593016
v 4.45180151 -0.17533552 0.33597939
v 4.45262687 -0.17538117 0.33488015
v 4.45399993 -0.17540217 0.33489005
v 4.45399993 -0.17538217 0.33600001
v 4.41521049 -0.10975839 0.30966143
v 4.41731068 -0.15593547 0.32696847
v 4.40978096 -0.12846022 0.31579141
v 4.41133186 -0.11915557 0.31200986
v 4.41206846 -0.11689628 0.31252758
v 4.41235936 -0.11599221 0.31072085
v 4.41597271 -0.10838362 0.30762748
v 4.41712230 -0.10660965 0.30839602
v 4.41612693 -0.10818818 0.30904011
v 4.41727153 -0.10633997 0.30679218
v 4.41894809 -0.10401777 0.30584733
v 4.41865049 -0.10445111 0.30753760
v 4.42211894 -0.10034754 0.30435924
v 4.42324923 -0.09926317 0.30545012
v 4.42422857 -0.09830099 0.30352203
v 4.42948032 -0.09421139 0.30186478
v 4.43059341 -0.09352853 0.30315677
v 4.43698170 -0.09023618 0.30183164
v 4.43521713 -0.09099218 0.30055014
v 4.44074403 -0.08887217 0.30128006
v 4.44119635 -0.08869478 0.29962234
v 4.44217673 -0.08844918 0.30111007
v 4.44951027 -0.08704118 0.29894010
v 4.45399993 -0.08681318 0.29885010
v 4.45399993 -0.08684118 0.30047015
v 4.45576903 -0.08684302 0.29886548
v 4.49389323 -0.15030517 0.32594005
v 4.49421843 -0.14967831 0.32442609
v 4.49470421 -0.14853077 0.32521979
v 4.49545540 -0.14672076 0.32321827
v 4.49816510 -0.13453037 0.31826154
v 4.49795470 -0.13643359 0.32037071
v 4.49782098 -0.13758849 0.31950084
v 4.49816172 -0.13420317 0.31948010
v 4.49562422 -0.14620229 0.32428722
v 4.49635628 -0.14408127 0.32214383
v 4.49650235 -0.14351781 0.32321016
v 4.49314710 -0.15184192 0.32530181
v 4.49270271 -0.15262058 0.32686559
v 4.49151365 -0.15466928 0.32645337
v 4.49145908 -0.15471474 0.32770781
v 4.49735255 -0.14015570 0.32185928
v 4.49727939 -0.14059661 0.32072548
v 4.48992514 -0.15702686 0.32741419
v 4.49032113 -0.15642317 0.32839004
v 4.48868954 -0.15862816 0.32927910
v 4.48790477 -0.15963351 0.32847492
v 4.49826023 -0.13218222 0.31866673
v 4.48721052 -0.16039374 0.32998721
v 4.48577872 -0.16196317 0.32942013
v 4.49828266 -0.13218392 0.31730393
v 4.48531888 -0.16240925 0.33079306
v 4.48427345 -0.16344927 0.33001951
v 4.48369873 -0.16394218 0.33141009
v 4.48185112 -0.16556059 0.33088390
v 4.48199385 -0.16541479 0.33199648
v 4.48000229 -0.16697301 0.33145992
v 4.48032903 -0.16670217 0.33252005
v 4.47914633 -0.16754717 0.33286015
v 4.47757982 -0.16861076 0.33212141
v 4.47703918 -0.16892088 0.33340780
v 4.47505147 -0.17008571 0.33272092
v 4.47448101 -0.17036635 0.33398525
v 4.47277943 -0.17122417 0.33319012
v 4.47165552 -0.17171587 0.33453051
v 4.47048017 -0.17223077 0.33359353
v 4.49824791 -0.12960634 0.31763164
v 4.46890378 -0.17280523 0.33496658
v 4.46866523 -0.17290317 0.33387009
v 4.46725393 -0.17337217 0.33406011
v 4.46543212 -0.17390724 0.33427445
v 4.46622590 -0.17366726 0.33530633
v 4.46439173 -0.17414617 0.33550005
v 4.46292407 -0.17449317 0.33452014
v 4.46145481 -0.17477017 0.33463006
v 4.46248711 -0.17457081 0.33566730
v 4.45997593 -0.17499617 0.33472005
v 4.45997335 -0.17497717 0.33584015
v 4.45808666 -0.17521888 0.33480685
v 4.45847970 -0.17515517 0.33591012
v 4.45698494 -0.17528217 0.33596007
v 4.45549911 -0.17537617 0.33488016
v 4.45549169 -0.17535717 0.33599011
v 4.45399993 -0.17540217 0.33489005
v 4.45399993 -0.17538217 0.33600001
v 4.49828362 -0.13009117 0.31645004
v 4.49815968 -0.12760095 0.31544546
v 4.49808488 -0.12701834 0.31658903
v 4.49790221 -0.12518916 0.31445531
v 4.49777852 -0.12453818 0.31560007
v 4.49745219 -0.12261655 0.31482056
v 4.49741528 -0.12229362 0.31328706
v 4.49679220 -0.11965061 0.31221131
v 4.49668604 -0.11932808 0.31350676
v 4.49601563 -0.11706726 0.31115238
v 4.49602972 -0.11719013 0.31265096
v 4.49523851 -0.11499965 0.31176761
v 4.49488952 -0.11406411 0.30993620
v 4.49372918 -0.11150972 0.30889670
v 4.49418872 -0.11254617 0.31078008
v 4.49328484 -0.11068946 0.31004361
v 4.49261016 -0.10938689 0.30803040
v 4.49223892 -0.10880418 0.30928007
v 4.49121997 -0.10713356 0.30860785
v 4.49083188 -0.10649141 0.30685202
v 4.48994512 -0.10522517 0.30634013
v 4.48985539 -0.10513427 0.30780796
v 4.48828410 -0.10305857 0.30545930
v 4.48753517 -0.10219898 0.30662862
v 4.48641868 -0.10091307 0.30458466
v 4.48580326 -0.10030682 0.30587259
v 4.48531052 -0.09977617 0.30412010
v 4.48330506 -0.09788428 0.30335585
v 4.48426712 -0.09880417 0.30527011
v 4.48307895 -0.09772267 0.30483619
v 4.48131013 -0.09622742 0.30267922
v 4.48095413 -0.09599317 0.30414013
v 4.47948431 -0.09490467 0.30370537
v 4.47894607 -0.09449967 0.30197707
v 4.47647621 -0.09293249 0.30133942
v 4.47697706 -0.09326376 0.30304912
v 4.47440281 -0.09178225 0.30087224
v 4.47480512 -0.09203417 0.30255011
v 4.47350203 -0.09136818 0.30228010
v 4.47175811 -0.09055239 0.30195490
v 4.47215712 -0.09070518 0.30043010
v 4.46982318 -0.08972926 0.30004112
v 4.46944593 -0.08962318 0.30158011
v 4.46736231 -0.08889958 0.30130080
v 4.46688069 -0.08872087 0.29962448
v 4.46515862 -0.08824117 0.29943005
v 4.46517112 -0.08827418 0.30104009
v 4.46371113 -0.08791917 0.30090014
v 4.46370810 -0.08788918 0.29929010
v 4.46129897 -0.08741401 0.29909698
v 4.46224136 -0.08761517 0.30078010
v 4.46004587 -0.08725102 0.30063430
v 4.45951606 -0.08715818 0.29899005
v 4.45756467 -0.08698180 0.30052535
v 4.45813513 -0.08700618 0.29893009
v 4.45528507 -0.08685818 0.30047015
v 4.45431263 -0.18378965 0.33135013
v 4.45452069 -0.18373254 0.33119779
v 4.45391906 -0.18381803 0.33120004
v 4.45501316 -0.18349763 0.33135013
v 4.45505261 -0.18345774 0.33119063
v 4.45520188 -0.18331117 0.33118014
v 4.45543620 -0.18302979 0.33117787
v 4.45550682 -0.18291594 0.33135014
v 4.45572595 -0.18211053 0.33135002
v 4.45569993 -0.18210917 0.33117013
v 4.45565614 -0.18253553 0.33117012
v 4.45377256 -0.18379903 0.33135013
v 4.45350605 -0.18373717 0.33120005
v 4.45330721 -0.18367430 0.33118979
v 4.45326115 -0.18364860 0.33135014
v 4.45271476 -0.18324411 0.33135014
v 4.45285920 -0.18337176 0.33118527
v 4.45256502 -0.18303008 0.33117788
v 4.45237165 -0.18262735 0.33135013
v 4.45234470 -0.18253463 0.33117013
v 4.45229635 -0.18210935 0.33135013
v 4.45229993 -0.18210917 0.33117013
v 4.45448632 -0.18047545 0.33120016
v 4.45423569 -0.18041116 0.33135013
v 4.45392359 -0.18040178 0.33120004
v 4.45469054 -0.18054371 0.33118979
v 4.45494684 -0.18068331 0.33135014
v 4.45514030 -0.18084740 0.33118527
v 4.45537487 -0.18110165 0.33135014
v 4.45543399 -0.18118784 0.33117787
v 4.45562794 -0.18158966 0.33135014
v 4.45565492 -0.18168255 0.33117012
v 4.45570345 -0.18210900 0.33135013
v 4.45569993 -0.18210917 0.33117013
v 4.45347492 -0.18047926 0.33135013
v 4.45343330 -0.18050451 0.33119528
v 4.45294619 -0.18076209 0.33119051
v 4.45282818 -0.18085779 0.33135014
v 4.45279797 -0.18090717 0.33118014
v 4.45256281 -0.18118967 0.33117776
v 4.45242561 -0.18144432 0.33135013
v 4.45234362 -0.18168366 0.33117013
v 4.45228759 -0.18210858 0.33135014
v 4.45229993 -0.18210917 0.33117013
v 4.48461079 -0.09900018 0.30363206
v 4.48453235 -0.09901787 0.30377225
v 4.48638011 -0.10079038 0.30435983
v 4.48626888 -0.10077016 0.30452231
v 4.48805018 -0.10263639 0.30508331
v 4.47861998 -0.09429210 0.30188981
v 4.48076197 -0.09577512 0.30236856
v 4.47875554 -0.09430432 0.30173234
v 4.46963523 -0.08967438 0.30001418
v 4.47212541 -0.09061627 0.30022732
v 4.46974120 -0.08964164 0.29984550
v 4.47209742 -0.09068229 0.30041913
v 4.47437756 -0.09172128 0.30069665
v 4.46481778 -0.08810700 0.29923717
v 4.46226371 -0.08754789 0.29901520
v 4.46224387 -0.08759120 0.29916946
v 4.46370810 -0.08788918 0.29929010
v 4.46485484 -0.08816807 0.29939977
v 4.46230023 -0.08740706 0.29888336
v 4.46484438 -0.08796881 0.29910926
v 4.49439092 -0.11292357 0.30942634
v 4.49541112 -0.11520957 0.31019918
v 4.49450505 -0.11296810 0.30927352
v 4.49792126 -0.12455314 0.31394759
v 4.49745743 -0.12210254 0.31297962
v 4.49733738 -0.12198290 0.31315676
v 4.49776618 -0.12433066 0.31410912
v 4.49820406 -0.12688572 0.31489555
v 4.49668113 -0.14358788 0.32163004
v 4.49729990 -0.14120393 0.32066993
v 4.49718419 -0.14114908 0.32078246
v 4.49508886 -0.14763909 0.32359044
v 4.49403120 -0.15026743 0.32442466
v 4.49503565 -0.14810499 0.32349590
v 4.49586650 -0.14578072 0.32261471
v 4.49656815 -0.14345493 0.32174687
v 4.49403056 -0.15005217 0.32457880
v 4.49292667 -0.15244067 0.32529334
v 4.49032091 -0.15644366 0.32717744
v 4.48884422 -0.15846430 0.32791535
v 4.49034843 -0.15665960 0.32695691
v 4.48727409 -0.16048584 0.32856385
v 4.48748002 -0.16010720 0.32866828
v 4.48556782 -0.16222233 0.32937459
v 4.48891708 -0.15865003 0.32773177
v 4.48559915 -0.16236139 0.32926647
v 4.48382778 -0.16410532 0.32994107
v 4.47564678 -0.16985792 0.33237843
v 4.47779046 -0.16864072 0.33181433
v 4.47789471 -0.16839175 0.33203618
v 4.48377214 -0.16391235 0.33012740
v 4.48189595 -0.16571087 0.33062116
v 4.48186740 -0.16554820 0.33078496
v 4.47988793 -0.16719030 0.33125130
v 4.47337650 -0.17095876 0.33294694
v 4.47565701 -0.16974158 0.33258287
v 4.46137108 -0.17477416 0.33463482
v 4.46119050 -0.17490847 0.33443241
v 4.46373472 -0.17432425 0.33438174
v 4.46622926 -0.17368537 0.33412020
v 4.46372645 -0.17444824 0.33420149
v 4.46618938 -0.17386940 0.33391242
v 4.45855754 -0.17515707 0.33478622
v 4.45860851 -0.17526572 0.33455948
v 4.45997593 -0.17499617 0.33472005
v 4.45606114 -0.17535884 0.33480041
v 4.45590315 -0.17537848 0.33487515
v 4.45381460 -0.17540126 0.33489029
v 4.45242599 -0.17537249 0.33487658
v 4.45091777 -0.17530399 0.33475176
v 4.44714724 -0.17486817 0.33467011
v 4.44835970 -0.17504942 0.33465247
v 4.44913390 -0.17512366 0.33477955
v 4.44578128 -0.17463086 0.33456986
v 4.47103227 -0.17207535 0.33330087
v 4.46862530 -0.17300408 0.33366303
v 4.47108452 -0.17225904 0.33320765
v 4.46379464 -0.17472816 0.33415882
v 4.47340924 -0.17109936 0.33281044
v 4.45086968 -0.17570527 0.33456974
v 4.45346155 -0.17581122 0.33460991
v 4.45343566 -0.17565056 0.33458833
v 4.45601971 -0.17563746 0.33456723
v 4.45606258 -0.17576627 0.33458977
v 4.46730124 -0.08882032 0.29952947
v 4.46735689 -0.08867175 0.29940275
v 4.46689651 -0.08873584 0.29962913
v 4.47079692 -0.09012118 0.30020014
v 4.46982998 -0.08953395 0.29974941
v 4.47216040 -0.09049074 0.30013827
v 4.47415371 -0.09166699 0.30082432
v 4.47444914 -0.09159052 0.30057863
v 4.47659342 -0.09293539 0.30116621
v 4.47668531 -0.09282708 0.30108050
v 4.47672219 -0.09308768 0.30140308
v 4.48255210 -0.09724803 0.30309538
v 4.48351094 -0.09805846 0.30342713
v 4.47882603 -0.09417584 0.30162636
v 4.48531052 -0.09977617 0.30412010
v 4.48041449 -0.09555609 0.30240384
v 4.48087511 -0.09563669 0.30221227
v 4.48278945 -0.09734357 0.30293468
v 4.48473458 -0.09891046 0.30353919
v 4.48284782 -0.09721218 0.30286006
v 4.48647143 -0.10065697 0.30423573
v 4.48797644 -0.10270281 0.30531171
v 4.48812855 -0.10251627 0.30499927
v 4.48951560 -0.10454455 0.30588094
v 4.48966481 -0.10445131 0.30577603
v 4.48962098 -0.10478378 0.30616311
v 4.49079357 -0.10644906 0.30683271
v 4.49324106 -0.11057643 0.30851249
v 4.49383506 -0.11171577 0.30897955
v 4.49092558 -0.10655368 0.30671171
v 4.49224176 -0.10864835 0.30755809
v 4.49109371 -0.10647434 0.30658845
v 4.49242756 -0.10859799 0.30744735
v 4.49203237 -0.10840094 0.30763093
v 4.49347310 -0.11078673 0.30837230
v 4.49500708 -0.11432585 0.31004456
v 4.49466068 -0.11291266 0.30918971
v 4.49358662 -0.11068817 0.30830005
v 4.49559777 -0.11515326 0.31009511
v 4.49621124 -0.11746588 0.31111149
v 4.49640524 -0.11742217 0.31101099
v 4.49596613 -0.11693577 0.31109968
v 4.49679183 -0.11966690 0.31221906
v 4.49689252 -0.11975517 0.31203488
v 4.49709339 -0.11974933 0.31195668
v 4.49765430 -0.12211716 0.31290857
v 4.49829025 -0.13152318 0.31703738
v 4.49823733 -0.12884180 0.31594662
v 4.49828362 -0.13009117 0.31645004
v 4.49808103 -0.12448118 0.31387011
v 4.49805184 -0.12655560 0.31501344
v 4.49838277 -0.12688611 0.31484488
v 4.49832198 -0.12925268 0.31590382
v 4.49855245 -0.12933119 0.31582073
v 4.49760538 -0.13888407 0.32003180
v 4.49799533 -0.13621835 0.31894521
v 4.49780486 -0.13771553 0.31955067
v 4.49838711 -0.13169316 0.31685225
v 4.49859196 -0.13167944 0.31677619
v 4.49827859 -0.13406246 0.31783668
v 4.49850172 -0.13408493 0.31774346
v 4.49823232 -0.13352541 0.31785134
v 4.49806767 -0.13647652 0.31879238
v 4.49828081 -0.13649029 0.31871847
v 4.49770730 -0.13884423 0.31976191
v 4.49792782 -0.13889372 0.31968729
v 4.49744897 -0.14126111 0.32064835
v 4.49715289 -0.14108609 0.32092325
v 4.49684233 -0.14359628 0.32159833
v 4.49655332 -0.14342346 0.32187692
v 4.49293974 -0.15221459 0.32545475
v 4.49155542 -0.15461438 0.32643179
v 4.49163126 -0.15450225 0.32624869
v 4.49586913 -0.14555719 0.32274453
v 4.49523557 -0.14819651 0.32345084
v 4.49610922 -0.14589784 0.32251147
v 4.49372604 -0.15123691 0.32470683
v 4.48899740 -0.15827531 0.32792274
v 4.49313193 -0.15260517 0.32524006
v 4.49424592 -0.15042617 0.32436005
v 4.49178079 -0.15460157 0.32608358
v 4.49189855 -0.15472140 0.32608942
v 4.49053246 -0.15679411 0.32692937
v 4.48412778 -0.16358624 0.33007483
v 4.48189671 -0.16553414 0.33087222
v 4.48906395 -0.15877261 0.32773105
v 4.48738224 -0.16064908 0.32849554
v 4.48748623 -0.16067018 0.32849006
v 4.48571553 -0.16203234 0.32944779
v 4.47998186 -0.16698879 0.33146731
v 4.48578649 -0.16249932 0.32921902
v 4.48396791 -0.16424465 0.32993988
v 4.47316660 -0.17106166 0.33311991
v 4.48205434 -0.16588617 0.33059637
v 4.48005537 -0.16741330 0.33121232
v 4.47078526 -0.17210325 0.33354406
v 4.47792744 -0.16885442 0.33179537
v 4.47571821 -0.17002400 0.33229593
v 4.47574780 -0.17015234 0.33232228
v 4.46543851 -0.17389738 0.33427064
v 4.47347376 -0.17133891 0.33279244
v 4.47114839 -0.17238521 0.33322982
v 4.46292407 -0.17449317 0.33452014
v 4.46874509 -0.17330634 0.33359985
v 4.46864176 -0.17319821 0.33358649
v 4.46841464 -0.17298749 0.33390609
v 4.46629512 -0.17408655 0.33390788
v 4.46121240 -0.17508252 0.33434693
v 4.46123968 -0.17522322 0.33436994
v 4.45860728 -0.17544412 0.33448784
v 4.45865582 -0.17557022 0.33450978
v 4.45604751 -0.17545715 0.33463542
v 4.45346639 -0.17546533 0.33469181
v 4.45086604 -0.17548543 0.33455400
v 4.44829117 -0.17521823 0.33445291
v 4.44828827 -0.17544739 0.33445779
v 4.44578245 -0.17469790 0.33438687
v 4.44575581 -0.17488277 0.33427708
v 4.44572467 -0.17504076 0.33429793
v 4.40985284 -0.13553568 0.31844871
v 4.41011674 -0.13792955 0.31937555
v 4.41020918 -0.13788066 0.31951324
v 4.40960840 -0.13319253 0.31743316
v 4.40971340 -0.13315170 0.31754140
v 4.40957041 -0.13076531 0.31645994
v 4.40967300 -0.13072313 0.31655972
v 4.40964631 -0.12841647 0.31550030
v 4.41000788 -0.12592688 0.31470697
v 4.41029680 -0.12356759 0.31361096
v 4.40991658 -0.12593723 0.31453042
v 4.40978257 -0.12836865 0.31565790
v 4.41075714 -0.12120161 0.31264000
v 4.41082354 -0.12121069 0.31278948
v 4.41141883 -0.11889523 0.31183450
v 4.41301150 -0.11431713 0.30999069
v 4.41392004 -0.11208531 0.30893640
v 4.41293407 -0.11428545 0.30981164
v 4.41206585 -0.11658163 0.31074063
v 4.41223587 -0.11637505 0.31087355
v 4.41130425 -0.11883327 0.31162064
v 4.41504885 -0.10990265 0.30806641
v 4.41401586 -0.11206240 0.30911676
v 4.41650558 -0.10753655 0.30727617
v 4.41763304 -0.10575649 0.30641548
v 4.41623706 -0.10778370 0.30716411
v 4.42240150 -0.10004714 0.30412392
v 4.42065144 -0.10186858 0.30480663
v 4.42058328 -0.10204377 0.30504314
v 4.43015191 -0.09369601 0.30146960
v 4.43015461 -0.09378483 0.30168764
v 4.43235305 -0.09240168 0.30095414
v 4.46229999 -0.08740666 0.29888407
v 4.45971955 -0.08699318 0.29873006
v 4.45975018 -0.08710463 0.29879097
v 4.44680523 -0.08734810 0.29891698
v 4.44425552 -0.08791072 0.29928843
v 4.44671776 -0.08742171 0.29909829
v 4.45451606 -0.08675761 0.29866604
v 4.45712591 -0.08673518 0.29861764
v 4.45451892 -0.08662883 0.29857854
v 4.45191050 -0.08667419 0.29860012
v 4.45195492 -0.08679074 0.29867427
v 4.44802280 -0.08721818 0.29902009
v 4.44946241 -0.08704815 0.29894201
v 4.43931154 -0.08926513 0.29970089
v 4.43932417 -0.08932180 0.29987077
v 4.44174155 -0.08849358 0.29938487
v 4.45960718 -0.08717389 0.29899422
v 4.46088438 -0.08735118 0.29907004
v 4.46224384 -0.08759100 0.29916958
v 4.43691775 -0.09023897 0.30020539
v 4.43690218 -0.09018789 0.30006806
v 4.41049565 -0.14024933 0.32028310
v 4.41062649 -0.14022421 0.32043485
v 4.41465579 -0.15159740 0.32498972
v 4.41569908 -0.15375859 0.32573334
v 4.41585373 -0.15368979 0.32589106
v 4.41707144 -0.15580755 0.32661621
v 4.41724429 -0.15581017 0.32691995
v 4.41846568 -0.15780970 0.32740251
v 4.41875700 -0.15793162 0.32778243
v 4.42003422 -0.15975531 0.32820980
v 4.42166898 -0.16163842 0.32895223
v 4.42176907 -0.16154022 0.32909028
v 4.42537683 -0.16493363 0.33049862
v 4.42344956 -0.16337659 0.32967774
v 4.42524848 -0.16506287 0.33032493
v 4.42354277 -0.16327442 0.32988421
v 4.43147213 -0.16933577 0.33217422
v 4.43372181 -0.17063902 0.33264403
v 4.43375939 -0.17051898 0.33280102
v 4.44576953 -0.17480534 0.33428864
v 4.44320130 -0.17421296 0.33408217
v 4.44316349 -0.17448260 0.33406405
v 4.44077323 -0.17349660 0.33383195
v 4.44081697 -0.17340025 0.33400551
v 4.43838391 -0.17261236 0.33355705
v 4.44572457 -0.17503979 0.33430163
v 4.44578313 -0.17462086 0.33456842
v 4.44327697 -0.17408941 0.33428518
v 4.43599071 -0.17157658 0.33333234
v 4.43367126 -0.17047948 0.33288232
v 4.43850889 -0.17260771 0.33374576
v 4.44102662 -0.17347984 0.33410350
v 4.44356348 -0.17417790 0.33438616
v 4.44069211 -0.17364161 0.33376197
v 4.44072190 -0.17379360 0.33379726
v 4.43158366 -0.16931716 0.33241157
v 4.43835756 -0.17278144 0.33344785
v 4.43827900 -0.17295392 0.33345429
v 4.43599026 -0.17181602 0.33305065
v 4.43602601 -0.17167154 0.33314184
v 4.43590778 -0.17198075 0.33305816
v 4.42731741 -0.16646770 0.33125166
v 4.42536101 -0.16491166 0.33061723
v 4.43359029 -0.17087308 0.33260743
v 4.42346680 -0.16321502 0.32993082
v 4.43136825 -0.16950439 0.33208422
v 4.42936072 -0.16798059 0.33166913
v 4.42924722 -0.16814612 0.33153860
v 4.42918573 -0.16827217 0.33157007
v 4.43135483 -0.16963718 0.33212010
v 4.42941700 -0.16795110 0.33185498
v 4.42059351 -0.16020132 0.32870642
v 4.42014414 -0.15967674 0.32842247
v 4.42176983 -0.16149386 0.32923011
v 4.42730876 -0.16652282 0.33107750
v 4.42716842 -0.16666030 0.33093981
v 4.42714233 -0.16682017 0.33098010
v 4.42516346 -0.16523909 0.33033351
v 4.42332951 -0.16359391 0.32966892
v 4.42154931 -0.16180956 0.32895128
v 4.41990367 -0.15996338 0.32820658
v 4.41835434 -0.15801590 0.32742004
v 4.41689610 -0.15595905 0.32658176
v 4.41597374 -0.15383919 0.32611183
v 4.41470702 -0.15156604 0.32519201
v 4.41407561 -0.15080944 0.32454256
v 4.41443250 -0.15179025 0.32490615
v 4.41561323 -0.15391517 0.32577006
v 4.41359332 -0.14941779 0.32409648
v 4.41357557 -0.14921290 0.32423011
v 4.41268669 -0.14720287 0.32324008
v 4.41254445 -0.14726213 0.32310871
v 4.41336447 -0.14958858 0.32401220
v 4.41242401 -0.14734534 0.32310979
v 4.41272368 -0.14716739 0.32339756
v 4.41192213 -0.14493566 0.32249693
v 4.41181605 -0.14495806 0.32223980
v 4.41160773 -0.14505991 0.32217316
v 4.41118391 -0.14258201 0.32137934
v 4.41107942 -0.14267860 0.32127444
v 4.41091446 -0.14272257 0.32123915
v 4.41120393 -0.14254076 0.32151536
v 4.41035212 -0.14035653 0.32028965
v 4.41066555 -0.14028729 0.32059995
v 4.40992249 -0.13798622 0.31932465
v 4.41025844 -0.13810549 0.31971721
v 4.40994885 -0.13569730 0.31873493
v 4.40984041 -0.12751753 0.31540470
v 4.40970952 -0.13554905 0.31835358
v 4.40945026 -0.13321044 0.31739776
v 4.40962213 -0.13560618 0.31837015
v 4.40974425 -0.13298283 0.31763331
v 4.41044391 -0.12305834 0.31359212
v 4.41019197 -0.12451460 0.31418793
v 4.40940755 -0.13080021 0.31642167
v 4.40970385 -0.13064732 0.31667976
v 4.40949548 -0.12839030 0.31545012
v 4.40971553 -0.12598444 0.31447713
v 4.41344220 -0.11329123 0.30962054
v 4.41170426 -0.11792260 0.31150441
v 4.41102195 -0.12035144 0.31249766
v 4.41007840 -0.12352016 0.31346814
v 4.41053841 -0.12123976 0.31255011
v 4.41114978 -0.11887001 0.31161015
v 4.41188257 -0.11656932 0.31066744
v 4.41499293 -0.11012968 0.30833487
v 4.41584064 -0.10859552 0.30771295
v 4.41274945 -0.11428050 0.30974798
v 4.41375674 -0.11201035 0.30882911
v 4.41485428 -0.10986046 0.30795495
v 4.41608365 -0.10774703 0.30711035
v 4.42193692 -0.10052233 0.30443231
v 4.41756648 -0.10567782 0.30629186
v 4.41766520 -0.10577623 0.30656258
v 4.41889160 -0.10410530 0.30588166
v 4.41902469 -0.10376939 0.30552976
v 4.41892623 -0.10367818 0.30547015
v 4.41745093 -0.10566918 0.30627005
v 4.42052693 -0.10175953 0.30467991
v 4.42415239 -0.09837308 0.30355052
v 4.42220211 -0.09995907 0.30395309
v 4.42417735 -0.09828259 0.30334334
v 4.42402222 -0.09820456 0.30325858
v 4.42607751 -0.09672649 0.30288462
v 4.42603093 -0.09668841 0.30270676
v 4.42592187 -0.09657913 0.30258862
v 4.43487312 -0.09116262 0.30061785
v 4.43784106 -0.08986565 0.30009584
v 4.42803781 -0.09515984 0.30208925
v 4.42791430 -0.09505355 0.30197469
v 4.43244652 -0.09241052 0.30113200
v 4.43131473 -0.09306317 0.30139009
v 4.42822966 -0.09508332 0.30221633
v 4.43004574 -0.09360596 0.30139331
v 4.43222427 -0.09230425 0.30086819
v 4.43449228 -0.09111973 0.30038802
v 4.43459119 -0.09122198 0.30046896
v 4.43684574 -0.09005823 0.29996506
v 4.44172433 -0.08835007 0.29927294
v 4.43922494 -0.08914698 0.29958741
v 4.44114128 -0.08871857 0.29963116
v 4.44425443 -0.08784286 0.29911725
v 4.44420200 -0.08771620 0.29901711
v 4.45801333 -0.08699597 0.29892580
v 4.45707148 -0.08691924 0.29883866
v 4.45474708 -0.08682499 0.29885356
v 4.44675567 -0.08721841 0.29881720
v 4.44936809 -0.08699244 0.29875998
v 4.44932352 -0.08687028 0.29867999
v 4.45153191 -0.08688667 0.29887728
v 4.45710255 -0.08683030 0.29868190
v 4.46226435 -0.08754648 0.29901127
v 4.49131077 -0.18510918 0.31296340
v 4.41556712 -0.18510918 0.26419012
v 4.49212552 -0.18510918 0.31171004
v 4.49880415 -0.18510918 0.28346292
v 4.49891072 -0.18510918 0.28485004
v 4.45473007 -0.18510918 0.24270229
v 4.49899052 -0.18510918 0.28675012
v 4.49900062 -0.18510918 0.28770010
v 4.49721051 -0.18510918 0.27508632
v 4.49757232 -0.18510918 0.27642016
v 4.49864182 -0.18510918 0.28201012
v 4.49243221 -0.18510918 0.26419012
v 4.49291611 -0.18510918 0.26501004
v 4.45637471 -0.18510918 0.24275009
v 4.49615072 -0.18510918 0.27188007
v 4.49664744 -0.18510918 0.27328340
v 4.48443178 -0.18510918 0.25438873
v 4.48536421 -0.18510918 0.25528006
v 4.45827117 -0.18510918 0.24287014
v 4.48603642 -0.18510918 0.25595013
v 4.48669481 -0.18510918 0.25664011
v 4.48992954 -0.18510918 0.26048080
v 4.45732352 -0.18510918 0.24280016
v 4.48917901 -0.18510918 0.25951008
v 4.49356865 -0.18510918 0.26617888
v 4.49087942 -0.18510918 0.26180009
v 4.49563603 -0.18510918 0.27056257
v 4.49896062 -0.18510918 0.28580014
v 4.42196272 -0.18510918 0.25595015
v 4.45162459 -0.18510918 0.24275009
v 4.42096521 -0.18510918 0.25700300
v 4.41987930 -0.18510918 0.25822656
v 4.42357856 -0.18510918 0.25437861
v 4.42498994 -0.18510918 0.25313001
v 4.45067524 -0.18510918 0.24280016
v 4.44972744 -0.18510918 0.24287014
v 4.42644892 -0.18510918 0.25194304
v 4.42779298 -0.18510918 0.25093418
v 4.44852245 -0.18510918 0.24298696
v 4.42928042 -0.18510918 0.24991017
v 4.43061068 -0.18510918 0.24906652
v 4.43197202 -0.18510918 0.24826961
v 4.43337932 -0.18510918 0.24751012
v 4.43482040 -0.18510918 0.24680321
v 4.44689490 -0.18510918 0.24319010
v 4.44104281 -0.18510918 0.24445896
v 4.44316112 -0.18510918 0.24390011
v 4.43771452 -0.18510918 0.24557011
v 4.44408857 -0.18510918 0.24369006
v 4.43860642 -0.18510918 0.24524014
v 4.43950452 -0.18510918 0.24493007
v 4.43595522 -0.18510918 0.24629013
v 4.44518176 -0.18510918 0.24346893
v 4.44223842 -0.18510918 0.24413006
v 4.43683082 -0.18510918 0.24592011
v 4.42263512 -0.18510918 0.25528007
v 4.49779952 -0.18510918 0.27734010
v 4.49810718 -0.18510918 0.27874104
v 4.49860059 -0.18510918 0.29372160
v 4.49838182 -0.18510918 0.29516010
v 4.45326818 -0.18510918 0.24270229
v 4.49426352 -0.18510918 0.26752011
v 4.49162183 -0.18510918 0.26290385
v 4.48858091 -0.18510918 0.25877015
v 4.48765692 -0.18510918 0.25769333
v 4.49493959 -0.18510918 0.26893906
v 4.45947003 -0.18510918 0.24298625
v 4.48028232 -0.18510918 0.25099007
v 4.48153327 -0.18510918 0.25192980
v 4.47116792 -0.18510918 0.24592011
v 4.46602653 -0.18510918 0.24419908
v 4.47028412 -0.18510918 0.24557011
v 4.46483782 -0.18510918 0.24390011
v 4.46391018 -0.18510918 0.24369006
v 4.46758892 -0.18510918 0.24464016
v 4.46849392 -0.18510918 0.24493007
v 4.46939302 -0.18510918 0.24524014
v 4.47204422 -0.18510918 0.24629013
v 4.46229566 -0.18510918 0.24338262
v 4.47318344 -0.18510918 0.24680571
v 4.47462002 -0.18510918 0.24751012
v 4.46110367 -0.18510918 0.24319010
v 4.47737989 -0.18510918 0.24906138
v 4.47604044 -0.18510918 0.24827699
v 4.47871922 -0.18510918 0.24991015
v 4.47950652 -0.18510918 0.25044004
v 4.48301287 -0.18510918 0.25313286
v 4.49836382 -0.18510918 0.28013007
v 4.49851262 -0.18510918 0.28107015
v 4.49898135 -0.18510918 0.28909556
v 4.49888586 -0.18510918 0.29095129
v 4.49875842 -0.18510918 0.29238013
v 4.49813175 -0.18510918 0.29653756
v 4.49783332 -0.18510918 0.29792014
v 4.49725177 -0.18510918 0.30016974
v 4.49761252 -0.18510918 0.29883007
v 4.49683842 -0.18510918 0.30153004
v 4.49654352 -0.18510918 0.30242006
v 4.49604588 -0.18510918 0.30380277
v 4.49554962 -0.18510918 0.30505005
v 4.49502733 -0.18510918 0.30626265
v 4.41882012 -0.18510918 0.25951009
v 4.49439482 -0.18510918 0.30761007
v 4.41786843 -0.18510918 0.26075869
v 4.49397462 -0.18510918 0.30845014
v 4.49344690 -0.18510918 0.30944887
v 4.41711983 -0.18510918 0.26180010
v 4.41638013 -0.18510918 0.26290016
v 4.49261272 -0.18510918 0.31091014
v 4.41508363 -0.18510918 0.26501005
v 4.41442924 -0.18510918 0.26618163
v 4.49029695 -0.18510918 0.31441788
v 4.41373633 -0.18510918 0.26752011
v 4.48944573 -0.18510918 0.31555013
v 4.41306358 -0.18510918 0.26893060
v 4.45399946 -0.18510917 0.33265010
v 4.48886312 -0.18510918 0.31628004
v 4.48796872 -0.18510918 0.31735030
v 4.48702553 -0.18510918 0.31841008
v 4.48606239 -0.18510918 0.31942491
v 4.48481813 -0.18510918 0.32065312
v 4.45734369 -0.18510917 0.33260004
v 4.45615737 -0.18510917 0.33266143
v 4.48342639 -0.18510918 0.32191567
v 4.48199866 -0.18510918 0.32310537
v 4.48001433 -0.18510918 0.32460014
v 4.48077203 -0.18510918 0.32405011
v 4.45852761 -0.18510917 0.33250920
v 4.47885915 -0.18510918 0.32539229
v 4.47767453 -0.18510918 0.32616011
v 4.47632971 -0.18510918 0.32696001
v 4.46014208 -0.18510917 0.33234004
v 4.47497393 -0.18510918 0.32770268
v 4.46174973 -0.18510917 0.33211080
v 4.47357053 -0.18510918 0.32841007
v 4.47272153 -0.18510918 0.32881014
v 4.46291931 -0.18510917 0.33191005
v 4.46924723 -0.18510918 0.33021013
v 4.46449389 -0.18510917 0.33158020
v 4.47183279 -0.18510918 0.32920412
v 4.46566283 -0.18510917 0.33130006
v 4.46656783 -0.18510917 0.33106009
v 4.46810922 -0.18510918 0.33059231
v 4.47012683 -0.18510918 0.32989005
v 4.41235988 -0.18510918 0.27057163
v 4.41134955 -0.18510918 0.27329104
v 4.41184893 -0.18510918 0.27188008
v 4.41078485 -0.18510918 0.27510135
v 4.45453518 -0.18510917 0.33270005
v 4.41029985 -0.18510918 0.27691608
v 4.40989385 -0.18510918 0.27873366
v 4.40948703 -0.18510918 0.28107016
v 4.40963593 -0.18510918 0.28013008
v 4.40919497 -0.18510918 0.28347008
v 4.40935793 -0.18510918 0.28201013
v 4.40908913 -0.18510918 0.28485005
v 4.40900933 -0.18510918 0.28675013
v 4.40903923 -0.18510918 0.28580015
v 4.45346468 -0.18510917 0.33270005
v 4.45184235 -0.18510917 0.33266143
v 4.40899923 -0.18510918 0.28770011
v 4.45065635 -0.18510917 0.33260004
v 4.44947308 -0.18510917 0.33250920
v 4.43527853 -0.18510918 0.32881014
v 4.44624651 -0.18510917 0.33211009
v 4.44349817 -0.18510917 0.33157829
v 4.43443013 -0.18510918 0.32841007
v 4.43300680 -0.18510918 0.32769255
v 4.44143333 -0.18510917 0.33106009
v 4.44233773 -0.18510917 0.33130006
v 4.43989492 -0.18510918 0.33059351
v 4.44508119 -0.18510917 0.33191005
v 4.43787343 -0.18510918 0.32989005
v 4.43875383 -0.18510918 0.33021013
v 4.43700083 -0.18510918 0.32955007
v 4.43613593 -0.18510918 0.32919006
v 4.43167548 -0.18510918 0.32696239
v 4.43032533 -0.18510918 0.32616011
v 4.44785820 -0.18510917 0.33234004
v 4.42913640 -0.18510918 0.32538871
v 4.42798573 -0.18510918 0.32460014
v 4.42722863 -0.18510918 0.32405011
v 4.42599459 -0.18510918 0.32309989
v 4.42456478 -0.18510918 0.32190744
v 4.42319297 -0.18510918 0.32066302
v 4.42193582 -0.18510918 0.31942276
v 4.42097504 -0.18510918 0.31841008
v 4.42034783 -0.18510918 0.31771009
v 4.41943725 -0.18510918 0.31664805
v 4.41855443 -0.18510918 0.31555013
v 4.41778488 -0.18510918 0.31452815
v 4.41689853 -0.18510918 0.31328015
v 4.41612505 -0.18510918 0.31211130
v 4.41538713 -0.18510918 0.31091015
v 4.41468487 -0.18510918 0.30969171
v 4.41402523 -0.18510918 0.30845015
v 4.41343198 -0.18510918 0.30725364
v 4.41281783 -0.18510918 0.30591015
v 4.41245073 -0.18510918 0.30505006
v 4.41210123 -0.18510918 0.30418007
v 4.41158943 -0.18510918 0.30280714
v 4.41116163 -0.18510918 0.30153005
v 4.41075154 -0.18510918 0.30018072
v 4.41038753 -0.18510918 0.29883008
v 4.41016673 -0.18510918 0.29792015
v 4.40986654 -0.18510918 0.29652862
v 4.40953783 -0.18510918 0.29468064
v 4.40928799 -0.18510918 0.29282885
v 4.40911357 -0.18510918 0.29094427
v 4.40901850 -0.18510918 0.28909557
v 4.45282485 -0.18333817 0.33135013
v 4.45187922 -0.18424555 0.33265940
v 4.45300208 -0.18348804 0.33135002
v 4.45216749 -0.18450996 0.33266895
v 4.45240098 -0.18468023 0.33267717
v 4.45266744 -0.18316731 0.33135025
v 4.45165849 -0.18398219 0.33264904
v 4.45144087 -0.18365445 0.33263903
v 4.45254039 -0.18298117 0.33135013
v 4.45243454 -0.18277517 0.33135049
v 4.45129322 -0.18335391 0.33262900
v 4.45119433 -0.18308953 0.33262018
v 4.45236138 -0.18256117 0.33135014
v 4.45110762 -0.18277354 0.33262078
v 4.45105688 -0.18245824 0.33260850
v 4.45231354 -0.18233710 0.33134990
v 4.45229993 -0.18210917 0.33135014
v 4.45103883 -0.18210923 0.33260969
v 4.45256538 -0.18477985 0.33268015
v 4.45326027 -0.18364168 0.33135014
v 4.45274213 -0.18486397 0.33268527
v 4.45302108 -0.18498727 0.33269040
v 4.45347428 -0.18372617 0.33135014
v 4.45326435 -0.18505520 0.33269004
v 4.45370286 -0.18378489 0.33135001
v 4.45345145 -0.18510689 0.33270220
v 4.45399946 -0.18510917 0.33265010
v 4.45392347 -0.18380817 0.33135013
v 4.45453518 -0.18510917 0.33270005
v 4.45414829 -0.18380472 0.33135037
v 4.45612273 -0.18424370 0.33265928
v 4.45512244 -0.18338851 0.33135002
v 4.45583193 -0.18451043 0.33266894
v 4.45651989 -0.18371980 0.33263806
v 4.45556502 -0.18277684 0.33135061
v 4.45542191 -0.18304352 0.33135037
v 4.45680810 -0.18308112 0.33262018
v 4.45687620 -0.18284824 0.33261685
v 4.45565943 -0.18248581 0.33135037
v 4.45695177 -0.18237100 0.33260994
v 4.45570429 -0.18210964 0.33135037
v 4.45695954 -0.18210917 0.33261006
v 4.45487719 -0.18356685 0.33135073
v 4.45528024 -0.18322817 0.33135013
v 4.45634282 -0.18398060 0.33264904
v 4.45669885 -0.18337405 0.33262972
v 4.45555900 -0.18470700 0.33268003
v 4.45466801 -0.18367317 0.33135014
v 4.45523835 -0.18488241 0.33268646
v 4.45444607 -0.18375173 0.33135014
v 4.45501832 -0.18497616 0.33269029
v 4.45468537 -0.18506851 0.33269529
v 4.45258380 -0.17943074 0.33267825
v 4.45300050 -0.18073149 0.33135001
v 4.45325911 -0.18057747 0.33135025
v 4.45231482 -0.17960254 0.33266846
v 4.45206131 -0.17980721 0.33265893
v 4.45392387 -0.18041117 0.33135014
v 4.45376861 -0.17907059 0.33270030
v 4.45369396 -0.18043659 0.33135084
v 4.45414921 -0.18041401 0.33134965
v 4.45542130 -0.18117395 0.33134989
v 4.45641968 -0.18035336 0.33263903
v 4.45528047 -0.18099117 0.33135014
v 4.45593750 -0.17980648 0.33265893
v 4.45512140 -0.18083039 0.33135037
v 4.45616460 -0.18003288 0.33264903
v 4.45568736 -0.17960418 0.33266846
v 4.45457628 -0.17912778 0.33269601
v 4.45437857 -0.18045217 0.33135013
v 4.45526459 -0.17935314 0.33268050
v 4.45459761 -0.18051748 0.33135072
v 4.45487474 -0.18065021 0.33135013
v 4.45543826 -0.17944406 0.33267669
v 4.45506612 -0.17927480 0.33268706
v 4.45474028 -0.17915775 0.33269064
v 4.45424793 -0.17907173 0.33270029
v 4.45330274 -0.17914507 0.33269540
v 4.45659723 -0.18064719 0.33262687
v 4.45553174 -0.18137217 0.33135013
v 4.45679915 -0.18111799 0.33261936
v 4.45561785 -0.18158357 0.33135049
v 4.45347471 -0.18049217 0.33135013
v 4.45287435 -0.17928856 0.33268897
v 4.45688213 -0.18142162 0.33261018
v 4.45568589 -0.18188096 0.33135025
v 4.45693833 -0.18173264 0.33261018
v 4.45696098 -0.18210911 0.33260982
v 4.45569993 -0.18210917 0.33135014
v 4.45276909 -0.18093490 0.33135025
v 4.45183567 -0.18003254 0.33264915
v 4.45158255 -0.18034989 0.33263914
v 4.45262450 -0.18111017 0.33135014
v 4.45250085 -0.18130513 0.33135049
v 4.45140619 -0.18064365 0.33262900
v 4.45127935 -0.18091543 0.33262019
v 4.45119373 -0.18114366 0.33261887
v 4.45238110 -0.18158550 0.33135049
v 4.45110577 -0.18147248 0.33261017
v 4.45231330 -0.18188265 0.33135025
v 4.45105008 -0.18184016 0.33260994
v 4.45104032 -0.18210917 0.33261006
v 4.45229993 -0.18210917 0.33135014
v 4.42352283 -0.09819917 0.30325012
v 4.42172913 -0.09996017 0.30397014
v 4.42221203 -0.09994417 0.30396013
v 4.49109742 -0.10647317 0.30660013
v 4.49232482 -0.10783417 0.30715004
v 4.49098592 -0.10575418 0.30631009
v 4.49424592 -0.15042617 0.32436005
v 4.49354312 -0.15209017 0.32503013
v 4.49463802 -0.14989118 0.32414011
v 4.42592333 -0.09657317 0.30260007
v 4.42741823 -0.09497317 0.30195014
v 4.42542083 -0.09653417 0.30258004
v 4.43628523 -0.08988618 0.29990010
v 4.43394993 -0.09097218 0.30033008
v 4.43449343 -0.09111818 0.30039005
v 4.42950953 -0.09352117 0.30136005
v 4.43003643 -0.09361018 0.30140011
v 4.43168903 -0.09218518 0.30082015
v 4.49828113 -0.13648918 0.31872014
v 4.49821093 -0.13827417 0.31945006
v 4.49853793 -0.13587118 0.31847004
v 4.49792953 -0.13888518 0.31969015
v 4.49775372 -0.14065918 0.32041005
v 4.49873432 -0.12861317 0.31554011
v 4.49853783 -0.12619717 0.31457011
v 4.49838172 -0.12688217 0.31484011
v 4.44170213 -0.08835418 0.29928009
v 4.44420549 -0.08771418 0.29902009
v 4.44365713 -0.08744518 0.29891006
v 4.45661121 -0.08631117 0.29845015
v 4.45451861 -0.08662818 0.29858009
v 4.45712571 -0.08673417 0.29862015
v 4.45191015 -0.08667418 0.29860012
v 4.45399993 -0.08623418 0.29842011
v 4.45138861 -0.08631117 0.29845015
v 4.49358662 -0.11068817 0.30830005
v 4.49463772 -0.11217717 0.30890003
v 4.49354272 -0.10997718 0.30801014
v 4.46434193 -0.08744418 0.29891006
v 4.46230013 -0.08740417 0.29889015
v 4.46484412 -0.08796417 0.29912011
v 4.48952832 -0.10374417 0.30549005
v 4.48966552 -0.10445018 0.30578009
v 4.46978892 -0.08951418 0.29975013
v 4.46931173 -0.08893218 0.29951004
v 4.46734902 -0.08867017 0.29940013
v 4.48088313 -0.09563918 0.30222014
v 4.48058072 -0.09497217 0.30195013
v 4.47882852 -0.09417618 0.30163006
v 4.48627002 -0.09995917 0.30397013
v 4.48447612 -0.09819817 0.30325011
v 4.48472273 -0.09889717 0.30354015
v 4.47667423 -0.09281918 0.30108014
v 4.47848932 -0.09352017 0.30136005
v 4.48257813 -0.09653317 0.30258003
v 4.48284782 -0.09721218 0.30286006
v 4.48648672 -0.10067018 0.30425004
v 4.48795532 -0.10181018 0.30471007
v 4.48812872 -0.10251617 0.30499998
v 4.47630983 -0.09218518 0.30082015
v 4.47445172 -0.09159117 0.30058006
v 4.47404882 -0.09097118 0.30033008
v 4.47216082 -0.09049019 0.30014006
v 4.49240142 -0.10854917 0.30744008
v 4.47171363 -0.08988517 0.29990009
v 4.46685152 -0.08811718 0.29918007
v 4.49465302 -0.11289118 0.30919007
v 4.49560772 -0.11442618 0.30981008
v 4.46179210 -0.08691717 0.29870013
v 4.49559562 -0.11514517 0.31010011
v 4.49645102 -0.11671918 0.31074015
v 4.49775362 -0.12140917 0.31263009
v 4.49765122 -0.12209917 0.31291012
v 4.49821093 -0.12379418 0.31360010
v 4.45921179 -0.08653917 0.29854016
v 4.45971955 -0.08699318 0.29873006
v 4.44675562 -0.08721718 0.29882006
v 4.44932384 -0.08687017 0.29868011
v 4.44878760 -0.08653917 0.29854016
v 4.49808103 -0.12448118 0.31387011
v 4.49855163 -0.12927818 0.31581012
v 4.49879993 -0.13103417 0.31652013
v 4.44620711 -0.08691717 0.29870013
v 4.49873432 -0.13345618 0.31750015
v 4.49850192 -0.13408818 0.31775013
v 4.49859202 -0.13168218 0.31678013
v 4.43868713 -0.08893318 0.29951004
v 4.43924683 -0.08913618 0.29959015
v 4.44114743 -0.08811818 0.29918007
v 4.49744983 -0.14125717 0.32065014
v 4.49716673 -0.14302018 0.32136015
v 4.43683953 -0.09005917 0.29997007
v 4.43222803 -0.09230117 0.30087010
v 4.49684252 -0.14359517 0.32160012
v 4.49645112 -0.14534917 0.32230012
v 4.49560783 -0.14764217 0.32323007
v 4.49524002 -0.14818517 0.32345013
v 4.49610752 -0.14590118 0.32253007
v 4.49313193 -0.15260517 0.32524006
v 4.49232523 -0.15423318 0.32589010
v 4.42791883 -0.09504717 0.30198006
v 4.49098632 -0.15631317 0.32673005
v 4.49189803 -0.15472218 0.32609014
v 4.42402103 -0.09820517 0.30326013
v 4.42004393 -0.10181118 0.30471007
v 4.42050993 -0.10177318 0.30470006
v 4.49053503 -0.15679017 0.32693009
v 4.48952892 -0.15832417 0.32755009
v 4.41892623 -0.10367818 0.30547015
v 4.41847093 -0.10374517 0.30550007
v 4.41745093 -0.10566918 0.30627005
v 4.41701353 -0.10575518 0.30631010
v 4.41567463 -0.10783518 0.30715005
v 4.41608413 -0.10774618 0.30711011
v 4.41445673 -0.10997818 0.30801015
v 4.41485253 -0.10986217 0.30797009
v 4.41374063 -0.11204117 0.30885009
v 4.41336183 -0.11217817 0.30890004
v 4.41239204 -0.11442717 0.30981009
v 4.41274864 -0.11428117 0.30975012
v 4.41188303 -0.11656518 0.31067006
v 4.41154873 -0.11671918 0.31074016
v 4.41083314 -0.11904917 0.31168012
v 4.41114973 -0.11887018 0.31161015
v 4.41024613 -0.12140917 0.31263010
v 4.41054404 -0.12120817 0.31255011
v 4.41006584 -0.12357917 0.31351010
v 4.40978894 -0.12379418 0.31360011
v 4.40946194 -0.12619818 0.31457011
v 4.40971503 -0.12598217 0.31448011
v 4.40926553 -0.12861317 0.31554012
v 4.40949553 -0.12838817 0.31545012
v 4.40919994 -0.13103417 0.31652014
v 4.40940733 -0.13080018 0.31643014
v 4.40926553 -0.13345618 0.31750016
v 4.40945023 -0.13321017 0.31740014
v 4.40946204 -0.13587218 0.31848006
v 4.40962213 -0.13560618 0.31837015
v 4.40978894 -0.13827517 0.31945006
v 4.40992273 -0.13798817 0.31933014
v 4.41691244 -0.15598118 0.32660011
v 4.41561323 -0.15391517 0.32577006
v 4.41567504 -0.15423418 0.32589010
v 4.41024623 -0.14066017 0.32041005
v 4.41035224 -0.14035717 0.32029013
v 4.41091394 -0.14272117 0.32124011
v 4.41083323 -0.14302018 0.32136015
v 4.49716662 -0.11904817 0.31168011
v 4.49709323 -0.11974617 0.31196014
v 4.49640803 -0.11742818 0.31102005
v 4.48795593 -0.16025817 0.32833008
v 4.48906442 -0.15877218 0.32773010
v 4.48627072 -0.16210917 0.32908014
v 4.48748623 -0.16067018 0.32849006
v 4.48447703 -0.16387018 0.32979015
v 4.48578413 -0.16249917 0.32923011
v 4.48257903 -0.16553418 0.33046011
v 4.48396833 -0.16424417 0.32994012
v 4.48058163 -0.16709617 0.33109013
v 4.48205873 -0.16588118 0.33060006
v 4.47849033 -0.16854817 0.33168010
v 4.48005523 -0.16741117 0.33122007
v 4.47631083 -0.16988317 0.33222012
v 4.47794053 -0.16884317 0.33180014
v 4.47404993 -0.17109717 0.33271007
v 4.47575223 -0.17015017 0.33232013
v 4.47171463 -0.17218317 0.33315007
v 4.47349043 -0.17132917 0.33280007
v 4.46931273 -0.17313617 0.33353011
v 4.47114833 -0.17238517 0.33323006
v 4.46685243 -0.17395117 0.33386008
v 4.46874533 -0.17330617 0.33360008
v 4.46434273 -0.17462417 0.33413010
v 4.46629453 -0.17408617 0.33391015
v 4.46179275 -0.17515117 0.33435015
v 4.46379593 -0.17472517 0.33417015
v 4.45921226 -0.17553017 0.33450011
v 4.46123965 -0.17522317 0.33437006
v 4.45661125 -0.17575817 0.33459012
v 4.45865543 -0.17557017 0.33451013
v 4.45399993 -0.17583417 0.33462004
v 4.45606283 -0.17576617 0.33459012
v 4.45138865 -0.17575817 0.33459012
v 4.45346161 -0.17581117 0.33461015
v 4.44878807 -0.17553017 0.33450011
v 4.45086947 -0.17570517 0.33457009
v 4.44620776 -0.17515117 0.33435015
v 4.44829044 -0.17544717 0.33446006
v 4.44365793 -0.17462417 0.33413010
v 4.44572450 -0.17504018 0.33430008
v 4.44114833 -0.17395117 0.33386008
v 4.44320193 -0.17448817 0.33408015
v 4.43868813 -0.17313617 0.33353011
v 4.44072143 -0.17379217 0.33380012
v 4.43628623 -0.17218417 0.33315007
v 4.43828313 -0.17295317 0.33346013
v 4.43395103 -0.17109817 0.33271007
v 4.43590023 -0.17197617 0.33306007
v 4.43169003 -0.16988416 0.33222012
v 4.43359303 -0.17087117 0.33262006
v 4.42951053 -0.16854917 0.33168010
v 4.43135483 -0.16963718 0.33212010
v 4.42741913 -0.16709717 0.33109013
v 4.42918573 -0.16827217 0.33157007
v 4.42542173 -0.16553518 0.33046011
v 4.42714233 -0.16682017 0.33098010
v 4.42352373 -0.16387118 0.32979015
v 4.42518773 -0.16525718 0.33035008
v 4.42172983 -0.16211017 0.32908014
v 4.42332183 -0.16358518 0.32967011
v 4.42004453 -0.16025918 0.32833008
v 4.42155544 -0.16181417 0.32896010
v 4.41847154 -0.15832517 0.32755009
v 4.41990143 -0.15995917 0.32821016
v 4.41701394 -0.15631417 0.32673005
v 4.41835383 -0.15801517 0.32742016
v 4.41445714 -0.15209117 0.32503013
v 4.41443163 -0.15178717 0.32491008
v 4.41336213 -0.14989217 0.32414011
v 4.41336784 -0.14959418 0.32402007
v 4.41239213 -0.14764317 0.32323007
v 4.41242264 -0.14734117 0.32311014
v 4.41154883 -0.14535018 0.32230012
v 4.41160414 -0.14504918 0.32218007
v 4.40901542 -0.14223025 0.28662209
v 4.40901182 -0.18510919 0.28661757
v 4.40900510 -0.13914498 0.28770010
v 4.40899922 -0.18510918 0.28770011
v 4.43179262 -0.18165051 0.24849062
v 4.43350450 -0.18235154 0.24754326
v 4.43342255 -0.18510938 0.24748616
v 4.43884469 -0.18332911 0.24521451
v 4.44063211 -0.18304020 0.24463920
v 4.43886716 -0.18429517 0.24517708
v 4.44252981 -0.18397553 0.24407761
v 4.44157669 -0.18510874 0.24430208
v 4.43998475 -0.18510922 0.24477308
v 4.44542776 -0.18510900 0.24342470
v 4.44384318 -0.18510915 0.24373727
v 4.44629010 -0.18423472 0.24329965
v 4.45400155 -0.18497423 0.24270003
v 4.45399872 -0.18510924 0.24268238
v 4.45125527 -0.18510934 0.24276273
v 4.44441701 -0.18440943 0.24363999
v 4.40927241 -0.13868807 0.27861981
v 4.40927149 -0.14253483 0.28166191
v 4.40910346 -0.13820144 0.28189902
v 4.40906613 -0.13355018 0.28651015
v 4.40909433 -0.13402317 0.28770010
v 4.40927252 -0.13683912 0.27543347
v 4.40952452 -0.13851012 0.27361231
v 4.40900763 -0.13194318 0.28034012
v 4.40900563 -0.13183018 0.27907006
v 4.40902034 -0.13474747 0.28175287
v 4.40900613 -0.13186018 0.27779011
v 4.40901626 -0.13231709 0.27604036
v 4.40930341 -0.13632936 0.27207689
v 4.40910432 -0.13396929 0.27389400
v 4.40914103 -0.13466718 0.27330010
v 4.40903073 -0.13276517 0.27524011
v 4.40905513 -0.13333018 0.27453010
v 4.40904493 -0.13312317 0.28531007
v 4.40902613 -0.13274446 0.28409116
v 4.40901183 -0.13214418 0.28160004
v 4.40952422 -0.14123599 0.27774541
v 4.40952313 -0.14410209 0.27973943
v 4.40910172 -0.14490821 0.28473894
v 4.40985379 -0.16493464 0.27905886
v 4.40985400 -0.15007524 0.27907734
v 4.41026873 -0.16905473 0.27716427
v 4.41076296 -0.16720001 0.27533369
v 4.41026883 -0.15143494 0.27721505
v 4.41640560 -0.16679991 0.26321785
v 4.41642573 -0.16150762 0.26317708
v 4.41750007 -0.16676768 0.26164870
v 4.42400868 -0.16786073 0.25432531
v 4.42544250 -0.16851343 0.25298921
v 4.42544935 -0.16929545 0.25312082
v 4.43351542 -0.17180902 0.24700503
v 4.43182312 -0.17140144 0.24823145
v 4.43182138 -0.17088887 0.24781195
v 4.43887650 -0.17362542 0.24419312
v 4.43883317 -0.17396570 0.24472074
v 4.43704088 -0.17311872 0.24516348
v 4.44067673 -0.17414356 0.24341302
v 4.44069377 -0.17441740 0.24393253
v 4.44442834 -0.17522901 0.24272637
v 4.44165145 -0.17438015 0.24289052
v 4.44314940 -0.17476971 0.24249415
v 4.44444147 -0.17508324 0.24219315
v 4.44632558 -0.17561887 0.24239700
v 4.44640476 -0.17547048 0.24181144
v 4.44820472 -0.17584448 0.24196963
v 4.45028044 -0.17594410 0.24131410
v 4.45135165 -0.17603118 0.24123006
v 4.45215699 -0.17607149 0.24118464
v 4.46011643 -0.17570327 0.24158685
v 4.45784125 -0.17598238 0.24154083
v 4.45820805 -0.17593633 0.24135260
v 4.45654355 -0.17604546 0.24122195
v 4.42695344 -0.16926193 0.25173132
v 4.42696189 -0.17019475 0.25191776
v 4.42255454 -0.16714422 0.25574021
v 4.42117873 -0.16947385 0.25717990
v 4.42117927 -0.16618466 0.25714641
v 4.42693700 -0.17193876 0.25198416
v 4.42542759 -0.17129453 0.25318508
v 4.43180389 -0.17285104 0.24870090
v 4.43177525 -0.17429115 0.24875741
v 4.43011778 -0.17343047 0.24976675
v 4.43356123 -0.17327780 0.24770455
v 4.43352527 -0.17492947 0.24779289
v 4.44068763 -0.17666835 0.24480073
v 4.43882350 -0.17589328 0.24544458
v 4.44068987 -0.17573049 0.24473600
v 4.45398911 -0.17731733 0.24262171
v 4.45593636 -0.17694228 0.24252658
v 4.45591846 -0.17755436 0.24273472
v 4.45977246 -0.17644214 0.24274950
v 4.46167597 -0.17651796 0.24322633
v 4.45978619 -0.17703308 0.24302070
v 4.47618500 -0.17207877 0.24856035
v 4.47448662 -0.17325648 0.24773006
v 4.47447495 -0.17238785 0.24743025
v 4.47274177 -0.17366536 0.24680190
v 4.47273004 -0.17288605 0.24642293
v 4.47615831 -0.17135355 0.24819688
v 4.47784059 -0.17095943 0.24944727
v 4.48101990 -0.16927449 0.25170926
v 4.47945565 -0.16990867 0.25045041
v 4.48102319 -0.16833941 0.25121216
v 4.48256460 -0.16776184 0.25270407
v 4.48257372 -0.16850629 0.25300376
v 4.48253982 -0.16681907 0.25199382
v 4.48544824 -0.16551971 0.25523738
v 4.48402881 -0.16631543 0.25372891
v 4.48543759 -0.16460217 0.25460021
v 4.48681490 -0.16483835 0.25683753
v 4.48679590 -0.16391739 0.25633685
v 4.48808138 -0.16217969 0.25736133
v 4.48807225 -0.16333973 0.25808422
v 4.49405767 -0.15161541 0.26160494
v 4.49445719 -0.15149380 0.26401917
v 4.49356940 -0.15279517 0.26176790
v 4.48679354 -0.16297374 0.25554804
v 4.48931011 -0.16106383 0.25896267
v 4.48809231 -0.16143458 0.25663893
v 4.48932025 -0.16002777 0.25798575
v 4.49048828 -0.15882193 0.25968472
v 4.49048746 -0.16028509 0.26083485
v 4.49158426 -0.15799616 0.26172344
v 4.49158717 -0.15709167 0.26082806
v 4.49260911 -0.15684409 0.26350955
v 4.49356926 -0.15353774 0.26318280
v 4.49260780 -0.15554425 0.26226048
v 4.49261253 -0.15476100 0.26108805
v 4.49526493 -0.15024641 0.26624135
v 4.49445766 -0.15239588 0.26536981
v 4.49526862 -0.15133044 0.26756016
v 4.49599438 -0.14935192 0.26882867
v 4.49665183 -0.14768265 0.27048532
v 4.49599829 -0.14779479 0.26646856
v 4.49526452 -0.14940154 0.26461891
v 4.49722477 -0.14503626 0.27094499
v 4.49664937 -0.14609411 0.26805726
v 4.49722394 -0.14379037 0.26804713
v 4.49814233 -0.14097359 0.27326921
v 4.49777447 -0.14148645 0.26865903
v 4.49812211 -0.13989812 0.26970188
v 4.49772663 -0.14278075 0.27167598
v 4.49890415 -0.13386425 0.27399949
v 4.49873078 -0.13601303 0.27230171
v 4.49880762 -0.13526618 0.27284006
v 4.49897262 -0.13268217 0.27537004
v 4.49895002 -0.13323117 0.27465013
v 4.49898474 -0.13225500 0.27618054
v 4.49872756 -0.13859610 0.27850942
v 4.49872767 -0.13680273 0.27535275
v 4.49889643 -0.13801422 0.28173462
v 4.49754682 -0.14245182 0.26801280
v 4.49898221 -0.13477614 0.28159443
v 4.49897954 -0.13287539 0.28453533
v 4.49898331 -0.14148741 0.28653458
v 4.49158622 -0.15634444 0.25970964
v 4.46914738 -0.17651649 0.24542396
v 4.46733726 -0.17780151 0.24477570
v 4.46730901 -0.17662052 0.24480061
v 4.44630911 -0.17742416 0.24339871
v 4.44436993 -0.17669579 0.24375908
v 4.44629197 -0.17695075 0.24335985
v 4.44255423 -0.17603480 0.24415223
v 4.44251947 -0.17662274 0.24424391
v 4.49263071 -0.17876300 0.26463250
v 4.49158174 -0.18022250 0.26293842
v 4.49159383 -0.17283857 0.26309733
v 4.49668515 -0.18510915 0.27339224
v 4.49600565 -0.17185924 0.27164582
v 4.49667755 -0.16087350 0.27361421
v 4.40901893 -0.13241617 0.28285007
v 4.40900913 -0.13201717 0.27689008
v 4.41027337 -0.14279599 0.27170221
v 4.40986309 -0.14036312 0.27200918
v 4.41026642 -0.14191953 0.26959161
v 4.40985873 -0.14296995 0.27601735
v 4.40909792 -0.18510918 0.28470950
v 4.40920393 -0.13538818 0.27275006
v 4.40968027 -0.13893903 0.27033453
v 4.41027586 -0.14470027 0.27431314
v 4.40985937 -0.14679010 0.27843921
v 4.40952376 -0.14758184 0.28089874
v 4.40926925 -0.14713595 0.28288500
v 4.40926142 -0.18510915 0.28282778
v 4.40950671 -0.18510918 0.28092091
v 4.40952009 -0.16756515 0.28093653
v 4.40985575 -0.18510919 0.27893226
v 4.41077451 -0.14453720 0.27010958
v 4.41027773 -0.14835485 0.27660398
v 4.41000956 -0.14059850 0.26924925
v 4.41077386 -0.14986807 0.27479152
v 4.41077224 -0.14679850 0.27294187
v 4.41076806 -0.15286271 0.27535646
v 4.41027697 -0.18510922 0.27701263
v 4.41076391 -0.18510923 0.27517896
v 4.41018484 -0.14137983 0.26872580
v 4.41090325 -0.14406131 0.26692538
v 4.41134830 -0.15357451 0.27348857
v 4.41057218 -0.14290943 0.26771252
v 4.41128976 -0.14529716 0.26608805
v 4.41134377 -0.14592327 0.26766734
v 4.41273264 -0.15025070 0.26625876
v 4.41200206 -0.14785811 0.26659183
v 4.41273939 -0.14940450 0.26459841
v 4.41200171 -0.14935779 0.26885383
v 4.41135108 -0.14878955 0.27154426
v 4.41134623 -0.14686286 0.26942067
v 4.41200326 -0.15151508 0.27058105
v 4.41132672 -0.16243725 0.27358656
v 4.41129708 -0.18510915 0.27344351
v 4.41273488 -0.15136048 0.26757459
v 4.41273036 -0.15264648 0.26862757
v 4.41134643 -0.15131148 0.27293842
v 4.41273377 -0.15421849 0.26941221
v 4.41201775 -0.15453624 0.27162914
v 4.41378567 -0.15129974 0.26183252
v 4.41354425 -0.15150213 0.26402621
v 4.41442251 -0.15353238 0.26321058
v 4.41441476 -0.15277251 0.26180701
v 4.41354440 -0.15265819 0.26568763
v 4.41354613 -0.15422053 0.26696556
v 4.41353769 -0.15562222 0.26770310
v 4.41199797 -0.16008534 0.27176206
v 4.41355386 -0.15754763 0.26816158
v 4.41352597 -0.16413901 0.26825564
v 4.41272397 -0.15947897 0.27001207
v 4.41199527 -0.17160763 0.27164619
v 4.41196539 -0.18510918 0.27157013
v 4.41218791 -0.14775365 0.26436786
v 4.41260899 -0.14879032 0.26364426
v 4.41442634 -0.15451612 0.26439099
v 4.41442368 -0.15568901 0.26533048
v 4.41443214 -0.15710016 0.26602774
v 4.41273647 -0.15596599 0.26986842
v 4.41270708 -0.18510923 0.26974098
v 4.41272570 -0.17352201 0.26984768
v 4.41529127 -0.15407189 0.25980298
v 4.41538070 -0.15475743 0.26111083
v 4.41538660 -0.15579515 0.26259069
v 4.41641208 -0.15708750 0.26082604
v 4.41538407 -0.15719444 0.26374786
v 4.41538549 -0.15844422 0.26438134
v 4.41539458 -0.16011495 0.26478724
v 4.41443987 -0.15885366 0.26645069
v 4.41353163 -0.17739745 0.26805060
v 4.41354036 -0.18510924 0.26791815
v 4.41644898 -0.15590520 0.25841777
v 4.41641086 -0.15634988 0.25973194
v 4.41752380 -0.15884603 0.25967781
v 4.41441868 -0.16413448 0.26653652
v 4.41536116 -0.16529956 0.26488655
v 4.41441660 -0.17153295 0.26642065
v 4.41442187 -0.17852970 0.26630251
v 4.41442395 -0.18510927 0.26619415
v 4.41537639 -0.18043020 0.26459329
v 4.41750727 -0.15788939 0.25837355
v 4.41867010 -0.16002094 0.25800161
v 4.41640812 -0.15978582 0.26277952
v 4.41537178 -0.17393199 0.26471357
v 4.41641271 -0.17304591 0.26308410
v 4.41542944 -0.18510930 0.26441448
v 4.41760116 -0.15757748 0.25715225
v 4.41868012 -0.15941288 0.25706916
v 4.41990280 -0.16143342 0.25664906
v 4.41642581 -0.15833879 0.26197855
v 4.41752604 -0.16032123 0.26082759
v 4.41866785 -0.16233353 0.25969176
v 4.41749398 -0.16164463 0.26142244
v 4.41640408 -0.17926885 0.26297920
v 4.41646454 -0.18510921 0.26276820
v 4.41750846 -0.18109059 0.26133768
v 4.41872050 -0.15904506 0.25600819
v 4.41991124 -0.16086761 0.25579469
v 4.42119761 -0.16280087 0.25535254
v 4.41750128 -0.16277520 0.26161246
v 4.41868737 -0.16388046 0.26005344
v 4.41750655 -0.17401572 0.26148908
v 4.41754080 -0.18510919 0.26120322
v 4.41867634 -0.16107074 0.25899606
v 4.41989330 -0.16215319 0.25738900
v 4.41990705 -0.16334667 0.25812058
v 4.41867727 -0.17448809 0.25993674
v 4.41867151 -0.16833552 0.26008718
v 4.41865933 -0.18081006 0.25981562
v 4.41866283 -0.18510921 0.25970952
v 4.42120062 -0.16225342 0.25453691
v 4.42260244 -0.16371562 0.25344853
v 4.42119926 -0.16350792 0.25604860
v 4.42255411 -0.16441687 0.25442676
v 4.42255211 -0.16513757 0.25501518
v 4.42120472 -0.16434407 0.25658337
v 4.41989336 -0.16475503 0.25854950
v 4.41990745 -0.16795155 0.25861018
v 4.41990242 -0.17484896 0.25845151
v 4.41990155 -0.18072398 0.25831001
v 4.41991842 -0.18510920 0.25817804
v 4.41980153 -0.16036209 0.25497870
v 4.42157217 -0.16231781 0.25342945
v 4.42395454 -0.16562485 0.25318937
v 4.42395729 -0.16645413 0.25384406
v 4.42117911 -0.16521531 0.25697069
v 4.42120808 -0.17509720 0.25700204
v 4.42119056 -0.18060566 0.25687604
v 4.42114684 -0.18510935 0.25680487
v 4.42254780 -0.16594999 0.25543730
v 4.42396141 -0.17060059 0.25445895
v 4.42251721 -0.17117677 0.25578682
v 4.42253920 -0.17679922 0.25560492
v 4.42252723 -0.18132418 0.25548928
v 4.42348898 -0.16420402 0.25189785
v 4.42544083 -0.16618427 0.25120167
v 4.42402165 -0.16499106 0.25226538
v 4.42543463 -0.16684217 0.25203029
v 4.42546465 -0.16765341 0.25261788
v 4.42394574 -0.17410195 0.25437062
v 4.42396700 -0.17760031 0.25424760
v 4.42395895 -0.18160078 0.25413924
v 4.42245673 -0.18510933 0.25545280
v 4.42545233 -0.16590075 0.25049798
v 4.42697235 -0.16747754 0.25032691
v 4.42694149 -0.16831485 0.25123743
v 4.42545476 -0.17456891 0.25306826
v 4.42543678 -0.17803927 0.25297421
v 4.42542577 -0.18170457 0.25287109
v 4.42385881 -0.18510939 0.25412553
v 4.42924424 -0.16869583 0.24812953
v 4.42857217 -0.16850018 0.24912242
v 4.42698994 -0.16710801 0.24948279
v 4.42852118 -0.16989213 0.25046436
v 4.42851457 -0.16909302 0.24993150
v 4.43013679 -0.17032237 0.24910943
v 4.42695734 -0.17496331 0.25188380
v 4.42694209 -0.17821277 0.25179070
v 4.42696079 -0.18153461 0.25166910
v 4.42529879 -0.18510922 0.25286727
v 4.42684766 -0.18510922 0.25163394
v 4.43015279 -0.16961818 0.24835817
v 4.42852588 -0.17082262 0.25075213
v 4.42852943 -0.17293511 0.25082700
v 4.42854019 -0.17784571 0.25065666
v 4.42854760 -0.18224257 0.25050550
v 4.42829786 -0.18510961 0.25057929
v 4.43039841 -0.16942672 0.24749593
v 4.43012706 -0.17093901 0.24946753
v 4.43015545 -0.17168275 0.24966745
v 4.43013017 -0.17822155 0.24960034
v 4.43013984 -0.18224009 0.24945837
v 4.42980054 -0.18510996 0.24957603
v 4.43181210 -0.17047729 0.24726180
v 4.43212726 -0.17043699 0.24660127
v 4.43528054 -0.17215186 0.24549035
v 4.43349180 -0.17137162 0.24643545
v 4.43382114 -0.17133220 0.24580125
v 4.43182119 -0.17206945 0.24856262
v 4.43178009 -0.17796587 0.24862688
v 4.43146836 -0.18510991 0.24855130
v 4.43826147 -0.17327549 0.24399261
v 4.43350907 -0.17248719 0.24748687
v 4.43349741 -0.17787845 0.24770193
v 4.43350373 -0.17995559 0.24762575
v 4.43660228 -0.17260417 0.24462263
v 4.43524963 -0.17247276 0.24603800
v 4.43527353 -0.17312621 0.24656956
v 4.43524627 -0.17376532 0.24682812
v 4.43523427 -0.17456649 0.24692790
v 4.43524574 -0.17576925 0.24692969
v 4.43522251 -0.17777786 0.24687128
v 4.43521854 -0.17989715 0.24679892
v 4.43524937 -0.18204335 0.24670880
v 4.43525226 -0.18453414 0.24662142
v 4.43702886 -0.17362371 0.24568443
v 4.43705952 -0.17435148 0.24601559
v 4.43704791 -0.17547800 0.24614517
v 4.43702053 -0.17699685 0.24611132
v 4.43883489 -0.17747294 0.24539881
v 4.43700074 -0.17828925 0.24607770
v 4.43701088 -0.17950364 0.24603502
v 4.43702192 -0.18094532 0.24598317
v 4.43882530 -0.17958800 0.24533765
v 4.43881342 -0.18071213 0.24530475
v 4.43700016 -0.18235652 0.24594633
v 4.43705974 -0.18358777 0.24588196
v 4.43706603 -0.18440983 0.24585323
v 4.43448578 -0.18510911 0.24696235
v 4.43998755 -0.17387826 0.24339907
v 4.43884782 -0.17487607 0.24529485
v 4.43882590 -0.17433497 0.24504285
v 4.43883220 -0.17865334 0.24536471
v 4.43884310 -0.18212835 0.24525194
v 4.43654472 -0.18510921 0.24603383
v 4.44067750 -0.17472274 0.24428158
v 4.44068216 -0.17514322 0.24455325
v 4.44065529 -0.17820532 0.24476795
v 4.44066565 -0.17951808 0.24472134
v 4.44063690 -0.18192945 0.24466448
v 4.44068026 -0.18078073 0.24468546
v 4.44068685 -0.18419366 0.24458556
v 4.43831649 -0.18510939 0.24534349
v 4.44253544 -0.17482238 0.24324302
v 4.44252620 -0.17509172 0.24361412
v 4.44253811 -0.17552026 0.24396019
v 4.44248966 -0.17747904 0.24424975
v 4.44251003 -0.17849364 0.24422054
v 4.44255929 -0.17944644 0.24418251
v 4.44256562 -0.18036697 0.24416106
v 4.44257549 -0.18122327 0.24413507
v 4.44249455 -0.18215490 0.24413221
v 4.44253132 -0.18293909 0.24410419
v 4.44439334 -0.17557370 0.24321728
v 4.44441665 -0.17604178 0.24355273
v 4.44441934 -0.17732243 0.24377959
v 4.44442795 -0.17816762 0.24375872
v 4.44441981 -0.17891843 0.24374573
v 4.44442757 -0.17965394 0.24372880
v 4.44441372 -0.18045510 0.24371700
v 4.44443161 -0.18115731 0.24369673
v 4.44441452 -0.18194289 0.24368684
v 4.44440310 -0.18287423 0.24367122
v 4.44438369 -0.18376214 0.24365823
v 4.44632578 -0.17603260 0.24293308
v 4.44631128 -0.17651717 0.24322979
v 4.44628010 -0.17819918 0.24338846
v 4.44630878 -0.17931380 0.24336521
v 4.44632716 -0.18066119 0.24334137
v 4.44635516 -0.18193949 0.24332063
v 4.44820618 -0.18176944 0.24305324
v 4.44633029 -0.18321461 0.24330811
v 4.45014392 -0.17617723 0.24202351
v 4.45015032 -0.17598253 0.24154048
v 4.45206093 -0.17617989 0.24164991
v 4.44835269 -0.17575919 0.24152510
v 4.45015648 -0.17647133 0.24238400
v 4.44821457 -0.17603826 0.24233262
v 4.44823704 -0.17632731 0.24264579
v 4.45013560 -0.17681366 0.24263696
v 4.44822560 -0.17665849 0.24287061
v 4.44822077 -0.17705550 0.24302320
v 4.44822063 -0.17748586 0.24309151
v 4.44820627 -0.17846707 0.24308972
v 4.44818263 -0.17950874 0.24308138
v 4.44822794 -0.18058223 0.24306290
v 4.44823369 -0.18268304 0.24303953
v 4.44821757 -0.18372912 0.24303655
v 4.44829268 -0.18458443 0.24302082
v 4.45205846 -0.17644800 0.24210446
v 4.45206570 -0.17694228 0.24252622
v 4.45011563 -0.17719177 0.24280398
v 4.45013701 -0.17764374 0.24287717
v 4.45013509 -0.17865101 0.24287014
v 4.45207200 -0.17757084 0.24273889
v 4.45016005 -0.17996600 0.24286120
v 4.45015145 -0.18203489 0.24285285
v 4.45010164 -0.18403322 0.24285178
v 4.44736275 -0.18510927 0.24312131
v 4.44984528 -0.18510992 0.24285917
v 4.45400138 -0.17645789 0.24201696
v 4.45206737 -0.17992630 0.24273996
v 4.45206755 -0.18198825 0.24273996
v 4.45207137 -0.18473912 0.24273853
v 4.45403250 -0.17610697 0.24114041
v 4.45316779 -0.17610218 0.24115007
v 4.45399588 -0.17622414 0.24161629
v 4.45592509 -0.17618623 0.24168615
v 4.45786817 -0.17611381 0.24190132
v 4.45400234 -0.17685122 0.24239712
v 4.45399945 -0.17772932 0.24269991
v 4.45978462 -0.17747165 0.24309222
v 4.45788639 -0.17737915 0.24284689
v 4.46188512 -0.17541976 0.24186663
v 4.45974880 -0.17582107 0.24189119
v 4.45592910 -0.17651623 0.24217515
v 4.45786200 -0.17634831 0.24225895
v 4.45787360 -0.17686107 0.24267678
v 4.45593235 -0.17982303 0.24273996
v 4.45593251 -0.18188494 0.24273996
v 4.45593271 -0.18394574 0.24273996
v 4.45629143 -0.18510988 0.24274652
v 4.45498675 -0.17609818 0.24115007
v 4.46166635 -0.17607140 0.24295895
v 4.46358676 -0.17541962 0.24303095
v 4.46360423 -0.17578410 0.24340110
v 4.45783253 -0.17775335 0.24287050
v 4.45980267 -0.17844790 0.24309079
v 4.46168991 -0.17797706 0.24338703
v 4.45787497 -0.17978828 0.24286942
v 4.45786696 -0.18096327 0.24286024
v 4.45782648 -0.18211507 0.24284868
v 4.45786045 -0.18406906 0.24284796
v 4.45977363 -0.18383098 0.24302964
v 4.45970650 -0.18473230 0.24301820
v 4.45820531 -0.18510965 0.24286346
v 4.45978686 -0.17604622 0.24234419
v 4.46357715 -0.17624999 0.24363725
v 4.45981638 -0.17942792 0.24308281
v 4.46165314 -0.17886133 0.24336724
v 4.45974329 -0.18043419 0.24306111
v 4.45980531 -0.18174829 0.24305587
v 4.45975731 -0.18275765 0.24303715
v 4.46166527 -0.17564040 0.24244122
v 4.46914455 -0.17422844 0.24496107
v 4.47097405 -0.17424967 0.24600916
v 4.46914761 -0.17488573 0.24529617
v 4.46169639 -0.17712773 0.24339132
v 4.46170414 -0.17957144 0.24336378
v 4.46168587 -0.18057316 0.24334948
v 4.46167412 -0.18188115 0.24332921
v 4.46166334 -0.18323899 0.24330668
v 4.46168198 -0.18431307 0.24329262
v 4.46121309 -0.18510956 0.24320440
v 4.46359406 -0.17518010 0.24261122
v 4.47574681 -0.17050859 0.24654476
v 4.47618107 -0.17059461 0.24746005
v 4.47434558 -0.17124827 0.24587957
v 4.46905352 -0.17367313 0.24422996
v 4.46732742 -0.17463856 0.24421148
v 4.46733329 -0.17425985 0.24370103
v 4.46545810 -0.17487977 0.24335150
v 4.46547316 -0.17533606 0.24383955
v 4.46547074 -0.17582623 0.24410336
v 4.46736071 -0.17514529 0.24457400
v 4.46356281 -0.17683647 0.24376230
v 4.46357301 -0.17789421 0.24376385
v 4.46358556 -0.18002255 0.24372380
v 4.46358186 -0.17899592 0.24374215
v 4.46545043 -0.17926670 0.24418776
v 4.46359288 -0.18096929 0.24370889
v 4.46360044 -0.18174552 0.24369519
v 4.46359333 -0.18245570 0.24367897
v 4.46357066 -0.18339921 0.24365728
v 4.46354254 -0.18442350 0.24363212
v 4.46471102 -0.18510944 0.24386112
v 4.46332132 -0.17514128 0.24214439
v 4.46648482 -0.17434318 0.24293010
v 4.46754652 -0.17402636 0.24324863
v 4.46509042 -0.17471234 0.24255733
v 4.47096873 -0.17312016 0.24517397
v 4.46548929 -0.17635719 0.24422161
v 4.46544770 -0.17723850 0.24423902
v 4.46546513 -0.17848454 0.24421446
v 4.46546358 -0.18013878 0.24417369
v 4.46545797 -0.18117607 0.24414496
v 4.46544243 -0.18210983 0.24411754
v 4.46543861 -0.18294638 0.24409668
v 4.46729800 -0.18318793 0.24461310
v 4.46733100 -0.18432591 0.24458735
v 4.46546100 -0.18402904 0.24407582
v 4.47292809 -0.17193749 0.24524609
v 4.47269006 -0.17224109 0.24564735
v 4.47130980 -0.17264170 0.24458615
v 4.46731358 -0.17569839 0.24473171
v 4.46735944 -0.17960065 0.24472837
v 4.46733522 -0.17868089 0.24474900
v 4.46915500 -0.17952504 0.24533145
v 4.46733703 -0.18068982 0.24469607
v 4.46730607 -0.18193906 0.24464719
v 4.47448581 -0.17138095 0.24642233
v 4.47447129 -0.17173629 0.24690823
v 4.47093376 -0.17355999 0.24560611
v 4.46912127 -0.17551169 0.24539010
v 4.47099288 -0.17742938 0.24610333
v 4.46916675 -0.17810341 0.24537854
v 4.47096107 -0.17923711 0.24603085
v 4.46915292 -0.18090204 0.24529068
v 4.46912576 -0.18207773 0.24524300
v 4.46917075 -0.18339566 0.24521904
v 4.46979775 -0.18510913 0.24538510
v 4.46784433 -0.18510928 0.24471621
v 4.46974423 -0.17327082 0.24399511
v 4.47102217 -0.17547312 0.24617641
v 4.47094900 -0.18092620 0.24597172
v 4.47274512 -0.18036767 0.24676530
v 4.47272838 -0.18216360 0.24669795
v 4.47094091 -0.18233915 0.24592249
v 4.47094815 -0.18357291 0.24588601
v 4.47132316 -0.18510957 0.24598388
v 4.47278907 -0.17467649 0.24694674
v 4.47275436 -0.17638128 0.24690788
v 4.47450179 -0.17473278 0.24780838
v 4.47448980 -0.17767307 0.24770121
v 4.47272379 -0.17862351 0.24681608
v 4.47274137 -0.18357002 0.24665229
v 4.47286250 -0.18510911 0.24665169
v 4.47756948 -0.16945083 0.24746971
v 4.47783560 -0.16963150 0.24836175
v 4.47449131 -0.18008719 0.24761991
v 4.47621544 -0.17893990 0.24858931
v 4.47450054 -0.18249121 0.24754207
v 4.47459265 -0.18510930 0.24749415
v 4.48307963 -0.16545343 0.25087051
v 4.48258401 -0.16608297 0.25105099
v 4.48162747 -0.16663274 0.24988214
v 4.47620879 -0.17276027 0.24870316
v 4.47624621 -0.17429432 0.24876956
v 4.47620924 -0.18259553 0.24845771
v 4.47639948 -0.18510936 0.24847690
v 4.48401066 -0.16535486 0.25286488
v 4.47783973 -0.17032107 0.24908475
v 4.47945560 -0.16911600 0.24991552
v 4.47785621 -0.17174658 0.24968855
v 4.47786066 -0.17352588 0.24975042
v 4.47786367 -0.17809174 0.24960188
v 4.47786917 -0.18217056 0.24946622
v 4.47803462 -0.18510937 0.24946813
v 4.47974785 -0.16801881 0.24870567
v 4.48106433 -0.16727399 0.25002496
v 4.47946162 -0.16850113 0.24917845
v 4.48104513 -0.16771292 0.25063805
v 4.47946594 -0.17086561 0.25075523
v 4.47949109 -0.17298894 0.25083916
v 4.47948597 -0.17790154 0.25067178
v 4.47949204 -0.18106436 0.25056962
v 4.47946364 -0.18422730 0.25044564
v 4.48103342 -0.18439723 0.25157074
v 4.48103885 -0.18161774 0.25166587
v 4.48003062 -0.18510928 0.25079731
v 4.48103897 -0.17019066 0.25191812
v 4.48106850 -0.17244487 0.25198273
v 4.48104986 -0.17662367 0.25183658
v 4.48105383 -0.17901509 0.25176016
v 4.48256706 -0.18182626 0.25286225
v 4.48403453 -0.18142534 0.25413934
v 4.48415228 -0.18510933 0.25413398
v 4.48241861 -0.18510937 0.25263182
v 4.48391885 -0.16471896 0.25147895
v 4.48256434 -0.16927225 0.25313083
v 4.48257230 -0.17110658 0.25318400
v 4.48256887 -0.17365315 0.25311736
v 4.48257656 -0.17741614 0.25300471
v 4.48541517 -0.16332569 0.25261537
v 4.48544691 -0.16384047 0.25373773
v 4.48403780 -0.16727939 0.25421135
v 4.48399855 -0.16828451 0.25437395
v 4.48404851 -0.17102114 0.25445811
v 4.48402454 -0.17509444 0.25431363
v 4.48402177 -0.17812345 0.25422374
v 4.48550998 -0.18510932 0.25541989
v 4.48544346 -0.18222638 0.25543539
v 4.48700598 -0.16169868 0.25391607
v 4.48681771 -0.16220725 0.25450830
v 4.48681575 -0.16592243 0.25711826
v 4.48546001 -0.16640303 0.25560026
v 4.48545285 -0.16729631 0.25574664
v 4.48545328 -0.16963764 0.25578646
v 4.48543067 -0.17246561 0.25569503
v 4.48543273 -0.17568623 0.25560752
v 4.48808336 -0.17456835 0.25844411
v 4.48680078 -0.17786641 0.25693814
v 4.48680312 -0.17421237 0.25703720
v 4.48545192 -0.17920277 0.25552777
v 4.48803865 -0.16054892 0.25483445
v 4.48812379 -0.16078998 0.25576357
v 4.48682279 -0.16812944 0.25718955
v 4.48681366 -0.17035853 0.25715140
v 4.48682275 -0.18510918 0.25677232
v 4.48679285 -0.18159541 0.25683240
v 4.48808689 -0.16478387 0.25852744
v 4.48810486 -0.16798595 0.25862650
v 4.48931628 -0.17568720 0.25990192
v 4.48807611 -0.18091500 0.25827936
v 4.48808692 -0.18510904 0.25818090
v 4.48932819 -0.15940281 0.25707785
v 4.48927883 -0.15904462 0.25600724
v 4.48931536 -0.16268196 0.25980393
v 4.49047245 -0.16166448 0.26137141
v 4.49048093 -0.16279800 0.26158790
v 4.48932714 -0.16422012 0.26008097
v 4.48933715 -0.16886304 0.26008610
v 4.48932744 -0.18106128 0.25979427
v 4.49048713 -0.17617969 0.26143459
v 4.48927041 -0.18510914 0.25962130
v 4.49045314 -0.15750278 0.25720803
v 4.49048602 -0.15789760 0.25836364
v 4.49050178 -0.16595671 0.26165454
v 4.49049975 -0.17027782 0.26157419
v 4.49049934 -0.18153889 0.26134066
v 4.49047099 -0.18510920 0.26121894
v 4.49151496 -0.15595903 0.25837390
v 4.49156994 -0.15945576 0.26261608
v 4.49159422 -0.16148905 0.26320736
v 4.49160388 -0.16652171 0.26323907
v 4.49259431 -0.18510932 0.26445667
v 4.49152154 -0.18510921 0.26274852
v 4.49237411 -0.15461453 0.25939147
v 4.49262201 -0.16008259 0.26481394
v 4.49261674 -0.15844240 0.26438622
v 4.49262784 -0.16521775 0.26486949
v 4.49262728 -0.17287712 0.26473097
v 4.49357743 -0.17413306 0.26636974
v 4.49357134 -0.18510922 0.26618246
v 4.49342615 -0.15281428 0.26072530
v 4.49357307 -0.15451243 0.26438502
v 4.49357952 -0.15706224 0.26604096
v 4.49357098 -0.15569111 0.26531724
v 4.49358010 -0.15881883 0.26648704
v 4.49358092 -0.16466602 0.26653270
v 4.49444419 -0.18510924 0.26788894
v 4.49445494 -0.15353333 0.26647560
v 4.49445987 -0.15492012 0.26738624
v 4.49446502 -0.15646903 0.26798479
v 4.49445802 -0.15804698 0.26821593
v 4.49447105 -0.16423286 0.26824681
v 4.49446194 -0.17279832 0.26810185
v 4.49487781 -0.14992828 0.26282863
v 4.49598219 -0.14732071 0.26468018
v 4.49526343 -0.15265616 0.26861242
v 4.49527410 -0.15885050 0.27000217
v 4.49526898 -0.15593615 0.26987902
v 4.49600707 -0.15447610 0.27169196
v 4.49526756 -0.15420155 0.26941089
v 4.49527244 -0.17292978 0.26985184
v 4.49524964 -0.18510924 0.26964024
v 4.49713305 -0.14393235 0.26701561
v 4.49599744 -0.15148280 0.27056579
v 4.49600347 -0.16000357 0.27176646
v 4.49601488 -0.18510918 0.27151433
v 4.49646854 -0.14601036 0.26558641
v 4.49665262 -0.14992539 0.27229754
v 4.49666121 -0.15306605 0.27348379
v 4.49724025 -0.16683618 0.27534691
v 4.49726456 -0.18510933 0.27527324
v 4.49722573 -0.14790668 0.27380506
v 4.49723012 -0.15070427 0.27501921
v 4.49723223 -0.15284693 0.27535728
v 4.49838637 -0.13850489 0.27062277
v 4.49847777 -0.13841293 0.27342442
v 4.49772506 -0.14464376 0.27426473
v 4.49772757 -0.14723849 0.27607934
v 4.49772986 -0.15030206 0.27715520
v 4.49773227 -0.16016453 0.27723411
v 4.49772895 -0.18510915 0.27704458
v 4.49814123 -0.14291277 0.27596084
v 4.49814211 -0.14562529 0.27787010
v 4.49814719 -0.14887915 0.27903072
v 4.49814831 -0.16010394 0.27910177
v 4.49814332 -0.18510919 0.27892439
v 4.49857364 -0.13729214 0.27142707
v 4.49847537 -0.14117668 0.27768473
v 4.49847739 -0.14405199 0.27972094
v 4.49847884 -0.14735762 0.28087465
v 4.49848127 -0.16036581 0.28098516
v 4.49848856 -0.18510918 0.28089551
v 4.49872798 -0.14244040 0.28160933
v 4.49873013 -0.14646348 0.28279594
v 4.49873242 -0.16052041 0.28288178
v 4.49889900 -0.14493246 0.28477386
v 4.49874426 -0.18510915 0.28287200
v 4.49890757 -0.18510925 0.28478102
v 4.49886832 -0.13454918 0.27340011
v 4.49898875 -0.18510917 0.28666500
v 4.49899392 -0.13184517 0.27794007
v 4.49899162 -0.13197818 0.27704004
v 4.49899422 -0.13182817 0.27906004
v 4.49899262 -0.13192018 0.28018013
v 4.49898932 -0.13208517 0.28129009
v 4.49898402 -0.13230618 0.28238014
v 4.49897612 -0.13257318 0.28347007
v 4.49899335 -0.13929940 0.28770009
v 4.49890552 -0.13402317 0.28770009
v 4.49900065 -0.18510918 0.28770010
v 4.49895012 -0.13322518 0.28561012
v 4.49893052 -0.13360617 0.28666011
v 4.45591500 -0.17724463 0.33273904
v 4.45400216 -0.17709918 0.33286683
v 4.45398624 -0.17761554 0.33270375
v 4.45977712 -0.17705366 0.33237747
v 4.45785443 -0.17701401 0.33266442
v 4.45784800 -0.17754367 0.33252840
v 4.40902723 -0.13268217 0.30003016
v 4.40901512 -0.13225500 0.29921965
v 4.40910794 -0.13467875 0.29911821
v 4.40904983 -0.13323117 0.30075006
v 4.42697430 -0.16819757 0.32428066
v 4.42696664 -0.16909620 0.32375077
v 4.42853366 -0.16977096 0.32499782
v 4.41077395 -0.14504380 0.30442957
v 4.41134624 -0.14592808 0.30774514
v 4.41077479 -0.14378578 0.30734543
v 4.41200014 -0.14765631 0.30931739
v 4.41134832 -0.14709439 0.30563109
v 4.41200223 -0.14853040 0.30764322
v 4.41052603 -0.14272817 0.30757014
v 4.41023456 -0.14157534 0.30680184
v 4.40952441 -0.14037045 0.29859953
v 4.40927220 -0.13859103 0.29689757
v 4.40927165 -0.14244085 0.29378812
v 4.41442956 -0.15450130 0.31104223
v 4.41442675 -0.15353695 0.31219713
v 4.41354517 -0.15266257 0.30971412
v 4.41642485 -0.15729127 0.31435184
v 4.41641471 -0.15634971 0.31569390
v 4.41537983 -0.15555987 0.31308119
v 4.41539117 -0.15686991 0.31186835
v 4.41751783 -0.15840664 0.31622808
v 4.41750744 -0.15948626 0.31511120
v 4.41868406 -0.16061672 0.31679349
v 4.41867777 -0.16208073 0.31581692
v 4.41991652 -0.16216891 0.31804125
v 4.42120652 -0.16297057 0.31985346
v 4.42120445 -0.16391302 0.31906502
v 4.42256185 -0.16460038 0.32079891
v 4.41442656 -0.15279879 0.31359999
v 4.41394463 -0.15162019 0.31379883
v 4.41354622 -0.15148095 0.31142454
v 4.42255370 -0.16552506 0.32016031
v 4.42398392 -0.16646656 0.32158391
v 4.42545405 -0.16712279 0.32312314
v 4.42541835 -0.16811770 0.32251946
v 4.43182733 -0.17145648 0.32713107
v 4.43017112 -0.17069353 0.32607464
v 4.43181603 -0.17207465 0.32684116
v 4.46917323 -0.17541481 0.32999818
v 4.47096041 -0.17455802 0.32933692
v 4.46917213 -0.17482831 0.33011310
v 4.47451638 -0.17205678 0.32815949
v 4.47620841 -0.17092750 0.32752542
v 4.47448536 -0.17149609 0.32877628
v 4.47620142 -0.17143975 0.32711546
v 4.46548793 -0.17473764 0.33231168
v 4.46357655 -0.17518630 0.33278613
v 4.46357620 -0.17550613 0.33225589
v 4.45019103 -0.17602047 0.33371644
v 4.45145626 -0.17604544 0.33417826
v 4.44979879 -0.17593664 0.33404819
v 4.44788435 -0.17570340 0.33381348
v 4.46914446 -0.17365601 0.33114258
v 4.46915738 -0.17393325 0.33071475
v 4.47098441 -0.17299738 0.33041314
v 4.48679917 -0.16599698 0.31828479
v 4.48810750 -0.16474735 0.31684951
v 4.48808829 -0.16332241 0.31729571
v 4.47948158 -0.16909593 0.32546930
v 4.47783562 -0.17025083 0.32636706
v 4.47947843 -0.16989137 0.32493512
v 4.49898143 -0.14154195 0.28891078
v 4.49889741 -0.14383555 0.29070083
v 4.49890202 -0.18510918 0.29068689
v 4.48545641 -0.18225943 0.31995122
v 4.48400005 -0.18428580 0.32137422
v 4.48529791 -0.18510924 0.32019703
v 4.47961016 -0.18510925 0.32488553
v 4.48112212 -0.18510930 0.32378762
v 4.47948657 -0.18234555 0.32487516
v 4.47784983 -0.18224908 0.32594840
v 4.47617397 -0.18440913 0.32702629
v 4.47762528 -0.18510969 0.32618921
v 4.47095456 -0.18450596 0.32954256
v 4.47274523 -0.18436690 0.32877319
v 4.47095828 -0.18355979 0.32951252
v 4.47191052 -0.18510932 0.32917468
v 4.46916321 -0.18367528 0.33019261
v 4.46732964 -0.18415181 0.33080845
v 4.46945823 -0.18510936 0.33014111
v 4.46545766 -0.18395816 0.33132509
v 4.46360984 -0.18443263 0.33175615
v 4.46643297 -0.18510965 0.33109478
v 4.46463890 -0.18510920 0.33155386
v 4.46166012 -0.18446283 0.33211546
v 4.46233066 -0.18510940 0.33201830
v 4.45981366 -0.18385634 0.33236258
v 4.46020812 -0.18510908 0.33233623
v 4.45816171 -0.18510913 0.33254377
v 4.45547702 -0.18475745 0.33268551
v 4.45606456 -0.18510905 0.33266406
v 4.45499424 -0.18498368 0.33269088
v 4.45453667 -0.18510952 0.33270554
v 4.48104764 -0.18162113 0.32372836
v 4.49900066 -0.18510918 0.28770010
v 4.49898819 -0.18510920 0.28877358
v 4.49899458 -0.14044006 0.28770009
v 4.49897328 -0.13737042 0.28769997
v 4.49897951 -0.13474634 0.29364756
v 4.49893372 -0.13355018 0.28889004
v 4.49895492 -0.13312317 0.29009012
v 4.49897374 -0.13274447 0.29130892
v 4.49889297 -0.13468961 0.29901830
v 4.49885882 -0.13466718 0.30210010
v 4.49872621 -0.13659928 0.30036346
v 4.49894472 -0.13333018 0.30087010
v 4.49890842 -0.13397417 0.30151013
v 4.49896912 -0.13276517 0.30016009
v 4.49898355 -0.13231709 0.29935983
v 4.49899372 -0.13186018 0.29761008
v 4.49899422 -0.13183018 0.29633013
v 4.49899222 -0.13194318 0.29506008
v 4.49898802 -0.13214418 0.29380015
v 4.49847565 -0.14125424 0.29763380
v 4.49872781 -0.13952183 0.29588047
v 4.49889694 -0.13781250 0.29409329
v 4.49890654 -0.13402314 0.28770009
v 4.49847599 -0.14526665 0.29509584
v 4.49773075 -0.15156383 0.29818539
v 4.49772353 -0.14887203 0.29864911
v 4.49723230 -0.15286810 0.30004171
v 4.49665071 -0.15354144 0.30191532
v 4.49722883 -0.15030848 0.30048159
v 4.49446138 -0.15786172 0.30719355
v 4.49527081 -0.15687568 0.30543200
v 4.49526058 -0.15509484 0.30571834
v 4.49261958 -0.15913472 0.31079272
v 4.49356456 -0.15882706 0.30894128
v 4.49356755 -0.15670256 0.30952183
v 4.49446443 -0.15640373 0.30743793
v 4.48930981 -0.16386687 0.31535057
v 4.48930897 -0.16210886 0.31582753
v 4.48545161 -0.16685187 0.31970636
v 4.48399103 -0.16785643 0.32107488
v 4.48544572 -0.16812330 0.31963317
v 4.48681134 -0.16476166 0.31860248
v 4.48104883 -0.16925795 0.32366673
v 4.48256461 -0.16847997 0.32241122
v 4.48256862 -0.16776540 0.32269828
v 4.48403187 -0.16644906 0.32157282
v 4.46355817 -0.17508334 0.33320706
v 4.46169460 -0.17559670 0.33304421
v 4.46492437 -0.17475534 0.33288793
v 4.45977132 -0.17594177 0.33321110
v 4.46159540 -0.17547056 0.33358865
v 4.46733962 -0.17423734 0.33174639
v 4.46731215 -0.17455263 0.33129053
v 4.43354537 -0.17257421 0.32790093
v 4.43352537 -0.17200166 0.32823269
v 4.41538511 -0.15476710 0.31428735
v 4.41274138 -0.15130618 0.30784051
v 4.40984086 -0.13978189 0.30562071
v 4.40985698 -0.14019849 0.30389802
v 4.41273981 -0.14952310 0.31045847
v 4.40927246 -0.13679210 0.30008094
v 4.40913153 -0.13454918 0.30199997
v 4.40908423 -0.13386417 0.30140011
v 4.40919223 -0.13526618 0.30256013
v 4.40926895 -0.13601298 0.30309848
v 4.43528651 -0.17288976 0.32898573
v 4.43526168 -0.17362808 0.32861285
v 4.43703050 -0.17451926 0.32934205
v 4.43699555 -0.17393605 0.32951430
v 4.44064384 -0.17538555 0.33072727
v 4.44256463 -0.17610414 0.33123367
v 4.44252224 -0.17560044 0.33139317
v 4.44820607 -0.17733955 0.33231049
v 4.45011119 -0.17737829 0.33255284
v 4.45012500 -0.17685843 0.33272401
v 4.45978301 -0.17747506 0.33230941
v 4.46170248 -0.17697121 0.33203642
v 4.41641204 -0.17291600 0.31231205
v 4.41537980 -0.17852303 0.31077413
v 4.41641234 -0.17995420 0.31244759
v 4.41751405 -0.17923784 0.31402962
v 4.41750888 -0.17153440 0.31386034
v 4.40985357 -0.17152454 0.29637830
v 4.40982245 -0.18510916 0.29630940
v 4.41026670 -0.17456486 0.29826705
v 4.40926758 -0.16184079 0.29252164
v 4.40925025 -0.18510915 0.29248469
v 4.40951669 -0.18510918 0.29452901
v 4.45400051 -0.17900544 0.33270006
v 4.45592129 -0.17769063 0.33266036
v 4.45206952 -0.17913685 0.33266001
v 4.45376291 -0.17907034 0.33270388
v 4.45118441 -0.18117288 0.33261649
v 4.45130456 -0.18085406 0.33262019
v 4.45016464 -0.18130292 0.33254258
v 4.45013714 -0.18045845 0.33254019
v 4.45013062 -0.18352031 0.33254985
v 4.45150537 -0.18376197 0.33264367
v 4.45133162 -0.18343960 0.33263187
v 4.45017457 -0.18422187 0.33255951
v 4.45171531 -0.18405531 0.33265452
v 4.44988366 -0.18510941 0.33254294
v 4.45189089 -0.18425443 0.33266215
v 4.45325695 -0.17915726 0.33269314
v 4.45304443 -0.17922298 0.33268932
v 4.45242552 -0.17952604 0.33267312
v 4.45275326 -0.17934373 0.33267776
v 4.45217693 -0.17970989 0.33266143
v 4.45005773 -0.17975229 0.33252244
v 4.45196771 -0.17989516 0.33264856
v 4.45171142 -0.18017736 0.33264010
v 4.45147065 -0.18052686 0.33263259
v 4.45105014 -0.18184112 0.33260910
v 4.45015948 -0.18222493 0.33255033
v 4.45104162 -0.18226794 0.33260993
v 4.45113513 -0.18289246 0.33262185
v 4.45302868 -0.18499090 0.33269064
v 4.45258952 -0.18479258 0.33268241
v 4.45193749 -0.18510905 0.33266418
v 4.45346319 -0.18510952 0.33270554
v 4.49898092 -0.13241617 0.29255012
v 4.49869760 -0.13634091 0.30333105
v 4.49879592 -0.13538818 0.30265013
v 4.49899072 -0.13201717 0.29851011
v 4.49772480 -0.14328917 0.30277566
v 4.49814090 -0.14020122 0.30391172
v 4.49777720 -0.14148355 0.30674449
v 4.49847476 -0.13851803 0.30178384
v 4.49814068 -0.14218853 0.30023364
v 4.49872828 -0.14369399 0.29323891
v 4.49873085 -0.14807107 0.29251090
v 4.49847796 -0.14848796 0.29447249
v 4.49831958 -0.13893896 0.30506555
v 4.49722548 -0.14507521 0.30438451
v 4.49737383 -0.14306986 0.30779723
v 4.49814144 -0.14569258 0.29743580
v 4.49814283 -0.14945177 0.29636542
v 4.49873869 -0.18510916 0.29257063
v 4.49847997 -0.16568907 0.29445032
v 4.49849546 -0.18510918 0.29446213
v 4.49772565 -0.14594091 0.30008761
v 4.49814854 -0.16594128 0.29632918
v 4.49814907 -0.18510920 0.29644910
v 4.49799027 -0.14059856 0.30615095
v 4.49722890 -0.14756573 0.30184964
v 4.49772845 -0.18510924 0.29836611
v 4.49773110 -0.16887599 0.29823402
v 4.49665077 -0.14712008 0.30560128
v 4.49665162 -0.14919456 0.30357877
v 4.49665774 -0.15121154 0.30248574
v 4.49723513 -0.18510925 0.30022601
v 4.49672881 -0.14524175 0.30927471
v 4.49665370 -0.14593542 0.30772547
v 4.49599443 -0.14787903 0.30879191
v 4.49526587 -0.15077023 0.30845932
v 4.49599828 -0.14912472 0.30683998
v 4.49723739 -0.16694372 0.30006341
v 4.49600802 -0.18510922 0.30389730
v 4.49666513 -0.18510924 0.30206457
v 4.49667371 -0.16234555 0.30181054
v 4.49525174 -0.14953256 0.31048957
v 4.49445788 -0.15239135 0.31004123
v 4.49599430 -0.15079821 0.30528835
v 4.49526841 -0.15194991 0.30728427
v 4.49526657 -0.15341752 0.30633608
v 4.49599599 -0.15277977 0.30424384
v 4.49599107 -0.15489095 0.30373088
v 4.49447334 -0.15121434 0.31180731
v 4.49357567 -0.15398853 0.31158212
v 4.49600073 -0.15996792 0.30364147
v 4.49600361 -0.17140290 0.30375377
v 4.49527123 -0.17038640 0.30551544
v 4.49581345 -0.14775015 0.31102995
v 4.49539116 -0.14878961 0.31175534
v 4.49375233 -0.15219372 0.31422201
v 4.49357480 -0.15313692 0.31285826
v 4.49262011 -0.15512887 0.31366030
v 4.49262974 -0.15442949 0.31494275
v 4.49446102 -0.15351441 0.30891374
v 4.49445508 -0.15493403 0.30801646
v 4.49528255 -0.18510924 0.30567733
v 4.49427821 -0.15117694 0.31347767
v 4.49262480 -0.15774368 0.31131295
v 4.49356522 -0.15511625 0.31050948
v 4.49261402 -0.15629298 0.31231645
v 4.49446242 -0.16319954 0.30715624
v 4.49446491 -0.17199503 0.30727795
v 4.49445765 -0.18510928 0.30747858
v 4.49165384 -0.15575542 0.31686643
v 4.49158961 -0.15634439 0.31568579
v 4.49048912 -0.15822444 0.31648818
v 4.49050631 -0.15758719 0.31762806
v 4.49159137 -0.15709091 0.31455365
v 4.49157499 -0.15922455 0.31290058
v 4.49158185 -0.15808294 0.31361512
v 4.49358191 -0.16479070 0.30886833
v 4.49262420 -0.17187070 0.31065718
v 4.49262218 -0.16493850 0.31053582
v 4.49159358 -0.16745786 0.31219569
v 4.49357804 -0.17694660 0.30907086
v 4.49361505 -0.18510924 0.30913726
v 4.49262163 -0.17980661 0.31079677
v 4.49307437 -0.15343779 0.31512944
v 4.49050058 -0.16049024 0.31444386
v 4.49048275 -0.15922884 0.31533412
v 4.49158376 -0.16046893 0.31241385
v 4.49261646 -0.16042694 0.31058005
v 4.49265186 -0.18510927 0.31084493
v 4.48932424 -0.16060264 0.31678752
v 4.49048674 -0.16174527 0.31398515
v 4.49158795 -0.16183022 0.31219343
v 4.49050552 -0.16733957 0.31375364
v 4.49050270 -0.17236480 0.31386343
v 4.49157463 -0.17611120 0.31239382
v 4.49158208 -0.18510927 0.31255785
v 4.49050484 -0.17885741 0.31399611
v 4.49036632 -0.15762799 0.31828586
v 4.48927895 -0.15904538 0.31939236
v 4.48932045 -0.15952484 0.31811158
v 4.48810074 -0.16141989 0.31875531
v 4.48810183 -0.16082168 0.31965319
v 4.48679757 -0.16235926 0.32065777
v 4.49048902 -0.16304892 0.31378356
v 4.48679743 -0.16315671 0.31966869
v 4.48680672 -0.16391152 0.31904856
v 4.48810610 -0.16215824 0.31800548
v 4.48933289 -0.16820923 0.31530348
v 4.48809382 -0.16792781 0.31678644
v 4.48809245 -0.17486335 0.31695477
v 4.48932501 -0.17416255 0.31545166
v 4.48934093 -0.18079129 0.31558386
v 4.49050489 -0.18510918 0.31412557
v 4.48947820 -0.18510917 0.31551031
v 4.48632262 -0.16242672 0.32205860
v 4.48544745 -0.16383577 0.32166473
v 4.48544718 -0.16441248 0.32097308
v 4.48544673 -0.16513676 0.32038454
v 4.48545182 -0.17475654 0.31974713
v 4.48679152 -0.17508369 0.31839827
v 4.48546850 -0.17119627 0.31963150
v 4.48809801 -0.18071006 0.31709055
v 4.48819431 -0.18510953 0.31708888
v 4.48820222 -0.16035769 0.32041792
v 4.48404361 -0.16562731 0.32220868
v 4.48681821 -0.16946896 0.31822315
v 4.48679407 -0.18050631 0.31853906
v 4.48688564 -0.18510929 0.31856433
v 4.48544558 -0.16594810 0.31996993
v 4.48543374 -0.17874491 0.31987708
v 4.48451431 -0.16420064 0.32349960
v 4.48255753 -0.16618741 0.32419483
v 4.48397416 -0.16499476 0.32313482
v 4.48403953 -0.17059479 0.32094030
v 4.48405490 -0.17409373 0.32102875
v 4.48403189 -0.17759130 0.32115344
v 4.48402213 -0.18088736 0.32125727
v 4.48256605 -0.18087512 0.32251028
v 4.48254660 -0.16590148 0.32490281
v 4.48102789 -0.16747759 0.32507030
v 4.48256867 -0.16697223 0.32323198
v 4.48104823 -0.16831883 0.32416991
v 4.48254912 -0.16929082 0.32228057
v 4.48255209 -0.17449280 0.32232229
v 4.48256727 -0.17808975 0.32242409
v 4.48251375 -0.18428821 0.32265631
v 4.48297667 -0.18510915 0.32230918
v 4.47875557 -0.16869589 0.32727079
v 4.47942446 -0.16850036 0.32628087
v 4.48101101 -0.16710696 0.32591657
v 4.48103944 -0.17019140 0.32348112
v 4.48256697 -0.17126215 0.32221977
v 4.48106451 -0.17193171 0.32341472
v 4.48104096 -0.17427015 0.32349377
v 4.48102522 -0.17656400 0.32358019
v 4.48104364 -0.17908511 0.32364659
v 4.47947334 -0.17082045 0.32464830
v 4.47946834 -0.17297398 0.32457487
v 4.47947404 -0.17795024 0.32473950
v 4.47786393 -0.17819420 0.32580237
v 4.47787774 -0.17343579 0.32563607
v 4.47618680 -0.17871376 0.32681910
v 4.47760123 -0.16942690 0.32790438
v 4.47785364 -0.16954927 0.32714860
v 4.47787316 -0.17093573 0.32593278
v 4.47784459 -0.17167915 0.32573251
v 4.47618728 -0.17053550 0.32803122
v 4.47587289 -0.17043686 0.32879869
v 4.47272097 -0.17215100 0.32990925
v 4.47417505 -0.17133378 0.32960049
v 4.47620930 -0.17415051 0.32664781
v 4.47617788 -0.17233579 0.32676307
v 4.47447373 -0.17283692 0.32777182
v 4.47446817 -0.17366682 0.32764618
v 4.47447564 -0.17511394 0.32761232
v 4.47450469 -0.17817428 0.32770447
v 4.47448393 -0.18046989 0.32779496
v 4.47449642 -0.18253673 0.32786183
v 4.47448283 -0.18458664 0.32794301
v 4.47544775 -0.18510924 0.32745438
v 4.47280583 -0.17199118 0.33020012
v 4.47275267 -0.17246450 0.32936982
v 4.47275869 -0.17300997 0.32888309
v 4.47268327 -0.17381829 0.32858734
v 4.47275145 -0.17527352 0.32845561
v 4.47277859 -0.17777308 0.32852832
v 4.47098784 -0.17949928 0.32936554
v 4.46917525 -0.17958347 0.33006219
v 4.46918672 -0.18070772 0.33009521
v 4.47275184 -0.17939437 0.32859652
v 4.47271108 -0.18077603 0.32866542
v 4.47273561 -0.18242564 0.32871048
v 4.47371151 -0.18510942 0.32834105
v 4.47128445 -0.17265495 0.33082286
v 4.47096639 -0.17337319 0.32993178
v 4.47095061 -0.17395915 0.32953470
v 4.47097604 -0.17552312 0.32924728
v 4.47097036 -0.17689513 0.32928877
v 4.47099914 -0.17828385 0.32932238
v 4.46357038 -0.17965049 0.33167164
v 4.46544075 -0.17944323 0.33121757
v 4.46357870 -0.17891540 0.33165471
v 4.47097325 -0.18090073 0.32941870
v 4.47097719 -0.18223380 0.32946246
v 4.46918208 -0.17432354 0.33035867
v 4.46918952 -0.17631356 0.32995204
v 4.46916457 -0.17747041 0.33000139
v 4.46734503 -0.17820156 0.33063201
v 4.46916739 -0.17864981 0.33003549
v 4.46915576 -0.18212188 0.33014850
v 4.46958893 -0.17331884 0.33145920
v 4.46651224 -0.17432359 0.33245949
v 4.46798867 -0.17388592 0.33200900
v 4.46731184 -0.17494562 0.33096533
v 4.46731105 -0.17544275 0.33072476
v 4.46735503 -0.17632331 0.33058481
v 4.46733875 -0.17710283 0.33060781
v 4.46733364 -0.17951343 0.33067886
v 4.46731756 -0.18077552 0.33071535
v 4.46736278 -0.18192367 0.33073561
v 4.46736755 -0.18303432 0.33076100
v 4.46545800 -0.17510359 0.33176939
v 4.46546792 -0.17558819 0.33140342
v 4.46544679 -0.17603357 0.33124750
v 4.46547940 -0.17662082 0.33115653
v 4.46550917 -0.17747616 0.33115057
v 4.46548958 -0.17849038 0.33117966
v 4.46543691 -0.18036394 0.33123843
v 4.46542536 -0.18121893 0.33126490
v 4.46550532 -0.18214976 0.33126799
v 4.46546798 -0.18293272 0.33129601
v 4.46357936 -0.17606855 0.33183579
v 4.46362788 -0.17669446 0.33164159
v 4.46358244 -0.17731790 0.33162014
v 4.46357145 -0.17816409 0.33164148
v 4.46359320 -0.18052920 0.33168296
v 4.46360992 -0.18145421 0.33169739
v 4.46361243 -0.18218389 0.33170979
v 4.46359740 -0.18286942 0.33172874
v 4.46361608 -0.18375697 0.33174185
v 4.46169134 -0.17599355 0.33249144
v 4.46168943 -0.17651438 0.33217053
v 4.46164350 -0.17745732 0.33201388
v 4.46170253 -0.17827404 0.33201818
v 4.46169049 -0.17931036 0.33203499
v 4.46167156 -0.18065745 0.33205895
v 4.46164524 -0.18195962 0.33208160
v 4.46170240 -0.18297812 0.33208327
v 4.46171991 -0.18370455 0.33209281
v 4.45966979 -0.17575161 0.33387129
v 4.45977045 -0.17631535 0.33276098
v 4.45784650 -0.17656848 0.33292524
v 4.45977363 -0.17665912 0.33252888
v 4.45424935 -0.17907149 0.33270184
v 4.45586536 -0.17913856 0.33266393
v 4.45981378 -0.17848840 0.33230977
v 4.45979777 -0.17943666 0.33231954
v 4.45973794 -0.18047351 0.33234076
v 4.45979168 -0.18176445 0.33234720
v 4.45976376 -0.18273561 0.33235780
v 4.45787155 -0.17605898 0.33362334
v 4.45819835 -0.17591125 0.33403663
v 4.45786208 -0.17624745 0.33327345
v 4.45593457 -0.17644367 0.33330087
v 4.45592517 -0.17682216 0.33296005
v 4.45789257 -0.17938353 0.33252816
v 4.45474045 -0.17915792 0.33268432
v 4.45786621 -0.17995466 0.33253472
v 4.45785853 -0.18088846 0.33254007
v 4.45694961 -0.18185351 0.33261745
v 4.45788545 -0.18272764 0.33254842
v 4.45788135 -0.18393220 0.33254890
v 4.45784583 -0.18466858 0.33256117
v 4.45531160 -0.17608008 0.33423798
v 4.45593644 -0.17615407 0.33380918
v 4.45708245 -0.17598594 0.33413927
v 4.45399815 -0.17645873 0.33338206
v 4.45539166 -0.17941915 0.33268563
v 4.45561051 -0.17955124 0.33267503
v 4.45586414 -0.17974212 0.33266620
v 4.45614631 -0.18001107 0.33264987
v 4.45638505 -0.18030671 0.33264260
v 4.45652755 -0.18052737 0.33262973
v 4.45665574 -0.18076765 0.33262079
v 4.45675857 -0.18101123 0.33261994
v 4.45685776 -0.18131452 0.33261017
v 4.45692273 -0.18163293 0.33260993
v 4.45696077 -0.18210609 0.33261077
v 4.45694619 -0.18242164 0.33260994
v 4.45690862 -0.18268519 0.33260934
v 4.45683806 -0.18299015 0.33262197
v 4.45672075 -0.18331938 0.33262638
v 4.45660156 -0.18357235 0.33262985
v 4.45644279 -0.18384146 0.33264319
v 4.45622400 -0.18412801 0.33265095
v 4.45597286 -0.18439033 0.33265941
v 4.45518480 -0.18490629 0.33269386
v 4.45396739 -0.17610694 0.33425980
v 4.45400376 -0.17622416 0.33378367
v 4.45207254 -0.17618546 0.33371596
v 4.45400909 -0.17674620 0.33308785
v 4.44442420 -0.17571150 0.33207194
v 4.44253902 -0.17510290 0.33176951
v 4.45521435 -0.17933009 0.33268027
v 4.45573694 -0.18458268 0.33267026
v 4.44611435 -0.17541980 0.33353357
v 4.44824981 -0.17582130 0.33350663
v 4.45206874 -0.17655914 0.33317451
v 4.45013377 -0.17635101 0.33313720
v 4.45207380 -0.17692990 0.33289044
v 4.45205250 -0.17729784 0.33272283
v 4.45206391 -0.17768540 0.33265976
v 4.45301310 -0.17609817 0.33425013
v 4.45016003 -0.17774973 0.33253006
v 4.45235785 -0.18465283 0.33267145
v 4.45206553 -0.18442329 0.33266013
v 4.44820555 -0.17601441 0.33310096
v 4.44631726 -0.17559803 0.33304791
v 4.44442170 -0.17541527 0.33237796
v 4.44633053 -0.17600044 0.33249299
v 4.44820523 -0.17631726 0.33275262
v 4.44632436 -0.17651535 0.33217411
v 4.44444531 -0.17619211 0.33178608
v 4.44823074 -0.17670827 0.33250252
v 4.44819638 -0.17844590 0.33230917
v 4.44818371 -0.17942548 0.33231740
v 4.44824632 -0.18045044 0.33233778
v 4.44819752 -0.18174605 0.33234494
v 4.45110571 -0.18147246 0.33260993
v 4.44823791 -0.18285573 0.33236257
v 4.45107496 -0.18258787 0.33260945
v 4.45123104 -0.18319567 0.33261971
v 4.44822865 -0.18382536 0.33237080
v 4.44791528 -0.18510948 0.33234565
v 4.43884675 -0.17472369 0.33016496
v 4.43885375 -0.17428524 0.33040182
v 4.44630431 -0.17712729 0.33200900
v 4.44631151 -0.17797542 0.33201341
v 4.44634790 -0.17885813 0.33203309
v 4.44629712 -0.17956826 0.33203654
v 4.44631495 -0.18056971 0.33205073
v 4.44632664 -0.18187369 0.33207111
v 4.44633743 -0.18323482 0.33209340
v 4.44634911 -0.18437986 0.33211331
v 4.44568591 -0.18510940 0.33202128
v 4.44441098 -0.17518277 0.33278434
v 4.43838208 -0.17330713 0.33144609
v 4.43885337 -0.17381210 0.33087579
v 4.44068237 -0.17429241 0.33164279
v 4.44443651 -0.17683556 0.33163767
v 4.44442681 -0.17789237 0.33163624
v 4.44441973 -0.17899299 0.33165828
v 4.44441577 -0.18002002 0.33167664
v 4.44254854 -0.17926363 0.33121209
v 4.44440908 -0.18096492 0.33169166
v 4.44440024 -0.18174132 0.33170513
v 4.44440752 -0.18244985 0.33172135
v 4.44442920 -0.18339251 0.33174280
v 4.44444059 -0.18439293 0.33176450
v 4.44385521 -0.18510914 0.33166103
v 4.44179091 -0.17443530 0.33255117
v 4.44467855 -0.17514126 0.33325581
v 4.44321723 -0.17479817 0.33292012
v 4.44253302 -0.17474525 0.33231370
v 4.44252774 -0.17678287 0.33115141
v 4.44253755 -0.17755568 0.33116738
v 4.44253501 -0.17848111 0.33118575
v 4.44066362 -0.17867724 0.33065085
v 4.44064264 -0.17959560 0.33067243
v 4.44253426 -0.18013441 0.33122591
v 4.44252527 -0.18093081 0.33124618
v 4.44069480 -0.18193353 0.33075325
v 4.44251788 -0.18176692 0.33126191
v 4.44252674 -0.18257630 0.33128659
v 4.44066939 -0.18433635 0.33081381
v 4.44255685 -0.18352245 0.33131699
v 4.44070121 -0.18318326 0.33078686
v 4.44250233 -0.18453856 0.33132784
v 4.44169993 -0.18510941 0.33113472
v 4.44045343 -0.17402629 0.33215157
v 4.43507174 -0.17193747 0.33015410
v 4.43530950 -0.17224119 0.32975189
v 4.43711601 -0.17292239 0.33065120
v 4.44068449 -0.17477558 0.33107297
v 4.43703651 -0.17337611 0.32993070
v 4.44062127 -0.17619827 0.33058207
v 4.44063831 -0.17744798 0.33060912
v 4.43883159 -0.17959407 0.33006399
v 4.43883011 -0.17817354 0.33002047
v 4.44066484 -0.18068426 0.33070461
v 4.43165808 -0.17016468 0.32855550
v 4.43029112 -0.16935172 0.32784800
v 4.43015561 -0.16980354 0.32679848
v 4.43883570 -0.17517021 0.33003490
v 4.43878479 -0.17615185 0.32993940
v 4.43885203 -0.17705650 0.32999436
v 4.43701473 -0.17737294 0.32929985
v 4.43703113 -0.18019458 0.32939569
v 4.43884685 -0.18089583 0.33010928
v 4.43887346 -0.18207256 0.33015684
v 4.43882882 -0.18338903 0.33018104
v 4.43864473 -0.18510930 0.33017282
v 4.43663336 -0.17262776 0.33079580
v 4.43703844 -0.17550177 0.32925228
v 4.43525548 -0.17656915 0.32850461
v 4.43527506 -0.17862036 0.32858364
v 4.43702824 -0.17901275 0.32935696
v 4.43702550 -0.18152721 0.32944123
v 4.43699982 -0.18324602 0.32948486
v 4.43698772 -0.18447268 0.32951765
v 4.43356274 -0.17138097 0.32901756
v 4.43182887 -0.17076045 0.32773296
v 4.43526189 -0.17423643 0.32851450
v 4.43525034 -0.17498128 0.32845943
v 4.43349942 -0.17472889 0.32759253
v 4.43351134 -0.17766780 0.32769958
v 4.43527266 -0.18077080 0.32865684
v 4.43349247 -0.18244244 0.32785301
v 4.43350779 -0.18007983 0.32777981
v 4.43527699 -0.18253586 0.32871787
v 4.43524707 -0.18439129 0.32876925
v 4.43465178 -0.18510941 0.32852034
v 4.43710690 -0.18510922 0.32960025
v 4.43325873 -0.17105322 0.32934288
v 4.43351462 -0.17325437 0.32767073
v 4.43179814 -0.17796478 0.32678382
v 4.43182529 -0.18168484 0.32692997
v 4.43357262 -0.18441561 0.32796447
v 4.43255890 -0.18510924 0.32745771
v 4.42853359 -0.16899770 0.32558922
v 4.43179122 -0.17275592 0.32669715
v 4.43175950 -0.17428660 0.32663386
v 4.43186334 -0.18454940 0.32705204
v 4.43088416 -0.18510922 0.32650534
v 4.43014384 -0.17174330 0.32571165
v 4.43013705 -0.17353939 0.32564882
v 4.43012625 -0.17811867 0.32579390
v 4.43013036 -0.18222139 0.32593612
v 4.42988018 -0.18510928 0.32587341
v 4.42828531 -0.16804493 0.32671539
v 4.42671290 -0.16689184 0.32573573
v 4.42692501 -0.16733667 0.32522277
v 4.42542947 -0.16633988 0.32395105
v 4.42550352 -0.16593222 0.32492654
v 4.42853751 -0.16849897 0.32622174
v 4.42853426 -0.17086285 0.32464508
v 4.42851094 -0.17304167 0.32456319
v 4.42852335 -0.17786461 0.32473354
v 4.42852330 -0.18137498 0.32484989
v 4.42859642 -0.18415693 0.32499390
v 4.42799066 -0.18510926 0.32461374
v 4.42695480 -0.16995884 0.32349722
v 4.42694178 -0.17186784 0.32341854
v 4.42696049 -0.17480160 0.32351153
v 4.42696882 -0.17744976 0.32360713
v 4.42542417 -0.17935465 0.32245402
v 4.42697452 -0.18092201 0.32372348
v 4.42660118 -0.18510981 0.32357316
v 4.42397260 -0.16563694 0.32222692
v 4.42543696 -0.16906782 0.32228128
v 4.42541827 -0.17122999 0.32220737
v 4.42542012 -0.17377110 0.32227867
v 4.42543186 -0.17655934 0.32237260
v 4.42544457 -0.18238118 0.32256548
v 4.42503200 -0.18510948 0.32230883
v 4.42461463 -0.16521161 0.32432608
v 4.42396484 -0.16493640 0.32309584
v 4.42258446 -0.16332612 0.32278506
v 4.42255369 -0.16383480 0.32166938
v 4.41751389 -0.15760920 0.31766514
v 4.41872284 -0.15904654 0.31939451
v 4.41752315 -0.15747599 0.31817083
v 4.42396622 -0.16745766 0.32114450
v 4.42400044 -0.16827854 0.32102541
v 4.42254619 -0.16963319 0.31961326
v 4.42254768 -0.16729098 0.31965415
v 4.42395015 -0.17046260 0.32093636
v 4.42394904 -0.17309897 0.32100395
v 4.42396173 -0.17649996 0.32111565
v 4.42395192 -0.17953013 0.32119434
v 4.42253817 -0.17978158 0.31987802
v 4.42118663 -0.17718513 0.31842868
v 4.42117276 -0.18122949 0.31851940
v 4.42396098 -0.18237128 0.32128457
v 4.42359132 -0.18510952 0.32103435
v 4.41648741 -0.15596231 0.31702880
v 4.42254722 -0.16640801 0.31980554
v 4.42256935 -0.17245635 0.31970529
v 4.42257370 -0.17551468 0.31979231
v 4.41989748 -0.17972405 0.31706349
v 4.41989537 -0.17368737 0.31691043
v 4.42239918 -0.18510902 0.31989222
v 4.41996082 -0.16054859 0.32056550
v 4.41989523 -0.16078650 0.31970720
v 4.42099128 -0.16169695 0.32148258
v 4.42118421 -0.16220290 0.32090561
v 4.41991317 -0.16143583 0.31876854
v 4.42120902 -0.16477224 0.31862680
v 4.42118761 -0.16589918 0.31828730
v 4.42117731 -0.16893371 0.31820504
v 4.42120434 -0.17284521 0.31833498
v 4.42107305 -0.18510955 0.31851594
v 4.41975037 -0.18510941 0.31702296
v 4.41868808 -0.15952676 0.31813566
v 4.41992044 -0.16332970 0.31730644
v 4.41991410 -0.16476715 0.31687502
v 4.41989323 -0.16798534 0.31676976
v 4.41867833 -0.16384456 0.31533663
v 4.41866472 -0.16844360 0.31530790
v 4.41752046 -0.16321618 0.31378536
v 4.41868582 -0.17506204 0.31548731
v 4.41867207 -0.18104868 0.31560556
v 4.41853444 -0.18510937 0.31552605
v 4.41752054 -0.16050287 0.31447856
v 4.41750598 -0.16172161 0.31398003
v 4.41630937 -0.18510935 0.31239478
v 4.41740937 -0.18510933 0.31400864
v 4.41641881 -0.15976184 0.31264858
v 4.41641812 -0.15857058 0.31326322
v 4.41640791 -0.16146987 0.31219678
v 4.41639588 -0.16651008 0.31216089
v 4.41562556 -0.15461408 0.31600837
v 4.41537619 -0.15842267 0.31101529
v 4.41537458 -0.16026664 0.31055252
v 4.41537452 -0.16683518 0.31056325
v 4.41538644 -0.17259278 0.31068651
v 4.41441960 -0.17268191 0.30899875
v 4.41531923 -0.18510933 0.31079332
v 4.41456874 -0.15280550 0.31466846
v 4.41443363 -0.15701640 0.30941205
v 4.41443076 -0.15567330 0.31009535
v 4.41442528 -0.15892331 0.30890243
v 4.41442162 -0.16491605 0.30887739
v 4.41440578 -0.18510936 0.30917124
v 4.41353653 -0.17276333 0.30729405
v 4.41354105 -0.15419357 0.30843179
v 4.41354175 -0.15562040 0.30770473
v 4.41353371 -0.15766878 0.30717580
v 4.41352929 -0.16426551 0.30715279
v 4.41272093 -0.16514894 0.30543260
v 4.41354444 -0.18510925 0.30748717
v 4.41312168 -0.14992741 0.31257097
v 4.41201678 -0.14731883 0.31071858
v 4.41273284 -0.15340264 0.30634312
v 4.41272788 -0.15507775 0.30569081
v 4.41272637 -0.15678773 0.30543069
v 4.41274439 -0.18510927 0.30574064
v 4.41086658 -0.14393153 0.30838399
v 4.41200448 -0.14998716 0.30593245
v 4.41200328 -0.15188053 0.30463962
v 4.41200062 -0.15364491 0.30395488
v 4.41199829 -0.15531486 0.30368654
v 4.41198947 -0.16016264 0.30361669
v 4.41132155 -0.16083367 0.30178289
v 4.41199198 -0.17276921 0.30376093
v 4.41199416 -0.18510921 0.30390315
v 4.41153174 -0.14601132 0.30981438
v 4.41134706 -0.14915625 0.30360107
v 4.41134784 -0.15120321 0.30251174
v 4.41133980 -0.15346552 0.30189614
v 4.41076819 -0.15283791 0.30004458
v 4.41075993 -0.16684584 0.30005340
v 4.41135094 -0.18510923 0.30211465
v 4.41076995 -0.14754439 0.30185954
v 4.41077152 -0.15026496 0.30049662
v 4.41076209 -0.18510924 0.30021731
v 4.41023272 -0.18510920 0.29821806
v 4.40961350 -0.13850490 0.30477755
v 4.40952338 -0.13829649 0.30250649
v 4.41027321 -0.14232739 0.30470543
v 4.41027568 -0.14389473 0.30196576
v 4.41027479 -0.14722482 0.29927532
v 4.41027102 -0.15073697 0.29823236
v 4.41026742 -0.15991130 0.29816548
v 4.40985879 -0.14214049 0.30028836
v 4.40985904 -0.14565476 0.29745786
v 4.40985390 -0.14972382 0.29630272
v 4.40951996 -0.14831156 0.29442303
v 4.40942622 -0.13729216 0.30397312
v 4.40952369 -0.14407490 0.29561309
v 4.40926980 -0.14646398 0.29260413
v 4.40910307 -0.13855278 0.29329638
v 4.40910082 -0.14493745 0.29062478
v 4.40909258 -0.18510926 0.29061990
v 4.40901855 -0.13644237 0.29181175
v 4.40901416 -0.14318451 0.28871624
v 4.40901100 -0.18510917 0.28873234
v 4.40900593 -0.13184517 0.29746012
v 4.40900823 -0.13197818 0.29836015
v 4.40900563 -0.13182817 0.29634015
v 4.40900723 -0.13192018 0.29522006
v 4.40901053 -0.13208517 0.29411010
v 4.40901583 -0.13230618 0.29302005
v 4.40901839 -0.13804437 0.28769986
v 4.40902373 -0.13257318 0.29193012
v 4.40899959 -0.14182418 0.28770010
v 4.40899922 -0.18510918 0.28770011
v 4.40903483 -0.13288018 0.29085009
v 4.40904973 -0.13322518 0.28979008
v 4.40906933 -0.13360617 0.28874008
v 4.40909433 -0.13402317 0.28770010
v 4.41385340 -0.11089336 0.30834429
v 4.41509290 -0.10859093 0.30741004
v 4.41518080 -0.10832487 0.30716805
v 4.41914688 -0.10262644 0.30487720
v 4.41961581 -0.10217404 0.30483715
v 4.42129047 -0.10022567 0.30399362
v 4.42136393 -0.10026833 0.30408625
v 4.43621043 -0.08981344 0.29983095
v 4.43866974 -0.08883942 0.29943661
v 4.43866641 -0.08878965 0.29931168
v 4.44114142 -0.08802726 0.29911463
v 4.44106138 -0.08800691 0.29900185
v 4.44360451 -0.08731816 0.29871980
v 4.44364344 -0.08733943 0.29882066
v 4.44591061 -0.08682757 0.29852657
v 4.42950002 -0.09352643 0.30136661
v 4.43156965 -0.09215921 0.30079309
v 4.42930910 -0.09351968 0.30131749
v 4.43626862 -0.08989231 0.29990415
v 4.43873077 -0.08891487 0.29951016
v 4.45399993 -0.08614020 0.29835383
v 4.45138780 -0.08631072 0.29845063
v 4.45399993 -0.08623512 0.29841844
v 4.41273911 -0.11326034 0.30929427
v 4.41275796 -0.11307527 0.30908267
v 4.41177405 -0.11567874 0.31026606
v 4.41084531 -0.11830531 0.31117837
v 4.41174387 -0.11560469 0.31009559
v 4.40934449 -0.12583401 0.31433992
v 4.40946625 -0.12615418 0.31456081
v 4.40975019 -0.12321580 0.31331210
v 4.40913276 -0.13366228 0.31752448
v 4.40906895 -0.13372361 0.31738214
v 4.40935471 -0.13625080 0.31856517
v 4.41178183 -0.14626562 0.32266120
v 4.41094142 -0.14392490 0.32167677
v 4.41172257 -0.14646532 0.32262162
v 4.41268471 -0.14889359 0.32359819
v 4.41280453 -0.14886858 0.32370893
v 4.41386780 -0.15118552 0.32463221
v 4.41378855 -0.15129270 0.32452742
v 4.41509643 -0.15349793 0.32556347
v 4.41642091 -0.15574867 0.32642190
v 4.41647859 -0.15562799 0.32644908
v 4.42173019 -0.16210852 0.32909183
v 4.41955847 -0.15996475 0.32812361
v 4.42127179 -0.16190237 0.32889883
v 4.42710789 -0.16713299 0.33097951
v 4.42713635 -0.16700052 0.33103184
v 4.42509248 -0.16547931 0.33036570
v 4.42934160 -0.16856605 0.33165685
v 4.42926544 -0.16865841 0.33158259
v 4.44618277 -0.17537498 0.33429997
v 4.44621218 -0.17525787 0.33436386
v 4.44364728 -0.17472332 0.33415119
v 4.45137264 -0.17595339 0.33456842
v 4.45138621 -0.17575426 0.33460073
v 4.44876388 -0.17567497 0.33450572
v 4.45399991 -0.17606907 0.33457235
v 4.45138009 -0.17604782 0.33440153
v 4.45399993 -0.17610984 0.33444015
v 4.45400015 -0.17582944 0.33463447
v 4.42003569 -0.16024723 0.32833282
v 4.41793532 -0.15784871 0.32730786
v 4.44876387 -0.17577548 0.33441942
v 4.44876814 -0.17580550 0.33431021
v 4.44877508 -0.17552834 0.33450154
v 4.44619004 -0.17543108 0.33416157
v 4.44618218 -0.17514734 0.33434408
v 4.44362719 -0.17486007 0.33407037
v 4.44362271 -0.17489894 0.33395116
v 4.44365955 -0.17462388 0.33413211
v 4.44115385 -0.17395043 0.33386640
v 4.44107702 -0.17415713 0.33382837
v 4.44109362 -0.17421946 0.33368008
v 4.43860732 -0.17324675 0.33353476
v 4.43860250 -0.17335903 0.33346001
v 4.43862434 -0.17340193 0.33335046
v 4.43867501 -0.17313013 0.33353190
v 4.43620274 -0.17228774 0.33314792
v 4.43615615 -0.17238333 0.33307115
v 4.43620776 -0.17244416 0.33295957
v 4.43628589 -0.17218402 0.33315019
v 4.43379507 -0.17112884 0.33269874
v 4.43380866 -0.17128906 0.33262698
v 4.43385154 -0.17135221 0.33251766
v 4.43394956 -0.17109766 0.33270721
v 4.43168778 -0.16988263 0.33222512
v 4.43150610 -0.16999156 0.33217124
v 4.43154722 -0.17012394 0.33202080
v 4.42938599 -0.16878355 0.33148507
v 4.42951088 -0.16854935 0.33168058
v 4.42726802 -0.16731315 0.33089940
v 4.42743297 -0.16710558 0.33109895
v 4.42540930 -0.16552348 0.33045952
v 4.42315654 -0.16370877 0.32968191
v 4.42522819 -0.16572637 0.33025722
v 4.42311242 -0.16381968 0.32957296
v 4.42352266 -0.16387002 0.32979063
v 4.42151659 -0.16226503 0.32885985
v 4.42339193 -0.16409617 0.32960014
v 4.41980706 -0.16037872 0.32809810
v 4.41790513 -0.15797476 0.32719843
v 4.41701394 -0.15631417 0.32673005
v 4.41846658 -0.15831875 0.32754819
v 4.41567504 -0.15423418 0.32589010
v 4.41677007 -0.15639984 0.32650212
v 4.41502502 -0.15359714 0.32543222
v 4.41831634 -0.15852617 0.32736007
v 4.41445870 -0.15209184 0.32503871
v 4.41336213 -0.14989217 0.32414011
v 4.41428284 -0.15226417 0.32484011
v 4.41550663 -0.15441718 0.32571010
v 4.41239213 -0.14764317 0.32323007
v 4.41318263 -0.15005518 0.32396011
v 4.41154883 -0.14535018 0.32230012
v 4.41083438 -0.14302356 0.32136313
v 4.41220804 -0.14779518 0.32305006
v 4.41089067 -0.14401466 0.32155458
v 4.41021588 -0.14148601 0.32056622
v 4.41136053 -0.14549217 0.32212011
v 4.41027505 -0.14139322 0.32065348
v 4.41024193 -0.14064141 0.32040755
v 4.41064134 -0.14315117 0.32118014
v 4.40973994 -0.13882784 0.31962291
v 4.40978994 -0.13827924 0.31944911
v 4.40962540 -0.13861781 0.31935195
v 4.40927691 -0.13614438 0.31835918
v 4.41005144 -0.14078017 0.32023005
v 4.40946220 -0.13587952 0.31848614
v 4.40926562 -0.13346183 0.31750445
v 4.40903993 -0.13105159 0.31645779
v 4.40899377 -0.13085600 0.31623857
v 4.40908859 -0.12826972 0.31519286
v 4.40919980 -0.13103283 0.31652264
v 4.40913489 -0.12842340 0.31541531
v 4.40926523 -0.12861951 0.31554620
v 4.40930709 -0.12585176 0.31422357
v 4.40959941 -0.12372089 0.31335942
v 4.40978862 -0.12379486 0.31360261
v 4.41083314 -0.11904917 0.31168012
v 4.41097680 -0.11812843 0.31127016
v 4.41024929 -0.12139122 0.31262843
v 4.41010853 -0.12114232 0.31232457
v 4.41026386 -0.12068049 0.31227772
v 4.41154873 -0.11671918 0.31074016
v 4.41238123 -0.11445026 0.30983512
v 4.41335062 -0.11220185 0.30890874
v 4.41444745 -0.10999464 0.30801813
v 4.41392079 -0.11062432 0.30809550
v 4.41566574 -0.10784794 0.30715875
v 4.41639689 -0.10637451 0.30638985
v 4.41701353 -0.10575518 0.30631010
v 4.41645564 -0.10640260 0.30653660
v 4.41798237 -0.10420714 0.30564658
v 4.41847093 -0.10374517 0.30550007
v 4.41742495 -0.10487906 0.30578260
v 4.42004393 -0.10181118 0.30471007
v 4.42172913 -0.09996017 0.30397014
v 4.42352151 -0.09819859 0.30325655
v 4.42103100 -0.10045771 0.30400471
v 4.42319145 -0.09836353 0.30328206
v 4.42324542 -0.09823852 0.30311314
v 4.42531390 -0.09642013 0.30238466
v 4.42511359 -0.09665556 0.30259411
v 4.42541364 -0.09653903 0.30258672
v 4.42716723 -0.09503154 0.30194239
v 4.42706136 -0.09505985 0.30183880
v 4.42742148 -0.09497021 0.30195133
v 4.42918328 -0.09356282 0.30123381
v 4.43382447 -0.09093093 0.30029158
v 4.43154894 -0.09210172 0.30064992
v 4.43044663 -0.09276618 0.30091016
v 4.43168910 -0.09218479 0.30082266
v 4.43397757 -0.09079848 0.30011968
v 4.43620248 -0.08976933 0.29970781
v 4.43396360 -0.09096461 0.30032865
v 4.44365581 -0.08744387 0.29891268
v 4.44114638 -0.08811764 0.29918114
v 4.44617668 -0.08692151 0.29870586
v 4.44619833 -0.08681988 0.29861442
v 4.44887146 -0.08652707 0.29854480
v 4.44880413 -0.08644443 0.29846994
v 4.44883457 -0.08639338 0.29834573
v 4.45140145 -0.08621029 0.29837386
v 4.45194014 -0.08613076 0.29824344
v 4.45399990 -0.08610633 0.29824034
v 4.45919969 -0.17581220 0.33431332
v 4.46085770 -0.17559156 0.33423440
v 4.46184918 -0.17541004 0.33422164
v 4.47652322 -0.17006014 0.33205883
v 4.47420318 -0.17128156 0.33262519
v 4.47408761 -0.17137640 0.33253376
v 4.48290471 -0.16544955 0.33038036
v 4.48485750 -0.16379505 0.32964090
v 4.48480499 -0.16372302 0.32969669
v 4.48487538 -0.16385416 0.32950584
v 4.48675319 -0.16196767 0.32877878
v 4.49004414 -0.15782749 0.32731775
v 4.49157808 -0.15575037 0.32642202
v 4.49097257 -0.15633010 0.32675306
v 4.49418936 -0.15125117 0.32458643
v 4.49413313 -0.15111353 0.32462100
v 4.49286937 -0.15346999 0.32556812
v 4.49518646 -0.14887170 0.32371215
v 4.49529681 -0.14887144 0.32362727
v 4.49422719 -0.15128831 0.32444719
v 4.49533610 -0.14891178 0.32349137
v 4.49825766 -0.13886256 0.31963257
v 4.49775209 -0.14143216 0.32064120
v 4.49833712 -0.13882946 0.31944219
v 4.45922678 -0.08643595 0.29845719
v 4.45661702 -0.08620178 0.29835037
v 4.45657098 -0.08630730 0.29845361
v 4.48952831 -0.10373972 0.30550603
v 4.48843643 -0.10218437 0.30481235
v 4.48794959 -0.10180094 0.30471102
v 4.45399992 -0.08614033 0.29835395
v 4.45399992 -0.08623512 0.29841844
v 4.45923461 -0.08641481 0.29836027
v 4.45929508 -0.08654613 0.29855386
v 4.46183290 -0.08682750 0.29862968
v 4.49155775 -0.10642609 0.30654613
v 4.49005587 -0.10422877 0.30562607
v 4.49527680 -0.11328969 0.30930034
v 4.49418500 -0.11088734 0.30828885
v 4.49460646 -0.11197152 0.30881671
v 4.49900587 -0.13110393 0.31633846
v 4.49888705 -0.12846353 0.31540016
v 4.49896005 -0.13107369 0.31645290
v 4.49880079 -0.13102961 0.31653372
v 4.49873546 -0.12863528 0.31555990
v 4.49865763 -0.12584364 0.31434230
v 4.49853354 -0.12615302 0.31456033
v 4.49888839 -0.13370108 0.31751434
v 4.49873386 -0.13347875 0.31751779
v 4.49864014 -0.13628940 0.31858257
v 4.49622447 -0.14645129 0.32269351
v 4.49707311 -0.14396221 0.32166008
v 4.49695186 -0.14399039 0.32174770
v 4.49186587 -0.15544521 0.32612292
v 4.49294985 -0.15355968 0.32551173
v 4.48870978 -0.15975555 0.32785992
v 4.48843269 -0.15998351 0.32812432
v 4.49009876 -0.15791706 0.32725124
v 4.48796947 -0.16024008 0.32833485
v 4.48671122 -0.16191073 0.32891027
v 4.45661370 -0.17585663 0.33460216
v 4.45921387 -0.17552770 0.33450607
v 4.45661011 -0.17575707 0.33459310
v 4.45399990 -0.17583321 0.33462279
v 4.45661885 -0.08618575 0.29827015
v 4.45399993 -0.08610819 0.29824011
v 4.46182107 -0.08679400 0.29850988
v 4.46179037 -0.08691722 0.29869942
v 4.46434465 -0.08744441 0.29891090
v 4.46437442 -0.08736586 0.29885260
v 4.46438220 -0.08731655 0.29872028
v 4.46682734 -0.08810840 0.29918043
v 4.46691529 -0.08803324 0.29911057
v 4.46690544 -0.08799922 0.29899995
v 4.46942743 -0.08896870 0.29953615
v 4.46938857 -0.08880963 0.29932241
v 4.47182072 -0.08977630 0.29971508
v 4.47165073 -0.08985470 0.29989377
v 4.47405157 -0.09097206 0.30033449
v 4.47417218 -0.09093160 0.30029134
v 4.47630984 -0.09218424 0.30082659
v 4.47644886 -0.09215222 0.30077926
v 4.47415919 -0.09087067 0.30015425
v 4.47645046 -0.09210482 0.30064968
v 4.47868816 -0.09352673 0.30132667
v 4.47849919 -0.09352567 0.30136648
v 4.47866622 -0.09346970 0.30119804
v 4.48084252 -0.09503096 0.30193785
v 4.48077690 -0.09494219 0.30178360
v 4.48057753 -0.09496912 0.30195168
v 4.48289614 -0.09666807 0.30260459
v 4.48288996 -0.09659917 0.30245010
v 4.48258061 -0.09653490 0.30258194
v 4.48481834 -0.09837897 0.30329517
v 4.48476315 -0.09826180 0.30312589
v 4.48447712 -0.09819799 0.30325380
v 4.48626314 -0.09995298 0.30396501
v 4.48651605 -0.10000227 0.30382470
v 4.48669141 -0.10023899 0.30403892
v 4.48813560 -0.10178695 0.30454460
v 4.49098592 -0.10575418 0.30631009
v 4.48978452 -0.10381600 0.30535689
v 4.49232482 -0.10783417 0.30715004
v 4.49354723 -0.10998116 0.30802397
v 4.49158931 -0.10637147 0.30642310
v 4.49287184 -0.10856804 0.30741504
v 4.49295348 -0.10857668 0.30730370
v 4.49114792 -0.10571217 0.30612007
v 4.49249322 -0.10780218 0.30696014
v 4.49463772 -0.11217717 0.30890003
v 4.49371702 -0.10995417 0.30783013
v 4.49561879 -0.11444929 0.30983642
v 4.49498105 -0.11248737 0.30883292
v 4.49623668 -0.11570799 0.31027762
v 4.49659757 -0.11657771 0.31048361
v 4.49579183 -0.11442318 0.30962006
v 4.49716662 -0.11904817 0.31168011
v 4.49769554 -0.12076275 0.31235174
v 4.49646115 -0.11674420 0.31076435
v 4.49705782 -0.11818221 0.31127409
v 4.49732146 -0.11891005 0.31142227
v 4.49775362 -0.12140917 0.31263009
v 4.49821110 -0.12379199 0.31360403
v 4.49777771 -0.12069405 0.31218747
v 4.49825497 -0.12324999 0.31332151
v 4.49837825 -0.12363235 0.31332699
v 4.49794843 -0.12143917 0.31245009
v 4.49871818 -0.12606763 0.31430630
v 4.49892761 -0.12853832 0.31530396
v 4.49896634 -0.13305955 0.31711522
v 4.49870531 -0.13631424 0.31842617
v 4.49853972 -0.13585732 0.31847051
v 4.49716673 -0.14302018 0.32136015
v 4.49775758 -0.14064272 0.32040874
v 4.49821295 -0.13826100 0.31944100
v 4.49629120 -0.14648395 0.32255022
v 4.49712079 -0.14399370 0.32152001
v 4.49777491 -0.14157022 0.32053677
v 4.49807433 -0.14021044 0.31999938
v 4.49645112 -0.14534917 0.32230012
v 4.49560805 -0.14764132 0.32323114
v 4.49588958 -0.14755944 0.32295386
v 4.49680704 -0.14498889 0.32192461
v 4.49463802 -0.14989118 0.32414011
v 4.49354312 -0.15209017 0.32503013
v 4.49232523 -0.15423318 0.32589010
v 4.49300732 -0.15355169 0.32536368
v 4.49011777 -0.15796033 0.32713358
v 4.49086403 -0.15691718 0.32672004
v 4.48952818 -0.15832552 0.32754854
v 4.48626819 -0.16211081 0.32908682
v 4.48753608 -0.16112416 0.32840971
v 4.48562707 -0.16312795 0.32921878
v 4.48447764 -0.16386957 0.32979027
v 4.48257903 -0.16553418 0.33046011
v 4.48056857 -0.16710422 0.33109824
v 4.48075759 -0.16707966 0.33106367
v 4.48084763 -0.16716651 0.33099250
v 4.48076268 -0.16729121 0.33088342
v 4.48298931 -0.16553510 0.33018283
v 4.47871158 -0.16854084 0.33164159
v 4.47872616 -0.16865115 0.33159224
v 4.47875887 -0.16869109 0.33145277
v 4.47849157 -0.16854746 0.33167926
v 4.47631146 -0.16988245 0.33223216
v 4.47648114 -0.17000019 0.33217219
v 4.47408290 -0.17118435 0.33272497
v 4.47755323 -0.16945316 0.33176009
v 4.47566276 -0.17056755 0.33220128
v 4.47404762 -0.17109855 0.33270923
v 4.47172377 -0.17217827 0.33315138
v 4.47177654 -0.17236419 0.33313123
v 4.47182471 -0.17243700 0.33294837
v 4.46938858 -0.17337265 0.33344463
v 4.46934798 -0.17326337 0.33354131
v 4.46438483 -0.17484370 0.33409541
v 4.46378823 -0.17504815 0.33401088
v 4.46930804 -0.17313616 0.33353476
v 4.46691417 -0.17409843 0.33386104
v 4.46699331 -0.17420819 0.33366351
v 4.46915547 -0.17347187 0.33337573
v 4.46685212 -0.17395062 0.33386187
v 4.46427517 -0.17463892 0.33414762
v 4.46560003 -0.17458817 0.33382015
v 4.46175848 -0.17532019 0.33435278
v 4.46177821 -0.17515413 0.33434908
v 4.45921414 -0.17572098 0.33448784
v 4.45661743 -0.17599117 0.33453898
v 4.45598754 -0.17606582 0.33442167
v 4.45399996 -0.17600932 0.33462159
v 4.45399991 -0.17611606 0.33444064
v 4.41257093 -0.14870171 0.26370756
v 4.41348807 -0.15071366 0.23220007
v 4.41362986 -0.15099012 0.26205735
v 4.43069675 -0.16960973 0.24733667
v 4.43187310 -0.17030988 0.23220007
v 4.43215968 -0.17045872 0.24658362
v 4.42935142 -0.16875818 0.24807004
v 4.42834457 -0.16809663 0.23220007
v 4.41654968 -0.15606602 0.25829761
v 4.41783711 -0.15790066 0.23220007
v 4.41854793 -0.15884721 0.25616924
v 4.42663026 -0.16683210 0.24971620
v 4.42542362 -0.16587118 0.25052015
v 4.42551540 -0.16595463 0.23220007
v 4.42341376 -0.16412331 0.23220007
v 4.42307139 -0.16380050 0.25222568
v 4.42190430 -0.16265798 0.25315337
v 4.42140898 -0.16214743 0.23220007
v 4.41983184 -0.16040663 0.25494627
v 4.42423077 -0.16485868 0.25135903
v 4.41956752 -0.16008849 0.23220007
v 4.42753193 -0.16751503 0.24914650
v 4.41482874 -0.15327110 0.23220007
v 4.41549570 -0.15441886 0.25954466
v 4.41418833 -0.15209150 0.26125424
v 4.43361097 -0.17122829 0.24589733
v 4.43497551 -0.17189594 0.23220007
v 4.43480859 -0.17181360 0.24536256
v 4.43673275 -0.17266784 0.24456851
v 4.43759483 -0.17301979 0.23220007
v 4.43832748 -0.17329662 0.24396936
v 4.41208791 -0.14752705 0.23220007
v 4.41222166 -0.14783979 0.26430742
v 4.41121386 -0.14507321 0.26624136
v 4.44032497 -0.17399046 0.33211129
v 4.43823393 -0.17325717 0.33329014
v 4.43818889 -0.17324479 0.33138041
v 4.44028372 -0.17397354 0.23220007
v 4.44141446 -0.17431267 0.24295931
v 4.43996349 -0.17386966 0.24340801
v 4.41056687 -0.14289055 0.26772527
v 4.41095338 -0.14424407 0.23220007
v 4.41006270 -0.14089204 0.23220007
v 4.41018481 -0.14137792 0.26872699
v 4.44290938 -0.17472672 0.23220007
v 4.44309244 -0.17476931 0.24250595
v 4.44059259 -0.17407191 0.33361165
v 4.44151503 -0.17434317 0.33247010
v 4.44422815 -0.17503718 0.24224012
v 4.41001196 -0.14061121 0.26924090
v 4.44564541 -0.17533199 0.23220007
v 4.44573223 -0.17534571 0.24193411
v 4.40971993 -0.13912717 0.27021007
v 4.44353243 -0.17488356 0.33394376
v 4.44297770 -0.17474074 0.33286219
v 4.44470432 -0.17514112 0.33325986
v 4.44710124 -0.17558026 0.24170189
v 4.40938207 -0.13702046 0.27161054
v 4.40944631 -0.13747231 0.23220007
v 4.44607114 -0.17540753 0.33352475
v 4.44642139 -0.17547351 0.33418314
v 4.44836854 -0.17576156 0.23220007
v 4.44864634 -0.17579018 0.24149005
v 4.40928053 -0.13612617 0.27222006
v 4.45021752 -0.17595241 0.24131994
v 4.40920393 -0.13538818 0.27275006
v 4.40913294 -0.13463688 0.23220007
v 4.40914103 -0.13466718 0.27330010
v 4.44918771 -0.17585706 0.33433359
v 4.44760021 -0.17565217 0.33377008
v 4.44914103 -0.17584992 0.33397273
v 4.40909143 -0.13397417 0.27389006
v 4.45113862 -0.17602354 0.23220007
v 4.45135165 -0.17603118 0.24123006
v 4.40905513 -0.13333018 0.27453010
v 4.40898648 -0.13110930 0.23220007
v 4.40903073 -0.13276517 0.27524011
v 4.45225950 -0.17607518 0.24118011
v 4.40901633 -0.13231718 0.27604012
v 4.40900913 -0.13201717 0.27689008
v 4.40900613 -0.13186018 0.27779011
v 4.45316779 -0.17610218 0.24115007
v 4.45390800 -0.17611510 0.23220007
v 4.45407734 -0.17610917 0.24114005
v 4.45143655 -0.17604087 0.33417647
v 4.45301310 -0.17609817 0.33425013
v 4.45179373 -0.17606026 0.33442001
v 4.45498675 -0.17609818 0.24115007
v 4.45770659 -0.17595618 0.24131005
v 4.45656664 -0.17603854 0.24122398
v 4.45679046 -0.17602985 0.23220007
v 4.45885467 -0.17585012 0.24142699
v 4.45967770 -0.17575470 0.23220007
v 4.46039964 -0.17565218 0.24163012
v 4.46301764 -0.17520944 0.23220007
v 4.46329487 -0.17514110 0.24214022
v 4.46192725 -0.17540933 0.24187510
v 4.46502262 -0.17474038 0.24253814
v 4.46648482 -0.17434318 0.24293010
v 4.46700041 -0.17420625 0.23220007
v 4.46767506 -0.17399012 0.24328904
v 4.46981072 -0.17324484 0.24401979
v 4.47101374 -0.17278501 0.23220007
v 4.47140261 -0.17261110 0.24461905
v 4.47180435 -0.17244295 0.33295516
v 4.46967237 -0.17329664 0.33143083
v 4.47126761 -0.17266805 0.33083157
v 4.47293682 -0.17193117 0.24525015
v 4.47319099 -0.17181358 0.33003775
v 4.47483482 -0.17100509 0.24610106
v 4.47485384 -0.17100182 0.23220007
v 4.47438851 -0.17122843 0.32950298
v 4.47376273 -0.17153717 0.33260004
v 4.47568611 -0.17054718 0.33219341
v 4.47583641 -0.17045925 0.32881812
v 4.47702346 -0.16977606 0.24718563
v 4.47725083 -0.16963718 0.32809011
v 4.47755323 -0.16945316 0.33176009
v 4.47863032 -0.16877427 0.32734172
v 4.47788060 -0.16925582 0.23220007
v 4.47967929 -0.16806988 0.24866359
v 4.47807362 -0.16912817 0.24775009
v 4.47912916 -0.16844783 0.33135382
v 4.48047564 -0.16750815 0.32624869
v 4.48021364 -0.16769361 0.23220007
v 4.48137959 -0.16682447 0.24972205
v 4.48167150 -0.16660192 0.33060781
v 4.48136876 -0.16683284 0.32568447
v 4.48243800 -0.16599088 0.23220007
v 4.48225240 -0.16613876 0.25030319
v 4.48257623 -0.16587118 0.32488004
v 4.48336837 -0.16521949 0.25106637
v 4.48452952 -0.16417746 0.23220007
v 4.48521161 -0.16353660 0.25244717
v 4.48605490 -0.16269586 0.32227854
v 4.48795061 -0.16066720 0.32065443
v 4.48549799 -0.16325907 0.32926861
v 4.48929419 -0.15903565 0.23220007
v 4.48952855 -0.15874883 0.25624446
v 4.48827995 -0.16026574 0.25505630
v 4.49249377 -0.15443221 0.31586627
v 4.49094130 -0.15682033 0.32667903
v 4.49148433 -0.15600818 0.31706015
v 4.49246187 -0.15448036 0.23220007
v 4.49346513 -0.15274701 0.26077489
v 4.49160961 -0.15583719 0.25847022
v 4.49388290 -0.15196309 0.23220007
v 4.49409278 -0.15154418 0.26165632
v 4.49497265 -0.14972469 0.26297454
v 4.49394011 -0.15185813 0.32467870
v 4.49388438 -0.15196123 0.31404797
v 4.49459247 -0.15055493 0.31302766
v 4.49509647 -0.14945205 0.23220007
v 4.49602384 -0.14722493 0.26474801
v 4.49613158 -0.14693458 0.23220007
v 4.49639308 -0.14622795 0.26543585
v 4.49705692 -0.14420995 0.23220007
v 4.49715543 -0.14386024 0.26706449
v 4.49756629 -0.14237688 0.26806299
v 4.49706590 -0.14420963 0.32160918
v 4.49702825 -0.14429351 0.30863193
v 4.49745859 -0.14279550 0.30761091
v 4.49794587 -0.14085146 0.23220007
v 4.49815899 -0.13978119 0.26977996
v 4.49784322 -0.14124618 0.26882008
v 4.49839341 -0.13847461 0.27064279
v 4.49857524 -0.13728690 0.27143065
v 4.49855956 -0.13743083 0.23220007
v 4.49873332 -0.13600118 0.27231006
v 4.49880762 -0.13526618 0.27284006
v 4.49886906 -0.13461019 0.23220007
v 4.49886832 -0.13454918 0.27340011
v 4.49891562 -0.13386417 0.27399997
v 4.49893372 -0.13355018 0.28889004
v 4.49895012 -0.13322518 0.28561012
v 4.49895492 -0.13312317 0.29009012
v 4.49901104 -0.13110932 0.31633667
v 4.49896912 -0.13276517 0.30016009
v 4.49898352 -0.13231718 0.29936007
v 4.49895002 -0.13323117 0.27465013
v 4.49885882 -0.13466718 0.30210010
v 4.49884596 -0.13490545 0.31786362
v 4.49879592 -0.13538818 0.30265013
v 4.49901211 -0.13110930 0.23220007
v 4.49897262 -0.13268217 0.27537004
v 4.49894472 -0.13333018 0.30087010
v 4.49890842 -0.13397417 0.30151013
v 4.49898402 -0.13230618 0.28238014
v 4.49898802 -0.13214418 0.29380015
v 4.49898092 -0.13241617 0.29255012
v 4.49898552 -0.13225518 0.27618007
v 4.49898932 -0.13208517 0.28129009
v 4.49899222 -0.13194318 0.29506008
v 4.49899162 -0.13197818 0.27704004
v 4.49899392 -0.13184517 0.27794007
v 4.49899072 -0.13201717 0.29851011
v 4.49899262 -0.13192018 0.28018013
v 4.49899422 -0.13182817 0.27906004
v 4.49899422 -0.13183018 0.29633013
v 4.49869738 -0.13634382 0.30333308
v 4.49844607 -0.13818867 0.31918458
v 4.49866962 -0.13655118 0.31852011
v 4.49795107 -0.14079782 0.30628375
v 4.49832326 -0.13892119 0.30505375
v 4.49785023 -0.14123636 0.32040612
v 4.49674340 -0.14520887 0.30925063
v 4.49569790 -0.14803425 0.31122819
v 4.49604182 -0.14715517 0.32279007
v 4.49510309 -0.14944341 0.32370679
v 4.49275497 -0.15399145 0.32554106
v 4.49095210 -0.15679877 0.23220007
v 4.49042576 -0.15754843 0.31822423
v 4.48917655 -0.15917963 0.31949572
v 4.48929102 -0.15904581 0.32757250
v 4.48746565 -0.16120658 0.32844059
v 4.48702819 -0.16169234 0.23220007
v 4.48700321 -0.16170407 0.25391249
v 4.48492670 -0.16380150 0.32317559
v 4.48364851 -0.16497059 0.32995931
v 4.48376800 -0.16485972 0.32404200
v 4.46658490 -0.17431272 0.33244102
v 4.46560003 -0.17458817 0.33382015
v 4.46490814 -0.17476977 0.33289413
v 4.46377170 -0.17503717 0.33316009
v 4.46391448 -0.17501174 0.33399622
v 4.46226626 -0.17534605 0.33346633
v 4.46130797 -0.17551217 0.33420006
v 4.46089824 -0.17558140 0.33369843
v 4.45935351 -0.17579017 0.33391015
v 4.45881592 -0.17585683 0.33433334
v 4.45778176 -0.17595233 0.33408027
v 4.45693593 -0.17601317 0.33440010
v 4.45664820 -0.17603117 0.33417015
v 4.45574035 -0.17607517 0.33422010
v 4.45473972 -0.17611100 0.33444027
v 4.45483206 -0.17610217 0.33425014
v 4.45392251 -0.17610917 0.33426015
v 4.45029326 -0.17595617 0.33409016
v 4.43621000 -0.17244916 0.33295766
v 4.43659698 -0.17261099 0.33078102
v 4.43506303 -0.17193117 0.33015005
v 4.43097025 -0.16977198 0.32821123
v 4.43316106 -0.17100325 0.32929734
v 4.43232993 -0.17055379 0.33219675
v 4.43044673 -0.16945316 0.33176009
v 4.42992623 -0.16912817 0.32765011
v 4.42821747 -0.16800168 0.32667736
v 4.42923483 -0.16868218 0.33145014
v 4.42747516 -0.16746761 0.33095495
v 4.42627128 -0.16655215 0.32545118
v 4.42577243 -0.16615417 0.33043007
v 4.42460972 -0.16519650 0.32431583
v 4.42249236 -0.16325110 0.32926504
v 4.42099834 -0.16170409 0.32148842
v 4.42278232 -0.16353088 0.32294838
v 4.42052768 -0.16120037 0.32843784
v 4.41971765 -0.16026477 0.32034258
v 4.41873986 -0.15908030 0.32758717
v 4.41856940 -0.15886775 0.31925062
v 4.41703634 -0.15679451 0.32666806
v 4.41626161 -0.15562912 0.23220007
v 4.41463002 -0.15292936 0.31475775
v 4.41647599 -0.15596390 0.31702654
v 4.41561274 -0.15458617 0.32578007
v 4.41390481 -0.15153583 0.31373839
v 4.41448365 -0.15260223 0.32497875
v 4.41360454 -0.15095518 0.32432012
v 4.41301860 -0.14970507 0.31241171
v 4.41278594 -0.14919885 0.32360617
v 4.41196995 -0.14721010 0.31064169
v 4.41195843 -0.14715517 0.32279007
v 4.41160123 -0.14621144 0.30995290
v 4.41113649 -0.14483111 0.32185737
v 4.41084466 -0.14385893 0.30833499
v 4.41049173 -0.14262127 0.32096354
v 4.41043351 -0.14237510 0.30733614
v 4.41015663 -0.14124618 0.30658011
v 4.41000933 -0.14059018 0.32015006
v 4.40984120 -0.13978260 0.30562119
v 4.40960682 -0.13847446 0.30475740
v 4.40948336 -0.13778260 0.31901936
v 4.40942479 -0.13728713 0.30396978
v 4.40926653 -0.13600118 0.30309014
v 4.40919223 -0.13526618 0.30256013
v 4.40915147 -0.13488548 0.31785540
v 4.40913153 -0.13454918 0.30199997
v 4.40908423 -0.13386417 0.30140011
v 4.40906933 -0.13360617 0.28874008
v 4.40904973 -0.13322518 0.28979008
v 4.40906613 -0.13355018 0.28651015
v 4.40904493 -0.13312317 0.28531007
v 4.40903483 -0.13288018 0.29085009
v 4.40902373 -0.13257318 0.29193012
v 4.40902963 -0.13274417 0.28409009
v 4.40901583 -0.13230618 0.29302005
v 4.40901893 -0.13241617 0.28285007
v 4.40900763 -0.13194318 0.28034012
v 4.40900723 -0.13192018 0.29522006
v 4.40900563 -0.13183018 0.27907006
v 4.40901053 -0.13208517 0.29411010
v 4.40901183 -0.13214418 0.28160004
v 4.40898986 -0.13110930 0.31633691
v 4.40909433 -0.13402317 0.28770010
v 4.40904983 -0.13323117 0.30075006
v 4.40902723 -0.13268217 0.30003016
v 4.40901433 -0.13225518 0.29922013
v 4.40900823 -0.13197818 0.29836015
v 4.40900593 -0.13184517 0.29746012
v 4.40900563 -0.13182817 0.29634015
v 4.42433821 -0.16495923 0.32995466
v 4.43423703 -0.17153717 0.33260004
v 4.46740355 -0.17407314 0.33361213
v 4.46803592 -0.17386973 0.33199232
v 4.46976603 -0.17325717 0.33329014
v 4.49890552 -0.13402317 0.28770009
v 4.49893052 -0.13360617 0.28666011
v 4.49896502 -0.13288018 0.28455011
v 4.49897022 -0.13274417 0.29131011
v 4.49897612 -0.13257318 0.28347007
v 4.49899372 -0.13186018 0.29761008
v 4.48579772 -0.16290718 0.23220007
v 4.48507122 -0.16366018 0.23220007
v 4.48381852 -0.16477118 0.23220007
v 4.42096652 -0.10055119 0.23220007
v 4.42220213 -0.09931119 0.23220007
v 4.42033822 -0.10129118 0.23220007
v 4.47726202 -0.16959418 0.23220007
v 4.47609412 -0.17031217 0.23220007
v 4.47489892 -0.17092718 0.23220007
v 4.47360492 -0.17161418 0.23220007
v 4.47245822 -0.17211519 0.23220007
v 4.46304367 -0.17519117 0.23220007
v 4.46210419 -0.17534218 0.23220007
v 4.46476462 -0.17477118 0.23220007
v 4.46737822 -0.17404317 0.23220007
v 4.46575952 -0.17454618 0.23220007
v 4.45671766 -0.17599618 0.23220007
v 4.45941909 -0.17575117 0.23220007
v 4.45750793 -0.17597217 0.23220007
v 4.40902203 -0.13251617 0.23220007
v 4.40903103 -0.13110918 0.23220007
v 4.40911283 -0.13382718 0.23220007
v 4.45329779 -0.17610418 0.23220007
v 4.45128264 -0.17599618 0.23220007
v 4.45399992 -0.17607818 0.23220007
v 4.40919703 -0.13531518 0.23220007
v 4.40935823 -0.13652818 0.23220007
v 4.44323562 -0.17477118 0.23220007
v 4.44589581 -0.17534218 0.23220007
v 4.44495699 -0.17519117 0.23220007
v 4.43554182 -0.17211618 0.23220007
v 4.43805622 -0.17315718 0.23220007
v 4.43695272 -0.17275518 0.23220007
v 4.41075123 -0.14354118 0.23220007
v 4.41033822 -0.14187417 0.23220007
v 4.41106662 -0.14448818 0.23220007
v 4.41299383 -0.14956818 0.23220007
v 4.41262412 -0.14880217 0.23220007
v 4.41195233 -0.14705318 0.23220007
v 4.41514713 -0.15381318 0.23220007
v 4.41418193 -0.15200817 0.23220007
v 4.41551483 -0.15437118 0.23220007
v 4.42220213 -0.16290718 0.23220007
v 4.42418172 -0.16477118 0.23220007
v 4.42292932 -0.16366118 0.23220007
v 4.41699223 -0.15665617 0.23220007
v 4.41860192 -0.15884418 0.23220007
v 4.41743802 -0.15734317 0.23220007
v 4.42950362 -0.16885818 0.23220007
v 4.42845332 -0.16811717 0.23220007
v 4.43073822 -0.16959518 0.23220007
v 4.43190822 -0.17031317 0.23220007
v 4.43310132 -0.17092817 0.23220007
v 4.41913852 -0.15956418 0.23220007
v 4.42033853 -0.16092817 0.23220007
v 4.42097093 -0.16167217 0.23220007
v 4.42720112 -0.16725918 0.23220007
v 4.42626542 -0.16650818 0.23220007
v 4.42500792 -0.16552518 0.23220007
v 4.41380532 -0.15134318 0.23220007
v 4.41160543 -0.14619918 0.23220007
v 4.43439592 -0.17161518 0.23220007
v 4.43957042 -0.17373318 0.23220007
v 4.44062222 -0.17404317 0.23220007
v 4.40976732 -0.13921418 0.23220007
v 4.41006372 -0.14083617 0.23220007
v 4.44224112 -0.17454618 0.23220007
v 4.40954492 -0.13809117 0.23220007
v 4.44858127 -0.17575117 0.23220007
v 4.44771011 -0.17566817 0.23220007
v 4.45049264 -0.17597217 0.23220007
v 4.40902153 -0.12971018 0.23220007
v 4.40911283 -0.12839217 0.23220007
v 4.40935823 -0.12569117 0.23220007
v 4.40919572 -0.12691618 0.23220007
v 4.40954282 -0.12413917 0.23220007
v 4.40976732 -0.12300518 0.23220007
v 4.46029051 -0.17566718 0.23220007
v 4.41033813 -0.12034517 0.23220007
v 4.41006223 -0.12138918 0.23220007
v 4.41075123 -0.11867618 0.23220007
v 4.41106653 -0.11773218 0.23220007
v 4.41160792 -0.11601119 0.23220007
v 4.41195222 -0.11516618 0.23220007
v 4.41262862 -0.11340518 0.23220007
v 4.41299372 -0.11265118 0.23220007
v 4.46994392 -0.17315718 0.23220007
v 4.46843022 -0.17373318 0.23220007
v 4.47104802 -0.17275518 0.23220007
v 4.41418162 -0.11021117 0.23220007
v 4.41445832 -0.10962818 0.23220007
v 4.41514553 -0.10840818 0.23220007
v 4.41699212 -0.10556318 0.23220007
v 4.41742982 -0.10488718 0.23220007
v 4.41860163 -0.10337518 0.23220007
v 4.41551472 -0.10784818 0.23220007
v 4.41587022 -0.10721118 0.23220007
v 4.47849742 -0.16885718 0.23220007
v 4.47954662 -0.16811717 0.23220007
v 4.41913083 -0.10266418 0.23220007
v 4.48173482 -0.16650718 0.23220007
v 4.48079942 -0.16725918 0.23220007
v 4.48299252 -0.16552518 0.23220007
v 4.42418142 -0.09744818 0.23220007
v 4.42293032 -0.09855617 0.23220007
v 4.42501422 -0.09668818 0.23220007
v 4.42626502 -0.09571119 0.23220007
v 4.48766161 -0.16092717 0.23220007
v 4.48702951 -0.16167117 0.23220007
v 4.42721012 -0.09495218 0.23220007
v 4.42845322 -0.09410217 0.23220007
v 4.48886181 -0.15956418 0.23220007
v 4.48939822 -0.15884418 0.23220007
v 4.43073782 -0.09262419 0.23220007
v 4.42951002 -0.09335618 0.23220007
v 4.49100771 -0.15665617 0.23220007
v 4.49056242 -0.15734317 0.23220007
v 4.43190462 -0.09190719 0.23220007
v 4.43310092 -0.09129117 0.23220007
v 4.49248511 -0.15437118 0.23220007
v 4.49212552 -0.15501418 0.23220007
v 4.43554162 -0.09010318 0.23220007
v 4.43438442 -0.09060918 0.23220007
v 4.49285372 -0.15381118 0.23220007
v 4.49381822 -0.15200817 0.23220007
v 4.49354402 -0.15258617 0.23220007
v 4.43694052 -0.08946818 0.23220007
v 4.43805592 -0.08906218 0.23220007
v 4.43956252 -0.08848818 0.23220007
v 4.44062162 -0.08817618 0.23220007
v 4.49537592 -0.14880217 0.23220007
v 4.49500611 -0.14956718 0.23220007
v 4.49604762 -0.14705318 0.23220007
v 4.44224012 -0.08767319 0.23220007
v 4.44323522 -0.08744818 0.23220007
v 4.49693341 -0.14448718 0.23220007
v 4.49639462 -0.14619818 0.23220007
v 4.44589565 -0.08687718 0.23220007
v 4.44496344 -0.08702618 0.23220007
v 4.49724881 -0.14354018 0.23220007
v 4.49766172 -0.14187417 0.23220007
v 4.44772185 -0.08654918 0.23220007
v 4.44858075 -0.08646817 0.23220007
v 4.49793631 -0.14083518 0.23220007
v 4.49823251 -0.13921317 0.23220007
v 4.49845511 -0.13809017 0.23220007
v 4.49864162 -0.13652818 0.23220007
v 4.45330032 -0.08611518 0.23220007
v 4.45128218 -0.08622219 0.23220007
v 4.45190140 -0.08615819 0.23220007
v 4.49880312 -0.13531418 0.23220007
v 4.49888702 -0.13382718 0.23220007
v 4.45469995 -0.08611518 0.23220007
v 4.45671720 -0.08622219 0.23220007
v 4.45399992 -0.08614018 0.23220007
v 4.45749616 -0.08624518 0.23220007
v 4.45941857 -0.08646817 0.23220007
v 4.46576012 -0.08767319 0.23220007
v 4.46737762 -0.08817618 0.23220007
v 4.46476422 -0.08744718 0.23220007
v 4.49845662 -0.12414019 0.23220007
v 4.49864162 -0.12569019 0.23220007
v 4.49823251 -0.12300518 0.23220007
v 4.47245802 -0.09010318 0.23220007
v 4.47361552 -0.09061019 0.23220007
v 4.47489852 -0.09129117 0.23220007
v 4.46994362 -0.08906218 0.23220007
v 4.47105972 -0.08946918 0.23220007
v 4.47726162 -0.09262419 0.23220007
v 4.47609572 -0.09190819 0.23220007
v 4.49248502 -0.10784718 0.23220007
v 4.49285451 -0.10840918 0.23220007
v 4.49381792 -0.11021018 0.23220007
v 4.48579772 -0.09931119 0.23220007
v 4.48381812 -0.09744818 0.23220007
v 4.48506952 -0.09855717 0.23220007
v 4.47848992 -0.09335717 0.23220007
v 4.47954652 -0.09410217 0.23220007
v 4.48298572 -0.09668918 0.23220007
v 4.48173442 -0.09571119 0.23220007
v 4.48939791 -0.10337418 0.23220007
v 4.48766132 -0.10129118 0.23220007
v 4.48886932 -0.10266418 0.23220007
v 4.49100762 -0.10556318 0.23220007
v 4.49057022 -0.10488718 0.23220007
v 4.48703331 -0.10055119 0.23220007
v 4.48078952 -0.09495318 0.23220007
v 4.49500602 -0.11265118 0.23220007
v 4.49419042 -0.11086818 0.23220007
v 4.49537092 -0.11340618 0.23220007
v 4.49604752 -0.11516517 0.23220007
v 4.49639141 -0.11601218 0.23220007
v 4.49693321 -0.11773118 0.23220007
v 4.49724811 -0.11867718 0.23220007
v 4.49766161 -0.12034517 0.23220007
v 4.46843802 -0.08848917 0.23220007
v 4.49793751 -0.12138918 0.23220007
v 4.46303680 -0.08702618 0.23220007
v 4.46210403 -0.08687718 0.23220007
v 4.49880411 -0.12691718 0.23220007
v 4.49888702 -0.12839217 0.23220007
v 4.46027880 -0.08655019 0.23220007
v 4.49897791 -0.12971018 0.23220007
v 4.49899992 -0.13110918 0.23220007
v 4.49896882 -0.13110918 0.23220007
v 4.49897782 -0.13251617 0.23220007
v 4.49891221 -0.13391818 0.23220007
v 4.49891271 -0.12831218 0.23220007
v 4.49865202 -0.12552617 0.23220007
v 4.49821832 -0.12276019 0.23220007
v 4.49761402 -0.12002818 0.23220007
v 4.49684051 -0.11733818 0.23220007
v 4.49590141 -0.11470118 0.23220007
v 4.49480042 -0.11212818 0.23220007
v 4.49354161 -0.10962818 0.23220007
v 4.49212971 -0.10721118 0.23220007
v 4.49136811 -0.10603718 0.23220007
v 4.48973702 -0.10376218 0.23220007
v 4.48796771 -0.10159418 0.23220007
v 4.48606702 -0.09953917 0.23220007
v 4.48404202 -0.09760718 0.23220007
v 4.48190112 -0.09580418 0.23220007
v 4.47965232 -0.09413718 0.23220007
v 4.47730402 -0.09261417 0.23220007
v 4.47486572 -0.09123918 0.23220007
v 4.47234662 -0.09001918 0.23220007
v 4.46975642 -0.08895817 0.23220007
v 4.46710532 -0.08806018 0.23220007
v 4.46440362 -0.08732918 0.23220007
v 4.46166147 -0.08676618 0.23220007
v 4.45888975 -0.08637617 0.23220007
v 4.45609920 -0.08615819 0.23220007
v 4.45050426 -0.08624518 0.23220007
v 4.44911070 -0.08637617 0.23220007
v 4.44633880 -0.08676618 0.23220007
v 4.44359682 -0.08732818 0.23220007
v 4.44089502 -0.08806018 0.23220007
v 4.43824372 -0.08895817 0.23220007
v 4.43565372 -0.09001918 0.23220007
v 4.43313452 -0.09123918 0.23220007
v 4.43069592 -0.09261317 0.23220007
v 4.42834772 -0.09413618 0.23220007
v 4.42609872 -0.09580319 0.23220007
v 4.42395762 -0.09760618 0.23220007
v 4.42193303 -0.09953818 0.23220007
v 4.42003232 -0.10159318 0.23220007
v 4.41826292 -0.10376218 0.23220007
v 4.41663192 -0.10603718 0.23220007
v 4.41380923 -0.11086818 0.23220007
v 4.41319923 -0.11212718 0.23220007
v 4.41209792 -0.11470118 0.23220007
v 4.41115882 -0.11733718 0.23220007
v 4.41038572 -0.12002718 0.23220007
v 4.40978103 -0.12276019 0.23220007
v 4.40934753 -0.12552517 0.23220007
v 4.40908692 -0.12831218 0.23220007
v 4.40899992 -0.13110918 0.23220007
v 4.40908762 -0.13391818 0.23220007
v 4.40934943 -0.13670619 0.23220007
v 4.40978302 -0.13946817 0.23220007
v 4.41038653 -0.14219418 0.23220007
v 4.41115762 -0.14487618 0.23220007
v 4.41209433 -0.14750817 0.23220007
v 4.41319463 -0.15008118 0.23220007
v 4.41445682 -0.15258817 0.23220007
v 4.41587503 -0.15501518 0.23220007
v 4.41663882 -0.15619218 0.23220007
v 4.41827133 -0.15846717 0.23220007
v 4.42003843 -0.16063217 0.23220007
v 4.42193452 -0.16268117 0.23220007
v 4.42395372 -0.16460917 0.23220007
v 4.42609032 -0.16640917 0.23220007
v 4.42833852 -0.16807517 0.23220007
v 4.43069272 -0.16960318 0.23220007
v 4.43314242 -0.17098417 0.23220007
v 4.43566592 -0.17220517 0.23220007
v 4.43825422 -0.17326518 0.23220007
v 4.44089952 -0.17416018 0.23220007
v 4.44359382 -0.17489018 0.23220007
v 4.44632933 -0.17545118 0.23220007
v 4.44909820 -0.17584217 0.23220007
v 4.45189353 -0.17606018 0.23220007
v 4.45470380 -0.17610418 0.23220007
v 4.45610792 -0.17606018 0.23220007
v 4.45890221 -0.17584118 0.23220007
v 4.46167101 -0.17545118 0.23220007
v 4.46440642 -0.17488919 0.23220007
v 4.46710072 -0.17416018 0.23220007
v 4.46974582 -0.17326518 0.23220007
v 4.47233412 -0.17220517 0.23220007
v 4.47485752 -0.17098417 0.23220007
v 4.47730722 -0.16960318 0.23220007
v 4.47966142 -0.16807517 0.23220007
v 4.48190972 -0.16640917 0.23220007
v 4.48404642 -0.16460917 0.23220007
v 4.48606562 -0.16268117 0.23220007
v 4.48796172 -0.16063217 0.23220007
v 4.48972891 -0.15846717 0.23220007
v 4.49136162 -0.15619118 0.23220007
v 4.49419481 -0.15134218 0.23220007
v 4.49480542 -0.15008018 0.23220007
v 4.49590561 -0.14750817 0.23220007
v 4.49684232 -0.14487618 0.23220007
v 4.49761341 -0.14219318 0.23220007
v 4.49821692 -0.13946717 0.23220007
v 4.49865051 -0.13670619 0.23220007
v 4.49855184 -0.12474103 0.23220007
v 4.49875906 -0.12642645 0.31445245
v 4.49886046 -0.12750780 0.23220007
v 4.49896357 -0.12917965 0.31556145
v 4.49354160 -0.10960844 0.23220007
v 4.49352148 -0.10962927 0.30769626
v 4.49439532 -0.11126418 0.30835012
v 4.48912149 -0.10296292 0.30501286
v 4.48793973 -0.10153950 0.23220007
v 4.48729776 -0.10082654 0.30415479
v 4.49013320 -0.10427949 0.23220007
v 4.48347835 -0.09710304 0.23220007
v 4.48430825 -0.09783624 0.30295101
v 4.48553781 -0.09900290 0.23220007
v 4.48222743 -0.09606418 0.30224005
v 4.47663076 -0.09220846 0.23220007
v 4.47569660 -0.09167934 0.30047933
v 4.47755313 -0.09276618 0.30091015
v 4.47901338 -0.09369525 0.23220007
v 4.47876503 -0.09353618 0.30122010
v 4.48053731 -0.09476017 0.30171875
v 4.47180303 -0.08977407 0.29971472
v 4.47376283 -0.09068118 0.30007008
v 4.47417572 -0.09087998 0.23220007
v 4.46232785 -0.08687891 0.29854731
v 4.46037613 -0.08654882 0.23220007
v 4.45985730 -0.08649218 0.29839007
v 4.46379962 -0.08718429 0.23220007
v 4.45682888 -0.08619246 0.23220007
v 4.45541271 -0.08612027 0.29823987
v 4.45693576 -0.08620518 0.29827015
v 4.45839955 -0.08632518 0.29832010
v 4.45106393 -0.08620518 0.29827015
v 4.45253025 -0.08613318 0.29824011
v 4.45047496 -0.08623266 0.23220007
v 4.44814242 -0.08649218 0.29839007
v 4.44624767 -0.08676703 0.23220007
v 4.44567051 -0.08687935 0.29854755
v 4.44060099 -0.08814568 0.29905752
v 4.44281889 -0.08751491 0.23220007
v 4.44009628 -0.08830587 0.23220007
v 4.43385983 -0.09086180 0.23220007
v 4.43136982 -0.09220715 0.23220007
v 4.43230867 -0.09167616 0.30047802
v 4.43423713 -0.09068118 0.30007009
v 4.43618130 -0.08978153 0.29971747
v 4.42898906 -0.09369267 0.23220007
v 4.42923523 -0.09353618 0.30122010
v 4.43044663 -0.09276618 0.30091016
v 4.42746377 -0.09475931 0.30171839
v 4.42577203 -0.09606418 0.30224006
v 4.42670074 -0.09532863 0.23220007
v 4.42451623 -0.09710650 0.23220007
v 4.42365468 -0.09786865 0.30296378
v 4.42196885 -0.09948096 0.23220007
v 4.42062853 -0.10092118 0.30419008
v 4.42178195 -0.09968292 0.30369954
v 4.41960311 -0.10208626 0.23220007
v 4.41886962 -0.10297405 0.30501704
v 4.41745199 -0.10483138 0.23220007
v 4.41719045 -0.10520990 0.30591504
v 4.41573430 -0.10741665 0.30680565
v 4.41551757 -0.10777270 0.23220007
v 4.41454951 -0.10944993 0.30762104
v 4.41382056 -0.11081409 0.23220007
v 4.41312236 -0.11227884 0.30876391
v 4.41204893 -0.11480995 0.30977969
v 4.41237804 -0.11398893 0.23220007
v 4.41139465 -0.11660769 0.23220007
v 4.41093077 -0.11801989 0.31106512
v 4.41057871 -0.11927332 0.23220007
v 4.41013131 -0.12106785 0.31229786
v 4.40992708 -0.12199566 0.23220007
v 4.40954644 -0.12408226 0.31350641
v 4.40944738 -0.12474149 0.23220007
v 4.40924354 -0.12640224 0.31444304
v 4.40913913 -0.12750959 0.23220007
v 4.40903631 -0.12918440 0.31556336
v 4.40898275 -0.13110889 0.23220007
v 4.40899994 -0.13110917 0.31634013
v 4.49899993 -0.13110917 0.31634013
v 4.49901685 -0.13110891 0.23220007
v 4.49799052 -0.12162917 0.31252006
v 4.49845467 -0.12409181 0.31351022
v 4.49806924 -0.12197919 0.23220007
v 4.49723242 -0.11857223 0.23220007
v 4.49751064 -0.11960764 0.31171039
v 4.49686361 -0.11738893 0.31081334
v 4.49613713 -0.11530169 0.23220007
v 4.49508116 -0.11272980 0.23220007
v 4.43693779 -0.08945748 0.23220007
v 4.49174767 -0.10660147 0.23220007
v 4.49232511 -0.10751171 0.30684343
v 4.43823383 -0.08896218 0.29938010
v 4.44355039 -0.08733287 0.29872481
v 4.44960097 -0.08632518 0.29832010
v 4.45400006 -0.08610420 0.23220007
v 4.46445003 -0.08733314 0.29872481
v 4.46653600 -0.08788533 0.23220007
v 4.46739926 -0.08814576 0.29905752
v 4.46976592 -0.08896118 0.29938010
v 4.47043143 -0.08919233 0.23220007
v 4.48130310 -0.09533277 0.23220007
v 4.48541362 -0.09888817 0.30337003
v 4.49081211 -0.10521008 0.30591563
v 4.49574687 -0.11426778 0.30956391
v 4.42418172 -0.16477118 0.23220007
v 4.42220213 -0.16290718 0.23220007
v 4.42292862 -0.16366018 0.23219005
v 4.47954662 -0.16811717 0.23220007
v 4.48079872 -0.16725918 0.23219005
v 4.48173482 -0.16650718 0.23220007
v 4.48939791 -0.10337418 0.23220007
v 4.49100762 -0.10556318 0.23220007
v 4.49057002 -0.10488718 0.23219005
v 4.42845332 -0.16811717 0.23220007
v 4.42950242 -0.16885718 0.23219005
v 4.43073822 -0.16959518 0.23220007
v 4.43190572 -0.17031217 0.23219005
v 4.43069262 -0.16960318 0.23219005
v 4.49354152 -0.10962818 0.23219005
v 4.49285432 -0.10840818 0.23219005
v 4.49381792 -0.11021018 0.23220007
v 4.43314232 -0.17098417 0.23219005
v 4.43439492 -0.17161418 0.23219005
v 4.43310132 -0.17092817 0.23220007
v 4.49537121 -0.11340518 0.23219005
v 4.49500602 -0.11265118 0.23220007
v 4.49604752 -0.11516517 0.23220007
v 4.43554182 -0.17211618 0.23220007
v 4.43695182 -0.17275518 0.23219005
v 4.43805622 -0.17315718 0.23220007
v 4.44495617 -0.17519117 0.23219006
v 4.44323562 -0.17477118 0.23220007
v 4.44359342 -0.17488919 0.23219006
v 4.44224032 -0.17454618 0.23219006
v 4.44062222 -0.17404317 0.23220007
v 4.44089912 -0.17416018 0.23219006
v 4.44770933 -0.17566718 0.23219006
v 4.44858127 -0.17575117 0.23220007
v 4.44589581 -0.17534218 0.23220007
v 4.45128264 -0.17599618 0.23220007
v 4.45189192 -0.17606018 0.23219006
v 4.45329604 -0.17610418 0.23219006
v 4.45049191 -0.17597217 0.23219006
v 4.44909763 -0.17584118 0.23219006
v 4.49896882 -0.13110918 0.23220007
v 4.49888702 -0.13382718 0.23220007
v 4.49897782 -0.13251617 0.23219005
v 4.45399992 -0.17607818 0.23220007
v 4.45470205 -0.17610418 0.23219006
v 4.49864162 -0.13652818 0.23220007
v 4.49880282 -0.13531518 0.23219005
v 4.46028973 -0.17566817 0.23219006
v 4.45941909 -0.17575117 0.23220007
v 4.45890164 -0.17584217 0.23219006
v 4.49845491 -0.13809117 0.23219005
v 4.49823251 -0.13921317 0.23220007
v 4.49821681 -0.13946817 0.23219005
v 4.46304285 -0.17519117 0.23219006
v 4.46476462 -0.17477118 0.23220007
v 4.46210419 -0.17534218 0.23220007
v 4.49766172 -0.14187417 0.23220007
v 4.49693341 -0.14448718 0.23220007
v 4.49724862 -0.14354118 0.23219005
v 4.46737822 -0.17404317 0.23220007
v 4.46710032 -0.17416018 0.23219006
v 4.46842942 -0.17373318 0.23219006
v 4.49590552 -0.14750817 0.23219005
v 4.49639442 -0.14619918 0.23219005
v 4.49604762 -0.14705318 0.23220007
v 4.47245822 -0.17211519 0.23220007
v 4.46994392 -0.17315718 0.23220007
v 4.47104712 -0.17275518 0.23219005
v 4.49248511 -0.15437118 0.23220007
v 4.49285272 -0.15381318 0.23219005
v 4.49381822 -0.15200817 0.23220007
v 4.49419451 -0.15134318 0.23219005
v 4.49500611 -0.14956718 0.23220007
v 4.48507052 -0.16366118 0.23219005
v 4.48579772 -0.16290718 0.23220007
v 4.48381852 -0.16477118 0.23220007
v 4.49056181 -0.15734317 0.23219005
v 4.48939822 -0.15884418 0.23220007
v 4.48972852 -0.15846717 0.23219005
v 4.48190952 -0.16640917 0.23219005
v 4.48299191 -0.16552518 0.23219005
v 4.49212482 -0.15501518 0.23219005
v 4.49100771 -0.15665617 0.23220007
v 4.49136101 -0.15619218 0.23219005
v 4.48796142 -0.16063217 0.23219005
v 4.48886131 -0.15956418 0.23219005
v 4.48766161 -0.16092717 0.23220007
v 4.47726202 -0.16959418 0.23220007
v 4.47489892 -0.17092718 0.23220007
v 4.47609162 -0.17031317 0.23219005
v 4.47360392 -0.17161518 0.23219005
v 4.48702892 -0.16167217 0.23219005
v 4.47849622 -0.16885818 0.23219005
v 4.47966132 -0.16807517 0.23219005
v 4.48606531 -0.16268117 0.23219005
v 4.48404612 -0.16460917 0.23219005
v 4.47730712 -0.16960318 0.23219005
v 4.49354301 -0.15258817 0.23219005
v 4.49537571 -0.14880217 0.23219005
v 4.49480522 -0.15008118 0.23219005
v 4.47485742 -0.17098417 0.23219005
v 4.47233392 -0.17220517 0.23219005
v 4.46974562 -0.17326518 0.23219005
v 4.49684221 -0.14487618 0.23219005
v 4.49793611 -0.14083617 0.23219005
v 4.49761332 -0.14219418 0.23219005
v 4.46575872 -0.17454618 0.23219006
v 4.46440602 -0.17489018 0.23219006
v 4.46167051 -0.17545118 0.23219006
v 4.49865042 -0.13670619 0.23219005
v 4.49891221 -0.13391818 0.23219005
v 4.49899992 -0.13110918 0.23219005
v 4.45671766 -0.17599618 0.23220007
v 4.45750720 -0.17597217 0.23219006
v 4.49897832 -0.12971018 0.23219005
v 4.45610631 -0.17606018 0.23219006
v 4.49888702 -0.12839217 0.23220007
v 4.49880411 -0.12691618 0.23219005
v 4.49864162 -0.12569019 0.23220007
v 4.49845701 -0.12413917 0.23219005
v 4.49823251 -0.12300518 0.23220007
v 4.49793762 -0.12138918 0.23219005
v 4.49766161 -0.12034517 0.23220007
v 4.44632883 -0.17545118 0.23219006
v 4.49724862 -0.11867618 0.23219005
v 4.49693321 -0.11773118 0.23220007
v 4.49639191 -0.11601119 0.23219005
v 4.43956962 -0.17373318 0.23219006
v 4.43825402 -0.17326518 0.23219005
v 4.43566572 -0.17220517 0.23219005
v 4.49248502 -0.10784718 0.23220007
v 4.49212962 -0.10721118 0.23219005
v 4.48886902 -0.10266418 0.23219005
v 4.48766132 -0.10129118 0.23220007
v 4.42833842 -0.16807517 0.23219005
v 4.42720042 -0.16725918 0.23219005
v 4.42626542 -0.16650818 0.23220007
v 4.48703331 -0.10055119 0.23219005
v 4.48579772 -0.09931119 0.23220007
v 4.42609012 -0.16640917 0.23219005
v 4.42500732 -0.16552518 0.23219005
v 4.42395342 -0.16460917 0.23219005
v 4.48506952 -0.09855617 0.23219005
v 4.48381812 -0.09744818 0.23220007
v 4.48298562 -0.09668818 0.23219005
v 4.48173442 -0.09571119 0.23220007
v 4.42193423 -0.16268117 0.23219005
v 4.42033853 -0.16092817 0.23220007
v 4.42097032 -0.16167117 0.23219005
v 4.47954652 -0.09410217 0.23220007
v 4.48078972 -0.09495218 0.23219005
v 4.42003813 -0.16063217 0.23219005
v 4.41913802 -0.15956418 0.23219005
v 4.41860192 -0.15884418 0.23220007
v 4.47848982 -0.09335618 0.23219005
v 4.47726162 -0.09262419 0.23220007
v 4.41827092 -0.15846717 0.23219005
v 4.41699223 -0.15665617 0.23220007
v 4.41743743 -0.15734317 0.23219005
v 4.47609522 -0.09190719 0.23219005
v 4.47489852 -0.09129117 0.23220007
v 4.41663823 -0.15619118 0.23219005
v 4.41551483 -0.15437118 0.23220007
v 4.41587433 -0.15501418 0.23219005
v 4.47361542 -0.09060918 0.23219005
v 4.47245802 -0.09010318 0.23220007
v 4.41514612 -0.15381118 0.23219005
v 4.41418193 -0.15200817 0.23220007
v 4.41445583 -0.15258617 0.23219005
v 4.41380502 -0.15134218 0.23219005
v 4.41299383 -0.14956818 0.23220007
v 4.41319443 -0.15008018 0.23219005
v 4.47105932 -0.08946818 0.23219005
v 4.46994362 -0.08906218 0.23220007
v 4.41195233 -0.14705318 0.23220007
v 4.41262393 -0.14880217 0.23219005
v 4.41209422 -0.14750817 0.23219005
v 4.46737762 -0.08817618 0.23220007
v 4.46843732 -0.08848818 0.23219005
v 4.41106662 -0.14448818 0.23220007
v 4.41160523 -0.14619818 0.23219005
v 4.41115753 -0.14487618 0.23219005
v 4.46575972 -0.08767319 0.23219005
v 4.46476422 -0.08744718 0.23220007
v 4.41033822 -0.14187417 0.23220007
v 4.41075102 -0.14354018 0.23219005
v 4.41038642 -0.14219318 0.23219005
v 4.46303640 -0.08702618 0.23219005
v 4.46210403 -0.08687718 0.23220007
v 4.40976732 -0.13921418 0.23220007
v 4.41006352 -0.14083518 0.23219005
v 4.40978293 -0.13946717 0.23219005
v 4.46027799 -0.08654918 0.23219005
v 4.45941857 -0.08646817 0.23220007
v 4.40954472 -0.13809017 0.23219005
v 4.40935823 -0.13652818 0.23220007
v 4.40934932 -0.13670619 0.23219005
v 4.40911283 -0.13382718 0.23220007
v 4.40919672 -0.13531418 0.23219005
v 4.45609844 -0.08615819 0.23219005
v 4.45469953 -0.08611518 0.23219005
v 4.45671720 -0.08622219 0.23220007
v 4.40908762 -0.13391818 0.23219005
v 4.40903103 -0.13110918 0.23220007
v 4.40902203 -0.13251617 0.23219005
v 4.45329989 -0.08611518 0.23219005
v 4.45128218 -0.08622219 0.23220007
v 4.45399992 -0.08614018 0.23220007
v 4.45050368 -0.08624518 0.23219005
v 4.44858075 -0.08646817 0.23220007
v 4.44323522 -0.08744818 0.23220007
v 4.44223972 -0.08767319 0.23219005
v 4.44062162 -0.08817618 0.23220007
v 4.40954323 -0.12414019 0.23219005
v 4.40935823 -0.12569117 0.23220007
v 4.40976732 -0.12300518 0.23220007
v 4.43438432 -0.09061019 0.23219005
v 4.43310092 -0.09129117 0.23220007
v 4.43554162 -0.09010318 0.23220007
v 4.43694012 -0.08946918 0.23219005
v 4.43805592 -0.08906218 0.23220007
v 4.42220213 -0.09931119 0.23220007
v 4.42418142 -0.09744818 0.23220007
v 4.42293032 -0.09855717 0.23219005
v 4.42501412 -0.09668918 0.23219005
v 4.42626502 -0.09571119 0.23220007
v 4.42033822 -0.10129118 0.23220007
v 4.41913053 -0.10266418 0.23219005
v 4.41860163 -0.10337518 0.23220007
v 4.41699212 -0.10556318 0.23220007
v 4.41742963 -0.10488718 0.23219005
v 4.42096652 -0.10055119 0.23219005
v 4.42721032 -0.09495318 0.23219005
v 4.42845322 -0.09410217 0.23220007
v 4.43073782 -0.09262419 0.23220007
v 4.42950993 -0.09335717 0.23219005
v 4.41418162 -0.11021117 0.23220007
v 4.41551472 -0.10784818 0.23220007
v 4.41514532 -0.10840918 0.23219005
v 4.43190412 -0.09190819 0.23219005
v 4.41380943 -0.11086818 0.23219005
v 4.41299372 -0.11265118 0.23220007
v 4.41262893 -0.11340618 0.23219005
v 4.41195222 -0.11516618 0.23220007
v 4.41106653 -0.11773218 0.23220007
v 4.41160842 -0.11601218 0.23219005
v 4.41075172 -0.11867718 0.23219005
v 4.41033813 -0.12034517 0.23220007
v 4.43956182 -0.08848917 0.23219005
v 4.41006232 -0.12138918 0.23219005
v 4.44496304 -0.08702618 0.23219005
v 4.44589565 -0.08687718 0.23220007
v 4.40919572 -0.12691718 0.23219005
v 4.40911283 -0.12839217 0.23220007
v 4.44772104 -0.08655019 0.23219005
v 4.40902192 -0.12971018 0.23219005
v 4.49891291 -0.12831218 0.23219005
v 4.40899992 -0.13110918 0.23219005
v 4.40908712 -0.12831218 0.23219005
v 4.40934783 -0.12552617 0.23219005
v 4.40978153 -0.12276019 0.23219005
v 4.41038583 -0.12002818 0.23219005
v 4.41115932 -0.11733818 0.23219005
v 4.41209842 -0.11470118 0.23219005
v 4.41319943 -0.11212818 0.23219005
v 4.41445822 -0.10962818 0.23219005
v 4.41587012 -0.10721118 0.23219005
v 4.41663172 -0.10603718 0.23219005
v 4.41826283 -0.10376218 0.23219005
v 4.42003212 -0.10159418 0.23219005
v 4.42193283 -0.09953917 0.23219005
v 4.42395782 -0.09760718 0.23219005
v 4.42609872 -0.09580418 0.23219005
v 4.42834752 -0.09413718 0.23219005
v 4.43069582 -0.09261417 0.23219005
v 4.43313412 -0.09123918 0.23219005
v 4.43565322 -0.09001918 0.23219005
v 4.43824342 -0.08895817 0.23219005
v 4.44089452 -0.08806018 0.23219005
v 4.44359622 -0.08732918 0.23219005
v 4.44633837 -0.08676618 0.23219005
v 4.44911009 -0.08637617 0.23219005
v 4.45190064 -0.08615819 0.23219005
v 4.45749558 -0.08624518 0.23219005
v 4.45888914 -0.08637617 0.23219005
v 4.46166104 -0.08676618 0.23219005
v 4.46440302 -0.08732818 0.23219005
v 4.46710482 -0.08806018 0.23219005
v 4.46975612 -0.08895817 0.23219005
v 4.47234612 -0.09001918 0.23219005
v 4.47486532 -0.09123918 0.23219005
v 4.47730392 -0.09261317 0.23219005
v 4.47965212 -0.09413618 0.23219005
v 4.48190112 -0.09580319 0.23219005
v 4.48404222 -0.09760618 0.23219005
v 4.48606682 -0.09953818 0.23219005
v 4.48796751 -0.10159318 0.23219005
v 4.48973691 -0.10376218 0.23219005
v 4.49136791 -0.10603718 0.23219005
v 4.49419062 -0.11086818 0.23219005
v 4.49480062 -0.11212718 0.23219005
v 4.49590191 -0.11470118 0.23219005
v 4.49684101 -0.11733718 0.23219005
v 4.49761411 -0.12002718 0.23219005
v 4.49821882 -0.12276019 0.23219005
v 4.49865232 -0.12552517 0.23219005
v 4.40903869 -0.12913120 0.23219005
v 4.40899992 -0.13110918 0.22862009
v 4.40899992 -0.13110918 0.23219005
v 4.40924807 -0.12634402 0.23219005
v 4.40905018 -0.12888264 0.22862009
v 4.41239927 -0.11393934 0.22862009
v 4.41344175 -0.11160400 0.23219005
v 4.41387494 -0.11070738 0.22862009
v 4.41141117 -0.11656149 0.22862009
v 4.41230690 -0.11416524 0.23219005
v 4.41651996 -0.10617935 0.23219005
v 4.41595668 -0.10704790 0.22862009
v 4.41473006 -0.10912515 0.23219005
v 4.43052472 -0.09270203 0.23219005
v 4.42904360 -0.09365789 0.22862009
v 4.42767666 -0.09460577 0.23219005
v 4.43876154 -0.08876307 0.23219005
v 4.43771053 -0.08915530 0.22862009
v 4.43615375 -0.08979435 0.23219005
v 4.44145314 -0.08788858 0.23219005
v 4.44107754 -0.08799018 0.22862009
v 4.44829374 -0.08646820 0.23219005
v 4.44790541 -0.08651024 0.22862009
v 4.44481591 -0.08704235 0.23219005
v 4.45387095 -0.08610502 0.23219005
v 4.45667401 -0.08618353 0.23219005
v 4.45411169 -0.08610490 0.22862009
v 4.45132306 -0.08618462 0.22862009
v 4.45969521 -0.08646616 0.22862009
v 4.46221618 -0.08686073 0.23219005
v 4.46319681 -0.08704516 0.22862009
v 4.46843732 -0.08848818 0.23219005
v 4.46921374 -0.08875368 0.22862009
v 4.46655199 -0.08789049 0.22862009
v 4.47412166 -0.09085296 0.23219005
v 4.47435944 -0.09097284 0.22862009
v 4.47183228 -0.08978861 0.22862009
v 4.47659945 -0.09218980 0.23219005
v 4.47680742 -0.09231193 0.22862009
v 4.47897316 -0.09366815 0.23219005
v 4.47917615 -0.09380563 0.22862009
v 4.48176497 -0.09567828 0.23219005
v 4.48447377 -0.09799117 0.23219005
v 4.48203847 -0.09589508 0.22862009
v 4.48646786 -0.09994369 0.23219005
v 4.48464012 -0.09814554 0.22862009
v 4.48834156 -0.10202171 0.23219005
v 4.48716311 -0.10067123 0.22862009
v 4.48986051 -0.10390125 0.22862009
v 4.49047481 -0.10473087 0.23219005
v 4.49182695 -0.10672596 0.22862009
v 4.49243918 -0.10770255 0.23219005
v 4.49326528 -0.10911704 0.22862009
v 4.49381884 -0.11013592 0.23219005
v 4.49455378 -0.11159490 0.22862009
v 4.49504585 -0.11265125 0.23219005
v 4.49569259 -0.11416375 0.22862009
v 4.49611594 -0.11524395 0.23219005
v 4.49666702 -0.11679253 0.22862009
v 4.49701958 -0.11788843 0.23219005
v 4.49747408 -0.11947131 0.22862009
v 4.49775669 -0.12058334 0.23219005
v 4.49811316 -0.12219524 0.22862009
v 4.49832664 -0.12332429 0.23219005
v 4.49858225 -0.12495641 0.22862009
v 4.49880074 -0.12673400 0.23219005
v 4.49887807 -0.12773382 0.22862009
v 4.49901071 -0.13110900 0.22862009
v 4.49901742 -0.13110888 0.23219005
v 4.47089739 -0.08938743 0.23219005
v 4.46558166 -0.08761103 0.23219005
v 4.45947939 -0.08643921 0.23219005
v 4.45690076 -0.08619791 0.22862009
v 4.45108221 -0.08619879 0.23219005
v 4.44440872 -0.08713856 0.22862009
v 4.43514380 -0.09024535 0.22862009
v 4.43362192 -0.09098245 0.23219005
v 4.43206576 -0.09180079 0.22862009
v 4.42676134 -0.09528349 0.22862009
v 4.42545131 -0.09631917 0.23219005
v 4.42458874 -0.09704459 0.22862009
v 4.42251606 -0.09895030 0.22862009
v 4.42333882 -0.09816560 0.23219005
v 4.42135039 -0.10013437 0.23219005
v 4.42057109 -0.10097728 0.22862009
v 4.41835668 -0.10361756 0.22862009
v 4.41900025 -0.10280275 0.23219005
v 4.41133426 -0.11678971 0.23219005
v 4.41058952 -0.11923610 0.22862009
v 4.41052589 -0.11947198 0.23219005
v 4.40973703 -0.12292237 0.23219005
v 4.40980129 -0.12258097 0.22862009
v 4.40927530 -0.12609307 0.22862009
v 4.49899992 -0.13110918 0.22862009
v 4.49896791 -0.13110918 0.22862009
v 4.49897791 -0.12970617 0.22862009
v 4.40902203 -0.13251617 0.22862009
v 4.40899992 -0.13110918 0.22862009
v 4.40903192 -0.13110918 0.22862009
v 4.40902192 -0.12970617 0.22862009
v 4.40905392 -0.12971118 0.22862009
v 4.40908762 -0.13391818 0.22862009
v 4.40905403 -0.13251518 0.22862009
v 4.40911962 -0.13391618 0.22862009
v 4.40922862 -0.13531118 0.22862009
v 4.40919703 -0.13531517 0.22862009
v 4.40938112 -0.13670217 0.22862009
v 4.40934943 -0.13670618 0.22862009
v 4.40957633 -0.13808518 0.22862009
v 4.40954492 -0.13809117 0.22862009
v 4.40981443 -0.13946117 0.22862009
v 4.40978302 -0.13946817 0.22862009
v 4.41009473 -0.14082817 0.22862009
v 4.41006372 -0.14083617 0.22862009
v 4.41041742 -0.14218518 0.22862009
v 4.41038653 -0.14219418 0.22862009
v 4.41078183 -0.14353118 0.22862009
v 4.41075123 -0.14354118 0.22862009
v 4.41118793 -0.14486618 0.22862009
v 4.41115762 -0.14487618 0.22862009
v 4.41163533 -0.14618818 0.22862009
v 4.41160543 -0.14619918 0.22862009
v 4.41212402 -0.14749617 0.22862009
v 4.41209433 -0.14750817 0.22862009
v 4.41265332 -0.14878918 0.22862009
v 4.41262412 -0.14880217 0.22862009
v 4.41322342 -0.15006717 0.22862009
v 4.41319463 -0.15008118 0.22862009
v 4.41383363 -0.15132817 0.22862009
v 4.41380532 -0.15134318 0.22862009
v 4.41448393 -0.15257118 0.22862009
v 4.41445682 -0.15258817 0.22862009
v 4.41517373 -0.15379518 0.22862009
v 4.41514713 -0.15381318 0.22862009
v 4.41590142 -0.15499718 0.22862009
v 4.41587503 -0.15501518 0.22862009
v 4.41666483 -0.15617318 0.22862009
v 4.41663882 -0.15619218 0.22862009
v 4.41746353 -0.15732417 0.22862009
v 4.41743802 -0.15734317 0.22862009
v 4.41829632 -0.15844717 0.22862009
v 4.41827133 -0.15846717 0.22862009
v 4.41916283 -0.15954318 0.22862009
v 4.41913852 -0.15956418 0.22862009
v 4.42006222 -0.16061118 0.22862009
v 4.42003843 -0.16063217 0.22862009
v 4.42099382 -0.16165017 0.22862009
v 4.42097093 -0.16167217 0.22862009
v 4.42195703 -0.16265918 0.22862009
v 4.42193452 -0.16268117 0.22862009
v 4.42295072 -0.16363717 0.22862009
v 4.42292932 -0.16366118 0.22862009
v 4.42397482 -0.16458518 0.22862009
v 4.42395372 -0.16460917 0.22862009
v 4.42502792 -0.16550017 0.22862009
v 4.42500792 -0.16552518 0.22862009
v 4.42610992 -0.16638317 0.22862009
v 4.42609032 -0.16640917 0.22862009
v 4.42721952 -0.16723318 0.22862009
v 4.42720112 -0.16725918 0.22862009
v 4.42835672 -0.16804918 0.22862009
v 4.42833852 -0.16807517 0.22862009
v 4.42951982 -0.16883018 0.22862009
v 4.42950362 -0.16885818 0.22862009
v 4.43070922 -0.16957618 0.22862009
v 4.43069272 -0.16960318 0.22862009
v 4.43192142 -0.17028418 0.22862009
v 4.43190822 -0.17031317 0.22862009
v 4.43315712 -0.17095517 0.22862009
v 4.43314242 -0.17098417 0.22862009
v 4.43440882 -0.17158518 0.22862009
v 4.43439592 -0.17161518 0.22862009
v 4.43567882 -0.17217618 0.22862009
v 4.43566592 -0.17220517 0.22862009
v 4.43696402 -0.17272518 0.22862009
v 4.43695272 -0.17275518 0.22862009
v 4.43826522 -0.17323517 0.22862009
v 4.43825422 -0.17326518 0.22862009
v 4.43957982 -0.17370217 0.22862010
v 4.43957042 -0.17373318 0.22862010
v 4.44090842 -0.17412918 0.22862010
v 4.44089952 -0.17416018 0.22862010
v 4.44224862 -0.17451518 0.22862010
v 4.44224112 -0.17454618 0.22862010
v 4.44360082 -0.17485818 0.22862010
v 4.44359382 -0.17489018 0.22862010
v 4.44496261 -0.17516018 0.22862010
v 4.44495699 -0.17519117 0.22862010
v 4.44633429 -0.17541918 0.22862010
v 4.44632933 -0.17545118 0.22862010
v 4.44771380 -0.17563618 0.22862010
v 4.44771011 -0.17566817 0.22862010
v 4.44910112 -0.17581018 0.22862010
v 4.44909820 -0.17584217 0.22862010
v 4.45049440 -0.17594018 0.22862010
v 4.45049264 -0.17597217 0.22862010
v 4.45189342 -0.17602819 0.22862010
v 4.45189353 -0.17606018 0.22862010
v 4.45329655 -0.17607217 0.22862010
v 4.45329779 -0.17610418 0.22862010
v 4.45470155 -0.17607217 0.22862010
v 4.45470380 -0.17610418 0.22862010
v 4.45610481 -0.17602819 0.22862010
v 4.45610792 -0.17606018 0.22862010
v 4.45750470 -0.17594118 0.22862010
v 4.45750793 -0.17597217 0.22862010
v 4.45889815 -0.17581018 0.22862010
v 4.45890221 -0.17584118 0.22862010
v 4.46028526 -0.17563618 0.22862010
v 4.46029051 -0.17566718 0.22862010
v 4.46166505 -0.17541918 0.22862010
v 4.46167101 -0.17545118 0.22862010
v 4.46303642 -0.17516018 0.22862010
v 4.46304367 -0.17519117 0.22862010
v 4.46439862 -0.17485818 0.22862010
v 4.46440642 -0.17488919 0.22862010
v 4.46575032 -0.17451518 0.22862010
v 4.46575952 -0.17454618 0.22862010
v 4.46709102 -0.17412918 0.22862010
v 4.46710072 -0.17416018 0.22862010
v 4.46841912 -0.17370317 0.22862010
v 4.46843022 -0.17373318 0.22862010
v 4.46973442 -0.17323517 0.22862009
v 4.46974582 -0.17326518 0.22862009
v 4.47103492 -0.17272618 0.22862009
v 4.47104802 -0.17275518 0.22862009
v 4.47232092 -0.17217618 0.22862009
v 4.47233412 -0.17220517 0.22862009
v 4.47358992 -0.17158618 0.22862009
v 4.47360492 -0.17161418 0.22862009
v 4.47484262 -0.17095517 0.22862009
v 4.47485752 -0.17098417 0.22862009
v 4.47607592 -0.17028517 0.22862009
v 4.47609412 -0.17031217 0.22862009
v 4.47729052 -0.16957618 0.22862009
v 4.47730722 -0.16960318 0.22862009
v 4.47847882 -0.16883118 0.22862009
v 4.47849742 -0.16885718 0.22862009
v 4.47964302 -0.16804918 0.22862009
v 4.47966142 -0.16807517 0.22862009
v 4.48077972 -0.16723418 0.22862009
v 4.48079942 -0.16725918 0.22862009
v 4.48188972 -0.16638417 0.22862009
v 4.48190972 -0.16640917 0.22862009
v 4.48297132 -0.16550117 0.22862009
v 4.48299252 -0.16552518 0.22862009
v 4.48402482 -0.16458518 0.22862009
v 4.48404642 -0.16460917 0.22862009
v 4.48504842 -0.16363817 0.22862009
v 4.48507122 -0.16366018 0.22862009
v 4.48604251 -0.16265918 0.22862009
v 4.48606562 -0.16268117 0.22862009
v 4.48700542 -0.16165017 0.22862009
v 4.48702951 -0.16167117 0.22862009
v 4.48793722 -0.16061118 0.22862009
v 4.48796172 -0.16063217 0.22862009
v 4.48883652 -0.15954418 0.22862009
v 4.48886181 -0.15956418 0.22862009
v 4.48970312 -0.15844817 0.22862009
v 4.48972891 -0.15846717 0.22862009
v 4.49053582 -0.15732517 0.22862009
v 4.49056242 -0.15734317 0.22862009
v 4.49133442 -0.15617418 0.22862009
v 4.49136162 -0.15619118 0.22862009
v 4.49209771 -0.15499818 0.22862009
v 4.49212552 -0.15501418 0.22862009
v 4.49282502 -0.15379717 0.22862009
v 4.49285372 -0.15381118 0.22862009
v 4.49351481 -0.15257318 0.22862009
v 4.49354402 -0.15258617 0.22862009
v 4.49416591 -0.15132917 0.22862009
v 4.49419481 -0.15134218 0.22862009
v 4.49477622 -0.15006817 0.22862009
v 4.49480542 -0.15008018 0.22862009
v 4.49534631 -0.14879017 0.22862009
v 4.49537592 -0.14880217 0.22862009
v 4.49587572 -0.14749717 0.22862009
v 4.49590561 -0.14750817 0.22862009
v 4.49636421 -0.14618818 0.22862009
v 4.49639462 -0.14619818 0.22862009
v 4.49681172 -0.14486718 0.22862009
v 4.49684232 -0.14487618 0.22862009
v 4.49721782 -0.14353218 0.22862009
v 4.49724881 -0.14354018 0.22862009
v 4.49758232 -0.14218617 0.22862009
v 4.49761341 -0.14219318 0.22862009
v 4.49790481 -0.14082917 0.22862009
v 4.49793631 -0.14083518 0.22862009
v 4.49818531 -0.13946218 0.22862009
v 4.49821692 -0.13946717 0.22862009
v 4.49842331 -0.13808618 0.22862009
v 4.49845511 -0.13809017 0.22862009
v 4.49861871 -0.13670217 0.22862009
v 4.49865051 -0.13670618 0.22862009
v 4.49877102 -0.13531218 0.22862009
v 4.49880312 -0.13531418 0.22862009
v 4.49888021 -0.13391618 0.22862009
v 4.49897782 -0.13251617 0.22862009
v 4.49891221 -0.13391818 0.22862009
v 4.49894582 -0.13251518 0.22862009
v 4.49891251 -0.12830618 0.22862009
v 4.49894632 -0.12971118 0.22862009
v 4.49888102 -0.12831418 0.22862009
v 4.49877231 -0.12691918 0.22862009
v 4.49880352 -0.12691018 0.22862009
v 4.49862052 -0.12552918 0.22862009
v 4.49865152 -0.12552018 0.22862009
v 4.49842542 -0.12414418 0.22862009
v 4.49845622 -0.12413618 0.22862009
v 4.49818732 -0.12276618 0.22862009
v 4.49821832 -0.12275918 0.22862009
v 4.49790632 -0.12139618 0.22862009
v 4.49793772 -0.12139018 0.22862009
v 4.49758311 -0.12003518 0.22862009
v 4.49761472 -0.12003018 0.22862009
v 4.49721782 -0.11868518 0.22862009
v 4.49724942 -0.11868018 0.22862009
v 4.49681052 -0.11734718 0.22862009
v 4.49684202 -0.11734117 0.22862009
v 4.49636181 -0.11602218 0.22862009
v 4.49639291 -0.11601518 0.22862009
v 4.49587212 -0.11471217 0.22862009
v 4.49590181 -0.11470118 0.22862009
v 4.49534181 -0.11341817 0.22862009
v 4.49536981 -0.11340318 0.22862009
v 4.49477152 -0.11214117 0.22862009
v 4.49479812 -0.11212317 0.22862009
v 4.49416201 -0.11088217 0.22862009
v 4.49418752 -0.11086218 0.22862009
v 4.49351342 -0.10964317 0.22862009
v 4.49353842 -0.10962218 0.22862009
v 4.49282662 -0.10842418 0.22862009
v 4.49285172 -0.10840417 0.22862009
v 4.49210252 -0.10722817 0.22862009
v 4.49212772 -0.10720817 0.22862009
v 4.49134131 -0.10605418 0.22862009
v 4.49136732 -0.10603618 0.22862009
v 4.49054401 -0.10490518 0.22862009
v 4.49057062 -0.10488718 0.22862009
v 4.48971151 -0.10378217 0.22862009
v 4.48973861 -0.10376417 0.22862009
v 4.48884422 -0.10268418 0.22862009
v 4.48887151 -0.10266718 0.22862009
v 4.48794331 -0.10161417 0.22862009
v 4.48797031 -0.10159617 0.22862009
v 4.48700982 -0.10057318 0.22862009
v 4.48703431 -0.10055218 0.22862009
v 4.48604402 -0.09956118 0.22862009
v 4.48606651 -0.09953818 0.22862009
v 4.48504742 -0.09857918 0.22862009
v 4.48506642 -0.09855418 0.22862009
v 4.48402092 -0.09763019 0.22862009
v 4.48403762 -0.09760217 0.22862009
v 4.48296502 -0.09671219 0.22862009
v 4.48298032 -0.09668419 0.22862009
v 4.48188132 -0.09582817 0.22862009
v 4.48189652 -0.09580019 0.22862009
v 4.48077072 -0.09497818 0.22862009
v 4.48078582 -0.09495018 0.22862009
v 4.47963382 -0.09416318 0.22862009
v 4.47965032 -0.09413618 0.22862009
v 4.47847242 -0.09338318 0.22862009
v 4.47848952 -0.09335717 0.22862009
v 4.47728742 -0.09264117 0.22862009
v 4.47730572 -0.09261519 0.22862009
v 4.47607952 -0.09193519 0.22862009
v 4.47609832 -0.09190918 0.22862009
v 4.47485052 -0.09126718 0.22862009
v 4.47486952 -0.09124118 0.22862009
v 4.47360142 -0.09063817 0.22862009
v 4.47361862 -0.09061117 0.22862009
v 4.47233312 -0.09004818 0.22862009
v 4.47234822 -0.09002018 0.22862009
v 4.47104722 -0.08949818 0.22862009
v 4.47105742 -0.08946818 0.22862009
v 4.46974492 -0.08898818 0.22862009
v 4.46975192 -0.08895618 0.22862009
v 4.46842712 -0.08851819 0.22862009
v 4.46843172 -0.08848618 0.22862009
v 4.46709552 -0.08809018 0.22862009
v 4.46709932 -0.08805819 0.22862009
v 4.46575142 -0.08770418 0.22862009
v 4.46575482 -0.08767217 0.22862009
v 4.46439562 -0.08735917 0.22862009
v 4.46440012 -0.08732818 0.22862009
v 4.46302997 -0.08705719 0.22862009
v 4.46303546 -0.08702618 0.22862009
v 4.46165559 -0.08679818 0.22862009
v 4.46166232 -0.08676618 0.22862009
v 4.46027352 -0.08658118 0.22862009
v 4.46028144 -0.08655019 0.22862009
v 4.45888566 -0.08640718 0.22862009
v 4.45889393 -0.08637617 0.22862009
v 4.45749310 -0.08627719 0.22862009
v 4.45750078 -0.08624618 0.22862009
v 4.45609695 -0.08619018 0.22862009
v 4.45610216 -0.08615819 0.22862009
v 4.45469903 -0.08614717 0.22862009
v 4.45470067 -0.08611518 0.22862009
v 4.45330039 -0.08614717 0.22862009
v 4.45329769 -0.08611518 0.22862009
v 4.45190213 -0.08619018 0.22862009
v 4.45189632 -0.08615918 0.22862009
v 4.45050617 -0.08627719 0.22862009
v 4.45049831 -0.08624618 0.22862009
v 4.44911357 -0.08640818 0.22862009
v 4.44910533 -0.08637617 0.22862009
v 4.44772551 -0.08658118 0.22862009
v 4.44771761 -0.08655019 0.22862009
v 4.44634382 -0.08679818 0.22862009
v 4.44633701 -0.08676718 0.22862009
v 4.44496947 -0.08705719 0.22862009
v 4.44496356 -0.08702618 0.22862009
v 4.44360362 -0.08736019 0.22862009
v 4.44359932 -0.08732818 0.22862009
v 4.44224812 -0.08770418 0.22862009
v 4.44224412 -0.08767217 0.22862009
v 4.44090382 -0.08809118 0.22862009
v 4.44090022 -0.08805819 0.22862009
v 4.43957212 -0.08851918 0.22862009
v 4.43956702 -0.08848718 0.22862009
v 4.43825462 -0.08898818 0.22862009
v 4.43824762 -0.08895618 0.22862009
v 4.43695232 -0.08949818 0.22862009
v 4.43694022 -0.08946818 0.22862009
v 4.43566622 -0.09004918 0.22862009
v 4.43565122 -0.09002018 0.22862009
v 4.43439822 -0.09063917 0.22862009
v 4.43438022 -0.09061219 0.22862009
v 4.43314902 -0.09126818 0.22862009
v 4.43313022 -0.09124118 0.22862009
v 4.43191992 -0.09193619 0.22862009
v 4.43190072 -0.09190918 0.22862009
v 4.43071242 -0.09264117 0.22862009
v 4.43069402 -0.09261519 0.22862009
v 4.42952732 -0.09338418 0.22862009
v 4.42950952 -0.09335717 0.22862009
v 4.42836582 -0.09416418 0.22862009
v 4.42834942 -0.09413618 0.22862009
v 4.42722932 -0.09497918 0.22862009
v 4.42721332 -0.09495018 0.22862009
v 4.42611862 -0.09582917 0.22862009
v 4.42610312 -0.09580019 0.22862009
v 4.42503472 -0.09671318 0.22862009
v 4.42501872 -0.09668419 0.22862009
v 4.42397912 -0.09763019 0.22862009
v 4.42396172 -0.09760319 0.22862009
v 4.42295242 -0.09858018 0.22862009
v 4.42293202 -0.09855518 0.22862009
v 4.42195562 -0.09956218 0.22862009
v 4.42193272 -0.09953917 0.22862009
v 4.42099002 -0.10057318 0.22862009
v 4.42096432 -0.10055418 0.22862009
v 4.42005623 -0.10161517 0.22862009
v 4.42002922 -0.10159717 0.22862009
v 4.41915532 -0.10268518 0.22862009
v 4.41912782 -0.10266818 0.22862009
v 4.41828823 -0.10378217 0.22862009
v 4.41826082 -0.10376517 0.22862009
v 4.41745562 -0.10490618 0.22862009
v 4.41742882 -0.10488818 0.22862009
v 4.41665832 -0.10605518 0.22862009
v 4.41663222 -0.10603618 0.22862009
v 4.41589733 -0.10722817 0.22862009
v 4.41587173 -0.10720917 0.22862009
v 4.41517303 -0.10842518 0.22862009
v 4.41514772 -0.10840518 0.22862009
v 4.41448633 -0.10964317 0.22862009
v 4.41446103 -0.10962317 0.22862009
v 4.41383802 -0.11088217 0.22862009
v 4.41381183 -0.11086317 0.22862009
v 4.41322842 -0.11214117 0.22862009
v 4.41320133 -0.11212317 0.22862009
v 4.41265833 -0.11341917 0.22862009
v 4.41262923 -0.11340518 0.22862009
v 4.41212823 -0.11471317 0.22862009
v 4.41209743 -0.11470317 0.22862009
v 4.41163852 -0.11602318 0.22862009
v 4.41160672 -0.11601618 0.22862009
v 4.41118983 -0.11734818 0.22862009
v 4.41115762 -0.11734217 0.22862009
v 4.41078253 -0.11868518 0.22862009
v 4.41075032 -0.11868118 0.22862009
v 4.41041683 -0.12003518 0.22862009
v 4.41038513 -0.12003018 0.22862009
v 4.41009362 -0.12139618 0.22862009
v 4.41006202 -0.12139018 0.22862009
v 4.40981293 -0.12276618 0.22862009
v 4.40978143 -0.12275918 0.22862009
v 4.40957482 -0.12414518 0.22862009
v 4.40954343 -0.12413718 0.22862009
v 4.40937963 -0.12552918 0.22862009
v 4.40934833 -0.12552018 0.22862009
v 4.40922752 -0.12691918 0.22862009
v 4.40919613 -0.12691118 0.22862009
v 4.40911912 -0.12831418 0.22862009
v 4.40908732 -0.12830718 0.22862009
v 4.40907062 -0.12913486 0.22862009
v 4.40903192 -0.13110918 0.22858016
v 4.40903192 -0.13110918 0.22862009
v 4.40934356 -0.12570791 0.22862009
v 4.40908216 -0.12888375 0.22858016
v 4.40970502 -0.12332980 0.22858016
v 4.40991843 -0.12220032 0.22862009
v 4.41044596 -0.11986540 0.22858016
v 4.41183092 -0.11547926 0.22862009
v 4.41144168 -0.11657144 0.22858016
v 4.41071900 -0.11885714 0.22861997
v 4.41271034 -0.11326153 0.22858004
v 4.41654724 -0.10619635 0.22862009
v 4.41598414 -0.10706436 0.22858016
v 4.41438845 -0.10979500 0.22862009
v 4.42282875 -0.09867953 0.22862009
v 4.42017024 -0.10146284 0.22858016
v 4.42099002 -0.10057318 0.22862009
v 4.42306915 -0.09844914 0.22858016
v 4.42597832 -0.09592268 0.22861997
v 4.42625965 -0.09570002 0.22858016
v 4.42938306 -0.09346154 0.22862009
v 4.43299742 -0.09133229 0.22862009
v 4.43206497 -0.09183825 0.22858016
v 4.43939253 -0.08856568 0.22862009
v 4.43579903 -0.08997390 0.22858004
v 4.43619747 -0.08981034 0.22862021
v 4.45132242 -0.08621681 0.22858016
v 4.44970276 -0.08634230 0.22862021
v 4.45311089 -0.08613659 0.22861997
v 4.45666241 -0.08621505 0.22862021
v 4.45488881 -0.08613619 0.22858028
v 4.45833892 -0.08634651 0.22858016
v 4.46518795 -0.08755076 0.22858016
v 4.46825385 -0.08844541 0.22861986
v 4.46859924 -0.08856290 0.22858028
v 4.47158552 -0.08971725 0.22862009
v 4.47413030 -0.09089288 0.22862009
v 4.47433973 -0.09099921 0.22858016
v 4.47181245 -0.08981429 0.22858016
v 4.47657063 -0.09221052 0.22862009
v 4.47743891 -0.09271718 0.22858004
v 4.47894286 -0.09368710 0.22861997
v 4.48031543 -0.09463929 0.22858016
v 4.48123097 -0.09531742 0.22862021
v 4.48253078 -0.09634539 0.22858016
v 4.48339345 -0.09707127 0.22862009
v 4.48463076 -0.09818061 0.22858004
v 4.48592266 -0.09941852 0.22861997
v 4.48662255 -0.10015268 0.22858016
v 4.48873855 -0.10253326 0.22862009
v 4.48847966 -0.10223497 0.22858016
v 4.49021521 -0.10444448 0.22858016
v 4.49125125 -0.10589580 0.22862009
v 4.49179918 -0.10674206 0.22858016
v 4.49311453 -0.10891450 0.22862009
v 4.49360905 -0.10979051 0.22858016
v 4.49470746 -0.11197118 0.22862009
v 4.49511718 -0.11289033 0.22858016
v 4.49608456 -0.11525116 0.22862009
v 4.49616963 -0.11548023 0.22858016
v 4.49705946 -0.11813058 0.22858016
v 4.49718240 -0.11851270 0.22862009
v 4.49778425 -0.12083830 0.22858016
v 4.49803287 -0.12196204 0.22862009
v 4.49833670 -0.12357232 0.22858016
v 4.49851606 -0.12471431 0.22862009
v 4.49871928 -0.12634002 0.22858016
v 4.49882718 -0.12749180 0.22862009
v 4.49892916 -0.12912774 0.22858016
v 4.49898536 -0.13110889 0.22861997
v 4.49896791 -0.13110918 0.22858016
v 4.46421832 -0.08730327 0.22862009
v 4.46184231 -0.08681655 0.22858028
v 4.46008000 -0.08654027 0.22861997
v 4.44789605 -0.08654384 0.22858016
v 4.44693150 -0.08669531 0.22862021
v 4.44441975 -0.08716857 0.22858016
v 4.44343357 -0.08738626 0.22862009
v 4.44107868 -0.08802353 0.22858004
v 4.43825882 -0.08898619 0.22858016
v 4.42904342 -0.09369628 0.22858016
v 4.41902795 -0.10281983 0.22862009
v 4.41794492 -0.10422825 0.22858016
v 4.41421072 -0.11014766 0.22858016
v 4.41288608 -0.11288337 0.22862009
v 4.40930725 -0.12609593 0.22858016
v 4.42295142 -0.16363817 0.22858016
v 4.42293032 -0.16366217 0.22858016
v 4.42395762 -0.16461318 0.22858016
v 4.48190112 -0.16641518 0.22858016
v 4.48078032 -0.16723318 0.22858016
v 4.48078952 -0.16726617 0.22858016
v 4.42951002 -0.16886217 0.22858016
v 4.43069592 -0.16960517 0.22858016
v 4.42952102 -0.16883118 0.22858016
v 4.43070932 -0.16957618 0.22858016
v 4.43190462 -0.17031217 0.22858016
v 4.43315722 -0.17095517 0.22858016
v 4.43313452 -0.17098018 0.22858016
v 4.43438442 -0.17160917 0.22858016
v 4.43694052 -0.17275118 0.22858016
v 4.43824372 -0.17326117 0.22858016
v 4.43696492 -0.17272618 0.22858016
v 4.44359682 -0.17489018 0.22858016
v 4.44496344 -0.17519318 0.22858016
v 4.44360122 -0.17485818 0.22858016
v 4.44089502 -0.17415918 0.22858016
v 4.44224012 -0.17454618 0.22858016
v 4.44090882 -0.17412918 0.22858016
v 4.44771458 -0.17563618 0.22858016
v 4.44772185 -0.17566917 0.22858016
v 4.44911070 -0.17584317 0.22858016
v 4.44633880 -0.17545218 0.22858016
v 4.44496342 -0.17516018 0.22858016
v 4.45189503 -0.17602819 0.22858016
v 4.45190140 -0.17606018 0.22858016
v 4.45330032 -0.17610418 0.22858016
v 4.45050426 -0.17597319 0.22858016
v 4.44910169 -0.17581018 0.22858016
v 4.49899992 -0.13110918 0.22858016
v 4.49894582 -0.13251518 0.22858016
v 4.49897791 -0.13250919 0.22858016
v 4.45329829 -0.17607217 0.22858016
v 4.45469995 -0.17610418 0.22858016
v 4.49880411 -0.13530218 0.22858016
v 4.49891271 -0.13390618 0.22858016
v 4.49877121 -0.13531118 0.22858016
v 4.46027880 -0.17566917 0.22858016
v 4.45889872 -0.17581018 0.22858016
v 4.45888975 -0.17584317 0.22858016
v 4.49845662 -0.13807918 0.22858016
v 4.49818542 -0.13946117 0.22858016
v 4.49821832 -0.13945817 0.22858016
v 4.46303680 -0.17519217 0.22858016
v 4.46440362 -0.17489018 0.22858016
v 4.46303723 -0.17516018 0.22858016
v 4.49721802 -0.14353118 0.22858016
v 4.49724811 -0.14354218 0.22858016
v 4.49761402 -0.14219118 0.22858016
v 4.46843802 -0.17373019 0.22858016
v 4.46709142 -0.17412918 0.22858016
v 4.46710532 -0.17415818 0.22858016
v 4.49590141 -0.14751818 0.22858016
v 4.49639141 -0.14620618 0.22858016
v 4.49587581 -0.14749617 0.22858016
v 4.47234662 -0.17219918 0.22858016
v 4.47103582 -0.17272518 0.22858016
v 4.47105972 -0.17275018 0.22858016
v 4.49354161 -0.15259018 0.22858016
v 4.49282612 -0.15379518 0.22858016
v 4.49285451 -0.15381018 0.22858016
v 4.49419042 -0.15135118 0.22858016
v 4.49480042 -0.15009118 0.22858016
v 4.49416622 -0.15132817 0.22858016
v 4.48506952 -0.16366217 0.22858016
v 4.48606702 -0.16268017 0.22858016
v 4.48504912 -0.16363717 0.22858016
v 4.48970351 -0.15844717 0.22858016
v 4.48973702 -0.15845617 0.22858016
v 4.49057022 -0.15733218 0.22858016
v 4.48298572 -0.16553018 0.22858016
v 4.48188991 -0.16638317 0.22858016
v 4.49212971 -0.15500718 0.22858016
v 4.49133502 -0.15617318 0.22858016
v 4.49136811 -0.15618118 0.22858016
v 4.48886932 -0.15955418 0.22858016
v 4.48793761 -0.16061118 0.22858016
v 4.48796771 -0.16062517 0.22858016
v 4.49209841 -0.15499718 0.22858016
v 4.47730402 -0.16960517 0.22858016
v 4.47607842 -0.17028418 0.22858016
v 4.47609572 -0.17031118 0.22858016
v 4.49053632 -0.15732417 0.22858016
v 4.47486572 -0.17097918 0.22858016
v 4.47359102 -0.17158518 0.22858016
v 4.47361552 -0.17160917 0.22858016
v 4.48700602 -0.16165017 0.22858016
v 4.48703331 -0.16166718 0.22858016
v 4.47848002 -0.16883018 0.22858016
v 4.47848992 -0.16886117 0.22858016
v 4.47965232 -0.16808117 0.22858016
v 4.47964312 -0.16804918 0.22858016
v 4.48604282 -0.16265918 0.22858016
v 4.48402502 -0.16458518 0.22858016
v 4.48404202 -0.16461217 0.22858016
v 4.48297192 -0.16550017 0.22858016
v 4.48883702 -0.15954318 0.22858016
v 4.47729061 -0.16957618 0.22858016
v 4.49351592 -0.15257118 0.22858016
v 4.49534652 -0.14878918 0.22858016
v 4.49537092 -0.14881318 0.22858016
v 4.49477641 -0.15006717 0.22858016
v 4.49684051 -0.14488117 0.22858016
v 4.49636452 -0.14618818 0.22858016
v 4.47484272 -0.17095517 0.22858016
v 4.47232102 -0.17217618 0.22858016
v 4.46975642 -0.17326018 0.22858016
v 4.46973462 -0.17323517 0.22858016
v 4.49681192 -0.14486618 0.22858016
v 4.49758241 -0.14218518 0.22858016
v 4.49793751 -0.14082917 0.22858016
v 4.46842002 -0.17370217 0.22858016
v 4.46575122 -0.17451518 0.22858016
v 4.46576012 -0.17454518 0.22858016
v 4.49790512 -0.14082817 0.22858016
v 4.49865202 -0.13669317 0.22858016
v 4.49842352 -0.13808518 0.22858016
v 4.46439902 -0.17485818 0.22858016
v 4.46166555 -0.17541918 0.22858016
v 4.46166147 -0.17545218 0.22858016
v 4.49861871 -0.13670217 0.22858016
v 4.49888021 -0.13391618 0.22858016
v 4.46028604 -0.17563618 0.22858016
v 4.49896791 -0.13110918 0.22858016
v 4.45750544 -0.17594018 0.22858016
v 4.45749616 -0.17597319 0.22858016
v 4.49897832 -0.12971018 0.22858016
v 4.45610642 -0.17602819 0.22858016
v 4.45609920 -0.17606018 0.22858016
v 4.45049514 -0.17594118 0.22858016
v 4.44633479 -0.17541918 0.22858016
v 4.44224952 -0.17451518 0.22858016
v 4.43958072 -0.17370317 0.22858016
v 4.43956252 -0.17373117 0.22858016
v 4.43826542 -0.17323517 0.22858016
v 4.43565372 -0.17220018 0.22858016
v 4.43567892 -0.17217618 0.22858016
v 4.43440992 -0.17158618 0.22858016
v 4.43192392 -0.17028517 0.22858016
v 4.42835682 -0.16804918 0.22858016
v 4.42834772 -0.16808217 0.22858016
v 4.42722012 -0.16723418 0.22858016
v 4.42721012 -0.16726617 0.22858016
v 4.42609872 -0.16641618 0.22858016
v 4.42611012 -0.16638417 0.22858016
v 4.42397502 -0.16458518 0.22858016
v 4.42501422 -0.16553118 0.22858016
v 4.42502852 -0.16550117 0.22858016
v 4.42195732 -0.16265918 0.22858016
v 4.42193303 -0.16268017 0.22858016
v 4.42096652 -0.16166718 0.22858016
v 4.42099443 -0.16165017 0.22858016
v 4.42006263 -0.16061118 0.22858016
v 4.42003232 -0.16062517 0.22858016
v 4.41916333 -0.15954418 0.22858016
v 4.41913083 -0.15955518 0.22858016
v 4.41826292 -0.15845617 0.22858016
v 4.41829673 -0.15844817 0.22858016
v 4.41746403 -0.15732517 0.22858016
v 4.41742982 -0.15733218 0.22858016
v 4.41666542 -0.15617418 0.22858016
v 4.41663192 -0.15618218 0.22858016
v 4.41587022 -0.15500818 0.22858016
v 4.41590212 -0.15499818 0.22858016
v 4.41517482 -0.15379717 0.22858016
v 4.41514553 -0.15381018 0.22858016
v 4.41448502 -0.15257318 0.22858016
v 4.41445832 -0.15259118 0.22858016
v 4.41380923 -0.15135118 0.22858016
v 4.41383392 -0.15132917 0.22858016
v 4.41319923 -0.15009118 0.22858016
v 4.41322363 -0.15006817 0.22858016
v 4.41265352 -0.14879017 0.22858016
v 4.41262862 -0.14881318 0.22858016
v 4.41212412 -0.14749717 0.22858016
v 4.41209792 -0.14751818 0.22858016
v 4.41160792 -0.14620718 0.22858016
v 4.41163562 -0.14618818 0.22858016
v 4.41118813 -0.14486718 0.22858016
v 4.41115882 -0.14488218 0.22858016
v 4.41078203 -0.14353218 0.22858016
v 4.41075123 -0.14354218 0.22858016
v 4.41038572 -0.14219218 0.22858016
v 4.41041752 -0.14218617 0.22858016
v 4.41009502 -0.14082917 0.22858016
v 4.41006223 -0.14083018 0.22858016
v 4.40981452 -0.13946218 0.22858016
v 4.40978103 -0.13945917 0.22858016
v 4.40957652 -0.13808618 0.22858016
v 4.40954282 -0.13808017 0.22858016
v 4.40934753 -0.13669417 0.22858016
v 4.40938112 -0.13670217 0.22858016
v 4.40922883 -0.13531218 0.22858016
v 4.40919572 -0.13530218 0.22858016
v 4.40911962 -0.13391618 0.22858016
v 4.40908692 -0.13390718 0.22858016
v 4.40902153 -0.13250919 0.22858016
v 4.40905403 -0.13251518 0.22858016
v 4.45470330 -0.17607217 0.22858016
v 4.40903192 -0.13110918 0.22858016
v 4.40899992 -0.13110918 0.22858016
v 4.40905392 -0.12970719 0.22858016
v 4.40902192 -0.12971018 0.22858016
v 4.40911923 -0.12830917 0.22858016
v 4.40908712 -0.12831218 0.22858016
v 4.40922802 -0.12691419 0.22858016
v 4.40919572 -0.12691718 0.22858016
v 4.40938012 -0.12552418 0.22858016
v 4.40934783 -0.12552617 0.22858016
v 4.40957502 -0.12414218 0.22858016
v 4.40954323 -0.12414019 0.22858016
v 4.40981293 -0.12276518 0.22858016
v 4.40978153 -0.12276019 0.22858016
v 4.41009323 -0.12139718 0.22858016
v 4.41006232 -0.12138918 0.22858016
v 4.41041613 -0.12003818 0.22858016
v 4.41038583 -0.12002818 0.22858016
v 4.41078103 -0.11869018 0.22858016
v 4.41075172 -0.11867718 0.22858016
v 4.41118813 -0.11735219 0.22858016
v 4.41115932 -0.11733818 0.22858016
v 4.41163682 -0.11602717 0.22858016
v 4.41160842 -0.11601218 0.22858016
v 4.41212723 -0.11471417 0.22858016
v 4.41209842 -0.11470118 0.22858016
v 4.41265863 -0.11341717 0.22858016
v 4.41262893 -0.11340618 0.22858016
v 4.41323032 -0.11213718 0.22858016
v 4.41319943 -0.11212818 0.22858016
v 4.41384042 -0.11087718 0.22858016
v 4.41380943 -0.11086818 0.22858016
v 4.41448912 -0.10963818 0.22858016
v 4.41445822 -0.10962818 0.22858016
v 4.41517533 -0.10842117 0.22858016
v 4.41514532 -0.10840918 0.22858016
v 4.41589882 -0.10722617 0.22858016
v 4.41587012 -0.10721118 0.22858016
v 4.41665872 -0.10605418 0.22858016
v 4.41663172 -0.10603718 0.22858016
v 4.41745483 -0.10490718 0.22858016
v 4.41742963 -0.10488718 0.22858016
v 4.41828633 -0.10378417 0.22858016
v 4.41826283 -0.10376217 0.22858016
v 4.41915263 -0.10268818 0.22858016
v 4.41913053 -0.10266418 0.22858016
v 4.42005342 -0.10161818 0.22858016
v 4.42003212 -0.10159418 0.22858016
v 4.42098782 -0.10057518 0.22858016
v 4.42096652 -0.10055119 0.22858016
v 4.42195553 -0.09956118 0.22858016
v 4.42193283 -0.09953917 0.22858016
v 4.42295412 -0.09857818 0.22858016
v 4.42293032 -0.09855717 0.22858016
v 4.42398302 -0.09762618 0.22858016
v 4.42395782 -0.09760718 0.22858016
v 4.42503932 -0.09670918 0.22858016
v 4.42501412 -0.09668918 0.22858016
v 4.42612293 -0.09582518 0.22858016
v 4.42609872 -0.09580418 0.22858016
v 4.42723232 -0.09497619 0.22858016
v 4.42721032 -0.09495318 0.22858016
v 4.42836762 -0.09416218 0.22858016
v 4.42834752 -0.09413718 0.22858016
v 4.42952692 -0.09338418 0.22858016
v 4.42950993 -0.09335717 0.22858016
v 4.43071062 -0.09264219 0.22858016
v 4.43069582 -0.09261417 0.22858016
v 4.43191652 -0.09193718 0.22858016
v 4.43190412 -0.09190819 0.22858016
v 4.43314512 -0.09127018 0.22858016
v 4.43313412 -0.09123918 0.22858016
v 4.43439412 -0.09064019 0.22858016
v 4.43438432 -0.09061019 0.22858016
v 4.43566422 -0.09004918 0.22858016
v 4.43565322 -0.09001918 0.22858016
v 4.43695242 -0.08949818 0.22858016
v 4.43694012 -0.08946918 0.22858016
v 4.43825882 -0.08898619 0.22858016
v 4.43824342 -0.08895817 0.22858016
v 4.43957732 -0.08851717 0.22858016
v 4.43956182 -0.08848917 0.22858016
v 4.44090952 -0.08808918 0.22858016
v 4.44089452 -0.08806018 0.22858016
v 4.44225252 -0.08770318 0.22858016
v 4.44223972 -0.08767319 0.22858016
v 4.44360672 -0.08735917 0.22858016
v 4.44359622 -0.08732918 0.22858016
v 4.44496998 -0.08705719 0.22858016
v 4.44496304 -0.08702618 0.22858016
v 4.44634246 -0.08679818 0.22858016
v 4.44633837 -0.08676618 0.22858016
v 4.44772208 -0.08658218 0.22858016
v 4.44772104 -0.08655019 0.22858016
v 4.44910882 -0.08640818 0.22858016
v 4.44911009 -0.08637617 0.22858016
v 4.45050081 -0.08627818 0.22858016
v 4.45050368 -0.08624518 0.22858016
v 4.45189782 -0.08619118 0.22858016
v 4.45190064 -0.08615819 0.22858016
v 4.45329819 -0.08614717 0.22858016
v 4.45329989 -0.08611518 0.22858016
v 4.45470017 -0.08614717 0.22858016
v 4.45469953 -0.08611518 0.22858016
v 4.45610066 -0.08619018 0.22858016
v 4.45609844 -0.08615819 0.22858016
v 4.45749829 -0.08627818 0.22858016
v 4.45749558 -0.08624518 0.22858016
v 4.45889044 -0.08640818 0.22858016
v 4.45888914 -0.08637617 0.22858016
v 4.46027697 -0.08658218 0.22858016
v 4.46027799 -0.08654918 0.22858016
v 4.46165687 -0.08679818 0.22858016
v 4.46166104 -0.08676618 0.22858016
v 4.46302903 -0.08705719 0.22858016
v 4.46303640 -0.08702618 0.22858016
v 4.46439272 -0.08735917 0.22858016
v 4.46440302 -0.08732818 0.22858016
v 4.46574652 -0.08770318 0.22858016
v 4.46575972 -0.08767319 0.22858016
v 4.46708992 -0.08808918 0.22858016
v 4.46710482 -0.08806018 0.22858016
v 4.46842142 -0.08851717 0.22858016
v 4.46843732 -0.08848818 0.22858016
v 4.46974072 -0.08898619 0.22858016
v 4.46975612 -0.08895817 0.22858016
v 4.47104522 -0.08949718 0.22858016
v 4.47105932 -0.08946818 0.22858016
v 4.47233522 -0.09004918 0.22858016
v 4.47234612 -0.09001918 0.22858016
v 4.47360472 -0.09064019 0.22858016
v 4.47361542 -0.09060918 0.22858016
v 4.47485462 -0.09127018 0.22858016
v 4.47486532 -0.09123918 0.22858016
v 4.47608262 -0.09193718 0.22858016
v 4.47609522 -0.09190719 0.22858016
v 4.47728912 -0.09264219 0.22858016
v 4.47730392 -0.09261317 0.22858016
v 4.47847212 -0.09338418 0.22858016
v 4.47848982 -0.09335618 0.22858016
v 4.47963202 -0.09416218 0.22858016
v 4.47965212 -0.09413618 0.22858016
v 4.48076672 -0.09497519 0.22858016
v 4.48078972 -0.09495218 0.22858016
v 4.48187672 -0.09582518 0.22858016
v 4.48190112 -0.09580319 0.22858016
v 4.48295972 -0.09670818 0.22858016
v 4.48298562 -0.09668818 0.22858016
v 4.48401632 -0.09762618 0.22858016
v 4.48404222 -0.09760618 0.22858016
v 4.48504432 -0.09857719 0.22858016
v 4.48506952 -0.09855617 0.22858016
v 4.48604371 -0.09956118 0.22858016
v 4.48606682 -0.09953818 0.22858016
v 4.48701081 -0.10057418 0.22858016
v 4.48703331 -0.10055119 0.22858016
v 4.48794622 -0.10161718 0.22858016
v 4.48796751 -0.10159318 0.22858016
v 4.48884672 -0.10268718 0.22858016
v 4.48886902 -0.10266418 0.22858016
v 4.48971321 -0.10378417 0.22858016
v 4.48973691 -0.10376217 0.22858016
v 4.49054462 -0.10490618 0.22858016
v 4.49057002 -0.10488718 0.22858016
v 4.49134072 -0.10605418 0.22858016
v 4.49136791 -0.10603718 0.22858016
v 4.49210062 -0.10722517 0.22858016
v 4.49212962 -0.10721118 0.22858016
v 4.49282411 -0.10842017 0.22858016
v 4.49285432 -0.10840818 0.22858016
v 4.49351031 -0.10963718 0.22858016
v 4.49354152 -0.10962818 0.22858016
v 4.49415892 -0.11087618 0.22858016
v 4.49419062 -0.11086818 0.22858016
v 4.49476912 -0.11213618 0.22858016
v 4.49480062 -0.11212718 0.22858016
v 4.49534041 -0.11341518 0.22858016
v 4.49537121 -0.11340518 0.22858016
v 4.49587201 -0.11471317 0.22858016
v 4.49590191 -0.11470118 0.22858016
v 4.49636272 -0.11602618 0.22858016
v 4.49639191 -0.11601119 0.22858016
v 4.49681161 -0.11735117 0.22858016
v 4.49684101 -0.11733718 0.22858016
v 4.49721862 -0.11868918 0.22858016
v 4.49724862 -0.11867618 0.22858016
v 4.49758362 -0.12003818 0.22858016
v 4.49761411 -0.12002718 0.22858016
v 4.49790642 -0.12139618 0.22858016
v 4.49793762 -0.12138918 0.22858016
v 4.49818692 -0.12276518 0.22858016
v 4.49821882 -0.12276019 0.22858016
v 4.49842462 -0.12414118 0.22858016
v 4.49845701 -0.12413917 0.22858016
v 4.49861971 -0.12552418 0.22858016
v 4.49865232 -0.12552517 0.22858016
v 4.49877172 -0.12691317 0.22858016
v 4.49880411 -0.12691618 0.22858016
v 4.49888062 -0.12830818 0.22858016
v 4.49891291 -0.12831218 0.22858016
v 4.49894591 -0.12970719 0.22858016
v 4.42259453 -0.16300818 0.22599999
v 4.42161782 -0.16201618 0.22599999
v 4.48540532 -0.09921019 0.22599999
v 4.41500382 -0.10913018 0.22599999
v 4.41722193 -0.10559217 0.22599999
v 4.43022732 -0.09317918 0.22599999
v 4.41644512 -0.15547117 0.22599999
v 4.47777292 -0.09318018 0.22599999
v 4.47894112 -0.09393719 0.22599999
v 4.48439802 -0.09824918 0.22599999
v 4.42067202 -0.16099418 0.22599999
v 4.48336112 -0.09732018 0.22599999
v 4.41722083 -0.15662717 0.22599999
v 4.41570562 -0.15429118 0.22599999
v 4.47288242 -0.09052318 0.22599999
v 4.47413542 -0.09112918 0.22599999
v 4.41371232 -0.15062217 0.22599999
v 4.47536912 -0.09177518 0.22599999
v 4.41500332 -0.15308917 0.22599999
v 4.41433882 -0.15186518 0.22599999
v 4.47032272 -0.08942719 0.22599999
v 4.41206923 -0.14678318 0.22599999
v 4.46901862 -0.08894019 0.22599999
v 4.41312493 -0.14935918 0.22599999
v 4.41257703 -0.14807918 0.22599999
v 4.47161122 -0.08995518 0.22599999
v 4.41044852 -0.14145818 0.22599999
v 4.46502402 -0.08772418 0.22599999
v 4.41079132 -0.14280718 0.22599999
v 4.41117603 -0.14414617 0.22599999
v 4.46770002 -0.08849318 0.22599999
v 4.41160213 -0.14547118 0.22599999
v 4.46093371 -0.08688518 0.22599999
v 4.40988933 -0.13873018 0.22599999
v 4.40967363 -0.13735517 0.22599999
v 4.46366948 -0.08740218 0.22599999
v 4.41014773 -0.14009818 0.22599999
v 4.40937112 -0.13458618 0.22599999
v 4.40928462 -0.13319718 0.22599999
v 4.45678301 -0.08643217 0.22599999
v 4.40950082 -0.13597318 0.22599999
v 4.45955503 -0.08669119 0.22599999
v 4.45121739 -0.08643217 0.22599999
v 4.45260764 -0.08636717 0.22599999
v 4.40928473 -0.12902118 0.22599999
v 4.40924133 -0.13180518 0.22599999
v 4.45539226 -0.08636717 0.22599999
v 4.44844545 -0.08669119 0.22599999
v 4.44982917 -0.08654019 0.22599999
v 4.40950112 -0.12624518 0.22599999
v 4.40937133 -0.12763119 0.22599999
v 4.44569472 -0.08712318 0.22599999
v 4.41014803 -0.12212019 0.22599999
v 4.44433100 -0.08740218 0.22599999
v 4.40967392 -0.12486417 0.22599999
v 4.40988972 -0.12348819 0.22599999
v 4.44706676 -0.08688618 0.22599999
v 4.41117662 -0.11807318 0.22599999
v 4.44030072 -0.08849318 0.22599999
v 4.44163252 -0.08808818 0.22599999
v 4.41079173 -0.11941118 0.22599999
v 4.44297632 -0.08772418 0.22599999
v 4.41044863 -0.12076019 0.22599999
v 4.43638952 -0.08995518 0.22599999
v 4.43767782 -0.08942819 0.22599999
v 4.41257782 -0.11413918 0.22599999
v 4.43898192 -0.08894019 0.22599999
v 4.41160283 -0.11674718 0.22599999
v 4.41207013 -0.11543518 0.22599999
v 4.43263142 -0.09177518 0.22599999
v 4.41371282 -0.11159618 0.22599999
v 4.43511802 -0.09052318 0.22599999
v 4.41887953 -0.10335518 0.22599999
v 4.42067313 -0.10122518 0.22599999
v 4.42570412 -0.09642318 0.22599999
v 4.42791512 -0.09473118 0.22599999
v 4.41803342 -0.10446017 0.22599999
v 4.42360252 -0.09824918 0.22599999
v 4.42905922 -0.09393719 0.22599999
v 4.41433902 -0.11035318 0.22599999
v 4.42679652 -0.09556019 0.22599999
v 4.41312563 -0.11285917 0.22599999
v 4.42259532 -0.09921019 0.22599999
v 4.41570652 -0.10792718 0.22599999
v 4.41644602 -0.10674817 0.22599999
v 4.42161832 -0.10020318 0.22599999
v 4.41975972 -0.10227617 0.22599999
v 4.42463892 -0.09732018 0.22599999
v 4.43141832 -0.09245919 0.22599999
v 4.43386502 -0.09113018 0.22599999
v 4.45399992 -0.08634518 0.22599999
v 4.40924133 -0.13041317 0.22599999
v 4.45817076 -0.08654019 0.22599999
v 4.46230544 -0.08712219 0.22599999
v 4.46636782 -0.08808719 0.22599999
v 4.47658182 -0.09245919 0.22599999
v 4.48008492 -0.09473118 0.22599999
v 4.48120372 -0.09556019 0.22599999
v 4.41803222 -0.15775817 0.22599999
v 4.41887862 -0.15886418 0.22599999
v 4.48229632 -0.09642318 0.22599999
v 4.41975863 -0.15994317 0.22599999
v 4.48638201 -0.10020218 0.22599999
v 4.42360182 -0.16396917 0.22599999
v 4.48732781 -0.10122518 0.22599999
v 4.48824122 -0.10227617 0.22599999
v 4.42463872 -0.16489918 0.22599999
v 4.48912121 -0.10335418 0.22599999
v 4.42570352 -0.16579617 0.22599999
v 4.42679612 -0.16665917 0.22599999
v 4.48996761 -0.10446017 0.22599999
v 4.49077902 -0.10559217 0.22599999
v 4.42791492 -0.16748818 0.22599999
v 4.49155471 -0.10674817 0.22599999
v 4.42905872 -0.16828118 0.22599999
v 4.43022692 -0.16903917 0.22599999
v 4.49229421 -0.10792818 0.22599999
v 4.49299651 -0.10913018 0.22599999
v 4.43141802 -0.16976018 0.22599999
v 4.49366102 -0.11035318 0.22599999
v 4.43263072 -0.17044418 0.22599999
v 4.43386442 -0.17108918 0.22599999
v 4.49428751 -0.11159718 0.22599999
v 4.43511742 -0.17169618 0.22599999
v 4.49487492 -0.11285917 0.22599999
v 4.43638862 -0.17226418 0.22599999
v 4.43767712 -0.17279217 0.22599999
v 4.49542282 -0.11413918 0.22599999
v 4.49593062 -0.11543618 0.22599999
v 4.43898122 -0.17327917 0.22599999
v 4.49639772 -0.11674718 0.22599999
v 4.44029982 -0.17372618 0.22600000
v 4.44163202 -0.17413118 0.22600000
v 4.49682382 -0.11807318 0.22599999
v 4.49720851 -0.11941118 0.22599999
v 4.44297582 -0.17449518 0.22600000
v 4.49755131 -0.12076118 0.22599999
v 4.44433036 -0.17481718 0.22600000
v 4.44569440 -0.17509618 0.22600000
v 4.49785212 -0.12212019 0.22599999
v 4.49811052 -0.12348918 0.22599999
v 4.44706613 -0.17533318 0.22600000
v 4.49832622 -0.12486417 0.22599999
v 4.44844481 -0.17552818 0.22600000
v 4.44982908 -0.17567919 0.22600000
v 4.49849901 -0.12624618 0.22599999
v 4.49862871 -0.12763218 0.22599999
v 4.45121683 -0.17578717 0.22600000
v 4.49871521 -0.12902218 0.22599999
v 4.45260758 -0.17585217 0.22600000
v 4.45399992 -0.17587318 0.22600000
v 4.49875852 -0.13041317 0.22599999
v 4.45539220 -0.17585117 0.22600000
v 4.49875852 -0.13180617 0.22599999
v 4.49871512 -0.13319718 0.22599999
v 4.49849871 -0.13597418 0.22599999
v 4.49832591 -0.13735517 0.22599999
v 4.45955439 -0.17552718 0.22600000
v 4.49862852 -0.13458718 0.22599999
v 4.45817067 -0.17567919 0.22600000
v 4.45678245 -0.17578618 0.22600000
v 4.49755122 -0.14145818 0.22599999
v 4.46366884 -0.17481618 0.22600000
v 4.49785182 -0.14009918 0.22599999
v 4.46230512 -0.17509618 0.22600000
v 4.46093308 -0.17533318 0.22600000
v 4.49811011 -0.13873118 0.22599999
v 4.46769912 -0.17372518 0.22600000
v 4.49682321 -0.14414617 0.22599999
v 4.49639702 -0.14547118 0.22599999
v 4.46502352 -0.17449518 0.22600000
v 4.49720812 -0.14280818 0.22599999
v 4.46636732 -0.17413118 0.22600000
v 4.49542201 -0.14808018 0.22599999
v 4.49487422 -0.14936017 0.22599999
v 4.47161032 -0.17226318 0.22599999
v 4.49592972 -0.14678318 0.22599999
v 4.47032202 -0.17279118 0.22599999
v 4.49229331 -0.15429118 0.22599999
v 4.47658152 -0.16976018 0.22599999
v 4.47536842 -0.17044418 0.22599999
v 4.47413482 -0.17108918 0.22599999
v 4.47288182 -0.17169618 0.22599999
v 4.49366081 -0.15186618 0.22599999
v 4.47894062 -0.16828217 0.22599999
v 4.48638152 -0.16201618 0.22599999
v 4.48008472 -0.16748818 0.22599999
v 4.49155381 -0.15547117 0.22599999
v 4.47777252 -0.16903917 0.22599999
v 4.48732672 -0.16099418 0.22599999
v 4.48824011 -0.15994317 0.22599999
v 4.49428701 -0.15062217 0.22599999
v 4.48336092 -0.16489918 0.22599999
v 4.48229572 -0.16579617 0.22599999
v 4.48120332 -0.16665917 0.22599999
v 4.49299601 -0.15308917 0.22599999
v 4.48912032 -0.15886418 0.22599999
v 4.48996641 -0.15775917 0.22599999
v 4.48439732 -0.16396917 0.22599999
v 4.48540451 -0.16300818 0.22599999
v 4.49077792 -0.15662717 0.22599999
v 4.46901792 -0.17327818 0.22599999
v 4.40941708 -0.13726133 0.22755007
v 4.40988562 -0.14001996 0.22755007
v 4.40967342 -0.13889639 0.22858016
v 4.41024376 -0.14163866 0.22858016
v 4.41435742 -0.15243387 0.22755007
v 4.41617100 -0.15549062 0.22755007
v 4.41452440 -0.15274123 0.22858016
v 4.42233184 -0.16308717 0.22755007
v 4.42437799 -0.16499195 0.22755007
v 4.42305281 -0.16379806 0.22858016
v 4.41989812 -0.16049161 0.22755007
v 4.42013032 -0.16075883 0.22858016
v 4.42849315 -0.16819955 0.22858016
v 4.42565416 -0.16606661 0.22858016
v 4.42705462 -0.16716801 0.22755007
v 4.42997994 -0.16916853 0.22755007
v 4.43295523 -0.17090168 0.22755007
v 4.43206118 -0.17041592 0.22858016
v 4.45387646 -0.17611452 0.22755008
v 4.45412356 -0.17611452 0.22858016
v 4.45132418 -0.17603440 0.22858016
v 4.45667593 -0.17603443 0.22755008
v 4.45969944 -0.17575217 0.22858016
v 4.46222029 -0.17535684 0.22755008
v 4.46246314 -0.17531101 0.22858016
v 4.46896630 -0.17355266 0.22755007
v 4.46992594 -0.17321157 0.22858016
v 4.46591650 -0.17451694 0.22858016
v 4.47158059 -0.17253826 0.22755007
v 4.47626591 -0.17023086 0.22858016
v 4.47311010 -0.17185541 0.22858016
v 4.47471084 -0.17107571 0.22755007
v 4.47918077 -0.16840979 0.22858016
v 4.47833896 -0.16897535 0.22755007
v 4.48124664 -0.16692916 0.22755007
v 4.48144279 -0.16677908 0.22858016
v 4.48342329 -0.16516335 0.22755007
v 4.48360976 -0.16500134 0.22858016
v 4.48594823 -0.16282018 0.22755007
v 4.48876454 -0.15970408 0.22755007
v 4.48759570 -0.16105531 0.22858016
v 4.48566446 -0.16309095 0.22858016
v 4.48986315 -0.15831388 0.22858016
v 4.49127356 -0.15634670 0.22755007
v 4.49224218 -0.15485334 0.22858016
v 4.49313805 -0.15332744 0.22755007
v 4.49393978 -0.15185168 0.22858016
v 4.49473527 -0.15026365 0.22755007
v 4.49545485 -0.14865164 0.22858016
v 4.49610855 -0.14699266 0.22755007
v 4.49701673 -0.14433742 0.22755007
v 4.49666863 -0.14541993 0.22858016
v 4.49775675 -0.14163474 0.22755007
v 4.49767087 -0.14202259 0.22858016
v 4.49832693 -0.13888963 0.22755007
v 4.49836898 -0.13864618 0.22858016
v 4.49872510 -0.13611939 0.22755007
v 4.49875194 -0.13587379 0.22858016
v 4.49894967 -0.13333275 0.22755007
v 4.49896120 -0.13308611 0.22858016
v 4.49899992 -0.13110918 0.22755007
v 4.49899992 -0.13110918 0.22858016
v 4.46557842 -0.17460845 0.22755008
v 4.45945420 -0.17578284 0.22755008
v 4.45692247 -0.17601907 0.22858016
v 4.45107760 -0.17601904 0.22755008
v 4.44791220 -0.17570969 0.22858016
v 4.44756516 -0.17566083 0.22755008
v 4.44442922 -0.17508509 0.22858016
v 4.44342153 -0.17486288 0.22755008
v 4.44170170 -0.17440190 0.22858016
v 4.43902984 -0.17355216 0.22858016
v 4.44009384 -0.17391253 0.22755008
v 4.43676709 -0.17269472 0.22755007
v 4.43582418 -0.17229114 0.22858016
v 4.41775809 -0.15779209 0.22755007
v 4.41790502 -0.15799046 0.22858016
v 4.41630542 -0.15569791 0.22858016
v 4.41285395 -0.14934286 0.22755007
v 4.41295469 -0.14956849 0.22858016
v 4.41188863 -0.14698734 0.22858016
v 4.41153432 -0.14604139 0.22755007
v 4.41098419 -0.14434322 0.22858016
v 4.41052501 -0.14274567 0.22755007
v 4.40919904 -0.13548411 0.22858016
v 4.40912119 -0.13447736 0.22755007
v 4.40898239 -0.13110946 0.22858016
v 4.40898897 -0.13110936 0.22755007
v 4.40903873 -0.12913063 0.22858016
v 4.40899992 -0.13110918 0.22755007
v 4.40899992 -0.13110918 0.22858016
v 4.40924801 -0.12634457 0.22858016
v 4.40905027 -0.12888382 0.22755007
v 4.40967361 -0.12332517 0.22755007
v 4.41018472 -0.12082985 0.22858016
v 4.41024182 -0.12058954 0.22755007
v 4.41180053 -0.11546893 0.22858016
v 4.41098206 -0.11788542 0.22755007
v 4.41091011 -0.11812176 0.22858016
v 4.41651832 -0.10618178 0.22858016
v 4.41452661 -0.10947388 0.22755007
v 4.41436021 -0.10978023 0.22858016
v 4.41671351 -0.10589082 0.22755007
v 4.41900032 -0.10280247 0.22858016
v 4.41876636 -0.10310836 0.22755007
v 4.42179395 -0.09966054 0.22858016
v 4.42438966 -0.09721838 0.22858016
v 4.42251736 -0.09894937 0.22755007
v 4.43937831 -0.08853678 0.22858016
v 4.43772872 -0.08914912 0.22755007
v 4.43615240 -0.08979483 0.22858016
v 4.44830120 -0.08646731 0.22858016
v 4.44515854 -0.08697225 0.22755007
v 4.44553623 -0.08690719 0.22858016
v 4.44277081 -0.08752808 0.22858016
v 4.45387634 -0.08610506 0.22858016
v 4.45730336 -0.08621667 0.22858016
v 4.45412333 -0.08610506 0.22755007
v 4.45132367 -0.08618371 0.22755007
v 4.46147312 -0.08671988 0.22858016
v 4.45973201 -0.08647099 0.22755007
v 4.46246315 -0.08690742 0.22755007
v 4.46896995 -0.08866717 0.22858016
v 4.47157790 -0.08967918 0.22858016
v 4.46992728 -0.08900742 0.22755007
v 4.46591730 -0.08770175 0.22755007
v 4.47559950 -0.09162640 0.22755007
v 4.47311535 -0.09036550 0.22755007
v 4.47470385 -0.09113920 0.22858016
v 4.48012711 -0.09446423 0.22858016
v 4.47801117 -0.09304419 0.22755007
v 4.47780183 -0.09291299 0.22858016
v 4.48235294 -0.09615876 0.22858016
v 4.48093492 -0.09504288 0.22755007
v 4.48447642 -0.09799370 0.22858016
v 4.48418783 -0.09771846 0.22755007
v 4.48646968 -0.09994559 0.22858016
v 4.48664046 -0.10012455 0.22755007
v 4.48834165 -0.10202184 0.22858016
v 4.48850088 -0.10221092 0.22755007
v 4.49047390 -0.10472968 0.22858016
v 4.49067947 -0.10501638 0.22755007
v 4.49243936 -0.10770286 0.22858016
v 4.49256721 -0.10791410 0.22755007
v 4.49393491 -0.11035779 0.22755007
v 4.49382030 -0.11013877 0.22858016
v 4.49531161 -0.11323143 0.22858016
v 4.49514567 -0.11287474 0.22755007
v 4.49620345 -0.11547829 0.22755007
v 4.49679971 -0.11716397 0.22858016
v 4.49709163 -0.11812524 0.22755007
v 4.49775677 -0.12058371 0.22858016
v 4.49781391 -0.12082420 0.22755007
v 4.49832644 -0.12332308 0.22858016
v 4.49836853 -0.12356651 0.22755007
v 4.49883370 -0.12708600 0.22755007
v 4.49880092 -0.12673580 0.22858016
v 4.49901086 -0.13110900 0.22755007
v 4.49901743 -0.13110889 0.22858016
v 4.46557968 -0.08761035 0.22858016
v 4.45692264 -0.08619910 0.22755007
v 4.45107696 -0.08619907 0.22858016
v 4.44854655 -0.08643664 0.22755007
v 4.44108016 -0.08798948 0.22755007
v 4.43515237 -0.09024128 0.22755007
v 4.43361828 -0.09098425 0.22858016
v 4.43206887 -0.09179954 0.22755007
v 4.43118404 -0.09231719 0.22858016
v 4.42902450 -0.09367046 0.22755007
v 4.42881908 -0.09380832 0.22858016
v 4.42674618 -0.09529564 0.22755007
v 4.42654998 -0.09544586 0.22858016
v 4.42457621 -0.09705630 0.22755007
v 4.42058974 -0.10095656 0.22755007
v 4.41285418 -0.11287650 0.22858016
v 4.41295491 -0.11265084 0.22755007
v 4.41188705 -0.11523742 0.22755007
v 4.40963153 -0.12356879 0.22858016
v 4.40927485 -0.12609905 0.22755007
v 4.45260143 -0.08616719 0.22620015
v 4.45399992 -0.08634518 0.22599999
v 4.45260764 -0.08636717 0.22599999
v 4.45121739 -0.08643217 0.22599999
v 4.44981048 -0.08634119 0.22620015
v 4.45120495 -0.08623218 0.22620015
v 4.44703578 -0.08668818 0.22620015
v 4.44706676 -0.08688618 0.22599999
v 4.44565750 -0.08692618 0.22620015
v 4.44844545 -0.08669119 0.22599999
v 4.44842061 -0.08649318 0.22620015
v 4.44982917 -0.08654019 0.22599999
v 4.44297632 -0.08772418 0.22599999
v 4.44157712 -0.08789618 0.22620015
v 4.44292712 -0.08753018 0.22620015
v 4.44433100 -0.08740218 0.22599999
v 4.44428776 -0.08720718 0.22620015
v 4.44569472 -0.08712318 0.22599999
v 4.43760472 -0.08924118 0.22620015
v 4.43898192 -0.08894019 0.22599999
v 4.43767782 -0.08942819 0.22599999
v 4.44023952 -0.08830318 0.22620015
v 4.44030072 -0.08849318 0.22599999
v 4.43891482 -0.08875218 0.22620015
v 4.43386502 -0.09113018 0.22599999
v 4.43253592 -0.09159918 0.22620015
v 4.43377482 -0.09095117 0.22620015
v 4.43511802 -0.09052318 0.22599999
v 4.43503362 -0.09034118 0.22620015
v 4.43638952 -0.08995518 0.22599999
v 4.42894782 -0.09377117 0.22620015
v 4.43022732 -0.09317918 0.22599999
v 4.42905922 -0.09393719 0.22599999
v 4.43131742 -0.09228618 0.22620015
v 4.43141832 -0.09245919 0.22599999
v 4.43012093 -0.09301019 0.22620015
v 4.42570412 -0.09642318 0.22599999
v 4.42450782 -0.09716917 0.22620015
v 4.42557762 -0.09626818 0.22620015
v 4.42679652 -0.09556019 0.22599999
v 4.42667482 -0.09540118 0.22620015
v 4.42791512 -0.09473118 0.22599999
v 4.42147373 -0.10006518 0.22620015
v 4.42161832 -0.10020318 0.22599999
v 4.42052403 -0.10109117 0.22620015
v 4.42346652 -0.09810218 0.22620015
v 4.42360252 -0.09824918 0.22599999
v 4.42245492 -0.09906818 0.22620015
v 4.41803342 -0.10446017 0.22599999
v 4.41787262 -0.10434117 0.22620015
v 4.41887953 -0.10335518 0.22599999
v 4.41975972 -0.10227617 0.22599999
v 4.41960672 -0.10214717 0.22620015
v 4.42067313 -0.10122518 0.22599999
v 4.41553533 -0.10782417 0.22620015
v 4.41570652 -0.10792718 0.22599999
v 4.41482973 -0.10903118 0.22620015
v 4.41705763 -0.10547718 0.22620015
v 4.41722193 -0.10559217 0.22599999
v 4.41627822 -0.10663917 0.22620015
v 4.41312563 -0.11285917 0.22599999
v 4.41294292 -0.11277718 0.22620015
v 4.41371282 -0.11159618 0.22599999
v 4.41353283 -0.11150917 0.22620015
v 4.41416192 -0.11026018 0.22620015
v 4.41433902 -0.11035318 0.22599999
v 4.41141343 -0.11668318 0.22620015
v 4.41160283 -0.11674718 0.22599999
v 4.41098523 -0.11801419 0.22620015
v 4.41239272 -0.11406318 0.22620015
v 4.41257782 -0.11413918 0.22599999
v 4.41188272 -0.11536517 0.22620015
v 4.41014803 -0.12212019 0.22599999
v 4.40995202 -0.12208019 0.22620015
v 4.41044863 -0.12076019 0.22599999
v 4.41079173 -0.11941118 0.22599999
v 4.41059862 -0.11935918 0.22620015
v 4.41117662 -0.11807318 0.22599999
v 4.40930233 -0.12622318 0.22620015
v 4.40967392 -0.12486417 0.22599999
v 4.40950112 -0.12624518 0.22599999
v 4.40969253 -0.12345418 0.22620015
v 4.40988972 -0.12348819 0.22599999
v 4.40947592 -0.12483518 0.22620015
v 4.40928473 -0.12902118 0.22599999
v 4.40924133 -0.13041317 0.22599999
v 4.40904132 -0.13041018 0.22620015
v 4.40937133 -0.12763119 0.22599999
v 4.40908492 -0.12901218 0.22620015
v 4.40917193 -0.12761618 0.22620015
v 4.40937112 -0.13458618 0.22599999
v 4.40917182 -0.13460217 0.22620015
v 4.40928462 -0.13319718 0.22599999
v 4.40908483 -0.13320617 0.22620015
v 4.40904142 -0.13180817 0.22620015
v 4.40924133 -0.13180518 0.22599999
v 4.40969222 -0.13876418 0.22620015
v 4.40967363 -0.13735517 0.22599999
v 4.40988933 -0.13873018 0.22599999
v 4.40930203 -0.13599517 0.22620015
v 4.40950082 -0.13597318 0.22599999
v 4.40947563 -0.13738217 0.22620015
v 4.41025393 -0.14150418 0.22620015
v 4.41044852 -0.14145818 0.22599999
v 4.41059832 -0.14286018 0.22620015
v 4.41014773 -0.14009818 0.22599999
v 4.40995182 -0.14013917 0.22620015
v 4.41117603 -0.14414617 0.22599999
v 4.41160213 -0.14547118 0.22599999
v 4.41141263 -0.14553518 0.22620015
v 4.41098462 -0.14420418 0.22620015
v 4.41079132 -0.14280718 0.22599999
v 4.41257703 -0.14807918 0.22599999
v 4.41294232 -0.14944118 0.22620015
v 4.41239192 -0.14815518 0.22620015
v 4.41188193 -0.14685317 0.22620015
v 4.41206923 -0.14678318 0.22599999
v 4.41433882 -0.15186518 0.22599999
v 4.41416153 -0.15195818 0.22620015
v 4.41371232 -0.15062217 0.22599999
v 4.41353242 -0.15070918 0.22620015
v 4.41312493 -0.14935918 0.22599999
v 4.41627722 -0.15558017 0.22620015
v 4.41553462 -0.15439517 0.22620015
v 4.41570562 -0.15429118 0.22599999
v 4.41482903 -0.15318718 0.22620015
v 4.41500332 -0.15308917 0.22599999
v 4.41787163 -0.15787817 0.22620015
v 4.41705653 -0.15674118 0.22620015
v 4.41722083 -0.15662717 0.22599999
v 4.41644512 -0.15547117 0.22599999
v 4.41960573 -0.16007217 0.22620015
v 4.41872163 -0.15898817 0.22620015
v 4.41887862 -0.15886418 0.22599999
v 4.41803222 -0.15775817 0.22599999
v 4.42147303 -0.16215418 0.22620015
v 4.42052332 -0.16112817 0.22620015
v 4.42067202 -0.16099418 0.22599999
v 4.41975863 -0.15994317 0.22599999
v 4.42346622 -0.16411617 0.22620015
v 4.42245422 -0.16315117 0.22620015
v 4.42259453 -0.16300818 0.22599999
v 4.42161782 -0.16201618 0.22599999
v 4.42360182 -0.16396917 0.22599999
v 4.42450732 -0.16505017 0.22620015
v 4.42463872 -0.16489918 0.22599999
v 4.42557722 -0.16595117 0.22620015
v 4.42667462 -0.16681818 0.22620015
v 4.42570352 -0.16579617 0.22599999
v 4.42679612 -0.16665917 0.22599999
v 4.42779822 -0.16765017 0.22620015
v 4.42791492 -0.16748818 0.22599999
v 4.42894722 -0.16844718 0.22620015
v 4.43012072 -0.16920918 0.22620015
v 4.42905872 -0.16828118 0.22599999
v 4.43022692 -0.16903917 0.22599999
v 4.43131702 -0.16993318 0.22620015
v 4.43141802 -0.16976018 0.22599999
v 4.43253532 -0.17061918 0.22620015
v 4.43377462 -0.17126817 0.22620015
v 4.43263072 -0.17044418 0.22599999
v 4.43386442 -0.17108918 0.22599999
v 4.43503302 -0.17187718 0.22620015
v 4.43511742 -0.17169618 0.22599999
v 4.43631002 -0.17244818 0.22620015
v 4.43760432 -0.17297817 0.22620015
v 4.43638862 -0.17226418 0.22599999
v 4.43767712 -0.17279217 0.22599999
v 4.43891412 -0.17346718 0.22620015
v 4.43898122 -0.17327917 0.22599999
v 4.44023872 -0.17391618 0.22620015
v 4.44157682 -0.17432318 0.22620015
v 4.44029982 -0.17372618 0.22600000
v 4.44163202 -0.17413118 0.22600000
v 4.44292652 -0.17468918 0.22620015
v 4.44297582 -0.17449518 0.22600000
v 4.44428718 -0.17501218 0.22620015
v 4.44565733 -0.17529317 0.22620015
v 4.44433036 -0.17481718 0.22600000
v 4.44569440 -0.17509618 0.22600000
v 4.44703514 -0.17553117 0.22620015
v 4.44706613 -0.17533318 0.22600000
v 4.44842001 -0.17572618 0.22620015
v 4.44981046 -0.17587818 0.22620015
v 4.44844481 -0.17552818 0.22600000
v 4.44982908 -0.17567919 0.22600000
v 4.45120440 -0.17598618 0.22620015
v 4.45121683 -0.17578717 0.22600000
v 4.45260137 -0.17605218 0.22620015
v 4.45399992 -0.17607317 0.22620015
v 4.45260758 -0.17585217 0.22600000
v 4.45399992 -0.17587318 0.22600000
v 4.41025412 -0.12071419 0.22620015
v 4.41207013 -0.11543518 0.22599999
v 4.41500382 -0.10913018 0.22599999
v 4.42463892 -0.09732018 0.22599999
v 4.41644602 -0.10674817 0.22599999
v 4.41872262 -0.10323017 0.22620015
v 4.42259532 -0.09921019 0.22599999
v 4.43263142 -0.09177518 0.22599999
v 4.42779862 -0.09456818 0.22620015
v 4.43631082 -0.08977118 0.22620015
v 4.44163252 -0.08808818 0.22599999
v 4.45399992 -0.08614518 0.22620015
v 4.45399992 -0.08614518 0.22620015
v 4.45539847 -0.08616719 0.22620015
v 4.45539226 -0.08636717 0.22599999
v 4.45957983 -0.08649318 0.22620015
v 4.45955503 -0.08669119 0.22599999
v 4.45818938 -0.08634119 0.22620015
v 4.45817076 -0.08654019 0.22599999
v 4.45678301 -0.08643217 0.22599999
v 4.45679544 -0.08623218 0.22620015
v 4.46366948 -0.08740218 0.22599999
v 4.46234251 -0.08692618 0.22620015
v 4.46371266 -0.08720718 0.22620015
v 4.46093371 -0.08688518 0.22599999
v 4.46096470 -0.08668818 0.22620015
v 4.46230544 -0.08712219 0.22599999
v 4.46776112 -0.08830218 0.22620015
v 4.46901862 -0.08894019 0.22599999
v 4.46770002 -0.08849318 0.22599999
v 4.46507332 -0.08753018 0.22620015
v 4.46636782 -0.08808719 0.22599999
v 4.46502402 -0.08772418 0.22599999
v 4.47288242 -0.09052318 0.22599999
v 4.47168982 -0.08977118 0.22620015
v 4.47296682 -0.09034118 0.22620015
v 4.47032272 -0.08942719 0.22599999
v 4.46908572 -0.08875118 0.22620015
v 4.47039552 -0.08924118 0.22620015
v 4.47668282 -0.09228618 0.22620015
v 4.47777292 -0.09318018 0.22599999
v 4.47658182 -0.09245919 0.22599999
v 4.47422522 -0.09095117 0.22620015
v 4.47536912 -0.09177518 0.22599999
v 4.47413542 -0.09112918 0.22599999
v 4.48120372 -0.09556019 0.22599999
v 4.48020162 -0.09456818 0.22620015
v 4.48132522 -0.09540118 0.22620015
v 4.47894112 -0.09393719 0.22599999
v 4.47787912 -0.09301019 0.22620015
v 4.47905262 -0.09377117 0.22620015
v 4.48453362 -0.09810218 0.22620015
v 4.48540532 -0.09921019 0.22599999
v 4.48439802 -0.09824918 0.22599999
v 4.48242262 -0.09626818 0.22620015
v 4.48336112 -0.09732018 0.22599999
v 4.48229632 -0.09642318 0.22599999
v 4.48824122 -0.10227617 0.22599999
v 4.48747651 -0.10109117 0.22620015
v 4.48839412 -0.10214717 0.22620015
v 4.48638201 -0.10020218 0.22599999
v 4.48652682 -0.10006518 0.22620015
v 4.48732781 -0.10122518 0.22599999
v 4.49094332 -0.10547818 0.22620015
v 4.49155471 -0.10674817 0.22599999
v 4.49077902 -0.10559217 0.22599999
v 4.49012822 -0.10434117 0.22620015
v 4.48996761 -0.10446017 0.22599999
v 4.48927822 -0.10323017 0.22620015
v 4.49366102 -0.11035318 0.22599999
v 4.49383832 -0.11026118 0.22620015
v 4.49428751 -0.11159718 0.22599999
v 4.49229421 -0.10792818 0.22599999
v 4.49246521 -0.10782417 0.22620015
v 4.49299651 -0.10913018 0.22599999
v 4.49560791 -0.11406418 0.22620015
v 4.49593062 -0.11543618 0.22599999
v 4.49542282 -0.11413918 0.22599999
v 4.49505751 -0.11277818 0.22620015
v 4.49487492 -0.11285917 0.22599999
v 4.49446741 -0.11151018 0.22620015
v 4.49720851 -0.11941118 0.22599999
v 4.49701521 -0.11801518 0.22620015
v 4.49740151 -0.11935918 0.22620015
v 4.49639772 -0.11674718 0.22599999
v 4.49658722 -0.11668318 0.22620015
v 4.49682382 -0.11807318 0.22599999
v 4.49830761 -0.12345418 0.22620015
v 4.49832622 -0.12486417 0.22599999
v 4.49811052 -0.12348918 0.22599999
v 4.49804801 -0.12208019 0.22620015
v 4.49785212 -0.12212019 0.22599999
v 4.49774592 -0.12071518 0.22620015
v 4.49871521 -0.12902218 0.22599999
v 4.49862871 -0.12763218 0.22599999
v 4.49882802 -0.12761618 0.22620015
v 4.49849901 -0.12624618 0.22599999
v 4.49852422 -0.12483618 0.22620015
v 4.49869782 -0.12622417 0.22620015
v 4.49875852 -0.13180617 0.22599999
v 4.49895851 -0.13180917 0.22620015
v 4.49871512 -0.13319718 0.22599999
v 4.49891502 -0.12901218 0.22620015
v 4.49895842 -0.13041018 0.22620015
v 4.49875852 -0.13041317 0.22599999
v 4.49869752 -0.13599517 0.22620015
v 4.49832591 -0.13735517 0.22599999
v 4.49849871 -0.13597418 0.22599999
v 4.49882792 -0.13460318 0.22620015
v 4.49862852 -0.13458718 0.22599999
v 4.49891491 -0.13320718 0.22620015
v 4.49804781 -0.14013917 0.22620015
v 4.49785182 -0.14009918 0.22599999
v 4.49830732 -0.13876518 0.22620015
v 4.49811011 -0.13873118 0.22599999
v 4.49852391 -0.13738317 0.22620015
v 4.49682321 -0.14414617 0.22599999
v 4.49740121 -0.14286018 0.22620015
v 4.49701462 -0.14420418 0.22620015
v 4.49755122 -0.14145818 0.22599999
v 4.49774571 -0.14150518 0.22620015
v 4.49720812 -0.14280818 0.22599999
v 4.49592972 -0.14678318 0.22599999
v 4.49611711 -0.14685317 0.22620015
v 4.49542201 -0.14808018 0.22599999
v 4.49658642 -0.14553618 0.22620015
v 4.49639702 -0.14547118 0.22599999
v 4.49505691 -0.14944118 0.22620015
v 4.49446702 -0.15070918 0.22620015
v 4.49428701 -0.15062217 0.22599999
v 4.49560711 -0.14815518 0.22620015
v 4.49487422 -0.14936017 0.22599999
v 4.49383791 -0.15195818 0.22620015
v 4.49317012 -0.15318718 0.22620015
v 4.49299601 -0.15308917 0.22599999
v 4.49366081 -0.15186618 0.22599999
v 4.49172161 -0.15558017 0.22620015
v 4.49077792 -0.15662717 0.22599999
v 4.49155381 -0.15547117 0.22599999
v 4.49229331 -0.15429118 0.22599999
v 4.49246452 -0.15439517 0.22620015
v 4.49012721 -0.15787717 0.22620015
v 4.48912032 -0.15886418 0.22599999
v 4.48996641 -0.15775917 0.22599999
v 4.49094222 -0.15674118 0.22620015
v 4.48839311 -0.16007217 0.22620015
v 4.48732672 -0.16099418 0.22599999
v 4.48824011 -0.15994317 0.22599999
v 4.48927721 -0.15898817 0.22620015
v 4.48554491 -0.16315117 0.22620015
v 4.48540451 -0.16300818 0.22599999
v 4.48652612 -0.16215418 0.22620015
v 4.48638152 -0.16201618 0.22599999
v 4.48747582 -0.16112717 0.22620015
v 4.48453332 -0.16411617 0.22620015
v 4.48439732 -0.16396917 0.22599999
v 4.48336092 -0.16489918 0.22599999
v 4.48349202 -0.16505017 0.22620015
v 4.48242222 -0.16595117 0.22620015
v 4.48229572 -0.16579617 0.22599999
v 4.48132502 -0.16681818 0.22620015
v 4.48120332 -0.16665917 0.22599999
v 4.48008472 -0.16748818 0.22599999
v 4.48020122 -0.16765017 0.22620015
v 4.47905202 -0.16844817 0.22620015
v 4.47894062 -0.16828217 0.22599999
v 4.47787892 -0.16920918 0.22620015
v 4.47777252 -0.16903917 0.22599999
v 4.47658152 -0.16976018 0.22599999
v 4.47668242 -0.16993318 0.22620015
v 4.47546392 -0.17061918 0.22620015
v 4.47536842 -0.17044418 0.22599999
v 4.47422502 -0.17126817 0.22620015
v 4.47413482 -0.17108918 0.22599999
v 4.47288182 -0.17169618 0.22599999
v 4.47296622 -0.17187718 0.22620015
v 4.47168902 -0.17244718 0.22620015
v 4.47161032 -0.17226318 0.22599999
v 4.47039512 -0.17297717 0.22620015
v 4.47032202 -0.17279118 0.22599999
v 4.46901792 -0.17327818 0.22599999
v 4.46908502 -0.17346718 0.22620015
v 4.46776032 -0.17391618 0.22620015
v 4.46769912 -0.17372518 0.22600000
v 4.46642272 -0.17432318 0.22620015
v 4.46636732 -0.17413118 0.22600000
v 4.46502352 -0.17449518 0.22600000
v 4.46507272 -0.17468818 0.22620015
v 4.46371208 -0.17501218 0.22620015
v 4.46366884 -0.17481618 0.22600000
v 4.46234234 -0.17529217 0.22620015
v 4.46230512 -0.17509618 0.22600000
v 4.46093308 -0.17533318 0.22600000
v 4.46096406 -0.17553017 0.22620015
v 4.45957923 -0.17572618 0.22620015
v 4.45955439 -0.17552718 0.22600000
v 4.45818936 -0.17587818 0.22620015
v 4.45817067 -0.17567919 0.22600000
v 4.45678245 -0.17578618 0.22600000
v 4.45679489 -0.17598618 0.22620015
v 4.45539841 -0.17605118 0.22620015
v 4.45539220 -0.17585117 0.22600000
v 4.45399992 -0.17607317 0.22620015
v 4.45399992 -0.17587318 0.22600000
v 4.49755131 -0.12076118 0.22599999
v 4.48912121 -0.10335418 0.22599999
v 4.49611792 -0.11536617 0.22620015
v 4.49317082 -0.10903218 0.22620015
v 4.48554561 -0.09906818 0.22620015
v 4.49172261 -0.10663917 0.22620015
v 4.48349252 -0.09716917 0.22620015
v 4.47161122 -0.08995518 0.22599999
v 4.48008492 -0.09473118 0.22599999
v 4.47546452 -0.09159918 0.22620015
v 4.46642302 -0.08789518 0.22620015
v 4.45399992 -0.08634518 0.22599999
v 4.40902153 -0.13250919 0.22755007
v 4.40924993 -0.13110918 0.22730009
v 4.40927193 -0.13250817 0.22730009
v 4.40933713 -0.13390217 0.22730009
v 4.40919572 -0.13530218 0.22755007
v 4.40908692 -0.13390718 0.22755007
v 4.40954282 -0.13808017 0.22755007
v 4.40979193 -0.13805217 0.22730009
v 4.40978103 -0.13945917 0.22755007
v 4.40959743 -0.13667517 0.22730009
v 4.40934753 -0.13669417 0.22755007
v 4.40944593 -0.13529218 0.22730009
v 4.41062883 -0.14213217 0.22730009
v 4.41075123 -0.14354218 0.22755007
v 4.41038572 -0.14219218 0.22755007
v 4.41030783 -0.14078217 0.22730009
v 4.41006223 -0.14083018 0.22755007
v 4.41002873 -0.13942117 0.22730009
v 4.41209792 -0.14751818 0.22755007
v 4.41184092 -0.14611518 0.22730009
v 4.41232713 -0.14741718 0.22730009
v 4.41115882 -0.14488218 0.22755007
v 4.41139563 -0.14480018 0.22730009
v 4.41160792 -0.14620718 0.22755007
v 4.41402862 -0.15123118 0.22730009
v 4.41445832 -0.15259118 0.22755007
v 4.41380923 -0.15135118 0.22755007
v 4.41342133 -0.14997617 0.22730009
v 4.41319923 -0.15009118 0.22755007
v 4.41285403 -0.14870418 0.22730009
v 4.41663192 -0.15618218 0.22755007
v 4.41608682 -0.15488217 0.22730009
v 4.41684643 -0.15605318 0.22730009
v 4.41514553 -0.15381018 0.22755007
v 4.41536302 -0.15368717 0.22730009
v 4.41587022 -0.15500818 0.22755007
v 4.41933222 -0.15940618 0.22730009
v 4.42003232 -0.16062517 0.22755007
v 4.41913083 -0.15955518 0.22755007
v 4.41846983 -0.15831518 0.22730009
v 4.41826292 -0.15845617 0.22755007
v 4.41764113 -0.15719817 0.22730009
v 4.42293032 -0.16366217 0.22755007
v 4.42310192 -0.16348017 0.22730009
v 4.42395762 -0.16461318 0.22755007
v 4.42096652 -0.16166718 0.22755007
v 4.42115443 -0.16150218 0.22730009
v 4.42193303 -0.16268017 0.22755007
v 4.42735002 -0.16705918 0.22730009
v 4.42721012 -0.16726617 0.22755007
v 4.42624532 -0.16621318 0.22730009
v 4.42516902 -0.16533417 0.22730009
v 4.42501422 -0.16553118 0.22755007
v 4.42412062 -0.16442318 0.22730009
v 4.43069592 -0.16960517 0.22755007
v 4.43082222 -0.16938918 0.22730009
v 4.43190462 -0.17031217 0.22755007
v 4.42834772 -0.16808217 0.22755007
v 4.42848112 -0.16787017 0.22730009
v 4.42951002 -0.16886217 0.22755007
v 4.43576782 -0.17197717 0.22730009
v 4.43565372 -0.17220018 0.22755007
v 4.43450482 -0.17139018 0.22730009
v 4.43438442 -0.17160917 0.22755007
v 4.43313452 -0.17098018 0.22755007
v 4.43325822 -0.17076217 0.22730009
v 4.43956252 -0.17373117 0.22755008
v 4.43965062 -0.17349618 0.22730009
v 4.44089502 -0.17415918 0.22755008
v 4.43694052 -0.17275118 0.22755007
v 4.43704742 -0.17252418 0.22730009
v 4.43824372 -0.17326117 0.22755007
v 4.44500723 -0.17494618 0.22730009
v 4.44496344 -0.17519318 0.22755008
v 4.44365162 -0.17464618 0.22730009
v 4.44230652 -0.17430418 0.22730009
v 4.44224012 -0.17454618 0.22755008
v 4.44097222 -0.17392118 0.22730009
v 4.44911070 -0.17584317 0.22755008
v 4.44774505 -0.17542017 0.22730009
v 4.44912544 -0.17559318 0.22730009
v 4.44633880 -0.17545218 0.22755008
v 4.44637195 -0.17520418 0.22730009
v 4.44772185 -0.17566917 0.22755008
v 4.45190523 -0.17581018 0.22730009
v 4.45330169 -0.17585418 0.22730009
v 4.45330032 -0.17610418 0.22755008
v 4.45051213 -0.17572317 0.22730009
v 4.45190140 -0.17606018 0.22755008
v 4.45050426 -0.17597319 0.22755008
v 4.45748844 -0.17572317 0.22730009
v 4.45749616 -0.17597319 0.22755008
v 4.45609621 -0.17581018 0.22730009
v 4.45609920 -0.17606018 0.22755008
v 4.45469995 -0.17610418 0.22755008
v 4.45469989 -0.17585418 0.22730009
v 4.46166147 -0.17545218 0.22755008
v 4.46025556 -0.17542017 0.22730009
v 4.46162839 -0.17520418 0.22730009
v 4.45888975 -0.17584317 0.22755008
v 4.45887497 -0.17559318 0.22730009
v 4.46027880 -0.17566917 0.22755008
v 4.46440362 -0.17489018 0.22755008
v 4.46434862 -0.17464618 0.22730009
v 4.46576012 -0.17454518 0.22755008
v 4.46299342 -0.17494618 0.22730009
v 4.46303680 -0.17519217 0.22755008
v 4.46702792 -0.17392118 0.22730009
v 4.46835012 -0.17349618 0.22730009
v 4.46843802 -0.17373019 0.22755008
v 4.46710532 -0.17415818 0.22755008
v 4.46569422 -0.17430418 0.22730009
v 4.47095322 -0.17252418 0.22730009
v 4.47234662 -0.17219918 0.22755007
v 4.47105972 -0.17275018 0.22755007
v 4.46975642 -0.17326018 0.22755007
v 4.46965842 -0.17303018 0.22730009
v 4.47474162 -0.17076217 0.22730009
v 4.47486572 -0.17097918 0.22755007
v 4.47349602 -0.17138917 0.22730009
v 4.47361552 -0.17160917 0.22755007
v 4.47223222 -0.17197717 0.22730009
v 4.47848992 -0.16886117 0.22755007
v 4.47730402 -0.16960517 0.22755007
v 4.47717772 -0.16938918 0.22730009
v 4.47609572 -0.17031118 0.22755007
v 4.47597142 -0.17009419 0.22730009
v 4.48078952 -0.16726617 0.22755007
v 4.47965232 -0.16808117 0.22755007
v 4.47951882 -0.16787017 0.22730009
v 4.47836132 -0.16864718 0.22730009
v 4.48298572 -0.16553018 0.22755007
v 4.48190112 -0.16641518 0.22755007
v 4.48175472 -0.16621218 0.22730009
v 4.48065052 -0.16705818 0.22730009
v 4.48506952 -0.16366217 0.22755007
v 4.48404202 -0.16461217 0.22755007
v 4.48387952 -0.16442218 0.22730009
v 4.48283152 -0.16533417 0.22730009
v 4.48703331 -0.16166718 0.22755007
v 4.48606702 -0.16268017 0.22755007
v 4.48588752 -0.16250617 0.22730009
v 4.48489852 -0.16348017 0.22730009
v 4.48684601 -0.16150218 0.22730009
v 4.48796771 -0.16062517 0.22755007
v 4.48777311 -0.16046817 0.22730009
v 4.48886932 -0.15955418 0.22755007
v 4.48973702 -0.15845617 0.22755007
v 4.48866822 -0.15940518 0.22730009
v 4.48953041 -0.15831518 0.22730009
v 4.49057022 -0.15733218 0.22755007
v 4.49035922 -0.15719717 0.22730009
v 4.49136811 -0.15618118 0.22755007
v 4.49212971 -0.15500718 0.22755007
v 4.49115412 -0.15605218 0.22730009
v 4.49191371 -0.15488117 0.22730009
v 4.49285451 -0.15381018 0.22755007
v 4.49263792 -0.15368518 0.22730009
v 4.49354161 -0.15259018 0.22755007
v 4.49419042 -0.15135118 0.22755007
v 4.49332432 -0.15246717 0.22730009
v 4.49397141 -0.15123018 0.22730009
v 4.49480042 -0.15009118 0.22755007
v 4.49457872 -0.14997517 0.22730009
v 4.49537092 -0.14881318 0.22755007
v 4.49590141 -0.14751818 0.22755007
v 4.49514601 -0.14870318 0.22730009
v 4.49567281 -0.14741718 0.22730009
v 4.49639141 -0.14620618 0.22755007
v 4.49615911 -0.14611518 0.22730009
v 4.49684051 -0.14488117 0.22755007
v 4.49724811 -0.14354218 0.22755007
v 4.49660432 -0.14479918 0.22730009
v 4.49700852 -0.14347118 0.22730009
v 4.49761402 -0.14219118 0.22755007
v 4.49737111 -0.14213217 0.22730009
v 4.49793751 -0.14082917 0.22755007
v 4.49821832 -0.13945817 0.22755007
v 4.49769222 -0.14078117 0.22730009
v 4.49797121 -0.13942117 0.22730009
v 4.49845662 -0.13807918 0.22755007
v 4.49820822 -0.13805217 0.22730009
v 4.49865202 -0.13669317 0.22755007
v 4.49880411 -0.13530218 0.22755007
v 4.49840242 -0.13667517 0.22730009
v 4.49855421 -0.13529117 0.22730009
v 4.49891271 -0.13390618 0.22755007
v 4.49866272 -0.13390217 0.22730009
v 4.49897791 -0.13250919 0.22755007
v 4.49899992 -0.13110918 0.22755007
v 4.49872792 -0.13250817 0.22730009
v 4.49874991 -0.13110918 0.22730009
v 4.44359682 -0.17489018 0.22755008
v 4.43834172 -0.17303018 0.22730009
v 4.43203092 -0.17009518 0.22730009
v 4.42022713 -0.16046817 0.22730009
v 4.42963962 -0.16864818 0.22730009
v 4.42609872 -0.16641618 0.22755007
v 4.42211262 -0.16250617 0.22730009
v 4.41467653 -0.15246918 0.22730009
v 4.41742982 -0.15733218 0.22755007
v 4.41262862 -0.14881318 0.22755007
v 4.41099152 -0.14347217 0.22730009
v 4.40899992 -0.13110918 0.22755007
v 4.40899992 -0.13110918 0.22755007
v 4.40902192 -0.12971018 0.22755007
v 4.40927173 -0.12971417 0.22730009
v 4.40934783 -0.12552617 0.22755007
v 4.40959642 -0.12555218 0.22730009
v 4.40919572 -0.12691718 0.22755007
v 4.40944503 -0.12693518 0.22730009
v 4.40933682 -0.12832218 0.22730009
v 4.40908712 -0.12831218 0.22755007
v 4.41030613 -0.12144418 0.22730009
v 4.40978153 -0.12276019 0.22755007
v 4.41006232 -0.12138918 0.22755007
v 4.40979043 -0.12417517 0.22730009
v 4.40954323 -0.12414019 0.22755007
v 4.41002713 -0.12280518 0.22730009
v 4.41115932 -0.11733818 0.22755007
v 4.41184222 -0.11610019 0.22730009
v 4.41139563 -0.11741918 0.22730009
v 4.41038583 -0.12002818 0.22755007
v 4.41099052 -0.11875018 0.22730009
v 4.41062743 -0.12009218 0.22730009
v 4.41342793 -0.11222918 0.22730009
v 4.41262893 -0.11340618 0.22755007
v 4.41319943 -0.11212818 0.22755007
v 4.41233023 -0.11479417 0.22730009
v 4.41160842 -0.11601218 0.22755007
v 4.41209842 -0.11470118 0.22755007
v 4.41514532 -0.10840918 0.22755007
v 4.41608352 -0.10734118 0.22730009
v 4.41536352 -0.10853117 0.22730009
v 4.41380943 -0.11086818 0.22755007
v 4.41468072 -0.10974217 0.22730009
v 4.41403513 -0.11097517 0.22730009
v 4.41845942 -0.10391718 0.22730009
v 4.41742963 -0.10488718 0.22755007
v 4.41826283 -0.10376217 0.22755007
v 4.41683983 -0.10617618 0.22730009
v 4.41587012 -0.10721118 0.22755007
v 4.41663172 -0.10603718 0.22755007
v 4.42096652 -0.10055119 0.22755007
v 4.42211092 -0.09971417 0.22730009
v 4.42114783 -0.10072317 0.22730009
v 4.41913053 -0.10266418 0.22755007
v 4.42021793 -0.10176117 0.22730009
v 4.41932163 -0.10282617 0.22730009
v 4.42517972 -0.09687517 0.22730009
v 4.42395782 -0.09760718 0.22755007
v 4.42501412 -0.09668918 0.22755007
v 4.42310462 -0.09873618 0.22730009
v 4.42293032 -0.09855717 0.22755007
v 4.42412852 -0.09778918 0.22730009
v 4.42834752 -0.09413718 0.22755007
v 4.42964562 -0.09356718 0.22730009
v 4.42849192 -0.09434117 0.22730009
v 4.42721032 -0.09495318 0.22755007
v 4.42736212 -0.09515119 0.22730009
v 4.42609872 -0.09580418 0.22755007
v 4.43324622 -0.09146318 0.22730009
v 4.43313412 -0.09123918 0.22755007
v 4.43448922 -0.09083718 0.22730009
v 4.43082352 -0.09282918 0.22730009
v 4.43069582 -0.09261417 0.22755007
v 4.43202352 -0.09212717 0.22730009
v 4.43694012 -0.08946918 0.22755007
v 4.43833512 -0.08919118 0.22730009
v 4.43703502 -0.08970019 0.22730009
v 4.43565322 -0.09001918 0.22755007
v 4.43575312 -0.09024818 0.22730009
v 4.43438432 -0.09061019 0.22755007
v 4.44230942 -0.08791318 0.22730009
v 4.44089452 -0.08806018 0.22755007
v 4.44223972 -0.08767319 0.22755007
v 4.43964722 -0.08872318 0.22730009
v 4.43956182 -0.08848917 0.22755007
v 4.44097302 -0.08829719 0.22730009
v 4.44633837 -0.08676618 0.22755007
v 4.44775251 -0.08679818 0.22730009
v 4.44637958 -0.08701318 0.22730009
v 4.44496304 -0.08702618 0.22755007
v 4.44501376 -0.08727118 0.22730009
v 4.44359622 -0.08732918 0.22755007
v 4.45190801 -0.08640818 0.22730009
v 4.45051777 -0.08649518 0.22730009
v 4.45050368 -0.08624518 0.22755007
v 4.44913253 -0.08662517 0.22730009
v 4.44772104 -0.08655019 0.22755007
v 4.44911009 -0.08637617 0.22755007
v 4.45469677 -0.08636518 0.22730009
v 4.45469953 -0.08611518 0.22755007
v 4.45609048 -0.08640818 0.22730009
v 4.45190064 -0.08615819 0.22755007
v 4.45329989 -0.08611518 0.22755007
v 4.45330159 -0.08636518 0.22730009
v 4.45888914 -0.08637617 0.22755007
v 4.46024654 -0.08679718 0.22730009
v 4.45886674 -0.08662517 0.22730009
v 4.45749558 -0.08624518 0.22755007
v 4.45748133 -0.08649518 0.22730009
v 4.45609844 -0.08615819 0.22755007
v 4.46303640 -0.08702618 0.22755007
v 4.46298526 -0.08727118 0.22730009
v 4.46166104 -0.08676618 0.22755007
v 4.46161975 -0.08701318 0.22730009
v 4.46027799 -0.08654918 0.22755007
v 4.46702652 -0.08829719 0.22730009
v 4.46575972 -0.08767319 0.22755007
v 4.46710482 -0.08806018 0.22755007
v 4.46434232 -0.08757117 0.22730009
v 4.46440302 -0.08732818 0.22755007
v 4.46568952 -0.08791318 0.22730009
v 4.46966442 -0.08919118 0.22730009
v 4.46975612 -0.08895817 0.22755007
v 4.47096262 -0.08969918 0.22730009
v 4.46843732 -0.08848818 0.22755007
v 4.46835152 -0.08872318 0.22730009
v 4.47234612 -0.09001918 0.22755007
v 4.47361542 -0.09060918 0.22755007
v 4.47350962 -0.09083618 0.22730009
v 4.47105932 -0.08946818 0.22755007
v 4.47224632 -0.09024818 0.22730009
v 4.47486532 -0.09123918 0.22755007
v 4.47609522 -0.09190719 0.22755007
v 4.47597552 -0.09212717 0.22730009
v 4.47475362 -0.09146318 0.22730009
v 4.47848982 -0.09335618 0.22755007
v 4.47950782 -0.09434117 0.22730009
v 4.47835352 -0.09356618 0.22730009
v 4.47717622 -0.09282818 0.22730009
v 4.47730392 -0.09261317 0.22755007
v 4.48078972 -0.09495218 0.22755007
v 4.48174152 -0.09599619 0.22730009
v 4.48063702 -0.09515119 0.22730009
v 4.47965212 -0.09413618 0.22755007
v 4.48298562 -0.09668818 0.22755007
v 4.48387082 -0.09778818 0.22730009
v 4.48281932 -0.09687517 0.22730009
v 4.48190112 -0.09580319 0.22755007
v 4.48606682 -0.09953818 0.22755007
v 4.48588832 -0.09971417 0.22730009
v 4.48506952 -0.09855617 0.22755007
v 4.48489382 -0.09873518 0.22730009
v 4.48404222 -0.09760618 0.22755007
v 4.48703331 -0.10055119 0.22755007
v 4.48685081 -0.10072218 0.22730009
v 4.48778161 -0.10176017 0.22730009
v 4.48796751 -0.10159318 0.22755007
v 4.48886902 -0.10266418 0.22755007
v 4.48867781 -0.10282517 0.22730009
v 4.48973691 -0.10376217 0.22755007
v 4.48954011 -0.10391618 0.22730009
v 4.49036742 -0.10503317 0.22730009
v 4.49057002 -0.10488718 0.22755007
v 4.49136791 -0.10603718 0.22755007
v 4.49115971 -0.10617518 0.22730009
v 4.49212962 -0.10721118 0.22755007
v 4.49191592 -0.10734118 0.22730009
v 4.49263591 -0.10853017 0.22730009
v 4.49285432 -0.10840818 0.22755007
v 4.49354152 -0.10962818 0.22755007
v 4.49331882 -0.10974118 0.22730009
v 4.49419062 -0.11086818 0.22755007
v 4.49396422 -0.11097417 0.22730009
v 4.49457151 -0.11222818 0.22730009
v 4.49480062 -0.11212718 0.22755007
v 4.49537121 -0.11340518 0.22755007
v 4.49514002 -0.11350117 0.22730009
v 4.49590191 -0.11470118 0.22755007
v 4.49566912 -0.11479218 0.22730009
v 4.49615732 -0.11609918 0.22730009
v 4.49639191 -0.11601119 0.22755007
v 4.49684101 -0.11733718 0.22755007
v 4.49660402 -0.11741818 0.22730009
v 4.49724862 -0.11867618 0.22755007
v 4.49700911 -0.11874918 0.22730009
v 4.49737242 -0.12009118 0.22730009
v 4.49761411 -0.12002718 0.22755007
v 4.49793762 -0.12138918 0.22755007
v 4.49769361 -0.12144418 0.22730009
v 4.49821882 -0.12276019 0.22755007
v 4.49797272 -0.12280518 0.22730009
v 4.49820932 -0.12417418 0.22730009
v 4.49845701 -0.12413917 0.22755007
v 4.49865232 -0.12552517 0.22755007
v 4.49840341 -0.12555118 0.22730009
v 4.49880411 -0.12691618 0.22755007
v 4.49855462 -0.12693418 0.22730009
v 4.49866301 -0.12832218 0.22730009
v 4.49891291 -0.12831218 0.22755007
v 4.49897832 -0.12971018 0.22755007
v 4.49872812 -0.12971417 0.22730009
v 4.49899992 -0.13110918 0.22755007
v 4.49874991 -0.13110918 0.22730009
v 4.44365712 -0.08757117 0.22730009
v 4.42625812 -0.09599619 0.22730009
v 4.43824342 -0.08895817 0.22755007
v 4.43190412 -0.09190819 0.22755007
v 4.42193283 -0.09953917 0.22755007
v 4.42950993 -0.09335717 0.22755007
v 4.42003212 -0.10159418 0.22755007
v 4.41285902 -0.11350318 0.22730009
v 4.41763193 -0.10503418 0.22730009
v 4.41445822 -0.10962818 0.22755007
v 4.41075172 -0.11867718 0.22755007
v 4.40924993 -0.13110918 0.22730009
v 4.45231995 -0.08614245 0.22708957
v 4.45399992 -0.08614518 0.22620015
v 4.45177624 -0.08619533 0.22620015
v 4.44922280 -0.08636577 0.22709004
v 4.44215052 -0.08772989 0.22620015
v 4.44101425 -0.08802546 0.22709004
v 4.44372561 -0.08729997 0.22709004
v 4.43875614 -0.08879402 0.22620015
v 4.43835856 -0.08891740 0.22709004
v 4.43303986 -0.09132410 0.22620015
v 4.43201078 -0.09185013 0.22709004
v 4.43517138 -0.09022985 0.22709004
v 4.42961620 -0.09329025 0.22709004
v 4.43060685 -0.09270416 0.22620015
v 4.42826725 -0.09423071 0.22620015
v 4.42602285 -0.09590326 0.22620015
v 4.42731128 -0.09488057 0.22709004
v 4.42201327 -0.09945938 0.22709004
v 4.42134473 -0.10018037 0.22620015
v 4.42011768 -0.10149741 0.22709004
v 4.42461249 -0.09702107 0.22709004
v 4.42388466 -0.09771384 0.22620015
v 4.41738401 -0.10500471 0.22620015
v 4.41793983 -0.10417726 0.22709004
v 4.41907415 -0.10278342 0.22620015
v 4.41593659 -0.10710853 0.22709004
v 4.41543486 -0.10796383 0.22620015
v 4.41451870 -0.10952030 0.22709004
v 4.41231736 -0.11421088 0.22620015
v 4.41325072 -0.11202171 0.22709004
v 4.41378685 -0.11098200 0.22620015
v 4.41038705 -0.12014983 0.22620015
v 4.41099026 -0.11784911 0.22709004
v 4.41115202 -0.11746234 0.22620015
v 4.40914158 -0.12745207 0.22709004
v 4.40965087 -0.12361514 0.22620015
v 4.40921614 -0.12703343 0.22620015
v 4.40923790 -0.13541918 0.22620015
v 4.40908176 -0.13379102 0.22709004
v 4.40905655 -0.13262586 0.22620015
v 4.40900181 -0.13099518 0.22709004
v 4.40987644 -0.13998421 0.22709004
v 4.41044570 -0.14230087 0.22620015
v 4.41072184 -0.14343194 0.22709004
v 4.41122286 -0.14497865 0.22620015
v 4.41216873 -0.14761374 0.22620015
v 4.41342566 -0.15058669 0.22709004
v 4.41178780 -0.14672200 0.22709004
v 4.41656917 -0.15608465 0.22709004
v 4.41508724 -0.15370662 0.22709004
v 4.41523110 -0.15389586 0.22620015
v 4.41359025 -0.15085995 0.22620015
v 4.41819071 -0.15835823 0.22709004
v 4.41671848 -0.15625606 0.22620015
v 4.42037575 -0.16102653 0.22709004
v 4.41881078 -0.15912324 0.22620015
v 4.42407737 -0.16467803 0.22620015
v 4.42491841 -0.16544714 0.22709004
v 4.42284820 -0.16358147 0.22709004
v 4.42158013 -0.16228641 0.22620015
v 4.42711496 -0.16719315 0.22709004
v 4.42620998 -0.16646429 0.22620015
v 4.42846088 -0.16812229 0.22620015
v 4.42940712 -0.16879254 0.22709004
v 4.43143324 -0.17001692 0.22620015
v 4.43180246 -0.17025157 0.22709004
v 4.43428533 -0.17155934 0.22709004
v 4.43448812 -0.17162501 0.22620015
v 4.43743054 -0.17295499 0.22709004
v 4.43773273 -0.17304316 0.22620015
v 4.44079306 -0.17412550 0.22709005
v 4.44100089 -0.17415885 0.22620015
v 4.44346984 -0.17485818 0.22709005
v 4.44443846 -0.17505979 0.22620015
v 4.44620998 -0.17542773 0.22709005
v 4.44858818 -0.17576116 0.22620015
v 4.44962535 -0.17590363 0.22709005
v 4.45204650 -0.17603610 0.22620015
v 4.45399964 -0.17612080 0.22708993
v 4.45399992 -0.17607317 0.22620015
v 4.45399992 -0.08611618 0.22710006
v 4.40970734 -0.13893185 0.22620015
v 4.40933512 -0.13657560 0.22709004
v 4.40904922 -0.12982777 0.22620015
v 4.40956263 -0.12402561 0.22709004
v 4.41008887 -0.12127752 0.22709004
v 4.41214049 -0.11459679 0.22709004
v 4.43555848 -0.09009573 0.22620015
v 4.44486408 -0.08707839 0.22620015
v 4.44645038 -0.08674887 0.22709004
v 4.44825425 -0.08650026 0.22620015
v 4.45399992 -0.08611618 0.22710006
v 4.45580885 -0.08614471 0.22708921
v 4.45599410 -0.08618453 0.22620015
v 4.45877422 -0.08639482 0.22620015
v 4.46428531 -0.08733253 0.22620015
v 4.46177553 -0.08678791 0.22709004
v 4.46449728 -0.08735274 0.22709004
v 4.46720041 -0.08809061 0.22709004
v 4.46962859 -0.08894339 0.22620015
v 4.46698855 -0.08805628 0.22620015
v 4.47685506 -0.09233735 0.22709004
v 4.47837386 -0.09331868 0.22620015
v 4.47596911 -0.09187201 0.22620015
v 4.47311759 -0.09036432 0.22709004
v 4.47281248 -0.09025448 0.22620015
v 4.48066829 -0.09490147 0.22620015
v 4.47974564 -0.09420434 0.22709004
v 4.48200132 -0.09588492 0.22709004
v 4.48786130 -0.10151836 0.22620015
v 4.48711026 -0.10063655 0.22709004
v 4.48894760 -0.10276265 0.22709004
v 4.48543057 -0.09893589 0.22620015
v 4.49107785 -0.10559673 0.22709004
v 4.49239039 -0.10767416 0.22620015
v 4.49003464 -0.10419197 0.22620015
v 4.49571085 -0.11420164 0.22709004
v 4.49441028 -0.11136092 0.22620015
v 4.49423953 -0.11096960 0.22709004
v 4.49894331 -0.12959286 0.22620015
v 4.49876232 -0.12680372 0.22620015
v 4.49888367 -0.12777830 0.22709004
v 4.49847260 -0.12425139 0.22709004
v 4.49899802 -0.13122590 0.22709004
v 4.49820959 -0.13933786 0.22620015
v 4.49863601 -0.13680517 0.22709004
v 4.49805776 -0.14030460 0.22709004
v 4.49585708 -0.14762517 0.22709004
v 4.49455031 -0.15056857 0.22620015
v 4.49618842 -0.14670134 0.22620015
v 4.49312930 -0.15334761 0.22709004
v 4.49474846 -0.15019817 0.22709004
v 4.49140551 -0.15606951 0.22620015
v 4.49288125 -0.15370224 0.22620015
v 4.48938196 -0.15887768 0.22620015
v 4.49130140 -0.15627728 0.22709004
v 4.48740597 -0.16126978 0.22709004
v 4.48663893 -0.16205574 0.22620015
v 4.48498857 -0.16373698 0.22709004
v 4.48410092 -0.16451784 0.22620015
v 4.48231696 -0.16609193 0.22709004
v 4.48147023 -0.16672396 0.22620015
v 4.47954774 -0.16815200 0.22709004
v 4.47856927 -0.16877370 0.22620015
v 4.47719102 -0.16967101 0.22709004
v 4.47619590 -0.17021866 0.22620015
v 4.47475269 -0.17103646 0.22709004
v 4.47371663 -0.17152552 0.22620015
v 4.47156813 -0.17254572 0.22709004
v 4.47115342 -0.17267760 0.22620015
v 4.46852925 -0.17366649 0.22620015
v 4.46832737 -0.17376501 0.22709005
v 4.46492791 -0.17476983 0.22709005
v 4.46587901 -0.17448063 0.22620015
v 4.46252795 -0.17527101 0.22620015
v 4.46234776 -0.17532119 0.22709005
v 4.45940481 -0.17579118 0.22709005
v 4.45899963 -0.17580009 0.22620015
v 4.45620850 -0.17602358 0.22620015
v 4.45596091 -0.17606465 0.22709005
v 4.45399992 -0.17610318 0.22709005
v 4.45399992 -0.17607317 0.22620015
v 4.48966769 -0.15854309 0.22709004
v 4.49700926 -0.14436964 0.22709004
v 4.49745799 -0.14270268 0.22620015
v 4.49863519 -0.13657623 0.22620015
v 4.49890371 -0.13402175 0.22709004
v 4.49893626 -0.13304379 0.22620015
v 4.49840779 -0.12402694 0.22620015
v 4.49796079 -0.12150290 0.22709004
v 4.49788271 -0.12128582 0.22620015
v 4.49710450 -0.11816113 0.22709004
v 4.49698011 -0.11785276 0.22620015
v 4.49291442 -0.10851477 0.22709004
v 4.49582999 -0.11460298 0.22620015
v 4.48469070 -0.09818949 0.22709004
v 4.48286802 -0.09662983 0.22620015
v 4.46985616 -0.08899760 0.22709004
v 4.46154339 -0.08677767 0.22620015
v 4.45900615 -0.08639084 0.22709004
v 4.45399992 -0.08614518 0.22620015
v 4.44296862 -0.17452318 0.22730009
v 4.44432386 -0.17484518 0.22730009
v 4.44365162 -0.17464618 0.22730009
v 4.40925502 -0.13319818 0.22730009
v 4.40927193 -0.13250817 0.22730009
v 4.40921193 -0.13180618 0.22730009
v 4.40959743 -0.13667517 0.22730009
v 4.40947122 -0.13597617 0.22730009
v 4.40964432 -0.13735817 0.22730009
v 4.41309802 -0.14937117 0.22730009
v 4.41285403 -0.14870418 0.22730009
v 4.41254973 -0.14809018 0.22730009
v 4.41342133 -0.14997617 0.22730009
v 4.41368543 -0.15063418 0.22730009
v 4.41719692 -0.15664318 0.22730009
v 4.41800843 -0.15777517 0.22730009
v 4.41764113 -0.15719817 0.22730009
v 4.42310192 -0.16348017 0.22730009
v 4.42257382 -0.16302917 0.22730009
v 4.42358132 -0.16399018 0.22730009
v 4.42904202 -0.16830517 0.22730009
v 4.42848112 -0.16787017 0.22730009
v 4.42789702 -0.16751117 0.22730009
v 4.42677762 -0.16668218 0.22730009
v 4.42624532 -0.16621318 0.22730009
v 4.42568412 -0.16581818 0.22730009
v 4.43385072 -0.17111518 0.22730009
v 4.43325822 -0.17076217 0.22730009
v 4.43261622 -0.17046917 0.22730009
v 4.44029092 -0.17375418 0.22730009
v 4.43965062 -0.17349618 0.22730009
v 4.43897132 -0.17330717 0.22730009
v 4.43704742 -0.17252418 0.22730009
v 4.43637702 -0.17229018 0.22730009
v 4.43766632 -0.17281918 0.22730009
v 4.44706144 -0.17536218 0.22730009
v 4.44637195 -0.17520418 0.22730009
v 4.44568895 -0.17512518 0.22730009
v 4.44500723 -0.17494618 0.22730009
v 4.44912544 -0.17559318 0.22730009
v 4.44844131 -0.17555717 0.22730009
v 4.44982580 -0.17570818 0.22730009
v 4.49878782 -0.13180618 0.22730009
v 4.49878782 -0.13041217 0.22730009
v 4.49874991 -0.13110918 0.22730009
v 4.45955867 -0.17555717 0.22730009
v 4.46093825 -0.17536218 0.22730009
v 4.46025556 -0.17542017 0.22730009
v 4.45887497 -0.17559318 0.22730009
v 4.45817350 -0.17570818 0.22730009
v 4.49835522 -0.13735918 0.22730009
v 4.49820822 -0.13805217 0.22730009
v 4.49813942 -0.13873517 0.22730009
v 4.46367582 -0.17484518 0.22730009
v 4.46299342 -0.17494618 0.22730009
v 4.46231089 -0.17512518 0.22730009
v 4.49737111 -0.14213217 0.22730009
v 4.49723682 -0.14281518 0.22730009
v 4.49757981 -0.14146518 0.22730009
v 4.46902842 -0.17330717 0.22730009
v 4.46835012 -0.17349618 0.22730009
v 4.46770892 -0.17375418 0.22730009
v 4.47349602 -0.17138917 0.22730009
v 4.47289472 -0.17172318 0.22730009
v 4.47414862 -0.17111518 0.22730009
v 4.47162272 -0.17229118 0.22730009
v 4.47223222 -0.17197717 0.22730009
v 4.48065052 -0.16705818 0.22730009
v 4.48010202 -0.16751217 0.22730009
v 4.48122162 -0.16668218 0.22730009
v 4.49514601 -0.14870318 0.22730009
v 4.49490172 -0.14937117 0.22730009
v 4.49544992 -0.14809018 0.22730009
v 4.49595812 -0.14679318 0.22730009
v 4.49642552 -0.14548118 0.22730009
v 4.49615911 -0.14611518 0.22730009
v 4.48914421 -0.15888318 0.22730009
v 4.48866822 -0.15940518 0.22730009
v 4.48826361 -0.15996217 0.22730009
v 4.48441791 -0.16399118 0.22730009
v 4.48542592 -0.16302917 0.22730009
v 4.48489852 -0.16348017 0.22730009
v 4.47895752 -0.16830618 0.22730009
v 4.47951882 -0.16787017 0.22730009
v 4.47778852 -0.16906417 0.22730009
v 4.47836132 -0.16864718 0.22730009
v 4.49035922 -0.15719717 0.22730009
v 4.48999122 -0.15777617 0.22730009
v 4.49080311 -0.15664417 0.22730009
v 4.48640332 -0.16203617 0.22730009
v 4.48588752 -0.16250617 0.22730009
v 4.47597142 -0.17009419 0.22730009
v 4.47538312 -0.17046917 0.22730009
v 4.47659662 -0.16978518 0.22730009
v 4.47717772 -0.16938918 0.22730009
v 4.48734961 -0.16101418 0.22730009
v 4.48777311 -0.16046817 0.22730009
v 4.49302202 -0.15310318 0.22730009
v 4.49263792 -0.15368518 0.22730009
v 4.49231931 -0.15430618 0.22730009
v 4.46965842 -0.17303018 0.22730009
v 4.47033342 -0.17281918 0.22730009
v 4.49115412 -0.15605218 0.22730009
v 4.49157932 -0.15548717 0.22730009
v 4.48231482 -0.16581818 0.22730009
v 4.48175472 -0.16621218 0.22730009
v 4.48283152 -0.16533417 0.22730009
v 4.48338042 -0.16492117 0.22730009
v 4.48387952 -0.16442218 0.22730009
v 4.48684601 -0.16150218 0.22730009
v 4.48953041 -0.15831518 0.22730009
v 4.49431392 -0.15063518 0.22730009
v 4.49457872 -0.14997517 0.22730009
v 4.49191371 -0.15488117 0.22730009
v 4.49368702 -0.15187917 0.22730009
v 4.49397141 -0.15123018 0.22730009
v 4.49332432 -0.15246717 0.22730009
v 4.49567281 -0.14741718 0.22730009
v 4.47474162 -0.17076217 0.22730009
v 4.47095322 -0.17252418 0.22730009
v 4.49660432 -0.14479918 0.22730009
v 4.49685191 -0.14415417 0.22730009
v 4.49769222 -0.14078117 0.22730009
v 4.49788091 -0.14010417 0.22730009
v 4.49700852 -0.14347118 0.22730009
v 4.49797121 -0.13942117 0.22730009
v 4.46637592 -0.17415918 0.22730009
v 4.46702792 -0.17392118 0.22730009
v 4.46503122 -0.17452318 0.22730009
v 4.46434862 -0.17464618 0.22730009
v 4.46569422 -0.17430418 0.22730009
v 4.49852811 -0.13597617 0.22730009
v 4.49865792 -0.13458917 0.22730009
v 4.49855421 -0.13529117 0.22730009
v 4.49840242 -0.13667517 0.22730009
v 4.46162839 -0.17520418 0.22730009
v 4.49866272 -0.13390217 0.22730009
v 4.49874452 -0.13319818 0.22730009
v 4.49872792 -0.13250817 0.22730009
v 4.45399992 -0.17590318 0.22730009
v 4.45539318 -0.17588117 0.22730009
v 4.45469989 -0.17585418 0.22730009
v 4.45678483 -0.17581617 0.22730009
v 4.45748844 -0.17572317 0.22730009
v 4.45330169 -0.17585418 0.22730009
v 4.45260636 -0.17588117 0.22730009
v 4.45190523 -0.17581018 0.22730009
v 4.45121525 -0.17581617 0.22730009
v 4.45051213 -0.17572317 0.22730009
v 4.44774505 -0.17542017 0.22730009
v 4.44230652 -0.17430418 0.22730009
v 4.44162362 -0.17415918 0.22730009
v 4.44097222 -0.17392118 0.22730009
v 4.43834172 -0.17303018 0.22730009
v 4.43510472 -0.17172318 0.22730009
v 4.43450482 -0.17139018 0.22730009
v 4.43576782 -0.17197717 0.22730009
v 4.43082222 -0.16938918 0.22730009
v 4.43021062 -0.16906417 0.22730009
v 4.43140262 -0.16978518 0.22730009
v 4.43203092 -0.17009518 0.22730009
v 4.42963962 -0.16864818 0.22730009
v 4.42735002 -0.16705918 0.22730009
v 4.42412062 -0.16442318 0.22730009
v 4.42461862 -0.16492117 0.22730009
v 4.42516902 -0.16533417 0.22730009
v 4.42064992 -0.16101318 0.22730009
v 4.42159592 -0.16203617 0.22730009
v 4.42115443 -0.16150218 0.22730009
v 4.42211262 -0.16250617 0.22730009
v 4.42022713 -0.16046817 0.22730009
v 4.41973563 -0.15996117 0.22730009
v 4.41933222 -0.15940618 0.22730009
v 4.41885522 -0.15888218 0.22730009
v 4.41846983 -0.15831518 0.22730009
v 4.41684643 -0.15605318 0.22730009
v 4.41642022 -0.15548618 0.22730009
v 4.41608682 -0.15488217 0.22730009
v 4.41568052 -0.15430618 0.22730009
v 4.41431222 -0.15187917 0.22730009
v 4.41497713 -0.15310318 0.22730009
v 4.41467653 -0.15246918 0.22730009
v 4.41536302 -0.15368717 0.22730009
v 4.41402862 -0.15123118 0.22730009
v 4.41184092 -0.14611518 0.22730009
v 4.41157402 -0.14548018 0.22730009
v 4.41204182 -0.14679318 0.22730009
v 4.41232713 -0.14741718 0.22730009
v 4.41114752 -0.14415417 0.22730009
v 4.41139563 -0.14480018 0.22730009
v 4.41076262 -0.14281518 0.22730009
v 4.41099152 -0.14347217 0.22730009
v 4.41011892 -0.14010417 0.22730009
v 4.41041973 -0.14146417 0.22730009
v 4.41030783 -0.14078217 0.22730009
v 4.41062883 -0.14213217 0.22730009
v 4.41002873 -0.13942117 0.22730009
v 4.40986032 -0.13873517 0.22730009
v 4.40979193 -0.13805217 0.22730009
v 4.40934143 -0.13458917 0.22730009
v 4.40933713 -0.13390217 0.22730009
v 4.40944593 -0.13529218 0.22730009
v 4.49874452 -0.12902018 0.22730009
v 4.49872812 -0.12971417 0.22730009
v 4.45609621 -0.17581018 0.22730009
v 4.40924993 -0.13110918 0.22730009
v 4.40921193 -0.13041217 0.22730009
v 4.40927173 -0.12971417 0.22730009
v 4.40925502 -0.12902018 0.22730009
v 4.40933682 -0.12832218 0.22730009
v 4.40934152 -0.12762917 0.22730009
v 4.40944503 -0.12693518 0.22730009
v 4.40947122 -0.12624217 0.22730009
v 4.40959642 -0.12555218 0.22730009
v 4.40964443 -0.12485918 0.22730009
v 4.40979043 -0.12417517 0.22730009
v 4.40986043 -0.12348318 0.22730009
v 4.41002713 -0.12280518 0.22730009
v 4.41011902 -0.12211418 0.22730009
v 4.41030613 -0.12144418 0.22730009
v 4.41041973 -0.12075418 0.22730009
v 4.41062743 -0.12009218 0.22730009
v 4.41076283 -0.11940318 0.22730009
v 4.41099052 -0.11875018 0.22730009
v 4.41114752 -0.11806418 0.22730009
v 4.41139563 -0.11741918 0.22730009
v 4.41157433 -0.11673818 0.22730009
v 4.41184222 -0.11610019 0.22730009
v 4.41204173 -0.11542618 0.22730009
v 4.41233023 -0.11479417 0.22730009
v 4.41255012 -0.11412818 0.22730009
v 4.41285902 -0.11350318 0.22730009
v 4.41309802 -0.11284817 0.22730009
v 4.41342793 -0.11222918 0.22730009
v 4.41368582 -0.11158418 0.22730009
v 4.41403513 -0.11097517 0.22730009
v 4.41431213 -0.11034017 0.22730009
v 4.41468072 -0.10974217 0.22730009
v 4.41497763 -0.10911518 0.22730009
v 4.41536352 -0.10853117 0.22730009
v 4.41568022 -0.10791318 0.22730009
v 4.41608352 -0.10734118 0.22730009
v 4.41642072 -0.10673217 0.22730009
v 4.41683983 -0.10617618 0.22730009
v 4.41719683 -0.10557517 0.22730009
v 4.41763193 -0.10503418 0.22730009
v 4.41800883 -0.10444317 0.22730009
v 4.41845942 -0.10391718 0.22730009
v 4.41885522 -0.10333618 0.22730009
v 4.41932163 -0.10282617 0.22730009
v 4.41973613 -0.10225617 0.22730009
v 4.42021793 -0.10176117 0.22730009
v 4.42064992 -0.10120518 0.22730009
v 4.42114783 -0.10072317 0.22730009
v 4.42159652 -0.10018217 0.22730009
v 4.42211092 -0.09971417 0.22730009
v 4.42257393 -0.09919019 0.22730009
v 4.42310462 -0.09873618 0.22730009
v 4.42358182 -0.09822819 0.22730009
v 4.42412852 -0.09778918 0.22730009
v 4.42461892 -0.09729718 0.22730009
v 4.42517972 -0.09687517 0.22730009
v 4.42568472 -0.09640019 0.22730009
v 4.42625812 -0.09599619 0.22730009
v 4.42677792 -0.09553619 0.22730009
v 4.42736212 -0.09515119 0.22730009
v 4.42789762 -0.09470718 0.22730009
v 4.42849192 -0.09434117 0.22730009
v 4.42904242 -0.09391318 0.22730009
v 4.42964562 -0.09356718 0.22730009
v 4.43021112 -0.09315517 0.22730009
v 4.43082352 -0.09282918 0.22730009
v 4.43140312 -0.09243318 0.22730009
v 4.43202352 -0.09212717 0.22730009
v 4.43261662 -0.09174918 0.22730009
v 4.43324622 -0.09146318 0.22730009
v 4.43385132 -0.09110318 0.22730009
v 4.43448922 -0.09083718 0.22730009
v 4.43510512 -0.09049618 0.22730009
v 4.43575312 -0.09024818 0.22730009
v 4.43637762 -0.08992818 0.22730009
v 4.43703502 -0.08970019 0.22730009
v 4.43766662 -0.08940019 0.22730009
v 4.43833512 -0.08919118 0.22730009
v 4.43897202 -0.08891217 0.22730009
v 4.43964722 -0.08872318 0.22730009
v 4.44029122 -0.08846518 0.22730009
v 4.44097302 -0.08829719 0.22730009
v 4.44162452 -0.08805919 0.22730009
v 4.44230942 -0.08791318 0.22730009
v 4.44296892 -0.08769518 0.22730009
v 4.44365712 -0.08757117 0.22730009
v 4.44432492 -0.08737318 0.22730009
v 4.44501376 -0.08727118 0.22730009
v 4.44568932 -0.08709419 0.22730009
v 4.44637958 -0.08701318 0.22730009
v 4.44706263 -0.08685619 0.22730009
v 4.44775251 -0.08679818 0.22730009
v 4.44844162 -0.08666219 0.22730009
v 4.44913253 -0.08662517 0.22730009
v 4.44982704 -0.08651018 0.22730009
v 4.45051777 -0.08649518 0.22730009
v 4.45121539 -0.08640218 0.22730009
v 4.45190801 -0.08640818 0.22730009
v 4.45260635 -0.08633718 0.22730009
v 4.45330159 -0.08636518 0.22730009
v 4.45399992 -0.08631618 0.22730009
v 4.45469677 -0.08636518 0.22730009
v 4.45539312 -0.08633818 0.22730009
v 4.45609048 -0.08640818 0.22730009
v 4.45678428 -0.08640318 0.22730009
v 4.45748133 -0.08649518 0.22730009
v 4.45817340 -0.08651118 0.22730009
v 4.45886674 -0.08662517 0.22730009
v 4.45955803 -0.08666219 0.22730009
v 4.46024654 -0.08679718 0.22730009
v 4.46093763 -0.08685718 0.22730009
v 4.46161975 -0.08701318 0.22730009
v 4.46231057 -0.08709419 0.22730009
v 4.46298526 -0.08727118 0.22730009
v 4.46367518 -0.08737418 0.22730009
v 4.46434232 -0.08757117 0.22730009
v 4.46503072 -0.08769518 0.22730009
v 4.46568952 -0.08791318 0.22730009
v 4.46637542 -0.08806018 0.22730009
v 4.46702652 -0.08829719 0.22730009
v 4.46770802 -0.08846518 0.22730009
v 4.46835152 -0.08872318 0.22730009
v 4.46902772 -0.08891217 0.22730009
v 4.46966442 -0.08919118 0.22730009
v 4.47033272 -0.08940019 0.22730009
v 4.47096262 -0.08969918 0.22730009
v 4.47162182 -0.08992818 0.22730009
v 4.47224632 -0.09024818 0.22730009
v 4.47289422 -0.09049618 0.22730009
v 4.47350962 -0.09083618 0.22730009
v 4.47414802 -0.09110318 0.22730009
v 4.47475362 -0.09146318 0.22730009
v 4.47538242 -0.09174918 0.22730009
v 4.47597552 -0.09212717 0.22730009
v 4.47659632 -0.09243318 0.22730009
v 4.47717622 -0.09282818 0.22730009
v 4.47778812 -0.09315517 0.22730009
v 4.47835352 -0.09356618 0.22730009
v 4.47895691 -0.09391318 0.22730009
v 4.47950782 -0.09434117 0.22730009
v 4.48010182 -0.09470718 0.22730009
v 4.48063702 -0.09515119 0.22730009
v 4.48122112 -0.09553619 0.22730009
v 4.48174152 -0.09599619 0.22730009
v 4.48231432 -0.09640019 0.22730009
v 4.48281932 -0.09687517 0.22730009
v 4.48338012 -0.09729817 0.22730009
v 4.48387082 -0.09778818 0.22730009
v 4.48441722 -0.09822819 0.22730009
v 4.48489382 -0.09873518 0.22730009
v 4.48542511 -0.09919019 0.22730009
v 4.48588832 -0.09971417 0.22730009
v 4.48640271 -0.10018217 0.22730009
v 4.48685081 -0.10072218 0.22730009
v 4.48734862 -0.10120518 0.22730009
v 4.48778161 -0.10176017 0.22730009
v 4.48826252 -0.10225717 0.22730009
v 4.48867781 -0.10282517 0.22730009
v 4.48914332 -0.10333618 0.22730009
v 4.48954011 -0.10391618 0.22730009
v 4.48999002 -0.10444317 0.22730009
v 4.49036742 -0.10503317 0.22730009
v 4.49080202 -0.10557517 0.22730009
v 4.49115971 -0.10617518 0.22730009
v 4.49157841 -0.10673217 0.22730009
v 4.49191592 -0.10734118 0.22730009
v 4.49231841 -0.10791218 0.22730009
v 4.49263591 -0.10853017 0.22730009
v 4.49302152 -0.10911518 0.22730009
v 4.49331882 -0.10974118 0.22730009
v 4.49368682 -0.11033917 0.22730009
v 4.49396422 -0.11097417 0.22730009
v 4.49431342 -0.11158418 0.22730009
v 4.49457151 -0.11222818 0.22730009
v 4.49490102 -0.11284717 0.22730009
v 4.49514002 -0.11350117 0.22730009
v 4.49544912 -0.11412818 0.22730009
v 4.49566912 -0.11479218 0.22730009
v 4.49595722 -0.11542518 0.22730009
v 4.49615732 -0.11609918 0.22730009
v 4.49642482 -0.11673818 0.22730009
v 4.49660402 -0.11741818 0.22730009
v 4.49685132 -0.11806418 0.22730009
v 4.49700911 -0.11874918 0.22730009
v 4.49723641 -0.11940318 0.22730009
v 4.49737242 -0.12009118 0.22730009
v 4.49757972 -0.12075418 0.22730009
v 4.49769361 -0.12144418 0.22730009
v 4.49788061 -0.12211418 0.22730009
v 4.49797272 -0.12280518 0.22730009
v 4.49813911 -0.12348318 0.22730009
v 4.49820932 -0.12417418 0.22730009
v 4.49835492 -0.12485918 0.22730009
v 4.49840341 -0.12555118 0.22730009
v 4.49852782 -0.12624217 0.22730009
v 4.49855462 -0.12693418 0.22730009
v 4.49865781 -0.12762917 0.22730009
v 4.49866301 -0.12832218 0.22730009
v 4.45904705 -0.17568076 0.22729449
v 4.46159275 -0.17530891 0.22729676
v 4.46093825 -0.17536218 0.22730009
v 4.45742515 -0.17594116 0.22722201
v 4.46038614 -0.17561615 0.22722320
v 4.46231089 -0.17512518 0.22730009
v 4.46727362 -0.17400020 0.22728412
v 4.46367582 -0.17484518 0.22730009
v 4.47162272 -0.17229118 0.22730009
v 4.47033342 -0.17281918 0.22730009
v 4.47104274 -0.17266896 0.22726981
v 4.47289427 -0.17172342 0.22730295
v 4.47895752 -0.16830618 0.22730009
v 4.47965116 -0.16791674 0.22729091
v 4.48010202 -0.16751217 0.22730009
v 4.47659662 -0.16978518 0.22730009
v 4.47623242 -0.17013890 0.22727005
v 4.47778982 -0.16906340 0.22730319
v 4.48122292 -0.16668122 0.22730307
v 4.48311338 -0.16531507 0.22726993
v 4.48231482 -0.16581818 0.22730009
v 4.48338042 -0.16492117 0.22730009
v 4.48478008 -0.16382072 0.22727231
v 4.48441791 -0.16399118 0.22730009
v 4.48797155 -0.16049554 0.22726993
v 4.48826361 -0.15996217 0.22730009
v 4.48734961 -0.16101418 0.22730009
v 4.49157932 -0.15548717 0.22730009
v 4.49225558 -0.15464447 0.22727267
v 4.49231931 -0.15430618 0.22730009
v 4.49350497 -0.15248663 0.22726993
v 4.49368702 -0.15187917 0.22730009
v 4.49302202 -0.15310318 0.22730009
v 4.49595812 -0.14679318 0.22730009
v 4.49657200 -0.14542806 0.22727243
v 4.49642552 -0.14548118 0.22730009
v 4.49723768 -0.14281283 0.22731010
v 4.49795476 -0.14034983 0.22727243
v 4.49757981 -0.14146518 0.22730009
v 4.49874452 -0.13319818 0.22730009
v 4.49873978 -0.13507828 0.22727255
v 4.49889927 -0.13240802 0.22726981
v 4.49865792 -0.13458917 0.22730009
v 4.49889429 -0.12972531 0.22727243
v 4.49873189 -0.12705135 0.22727243
v 4.49874452 -0.12902018 0.22730009
v 4.49835492 -0.12485918 0.22730009
v 4.49852782 -0.12624217 0.22730009
v 4.49841144 -0.12439875 0.22727243
v 4.49865781 -0.12762917 0.22730009
v 4.49793646 -0.12178206 0.22727243
v 4.49757972 -0.12075418 0.22730009
v 4.49788061 -0.12211418 0.22730009
v 4.49685132 -0.11806418 0.22730009
v 4.49723263 -0.11938831 0.22731034
v 4.49654376 -0.11670714 0.22727255
v 4.49431342 -0.11158418 0.22730009
v 4.49460959 -0.11191846 0.22727231
v 4.49368682 -0.11033917 0.22730009
v 4.49490102 -0.11284717 0.22730009
v 4.49545120 -0.11413271 0.22731034
v 4.49346259 -0.10965442 0.22726993
v 4.49220436 -0.10749061 0.22727231
v 4.49302152 -0.10911518 0.22730009
v 4.49086888 -0.10545089 0.22726302
v 4.49080131 -0.10557410 0.22730307
v 4.48941523 -0.10348373 0.22727255
v 4.48914332 -0.10333618 0.22730009
v 4.48999002 -0.10444317 0.22730009
v 4.48790852 -0.10165065 0.22726981
v 4.48635658 -0.09993474 0.22725551
v 4.48640122 -0.10018056 0.22730331
v 4.48826252 -0.10225717 0.22730009
v 4.48734862 -0.10120518 0.22730009
v 4.48441722 -0.09822819 0.22730009
v 4.48470331 -0.09832589 0.22727219
v 4.48338012 -0.09729817 0.22730009
v 4.48542511 -0.09919019 0.22730009
v 4.48231432 -0.09640019 0.22730009
v 4.48304067 -0.09684166 0.22726981
v 4.48122088 -0.09553598 0.22730295
v 4.47961304 -0.09420948 0.22726993
v 4.48010182 -0.09470718 0.22730009
v 4.47895691 -0.09391318 0.22730009
v 4.47778756 -0.09315479 0.22730295
v 4.47613542 -0.09202425 0.22726993
v 4.47659632 -0.09243318 0.22730009
v 4.47538242 -0.09174918 0.22730009
v 4.47414840 -0.09110334 0.22730295
v 4.47289230 -0.09049524 0.22730331
v 4.47408045 -0.09092176 0.22726576
v 4.46906597 -0.08883656 0.22728996
v 4.46902772 -0.08891217 0.22730009
v 4.47033272 -0.08940019 0.22730009
v 4.46637542 -0.08806018 0.22730009
v 4.46770802 -0.08846518 0.22730009
v 4.46686910 -0.08811040 0.22728936
v 4.46503072 -0.08769518 0.22730009
v 4.46367518 -0.08737418 0.22730009
v 4.46250345 -0.08700910 0.22727661
v 4.46231057 -0.08709419 0.22730009
v 4.45539312 -0.08633818 0.22730009
v 4.45678428 -0.08640318 0.22730009
v 4.45596433 -0.08629580 0.22729389
v 4.46093763 -0.08685718 0.22730009
v 4.45817340 -0.08651118 0.22730009
v 4.45777117 -0.08637607 0.22728662
v 4.45955803 -0.08666219 0.22730009
v 4.47158676 -0.08991289 0.22731201
v 4.49231841 -0.10791218 0.22730009
v 4.49157841 -0.10673217 0.22730009
v 4.49813911 -0.12348318 0.22730009
v 4.49595722 -0.11542518 0.22730009
v 4.49642482 -0.11673818 0.22730009
v 4.49878782 -0.13041217 0.22730009
v 4.49878782 -0.13180618 0.22730009
v 4.49852811 -0.13597617 0.22730009
v 4.49835354 -0.13737265 0.22731034
v 4.49813942 -0.13873517 0.22730009
v 4.49788091 -0.14010417 0.22730009
v 4.49685191 -0.14415417 0.22730009
v 4.49545901 -0.14806862 0.22731058
v 4.49490172 -0.14937117 0.22730009
v 4.49464812 -0.15021790 0.22727243
v 4.49431392 -0.15063518 0.22730009
v 4.49080691 -0.15663908 0.22730998
v 4.48947639 -0.15865595 0.22727267
v 4.48914421 -0.15888318 0.22730009
v 4.48999122 -0.15777617 0.22730009
v 4.48640334 -0.16203647 0.22731010
v 4.48542592 -0.16302917 0.22730009
v 4.48140837 -0.16671176 0.22725598
v 4.47794718 -0.16911290 0.22726266
v 4.47538312 -0.17046917 0.22730009
v 4.47415083 -0.17111410 0.22730331
v 4.47447561 -0.17110316 0.22725598
v 4.46903022 -0.17330656 0.22730307
v 4.46770928 -0.17375409 0.22730284
v 4.46637592 -0.17415918 0.22730009
v 4.46503122 -0.17452318 0.22730009
v 4.45955867 -0.17555717 0.22730009
v 4.45678483 -0.17581617 0.22730009
v 4.45817350 -0.17570818 0.22730009
v 4.45619179 -0.17591339 0.22729378
v 4.45539318 -0.17588117 0.22730009
v 4.45399989 -0.17590345 0.22731130
v 4.45533921 -0.17605978 0.22720639
v 4.45399992 -0.17607205 0.22721462
v 4.46312204 -0.17509999 0.22726350
v 4.46932469 -0.17334590 0.22725598
v 4.47274576 -0.17194284 0.22725586
v 4.47967366 -0.16803532 0.22719161
v 4.48639809 -0.16226783 0.22722916
v 4.49091317 -0.15675768 0.22722999
v 4.49735878 -0.14296032 0.22722976
v 4.49845287 -0.13777062 0.22722976
v 4.49568283 -0.11428858 0.22723011
v 4.48136265 -0.09547177 0.22725598
v 4.47790237 -0.09306353 0.22725539
v 4.46778828 -0.08826585 0.22709147
v 4.46595575 -0.08777873 0.22722916
v 4.46430149 -0.08737579 0.22725598
v 4.45399980 -0.08631514 0.22732191
v 4.46519527 -0.17464890 0.22723131
v 4.49569167 -0.14790992 0.22722952
v 4.49735289 -0.11923776 0.22722999
v 4.47270395 -0.09023710 0.22723023
v 4.47101332 -0.08948316 0.22720711
v 4.46043910 -0.08661851 0.22723095
v 4.45533488 -0.08616853 0.22721760
v 4.49224802 -0.15481822 0.22708897
v 4.49799528 -0.14057049 0.22708909
v 4.49579424 -0.11442548 0.22708933
v 4.49090880 -0.10535666 0.22709088
v 4.48952252 -0.10348476 0.22708969
v 4.48488632 -0.09838229 0.22708957
v 4.49847900 -0.13794764 0.22708837
v 4.49881279 -0.13523672 0.22708790
v 4.49898257 -0.13248184 0.22708766
v 4.49475368 -0.11202318 0.22708825
v 4.46932210 -0.08881614 0.22716562
v 4.45750695 -0.08625415 0.22716014
v 4.45399993 -0.08609994 0.22710089
v 4.46758045 -0.17401414 0.22709005
v 4.47775348 -0.16933540 0.22709135
v 4.46047941 -0.08657379 0.22708992
v 4.45874990 -0.17586040 0.22709029
v 4.46192394 -0.17541153 0.22708933
v 4.46419116 -0.17493940 0.22708957
v 4.46579013 -0.17453732 0.22708981
v 4.46927711 -0.17343470 0.22708992
v 4.47100413 -0.17277127 0.22708957
v 4.47271956 -0.17202928 0.22708980
v 4.47446108 -0.17118696 0.22708980
v 4.47610054 -0.17030802 0.22708969
v 4.48140618 -0.16680002 0.22709028
v 4.48309822 -0.16543586 0.22708909
v 4.48486324 -0.16385866 0.22708969
v 4.48640717 -0.16232913 0.22709004
v 4.48796029 -0.16063411 0.22708861
v 4.48930718 -0.15901234 0.22709112
v 4.49093512 -0.15681436 0.22709028
v 4.49355523 -0.15257069 0.22708790
v 4.49474071 -0.15022277 0.22708837
v 4.49577508 -0.14783902 0.22708933
v 4.49667631 -0.14538805 0.22709028
v 4.49739897 -0.14300459 0.22709028
v 4.49898279 -0.12974192 0.22708766
v 4.49881397 -0.12699097 0.22708802
v 4.49848234 -0.12428896 0.22708849
v 4.49800057 -0.12167096 0.22708909
v 4.49737605 -0.11912355 0.22708992
v 4.49664511 -0.11674335 0.22709040
v 4.49355633 -0.10964946 0.22708802
v 4.49225853 -0.10741646 0.22708909
v 4.48801003 -0.10164003 0.22708849
v 4.48644281 -0.09992581 0.22709016
v 4.48311518 -0.09679758 0.22708909
v 4.48145416 -0.09545599 0.22709028
v 4.47971058 -0.09417848 0.22708897
v 4.47799045 -0.09303893 0.22709028
v 4.47617700 -0.09195436 0.22708921
v 4.47450937 -0.09105663 0.22708980
v 4.47206823 -0.08988449 0.22708921
v 4.46585973 -0.08770071 0.22708992
v 4.46353172 -0.08712453 0.22708945
v 4.45616278 -0.08615567 0.22708873
v 4.45399991 -0.17610378 0.22709005
v 4.45619001 -0.17605496 0.22708981
v 4.47966170 -0.16807351 0.22708909
usemtl GrayCastMetal
f 1 2 3
f 4 5 6
f 4 7 8
f 8 5 4
f 9 10 5
f 11 12 13
f 11 14 9
f 10 6 5
f 15 12 11
f 16 17 18
f 19 15 17
f 13 14 11
f 18 17 20
f 21 20 22
f 21 22 23
f 24 23 22
f 25 23 24
f 25 24 26
f 27 24 28
f 24 27 26
f 29 30 31
f 31 30 32
f 33 32 34
f 27 30 29
f 34 35 36
f 30 34 32
f 33 34 36
f 37 38 36
f 39 40 37
f 40 38 37
f 19 17 16
f 37 41 39
f 41 42 43
f 44 45 46
f 46 47 44
f 48 49 50
f 46 45 42
f 51 52 53
f 47 48 50
f 49 48 52
f 54 55 56
f 57 51 58
f 58 59 57
f 60 61 54
f 61 59 58
f 54 56 60
f 62 63 55
f 64 63 62
f 62 65 64
f 66 67 68
f 69 70 71
f 66 68 71
f 65 68 67
f 39 41 43
f 62 72 73
f 74 8 7
f 75 8 74
f 76 75 77
f 75 74 77
f 75 76 78
f 79 78 80
f 76 80 78
f 80 81 79
f 82 79 81
f 79 82 83
f 84 85 83
f 85 84 86
f 86 87 85
f 88 85 87
f 88 89 90
f 91 90 89
f 90 91 92
f 92 93 90
f 94 93 95
f 95 96 94
f 97 94 96
f 94 97 98
f 98 99 100
f 101 100 99
f 100 101 102
f 103 104 102
f 105 103 102
f 103 105 106
f 106 107 103
f 107 108 109
f 109 103 107
f 108 110 109
f 111 110 112
f 112 110 113
f 113 114 112
f 115 112 114
f 116 117 115
f 112 115 117
f 118 117 116
f 118 119 120
f 118 121 119
f 122 119 121
f 123 119 122
f 123 124 125
f 123 126 124
f 127 124 126
f 128 124 127
f 128 129 130
f 131 132 133
f 132 131 134
f 135 132 134
f 135 136 132
f 136 137 132
f 137 136 138
f 139 137 138
f 140 137 139
f 139 141 140
f 142 143 140
f 140 141 142
f 144 143 142
f 143 144 145
f 143 3 2
f 143 145 3
f 146 2 1
f 147 148 149
f 137 140 150
f 130 129 133
f 128 130 124
f 125 119 123
f 120 117 118
f 103 109 151
f 111 109 110
f 104 103 151
f 104 100 102
f 85 88 152
f 79 83 153
f 17 15 154
f 155 30 27
f 28 155 27
f 156 37 36
f 155 34 30
f 157 42 41
f 35 156 36
f 156 41 37
f 158 47 46
f 157 46 42
f 159 52 48
f 158 48 47
f 52 159 53
f 53 58 51
f 55 54 72
f 61 58 54
f 72 62 55
f 62 68 65
f 71 160 69
f 66 71 70
f 161 160 71
f 149 2 146
f 162 143 2
f 20 163 22
f 164 165 58
f 140 166 150
f 166 140 143
f 150 167 168
f 137 168 132
f 137 150 168
f 133 169 130
f 133 132 169
f 130 170 124
f 171 94 172
f 98 173 94
f 100 173 98
f 93 171 90
f 94 171 93
f 90 152 88
f 85 153 83
f 9 174 11
f 5 174 9
f 11 154 15
f 17 163 20
f 58 165 54
f 72 175 73
f 73 68 62
f 71 176 161
f 176 71 177
f 149 162 2
f 178 149 146
f 179 169 132
f 180 181 100
f 152 182 85
f 154 183 17
f 28 184 155
f 156 35 185
f 68 177 71
f 162 148 166
f 149 148 162
f 166 143 162
f 132 186 179
f 186 132 168
f 187 153 85
f 188 79 153
f 189 78 79
f 190 163 17
f 68 191 177
f 191 68 73
f 104 180 100
f 104 151 180
f 94 173 172
f 192 193 46
f 158 193 48
f 46 157 192
f 193 158 46
f 54 194 72
f 194 54 165
f 195 150 166
f 166 196 195
f 197 167 150
f 150 195 197
f 197 168 167
f 198 179 186
f 198 169 179
f 199 130 169
f 200 170 130
f 130 199 200
f 201 124 170
f 200 201 170
f 202 125 124
f 201 202 124
f 203 119 125
f 202 203 125
f 204 120 119
f 203 204 119
f 205 117 120
f 204 205 120
f 206 112 117
f 205 206 117
f 207 111 112
f 206 207 112
f 208 109 111
f 207 208 111
f 209 151 109
f 209 109 208
f 209 180 151
f 210 173 100
f 181 210 100
f 210 172 173
f 211 171 172
f 212 90 171
f 212 171 211
f 213 152 90
f 212 213 90
f 213 182 152
f 182 187 85
f 187 188 153
f 188 189 79
f 214 75 78
f 189 214 78
f 215 8 75
f 214 215 75
f 216 5 8
f 216 8 215
f 217 174 5
f 217 5 216
f 218 11 174
f 218 174 217
f 219 154 11
f 218 219 11
f 219 183 154
f 183 190 17
f 220 22 163
f 190 220 163
f 221 24 22
f 221 22 220
f 222 28 24
f 221 222 24
f 222 184 28
f 223 34 155
f 184 223 155
f 224 35 34
f 223 224 34
f 224 185 35
f 225 41 156
f 185 225 156
f 226 157 41
f 225 226 41
f 226 192 157
f 227 48 193
f 228 159 48
f 227 228 48
f 229 53 159
f 159 228 229
f 230 58 53
f 229 230 53
f 230 164 58
f 165 164 194
f 231 72 194
f 232 175 72
f 72 231 232
f 233 73 175
f 232 233 175
f 233 191 73
f 161 176 234
f 177 191 235
f 177 235 176
f 149 178 147
f 147 196 148
f 148 196 166
f 197 186 168
f 199 169 198
f 235 234 176
f 236 237 238
f 239 236 238
f 240 236 239
f 240 239 241
f 240 241 242
f 241 243 242
f 243 244 242
f 245 244 243
f 246 244 245
f 247 246 245
f 248 246 247
f 248 249 250
f 249 248 247
f 250 249 251
f 250 251 252
f 251 253 252
f 253 254 252
f 253 255 254
f 255 256 254
f 255 257 256
f 257 258 256
f 259 258 257
f 260 258 259
f 260 259 261
f 260 261 262
f 261 263 262
f 263 264 262
f 265 264 263
f 266 264 265
f 266 267 268
f 267 266 265
f 267 269 268
f 270 269 267
f 271 269 270
f 271 272 273
f 272 271 270
f 272 274 273
f 275 274 272
f 276 274 275
f 276 275 277
f 276 277 278
f 277 279 278
f 279 280 278
f 281 280 279
f 238 237 282
f 237 283 282
f 283 284 282
f 285 284 283
f 286 284 285
f 286 285 287
f 286 287 288
f 287 289 288
f 289 290 288
f 289 291 290
f 291 292 290
f 293 292 294
f 291 294 292
f 295 293 294
f 296 293 295
f 296 295 297
f 296 297 298
f 298 297 299
f 298 299 300
f 301 302 300
f 300 299 301
f 303 302 304
f 301 304 302
f 305 303 304
f 306 303 305
f 306 305 307
f 306 307 308
f 307 309 308
f 309 310 308
f 311 310 312
f 309 312 310
f 311 312 313
f 312 314 313
f 314 315 313
f 316 315 317
f 314 317 315
f 316 317 318
f 317 319 318
f 319 320 318
f 321 320 319
f 322 320 321
f 322 321 323
f 322 323 324
f 323 325 324
f 326 327 328
f 326 328 329
f 328 330 329
f 330 331 329
f 332 331 330
f 333 331 332
f 334 333 332
f 335 333 334
f 336 335 334
f 337 335 336
f 337 336 338
f 337 338 339
f 338 340 339
f 340 341 339
f 340 342 341
f 342 343 341
f 342 344 343
f 344 345 343
f 346 345 344
f 347 345 346
f 348 347 346
f 349 347 348
f 349 348 350
f 349 350 351
f 352 353 351
f 351 350 352
f 352 354 353
f 354 355 353
f 356 355 357
f 354 357 355
f 356 357 358
f 357 359 358
f 358 360 361
f 360 358 359
f 361 360 362
f 361 362 363
f 363 362 364
f 363 364 365
f 364 366 365
f 366 367 365
f 368 367 366
f 369 327 326
f 370 327 369
f 370 369 371
f 370 371 372
f 371 373 372
f 373 374 372
f 373 375 374
f 375 376 374
f 375 377 376
f 377 378 376
f 379 378 377
f 380 378 379
f 380 379 381
f 380 381 382
f 382 381 383
f 382 383 384
f 384 383 385
f 384 385 386
f 385 387 386
f 387 388 386
f 387 389 388
f 389 390 388
f 391 390 389
f 392 390 391
f 392 393 394
f 393 392 391
f 394 393 395
f 394 395 396
f 397 398 396
f 396 395 397
f 399 398 397
f 399 397 400
f 401 399 402
f 400 402 399
f 403 401 402
f 404 401 403
f 405 404 403
f 406 404 405
f 406 405 407
f 406 407 408
f 407 409 408
f 410 411 412
f 413 414 415
f 416 414 417
f 412 418 410
f 419 420 421
f 422 417 423
f 424 425 426
f 427 428 429
f 430 431 432
f 432 433 430
f 434 435 436
f 437 438 439
f 440 441 442
f 443 444 445
f 446 447 448
f 442 449 448
f 450 451 452
f 453 454 455
f 453 456 457
f 458 456 459
f 460 461 462
f 461 457 463
f 453 460 454
f 464 465 466
f 467 452 451
f 452 468 469
f 463 464 466
f 467 451 470
f 457 461 460
f 464 463 457
f 456 458 457
f 452 456 453
f 460 453 457
f 452 469 450
f 468 452 453
f 450 471 446
f 451 450 446
f 472 448 447
f 447 446 471
f 442 441 449
f 442 448 472
f 443 440 444
f 444 440 442
f 435 443 436
f 436 443 445
f 437 473 434
f 434 473 435
f 439 473 437
f 430 438 474
f 474 438 437
f 426 433 432
f 430 474 431
f 424 426 428
f 433 426 425
f 427 424 428
f 429 419 475
f 427 429 475
f 420 423 421
f 419 421 475
f 422 416 417
f 420 422 423
f 413 476 414
f 476 417 414
f 413 415 477
f 478 410 477
f 477 415 478
f 418 412 479
f 411 410 478
f 479 480 481
f 481 418 479
f 482 483 480
f 480 483 481
f 484 482 485
f 482 480 485
f 484 486 487
f 487 482 484
f 488 486 489
f 486 488 487
f 490 491 489
f 488 489 491
f 492 490 493
f 492 491 490
f 493 494 495
f 490 494 493
f 496 493 497
f 495 497 493
f 497 498 496
f 499 498 500
f 497 500 498
f 501 502 503
f 499 500 502
f 504 505 506
f 502 501 499
f 507 508 509
f 510 511 512
f 513 510 512
f 507 512 508
f 514 513 515
f 516 517 510
f 518 517 516
f 514 516 513
f 511 519 512
f 516 510 513
f 519 520 508
f 508 512 519
f 521 520 505
f 520 521 508
f 521 504 501
f 505 504 521
f 501 504 499
f 522 523 524
f 525 526 527
f 528 525 529
f 530 531 532
f 530 533 534
f 535 536 537
f 537 538 539
f 540 539 541
f 542 543 544
f 545 546 547
f 548 549 545
f 546 550 551
f 552 553 554
f 555 556 557
f 558 559 560
f 561 562 563
f 564 565 566
f 567 568 569
f 570 571 572
f 573 574 575
f 576 575 577
f 578 579 580
f 581 574 582
f 583 584 585
f 586 584 583
f 585 584 587
f 587 584 588
f 578 589 579
f 589 578 587
f 583 585 578
f 578 590 583
f 587 578 585
f 590 580 591
f 579 592 593
f 593 580 579
f 593 591 580
f 578 580 590
f 594 582 592
f 593 582 595
f 595 596 593
f 591 593 596
f 592 582 593
f 595 582 574
f 574 597 595
f 594 581 582
f 581 575 574
f 598 577 599
f 576 573 575
f 600 576 601
f 574 573 597
f 597 573 600
f 598 602 577
f 577 602 576
f 576 603 601
f 602 603 576
f 573 576 600
f 602 604 605
f 603 602 605
f 603 605 606
f 604 602 598
f 605 607 608
f 608 606 605
f 604 607 605
f 609 610 607
f 606 608 611
f 608 610 612
f 607 610 608
f 610 613 614
f 614 612 610
f 608 612 611
f 609 613 610
f 614 615 616
f 617 616 618
f 612 614 617
f 613 615 614
f 619 571 620
f 616 621 622
f 622 618 616
f 614 616 617
f 615 621 616
f 623 571 619
f 622 624 625
f 625 626 622
f 618 622 627
f 621 624 622
f 625 620 570
f 628 626 625
f 570 628 625
f 622 626 627
f 624 620 625
f 572 629 628
f 620 571 570
f 623 630 571
f 572 571 630
f 630 629 572
f 570 572 628
f 631 630 632
f 629 630 633
f 631 634 630
f 623 632 630
f 635 631 636
f 637 631 635
f 630 634 633
f 636 631 632
f 635 638 639
f 631 637 634
f 637 635 639
f 638 635 636
f 639 640 523
f 641 639 523
f 637 639 642
f 638 640 639
f 641 523 522
f 522 643 641
f 639 641 642
f 642 641 644
f 644 641 643
f 640 524 523
f 522 645 526
f 524 645 522
f 646 522 526
f 645 527 526
f 522 646 643
f 525 646 526
f 646 525 647
f 527 529 525
f 647 528 648
f 529 649 533
f 529 533 528
f 648 528 650
f 525 528 647
f 528 533 650
f 534 649 651
f 650 530 652
f 649 534 533
f 653 531 534
f 534 531 530
f 533 530 650
f 530 532 654
f 651 653 534
f 531 655 656
f 654 532 656
f 532 531 656
f 656 657 654
f 530 654 652
f 653 655 531
f 656 658 659
f 656 659 660
f 655 658 656
f 661 535 659
f 662 659 535
f 662 660 659
f 656 660 657
f 658 661 659
f 661 536 535
f 537 662 535
f 660 662 663
f 536 538 537
f 539 662 537
f 664 662 665
f 539 665 662
f 663 662 664
f 538 666 541
f 541 539 538
f 540 665 539
f 665 540 667
f 541 668 669
f 670 540 669
f 541 669 540
f 540 670 671
f 666 668 541
f 669 672 673
f 671 670 673
f 670 669 673
f 671 673 674
f 540 671 667
f 668 672 669
f 673 675 676
f 674 673 677
f 673 676 677
f 672 675 673
f 678 544 676
f 677 544 679
f 675 678 676
f 546 680 681
f 678 542 544
f 676 544 677
f 679 543 682
f 547 546 683
f 542 684 685
f 686 543 685
f 542 685 543
f 544 543 679
f 685 680 551
f 687 686 551
f 686 685 551
f 543 686 682
f 682 686 688
f 687 689 686
f 683 546 681
f 684 680 685
f 550 689 687
f 551 550 687
f 689 550 690
f 686 689 688
f 691 547 683
f 548 547 691
f 680 546 551
f 690 550 545
f 550 546 545
f 690 545 692
f 548 545 547
f 693 545 549
f 692 545 693
f 693 694 692
f 695 556 549
f 549 548 695
f 696 693 556
f 556 693 549
f 697 557 695
f 559 698 566
f 695 557 556
f 555 696 556
f 555 699 696
f 693 696 694
f 694 696 700
f 700 696 699
f 557 701 558
f 555 558 702
f 555 557 558
f 702 699 555
f 697 701 557
f 698 559 701
f 558 560 702
f 703 560 704
f 699 702 703
f 564 566 698
f 701 559 558
f 560 559 566
f 566 705 560
f 560 705 706
f 702 560 703
f 566 707 705
f 565 707 566
f 705 707 706
f 708 553 706
f 708 706 707
f 560 706 704
f 704 706 709
f 709 706 553
f 562 710 565
f 707 554 708
f 710 554 707
f 565 710 707
f 711 554 710
f 561 711 710
f 712 552 554
f 711 712 554
f 708 554 553
f 562 561 710
f 569 713 561
f 713 711 561
f 713 714 711
f 714 712 711
f 715 716 714
f 717 712 714
f 552 712 717
f 563 569 561
f 568 713 569
f 713 568 718
f 718 714 713
f 714 718 715
f 717 714 716
f 719 720 721
f 722 723 724
f 725 723 726
f 727 728 729
f 730 731 732
f 733 734 735
f 736 737 738
f 739 740 741
f 742 739 743
f 744 745 746
f 747 748 749
f 750 751 752
f 753 754 755
f 756 757 755
f 750 758 759
f 760 755 761
f 756 755 760
f 762 760 761
f 753 755 757
f 751 763 755
f 759 764 750
f 765 766 764
f 767 768 769
f 770 771 772
f 773 774 771
f 775 776 774
f 777 778 779
f 780 781 779
f 782 783 784
f 785 786 787
f 783 788 789
f 790 732 791
f 724 792 793
f 794 795 796
f 797 798 799
f 752 751 754
f 754 751 755
f 761 755 763
f 800 762 761
f 800 761 801
f 758 750 752
f 746 745 802
f 763 750 803
f 750 763 751
f 803 801 763
f 761 763 801
f 804 759 758
f 750 764 803
f 764 805 803
f 806 803 805
f 803 806 801
f 745 804 807
f 804 765 759
f 808 746 809
f 765 764 759
f 805 766 810
f 802 745 807
f 766 745 811
f 810 766 811
f 765 745 766
f 764 766 805
f 804 745 765
f 809 746 802
f 811 745 744
f 812 813 811
f 812 811 744
f 810 811 813
f 746 808 769
f 744 769 814
f 769 744 746
f 815 767 808
f 748 816 817
f 814 769 768
f 814 768 818
f 744 814 812
f 812 814 818
f 808 767 769
f 772 819 820
f 767 821 822
f 823 768 822
f 822 768 767
f 824 825 768
f 818 768 825
f 768 823 824
f 821 767 815
f 822 816 747
f 823 747 826
f 824 823 826
f 823 822 747
f 827 748 817
f 819 748 827
f 821 816 822
f 828 770 772
f 829 826 749
f 747 749 826
f 829 830 826
f 824 826 830
f 816 748 747
f 748 819 831
f 749 831 832
f 748 831 749
f 829 749 832
f 833 829 832
f 828 772 820
f 834 832 772
f 833 832 834
f 832 831 772
f 773 770 828
f 819 772 831
f 835 836 775
f 772 771 834
f 837 838 834
f 833 834 838
f 834 771 837
f 770 773 771
f 837 771 774
f 837 774 839
f 773 775 774
f 774 776 840
f 839 774 840
f 776 836 841
f 775 836 776
f 842 840 841
f 840 776 841
f 843 839 840
f 843 840 844
f 845 846 743
f 847 741 836
f 836 741 841
f 842 741 848
f 848 844 842
f 842 841 741
f 840 842 844
f 739 847 849
f 740 850 848
f 848 741 740
f 844 848 850
f 847 739 741
f 719 851 852
f 739 742 740
f 740 742 853
f 850 740 853
f 743 739 849
f 852 854 777
f 743 846 855
f 742 855 856
f 855 742 743
f 742 857 858
f 853 742 858
f 742 856 857
f 777 719 852
f 855 859 860
f 856 860 861
f 857 856 861
f 855 860 856
f 846 859 855
f 721 859 851
f 861 860 721
f 721 862 861
f 859 721 860
f 719 721 851
f 778 777 854
f 720 777 863
f 719 777 720
f 863 864 720
f 721 720 862
f 862 720 864
f 863 779 865
f 777 779 863
f 865 866 863
f 864 863 866
f 778 780 779
f 865 867 868
f 781 865 779
f 781 867 865
f 866 865 868
f 869 736 781
f 869 781 780
f 868 867 870
f 871 737 869
f 869 737 736
f 738 872 867
f 781 736 867
f 870 867 872
f 737 873 786
f 874 738 786
f 738 737 786
f 874 875 738
f 736 738 867
f 872 738 875
f 871 873 737
f 787 873 876
f 785 874 786
f 873 787 786
f 787 877 789
f 785 787 789
f 785 789 878
f 874 785 878
f 877 787 876
f 879 783 877
f 789 880 881
f 878 789 881
f 789 788 880
f 877 783 789
f 880 788 782
f 783 782 788
f 880 782 882
f 879 784 783
f 784 883 734
f 784 734 782
f 882 782 734
f 882 734 884
f 884 734 885
f 885 734 733
f 883 735 734
f 886 887 735
f 735 887 733
f 887 888 885
f 889 887 890
f 733 887 885
f 890 887 886
f 889 891 791
f 889 892 893
f 887 889 888
f 888 889 893
f 892 889 791
f 891 889 890
f 894 892 791
f 894 791 732
f 891 790 791
f 790 730 732
f 730 895 896
f 730 896 731
f 897 898 731
f 732 731 894
f 897 731 896
f 894 731 898
f 896 899 900
f 895 899 896
f 900 901 902
f 903 904 900
f 896 900 897
f 902 903 900
f 897 900 904
f 899 901 900
f 905 792 902
f 901 905 902
f 792 724 906
f 902 792 903
f 903 792 906
f 905 793 792
f 907 722 793
f 793 722 724
f 724 723 908
f 906 724 908
f 722 909 726
f 723 722 726
f 907 909 722
f 726 910 727
f 725 726 727
f 729 725 727
f 911 797 794
f 909 910 726
f 912 913 727
f 727 913 728
f 912 914 913
f 910 912 727
f 914 915 913
f 913 915 728
f 916 728 915
f 914 796 915
f 796 795 915
f 915 795 916
f 916 795 917
f 911 794 796
f 794 917 795
f 917 794 918
f 797 919 794
f 919 920 794
f 794 920 918
f 799 921 797
f 921 919 797
f 921 920 919
f 921 922 920
f 923 924 925
f 923 926 927
f 928 929 923
f 923 927 930
f 931 926 923
f 923 932 933
f 932 923 934
f 935 934 923
f 936 937 923
f 936 923 933
f 923 938 939
f 935 923 930
f 937 938 923
f 923 940 941
f 931 923 941
f 923 939 942
f 923 943 940
f 923 944 945
f 923 946 928
f 923 947 944
f 923 945 948
f 923 948 949
f 925 946 923
f 950 923 949
f 951 923 952
f 923 950 952
f 951 953 923
f 953 954 923
f 954 955 923
f 955 956 923
f 923 956 957
f 923 957 958
f 958 959 923
f 924 923 959
f 943 923 929
f 923 942 947
f 960 961 962
f 963 964 965
f 966 967 968
f 969 970 971
f 965 972 973
f 974 975 976
f 977 978 979
f 980 981 978
f 982 983 984
f 985 986 982
f 987 988 989
f 990 991 992
f 993 994 995
f 996 994 997
f 998 999 1000
f 1001 1002 1003
f 1002 1004 1003
f 1005 1006 1007
f 1007 1008 1005
f 1008 1009 1010
f 1009 1011 1012
f 1013 1014 1011
f 1015 1016 1014
f 1017 1018 1016
f 1018 1019 1020
f 1020 1021 1022
f 1023 1024 1022
f 1025 1026 1027
f 1023 1026 1024
f 1028 1027 1029
f 1030 1031 1032
f 1032 1029 1030
f 1033 1031 1034
f 1030 1034 1031
f 1035 1036 1033
f 1033 1034 1035
f 1037 1036 1038
f 1035 1038 1036
f 1037 1039 1040
f 1039 1037 1038
f 1041 1042 1040
f 1040 1039 1041
f 1042 1043 1044
f 1043 1042 1041
f 1045 1044 1046
f 1043 1046 1044
f 1045 1046 1047
f 1045 1047 1048
f 1047 1049 1048
f 1050 1051 1048
f 1048 1049 1050
f 1051 1050 1052
f 1050 1053 1052
f 1054 1055 1052
f 1052 1053 1054
f 1029 1032 1028
f 1056 991 990
f 1025 1027 1028
f 1024 1026 1025
f 1019 1021 1020
f 1021 1023 1022
f 1057 1019 1018
f 1017 1057 1018
f 1015 1017 1016
f 1013 1015 1014
f 1009 1013 1011
f 1010 1009 1012
f 1005 1008 1010
f 1001 1007 1006
f 1002 1001 1006
f 1004 1002 998
f 999 1058 1000
f 1000 1004 998
f 999 993 1058
f 1058 993 995
f 994 993 997
f 1059 994 996
f 1059 1060 1061
f 1059 996 1060
f 1061 1060 990
f 1061 990 992
f 1062 991 1056
f 1063 1062 1064
f 1064 1062 1056
f 1063 1065 1062
f 1066 1065 1067
f 1067 1065 1063
f 989 1066 1067
f 1068 988 987
f 988 1066 989
f 1069 1068 987
f 1070 1069 984
f 1069 1070 1068
f 983 1070 984
f 1071 986 985
f 986 983 982
f 1072 1071 985
f 980 1072 981
f 1072 980 1071
f 979 978 981
f 1073 1074 977
f 977 1074 978
f 974 1074 1073
f 1075 976 975
f 975 974 1073
f 1076 1075 1077
f 1075 1076 976
f 970 1076 971
f 971 1076 1077
f 973 972 969
f 969 972 970
f 973 963 965
f 964 967 1078
f 965 964 1078
f 968 960 966
f 967 966 1078
f 960 968 961
f 1079 1080 1081
f 1082 1083 1084
f 1085 1084 1083
f 1086 1087 1088
f 1089 1087 1086
f 1090 1091 1092
f 1093 1083 1082
f 1094 1093 1082
f 1090 1084 1085
f 1095 1093 1094
f 1095 1094 1096
f 1085 1091 1090
f 1097 1092 1098
f 1091 1098 1092
f 1095 1096 1099
f 1099 1096 1100
f 1099 1101 1102
f 1100 1101 1099
f 1087 1097 1088
f 1088 1097 1098
f 1086 1103 1089
f 1104 1102 1101
f 1102 1104 1105
f 1106 1103 1086
f 1104 1107 1105
f 1108 1105 1107
f 1109 1110 1108
f 1108 1107 1109
f 1111 1110 1109
f 1112 1110 1111
f 1112 1111 1113
f 1112 1114 1115
f 1114 1112 1113
f 1114 1116 1115
f 1116 1117 1115
f 1118 1117 1116
f 1119 1117 1118
f 1120 1121 1119
f 1119 1118 1120
f 1106 1122 1103
f 1123 1124 1121
f 1121 1120 1123
f 1124 1123 1125
f 1126 1125 1127
f 1123 1127 1125
f 1126 1128 1129
f 1128 1126 1127
f 1130 1129 1131
f 1128 1131 1129
f 1131 1132 1130
f 1132 1133 1134
f 1133 1132 1131
f 1133 1135 1134
f 1136 1137 1134
f 1134 1135 1136
f 1137 1138 1139
f 1138 1137 1136
f 1139 1138 1140
f 1106 1141 1122
f 1141 1142 1122
f 1142 1143 1122
f 1144 1143 1142
f 1145 1143 1144
f 1146 1144 1147
f 1144 1146 1145
f 1147 1148 1149
f 1149 1146 1147
f 1150 1151 1148
f 1149 1148 1151
f 1152 1150 1153
f 1150 1152 1151
f 1153 1154 1155
f 1155 1152 1153
f 1154 1156 1155
f 1157 1156 1154
f 1158 1156 1157
f 1159 1157 1160
f 1157 1159 1158
f 1160 1161 1162
f 1162 1159 1160
f 1162 1161 1163
f 1162 1163 1164
f 1163 1165 1164
f 1165 1166 1164
f 1167 1166 1165
f 1167 1168 1169
f 1169 1166 1167
f 1168 1170 1169
f 1171 1170 1168
f 1172 1170 1171
f 1173 1171 1174
f 1171 1173 1172
f 1174 1175 1176
f 1176 1173 1174
f 1177 1178 1175
f 1176 1175 1178
f 1179 1178 1177
f 1180 1177 1181
f 1177 1180 1179
f 1182 1180 1181
f 1183 1180 1182
f 1184 1182 1185
f 1182 1184 1183
f 1185 1186 1187
f 1187 1184 1185
f 1188 1186 1189
f 1186 1188 1187
f 1190 1191 1189
f 1188 1189 1191
f 1192 1191 1190
f 1192 1190 1193
f 1192 1193 1194
f 1194 1193 1195
f 1194 1081 1196
f 1081 1194 1195
f 1080 1196 1081
f 1197 1198 1199
f 1200 1201 1198
f 1201 1200 1202
f 1200 1198 1197
f 1200 1203 1202
f 1200 1204 1203
f 1205 1206 1207
f 1204 1205 1207
f 1207 1203 1204
f 1197 1199 1208
f 1199 1209 1208
f 1210 1211 1209
f 1208 1209 1211
f 1210 1212 1211
f 1210 1213 1212
f 1212 1213 1214
f 1212 1214 1215
f 1215 1214 1216
f 1216 1217 1215
f 1216 1218 1217
f 1219 1220 1221
f 1219 1222 1220
f 1220 1222 1223
f 1223 1222 1224
f 1225 1223 1224
f 1226 1225 1224
f 1227 1225 1226
f 1228 1227 1226
f 1227 1228 1229
f 1229 1228 1230
f 1231 1221 1220
f 1231 1232 1221
f 1232 1231 1233
f 1234 1233 1231
f 1235 1233 1234
f 1235 1234 1236
f 1234 1237 1236
f 1236 1237 1238
f 1239 1238 1237
f 1239 1240 1238
f 1241 1242 1243
f 1244 1245 1243
f 1246 1247 1248
f 1249 1250 1251
f 1250 1252 1253
f 1254 1255 1256
f 1257 1258 1256
f 1256 1258 1254
f 1259 1255 1260
f 1261 1262 1263
f 1264 1265 1266
f 1264 1267 1268
f 1269 1270 1271
f 1272 1273 1274
f 1275 1269 1276
f 1277 1278 1273
f 1279 1280 1281
f 1282 1283 1284
f 1282 1285 1280
f 1286 1284 1287
f 1288 1289 1290
f 1287 1291 1292
f 1292 1293 1294
f 1295 1288 1296
f 1297 1298 1299
f 1300 1301 1302
f 1297 1303 1304
f 1297 1305 1303
f 1306 1307 1308
f 1303 1307 1306
f 1308 1309 1310
f 1311 1312 1313
f 1314 1312 1311
f 1315 1316 1317
f 1301 1318 1302
f 1319 1295 1315
f 1320 1321 1322
f 1323 1321 1324
f 1325 1254 1258
f 1325 1326 1260
f 1254 1260 1255
f 1325 1260 1254
f 1325 1258 1327
f 1252 1249 1328
f 1249 1325 1327
f 1329 1325 1251
f 1249 1251 1325
f 1250 1249 1252
f 1330 1329 1250
f 1250 1329 1251
f 1325 1329 1326
f 1253 1252 1331
f 1250 1253 1332
f 1333 1253 1331
f 1333 1332 1253
f 1250 1332 1330
f 1332 1333 1334
f 1335 1333 1331
f 1242 1336 1337
f 1335 1246 1333
f 1248 1333 1246
f 1338 1333 1248
f 1338 1334 1333
f 1244 1242 1339
f 1340 1247 1246
f 1247 1340 1336
f 1247 1341 1248
f 1341 1247 1342
f 1248 1341 1338
f 1339 1242 1337
f 1336 1342 1247
f 1342 1336 1242
f 1241 1342 1242
f 1343 1342 1241
f 1343 1344 1342
f 1344 1341 1342
f 1243 1242 1244
f 1345 1241 1243
f 1245 1244 1346
f 1345 1243 1245
f 1241 1345 1343
f 1345 1245 1347
f 1348 1245 1346
f 1348 1349 1245
f 1347 1245 1349
f 1348 1346 1350
f 1351 1348 1350
f 1261 1352 1353
f 1351 1354 1348
f 1351 1355 1354
f 1356 1355 1357
f 1354 1356 1348
f 1356 1354 1355
f 1348 1356 1349
f 1358 1355 1351
f 1358 1352 1355
f 1352 1359 1355
f 1357 1355 1359
f 1360 1261 1353
f 1263 1359 1352
f 1263 1352 1261
f 1361 1359 1263
f 1359 1361 1362
f 1362 1357 1359
f 1363 1361 1262
f 1262 1361 1263
f 1360 1262 1261
f 1262 1360 1364
f 1364 1365 1262
f 1366 1364 1360
f 1364 1366 1367
f 1368 1369 1364
f 1262 1365 1363
f 1367 1368 1364
f 1367 1266 1368
f 1265 1368 1266
f 1265 1370 1368
f 1364 1369 1365
f 1371 1372 1373
f 1264 1266 1267
f 1370 1264 1374
f 1368 1370 1369
f 1268 1267 1375
f 1264 1376 1374
f 1265 1264 1370
f 1376 1264 1268
f 1377 1268 1375
f 1378 1268 1377
f 1376 1268 1378
f 1372 1377 1375
f 1379 1380 1381
f 1372 1382 1377
f 1382 1378 1377
f 1378 1382 1383
f 1371 1382 1372
f 1371 1384 1382
f 1382 1384 1385
f 1386 1384 1371
f 1386 1387 1384
f 1385 1384 1387
f 1388 1385 1387
f 1382 1385 1383
f 1380 1387 1386
f 1387 1380 1389
f 1389 1390 1387
f 1388 1387 1390
f 1379 1389 1380
f 1379 1271 1389
f 1389 1271 1270
f 1391 1389 1270
f 1392 1271 1379
f 1392 1276 1271
f 1271 1276 1269
f 1389 1391 1390
f 1391 1269 1393
f 1276 1392 1394
f 1395 1396 1397
f 1276 1394 1398
f 1270 1269 1391
f 1398 1275 1276
f 1398 1272 1275
f 1274 1275 1272
f 1274 1399 1400
f 1275 1400 1269
f 1274 1400 1275
f 1269 1400 1393
f 1279 1397 1396
f 1273 1272 1277
f 1401 1399 1274
f 1280 1402 1283
f 1395 1278 1277
f 1273 1401 1274
f 1399 1401 1403
f 1278 1401 1273
f 1403 1404 1399
f 1397 1278 1395
f 1405 1406 1401
f 1405 1278 1397
f 1401 1278 1405
f 1401 1406 1403
f 1280 1279 1402
f 1405 1397 1281
f 1281 1397 1279
f 1281 1407 1405
f 1291 1408 1409
f 1293 1291 1409
f 1280 1285 1281
f 1405 1407 1406
f 1407 1285 1410
f 1282 1280 1283
f 1410 1411 1412
f 1281 1285 1407
f 1291 1413 1408
f 1414 1293 1409
f 1411 1286 1415
f 1286 1282 1284
f 1282 1411 1285
f 1286 1411 1282
f 1412 1411 1415
f 1285 1411 1410
f 1413 1284 1283
f 1284 1413 1291
f 1291 1287 1284
f 1287 1415 1286
f 1415 1287 1416
f 1295 1296 1417
f 1292 1291 1293
f 1292 1418 1287
f 1294 1419 1292
f 1287 1418 1416
f 1414 1294 1293
f 1420 1295 1417
f 1414 1290 1294
f 1289 1294 1290
f 1289 1421 1294
f 1292 1419 1418
f 1288 1290 1296
f 1294 1421 1419
f 1421 1422 1423
f 1299 1300 1424
f 1425 1422 1319
f 1288 1295 1319
f 1288 1422 1289
f 1319 1422 1288
f 1289 1422 1421
f 1317 1319 1315
f 1317 1425 1319
f 1426 1425 1317
f 1422 1425 1423
f 1420 1315 1295
f 1297 1299 1427
f 1420 1316 1315
f 1428 1426 1317
f 1317 1429 1428
f 1424 1300 1430
f 1430 1316 1420
f 1316 1430 1300
f 1316 1300 1302
f 1316 1429 1317
f 1302 1429 1316
f 1429 1302 1431
f 1427 1299 1424
f 1301 1300 1299
f 1429 1431 1428
f 1298 1301 1299
f 1301 1298 1432
f 1318 1301 1432
f 1318 1432 1433
f 1302 1318 1431
f 1304 1298 1297
f 1434 1432 1304
f 1432 1298 1304
f 1432 1434 1435
f 1303 1306 1436
f 1303 1436 1304
f 1304 1436 1323
f 1323 1434 1304
f 1324 1434 1323
f 1432 1435 1433
f 1306 1437 1436
f 1436 1437 1322
f 1323 1436 1322
f 1321 1323 1322
f 1434 1324 1435
f 1310 1309 1313
f 1310 1437 1308
f 1308 1437 1306
f 1437 1310 1438
f 1438 1322 1437
f 1322 1438 1320
f 1438 1310 1439
f 1310 1312 1439
f 1320 1438 1440
f 1439 1440 1438
f 1313 1312 1310
f 1314 1441 1312
f 1312 1441 1439
f 1441 1442 1439
f 1442 1443 1440
f 1439 1442 1440
f 1444 1445 1446
f 1447 1448 1449
f 1449 1450 1451
f 1452 1453 1454
f 1454 1451 1455
f 1456 1457 1458
f 1459 1460 1461
f 1462 1463 1461
f 1464 1458 1462
f 1465 1460 1466
f 1467 1468 1469
f 1470 1471 1472
f 1473 1474 1475
f 1476 1477 1478
f 1479 1480 1481
f 1482 1483 1484
f 1485 1486 1484
f 1481 1487 1488
f 1489 1490 1491
f 1492 1493 1494
f 1495 1489 1496
f 1445 1497 1498
f 1499 1500 1501
f 1502 1503 1501
f 1502 1504 1505
f 1506 1507 1508
f 1509 1510 1511
f 1510 1512 1508
f 1513 1514 1515
f 1516 1517 1518
f 1519 1520 1521
f 1516 1518 1522
f 1523 1524 1517
f 1516 1523 1517
f 1515 1525 1526
f 1527 1520 1528
f 1528 1524 1529
f 1529 1524 1523
f 1528 1520 1524
f 1519 1517 1524
f 1519 1524 1520
f 1518 1517 1530
f 1530 1531 1518
f 1532 1515 1526
f 1519 1530 1517
f 1533 1519 1521
f 1534 1531 1530
f 1530 1519 1533
f 1533 1534 1530
f 1527 1521 1520
f 1521 1527 1525
f 1533 1521 1535
f 1535 1521 1536
f 1537 1534 1533
f 1535 1537 1533
f 1525 1536 1521
f 1509 1538 1539
f 1525 1515 1536
f 1536 1514 1535
f 1540 1535 1514
f 1514 1536 1515
f 1535 1540 1537
f 1539 1541 1512
f 1542 1540 1514
f 1532 1513 1515
f 1512 1509 1539
f 1532 1543 1513
f 1513 1542 1514
f 1544 1513 1543
f 1544 1542 1513
f 1542 1545 1546
f 1546 1540 1542
f 1547 1543 1532
f 1548 1549 1550
f 1547 1551 1543
f 1544 1543 1552
f 1552 1543 1551
f 1544 1553 1545
f 1545 1542 1544
f 1549 1548 1505
f 1538 1551 1547
f 1538 1509 1551
f 1552 1551 1511
f 1509 1511 1551
f 1554 1552 1511
f 1554 1553 1552
f 1553 1544 1552
f 1550 1512 1541
f 1510 1509 1512
f 1510 1555 1511
f 1508 1507 1510
f 1507 1556 1510
f 1511 1555 1554
f 1550 1508 1512
f 1508 1550 1549
f 1506 1508 1549
f 1506 1557 1507
f 1510 1556 1555
f 1504 1506 1549
f 1504 1549 1505
f 1507 1557 1556
f 1557 1504 1558
f 1502 1505 1503
f 1559 1504 1502
f 1559 1558 1504
f 1506 1504 1557
f 1502 1501 1500
f 1560 1501 1503
f 1501 1560 1561
f 1562 1563 1500
f 1562 1500 1499
f 1563 1564 1500
f 1502 1500 1559
f 1564 1559 1500
f 1561 1499 1501
f 1499 1561 1565
f 1562 1499 1565
f 1566 1565 1561
f 1566 1567 1565
f 1565 1567 1568
f 1568 1562 1565
f 1562 1569 1563
f 1568 1570 1569
f 1571 1567 1566
f 1571 1572 1567
f 1567 1573 1568
f 1573 1567 1572
f 1568 1573 1574
f 1568 1574 1570
f 1562 1568 1569
f 1575 1573 1572
f 1576 1577 1574
f 1573 1575 1576
f 1574 1573 1576
f 1575 1572 1578
f 1498 1575 1578
f 1575 1497 1576
f 1498 1497 1575
f 1497 1579 1577
f 1580 1498 1578
f 1498 1580 1446
f 1446 1445 1498
f 1445 1581 1497
f 1581 1579 1497
f 1576 1497 1577
f 1582 1446 1580
f 1446 1582 1583
f 1452 1455 1584
f 1444 1446 1583
f 1448 1444 1583
f 1448 1447 1444
f 1444 1585 1445
f 1447 1585 1444
f 1585 1586 1587
f 1445 1585 1581
f 1447 1586 1585
f 1587 1581 1585
f 1588 1448 1583
f 1589 1452 1590
f 1588 1450 1448
f 1450 1449 1448
f 1449 1591 1447
f 1591 1586 1447
f 1592 1450 1588
f 1584 1455 1592
f 1450 1592 1455
f 1450 1455 1451
f 1591 1451 1593
f 1590 1452 1584
f 1452 1454 1455
f 1454 1594 1451
f 1451 1594 1593
f 1449 1451 1591
f 1463 1595 1459
f 1596 1463 1458
f 1597 1457 1589
f 1458 1457 1597
f 1589 1453 1452
f 1589 1457 1453
f 1456 1453 1457
f 1453 1598 1454
f 1599 1598 1453
f 1454 1598 1594
f 1596 1458 1597
f 1464 1456 1458
f 1456 1599 1453
f 1464 1599 1456
f 1599 1464 1600
f 1462 1458 1463
f 1462 1601 1464
f 1601 1600 1464
f 1466 1459 1595
f 1467 1602 1603
f 1461 1463 1459
f 1461 1604 1462
f 1460 1459 1466
f 1460 1605 1461
f 1462 1604 1601
f 1460 1465 1606
f 1461 1605 1604
f 1602 1465 1466
f 1465 1602 1467
f 1469 1465 1467
f 1606 1465 1469
f 1460 1606 1605
f 1469 1607 1606
f 1470 1472 1608
f 1609 1469 1468
f 1609 1607 1469
f 1610 1468 1467
f 1610 1611 1468
f 1609 1468 1612
f 1612 1468 1611
f 1613 1614 1609
f 1614 1607 1609
f 1471 1612 1611
f 1471 1611 1472
f 1612 1615 1613
f 1613 1609 1612
f 1616 1470 1608
f 1471 1615 1612
f 1617 1615 1471
f 1470 1617 1471
f 1617 1470 1618
f 1618 1619 1617
f 1616 1618 1470
f 1618 1616 1620
f 1621 1618 1620
f 1622 1619 1618
f 1623 1624 1495
f 1625 1621 1620
f 1622 1625 1626
f 1621 1622 1618
f 1622 1621 1625
f 1627 1474 1628
f 1629 1625 1620
f 1629 1474 1625
f 1473 1625 1474
f 1630 1626 1473
f 1473 1626 1625
f 1490 1495 1624
f 1630 1475 1631
f 1627 1475 1474
f 1475 1627 1623
f 1632 1631 1475
f 1473 1475 1630
f 1475 1633 1632
f 1623 1633 1475
f 1623 1495 1633
f 1496 1633 1495
f 1496 1634 1633
f 1633 1634 1632
f 1495 1490 1489
f 1635 1636 1491
f 1489 1636 1496
f 1636 1489 1491
f 1496 1636 1634
f 1637 1491 1490
f 1491 1637 1480
f 1638 1491 1480
f 1639 1491 1638
f 1640 1641 1642
f 1479 1638 1480
f 1643 1638 1479
f 1491 1639 1635
f 1644 1479 1481
f 1638 1643 1639
f 1643 1644 1645
f 1644 1646 1486
f 1488 1644 1481
f 1488 1646 1644
f 1485 1645 1644
f 1479 1644 1643
f 1644 1486 1485
f 1646 1482 1486
f 1486 1482 1484
f 1641 1482 1642
f 1642 1482 1646
f 1482 1641 1647
f 1483 1478 1477
f 1647 1483 1482
f 1641 1492 1478
f 1641 1478 1647
f 1647 1478 1483
f 1640 1492 1641
f 1648 1492 1494
f 1492 1648 1478
f 1476 1478 1648
f 1649 1650 1651
f 1652 1653 1654
f 1655 1656 1654
f 1657 1658 1654
f 1654 1659 1652
f 1660 1661 1662
f 1654 1663 1664
f 1665 1666 1667
f 1667 1668 1669
f 1670 1671 1672
f 1661 1673 1662
f 1671 1674 1662
f 1675 1663 1654
f 1655 1654 1676
f 1677 1678 1679
f 1679 1678 1680
f 1681 1682 1683
f 1681 1683 1678
f 1684 1685 1686
f 1684 1682 1685
f 1687 1688 1689
f 1687 1686 1688
f 1689 1690 1687
f 1691 1692 1693
f 1694 1695 1696
f 1695 1697 1696
f 1698 1699 1696
f 1699 1694 1696
f 1700 1701 1692
f 1695 1694 1702
f 1701 1703 1696
f 1701 1696 1697
f 1700 1703 1701
f 1690 1691 1693
f 1701 1693 1692
f 1687 1690 1693
f 1686 1687 1684
f 1682 1684 1683
f 1681 1678 1704
f 1677 1704 1678
f 1705 1706 1654
f 1707 1708 1709
f 1662 1710 1654
f 1662 1711 1660
f 1671 1712 1672
f 1674 1671 1670
f 1669 1713 1671
f 1712 1671 1713
f 1674 1711 1662
f 1669 1671 1667
f 1666 1668 1667
f 1654 1710 1714
f 1673 1710 1662
f 1675 1654 1714
f 1715 1716 1717
f 1718 1719 1720
f 1721 1719 1722
f 1718 1722 1719
f 1719 1723 1724
f 1719 1724 1725
f 1722 1718 1726
f 1725 1720 1719
f 1727 1726 1728
f 1726 1727 1722
f 1727 1729 1730
f 1727 1728 1729
f 1731 1730 1732
f 1729 1732 1730
f 1730 1731 1715
f 1715 1733 1734
f 1731 1733 1715
f 1734 1716 1715
f 1667 1715 1717
f 1667 1717 1735
f 1667 1735 1665
f 1705 1654 1658
f 1654 1664 1657
f 1706 1736 1654
f 1659 1654 1737
f 1654 1736 1737
f 1676 1654 1653
f 1738 1709 1654
f 1738 1654 1656
f 1738 1739 1709
f 1709 1739 1740
f 1709 1740 1707
f 1741 1709 1708
f 1742 1709 1741
f 1743 1709 1744
f 1709 1742 1744
f 1745 1709 1743
f 1746 1678 1709
f 1709 1745 1746
f 1747 1678 1746
f 1678 1748 1680
f 1748 1678 1747
f 1748 1749 1680
f 1749 1750 1680
f 1750 1751 1752
f 1751 1750 1749
f 1751 1753 1752
f 1754 1755 1752
f 1752 1753 1754
f 1755 1754 1756
f 1754 1757 1756
f 1651 1650 1756
f 1756 1757 1651
f 1758 1650 1649
f 1758 1649 1759
f 1649 1760 1759
f 1760 1761 1759
f 1761 1762 1763
f 1762 1761 1760
f 1762 1764 1763
f 1765 1764 1762
f 1765 1766 1764
f 1767 1768 1764
f 1766 1767 1764
f 1768 1769 1764
f 1770 1771 1764
f 1764 1769 1772
f 1764 1772 1773
f 1774 1764 1775
f 1776 1770 1764
f 1774 1777 1764
f 1764 1778 1779
f 1778 1764 1777
f 1764 1780 1776
f 1779 1781 1780
f 1782 1783 1784
f 1780 1781 1782
f 1785 1786 1787
f 1785 1788 1786
f 1786 1789 1787
f 1790 1789 1791
f 1792 1786 1788
f 1791 1789 1786
f 1784 1788 1782
f 1785 1782 1788
f 1779 1780 1764
f 1782 1781 1783
f 1773 1775 1764
f 1793 1763 1764
f 1764 1794 1795
f 1764 1795 1793
f 1796 1794 1764
f 1771 1797 1764
f 1798 1796 1764
f 1799 1798 1764
f 1764 1800 1801
f 1799 1764 1801
f 1802 1803 1764
f 1764 1803 1800
f 1802 1764 1804
f 1764 1805 1806
f 1804 1764 1806
f 1764 1807 1808
f 1805 1764 1809
f 1764 1808 1810
f 1810 1811 1764
f 1812 1813 1814
f 1813 1815 1816
f 1817 1814 1818
f 1817 1819 1814
f 1813 1820 1814
f 1821 1814 1819
f 1822 1821 1819
f 1823 1814 1821
f 1814 1824 1812
f 1823 1824 1814
f 1815 1813 1812
f 1813 1816 1825
f 1813 1825 1826
f 1827 1813 1828
f 1826 1828 1813
f 1828 1811 1827
f 1811 1829 1764
f 1829 1811 1828
f 1764 1830 1831
f 1829 1830 1764
f 1764 1831 1832
f 1764 1832 1833
f 1764 1833 1834
f 1764 1834 1835
f 1764 1836 1837
f 1835 1836 1764
f 1764 1837 1838
f 1838 1839 1764
f 1764 1840 1841
f 1839 1840 1764
f 1764 1841 1842
f 1842 1843 1764
f 1764 1844 1845
f 1843 1844 1764
f 1764 1845 1846
f 1764 1847 1848
f 1846 1847 1764
f 1848 1849 1764
f 1764 1850 1851
f 1849 1850 1764
f 1764 1851 1852
f 1764 1853 1854
f 1852 1853 1764
f 1764 1854 1855
f 1764 1855 1856
f 1764 1856 1857
f 1764 1857 1858
f 1809 1764 1858
f 1859 1860 1861
f 1861 1860 1862
f 1862 1863 1861
f 1860 1859 1864
f 1860 1864 1865
f 1866 1864 1867
f 1864 1866 1865
f 1867 1868 1866
f 1866 1868 1869
f 1870 1869 1868
f 1871 1872 1870
f 1870 1868 1871
f 1873 1872 1874
f 1871 1874 1872
f 1874 1875 1876
f 1876 1873 1874
f 1877 1861 1863
f 1861 1877 1878
f 1879 1878 1877
f 1880 1878 1879
f 1878 1880 1881
f 1881 1880 1882
f 1881 1882 1883
f 1884 1883 1882
f 1883 1885 1886
f 1887 1888 1885
f 1889 1890 1891
f 1892 1893 1894
f 1895 1896 1897
f 1898 1897 1896
f 1898 1899 1897
f 1899 1898 1900
f 1891 1890 1901
f 1902 1903 1894
f 1895 1893 1904
f 1893 1895 1897
f 1892 1904 1893
f 1892 1894 1903
f 1903 1902 1889
f 1902 1890 1889
f 1891 1901 1905
f 1906 1907 1901
f 1905 1901 1907
f 1908 1909 1906
f 1909 1907 1906
f 1908 1910 1909
f 1887 1910 1908
f 1888 1887 1908
f 1883 1884 1885
f 1888 1886 1885
f 1911 1912 1913
f 1914 1915 1912
f 1916 1917 1918
f 1916 1919 1917
f 1920 1921 1922
f 1923 1924 1925
f 1925 1924 1922
f 1924 1923 1926
f 1927 1919 1928
f 1929 1930 1931
f 1929 1931 1932
f 1930 1929 1933
f 1931 1926 1932
f 1934 1928 1930
f 1930 1933 1934
f 1924 1926 1931
f 1934 1927 1928
f 1919 1927 1935
f 1917 1919 1935
f 1922 1921 1925
f 1918 1917 1936
f 1921 1920 1937
f 1938 1937 1920
f 1938 1939 1937
f 1938 1940 1939
f 1941 1918 1936
f 1936 1942 1941
f 1943 1939 1940
f 1942 1913 1941
f 1944 1943 1940
f 1911 1913 1942
f 1943 1944 1945
f 1914 1912 1911
f 1944 1946 1945
f 1946 1944 1947
f 1915 1948 1912
f 1948 1915 1949
f 1950 1951 1948
f 1948 1949 1950
f 1950 1952 1951
f 1950 1953 1952
f 1953 1954 1952
f 1954 1955 1956
f 1956 1952 1954
f 1955 1957 1956
f 1958 1956 1957
f 1957 1959 1958
f 1959 1960 1961
f 1961 1958 1959
f 1962 1963 1964
f 1965 1966 1967
f 1968 1969 1970
f 1971 1972 1973
f 1974 1975 1976
f 1977 1978 1979
f 1980 1981 1982
f 1981 1983 1984
f 1985 1986 1987
f 1988 1989 1990
f 1991 1992 1993
f 1994 1995 1996
f 1997 1998 1999
f 2000 2001 2002
f 2003 2004 1967
f 2005 2006 2007
f 2008 2009 2010
f 2011 2012 2013
f 2014 2010 2015
f 2016 2017 2012
f 2011 2018 2019
f 2019 2020 2003
f 2014 2021 2022
f 2023 2024 2022
f 1999 1966 2025
f 2026 2005 2024
f 2000 2002 2027
f 2027 2002 2007
f 2028 2029 1998
f 2000 2030 2001
f 2029 2031 2032
f 2033 2034 2035
f 2036 2037 2030
f 2038 2039 2040
f 1986 2035 2041
f 2042 2043 1985
f 2038 2044 1989
f 2045 2046 1982
f 2045 2043 2047
f 2048 2049 2050
f 2050 1988 1990
f 2051 2052 1984
f 2048 1974 2053
f 1979 2054 1975
f 2055 2056 2052
f 2057 2058 1970
f 2059 2057 2056
f 1969 2060 2061
f 2062 1977 1972
f 2063 2061 2064
f 1973 1962 2065
f 1963 2066 2067
f 2063 2068 2069
f 2070 2066 2071
f 2072 2071 2073
f 2073 2074 2075
f 2076 2077 2074
f 2078 2076 2079
f 2080 2081 2079
f 2082 2080 2083
f 2083 2084 2085
f 2086 2087 2084
f 2088 2086 2089
f 2089 2090 2091
f 2090 2092 2093
f 2092 2094 2095
f 2096 2097 2094
f 2098 2099 2096
f 2098 2100 2101
f 2102 2103 2104
f 2105 2106 2100
f 2107 2105 2108
f 2109 2110 2033
f 2111 2109 2032
f 2039 1994 1996
f 2027 2007 2006
f 2006 2005 2026
f 2026 2024 2023
f 2023 2022 2021
f 2021 2014 2015
f 2015 2010 2009
f 2016 2008 2017
f 2009 2008 2016
f 2012 2017 2013
f 2011 2013 2018
f 2019 2018 2020
f 2003 2020 2004
f 1967 2004 1965
f 1966 1965 2025
f 1999 2025 1997
f 1998 1997 2028
f 2029 2028 2031
f 2032 2031 2111
f 2109 2111 2110
f 2033 2110 2034
f 2035 2034 2041
f 1986 2041 1987
f 1985 1987 2042
f 2043 2042 2047
f 2045 2047 2046
f 1982 2046 1980
f 1981 1980 1983
f 1984 1983 2051
f 2052 2051 2055
f 2056 2055 2059
f 2057 2059 2058
f 1970 2058 1968
f 1969 1968 2060
f 2061 2060 2064
f 2063 2064 2068
f 2112 2069 2113
f 2069 2068 2113
f 2114 2112 2115
f 2112 2113 2115
f 2116 2114 2117
f 2114 2115 2117
f 2118 2116 2119
f 2116 2117 2119
f 2120 2118 2121
f 2118 2119 2121
f 2122 2120 2123
f 2120 2121 2123
f 2124 2122 2125
f 2122 2123 2125
f 2126 2124 2127
f 2124 2125 2127
f 2128 2126 2129
f 2126 2127 2129
f 2130 2128 2131
f 2128 2129 2131
f 2132 2130 2133
f 2130 2131 2133
f 2134 2132 2135
f 2132 2133 2135
f 2136 2134 2137
f 2134 2135 2137
f 2138 2136 2139
f 2136 2137 2139
f 2140 2138 2141
f 2138 2139 2141
f 2142 2140 2143
f 2140 2141 2143
f 2144 2142 2145
f 2142 2143 2145
f 2146 2144 2147
f 2144 2145 2147
f 2148 2146 2149
f 2146 2147 2149
f 2150 2148 2151
f 2148 2149 2151
f 2152 2150 2153
f 2150 2151 2153
f 2154 2152 2155
f 2152 2153 2155
f 2156 2154 2157
f 2154 2155 2157
f 2158 2156 2159
f 2156 2157 2159
f 2160 2158 2161
f 2158 2159 2161
f 2162 2160 2163
f 2160 2161 2163
f 2164 2162 2165
f 2162 2163 2165
f 2166 2164 2167
f 2164 2165 2167
f 2168 2166 2169
f 2166 2167 2169
f 2170 2168 2171
f 2168 2169 2171
f 2172 2170 2173
f 2170 2171 2173
f 2174 2172 2175
f 2172 2173 2175
f 2176 2174 2177
f 2174 2175 2177
f 2104 2176 2102
f 2176 2177 2102
f 2178 2103 2179
f 2104 2103 2178
f 2180 2179 2181
f 2178 2179 2180
f 2182 2181 2183
f 2180 2181 2182
f 2184 2183 2185
f 2182 2183 2184
f 2108 2185 2107
f 2184 2185 2108
f 2105 2107 2106
f 2100 2106 2101
f 2098 2101 2099
f 2096 2099 2097
f 2094 2097 2095
f 2092 2095 2093
f 2090 2093 2091
f 2089 2091 2088
f 2086 2088 2087
f 2084 2087 2085
f 2083 2085 2082
f 2080 2082 2081
f 2079 2081 2078
f 2076 2078 2077
f 2074 2077 2075
f 2073 2075 2072
f 2071 2072 2070
f 2066 2070 2067
f 1963 2067 1964
f 1962 1964 2065
f 1973 2065 1971
f 1972 1971 2062
f 1977 2062 1978
f 1979 1978 2054
f 1975 2054 1976
f 1974 1976 2053
f 2048 2053 2049
f 2050 2049 1988
f 1990 1989 2044
f 2044 2038 2040
f 2040 2039 1996
f 1994 1992 1995
f 1991 1993 2036
f 1995 1992 1991
f 2030 2037 2001
f 2036 1993 2037
f 2186 2187 2188
f 2187 2189 2188
f 2190 2191 2192
f 2193 2194 2195
f 2196 2197 2198
f 2199 2200 2201
f 2202 2203 2204
f 2200 2197 2205
f 2206 2207 2208
f 2209 2188 2210
f 2211 2212 2206
f 2213 2214 2215
f 2215 2216 2217
f 2215 2214 2216
f 2218 2219 2220
f 2219 2218 2211
f 2219 2221 2222
f 2188 2223 2224
f 2217 2221 2219
f 2215 2225 2213
f 2209 2223 2188
f 2206 2208 2219
f 2186 2188 2215
f 2226 2227 2207
f 2228 2208 2207
f 2229 2230 2231
f 2232 2231 2233
f 2234 2235 2236
f 2237 2238 2239
f 2240 2241 2242
f 2243 2244 2245
f 2243 2246 2247
f 2248 2249 2250
f 2251 2252 2248
f 2252 2253 2254
f 2255 2256 2257
f 2258 2259 2260
f 2259 2261 2260
f 2238 2262 2263
f 2264 2265 2266
f 2239 2267 2268
f 2269 2270 2271
f 2269 2272 2273
f 2274 2275 2276
f 2277 2278 2279
f 2280 2281 2282
f 2283 2284 2285
f 2286 2287 2285
f 2283 2288 2289
f 2290 2291 2292
f 2290 2293 2294
f 2292 2295 2293
f 2296 2297 2298
f 2299 2296 2300
f 2300 2301 2302
f 2303 2304 2305
f 2306 2300 2298
f 2307 2308 2309
f 2310 2311 2307
f 2312 2313 2314
f 2315 2316 2317
f 2318 2319 2304
f 2320 2318 2321
f 2322 2321 2323
f 2323 2318 2324
f 2325 2326 2327
f 2328 2329 2330
f 2331 2327 2329
f 2332 2333 2334
f 2335 2332 2336
f 2332 2335 2337
f 2338 2339 2340
f 2327 2341 2329
f 2342 2343 2344
f 2345 2316 2313
f 2346 2347 2348
f 2349 2350 2351
f 2352 2353 2276
f 2354 2355 2356
f 2357 2358 2359
f 2224 2360 2215
f 2225 2215 2360
f 2215 2188 2224
f 2216 2361 2217
f 2219 2215 2217
f 2362 2363 2364
f 2215 2219 2208
f 2212 2365 2226
f 2208 2186 2215
f 2228 2186 2208
f 2228 2366 2186
f 2366 2187 2186
f 2220 2367 2218
f 2218 2368 2212
f 2219 2211 2206
f 2363 2369 2365
f 2370 2226 2365
f 2227 2370 2371
f 2372 2207 2371
f 2207 2372 2228
f 2372 2373 2366
f 2374 2373 2375
f 2376 2374 2375
f 2218 2212 2211
f 2362 2377 2369
f 2212 2226 2206
f 2378 2365 2369
f 2206 2226 2207
f 2227 2371 2207
f 2372 2371 2375
f 2366 2228 2372
f 2372 2375 2373
f 2379 2363 2368
f 2368 2363 2212
f 2363 2365 2212
f 2380 2369 2381
f 2226 2370 2227
f 2233 2378 2382
f 2371 2370 2230
f 2371 2230 2375
f 2375 2230 2229
f 2376 2375 2229
f 2383 2376 2231
f 2384 2383 2231
f 2385 2364 2379
f 2364 2363 2379
f 2386 2377 2364
f 2362 2369 2363
f 2365 2378 2370
f 2233 2230 2370
f 2380 2387 2382
f 2370 2378 2233
f 2230 2233 2231
f 2231 2232 2384
f 2229 2231 2376
f 2385 2388 2364
f 2388 2386 2364
f 2389 2390 2386
f 2377 2362 2364
f 2391 2392 2393
f 2392 2391 2394
f 2395 2396 2394
f 2377 2381 2369
f 2395 2394 2397
f 2378 2369 2380
f 2378 2380 2382
f 2382 2232 2233
f 2398 2399 2384
f 2384 2232 2398
f 2377 2386 2390
f 2377 2390 2396
f 2396 2395 2377
f 2394 2400 2401
f 2381 2377 2395
f 2402 2395 2397
f 2397 2403 2404
f 2380 2381 2395
f 2380 2395 2402
f 2380 2402 2387
f 2382 2387 2398
f 2382 2398 2232
f 2390 2389 2392
f 2405 2406 2393
f 2407 2406 2408
f 2396 2390 2392
f 2409 2406 2407
f 2396 2392 2394
f 2400 2391 2409
f 2400 2409 2410
f 2411 2403 2401
f 2404 2387 2402
f 2402 2397 2404
f 2387 2404 2412
f 2413 2414 2415
f 2398 2387 2412
f 2398 2416 2417
f 2399 2398 2417
f 2418 2419 2393
f 2392 2389 2418
f 2393 2392 2418
f 2391 2400 2394
f 2409 2420 2421
f 2422 2411 2410
f 2401 2397 2394
f 2423 2403 2413
f 2403 2397 2401
f 2423 2404 2403
f 2423 2415 2404
f 2415 2412 2404
f 2398 2412 2416
f 2424 2417 2425
f 2393 2419 2405
f 2426 2427 2408
f 2406 2391 2393
f 2428 2427 2429
f 2391 2406 2409
f 2420 2407 2428
f 2420 2428 2430
f 2431 2422 2421
f 2410 2401 2400
f 2422 2432 2433
f 2411 2401 2410
f 2411 2413 2403
f 2415 2423 2413
f 2412 2415 2416
f 2416 2415 2425
f 2414 2425 2415
f 2414 2434 2425
f 2425 2434 2424
f 2425 2417 2416
f 2435 2424 2434
f 2426 2408 2405
f 2426 2436 2437
f 2405 2408 2406
f 2429 2437 2438
f 2407 2420 2409
f 2421 2410 2409
f 2433 2413 2411
f 2421 2422 2410
f 2413 2433 2439
f 2422 2433 2411
f 2439 2414 2413
f 2439 2440 2441
f 2441 2442 2434
f 2443 2434 2442
f 2443 2442 2444
f 2435 2434 2443
f 2427 2407 2408
f 2438 2445 2446
f 2407 2427 2428
f 2431 2430 2447
f 2420 2430 2421
f 2432 2431 2235
f 2430 2431 2421
f 2440 2433 2432
f 2422 2431 2432
f 2439 2433 2440
f 2235 2234 2440
f 2414 2439 2441
f 2440 2448 2441
f 2448 2440 2449
f 2441 2448 2442
f 2434 2414 2441
f 2444 2450 2443
f 2451 2445 2436
f 2427 2426 2437
f 2446 2452 2453
f 2427 2437 2429
f 2454 2438 2455
f 2428 2429 2454
f 2428 2454 2430
f 2455 2456 2457
f 2454 2447 2430
f 2447 2235 2431
f 2235 2440 2432
f 2458 2448 2449
f 2444 2448 2458
f 2444 2442 2448
f 2458 2459 2444
f 2459 2458 2460
f 2461 2452 2451
f 2437 2436 2445
f 2453 2462 2463
f 2438 2437 2445
f 2454 2455 2447
f 2429 2438 2454
f 2457 2235 2447
f 2447 2455 2457
f 2235 2464 2236
f 2457 2464 2235
f 2236 2464 2465
f 2236 2466 2234
f 2440 2234 2449
f 2466 2449 2234
f 2466 2458 2449
f 2458 2466 2460
f 2444 2459 2450
f 2460 2467 2459
f 2445 2451 2452
f 2446 2445 2452
f 2468 2438 2446
f 2468 2469 2470
f 2456 2468 2470
f 2455 2438 2468
f 2455 2468 2456
f 2465 2457 2456
f 2465 2464 2457
f 2471 2466 2472
f 2472 2236 2465
f 2236 2472 2466
f 2466 2471 2473
f 2474 2460 2473
f 2474 2467 2460
f 2452 2461 2462
f 2463 2475 2476
f 2462 2453 2452
f 2477 2478 2479
f 2469 2446 2453
f 2469 2477 2480
f 2468 2446 2469
f 2481 2465 2456
f 2465 2481 2482
f 2456 2470 2481
f 2482 2472 2465
f 2266 2482 2481
f 2471 2472 2483
f 2484 2471 2483
f 2460 2466 2473
f 2484 2485 2473
f 2474 2473 2485
f 2486 2462 2461
f 2486 2487 2475
f 2462 2486 2475
f 2475 2463 2462
f 2478 2488 2489
f 2477 2453 2463
f 2469 2453 2477
f 2481 2490 2266
f 2480 2470 2469
f 2490 2470 2480
f 2481 2470 2490
f 2265 2482 2266
f 2491 2482 2265
f 2472 2482 2483
f 2482 2491 2483
f 2483 2491 2492
f 2473 2471 2484
f 2492 2484 2483
f 2485 2484 2493
f 2475 2487 2476
f 2476 2488 2478
f 2478 2463 2476
f 2478 2477 2463
f 2479 2489 2494
f 2490 2480 2494
f 2479 2480 2477
f 2494 2480 2479
f 2495 2496 2264
f 2494 2264 2490
f 2266 2490 2264
f 2496 2265 2264
f 2491 2496 2497
f 2491 2265 2496
f 2492 2491 2497
f 2497 2498 2492
f 2492 2493 2484
f 2499 2476 2487
f 2499 2500 2501
f 2499 2501 2476
f 2501 2488 2476
f 2488 2502 2503
f 2489 2479 2478
f 2264 2237 2495
f 2494 2489 2237
f 2264 2494 2237
f 2504 2496 2495
f 2497 2504 2505
f 2497 2496 2504
f 2498 2497 2505
f 2498 2505 2506
f 2506 2507 2498
f 2498 2493 2492
f 2498 2507 2493
f 2500 2499 2508
f 2509 2500 2508
f 2502 2509 2510
f 2500 2502 2501
f 2502 2488 2501
f 2488 2503 2489
f 2238 2489 2503
f 2237 2489 2238
f 2239 2495 2237
f 2495 2268 2511
f 2268 2495 2239
f 2495 2511 2504
f 2505 2511 2512
f 2505 2504 2511
f 2512 2513 2505
f 2506 2513 2514
f 2506 2514 2507
f 2515 2516 2517
f 2500 2509 2502
f 2518 2519 2520
f 2502 2510 2503
f 2503 2510 2262
f 2503 2262 2238
f 2263 2239 2238
f 2521 2268 2267
f 2263 2267 2239
f 2521 2511 2268
f 2512 2511 2522
f 2512 2523 2513
f 2506 2505 2513
f 2522 2523 2512
f 2524 2513 2525
f 2513 2524 2514
f 2513 2523 2525
f 2517 2509 2508
f 2516 2509 2517
f 2526 2520 2519
f 2516 2519 2509
f 2519 2510 2509
f 2527 2262 2518
f 2518 2510 2519
f 2518 2262 2510
f 2263 2527 2528
f 2262 2527 2263
f 2528 2267 2263
f 2529 2521 2528
f 2267 2528 2521
f 2511 2521 2522
f 2522 2521 2529
f 2522 2529 2523
f 2530 2523 2529
f 2531 2525 2530
f 2515 2532 2526
f 2526 2519 2516
f 2533 2534 2518
f 2533 2518 2520
f 2534 2271 2527
f 2534 2527 2518
f 2528 2527 2271
f 2535 2529 2271
f 2528 2271 2529
f 2529 2535 2530
f 2536 2530 2535
f 2530 2525 2523
f 2537 2531 2536
f 2515 2526 2516
f 2538 2532 2539
f 2540 2541 2542
f 2526 2538 2242
f 2526 2242 2520
f 2520 2242 2241
f 2269 2534 2543
f 2241 2543 2520
f 2533 2520 2543
f 2533 2543 2534
f 2271 2534 2269
f 2270 2544 2271
f 2271 2544 2535
f 2190 2535 2544
f 2536 2531 2530
f 2537 2190 2545
f 2532 2538 2526
f 2539 2542 2541
f 2243 2546 2246
f 2541 2240 2538
f 2242 2538 2240
f 2241 2547 2543
f 2272 2543 2547
f 2547 2241 2240
f 2272 2269 2543
f 2273 2270 2269
f 2270 2273 2548
f 2549 2544 2548
f 2544 2549 2190
f 2536 2535 2190
f 2549 2191 2190
f 2536 2190 2537
f 2190 2192 2545
f 2540 2542 2550
f 2539 2541 2538
f 2541 2540 2551
f 2547 2240 2552
f 2240 2541 2551
f 2552 2553 2547
f 2551 2552 2240
f 2554 2272 2553
f 2555 2273 2554
f 2553 2272 2547
f 2554 2273 2272
f 2555 2556 2273
f 2548 2273 2556
f 2544 2270 2548
f 2548 2556 2549
f 2557 2549 2556
f 2549 2557 2191
f 2558 2191 2557
f 2559 2192 2191
f 2550 2245 2540
f 2245 2551 2540
f 2551 2560 2552
f 2245 2560 2551
f 2561 2562 2553
f 2561 2552 2560
f 2553 2552 2561
f 2554 2553 2562
f 2563 2555 2562
f 2562 2555 2554
f 2563 2562 2564
f 2555 2563 2556
f 2556 2563 2565
f 2556 2566 2557
f 2566 2556 2565
f 2558 2557 2567
f 2566 2568 2569
f 2566 2567 2557
f 2567 2570 2558
f 2559 2191 2558
f 2559 2558 2570
f 2571 2572 2559
f 2192 2559 2573
f 2572 2573 2559
f 2574 2246 2546
f 2546 2243 2550
f 2244 2560 2245
f 2243 2245 2550
f 2575 2561 2560
f 2244 2576 2560
f 2275 2561 2575
f 2575 2560 2576
f 2561 2275 2562
f 2275 2564 2562
f 2565 2563 2564
f 2565 2577 2566
f 2577 2565 2564
f 2568 2566 2577
f 2569 2567 2566
f 2569 2578 2567
f 2567 2578 2570
f 2571 2559 2570
f 2578 2193 2571
f 2571 2570 2578
f 2572 2579 2573
f 2572 2571 2195
f 2574 2249 2246
f 2580 2576 2244
f 2243 2247 2244
f 2580 2244 2247
f 2575 2576 2581
f 2581 2276 2575
f 2581 2576 2580
f 2575 2276 2275
f 2274 2582 2564
f 2274 2564 2275
f 2564 2582 2577
f 2577 2583 2568
f 2583 2577 2582
f 2569 2568 2583
f 2584 2578 2585
f 2569 2585 2578
f 2193 2578 2194
f 2195 2571 2193
f 2195 2194 2586
f 2572 2195 2579
f 2579 2195 2587
f 2586 2587 2195
f 2249 2588 2246
f 2589 2247 2588
f 2246 2588 2247
f 2580 2590 2581
f 2247 2589 2580
f 2589 2590 2580
f 2352 2581 2590
f 2353 2591 2274
f 2276 2581 2352
f 2353 2274 2276
f 2582 2591 2592
f 2582 2593 2583
f 2593 2582 2592
f 2585 2569 2583
f 2583 2594 2585
f 2595 2596 2584
f 2584 2585 2595
f 2194 2578 2584
f 2194 2584 2596
f 2586 2597 2196
f 2586 2198 2587
f 2196 2198 2586
f 2248 2250 2251
f 2248 2598 2588
f 2248 2588 2249
f 2598 2590 2589
f 2598 2589 2588
f 2599 2590 2598
f 2350 2352 2599
f 2353 2350 2600
f 2590 2599 2352
f 2352 2350 2353
f 2600 2601 2591
f 2591 2353 2600
f 2582 2274 2591
f 2601 2592 2591
f 2593 2592 2602
f 2592 2601 2602
f 2603 2593 2602
f 2603 2604 2594
f 2594 2583 2593
f 2603 2594 2593
f 2595 2585 2594
f 2594 2604 2595
f 2595 2605 2606
f 2595 2606 2596
f 2597 2194 2596
f 2597 2596 2606
f 2597 2586 2194
f 2196 2597 2607
f 2608 2196 2607
f 2196 2205 2197
f 2205 2196 2608
f 2251 2253 2252
f 2252 2609 2248
f 2248 2609 2598
f 2598 2609 2599
f 2351 2350 2610
f 2599 2609 2610
f 2610 2350 2599
f 2611 2600 2349
f 2601 2600 2611
f 2600 2350 2349
f 2601 2612 2602
f 2601 2611 2612
f 2612 2603 2602
f 2603 2612 2604
f 2605 2595 2604
f 2605 2604 2613
f 2614 2613 2615
f 2606 2605 2614
f 2607 2597 2606
f 2614 2607 2606
f 2616 2607 2614
f 2616 2201 2608
f 2201 2200 2205
f 2617 2618 2619
f 2253 2620 2254
f 2621 2622 2617
f 2252 2254 2622
f 2623 2609 2622
f 2622 2609 2252
f 2624 2625 2623
f 2625 2610 2609
f 2626 2610 2625
f 2609 2623 2625
f 2351 2626 2627
f 2610 2626 2351
f 2627 2628 2349
f 2349 2351 2627
f 2628 2611 2349
f 2611 2629 2612
f 2611 2628 2629
f 2630 2612 2629
f 2613 2604 2612
f 2612 2630 2613
f 2630 2615 2613
f 2614 2605 2613
f 2616 2608 2607
f 2615 2631 2616
f 2631 2632 2616
f 2201 2205 2608
f 2201 2633 2199
f 2201 2632 2633
f 2254 2620 2618
f 2618 2620 2255
f 2622 2254 2617
f 2618 2617 2254
f 2621 2634 2635
f 2621 2623 2622
f 2623 2621 2624
f 2626 2636 2637
f 2625 2624 2636
f 2625 2636 2626
f 2637 2638 2627
f 2637 2636 2639
f 2626 2637 2627
f 2629 2628 2638
f 2640 2629 2638
f 2629 2640 2630
f 2641 2630 2640
f 2615 2616 2614
f 2615 2641 2631
f 2631 2641 2632
f 2632 2201 2616
f 2641 2642 2632
f 2632 2642 2633
f 2199 2633 2643
f 2644 2643 2633
f 2257 2618 2255
f 2619 2645 2634
f 2617 2619 2634
f 2634 2621 2617
f 2621 2635 2624
f 2639 2636 2635
f 2635 2636 2624
f 2628 2627 2638
f 2639 2640 2638
f 2640 2646 2641
f 2641 2615 2630
f 2647 2641 2646
f 2641 2647 2648
f 2641 2648 2642
f 2642 2644 2633
f 2642 2648 2644
f 2204 2644 2648
f 2649 2257 2650
f 2257 2619 2618
f 2257 2651 2619
f 2652 2259 2653
f 2645 2651 2652
f 2619 2651 2645
f 2634 2645 2654
f 2635 2634 2654
f 2639 2277 2655
f 2635 2654 2277
f 2656 2657 2282
f 2639 2635 2277
f 2279 2655 2277
f 2638 2637 2639
f 2646 2640 2639
f 2655 2646 2639
f 2646 2202 2647
f 2202 2646 2655
f 2202 2648 2647
f 2648 2202 2204
f 2258 2658 2659
f 2649 2651 2257
f 2651 2649 2652
f 2652 2660 2645
f 2660 2661 2662
f 2654 2660 2278
f 2660 2654 2645
f 2654 2278 2277
f 2663 2655 2279
f 2655 2663 2664
f 2655 2664 2202
f 2202 2665 2666
f 2649 2261 2652
f 2649 2667 2261
f 2259 2652 2261
f 2661 2660 2652
f 2653 2661 2652
f 2668 2669 2670
f 2278 2660 2662
f 2279 2662 2657
f 2279 2657 2671
f 2662 2279 2278
f 2672 2656 2673
f 2663 2279 2671
f 2663 2671 2674
f 2674 2675 2663
f 2664 2663 2675
f 2676 2664 2675
f 2664 2665 2202
f 2664 2677 2665
f 2678 2679 2677
f 2666 2665 2677
f 2680 2666 2677
f 2666 2203 2202
f 2653 2259 2659
f 2661 2653 2681
f 2653 2659 2681
f 2681 2280 2661
f 2662 2661 2280
f 2281 2668 2682
f 2662 2282 2657
f 2662 2280 2282
f 2671 2657 2656
f 2672 2671 2656
f 2674 2671 2683
f 2673 2684 2672
f 2671 2672 2683
f 2674 2683 2685
f 2686 2675 2685
f 2686 2676 2675
f 2676 2677 2664
f 2676 2687 2677
f 2677 2687 2678
f 2259 2258 2659
f 2681 2659 2688
f 2688 2668 2681
f 2280 2681 2668
f 2689 2690 2691
f 2668 2281 2280
f 2656 2282 2692
f 2282 2281 2692
f 2656 2692 2673
f 2683 2672 2684
f 2693 2683 2684
f 2694 2685 2693
f 2693 2685 2683
f 2685 2675 2674
f 2695 2686 2685
f 2685 2694 2695
f 2686 2687 2676
f 2696 2687 2686
f 2687 2697 2678
f 2687 2696 2697
f 2679 2678 2698
f 2678 2697 2698
f 2679 2680 2677
f 2680 2679 2698
f 2659 2658 2688
f 2658 2699 2688
f 2700 2701 2702
f 2699 2669 2688
f 2703 2704 2705
f 2669 2706 2707
f 2668 2688 2669
f 2708 2707 2709
f 2692 2281 2682
f 2682 2668 2670
f 2692 2682 2710
f 2673 2692 2711
f 2711 2692 2710
f 2673 2711 2684
f 2712 2693 2713
f 2714 2712 2713
f 2713 2693 2684
f 2712 2694 2693
f 2694 2712 2715
f 2695 2694 2716
f 2716 2694 2715
f 2716 2717 2695
f 2695 2696 2686
f 2696 2717 2718
f 2717 2696 2695
f 2696 2718 2719
f 2696 2719 2697
f 2720 2697 2719
f 2658 2721 2699
f 2722 2723 2724
f 2721 2724 2699
f 2669 2699 2706
f 2725 2689 2703
f 2669 2707 2670
f 2670 2708 2682
f 2682 2726 2710
f 2708 2670 2707
f 2682 2708 2726
f 2711 2710 2727
f 2710 2726 2727
f 2713 2684 2711
f 2727 2728 2711
f 2714 2713 2728
f 2713 2711 2728
f 2714 2729 2712
f 2712 2730 2715
f 2712 2729 2730
f 2730 2716 2715
f 2730 2731 2716
f 2732 2717 2731
f 2731 2717 2716
f 2733 2734 2732
f 2717 2732 2718
f 2735 2720 2719
f 2720 2698 2697
f 2699 2724 2706
f 2736 2737 2738
f 2705 2706 2724
f 2705 2704 2706
f 2707 2704 2709
f 2706 2704 2707
f 2739 2726 2708
f 2708 2709 2739
f 2348 2727 2726
f 2739 2348 2726
f 2727 2347 2728
f 2348 2347 2727
f 2740 2714 2741
f 2741 2714 2728
f 2742 2740 2741
f 2740 2743 2729
f 2729 2743 2730
f 2730 2743 2744
f 2733 2731 2744
f 2744 2731 2730
f 2731 2733 2732
f 2732 2735 2718
f 2734 2735 2732
f 2718 2735 2719
f 2724 2723 2705
f 2703 2705 2723
f 2737 2702 2745
f 2737 2746 2287
f 2703 2689 2704
f 2287 2690 2747
f 2739 2709 2691
f 2689 2709 2704
f 2691 2709 2689
f 2348 2739 2748
f 2739 2691 2748
f 2348 2748 2346
f 2346 2749 2750
f 2749 2751 2750
f 2741 2728 2347
f 2750 2347 2346
f 2742 2741 2750
f 2347 2750 2741
f 2740 2742 2743
f 2740 2729 2714
f 2742 2752 2743
f 2753 2744 2743
f 2744 2753 2754
f 2744 2754 2733
f 2733 2754 2755
f 2734 2755 2756
f 2735 2734 2756
f 2756 2720 2735
f 2703 2757 2738
f 2723 2757 2703
f 2725 2703 2738
f 2745 2701 2746
f 2285 2287 2746
f 2747 2689 2725
f 2691 2758 2748
f 2689 2747 2690
f 2346 2748 2758
f 2691 2690 2758
f 2346 2758 2749
f 2742 2750 2751
f 2742 2759 2752
f 2751 2759 2742
f 2760 2761 2759
f 2759 2762 2752
f 2752 2753 2743
f 2753 2752 2762
f 2762 2763 2753
f 2753 2763 2754
f 2764 2754 2763
f 2755 2754 2764
f 2733 2755 2734
f 2725 2738 2737
f 2287 2725 2737
f 2287 2747 2725
f 2765 2758 2690
f 2287 2286 2690
f 2690 2286 2765
f 2758 2766 2749
f 2758 2765 2766
f 2766 2767 2768
f 2766 2769 2749
f 2749 2769 2751
f 2751 2760 2759
f 2769 2760 2751
f 2761 2762 2759
f 2770 2762 2761
f 2763 2770 2771
f 2764 2763 2771
f 2737 2736 2702
f 2700 2772 2773
f 2746 2737 2745
f 2284 2765 2286
f 2286 2285 2284
f 2767 2766 2765
f 2767 2765 2284
f 2774 2769 2768
f 2769 2766 2768
f 2774 2768 2775
f 2760 2769 2774
f 2761 2760 2776
f 2770 2761 2777
f 2776 2777 2761
f 2762 2770 2763
f 2745 2702 2701
f 2778 2779 2780
f 2746 2701 2288
f 2285 2746 2288
f 2285 2288 2283
f 2781 2767 2284
f 2284 2283 2781
f 2767 2781 2782
f 2782 2768 2767
f 2775 2768 2782
f 2774 2776 2760
f 2774 2775 2783
f 2776 2774 2783
f 2777 2783 2784
f 2770 2777 2771
f 2701 2700 2773
f 2779 2785 2295
f 2773 2786 2701
f 2787 2291 2786
f 2288 2701 2786
f 2788 2781 2283
f 2289 2288 2786
f 2283 2289 2788
f 2781 2789 2782
f 2781 2788 2789
f 2782 2789 2790
f 2775 2782 2790
f 2790 2791 2775
f 2783 2775 2791
f 2783 2791 2792
f 2776 2783 2777
f 2784 2783 2792
f 2793 2780 2794
f 2773 2772 2795
f 2295 2796 2794
f 2795 2796 2787
f 2773 2795 2787
f 2773 2787 2786
f 2289 2291 2797
f 2291 2289 2786
f 2797 2788 2289
f 2788 2797 2798
f 2798 2789 2788
f 2789 2798 2799
f 2799 2790 2789
f 2800 2791 2790
f 2799 2800 2790
f 2800 2801 2791
f 2802 2801 2803
f 2791 2801 2792
f 2792 2801 2804
f 2795 2772 2793
f 2795 2793 2794
f 2796 2795 2794
f 2796 2292 2787
f 2805 2797 2290
f 2291 2787 2292
f 2290 2797 2291
f 2805 2806 2797
f 2806 2798 2797
f 2806 2807 2799
f 2798 2806 2799
f 2807 2808 2799
f 2800 2799 2803
f 2808 2803 2799
f 2809 2810 2811
f 2801 2800 2803
f 2812 2801 2802
f 2779 2778 2813
f 2780 2779 2794
f 2785 2779 2813
f 2295 2794 2779
f 2785 2297 2295
f 2292 2796 2295
f 2290 2294 2814
f 2292 2293 2290
f 2815 2805 2814
f 2805 2290 2814
f 2816 2806 2815
f 2815 2806 2805
f 2816 2817 2807
f 2806 2816 2807
f 2810 2809 2817
f 2808 2807 2817
f 2803 2808 2809
f 2817 2809 2808
f 2802 2803 2809
f 2809 2812 2802
f 2812 2804 2801
f 2818 2819 2813
f 2297 2820 2293
f 2820 2821 2294
f 2297 2293 2295
f 2820 2294 2293
f 2814 2821 2822
f 2821 2814 2294
f 2822 2815 2814
f 2822 2816 2815
f 2816 2822 2823
f 2823 2824 2817
f 2823 2817 2816
f 2824 2810 2817
f 2825 2810 2826
f 2809 2811 2812
f 2827 2828 2818
f 2819 2785 2813
f 2819 2298 2785
f 2829 2830 2299
f 2296 2830 2820
f 2298 2297 2785
f 2830 2831 2820
f 2296 2820 2297
f 2831 2832 2821
f 2831 2821 2820
f 2832 2833 2822
f 2832 2822 2821
f 2823 2833 2834
f 2833 2823 2822
f 2835 2836 2837
f 2824 2834 2838
f 2823 2834 2824
f 2824 2838 2810
f 2838 2826 2810
f 2811 2810 2825
f 2839 2840 2827
f 2818 2828 2819
f 2308 2306 2828
f 2819 2828 2306
f 2301 2306 2308
f 2306 2298 2819
f 2300 2296 2298
f 2831 2829 2841
f 2296 2299 2830
f 2829 2831 2830
f 2842 2832 2841
f 2841 2832 2831
f 2842 2833 2832
f 2842 2837 2833
f 2837 2836 2834
f 2837 2834 2833
f 2843 2826 2844
f 2826 2838 2844
f 2825 2826 2843
f 2828 2827 2840
f 2840 2309 2308
f 2840 2308 2828
f 2299 2302 2845
f 2306 2301 2300
f 2302 2299 2300
f 2829 2845 2846
f 2299 2845 2829
f 2829 2846 2841
f 2841 2846 2842
f 2842 2846 2835
f 2835 2837 2842
f 2847 2848 2835
f 2836 2838 2834
f 2848 2836 2835
f 2836 2844 2838
f 2844 2836 2848
f 2843 2844 2848
f 2848 2849 2843
f 2850 2839 2851
f 2840 2839 2850
f 2850 2310 2309
f 2309 2840 2850
f 2302 2307 2852
f 2853 2854 2852
f 2308 2307 2301
f 2845 2852 2855
f 2307 2302 2301
f 2852 2845 2302
f 2846 2855 2856
f 2855 2846 2845
f 2835 2856 2847
f 2846 2856 2835
f 2857 2847 2858
f 2857 2848 2847
f 2848 2859 2849
f 2857 2859 2848
f 2851 2860 2861
f 2851 2861 2850
f 2310 2861 2313
f 2850 2861 2310
f 2853 2852 2311
f 2307 2309 2310
f 2311 2852 2307
f 2855 2854 2862
f 2854 2855 2852
f 2862 2863 2856
f 2862 2856 2855
f 2847 2863 2858
f 2856 2863 2847
f 2858 2864 2857
f 2859 2857 2865
f 2864 2865 2857
f 2860 2866 2345
f 2860 2345 2861
f 2861 2345 2313
f 2312 2310 2313
f 2867 2853 2311
f 2311 2312 2867
f 2868 2854 2853
f 2853 2867 2868
f 2868 2862 2854
f 2862 2868 2869
f 2869 2863 2862
f 2869 2356 2863
f 2858 2863 2356
f 2864 2858 2355
f 2858 2356 2355
f 2870 2355 2354
f 2864 2871 2865
f 2355 2871 2864
f 2872 2317 2866
f 2866 2317 2345
f 2316 2345 2317
f 2312 2311 2310
f 2867 2312 2314
f 2314 2313 2316
f 2868 2867 2873
f 2867 2314 2874
f 2867 2874 2873
f 2869 2868 2875
f 2868 2873 2875
f 2356 2869 2875
f 2356 2875 2876
f 2356 2876 2354
f 2354 2877 2878
f 2878 2870 2354
f 2871 2355 2870
f 2303 2305 2879
f 2305 2872 2879
f 2872 2305 2317
f 2304 2315 2305
f 2315 2317 2305
f 2880 2314 2316
f 2880 2316 2315
f 2314 2881 2874
f 2314 2880 2882
f 2883 2873 2874
f 2314 2882 2881
f 2881 2883 2874
f 2884 2875 2873
f 2873 2883 2884
f 2876 2875 2884
f 2876 2884 2877
f 2354 2876 2877
f 2885 2878 2877
f 2319 2880 2315
f 2315 2304 2319
f 2886 2880 2319
f 2887 2881 2882
f 2887 2882 2886
f 2883 2881 2888
f 2881 2887 2888
f 2883 2888 2889
f 2889 2884 2883
f 2884 2889 2890
f 2884 2891 2877
f 2884 2890 2891
f 2885 2877 2891
f 2892 2893 2324
f 2892 2324 2303
f 2319 2320 2886
f 2324 2318 2304
f 2886 2882 2880
f 2320 2319 2318
f 2894 2887 2886
f 2894 2886 2320
f 2895 2896 2897
f 2887 2894 2898
f 2889 2888 2896
f 2888 2898 2896
f 2889 2896 2895
f 2890 2889 2895
f 2890 2895 2899
f 2899 2891 2890
f 2885 2891 2899
f 2899 2900 2885
f 2323 2324 2893
f 2303 2324 2304
f 2341 2327 2901
f 2321 2318 2323
f 2902 2894 2320
f 2898 2894 2902
f 2320 2321 2902
f 2898 2888 2887
f 2897 2896 2898
f 2898 2902 2897
f 2895 2897 2903
f 2895 2903 2899
f 2899 2903 2358
f 2358 2904 2899
f 2326 2893 2905
f 2893 2326 2323
f 2902 2321 2906
f 2323 2326 2322
f 2906 2321 2322
f 2907 2897 2902
f 2907 2902 2906
f 2359 2903 2897
f 2359 2897 2907
f 2359 2358 2903
f 2359 2908 2909
f 2358 2357 2904
f 2899 2904 2900
f 2901 2327 2905
f 2905 2327 2326
f 2325 2322 2326
f 2910 2906 2322
f 2911 2912 2907
f 2911 2907 2906
f 2912 2908 2359
f 2912 2359 2907
f 2359 2909 2357
f 2330 2913 2914
f 2331 2915 2325
f 2325 2327 2331
f 2916 2910 2915
f 2325 2910 2322
f 2915 2910 2325
f 2917 2910 2916
f 2910 2911 2906
f 2917 2911 2910
f 2917 2912 2911
f 2912 2917 2918
f 2918 2908 2912
f 2919 2908 2918
f 2908 2919 2909
f 2328 2920 2331
f 2328 2331 2329
f 2331 2920 2915
f 2915 2920 2921
f 2921 2922 2916
f 2921 2916 2915
f 2922 2917 2916
f 2923 2917 2922
f 2923 2918 2917
f 2919 2923 2924
f 2923 2919 2918
f 2914 2913 2925
f 2328 2914 2926
f 2914 2328 2330
f 2920 2328 2926
f 2927 2920 2926
f 2928 2921 2927
f 2927 2921 2920
f 2921 2928 2922
f 2922 2928 2929
f 2922 2929 2923
f 2929 2924 2923
f 2924 2929 2930
f 2339 2914 2333
f 2914 2339 2338
f 2926 2914 2338
f 2926 2338 2931
f 2926 2931 2927
f 2931 2928 2927
f 2928 2931 2932
f 2933 2932 2934
f 2933 2929 2928
f 2928 2932 2933
f 2929 2933 2930
f 2933 2935 2930
f 2339 2333 2332
f 2333 2914 2925
f 2332 2340 2339
f 2931 2338 2340
f 2931 2934 2932
f 2340 2934 2931
f 2933 2934 2936
f 2935 2933 2936
f 2332 2334 2937
f 2340 2332 2342
f 2332 2337 2342
f 2340 2342 2344
f 2934 2340 2344
f 2934 2344 2938
f 2938 2936 2934
f 2939 2337 2940
f 2939 2941 2337
f 2942 2337 2941
f 2942 2943 2337
f 2943 2944 2342
f 2943 2342 2337
f 2343 2342 2945
f 2946 2343 2947
f 2344 2343 2946
f 2946 2938 2344
f 2946 2948 2938
f 2944 2945 2342
f 2949 2950 2343
f 2947 2343 2950
f 2951 2952 2953
f 2954 2955 2956
f 2957 2958 2959
f 2957 2959 2960
f 2961 2962 2963
f 2964 2965 2966
f 2967 2968 2969
f 2970 2971 2966
f 2972 2973 2974
f 2975 2976 2977
f 2978 2979 2980
f 2981 2980 2975
f 2982 2983 2984
f 2984 2985 2986
f 2987 2988 2989
f 2990 2991 2992
f 2989 2993 2994
f 2995 2996 2961
f 2997 2998 2999
f 3000 3001 3002
f 3003 3004 3005
f 3006 3004 3003
f 3007 3008 3009
f 3010 3011 3012
f 3012 3013 3010
f 3014 3015 3016
f 3017 3018 3019
f 3020 3021 3022
f 3023 3024 3025
f 3026 3027 3028
f 3029 3030 3031
f 3031 3032 3029
f 3033 3034 3032
f 3035 3036 3037
f 3038 3035 3039
f 3039 3040 3041
f 3042 3043 3044
f 3045 3046 3047
f 3048 3049 3047
f 3050 3051 3052
f 3053 3054 3052
f 3031 3030 3055
f 3056 3023 3057
f 3058 3023 3056
f 3023 3059 3060
f 3059 3061 3062
f 3059 3062 3063
f 3064 3065 3066
f 3064 3067 3068
f 3065 3064 3068
f 3069 3064 3070
f 3069 3067 3064
f 3070 3060 3071
f 3071 3060 3072
f 3072 3060 3073
f 3060 3074 3073
f 3066 3075 3076
f 3077 3064 3076
f 3078 3061 3059
f 3060 3077 3024
f 3075 3079 3076
f 3080 3081 3082
f 3083 3082 3084
f 3085 3086 3087
f 3088 3089 3090
f 3089 3085 3091
f 3092 3093 3018
f 3094 3095 3096
f 3097 3094 3017
f 3098 3099 3100
f 3099 3095 3101
f 3008 3102 3103
f 3104 3008 3007
f 3105 3103 3106
f 3014 3107 3108
f 2997 3109 3110
f 2980 3111 2976
f 3112 2977 2992
f 2971 3113 3114
f 3112 3115 2969
f 2959 2973 3116
f 3117 3118 2959
f 3119 2959 3120
f 3121 3109 3122
f 3123 3124 3122
f 3125 3126 3127
f 3128 3129 3130
f 2954 3131 3132
f 3133 3134 3135
f 3133 3136 3137
f 3138 3139 3140
f 3141 3142 3143
f 3144 3145 2953
f 3144 2953 3146
f 3144 3146 3147
f 3148 3149 3150
f 3151 3150 3149
f 3152 3153 3154
f 3152 3155 3153
f 3156 3153 3155
f 3155 3157 3158
f 3147 3146 3159
f 3146 3160 3159
f 3146 3161 3162
f 3163 3161 3164
f 3164 3165 3163
f 3164 3166 3165
f 3151 3167 3166
f 3167 3151 3149
f 3168 3150 3169
f 3168 3169 3170
f 3152 3171 3169
f 3172 3173 3174
f 3175 3172 3174
f 3063 3176 3060
f 3074 3060 3176
f 3060 3059 3063
f 3058 3059 3023
f 3177 3066 3178
f 3071 3179 3070
f 3064 3060 3070
f 3180 3181 3182
f 3183 3184 3075
f 3064 3077 3060
f 3077 3076 3185
f 3024 3023 3060
f 3186 3185 3187
f 3023 3025 3057
f 3065 3178 3066
f 3177 3188 3183
f 3189 3182 3190
f 3180 3184 3181
f 3066 3076 3064
f 3075 3184 3191
f 3077 3185 3024
f 3079 3192 3187
f 3185 3186 3024
f 3186 3025 3024
f 3186 3193 3025
f 3193 3194 3195
f 3177 3183 3066
f 3183 3075 3066
f 3180 3196 3184
f 3076 3079 3185
f 3192 3191 3081
f 3186 3187 3194
f 3185 3079 3187
f 3197 3198 3195
f 3186 3194 3193
f 3197 3195 3194
f 3199 3181 3188
f 3188 3181 3183
f 3183 3181 3184
f 3189 3200 3180
f 3084 3081 3196
f 3075 3191 3079
f 3079 3191 3192
f 3194 3187 3197
f 3187 3192 3197
f 3201 3197 3202
f 3201 3198 3197
f 3182 3181 3199
f 3203 3204 3189
f 3205 3084 3200
f 3191 3184 3196
f 3191 3196 3081
f 3081 3080 3192
f 3197 3192 3080
f 3197 3080 3202
f 3206 3201 3202
f 3207 3208 3190
f 3189 3180 3182
f 3209 3210 3211
f 3196 3180 3200
f 3084 3196 3200
f 3084 3082 3081
f 3082 3212 3080
f 3213 3214 3215
f 3190 3208 3189
f 3189 3208 3203
f 3216 3217 3210
f 3218 3219 3220
f 3204 3200 3189
f 3220 3221 3218
f 3087 3222 3221
f 3200 3204 3205
f 3083 3084 3205
f 3212 3082 3215
f 3202 3080 3212
f 3215 3082 3083
f 3215 3206 3212
f 3212 3206 3202
f 3208 3207 3209
f 3203 3208 3209
f 3217 3223 3224
f 3203 3209 3211
f 3211 3218 3203
f 3204 3221 3205
f 3218 3204 3203
f 3222 3083 3205
f 3221 3204 3218
f 3222 3205 3221
f 3225 3083 3222
f 3226 3225 3227
f 3226 3215 3225
f 3215 3226 3213
f 3215 3214 3206
f 3228 3229 3216
f 3209 3207 3228
f 3216 3209 3228
f 3230 3231 3223
f 3232 3231 3233
f 3231 3232 3224
f 3209 3216 3210
f 3211 3210 3219
f 3219 3234 3235
f 3219 3218 3211
f 3087 3220 3091
f 3221 3220 3087
f 3215 3083 3225
f 3086 3222 3087
f 3225 3086 3227
f 3236 3213 3227
f 3237 3223 3229
f 3216 3229 3223
f 3216 3223 3217
f 3210 3217 3234
f 3238 3239 3240
f 3234 3219 3210
f 3235 3220 3219
f 3091 3220 3235
f 3225 3222 3086
f 3087 3091 3085
f 3241 3086 3085
f 3227 3241 3242
f 3227 3243 3236
f 3227 3213 3226
f 3223 3237 3230
f 3233 3244 3245
f 3246 3245 3247
f 3223 3231 3224
f 3240 3232 3248
f 3234 3239 3090
f 3217 3224 3239
f 3249 3240 3250
f 3239 3234 3217
f 3235 3090 3091
f 3090 3235 3234
f 3090 3089 3091
f 3227 3086 3241
f 3089 3251 3085
f 3252 3253 3254
f 3251 3242 3241
f 3251 3255 3242
f 3243 3242 3255
f 3243 3227 3242
f 3256 3243 3255
f 3255 3257 3256
f 3233 3258 3244
f 3233 3230 3258
f 3230 3233 3231
f 3245 3246 3248
f 3240 3224 3232
f 3259 3250 3260
f 3224 3240 3239
f 3088 3238 3261
f 3239 3238 3090
f 3088 3090 3238
f 3241 3085 3251
f 3088 3262 3089
f 3262 3253 3089
f 3253 3252 3251
f 3252 3255 3251
f 3252 3257 3255
f 3257 3263 3256
f 3233 3245 3232
f 3232 3245 3248
f 3260 3246 3264
f 3240 3248 3250
f 3260 3264 3093
f 3093 3265 3259
f 3240 3249 3238
f 3249 3261 3238
f 3251 3089 3253
f 3261 3266 3088
f 3254 3253 3266
f 3254 3267 3268
f 3252 3254 3269
f 3270 3257 3269
f 3269 3257 3252
f 3270 3269 3271
f 3270 3263 3257
f 3272 3247 3244
f 3273 3274 3247
f 3245 3244 3247
f 3275 3276 3277
f 3260 3248 3246
f 3248 3260 3250
f 3265 3261 3249
f 3262 3088 3266
f 3249 3250 3259
f 3249 3259 3265
f 3253 3262 3266
f 3265 3278 3261
f 3267 3266 3278
f 3268 3271 3269
f 3254 3268 3269
f 3272 3273 3247
f 3274 3246 3247
f 3274 3275 3264
f 3264 3246 3274
f 3279 3280 3281
f 3264 3281 3019
f 3266 3261 3278
f 3259 3260 3093
f 3092 3265 3093
f 3254 3266 3267
f 3282 3278 3092
f 3283 3284 3285
f 3268 3267 3285
f 3285 3286 3271
f 3271 3268 3285
f 3286 3287 3271
f 3286 3288 3287
f 3271 3287 3270
f 3274 3273 3276
f 3289 3290 3277
f 3276 3275 3274
f 3279 3291 3292
f 3281 3264 3275
f 3278 3265 3092
f 3093 3264 3019
f 3018 3093 3019
f 3267 3278 3282
f 3018 3283 3092
f 3285 3267 3282
f 3293 3294 3295
f 3285 3282 3283
f 3285 3284 3296
f 3285 3296 3286
f 3297 3286 3296
f 3297 3288 3286
f 3298 3276 3273
f 3298 3289 3277
f 3276 3298 3277
f 3277 3291 3279
f 3279 3275 3277
f 3291 3299 3101
f 3281 3275 3279
f 3280 3019 3281
f 3280 3097 3019
f 3097 3017 3019
f 3282 3092 3283
f 3017 3300 3283
f 3294 3284 3283
f 3284 3294 3301
f 3301 3296 3284
f 3296 3302 3297
f 3290 3299 3291
f 3291 3277 3290
f 3303 3097 3280
f 3292 3101 3303
f 3292 3280 3279
f 3292 3303 3280
f 3283 3018 3017
f 3094 3097 3303
f 3094 3096 3017
f 3294 3283 3300
f 3294 3300 3295
f 3294 3293 3304
f 3301 3294 3304
f 3304 3026 3301
f 3026 3302 3301
f 3301 3302 3296
f 3305 3306 3307
f 3305 3307 3289
f 3289 3307 3290
f 3307 3299 3290
f 3292 3291 3101
f 3101 3095 3303
f 3300 3017 3096
f 3295 3300 3096
f 3095 3308 3096
f 3096 3308 3295
f 3293 3309 3310
f 3295 3309 3293
f 3304 3293 3310
f 3304 3310 3311
f 3027 3026 3311
f 3311 3312 3027
f 3304 3311 3026
f 3026 3028 3302
f 3306 3305 3313
f 3314 3306 3313
f 3315 3314 3316
f 3306 3315 3307
f 3315 3299 3307
f 3094 3303 3095
f 3299 3315 3101
f 3315 3100 3101
f 3308 3095 3317
f 3101 3100 3099
f 3317 3095 3099
f 3309 3295 3308
f 3309 3308 3318
f 3310 3318 3319
f 3310 3309 3318
f 3310 3319 3312
f 3312 3311 3310
f 3027 3312 3320
f 3028 3027 3320
f 3321 3028 3320
f 3322 3323 3324
f 3306 3314 3315
f 3100 3315 3316
f 3316 3098 3100
f 3099 3098 3325
f 3326 3308 3317
f 3318 3308 3326
f 3317 3327 3326
f 3326 3328 3318
f 3318 3328 3329
f 3319 3329 3330
f 3319 3318 3329
f 3055 3312 3319
f 3330 3055 3319
f 3055 3320 3312
f 3030 3320 3055
f 3320 3030 3321
f 3324 3314 3313
f 3323 3314 3324
f 3323 3020 3314
f 3020 3316 3314
f 3317 3099 3325
f 3316 3020 3022
f 3022 3098 3316
f 3331 3098 3022
f 3327 3317 3325
f 3332 3325 3331
f 3328 3326 3327
f 3325 3332 3327
f 3327 3332 3328
f 3332 3333 3328
f 3334 3335 3336
f 3333 3330 3329
f 3055 3330 3333
f 3333 3031 3055
f 3322 3337 3338
f 3338 3021 3323
f 3021 3020 3323
f 3325 3098 3331
f 3022 3021 3339
f 3339 3340 3022
f 3335 3331 3340
f 3335 3333 3332
f 3333 3329 3328
f 3333 3335 3334
f 3031 3333 3032
f 3333 3334 3032
f 3034 3029 3032
f 3322 3338 3323
f 3341 3337 3342
f 3343 3005 3344
f 3341 3004 3338
f 3021 3338 3004
f 3331 3022 3340
f 3006 3021 3004
f 3021 3006 3339
f 3332 3331 3335
f 3345 3340 3346
f 3336 3335 3345
f 3336 3032 3334
f 3032 3336 3033
f 3337 3341 3338
f 3342 3344 3005
f 3006 3346 3339
f 3005 3004 3341
f 3340 3339 3346
f 3006 3003 3347
f 3335 3340 3345
f 3347 3346 3006
f 3347 3348 3346
f 3349 3350 3336
f 3336 3350 3351
f 3351 3033 3336
f 3033 3351 3352
f 3033 3352 3353
f 3354 3034 3353
f 3033 3353 3034
f 3343 3344 3355
f 3342 3005 3341
f 3005 3343 3356
f 3347 3003 3357
f 3003 3356 3357
f 3347 3357 3358
f 3345 3346 3348
f 3349 3345 3348
f 3359 3348 3358
f 3359 3349 3348
f 3349 3336 3345
f 3360 3349 3359
f 3350 3349 3360
f 3361 3362 3363
f 3360 3364 3350
f 3364 3351 3350
f 3351 3364 3365
f 3366 3352 3351
f 3366 3351 3365
f 3036 3353 3352
f 3036 3352 3366
f 3354 3353 3036
f 3367 3354 3036
f 3368 3343 3355
f 3368 3016 3343
f 3003 3005 3356
f 3016 3356 3343
f 3356 3369 3357
f 3016 3369 3356
f 3358 3357 3370
f 3370 3357 3369
f 3348 3347 3358
f 3358 3370 3001
f 3358 3001 3371
f 3372 3373 3360
f 3374 3375 3376
f 3361 3364 3360
f 3360 3373 3361
f 3361 3365 3364
f 3365 3361 3377
f 3366 3365 3377
f 3378 3366 3377
f 3378 3036 3366
f 3037 3036 3378
f 3367 3036 3035
f 3038 3367 3035
f 3014 3016 3368
f 3370 3369 3379
f 3015 3369 3016
f 3379 3369 3015
f 3379 3002 3370
f 3359 3358 3371
f 3001 3370 3002
f 3372 3359 3371
f 3380 3381 3372
f 3372 3360 3359
f 3381 3373 3372
f 3381 3382 3383
f 3383 3373 3381
f 3361 3383 3362
f 3373 3383 3361
f 3377 3361 3363
f 3377 3363 3384
f 3378 3377 3384
f 3384 3039 3037
f 3037 3378 3384
f 3039 3035 3037
f 3385 3014 3368
f 3104 3007 3386
f 3385 3387 3107
f 3385 3107 3014
f 3388 3379 3015
f 3014 3108 3015
f 3002 3379 3389
f 3388 3015 3108
f 3388 3389 3379
f 3371 3001 3000
f 3380 3371 3000
f 3389 3000 3002
f 3389 3390 3000
f 3390 3380 3000
f 3380 3372 3371
f 3381 3391 3382
f 3382 3392 3383
f 3362 3383 3392
f 3392 3393 3363
f 3363 3362 3392
f 3393 3394 3384
f 3393 3384 3363
f 3394 3395 3384
f 3395 3039 3384
f 3395 3040 3039
f 3039 3041 3038
f 3386 3007 3387
f 3396 3107 3007
f 3387 3007 3107
f 3107 3396 3108
f 3108 3396 3388
f 3388 3397 3389
f 3398 3389 3397
f 3388 3396 3397
f 3391 3380 3390
f 3398 3399 3390
f 3391 3381 3380
f 3400 3391 3390
f 3401 3375 3382
f 3392 3382 3375
f 3392 3375 3402
f 3402 3393 3392
f 3393 3402 3403
f 3403 3394 3393
f 3404 3394 3403
f 3405 3395 3404
f 3404 3395 3394
f 3042 3040 3405
f 3405 3040 3395
f 3041 3040 3044
f 3042 3044 3040
f 3008 3104 3102
f 3009 3396 3007
f 3397 3396 3406
f 3406 3396 3009
f 3407 3398 3406
f 3390 3389 3398
f 3397 3406 3398
f 3400 3390 3399
f 3407 3408 3399
f 3408 3400 3399
f 3400 3382 3391
f 3408 3409 3400
f 3400 3401 3382
f 3400 3409 3401
f 3409 3376 3401
f 3375 3401 3376
f 3402 3374 3410
f 3374 3402 3375
f 3410 3403 3402
f 3403 3410 3411
f 3404 3411 3412
f 3403 3411 3404
f 3405 3412 3413
f 3404 3412 3405
f 3042 3413 3414
f 3405 3413 3042
f 3414 3043 3042
f 3043 3045 3044
f 3102 3106 3103
f 3009 3103 3415
f 3008 3103 3009
f 3009 3415 3406
f 3132 3407 3416
f 3415 3416 3406
f 3399 3398 3407
f 3406 3416 3407
f 3132 3417 3407
f 3418 3409 3417
f 3409 3419 3376
f 3374 3376 3419
f 3419 3420 3410
f 3419 3410 3374
f 3411 3410 3420
f 3420 3421 3411
f 3412 3411 3421
f 3413 3412 3421
f 3421 3422 3413
f 3414 3413 3422
f 3422 3423 3414
f 3043 3414 3423
f 3043 3423 3046
f 3043 3046 3045
f 3105 3106 3424
f 3425 3415 3105
f 3105 3415 3103
f 3426 3427 3425
f 3427 3416 3415
f 2954 3416 3427
f 3415 3425 3427
f 3408 3407 3417
f 3132 3416 2954
f 3417 3409 3408
f 3428 3429 3144
f 3131 3430 3418
f 3418 3419 3409
f 3431 3419 3418
f 3431 3432 3419
f 3432 3420 3419
f 3421 3420 3433
f 3420 3432 3433
f 3422 3421 3434
f 3421 3433 3434
f 3423 3422 3434
f 3423 3434 3048
f 3423 3048 3046
f 3048 3047 3046
f 3424 3435 3105
f 3435 3424 3436
f 3435 3437 3105
f 3437 3426 3105
f 3426 3438 3439
f 3426 3425 3105
f 3426 2955 3427
f 3427 2955 2954
f 3417 3132 3131
f 2956 3131 2954
f 3131 3418 3417
f 2956 3440 3131
f 3145 3144 3429
f 3430 3431 3418
f 3441 3429 3428
f 3442 3432 3431
f 3431 3440 3442
f 3432 3442 3443
f 3433 3432 3443
f 3433 3443 3444
f 3433 3444 3445
f 3434 3433 3445
f 3048 3434 3445
f 3048 3445 3446
f 3048 3446 3447
f 3447 3049 3048
f 3050 3049 3447
f 3448 3449 3450
f 3436 3449 3435
f 3449 3451 3438
f 3435 3438 3437
f 3435 3449 3438
f 3438 3426 3437
f 2951 2955 3426
f 2951 3426 3439
f 2956 2951 3145
f 2955 2951 2956
f 3440 3430 3131
f 3144 3147 3428
f 3430 3440 3431
f 3429 3440 3145
f 3440 3429 3452
f 3452 3453 3440
f 3454 3442 3440
f 3454 3455 3442
f 3455 3456 3442
f 3456 3443 3442
f 3443 3456 3457
f 3458 3443 3457
f 3458 3459 3443
f 3459 3460 3443
f 3460 3461 3443
f 3461 3444 3443
f 3444 3462 3445
f 3462 3463 3445
f 3463 3464 3445
f 3464 3465 3445
f 3445 3465 3446
f 3465 3466 3446
f 3466 3467 3446
f 3467 3468 3446
f 3468 3469 3446
f 3469 3447 3446
f 3469 3470 3447
f 3447 3051 3050
f 3471 3052 3051
f 3450 3449 3436
f 3448 3472 3449
f 3451 3473 3474
f 3449 3473 3451
f 3438 3451 3475
f 3127 3476 3477
f 3439 3438 3475
f 2952 2951 3439
f 2952 3439 3475
f 3145 2951 2953
f 3145 3440 2956
f 3441 3478 3429
f 3452 3429 3478
f 3440 3453 3454
f 3470 3479 3447
f 3479 3051 3447
f 3053 3052 3471
f 3013 3480 3481
f 3472 3473 3449
f 3473 3472 3474
f 3474 3482 3451
f 3482 3483 3130
f 3482 3475 3451
f 3475 3484 2952
f 3482 3484 3475
f 2953 3485 3486
f 3485 2952 3484
f 3485 2953 2952
f 2953 3486 3146
f 3472 3011 3474
f 3472 3487 3011
f 3010 3474 3011
f 3483 3482 3474
f 3010 3483 3474
f 3482 3130 3484
f 3130 3485 3484
f 3485 3130 3129
f 3486 3129 3488
f 3486 3488 3146
f 3485 3129 3486
f 3162 3160 3146
f 3488 3164 3146
f 3164 3161 3146
f 3489 3490 3157
f 3173 3489 3157
f 3173 3157 3174
f 3483 3010 3491
f 3492 3493 3494
f 3010 3481 3491
f 3491 3495 3483
f 3130 3483 3495
f 3496 3494 3497
f 3495 3498 3130
f 3128 3488 3129
f 3498 3128 3130
f 3128 3499 3488
f 3488 3499 3500
f 3501 3164 3500
f 3500 3164 3488
f 3151 3166 3164
f 3150 3151 3502
f 3502 3151 3501
f 3148 3150 3503
f 3503 3150 3168
f 3150 3502 3169
f 3502 3504 3169
f 3170 3169 3505
f 3505 3169 3171
f 3171 3152 3506
f 3152 3169 3504
f 3506 3152 3154
f 3155 3507 3508
f 3155 3158 3156
f 3158 3157 3490
f 3010 3013 3481
f 3491 3481 3492
f 3492 3494 3491
f 3495 3491 3494
f 3495 3494 3498
f 3124 3509 3510
f 3128 3498 3511
f 3494 3496 3498
f 3496 3511 3498
f 3512 3499 3128
f 3512 3128 3511
f 3499 3513 3500
f 3512 3513 3499
f 3514 3500 3513
f 3501 3514 3515
f 3514 3501 3500
f 3501 3151 3164
f 3516 3501 3515
f 3502 3517 3504
f 3504 3507 3152
f 3518 3504 3517
f 3518 3507 3504
f 3152 3507 3155
f 3508 3518 3519
f 3155 3508 3157
f 3481 3480 3492
f 3480 3520 3492
f 3521 3522 3523
f 3520 3493 3492
f 3476 3494 3493
f 3494 3476 3497
f 3511 3496 3497
f 3511 3497 3524
f 3525 3512 3511
f 3511 3524 3525
f 3513 3512 3525
f 3514 3526 3527
f 3527 3526 3528
f 3514 3513 3526
f 3514 3527 3515
f 3515 3527 3529
f 3515 3530 3516
f 3516 3502 3501
f 3530 3515 3529
f 3516 3517 3502
f 3516 3531 3517
f 3517 3532 3533
f 3517 3533 3518
f 3533 3534 3518
f 3507 3518 3508
f 3535 3536 3537
f 3480 3536 3520
f 3536 3535 3520
f 3493 3520 3538
f 3493 3538 3477
f 3476 3127 3497
f 3493 3477 3476
f 3497 3126 3524
f 3127 3126 3497
f 3525 3524 3539
f 3524 3126 3539
f 3525 3539 3540
f 3526 3513 3525
f 3540 3541 3525
f 3528 3526 3541
f 3542 3543 3528
f 3526 3525 3541
f 3544 3527 3528
f 3527 3545 3529
f 3545 3527 3544
f 3545 3546 3547
f 3529 3545 3547
f 3548 3530 3547
f 3530 3531 3516
f 3548 3531 3530
f 3531 3532 3517
f 3549 3550 3551
f 3531 3550 3532
f 3532 3552 3533
f 3532 3550 3552
f 3553 3533 3552
f 3533 3553 3534
f 3519 3518 3534
f 3520 3535 3538
f 3554 3538 3535
f 3555 3556 3557
f 3538 3523 3477
f 3558 3477 3523
f 3124 3510 3559
f 3125 3558 3509
f 3558 3127 3477
f 3125 3127 3558
f 3560 3539 3126
f 3125 3560 3126
f 3540 3539 3561
f 3561 3539 3560
f 3541 3540 3561
f 3562 3542 3563
f 3528 3541 3542
f 3543 3544 3528
f 3543 3564 3544
f 3545 3544 3564
f 3547 3530 3529
f 3546 3545 3564
f 3547 3546 3551
f 3551 3548 3547
f 3548 3550 3531
f 3538 3554 3523
f 3521 3523 3554
f 3565 3566 3567
f 3522 3558 3523
f 3556 3110 3121
f 3558 3522 3510
f 3560 3125 3568
f 3509 3558 3510
f 3125 3509 3568
f 3569 3561 3560
f 3560 3568 3569
f 3570 3571 3563
f 3570 3561 3569
f 3542 3541 3561
f 3570 3563 3561
f 3561 3563 3542
f 3562 3543 3542
f 3572 3573 3562
f 3564 3543 3562
f 3564 3562 3573
f 3574 3546 3564
f 3546 3575 3551
f 3548 3551 3550
f 3551 3576 3549
f 3551 3575 3576
f 3550 3549 3552
f 3549 3576 3553
f 3552 3549 3553
f 3557 3577 3555
f 3521 3577 3557
f 3522 3521 3557
f 3559 3522 3557
f 3522 3559 3510
f 3123 3568 3509
f 3568 3578 3569
f 3124 3123 3509
f 3568 3123 3578
f 3571 3570 3569
f 3569 3578 3571
f 3579 3580 3571
f 3581 3563 3571
f 3581 3562 3563
f 3572 3562 3581
f 3573 3572 3582
f 3573 3574 3564
f 3574 3582 3583
f 3582 3574 3573
f 3574 3575 3546
f 3574 3583 3575
f 3584 3575 3583
f 3557 3556 3559
f 3110 3585 3586
f 3121 3559 3556
f 3110 3586 2997
f 3121 3124 3559
f 3122 3124 3121
f 3587 3578 3123
f 3123 3122 3587
f 3578 3587 3588
f 3571 3578 3579
f 3588 3579 3578
f 3589 3590 3579
f 3571 3580 3581
f 3572 3581 3591
f 3591 3581 3580
f 3572 3591 3582
f 3592 3591 3593
f 3591 3594 3582
f 3582 3594 3583
f 3583 3594 3595
f 3584 3583 3595
f 3596 3584 3595
f 3596 3597 3584
f 3575 3584 3576
f 3576 3584 3597
f 3556 3555 3598
f 3585 3556 3598
f 3556 3585 3110
f 3586 3567 2998
f 3599 3587 3122
f 3109 3121 3110
f 3122 3109 3599
f 3589 3588 3587
f 3589 3579 3588
f 3589 3587 3599
f 3593 3580 3590
f 3600 3601 3593
f 3579 3590 3580
f 3593 3590 3600
f 3591 3580 3593
f 3592 3594 3591
f 3595 3594 3602
f 3594 3592 3602
f 3603 3595 3602
f 3565 3585 3598
f 3585 3565 3586
f 2963 3567 3604
f 2999 3599 3109
f 3109 2997 2999
f 3599 3605 3589
f 3599 2999 3605
f 3589 3605 3606
f 3606 3590 3589
f 3606 3600 3590
f 3592 3593 3601
f 3592 3601 3607
f 3602 3592 3607
f 3607 3608 3602
f 3603 3596 3595
f 3565 3567 3586
f 3586 2998 2997
f 3609 3605 2999
f 3609 2999 2998
f 3610 3606 3605
f 3605 3609 3610
f 3611 3606 3610
f 3606 3611 3600
f 3611 3612 3601
f 3607 3601 3613
f 3612 3613 3601
f 3608 3603 3602
f 3614 3615 3616
f 3617 3616 3618
f 3566 3619 3567
f 3619 2961 3604
f 3567 3619 3604
f 2963 3620 2998
f 2963 2998 3567
f 3609 2998 3620
f 3609 3620 3621
f 3610 3609 3621
f 3610 3621 3622
f 3622 3611 3610
f 3611 3601 3600
f 3612 3611 3623
f 3622 3623 3611
f 3624 3612 3623
f 3612 3624 3613
f 3625 3613 3624
f 3613 3608 3607
f 3619 3566 3614
f 3619 3614 3616
f 3616 2995 2961
f 3619 3616 2961
f 2963 2962 3626
f 3604 2961 2963
f 3627 3620 3626
f 3620 2963 3626
f 3627 3628 3621
f 3627 3621 3620
f 3629 3622 3628
f 3622 3621 3628
f 3630 3631 3629
f 3631 3623 3622
f 3631 3622 3629
f 3631 3632 3624
f 3631 3624 3623
f 3615 3618 3616
f 3633 2995 3617
f 3616 3617 2995
f 3633 2994 2995
f 2996 3634 2962
f 2996 2962 2961
f 3634 3626 2962
f 3627 3634 3635
f 3636 3627 3635
f 3627 3626 3634
f 3636 3628 3627
f 3628 3636 3637
f 3637 3630 3629
f 3637 3629 3628
f 3632 3631 3638
f 3632 3638 3639
f 3625 3624 3632
f 3640 3641 3618
f 3640 3642 3641
f 3642 3643 3641
f 3618 3641 3617
f 3644 3645 3646
f 3641 2989 3633
f 3641 3633 3617
f 2994 3647 2996
f 3648 3634 3647
f 3649 3648 3650
f 2994 2996 2995
f 3647 3634 2996
f 3648 3651 3634
f 3635 3651 3652
f 3651 3635 3634
f 3652 3636 3635
f 3652 3653 3636
f 3637 3636 3653
f 3654 3630 3653
f 3655 3656 3657
f 3630 3638 3631
f 3638 3630 3658
f 3638 3659 3639
f 3638 3658 3659
f 3644 3646 3660
f 3641 3643 2989
f 2994 2993 3661
f 3633 2989 2994
f 3647 3661 3650
f 3661 3647 2994
f 3650 3648 3647
f 3649 3662 3651
f 3649 3651 3648
f 3662 3652 3651
f 3663 3652 3662
f 3664 3656 3665
f 3663 3655 3653
f 3652 3663 3653
f 3653 3655 3654
f 3653 3630 3637
f 3654 3658 3630
f 3658 3654 3655
f 3655 3666 3658
f 3658 3666 3659
f 3667 3668 3669
f 3642 3670 3643
f 3671 2987 3670
f 3643 3670 2987
f 2986 2987 3671
f 2988 3672 2993
f 2989 3643 2987
f 3661 3672 3673
f 2988 2993 2989
f 3650 3673 3674
f 3672 3661 2993
f 3673 3650 3661
f 3674 3649 3650
f 3674 3675 3662
f 3674 3662 3649
f 3663 3675 3656
f 3662 3675 3663
f 3663 3656 3655
f 3676 3655 3657
f 3677 3676 3664
f 3669 3670 3642
f 3670 3669 3668
f 3668 3678 3671
f 3670 3668 3671
f 2986 3679 2988
f 3679 3680 3672
f 2986 2988 2987
f 3681 3673 3680
f 3679 3672 2988
f 3680 3673 3672
f 3681 3674 3673
f 3665 3675 3681
f 3681 3675 3674
f 3675 3665 3656
f 3657 3656 3664
f 3655 3676 3666
f 3668 3667 3678
f 2982 3678 3644
f 2984 3671 3678
f 3671 2984 2986
f 3679 2985 3682
f 2985 3679 2986
f 3682 3680 3679
f 3683 3681 3682
f 3684 3137 3683
f 3682 3681 3680
f 3665 3683 3685
f 3683 3665 3681
f 3136 3686 3685
f 3685 3686 3664
f 3677 3664 3687
f 3657 3664 3676
f 3686 3687 3664
f 3678 3667 3645
f 3645 3644 3678
f 2984 2983 3688
f 3678 2982 2984
f 2985 3688 3689
f 3682 3689 3684
f 2984 3688 2985
f 2985 3689 3682
f 3684 3683 3682
f 3683 3137 3685
f 3136 3685 3137
f 3685 3664 3665
f 3690 3136 3135
f 3691 3686 3136
f 3687 3686 3691
f 3644 3660 2979
f 2979 2982 3644
f 2978 2983 2982
f 2978 2982 2979
f 3689 3688 3692
f 2983 2978 3693
f 3688 3693 3692
f 3694 3684 3689
f 3692 3694 3689
f 3695 3137 3684
f 3684 3694 3695
f 3695 3133 3137
f 3136 3133 3135
f 3696 3111 3660
f 3660 3111 2979
f 2980 2979 3111
f 3693 3688 2983
f 2981 2978 2980
f 3697 3692 3693
f 3694 3692 3698
f 2981 3697 3693
f 3697 3698 3692
f 3694 3698 3695
f 3695 3698 3699
f 3133 3695 3699
f 3699 3700 3133
f 3134 3700 3701
f 3134 3133 3700
f 3702 3135 3134
f 3690 3135 3702
f 3136 3690 3691
f 2991 2990 3703
f 2990 3696 3703
f 3696 2990 3111
f 2992 2976 2990
f 2976 3111 2990
f 2981 3693 2978
f 2975 2980 2976
f 3697 2981 3704
f 2981 2975 3705
f 3698 3697 3706
f 2981 3705 3704
f 3697 3704 3706
f 3707 3699 3698
f 3706 3707 3698
f 3699 3707 3701
f 3700 3699 3701
f 3708 3701 3709
f 3708 3134 3701
f 2976 2992 2977
f 3705 2975 3710
f 3705 3711 3704
f 2975 2977 3710
f 3704 3712 3706
f 3705 3710 3711
f 3704 3711 3712
f 3713 3712 3714
f 3707 3706 3713
f 3706 3712 3713
f 3713 3701 3707
f 3701 3713 3709
f 3715 3708 3709
f 3134 3708 3702
f 3716 3717 3115
f 3716 3115 2991
f 2977 3112 3710
f 2992 3115 3112
f 3718 3711 3710
f 3718 3710 3112
f 3719 3712 3711
f 3719 3711 3718
f 3720 3712 3719
f 3712 3720 3714
f 3714 3709 3713
f 3709 3714 3721
f 3715 3709 3721
f 2967 3115 3717
f 2991 3115 2992
f 2970 2966 3722
f 2969 3115 2967
f 3723 3112 2969
f 3724 3718 3112
f 3725 3719 3718
f 3724 3112 3723
f 3726 3720 3719
f 3718 3724 3725
f 3719 3725 3726
f 3727 3714 3720
f 3727 3720 3726
f 3728 3729 3727
f 3714 3727 3729
f 3729 3721 3714
f 3729 3730 3721
f 2965 3717 3731
f 3717 2965 2967
f 2968 3723 2969
f 2965 2968 2967
f 3732 3723 2968
f 3725 3724 3733
f 3733 3724 3732
f 3734 3726 3725
f 3725 3733 3734
f 3727 3726 3728
f 3728 3735 3736
f 3726 3734 3728
f 3730 3729 3737
f 3722 2966 3731
f 3731 2966 2965
f 2965 2964 2968
f 3732 3724 3723
f 3738 3732 2968
f 3732 3738 3739
f 3739 3733 3732
f 3734 3739 3735
f 3739 3734 3733
f 3728 3734 3735
f 3740 3737 3736
f 3728 3737 3729
f 3736 3737 3728
f 3740 3140 3741
f 3113 3742 3743
f 3744 3745 2964
f 2971 3744 2966
f 2964 2966 3744
f 3745 3746 3738
f 2964 3738 2968
f 3745 3738 2964
f 3747 3739 3746
f 3746 3739 3738
f 3747 3735 3739
f 3747 3748 3735
f 3748 3736 3735
f 3140 3736 3748
f 3736 3140 3740
f 3744 3114 3749
f 3744 2971 3114
f 3744 3749 3745
f 3750 3745 3749
f 3745 3750 3746
f 3746 3750 3751
f 3751 3747 3746
f 3751 3748 3747
f 3751 3752 3143
f 3751 3138 3748
f 3138 3140 3748
f 3741 3140 3139
f 3743 3742 3753
f 3743 3114 3113
f 3114 3743 2972
f 2972 3749 3114
f 3749 2972 3754
f 3754 3750 3749
f 3754 3752 3750
f 3752 3751 3750
f 3143 3138 3751
f 3116 3743 3120
f 3743 3116 2973
f 2973 2972 3743
f 2972 2974 3754
f 3755 3752 3754
f 3754 2974 3755
f 3755 3141 3752
f 3141 3143 3752
f 3138 3143 3139
f 3116 3120 2959
f 3120 3743 3753
f 2973 2959 3756
f 2974 2973 3756
f 2974 3757 3755
f 2974 3756 3757
f 3141 3755 3757
f 3757 3758 3141
f 3141 3758 3142
f 3118 2960 2959
f 2959 3119 3117
f 2959 2958 3759
f 3759 3756 2959
f 3760 3757 3756
f 3756 3759 3760
f 3757 3760 3761
f 3758 3757 3761
f 3762 2958 3763
f 3762 3764 2958
f 3765 2958 3764
f 3765 3766 2958
f 3766 3767 3759
f 3766 3759 2958
f 3768 3759 3769
f 3770 3760 3759
f 3770 3771 3760
f 3760 3771 3761
f 3767 3769 3759
f 3768 3769 3772
f 3772 3773 3768
f 3773 3774 3768
f 3775 3768 3774
f 3759 3768 3770
f 3776 3777 3778
f 3779 3780 3781
f 3781 3780 3782
f 3783 3784 3785
f 3784 3786 3787
f 3788 3789 3790
f 3791 3792 3793
f 3784 3794 3795
f 3796 3797 3798
f 3799 3800 3801
f 3802 3801 3803
f 3804 3805 3806
f 3807 3808 3809
f 3810 3811 3812
f 3812 3813 3814
f 3815 3813 3816
f 3817 3818 3819
f 3820 3821 3822
f 3823 3824 3825
f 3826 3823 3827
f 3828 3829 3830
f 3831 3832 3833
f 3834 3835 3836
f 3837 3832 3831
f 3837 3831 3834
f 3838 3839 3821
f 3831 3835 3834
f 3831 3833 3840
f 3840 3835 3831
f 3835 3840 3841
f 3842 3833 3832
f 3829 3833 3842
f 3833 3828 3840
f 3829 3828 3833
f 3828 3843 3840
f 3840 3843 3841
f 3844 3829 3842
f 3844 3830 3829
f 3830 3845 3828
f 3846 3828 3845
f 3847 3830 3844
f 3847 3848 3830
f 3830 3849 3845
f 3830 3848 3849
f 3828 3846 3843
f 3849 3850 3846
f 3848 3851 3849
f 3851 3852 3849
f 3850 3849 3853
f 3845 3849 3846
f 3849 3852 3853
f 3854 3851 3848
f 3854 3855 3851
f 3851 3856 3852
f 3855 3856 3851
f 3853 3852 3857
f 3852 3856 3857
f 3858 3855 3854
f 3858 3859 3855
f 3855 3860 3856
f 3859 3860 3855
f 3861 3856 3860
f 3857 3856 3861
f 3862 3859 3858
f 3862 3863 3859
f 3859 3864 3860
f 3859 3863 3864
f 3863 3826 3864
f 3826 3827 3864
f 3864 3865 3860
f 3865 3864 3827
f 3860 3865 3861
f 3865 3827 3866
f 3867 3826 3863
f 3867 3824 3826
f 3824 3823 3826
f 3868 3827 3823
f 3866 3827 3868
f 3869 3824 3867
f 3869 3870 3824
f 3870 3825 3824
f 3870 3871 3825
f 3825 3872 3823
f 3825 3871 3873
f 3872 3825 3873
f 3823 3872 3868
f 3874 3871 3870
f 3874 3820 3871
f 3822 3871 3820
f 3822 3875 3873
f 3873 3876 3872
f 3875 3876 3873
f 3838 3821 3820
f 3822 3873 3871
f 3821 3877 3822
f 3878 3877 3821
f 3875 3822 3877
f 3879 3819 3880
f 3880 3839 3838
f 3881 3819 3879
f 3881 3817 3819
f 3819 3839 3880
f 3819 3818 3839
f 3818 3882 3878
f 3883 3882 3818
f 3839 3878 3821
f 3818 3878 3839
f 3878 3884 3877
f 3882 3884 3878
f 3885 3817 3881
f 3816 3817 3815
f 3886 3814 3885
f 3817 3883 3818
f 3816 3883 3817
f 3887 3883 3816
f 3883 3888 3882
f 3887 3888 3883
f 3889 3814 3886
f 3889 3810 3814
f 3885 3815 3817
f 3885 3814 3815
f 3815 3814 3813
f 3890 3816 3813
f 3887 3816 3890
f 3891 3810 3889
f 3891 3892 3810
f 3814 3810 3812
f 3893 3813 3812
f 3890 3813 3893
f 3894 3811 3895
f 3896 3812 3894
f 3893 3812 3896
f 3892 3811 3810
f 3897 3811 3898
f 3811 3894 3812
f 3895 3811 3897
f 3899 3894 3895
f 3896 3894 3899
f 3898 3811 3892
f 3898 3900 3897
f 3901 3900 3898
f 3895 3897 3900
f 3902 3895 3900
f 3902 3900 3903
f 3904 3895 3902
f 3899 3895 3904
f 3809 3900 3905
f 3809 3903 3900
f 3809 3808 3903
f 3905 3900 3901
f 3905 3807 3809
f 3905 3906 3807
f 3907 3808 3807
f 3807 3906 3907
f 3908 3907 3909
f 3907 3908 3808
f 3910 3907 3906
f 3907 3910 3911
f 3909 3907 3911
f 3912 3911 3910
f 3911 3912 3805
f 3911 3805 3804
f 3913 3911 3804
f 3914 3804 3806
f 3911 3913 3909
f 3915 3806 3805
f 3916 3917 3918
f 3918 3806 3915
f 3917 3801 3802
f 3804 3914 3913
f 3919 3914 3920
f 3921 3917 3916
f 3921 3922 3917
f 3918 3920 3806
f 3920 3918 3917
f 3917 3802 3920
f 3920 3802 3919
f 3806 3920 3914
f 3801 3917 3922
f 3799 3801 3922
f 3923 3799 3922
f 3924 3799 3923
f 3776 3925 3799
f 3778 3925 3776
f 3801 3800 3803
f 3924 3776 3799
f 3776 3924 3926
f 3776 3926 3777
f 3927 3778 3777
f 3799 3925 3800
f 3928 3929 3926
f 3928 3930 3929
f 3929 3777 3926
f 3931 3930 3928
f 3931 3780 3930
f 3932 3927 3930
f 3929 3927 3777
f 3930 3927 3929
f 3933 3780 3931
f 3782 3780 3933
f 3780 3779 3930
f 3934 3782 3933
f 3934 3935 3782
f 3930 3779 3932
f 3781 3936 3779
f 3782 3937 3781
f 3782 3935 3937
f 3937 3938 3781
f 3939 3938 3937
f 3940 3937 3935
f 3935 3941 3940
f 3940 3939 3937
f 3942 3939 3940
f 3781 3938 3936
f 3942 3940 3941
f 3943 3939 3942
f 3944 3942 3941
f 3791 3942 3944
f 3793 3942 3791
f 3793 3945 3943
f 3792 3946 3947
f 3947 3793 3792
f 3947 3945 3793
f 3948 3945 3947
f 3942 3793 3943
f 3949 3792 3791
f 3792 3949 3946
f 3946 3950 3947
f 3950 3946 3951
f 3952 3946 3949
f 3946 3952 3794
f 3783 3946 3794
f 3783 3951 3946
f 3785 3951 3783
f 3784 3783 3794
f 3787 3785 3784
f 3786 3784 3795
f 3786 3789 3787
f 3789 3786 3953
f 3954 3786 3795
f 3953 3786 3954
f 3789 3788 3787
f 3953 3955 3956
f 3953 3956 3789
f 3790 3789 3956
f 3955 3957 3958
f 3958 3956 3955
f 3959 3790 3956
f 3956 3958 3959
f 3957 3797 3960
f 3958 3957 3960
f 3959 3958 3960
f 3960 3961 3959
f 3796 3960 3797
f 3796 3962 3960
f 3960 3962 3961
f 3963 3964 3965
f 3966 3967 3968
f 3969 3970 3971
f 3972 3973 3970
f 3974 3975 3976
f 3977 3978 3979
f 3980 3977 3981
f 3977 3982 3983
f 3984 3985 3986
f 3987 3988 3989
f 3990 3991 3992
f 3993 3994 3989
f 3988 3993 3989
f 3988 3987 3995
f 3987 3996 3997
f 3998 3999 3990
f 4000 4001 4002
f 4003 4004 4005
f 4006 4004 4007
f 4008 4009 4004
f 4006 4010 4005
f 4010 4011 4012
f 4013 4014 4015
f 4016 4017 3975
f 4017 3979 3975
f 4018 4019 3973
f 4019 4020 3974
f 4021 4022 4019
f 4023 4024 4025
f 4025 4026 4023
f 3996 3987 3989
f 3988 3995 4027
f 3993 3988 4028
f 4028 3988 4027
f 3987 4029 3995
f 3987 3997 4029
f 4030 3997 3996
f 4030 4031 3997
f 4032 3997 4031
f 3997 4033 4029
f 4032 4034 4035
f 4036 4033 4035
f 4032 4033 3997
f 4033 4032 4035
f 4034 4032 4031
f 4034 4037 4035
f 4037 4038 4035
f 4037 4039 4038
f 4040 4039 4037
f 4035 4038 4036
f 4040 4041 4042
f 4040 4042 4039
f 4042 4043 4044
f 4045 4044 4046
f 4042 4045 4039
f 4045 4042 4044
f 4043 4042 4041
f 4043 4047 4044
f 4043 4048 4047
f 4049 4046 4047
f 4046 4044 4047
f 4048 4050 4047
f 4049 4050 4051
f 4052 4050 4048
f 4052 4053 4050
f 4050 4053 4054
f 4051 4050 4054
f 4047 4050 4049
f 4055 4053 4052
f 4055 4056 4053
f 4056 4057 4053
f 4054 4053 4057
f 4058 4056 4055
f 4058 4059 4056
f 4060 4057 4061
f 4057 4056 4061
f 4059 4061 4056
f 4061 4059 3992
f 3992 3991 4061
f 4060 3991 4062
f 4063 3998 3990
f 3991 3990 3999
f 3991 4064 4062
f 4061 3991 4060
f 4065 3998 4063
f 4065 4066 3998
f 3999 4064 3991
f 3998 4067 3999
f 3998 4068 4069
f 4069 4067 3998
f 4067 4070 4064
f 3999 4067 4064
f 4071 4070 4067
f 4066 4068 3998
f 4072 4002 4066
f 4002 4068 4066
f 4001 4069 4068
f 4002 4001 4068
f 4073 4069 4001
f 4069 4071 4067
f 4073 4071 4069
f 4074 4002 4072
f 4075 4001 4000
f 4073 4001 4075
f 4076 4000 4002
f 4074 4076 4002
f 4077 4000 4076
f 4078 4075 4077
f 4079 4080 4081
f 4082 4076 4074
f 4081 4082 4074
f 4083 4076 4082
f 4000 4077 4075
f 4084 4080 4079
f 4085 4080 4084
f 4080 4082 4081
f 4086 4082 4080
f 4076 4083 4077
f 4085 4087 4080
f 4086 4080 4087
f 4088 4086 4087
f 4088 4087 4008
f 4089 4086 4088
f 4082 4086 4083
f 4083 4086 4089
f 4085 4009 4087
f 4087 4009 4008
f 4008 4090 4088
f 4007 4004 4009
f 4091 4008 4004
f 4006 4005 4004
f 4010 4003 4005
f 4008 4091 4090
f 4006 4011 4010
f 4092 4010 4093
f 4004 4003 4091
f 4010 4092 4003
f 4012 4093 4010
f 3986 4093 4012
f 4094 4012 4011
f 4094 3984 4012
f 3984 3986 4012
f 4095 4015 4096
f 4097 3984 4094
f 4097 4096 3984
f 3984 4096 3985
f 4014 4098 4099
f 3985 4100 3986
f 4101 3986 4100
f 4102 4015 4095
f 4102 4103 4015
f 4015 3985 4096
f 4015 4014 3985
f 4014 4099 3985
f 4013 4098 4014
f 3983 4104 4098
f 3983 4098 4013
f 4105 4099 4098
f 3985 4099 4100
f 4106 3980 4103
f 4106 3978 3980
f 4103 4013 4015
f 4013 4103 3980
f 4013 3980 3981
f 3981 3983 4013
f 3977 3983 3981
f 4105 4098 4104
f 4107 3978 4106
f 4107 3979 3978
f 3978 3977 3980
f 4108 3979 4107
f 4108 3976 3979
f 3977 3979 4017
f 4109 3977 4017
f 3979 3976 3975
f 4020 4016 3975
f 3977 4109 3982
f 3975 3974 4020
f 4110 4016 4020
f 4111 4016 4110
f 4017 4016 4109
f 4112 3974 3976
f 4021 4019 3974
f 4022 3970 3973
f 4019 4018 4020
f 4021 3974 4112
f 4022 4021 4113
f 4022 3973 4019
f 4114 4018 3973
f 4020 4018 4110
f 3971 4022 4113
f 4022 3971 3970
f 4115 3973 3972
f 4114 3973 4115
f 4116 3971 4113
f 4117 3969 4116
f 4117 4118 3969
f 3969 3971 4116
f 3969 4119 4120
f 4121 4122 4120
f 3969 4122 3970
f 3969 4120 4122
f 3970 4122 3972
f 4118 4119 3969
f 4123 4119 4118
f 4119 4124 4120
f 4119 4123 4124
f 4125 4120 4124
f 4126 4123 4118
f 4127 4123 4126
f 4128 4124 4123
f 4128 4123 4127
f 3967 4128 4129
f 4130 4125 3966
f 4120 4125 4121
f 4129 4128 4127
f 4128 3966 4124
f 4128 3967 3966
f 4131 3966 3968
f 4124 3966 4125
f 4130 3966 4131
f 4132 4129 4127
f 4132 4133 4129
f 4129 4133 4134
f 4134 3967 4129
f 4134 4135 3967
f 4136 4135 4134
f 4134 4133 4137
f 4134 4137 4136
f 4138 3965 4139
f 3967 4135 3968
f 4137 4133 4140
f 4137 4140 4141
f 4141 4142 4136
f 4136 4137 4141
f 4143 4136 4142
f 4143 4135 4136
f 4144 4141 4140
f 4145 4138 4141
f 4145 4141 4144
f 4141 4138 4142
f 4146 4142 4139
f 4138 4139 4142
f 4147 4138 4145
f 4138 4147 3965
f 4024 4147 4148
f 4148 4147 4145
f 4147 4024 4149
f 4149 3965 4147
f 4149 3963 3965
f 4139 3965 3964
f 4149 4024 4023
f 4023 4150 4149
f 3963 4149 4150
f 4151 3963 4150
f 4026 4152 4023
f 4152 4150 4023
f 4152 4153 4150
f 4153 4151 4150
f 4154 4155 4156
f 4157 4158 4159
f 4157 4160 4161
f 4162 4163 4164
f 4165 4166 4167
f 4168 4169 4170
f 4171 4170 4172
f 4169 4168 4173
f 4167 4166 4173
f 4172 4164 4174
f 4161 4175 4165
f 4176 4177 4178
f 4156 4155 4178
f 4179 4180 4181
f 4180 4182 4181
f 4180 4183 4182
f 4183 4184 4182
f 4185 4186 4187
f 4188 4189 4190
f 4191 4192 4193
f 4194 4195 4187
f 4196 4194 4197
f 4192 4198 4199
f 4200 4188 4201
f 4198 4202 4199
f 4196 4197 4203
f 4202 4204 4205
f 4203 4206 4196
f 4207 4208 4209
f 4205 4204 4210
f 4211 4212 4206
f 4213 4214 4209
f 4215 4216 4210
f 4212 4211 4217
f 4216 4215 4218
f 4219 4220 4217
f 4219 4221 4220
f 4222 4223 4224
f 4225 4220 4221
f 4226 4227 4218
f 4220 4225 4228
f 4229 4228 4230
f 4227 4226 4231
f 4229 4230 4232
f 4233 4234 4229
f 4235 4236 4237
f 4238 4239 4240
f 4241 4237 4236
f 4242 4243 4244
f 4245 4246 4247
f 4248 4249 4250
f 4249 4248 4251
f 4252 4251 4253
f 4253 4254 4252
f 4255 4254 4256
f 4256 4257 4255
f 4258 4259 4260
f 4257 4256 4261
f 4260 4262 4258
f 4263 4261 4264
f 4262 4265 4266
f 4267 4265 4268
f 4263 4264 4269
f 4267 4270 4271
f 4271 4270 4272
f 4273 4274 4275
f 4276 4272 4277
f 4278 4279 4274
f 4280 4277 4281
f 4282 4283 4279
f 4284 4280 4281
f 4283 4282 4285
f 4285 4286 4287
f 4288 4289 4290
f 4291 4292 4293
f 4294 4295 4296
f 4297 4298 4299
f 4300 4301 4298
f 4301 4300 4302
f 4303 4304 4305
f 4302 4306 4307
f 4308 4309 4307
f 4310 4311 4309
f 4311 4310 4312
f 4313 4314 4315
f 4316 4317 4318
f 4317 4316 4319
f 4320 4319 4321
f 4321 4322 4320
f 4323 4324 4325
f 4324 4323 4322
f 4326 4325 4324
f 4327 4328 4329
f 4330 4331 4332
f 4326 4324 4333
f 4334 4335 4336
f 4333 4337 4338
f 4339 4335 4340
f 4341 4342 4343
f 4339 4331 4330
f 4337 4344 4338
f 4345 4346 4342
f 4347 4344 4337
f 4347 4337 4348
f 4332 4349 4330
f 4350 4351 4352
f 4337 4330 4351
f 4337 4351 4348
f 4324 4337 4333
f 4334 4340 4335
f 4335 4353 4336
f 4321 4324 4322
f 4354 4353 4355
f 4321 4319 4316
f 4354 4356 4357
f 4315 4356 4358
f 4316 4318 4312
f 4310 4316 4312
f 4359 4314 4313
f 4308 4310 4309
f 4360 4359 4361
f 4308 4307 4306
f 4362 4303 4305
f 4300 4306 4302
f 4294 4304 4363
f 4297 4300 4298
f 4364 4297 4299
f 4296 4295 4365
f 4292 4364 4299
f 4291 4364 4292
f 4366 4365 4367
f 4289 4366 4368
f 4291 4293 4369
f 4369 4293 4370
f 4287 4369 4370
f 4288 4290 4371
f 4286 4369 4287
f 4371 4372 4373
f 4282 4286 4285
f 4278 4282 4279
f 4273 4278 4274
f 4269 4273 4275
f 4264 4273 4269
f 4256 4264 4261
f 4253 4256 4254
f 4374 4375 4376
f 4248 4253 4251
f 4377 4376 4378
f 4379 4380 4381
f 4247 4246 4250
f 4246 4248 4250
f 4382 4381 4383
f 4242 4244 4245
f 4244 4246 4245
f 4384 4385 4386
f 4387 4388 4389
f 4236 4244 4241
f 4244 4243 4241
f 4389 4388 4390
f 4226 4236 4231
f 4236 4235 4231
f 4238 4240 4391
f 4224 4391 4222
f 4226 4218 4215
f 4204 4215 4210
f 4214 4207 4209
f 4198 4204 4202
f 4191 4198 4192
f 4184 4183 4193
f 4183 4191 4193
f 4190 4392 4393
f 4393 4392 4394
f 4158 4180 4179
f 4158 4179 4159
f 4395 4396 4397
f 4395 4398 4399
f 4395 4397 4398
f 4400 4399 4401
f 4161 4158 4157
f 4161 4160 4175
f 4402 4403 4400
f 4402 4404 4403
f 4167 4161 4165
f 4404 4405 4403
f 4168 4167 4173
f 4171 4168 4170
f 4406 4407 4408
f 4407 4409 4410
f 4174 4171 4172
f 4410 4411 4412
f 4163 4174 4164
f 4411 4413 4412
f 4414 4163 4162
f 4414 4162 4177
f 4415 4416 4417
f 4176 4414 4177
f 4418 4415 4419
f 4155 4176 4178
f 4420 4421 4418
f 4421 4420 4422
f 4155 4154 4185
f 4421 4422 4423
f 4185 4154 4186
f 4423 4424 4425
f 4195 4185 4187
f 4426 4427 4425
f 4427 4428 4429
f 4427 4426 4428
f 4196 4195 4194
f 4430 4429 4428
f 4430 4431 4432
f 4433 4432 4434
f 4433 4434 4435
f 4212 4196 4206
f 4435 4434 4436
f 4437 4436 4438
f 4220 4212 4217
f 4439 4437 4438
f 4439 4438 4440
f 4441 4442 4443
f 4444 4442 4445
f 4229 4220 4228
f 4446 4447 4445
f 4446 4448 4449
f 4450 4451 4452
f 4229 4232 4233
f 4448 4453 4454
f 4455 4229 4452
f 4229 4234 4452
f 4453 4450 4454
f 4443 4456 4441
f 4438 4457 4440
f 4457 4455 4458
f 4444 4443 4442
f 4458 4455 4459
f 4447 4444 4445
f 4449 4447 4446
f 4459 4455 4460
f 4454 4449 4448
f 4450 4453 4451
f 4460 4455 4461
f 4455 4452 4462
f 4452 4451 4462
f 4455 4462 4461
f 4438 4455 4457
f 4434 4438 4436
f 4431 4434 4432
f 4428 4431 4430
f 4424 4426 4425
f 4422 4424 4423
f 4419 4420 4418
f 4417 4419 4415
f 4413 4417 4416
f 4413 4416 4412
f 4409 4411 4410
f 4406 4409 4407
f 4405 4463 4408
f 4463 4406 4408
f 4463 4405 4404
f 4401 4402 4400
f 4398 4401 4399
f 4464 4397 4396
f 4392 4464 4394
f 4464 4396 4394
f 4189 4392 4190
f 4200 4189 4188
f 4208 4207 4201
f 4207 4200 4201
f 4222 4214 4223
f 4214 4213 4223
f 4240 4222 4391
f 4390 4388 4239
f 4388 4240 4239
f 4386 4385 4387
f 4385 4388 4387
f 4383 4385 4384
f 4383 4384 4382
f 4380 4383 4381
f 4378 4380 4379
f 4378 4379 4377
f 4375 4378 4376
f 4465 4375 4374
f 4465 4374 4466
f 4259 4467 4466
f 4467 4465 4466
f 4258 4467 4259
f 4266 4258 4262
f 4267 4266 4265
f 4267 4268 4270
f 4276 4271 4272
f 4280 4276 4277
f 4373 4372 4284
f 4372 4280 4284
f 4290 4372 4371
f 4368 4290 4289
f 4367 4368 4366
f 4295 4367 4365
f 4363 4295 4294
f 4303 4363 4304
f 4360 4362 4305
f 4361 4362 4360
f 4313 4361 4359
f 4358 4313 4315
f 4354 4358 4356
f 4354 4357 4353
f 4335 4355 4353
f 4327 4468 4469
f 4470 4471 4329
f 4330 4335 4339
f 4470 4329 4328
f 4343 4471 4472
f 4345 4342 4341
f 4345 4350 4346
f 4346 4350 4352
f 4330 4349 4473
f 4351 4330 4352
f 4330 4473 4352
f 4472 4341 4343
f 4470 4472 4471
f 4469 4328 4327
f 4474 4475 4476
f 4477 4478 4479
f 4480 4481 4482
f 4483 4484 4482
f 4485 4486 4487
f 4488 4489 4487
f 4490 4491 4492
f 4493 4494 4495
f 4496 4497 4498
f 4499 4495 4500
f 4501 4502 4503
f 4504 4505 4506
f 4507 4508 4509
f 4510 4511 4512
f 4513 4514 4515
f 4516 4517 4518
f 4519 4520 4521
f 4522 4523 4524
f 4525 4524 4526
f 4527 4520 4528
f 4528 4516 4529
f 4523 4530 4531
f 4531 4532 4517
f 4510 4514 4533
f 4509 4512 4534
f 4504 4535 4526
f 4536 4505 4537
f 4538 4508 4539
f 4540 4537 4501
f 4541 4500 4538
f 4542 4543 4502
f 4497 4544 4542
f 4545 4546 4494
f 4547 4546 4548
f 4547 4549 4550
f 4491 4486 4551
f 4552 4550 4553
f 4552 4554 4555
f 4555 4556 4557
f 4557 4558 4559
f 4488 4560 4561
f 4484 4562 4560
f 4563 4564 4565
f 4566 4567 4568
f 4566 4569 4570
f 4571 4480 4572
f 4568 4573 4479
f 4572 4574 4575
f 4576 4574 4476
f 4577 4478 4578
f 4577 4579 4580
f 4474 4581 4582
f 4583 4584 4580
f 4585 4581 4586
f 4587 4584 4588
f 4586 4589 4590
f 4587 4591 4592
f 4593 4594 4589
f 4595 4592 4596
f 4597 4598 4599
f 4595 4600 4601
f 4602 4603 4601
f 4604 4605 4606
f 4603 4607 4608
f 4609 4610 4606
f 4611 4608 4612
f 4613 4609 4614
f 4611 4615 4616
f 4617 4614 4618
f 4619 4618 4620
f 4621 4622 4623
f 4624 4620 4625
f 4626 4627 4628
f 4627 4629 4630
f 4631 4632 4633
f 4634 4635 4636
f 4637 4638 4639
f 4640 4641 4637
f 4642 4639 4643
f 4644 4645 4646
f 4647 4648 4649
f 4650 4651 4642
f 4652 4648 4653
f 4654 4655 4656
f 4657 4654 4658
f 4659 4655 4647
f 4660 4653 4651
f 4661 4646 4662
f 4661 4663 4664
f 4665 4666 4664
f 4666 4667 4668
f 4632 4669 4640
f 4670 4636 4668
f 4671 4633 4672
f 4673 4674 4635
f 4630 4675 4672
f 4676 4677 4678
f 4678 4674 4676
f 4677 4679 4678
f 4679 4680 4625
f 4673 4681 4674
f 4676 4674 4681
f 4634 4682 4635
f 4673 4635 4682
f 4670 4683 4636
f 4634 4636 4683
f 4667 4684 4668
f 4670 4668 4684
f 4665 4685 4666
f 4667 4666 4685
f 4663 4686 4664
f 4665 4664 4686
f 4662 4687 4661
f 4663 4661 4687
f 4645 4688 4646
f 4662 4646 4688
f 4689 4644 4657
f 4645 4644 4689
f 4658 4690 4657
f 4689 4657 4690
f 4656 4691 4654
f 4658 4654 4691
f 4659 4692 4655
f 4656 4655 4692
f 4649 4693 4647
f 4659 4647 4693
f 4652 4694 4648
f 4649 4648 4694
f 4660 4695 4653
f 4652 4653 4695
f 4650 4696 4651
f 4660 4651 4696
f 4643 4697 4642
f 4650 4642 4697
f 4638 4698 4639
f 4643 4639 4698
f 4641 4699 4637
f 4638 4637 4699
f 4669 4700 4640
f 4641 4640 4700
f 4631 4701 4632
f 4669 4632 4701
f 4671 4702 4633
f 4631 4633 4702
f 4675 4703 4672
f 4671 4672 4703
f 4629 4704 4630
f 4675 4630 4704
f 4626 4705 4627
f 4629 4627 4705
f 4621 4628 4622
f 4626 4628 4621
f 4706 4622 4616
f 4623 4622 4706
f 4615 4707 4616
f 4706 4616 4707
f 4612 4708 4611
f 4615 4611 4708
f 4607 4709 4608
f 4612 4608 4709
f 4602 4710 4603
f 4607 4603 4710
f 4600 4711 4601
f 4602 4601 4711
f 4596 4712 4595
f 4600 4595 4712
f 4591 4713 4592
f 4596 4592 4713
f 4588 4714 4587
f 4591 4587 4714
f 4583 4715 4584
f 4588 4584 4715
f 4579 4716 4580
f 4583 4580 4716
f 4578 4717 4577
f 4579 4577 4717
f 4477 4718 4478
f 4578 4478 4718
f 4573 4719 4479
f 4477 4479 4719
f 4567 4720 4568
f 4573 4568 4720
f 4570 4721 4566
f 4567 4566 4721
f 4565 4569 4563
f 4570 4569 4565
f 4722 4563 4559
f 4564 4563 4722
f 4558 4723 4559
f 4722 4559 4723
f 4556 4724 4557
f 4558 4557 4724
f 4554 4725 4555
f 4556 4555 4725
f 4553 4726 4552
f 4554 4552 4726
f 4549 4727 4550
f 4553 4550 4727
f 4548 4728 4547
f 4549 4547 4728
f 4545 4729 4546
f 4548 4546 4729
f 4493 4730 4494
f 4545 4494 4730
f 4499 4731 4495
f 4493 4495 4731
f 4541 4732 4500
f 4499 4500 4732
f 4539 4733 4538
f 4541 4538 4733
f 4507 4734 4508
f 4539 4508 4734
f 4534 4735 4509
f 4507 4509 4735
f 4511 4736 4512
f 4534 4512 4736
f 4533 4737 4510
f 4511 4510 4737
f 4513 4738 4514
f 4533 4514 4738
f 4739 4515 4519
f 4513 4515 4739
f 4521 4740 4519
f 4739 4519 4740
f 4527 4741 4520
f 4521 4520 4741
f 4529 4742 4528
f 4527 4528 4742
f 4518 4743 4516
f 4529 4516 4743
f 4532 4744 4517
f 4518 4517 4744
f 4530 4745 4531
f 4532 4531 4745
f 4522 4746 4523
f 4530 4523 4746
f 4525 4747 4524
f 4522 4524 4747
f 4535 4748 4526
f 4525 4526 4748
f 4506 4749 4504
f 4535 4504 4749
f 4536 4750 4505
f 4506 4505 4750
f 4540 4751 4537
f 4536 4537 4751
f 4503 4752 4501
f 4540 4501 4752
f 4543 4753 4502
f 4503 4502 4753
f 4544 4754 4542
f 4543 4542 4754
f 4496 4755 4497
f 4544 4497 4755
f 4756 4498 4490
f 4496 4498 4756
f 4492 4757 4490
f 4756 4490 4757
f 4551 4758 4491
f 4492 4491 4758
f 4485 4759 4486
f 4551 4486 4759
f 4489 4760 4487
f 4485 4487 4760
f 4561 4761 4488
f 4489 4488 4761
f 4562 4762 4560
f 4561 4560 4762
f 4483 4763 4484
f 4562 4484 4763
f 4481 4764 4482
f 4483 4482 4764
f 4571 4765 4480
f 4481 4480 4765
f 4575 4766 4572
f 4571 4572 4766
f 4576 4767 4574
f 4575 4574 4767
f 4475 4768 4476
f 4576 4476 4768
f 4582 4769 4474
f 4475 4474 4769
f 4585 4770 4581
f 4582 4581 4770
f 4590 4771 4586
f 4585 4586 4771
f 4594 4772 4589
f 4590 4589 4772
f 4597 4593 4598
f 4594 4593 4597
f 4773 4598 4605
f 4599 4598 4773
f 4604 4774 4605
f 4773 4605 4774
f 4610 4775 4606
f 4604 4606 4775
f 4613 4776 4609
f 4610 4609 4776
f 4617 4777 4614
f 4613 4614 4777
f 4619 4778 4618
f 4617 4618 4778
f 4624 4779 4620
f 4619 4620 4779
f 4679 4625 4678
f 4624 4625 4680
f 4780 4781 4782
f 4782 4781 4783
f 4784 4785 4786
f 4787 4788 4789
f 4790 4788 4787
f 4791 4792 4793
f 4793 4789 4788
f 4792 4791 4794
f 4795 4796 4797
f 4798 4799 4800
f 4801 4802 4803
f 4796 4795 4803
f 4804 4805 4806
f 4807 4805 4804
f 4808 4809 4810
f 4808 4811 4805
f 4812 4813 4814
f 4815 4816 4817
f 4818 4819 4820
f 4821 4822 4823
f 4821 4824 4825
f 4826 4827 4828
f 4829 4827 4826
f 4830 4831 4832
f 4833 4832 4834
f 4834 4835 4836
f 4835 4837 4838
f 4837 4835 4834
f 4839 4840 4838
f 4838 4837 4839
f 4841 4840 4839
f 4841 4839 4842
f 4841 4842 4843
f 4842 4844 4843
f 4844 4845 4843
f 4846 4845 4847
f 4844 4847 4845
f 4846 4848 4849
f 4848 4846 4847
f 4849 4848 4850
f 4849 4850 4851
f 4850 4852 4851
f 4852 4853 4851
f 4854 4853 4852
f 4855 4853 4854
f 4855 4854 4856
f 4855 4856 4857
f 4856 4858 4857
f 4858 4859 4857
f 4836 4833 4834
f 4783 4860 4861
f 4833 4830 4832
f 4830 4829 4831
f 4862 4863 4864
f 4864 4865 4866
f 4831 4829 4826
f 4867 4866 4865
f 4826 4828 4822
f 4867 4865 4868
f 4822 4828 4823
f 4821 4823 4824
f 4786 4869 4784
f 4870 4821 4825
f 4784 4871 4872
f 4873 4820 4870
f 4873 4870 4825
f 4873 4818 4820
f 4818 4874 4819
f 4819 4874 4816
f 4816 4874 4817
f 4814 4816 4815
f 4812 4814 4875
f 4875 4814 4815
f 4813 4876 4814
f 4813 4809 4876
f 4876 4809 4808
f 4805 4811 4806
f 4808 4810 4811
f 4877 4807 4804
f 4877 4878 4807
f 4877 4879 4878
f 4880 4881 4879
f 4878 4879 4881
f 4801 4881 4880
f 4801 4803 4881
f 4802 4796 4803
f 4795 4797 4798
f 4798 4797 4799
f 4882 4798 4800
f 4794 4882 4800
f 4794 4791 4882
f 4792 4883 4793
f 4789 4793 4883
f 4884 4790 4787
f 4884 4871 4790
f 4884 4872 4871
f 4872 4785 4784
f 4869 4786 4885
f 4869 4885 4868
f 4868 4885 4867
f 4864 4866 4862
f 4780 4864 4863
f 4781 4780 4863
f 4783 4861 4782
f 4886 4887 4888
f 4889 4890 4891
f 4892 4893 4894
f 4895 4896 4897
f 4898 4897 4899
f 4900 4901 4902
f 4903 4904 4905
f 4906 4907 4908
f 4909 4910 4911
f 4912 4913 4914
f 4915 4916 4917
f 4918 4919 4920
f 4912 4920 4913
f 4921 4922 4923
f 4924 4919 4925
f 4926 4927 4928
f 4929 4923 4930
f 4931 4932 4927
f 4933 4934 4935
f 4936 4937 4938
f 4939 4940 4941
f 4942 4943 4944
f 4945 4946 4947
f 4948 4949 4950
f 4951 4952 4953
f 4954 4955 4956
f 4956 4957 4958
f 4959 4960 4961
f 4962 4963 4964
f 4891 4965 4966
f 4967 4968 4969
f 4970 4971 4972
f 4967 4955 4954
f 4973 4974 4975
f 4963 4962 4968
f 4951 4976 4974
f 4972 4960 4977
f 4978 4889 4973
f 4889 4979 4890
f 4960 4980 4977
f 4981 4959 4961
f 4961 4891 4966
f 4963 4972 4971
f 4982 4978 4973
f 4956 4983 4957
f 4958 4984 4950
f 4984 4958 4985
f 4943 4950 4949
f 4974 4986 4975
f 4987 4976 4951
f 4952 4988 4953
f 4943 4989 4944
f 4990 4942 4991
f 4945 4947 4952
f 4992 4945 4940
f 4990 4937 4942
f 4937 4936 4931
f 4940 4993 4992
f 4941 4994 4939
f 4995 4932 4931
f 4927 4996 4928
f 4934 4933 4941
f 4926 4928 4997
f 4998 4999 4934
f 4997 5000 4926
f 4998 5001 4999
f 5002 5003 5004
f 5005 5006 5004
f 4921 4919 4924
f 5006 5007 5008
f 4918 4920 5009
f 5010 5011 5008
f 5011 5012 4908
f 4915 4913 4916
f 5013 4916 4911
f 5013 4911 5014
f 4910 4909 5015
f 4909 4905 4904
f 4898 4905 4897
f 5016 5017 4893
f 4892 5018 5019
f 4896 4895 5020
f 5021 4895 5022
f 5019 5023 5024
f 5022 5025 5021
f 5026 4886 5027
f 5022 4886 5026
f 5024 5028 5029
f 5030 5031 5029
f 4887 5032 4888
f 5033 5034 4887
f 5035 5031 5036
f 5037 5034 5033
f 5038 5033 5039
f 5035 5040 5041
f 5038 5039 5042
f 5039 5043 5044
f 5045 5046 5041
f 5043 5047 5044
f 5048 5049 5043
f 5046 5050 5051
f 5052 5049 5048
f 5052 5053 5054
f 5054 5053 5055
f 5056 5057 5055
f 5058 5059 5051
f 5056 5060 5061
f 5062 5061 5060
f 5063 5059 5064
f 5065 5066 5060
f 5066 5065 5067
f 5068 5069 5063
f 5065 5070 5071
f 5070 5072 5071
f 5069 5073 5074
f 5075 5076 5070
f 5077 5076 5075
f 5078 5079 5074
f 5080 5075 5081
f 5080 5081 5082
f 5081 5083 5084
f 5085 5086 5087
f 5088 5084 5083
f 5089 5090 5083
f 5091 5092 5093
f 5092 5094 5095
f 5096 5097 5098
f 5099 5100 5101
f 5102 5103 5104
f 5105 5104 5106
f 5107 5108 5109
f 5110 5108 5111
f 5112 5113 5114
f 5115 5114 5116
f 5117 5112 5107
f 5118 5111 5119
f 5119 5120 5121
f 5122 5123 5124
f 5125 5120 5103
f 5126 5127 5122
f 5127 5128 5129
f 5130 5129 5131
f 5132 5133 5130
f 5106 5098 5134
f 5133 5135 5101
f 5136 5096 5137
f 5138 5139 5100
f 5140 5137 5095
f 5139 5141 5089
f 5000 5142 5002
f 4998 4929 4930
f 4932 4996 4927
f 4936 4995 4931
f 4990 4938 4937
f 4944 4991 4942
f 4949 4989 4943
f 4984 4948 4950
f 4957 4985 4958
f 4955 4983 4956
f 4967 4954 4968
f 4962 4969 4968
f 4971 4964 4963
f 4977 4970 4972
f 4959 4980 4960
f 4966 4981 4961
f 4890 4965 4891
f 4978 4979 4889
f 4975 4982 4973
f 4976 4986 4974
f 4953 4987 4951
f 4947 4988 4952
f 4992 4946 4945
f 4939 4993 4940
f 4933 4994 4941
f 4999 4935 4934
f 4930 5001 4998
f 4923 4929 4921
f 4924 4922 4921
f 4918 4925 4919
f 4912 5009 4920
f 4915 4914 4913
f 5013 4917 4916
f 4910 5014 4911
f 4904 5015 4909
f 4898 4903 4905
f 4896 4899 4897
f 5021 5020 4895
f 5026 5025 5022
f 4888 5027 4886
f 5034 5032 4887
f 5038 5037 5033
f 5044 5042 5039
f 5049 5047 5043
f 5052 5048 5053
f 5055 5053 5056
f 5061 5057 5056
f 5066 5062 5060
f 5071 5067 5065
f 5076 5072 5070
f 5080 5077 5075
f 5084 5082 5081
f 5090 5088 5083
f 5141 5143 5089
f 5090 5089 5143
f 5138 5144 5139
f 5141 5139 5144
f 5099 5145 5100
f 5138 5100 5145
f 5135 5146 5101
f 5099 5101 5146
f 5132 5147 5133
f 5135 5133 5147
f 5131 5148 5130
f 5132 5130 5148
f 5128 5149 5129
f 5131 5129 5149
f 5126 5150 5127
f 5128 5127 5150
f 5124 5151 5122
f 5126 5122 5151
f 5152 5123 5115
f 5124 5123 5152
f 5116 5153 5115
f 5152 5115 5153
f 5113 5154 5114
f 5116 5114 5154
f 5117 5155 5112
f 5113 5112 5155
f 5109 5156 5107
f 5117 5107 5156
f 5110 5157 5108
f 5109 5108 5157
f 5118 5158 5111
f 5110 5111 5158
f 5121 5159 5119
f 5118 5119 5159
f 5125 5160 5120
f 5121 5120 5160
f 5102 5161 5103
f 5125 5103 5161
f 5105 5162 5104
f 5102 5104 5162
f 5134 5163 5106
f 5105 5106 5163
f 5097 5164 5098
f 5134 5098 5164
f 5136 5165 5096
f 5097 5096 5165
f 5140 5166 5137
f 5136 5137 5166
f 5094 5167 5095
f 5140 5095 5167
f 5091 5168 5092
f 5094 5092 5168
f 5086 5093 5087
f 5091 5093 5086
f 5169 5087 5079
f 5085 5087 5169
f 5078 5170 5079
f 5169 5079 5170
f 5073 5171 5074
f 5078 5074 5171
f 5068 5172 5069
f 5073 5069 5172
f 5064 5173 5063
f 5068 5063 5173
f 5058 5174 5059
f 5064 5059 5174
f 5050 5175 5051
f 5058 5051 5175
f 5045 5176 5046
f 5050 5046 5176
f 5040 5177 5041
f 5045 5041 5177
f 5036 5178 5035
f 5040 5035 5178
f 5030 5179 5031
f 5036 5031 5179
f 5028 5180 5029
f 5030 5029 5180
f 5023 5181 5024
f 5028 5024 5181
f 5018 5182 5019
f 5023 5019 5182
f 4894 5183 4892
f 5018 4892 5183
f 5017 5184 4893
f 4894 4893 5184
f 4901 5016 4902
f 5017 5016 4901
f 5185 4902 4907
f 4900 4902 5185
f 4906 5186 4907
f 5185 4907 5186
f 5012 5187 4908
f 4906 4908 5187
f 5010 5188 5011
f 5012 5011 5188
f 5007 5189 5008
f 5010 5008 5189
f 5005 5190 5006
f 5007 5006 5190
f 5003 5191 5004
f 5005 5004 5191
f 5000 5002 4926
f 5003 5002 5142
f 5192 5193 5194
f 5195 5196 5192
f 5197 5198 5199
f 5200 5201 5197
f 5202 5203 5204
f 5204 5199 5198
f 5205 5206 5207
f 5208 5209 5210
f 5208 5211 5212
f 5213 5214 5215
f 5216 5217 5218
f 5216 5218 5219
f 5220 5221 5222
f 5223 5224 5225
f 5226 5227 5228
f 5229 5230 5227
f 5230 5229 5231
f 5232 5231 5233
f 5234 5235 5233
f 5236 5237 5234
f 5238 5239 5236
f 5240 5239 5238
f 5240 5238 5241
f 5242 5240 5241
f 5242 5241 5243
f 5242 5243 5244
f 5243 5245 5244
f 5245 5246 5244
f 5247 5246 5245
f 5248 5246 5247
f 5248 5247 5249
f 5248 5249 5250
f 5249 5251 5250
f 5251 5252 5250
f 5253 5252 5251
f 5254 5252 5253
f 5254 5253 5255
f 5254 5255 5256
f 5255 5257 5256
f 5257 5258 5256
f 5259 5258 5260
f 5257 5260 5258
f 5239 5237 5236
f 5237 5235 5234
f 5232 5233 5235
f 5230 5231 5232
f 5229 5227 5226
f 5226 5228 5261
f 5261 5228 5224
f 5262 5223 5225
f 5223 5261 5224
f 5222 5262 5225
f 5222 5221 5262
f 5263 5221 5220
f 5220 5264 5263
f 5263 5264 5217
f 5217 5264 5218
f 5265 5216 5219
f 5214 5265 5219
f 5214 5213 5265
f 5214 5266 5215
f 5211 5215 5212
f 5215 5266 5212
f 5209 5208 5212
f 5209 5267 5210
f 5210 5267 5268
f 5268 5267 5269
f 5205 5268 5269
f 5206 5205 5269
f 5206 5270 5207
f 5207 5270 5271
f 5271 5270 5272
f 5273 5274 5272
f 5274 5271 5272
f 5273 5275 5274
f 5273 5276 5275
f 5277 5278 5276
f 5275 5276 5278
f 5203 5202 5277
f 5202 5278 5277
f 5203 5199 5204
f 5201 5198 5197
f 5200 5279 5201
f 5200 5280 5279
f 5279 5280 5281
f 5282 5281 5283
f 5281 5280 5283
f 5284 5195 5282
f 5284 5282 5283
f 5284 5196 5195
f 5193 5192 5196
f 5285 5286 5287
f 5288 5289 5290
f 5289 5291 5292
f 5293 5288 5294
f 5288 5290 5294
f 5293 5295 5296
f 5293 5294 5295
f 5297 5296 5298
f 5293 5296 5297
f 5299 5298 5300
f 5297 5298 5299
f 5301 5300 5302
f 5299 5300 5301
f 5303 5302 5304
f 5301 5302 5303
f 5305 5304 5306
f 5303 5304 5305
f 5307 5306 5308
f 5305 5306 5307
f 5309 5308 5310
f 5307 5308 5309
f 5311 5310 5312
f 5309 5310 5311
f 5313 5312 5314
f 5311 5312 5313
f 5315 5314 5316
f 5313 5314 5315
f 5317 5316 5318
f 5315 5316 5317
f 5319 5318 5320
f 5317 5318 5319
f 5321 5320 5322
f 5319 5320 5321
f 5323 5322 5324
f 5321 5322 5323
f 5325 5324 5326
f 5323 5324 5325
f 5327 5326 5328
f 5325 5326 5327
f 5329 5328 5330
f 5327 5328 5329
f 5331 5330 5332
f 5329 5330 5331
f 5333 5332 5334
f 5331 5332 5333
f 5335 5334 5336
f 5333 5334 5335
f 5337 5336 5338
f 5335 5336 5337
f 5339 5338 5340
f 5337 5338 5339
f 5341 5340 5342
f 5339 5340 5341
f 5343 5342 5344
f 5341 5342 5343
f 5345 5344 5346
f 5343 5344 5345
f 5347 5346 5348
f 5345 5346 5347
f 5349 5348 5350
f 5347 5348 5349
f 5351 5350 5352
f 5349 5350 5351
f 5353 5352 5354
f 5351 5352 5353
f 5355 5354 5356
f 5353 5354 5355
f 5357 5356 5358
f 5355 5356 5357
f 5359 5358 5360
f 5357 5358 5359
f 5361 5360 5362
f 5359 5360 5361
f 5363 5362 5364
f 5361 5362 5363
f 5365 5364 5366
f 5363 5364 5365
f 5367 5366 5368
f 5365 5366 5367
f 5369 5368 5370
f 5367 5368 5369
f 5371 5370 5372
f 5369 5370 5371
f 5373 5372 5374
f 5371 5372 5373
f 5375 5374 5376
f 5373 5374 5375
f 5377 5376 5378
f 5375 5376 5377
f 5379 5378 5380
f 5377 5378 5379
f 5381 5380 5382
f 5379 5380 5381
f 5383 5382 5384
f 5381 5382 5383
f 5385 5384 5386
f 5383 5384 5385
f 5387 5386 5388
f 5385 5386 5387
f 5389 5388 5390
f 5387 5388 5389
f 5391 5390 5392
f 5389 5390 5391
f 5393 5392 5394
f 5391 5392 5393
f 5395 5394 5396
f 5393 5394 5395
f 5397 5396 5398
f 5395 5396 5397
f 5399 5398 5400
f 5397 5398 5399
f 5401 5400 5402
f 5399 5400 5401
f 5403 5402 5404
f 5401 5402 5403
f 5405 5404 5406
f 5403 5404 5405
f 5407 5406 5408
f 5405 5406 5407
f 5409 5408 5410
f 5407 5408 5409
f 5411 5410 5412
f 5409 5410 5411
f 5413 5412 5414
f 5411 5412 5413
f 5415 5414 5416
f 5413 5414 5415
f 5417 5416 5418
f 5415 5416 5417
f 5419 5418 5420
f 5417 5418 5419
f 5421 5420 5422
f 5419 5420 5421
f 5423 5422 5424
f 5421 5422 5423
f 5425 5424 5426
f 5423 5424 5425
f 5427 5426 5428
f 5425 5426 5427
f 5429 5428 5430
f 5427 5428 5429
f 5431 5430 5432
f 5429 5430 5431
f 5433 5432 5434
f 5431 5432 5433
f 5435 5434 5436
f 5433 5434 5435
f 5437 5436 5438
f 5435 5436 5437
f 5439 5438 5440
f 5437 5438 5439
f 5441 5440 5442
f 5439 5440 5441
f 5443 5442 5444
f 5441 5442 5443
f 5445 5444 5446
f 5443 5444 5445
f 5447 5446 5448
f 5445 5446 5447
f 5449 5448 5450
f 5447 5448 5449
f 5451 5450 5452
f 5449 5450 5451
f 5453 5452 5454
f 5451 5452 5453
f 5455 5454 5456
f 5453 5454 5455
f 5457 5456 5458
f 5455 5456 5457
f 5459 5458 5460
f 5457 5458 5459
f 5461 5460 5462
f 5459 5460 5461
f 5463 5462 5464
f 5461 5462 5463
f 5465 5464 5466
f 5463 5464 5465
f 5467 5466 5468
f 5465 5466 5467
f 5469 5468 5470
f 5467 5468 5469
f 5471 5470 5472
f 5469 5470 5471
f 5473 5472 5474
f 5471 5472 5473
f 5475 5474 5476
f 5473 5474 5475
f 5477 5476 5478
f 5475 5476 5477
f 5479 5478 5480
f 5477 5478 5479
f 5481 5480 5482
f 5479 5480 5481
f 5483 5482 5484
f 5481 5482 5483
f 5485 5484 5486
f 5483 5484 5485
f 5487 5486 5488
f 5485 5486 5487
f 5489 5490 5488
f 5487 5488 5490
f 5285 5489 5491
f 5489 5488 5491
f 5285 5491 5286
f 5492 5287 5493
f 5287 5286 5493
f 5492 5494 5495
f 5492 5493 5494
f 5496 5495 5497
f 5492 5495 5496
f 5498 5497 5499
f 5496 5497 5498
f 5500 5499 5501
f 5498 5499 5500
f 5502 5501 5503
f 5500 5501 5502
f 5504 5503 5505
f 5502 5503 5504
f 5506 5505 5507
f 5504 5505 5506
f 5508 5507 5509
f 5506 5507 5508
f 5510 5509 5511
f 5508 5509 5510
f 5512 5511 5513
f 5510 5511 5512
f 5514 5513 5515
f 5512 5513 5514
f 5516 5515 5517
f 5514 5515 5516
f 5518 5517 5519
f 5516 5517 5518
f 5520 5519 5521
f 5518 5519 5520
f 5522 5521 5523
f 5520 5521 5522
f 5524 5523 5525
f 5522 5523 5524
f 5526 5525 5527
f 5524 5525 5526
f 5528 5527 5529
f 5526 5527 5528
f 5530 5529 5531
f 5528 5529 5530
f 5532 5531 5533
f 5530 5531 5532
f 5534 5533 5535
f 5532 5533 5534
f 5536 5535 5537
f 5534 5535 5536
f 5538 5537 5539
f 5536 5537 5538
f 5540 5539 5541
f 5538 5539 5540
f 5542 5541 5543
f 5540 5541 5542
f 5544 5543 5545
f 5542 5543 5544
f 5546 5545 5547
f 5544 5545 5546
f 5548 5547 5549
f 5546 5547 5548
f 5550 5549 5551
f 5548 5549 5550
f 5552 5551 5553
f 5550 5551 5552
f 5554 5553 5555
f 5552 5553 5554
f 5556 5555 5557
f 5554 5555 5556
f 5558 5557 5559
f 5556 5557 5558
f 5560 5559 5561
f 5558 5559 5560
f 5562 5561 5563
f 5560 5561 5562
f 5564 5563 5565
f 5562 5563 5564
f 5566 5565 5567
f 5564 5565 5566
f 5568 5567 5569
f 5566 5567 5568
f 5570 5569 5571
f 5568 5569 5570
f 5572 5571 5573
f 5570 5571 5572
f 5574 5573 5575
f 5572 5573 5574
f 5576 5575 5577
f 5574 5575 5576
f 5578 5577 5579
f 5576 5577 5578
f 5580 5579 5581
f 5578 5579 5580
f 5582 5581 5583
f 5580 5581 5582
f 5584 5583 5585
f 5582 5583 5584
f 5586 5585 5587
f 5584 5585 5586
f 5588 5587 5589
f 5586 5587 5588
f 5590 5589 5591
f 5588 5589 5590
f 5592 5591 5593
f 5590 5591 5592
f 5594 5593 5595
f 5592 5593 5594
f 5596 5595 5597
f 5594 5595 5596
f 5598 5597 5599
f 5596 5597 5598
f 5600 5599 5601
f 5598 5599 5600
f 5602 5601 5603
f 5600 5601 5602
f 5604 5603 5605
f 5602 5603 5604
f 5606 5605 5607
f 5604 5605 5606
f 5608 5607 5609
f 5606 5607 5608
f 5610 5609 5611
f 5608 5609 5610
f 5612 5611 5613
f 5610 5611 5612
f 5614 5613 5615
f 5612 5613 5614
f 5616 5615 5617
f 5614 5615 5616
f 5618 5617 5619
f 5616 5617 5618
f 5620 5619 5621
f 5618 5619 5620
f 5622 5621 5623
f 5620 5621 5622
f 5624 5623 5625
f 5622 5623 5624
f 5626 5625 5627
f 5624 5625 5626
f 5628 5627 5629
f 5626 5627 5628
f 5630 5629 5631
f 5628 5629 5630
f 5632 5631 5633
f 5630 5631 5632
f 5634 5633 5635
f 5632 5633 5634
f 5636 5635 5637
f 5634 5635 5636
f 5638 5637 5639
f 5636 5637 5638
f 5640 5639 5641
f 5638 5639 5640
f 5642 5641 5643
f 5640 5641 5642
f 5644 5643 5645
f 5642 5643 5644
f 5646 5645 5647
f 5644 5645 5646
f 5648 5647 5649
f 5646 5647 5648
f 5650 5649 5651
f 5648 5649 5650
f 5652 5651 5653
f 5650 5651 5652
f 5654 5653 5655
f 5652 5653 5654
f 5656 5655 5657
f 5654 5655 5656
f 5658 5657 5659
f 5656 5657 5658
f 5660 5659 5661
f 5658 5659 5660
f 5662 5661 5663
f 5660 5661 5662
f 5664 5663 5665
f 5662 5663 5664
f 5666 5665 5667
f 5664 5665 5666
f 5668 5667 5669
f 5666 5667 5668
f 5670 5669 5671
f 5668 5669 5670
f 5672 5671 5673
f 5670 5671 5672
f 5674 5673 5675
f 5672 5673 5674
f 5676 5675 5677
f 5674 5675 5676
f 5678 5677 5679
f 5676 5677 5678
f 5680 5679 5681
f 5678 5679 5680
f 5682 5681 5683
f 5680 5681 5682
f 5684 5683 5685
f 5682 5683 5684
f 5686 5685 5687
f 5684 5685 5686
f 5291 5688 5687
f 5686 5687 5688
f 5289 5292 5290
f 5291 5687 5292
f 5689 5690 5691
f 5692 5693 5689
f 5694 5695 5696
f 5692 5695 5694
f 5697 5698 5699
f 5698 5697 5700
f 5701 5702 5703
f 5704 5705 5706
f 5707 5708 5709
f 5710 5711 5712
f 5713 5714 5715
f 5716 5717 5718
f 5718 5719 5720
f 5718 5720 5716
f 5721 5720 5719
f 5722 5723 5724
f 5723 5725 5724
f 5726 5727 5728
f 5729 5730 5727
f 5730 5729 5731
f 5732 5731 5733
f 5734 5733 5735
f 5736 5735 5737
f 5738 5739 5740
f 5739 5738 5737
f 5739 5741 5740
f 5742 5741 5739
f 5743 5741 5742
f 5743 5744 5745
f 5744 5743 5742
f 5745 5744 5746
f 5745 5746 5747
f 5748 5749 5747
f 5747 5746 5748
f 5750 5749 5751
f 5748 5751 5749
f 5750 5751 5752
f 5751 5753 5752
f 5753 5754 5752
f 5755 5754 5753
f 5756 5754 5755
f 5756 5755 5757
f 5756 5757 5758
f 5757 5759 5758
f 5759 5760 5758
f 5738 5736 5737
f 5736 5734 5735
f 5734 5732 5733
f 5732 5730 5731
f 5729 5727 5726
f 5726 5728 5725
f 5725 5728 5724
f 5761 5723 5722
f 5762 5761 5722
f 5762 5763 5761
f 5762 5721 5763
f 5763 5721 5719
f 5764 5717 5716
f 5764 5765 5717
f 5764 5766 5765
f 5765 5766 5767
f 5767 5766 5768
f 5713 5767 5768
f 5769 5713 5768
f 5769 5714 5713
f 5715 5714 5711
f 5711 5714 5712
f 5770 5710 5712
f 5770 5709 5710
f 5710 5709 5708
f 5704 5708 5707
f 5707 5705 5704
f 5706 5705 5771
f 5771 5705 5772
f 5702 5701 5772
f 5701 5771 5772
f 5702 5773 5703
f 5774 5703 5700
f 5703 5773 5700
f 5700 5697 5774
f 5698 5696 5699
f 5695 5699 5696
f 5775 5692 5694
f 5775 5693 5692
f 5690 5689 5693
f 5776 5777 5778
f 5779 5780 5781
f 5782 5783 5784
f 5785 5783 5786
f 5787 5788 5789
f 5790 5791 5792
f 5793 5794 5795
f 5796 5797 5798
f 5799 5800 5801
f 5802 5803 5794
f 5804 5805 5806
f 5807 5808 5801
f 5809 5810 5811
f 5812 5806 5813
f 5814 5815 5816
f 5817 5818 5819
f 5820 5821 5822
f 5823 5824 5825
f 5826 5827 5828
f 5829 5830 5831
f 5832 5833 5834
f 5835 5836 5837
f 5838 5839 5840
f 5841 5842 5843
f 5844 5845 5846
f 5847 5848 5849
f 5779 5850 5851
f 5852 5853 5854
f 5855 5856 5857
f 5858 5852 5840
f 5859 5860 5861
f 5854 5862 5849
f 5863 5864 5865
f 5866 5867 5857
f 5868 5869 5870
f 5870 5781 5871
f 5867 5872 5845
f 5844 5873 5874
f 5875 5850 5874
f 5848 5876 5855
f 5869 5877 5859
f 5841 5878 5838
f 5879 5880 5832
f 5881 5842 5880
f 5833 5882 5883
f 5861 5884 5863
f 5835 5865 5885
f 5886 5837 5887
f 5827 5888 5882
f 5889 5828 5890
f 5829 5886 5891
f 5892 5893 5831
f 5890 5822 5894
f 5895 5896 5820
f 5897 5824 5893
f 5823 5898 5899
f 5900 5895 5814
f 5815 5811 5901
f 5817 5899 5902
f 5810 5809 5903
f 5904 5905 5819
f 5809 5906 5903
f 5905 5907 5908
f 5807 5805 5909
f 5800 5910 5802
f 5911 5797 5793
f 5796 5912 5913
f 5791 5913 5914
f 5915 5790 5916
f 5917 5789 5915
f 5788 5918 5786
f 5919 5920 5782
f 5920 5921 5922
f 5923 5922 5924
f 5925 5778 5926
f 5927 5926 5923
f 5777 5928 5929
f 5930 5929 5931
f 5932 5933 5930
f 5933 5934 5935
f 5936 5935 5937
f 5938 5939 5936
f 5939 5940 5941
f 5942 5941 5943
f 5944 5945 5942
f 5945 5946 5947
f 5948 5947 5949
f 5950 5948 5951
f 5952 5953 5950
f 5953 5954 5955
f 5956 5955 5957
f 5958 5959 5956
f 5959 5960 5961
f 5962 5961 5963
f 5964 5965 5962
f 5966 5967 5965
f 5967 5968 5969
f 5970 5969 5971
f 5972 5973 5970
f 5973 5974 5975
f 5976 5975 5977
f 5908 5978 5813
f 5811 5810 5901
f 5815 5901 5816
f 5814 5816 5900
f 5895 5900 5896
f 5820 5896 5821
f 5822 5821 5894
f 5890 5894 5889
f 5828 5889 5826
f 5827 5826 5888
f 5882 5888 5883
f 5833 5883 5834
f 5832 5834 5879
f 5880 5879 5881
f 5842 5881 5843
f 5841 5843 5878
f 5838 5878 5839
f 5840 5839 5858
f 5852 5858 5853
f 5854 5853 5862
f 5849 5862 5847
f 5848 5847 5876
f 5855 5876 5856
f 5857 5856 5866
f 5867 5866 5872
f 5845 5872 5846
f 5844 5846 5873
f 5874 5873 5875
f 5850 5875 5851
f 5779 5851 5780
f 5781 5780 5871
f 5870 5871 5868
f 5869 5868 5877
f 5859 5877 5860
f 5861 5860 5884
f 5863 5884 5864
f 5865 5864 5885
f 5835 5885 5836
f 5837 5836 5887
f 5886 5887 5891
f 5829 5891 5830
f 5831 5830 5892
f 5893 5892 5897
f 5824 5897 5825
f 5823 5825 5898
f 5899 5898 5902
f 5817 5902 5818
f 5819 5818 5904
f 5905 5904 5907
f 5908 5907 5978
f 5813 5978 5812
f 5806 5812 5804
f 5805 5804 5909
f 5807 5909 5808
f 5801 5808 5799
f 5800 5799 5910
f 5802 5910 5803
f 5794 5803 5795
f 5793 5795 5911
f 5797 5911 5798
f 5796 5798 5912
f 5913 5912 5914
f 5791 5914 5792
f 5790 5792 5916
f 5915 5916 5917
f 5789 5917 5787
f 5788 5787 5918
f 5786 5918 5785
f 5783 5785 5784
f 5782 5784 5919
f 5920 5919 5921
f 5922 5921 5924
f 5923 5924 5927
f 5926 5927 5925
f 5778 5925 5776
f 5777 5776 5928
f 5929 5928 5931
f 5930 5931 5932
f 5933 5932 5934
f 5935 5934 5937
f 5936 5937 5938
f 5939 5938 5940
f 5941 5940 5943
f 5942 5943 5944
f 5945 5944 5946
f 5947 5946 5949
f 5948 5949 5951
f 5950 5951 5952
f 5953 5952 5954
f 5955 5954 5957
f 5956 5957 5958
f 5959 5958 5960
f 5961 5960 5963
f 5962 5963 5964
f 5965 5964 5966
f 5967 5966 5968
f 5969 5968 5971
f 5970 5971 5972
f 5973 5972 5974
f 5975 5974 5977
f 5976 5977 5979
f 5980 5979 5981
f 5976 5979 5980
f 5982 5981 5983
f 5980 5981 5982
f 5984 5983 5985
f 5982 5983 5984
f 5986 5985 5987
f 5984 5985 5986
f 5988 5987 5989
f 5986 5987 5988
f 5990 5989 5991
f 5988 5989 5990
f 5992 5991 5993
f 5990 5991 5992
f 5994 5993 5995
f 5992 5993 5994
f 5996 5995 5997
f 5994 5995 5996
f 5998 5997 5999
f 5996 5997 5998
f 6000 5999 6001
f 5998 5999 6000
f 6002 6001 6003
f 6000 6001 6002
f 6004 6003 6005
f 6002 6003 6004
f 6006 6005 6007
f 6004 6005 6006
f 6008 6007 6009
f 6006 6007 6008
f 6010 6009 6011
f 6008 6009 6010
f 6012 6011 6013
f 6010 6011 6012
f 6014 6013 6015
f 6012 6013 6014
f 6016 6015 6017
f 6014 6015 6016
f 6018 6017 6019
f 6016 6017 6018
f 6020 6019 6021
f 6018 6019 6020
f 6022 6021 6023
f 6020 6021 6022
f 6024 6023 6025
f 6022 6023 6024
f 6026 6025 6027
f 6024 6025 6026
f 6028 6027 6029
f 6026 6027 6028
f 6030 6029 6031
f 6028 6029 6030
f 6032 6031 6033
f 6030 6031 6032
f 6034 6033 6035
f 6032 6033 6034
f 6036 6035 6037
f 6034 6035 6036
f 6038 6037 6039
f 6036 6037 6038
f 6040 6039 6041
f 6038 6039 6040
f 6042 6041 6043
f 6040 6041 6042
f 6044 6043 6045
f 6042 6043 6044
f 6046 6045 6047
f 6044 6045 6046
f 6048 6047 6049
f 6046 6047 6048
f 6050 6049 6051
f 6048 6049 6050
f 6052 6051 6053
f 6050 6051 6052
f 6054 6053 6055
f 6052 6053 6054
f 6056 6055 6057
f 6054 6055 6056
f 6058 6057 6059
f 6056 6057 6058
f 6060 6059 6061
f 6058 6059 6060
f 6062 6061 6063
f 6060 6061 6062
f 6064 6063 6065
f 6062 6063 6064
f 6066 6065 6067
f 6064 6065 6066
f 6068 6067 6069
f 6066 6067 6068
f 6070 6069 6071
f 6068 6069 6070
f 6072 6071 6073
f 6070 6071 6072
f 6074 6073 6075
f 6072 6073 6074
f 6076 6075 6077
f 6074 6075 6076
f 6078 6077 6079
f 6076 6077 6078
f 6080 6079 6081
f 6078 6079 6080
f 6082 6081 6083
f 6080 6081 6082
f 6084 6083 6085
f 6082 6083 6084
f 6086 6085 6087
f 6084 6085 6086
f 6088 6087 6089
f 6086 6087 6088
f 6090 6089 6091
f 6088 6089 6090
f 6092 6091 6093
f 6090 6091 6092
f 6094 6093 6095
f 6092 6093 6094
f 6096 6095 6097
f 6094 6095 6096
f 6098 6097 6099
f 6096 6097 6098
f 6100 6099 6101
f 6098 6099 6100
f 6102 6101 6103
f 6100 6101 6102
f 6104 6103 6105
f 6102 6103 6104
f 6106 6105 6107
f 6104 6105 6106
f 6108 6107 6109
f 6106 6107 6108
f 6110 6109 6111
f 6108 6109 6110
f 6112 6111 6113
f 6110 6111 6112
f 6114 6113 6115
f 6112 6113 6114
f 6116 6115 6117
f 6114 6115 6116
f 6118 6117 6119
f 6116 6117 6118
f 6120 6119 6121
f 6118 6119 6120
f 6122 6121 6123
f 6120 6121 6122
f 6124 6123 6125
f 6122 6123 6124
f 6126 6125 6127
f 6124 6125 6126
f 6128 6127 6129
f 6126 6127 6128
f 6130 6129 6131
f 6128 6129 6130
f 6132 6131 6133
f 6130 6131 6132
f 6134 6133 6135
f 6132 6133 6134
f 6136 6135 6137
f 6134 6135 6136
f 6138 6137 6139
f 6136 6137 6138
f 6140 6139 6141
f 6138 6139 6140
f 6142 6141 6143
f 6140 6141 6142
f 6144 6143 6145
f 6142 6143 6144
f 6146 6145 6147
f 6144 6145 6146
f 6148 6147 6149
f 6146 6147 6148
f 6150 6149 6151
f 6148 6149 6150
f 6152 6151 6153
f 6150 6151 6152
f 6154 6153 6155
f 6152 6153 6154
f 6156 6155 6157
f 6154 6155 6156
f 6158 6157 6159
f 6156 6157 6158
f 6160 6159 6161
f 6158 6159 6160
f 6162 6161 6163
f 6160 6161 6162
f 6164 6163 6165
f 6162 6163 6164
f 6166 6165 6167
f 6164 6165 6166
f 6168 6167 6169
f 6166 6167 6168
f 6170 6169 6171
f 6168 6169 6170
f 6172 6171 6173
f 6170 6171 6172
f 6174 6173 6175
f 6172 6173 6174
f 6176 6175 6177
f 6174 6175 6176
f 6178 6177 6179
f 6176 6177 6178
f 5903 5906 6179
f 6178 6179 5906
f 6180 6181 6182
f 6183 6184 6185
f 6186 6187 6188
f 6189 6190 6191
f 6186 6188 6192
f 6186 6193 6187
f 6194 6195 6196
f 6197 6198 6199
f 6200 6201 6202
f 6203 6204 6205
f 6206 6207 6208
f 6209 6210 6211
f 6212 6213 6214
f 6215 6206 6216
f 6217 6218 6219
f 6214 6220 6221
f 6222 6223 6224
f 6225 6226 6218
f 6227 6228 6229
f 6222 6224 6230
f 6231 6232 6233
f 6234 6235 6236
f 6237 6238 6239
f 6240 6241 6242
f 6243 6244 6245
f 6246 6247 6248
f 6249 6183 6185
f 6250 6249 6251
f 6252 6253 6254
f 6252 6254 6255
f 6252 6184 6256
f 6255 6185 6184
f 6257 6254 6253
f 6185 6255 6258
f 6259 6183 6250
f 6254 6260 6255
f 6250 6245 6261
f 6257 6253 6262
f 6184 6183 6263
f 6184 6263 6264
f 6265 6262 6253
f 6253 6252 6266
f 6184 6252 6255
f 6267 6254 6257
f 6249 6250 6183
f 6249 6185 6268
f 6243 6250 6251
f 6269 6251 6249
f 6246 6245 6244
f 6243 6245 6250
f 6246 6248 6245
f 6238 6237 6247
f 6246 6238 6247
f 6239 6241 6240
f 6237 6239 6240
f 6242 6233 6232
f 6242 6241 6233
f 6235 6231 6236
f 6235 6232 6231
f 6229 6234 6227
f 6227 6234 6236
f 6222 6230 6228
f 6228 6230 6229
f 6270 6271 6223
f 6271 6224 6223
f 6270 6226 6225
f 6225 6271 6270
f 6272 6217 6219
f 6218 6226 6219
f 6220 6272 6221
f 6272 6220 6217
f 6212 6273 6213
f 6212 6214 6221
f 6215 6216 6273
f 6213 6273 6216
f 6208 6207 6274
f 6215 6207 6206
f 6274 6210 6209
f 6209 6208 6274
f 6211 6202 6201
f 6211 6210 6202
f 6204 6200 6205
f 6204 6201 6200
f 6196 6203 6194
f 6194 6203 6205
f 6197 6199 6195
f 6195 6199 6196
f 6275 6193 6198
f 6197 6275 6198
f 6192 6188 6276
f 6187 6193 6275
f 6276 6277 6278
f 6278 6192 6276
f 6279 6277 6280
f 6277 6279 6278
f 6191 6281 6280
f 6279 6280 6281
f 6181 6190 6189
f 6190 6281 6191
f 6182 6181 6189
f 6180 6182 6282
f 6283 6282 6284
f 6282 6283 6180
f 6285 6286 6284
f 6283 6284 6286
f 6285 6287 6288
f 6288 6286 6285
f 6289 6287 6290
f 6287 6289 6288
f 6291 6292 6290
f 6289 6290 6292
f 6291 6293 6294
f 6294 6292 6291
f 6295 6293 6296
f 6293 6295 6294
f 6297 6298 6296
f 6295 6296 6298
f 6297 6299 6300
f 6300 6298 6297
f 6301 6299 6302
f 6299 6301 6300
f 6301 6302 6303
f 6303 6304 6305
f 6304 6303 6302
f 6306 6305 6307
f 6304 6307 6305
f 6308 6309 6306
f 6306 6307 6308
f 6309 6310 6311
f 6310 6309 6308
f 6312 6311 6313
f 6310 6313 6311
f 6314 6315 6312
f 6312 6313 6314
f 6315 6316 6317
f 6316 6315 6314
f 6318 6317 6319
f 6316 6319 6317
f 6320 6321 6318
f 6318 6319 6320
f 6321 6322 6323
f 6322 6321 6320
f 6324 6323 6325
f 6322 6325 6323
f 6326 6327 6324
f 6324 6325 6326
f 6327 6328 6329
f 6328 6327 6326
f 6330 6329 6331
f 6328 6331 6329
f 6332 6333 6334
f 6330 6331 6333
f 6335 6336 6337
f 6338 6339 6340
f 6341 6342 6343
f 6344 6345 6346
f 6347 6348 6349
f 6350 6351 6352
f 6353 6354 6355
f 6349 6356 6357
f 6358 6359 6360
f 6361 6362 6363
f 6364 6365 6366
f 6367 6368 6358
f 6369 6365 6370
f 6354 6371 6363
f 6372 6373 6374
f 6363 6375 6358
f 6376 6370 6377
f 6377 6370 6365
f 6365 6378 6374
f 6372 6374 6378
f 6374 6366 6365
f 6365 6379 6378
f 6380 6377 6364
f 6377 6365 6364
f 6368 6367 6380
f 6380 6364 6368
f 6363 6358 6360
f 6358 6368 6359
f 6354 6363 6362
f 6361 6363 6360
f 6357 6353 6355
f 6355 6354 6362
f 6357 6381 6349
f 6357 6356 6353
f 6347 6352 6348
f 6381 6347 6349
f 6351 6350 6341
f 6348 6352 6351
f 6343 6342 6344
f 6341 6350 6342
f 6336 6346 6345
f 6346 6343 6344
f 6339 6335 6337
f 6337 6336 6345
f 6340 6334 6338
f 6339 6338 6335
f 6333 6332 6330
f 6340 6332 6334
f 6382 6383 6384
f 6385 6384 6383
f 6386 6387 6388
f 6389 6390 6391
f 6392 6389 6393
f 6394 6395 6396
f 6395 6391 6390
f 6397 6398 6399
f 6396 6397 6394
f 6400 6401 6402
f 6401 6400 6403
f 6404 6405 6406
f 6407 6408 6409
f 6408 6407 6410
f 6411 6412 6413
f 6414 6415 6416
f 6417 6416 6418
f 6419 6418 6420
f 6421 6422 6420
f 6423 6420 6422
f 6421 6424 6422
f 6425 6424 6421
f 6425 6426 6424
f 6427 6426 6425
f 6428 6427 6429
f 6427 6428 6426
f 6430 6428 6429
f 6430 6429 6431
f 6431 6432 6433
f 6433 6430 6431
f 6434 6435 6432
f 6433 6432 6435
f 6435 6434 6436
f 6435 6436 6437
f 6436 6438 6437
f 6438 6439 6437
f 6440 6439 6438
f 6441 6439 6440
f 6441 6440 6442
f 6423 6419 6420
f 6441 6442 6443
f 6417 6418 6419
f 6414 6416 6417
f 6411 6415 6414
f 6415 6411 6413
f 6410 6412 6408
f 6413 6412 6410
f 6444 6407 6409
f 6406 6405 6444
f 6406 6444 6409
f 6445 6405 6404
f 6404 6446 6445
f 6445 6446 6403
f 6403 6446 6401
f 6447 6400 6402
f 6448 6447 6402
f 6448 6449 6447
f 6448 6450 6449
f 6449 6450 6451
f 6451 6450 6452
f 6453 6454 6452
f 6454 6451 6452
f 6453 6455 6454
f 6453 6456 6455
f 6455 6456 6398
f 6398 6456 6399
f 6394 6397 6399
f 6395 6390 6396
f 6391 6393 6389
f 6457 6392 6458
f 6392 6393 6458
f 6459 6457 6458
f 6459 6387 6457
f 6459 6388 6387
f 6460 6386 6461
f 6386 6388 6461
f 6462 6460 6461
f 6462 6463 6460
f 6462 6464 6463
f 6385 6465 6464
f 6463 6464 6465
f 6383 6465 6385
f 6466 6382 6384
f 6466 6467 6382
f 6467 6468 6469
f 6466 6468 6467
f 6470 6471 6472
f 6473 6474 6470
f 6475 6476 6477
f 6478 6479 6480
f 6480 6477 6476
f 6481 6482 6483
f 6484 6485 6486
f 6487 6488 6489
f 6490 6491 6492
f 6493 6494 6495
f 6495 6494 6496
f 6497 6498 6499
f 6497 6499 6500
f 6501 6502 6498
f 6502 6501 6503
f 6504 6505 6506
f 6504 6506 6507
f 6508 6509 6510
f 6511 6512 6513
f 6514 6515 6511
f 6516 6517 6514
f 6518 6517 6516
f 6519 6520 6521
f 6520 6519 6518
f 6522 6523 6521
f 6521 6520 6522
f 6524 6525 6523
f 6523 6522 6524
f 6526 6525 6527
f 6524 6527 6525
f 6526 6528 6529
f 6528 6526 6527
f 6528 6530 6529
f 6531 6530 6528
f 6532 6530 6531
f 6532 6533 6534
f 6533 6532 6531
f 6535 6536 6534
f 6534 6533 6535
f 6537 6536 6538
f 6535 6538 6536
f 6539 6537 6540
f 6538 6540 6537
f 6519 6517 6518
f 6515 6514 6517
f 6515 6512 6511
f 6513 6508 6510
f 6512 6508 6513
f 6505 6509 6506
f 6510 6509 6505
f 6541 6504 6507
f 6503 6501 6541
f 6503 6541 6507
f 6502 6542 6498
f 6498 6542 6499
f 6543 6497 6500
f 6544 6543 6500
f 6544 6493 6543
f 6544 6494 6493
f 6496 6494 6545
f 6490 6496 6545
f 6491 6490 6545
f 6491 6546 6492
f 6492 6546 6547
f 6547 6546 6548
f 6549 6547 6548
f 6550 6551 6549
f 6550 6549 6548
f 6550 6552 6551
f 6551 6552 6553
f 6554 6488 6553
f 6553 6552 6554
f 6489 6488 6554
f 6489 6555 6487
f 6486 6485 6555
f 6487 6555 6485
f 6481 6485 6484
f 6484 6482 6481
f 6556 6483 6557
f 6483 6482 6557
f 6558 6556 6557
f 6558 6478 6556
f 6558 6479 6478
f 6477 6480 6479
f 6559 6476 6475
f 6560 6473 6559
f 6560 6559 6475
f 6560 6474 6473
f 6471 6470 6474
f 6561 6562 6563
f 6564 6565 6566
f 6567 6568 6569
f 6570 6571 6572
f 6573 6574 6575
f 6576 6577 6578
f 6579 6580 6581
f 6582 6583 6584
f 6585 6586 6587
f 6588 6589 6590
f 6591 6592 6593
f 6594 6595 6596
f 6597 6598 6599
f 6600 6601 6602
f 6603 6604 6605
f 6606 6607 6608
f 6609 6610 6611
f 6612 6613 6614
f 6615 6616 6617
f 6618 6619 6620
f 6621 6622 6623
f 6624 6625 6626
f 6627 6628 6629
f 6630 6631 6632
f 6633 6634 6635
f 6636 6637 6638
f 6639 6640 6641
f 6642 6643 6644
f 6645 6646 6647
f 6648 6649 6650
f 6651 6652 6653
f 6654 6655 6656
f 6657 6658 6659
f 6660 6661 6662
f 6663 6664 6665
f 6659 6666 6667
f 6668 6669 6670
f 6668 6671 6672
f 6673 6674 6675
f 6675 6676 6677
f 6678 6679 6680
f 6681 6682 6680
f 6683 6684 6685
f 6686 6678 6687
f 6688 6689 6690
f 6683 6691 6689
f 6692 6693 6694
f 6688 6695 6693
f 6696 6697 6698
f 6692 6699 6697
f 6700 6701 6702
f 6703 6702 6701
f 6704 6705 6700
f 6700 6702 6704
f 6705 6706 6707
f 6706 6705 6704
f 6708 6707 6709
f 6706 6709 6707
f 6710 6711 6708
f 6708 6709 6710
f 6711 6712 6713
f 6712 6711 6710
f 6714 6713 6715
f 6712 6715 6713
f 6716 6717 6714
f 6714 6715 6716
f 6717 6718 6719
f 6718 6717 6716
f 6720 6719 6721
f 6718 6721 6719
f 6722 6723 6720
f 6720 6721 6722
f 6723 6724 6725
f 6724 6723 6722
f 6726 6725 6727
f 6724 6727 6725
f 6728 6729 6726
f 6726 6727 6728
f 6729 6730 6731
f 6730 6729 6728
f 6732 6731 6733
f 6730 6733 6731
f 6734 6735 6732
f 6732 6733 6734
f 6735 6736 6737
f 6736 6735 6734
f 6738 6737 6739
f 6736 6739 6737
f 6740 6741 6738
f 6738 6739 6740
f 6741 6742 6743
f 6742 6741 6740
f 6744 6743 6745
f 6742 6745 6743
f 6746 6747 6744
f 6744 6745 6746
f 6747 6748 6749
f 6748 6747 6746
f 6750 6749 6751
f 6748 6751 6749
f 6696 6703 6701
f 6750 6751 6752
f 6703 6696 6698
f 6698 6697 6699
f 6693 6695 6694
f 6692 6694 6699
f 6685 6684 6687
f 6690 6695 6688
f 6683 6685 6691
f 6690 6689 6691
f 6687 6684 6686
f 6686 6679 6678
f 6671 6665 6672
f 6681 6674 6682
f 6680 6679 6681
f 6677 6673 6675
f 6673 6682 6674
f 6677 6676 6669
f 6668 6670 6671
f 6670 6669 6676
f 6666 6664 6663
f 6665 6664 6672
f 6658 6657 6662
f 6657 6659 6667
f 6663 6667 6666
f 6660 6651 6661
f 6658 6662 6661
f 6653 6654 6656
f 6652 6654 6653
f 6651 6660 6652
f 6656 6655 6646
f 6648 6645 6649
f 6645 6647 6649
f 6647 6646 6655
f 6644 6643 6640
f 6648 6650 6641
f 6644 6640 6639
f 6650 6639 6641
f 6633 6642 6634
f 6643 6642 6633
f 6636 6635 6753
f 6635 6634 6753
f 6626 6623 6624
f 6638 6637 6629
f 6637 6636 6753
f 6627 6754 6628
f 6629 6628 6638
f 6621 6631 6630
f 6754 6632 6631
f 6627 6632 6754
f 6584 6583 6580
f 6622 6624 6623
f 6621 6630 6622
f 6626 6625 6755
f 6617 6755 6625
f 6598 6597 6756
f 6615 6757 6616
f 6617 6616 6755
f 6611 6610 6758
f 6757 6620 6619
f 6615 6620 6757
f 6609 6618 6610
f 6619 6618 6609
f 6612 6611 6758
f 6613 6612 6758
f 6614 6605 6604
f 6605 6614 6613
f 6603 6608 6759
f 6759 6604 6603
f 6608 6607 6759
f 6756 6606 6598
f 6607 6606 6756
f 6599 6601 6600
f 6600 6597 6599
f 6594 6760 6595
f 6761 6602 6601
f 6761 6593 6602
f 6591 6596 6592
f 6761 6591 6593
f 6592 6596 6595
f 6585 6760 6586
f 6760 6594 6586
f 6589 6588 6587
f 6588 6585 6587
f 6762 6581 6590
f 6762 6590 6589
f 6584 6580 6579
f 6762 6579 6581
f 6582 6763 6583
f 6568 6567 6570
f 6763 6582 6574
f 6570 6567 6571
f 6576 6573 6575
f 6573 6763 6574
f 6577 6576 6575
f 6569 6568 6578
f 6569 6578 6577
f 6764 6562 6561
f 6565 6572 6571
f 6566 6561 6563
f 6566 6563 6564
f 6572 6565 6564
f 6765 6766 6767
f 6768 6769 6770
f 6771 6772 6773
f 6774 6775 6776
f 6777 6778 6779
f 6780 6781 6782
f 6783 6784 6785
f 6786 6787 6788
f 6789 6790 6791
f 6792 6793 6794
f 6795 6796 6797
f 6798 6799 6800
f 6801 6802 6803
f 6804 6805 6806
f 6807 6808 6809
f 6810 6811 6812
f 6813 6814 6815
f 6816 6817 6818
f 6819 6820 6821
f 6822 6823 6824
f 6825 6826 6827
f 6828 6829 6830
f 6831 6832 6833
f 6834 6835 6836
f 6837 6838 6839
f 6840 6841 6842
f 6843 6844 6845
f 6846 6847 6848
f 6849 6850 6851
f 6852 6853 6854
f 6855 6856 6857
f 6858 6859 6860
f 6861 6862 6863
f 6864 6865 6866
f 6867 6868 6866
f 6869 6870 6871
f 6872 6873 6874
f 6875 6876 6877
f 6871 6878 6879
f 6880 6881 6882
f 6883 6884 6877
f 6885 6886 6887
f 6885 6888 6881
f 6889 6890 6891
f 6891 6892 6893
f 6894 6895 6896
f 6896 6890 6897
f 6898 6899 6900
f 6900 6895 6901
f 6902 6903 6904
f 6905 6899 6906
f 6902 6907 6908
f 6908 6903 6902
f 6909 6907 6910
f 6907 6909 6908
f 6911 6912 6910
f 6909 6910 6912
f 6911 6913 6914
f 6914 6912 6911
f 6915 6913 6916
f 6913 6915 6914
f 6917 6918 6916
f 6915 6916 6918
f 6917 6919 6920
f 6920 6918 6917
f 6921 6919 6922
f 6919 6921 6920
f 6923 6924 6922
f 6921 6922 6924
f 6923 6925 6926
f 6926 6924 6923
f 6927 6925 6928
f 6925 6927 6926
f 6929 6930 6928
f 6927 6928 6930
f 6929 6931 6932
f 6932 6930 6929
f 6933 6931 6934
f 6931 6933 6932
f 6935 6936 6934
f 6933 6934 6936
f 6935 6937 6938
f 6938 6936 6935
f 6939 6937 6940
f 6937 6939 6938
f 6941 6942 6940
f 6939 6940 6942
f 6941 6943 6944
f 6944 6942 6941
f 6945 6943 6946
f 6943 6945 6944
f 6947 6948 6946
f 6945 6946 6948
f 6947 6949 6950
f 6950 6948 6947
f 6951 6949 6952
f 6949 6951 6950
f 6953 6954 6952
f 6951 6952 6954
f 6953 6955 6956
f 6956 6954 6953
f 6903 6905 6904
f 6904 6905 6906
f 6906 6899 6898
f 6900 6901 6898
f 6892 6886 6893
f 6896 6897 6894
f 6901 6895 6894
f 6891 6893 6889
f 6897 6890 6889
f 6879 6869 6871
f 6886 6892 6887
f 6884 6880 6882
f 6885 6887 6888
f 6888 6882 6881
f 6883 6880 6884
f 6883 6877 6876
f 6879 6878 6875
f 6878 6876 6875
f 6870 6874 6873
f 6874 6870 6869
f 6872 6864 6873
f 6872 6865 6864
f 6859 6858 6868
f 6859 6868 6867
f 6865 6867 6866
f 6860 6861 6858
f 6856 6853 6852
f 6861 6860 6862
f 6855 6846 6848
f 6853 6863 6854
f 6863 6862 6854
f 6855 6857 6846
f 6857 6856 6852
f 6836 6845 6957
f 6851 6848 6847
f 6841 6850 6849
f 6847 6849 6851
f 6842 6843 6840
f 6850 6841 6840
f 6844 6957 6845
f 6843 6842 6844
f 6810 6812 6958
f 6839 6835 6834
f 6834 6836 6957
f 6839 6838 6835
f 6832 6824 6833
f 6959 6837 6829
f 6837 6959 6838
f 6959 6829 6828
f 6831 6830 6832
f 6828 6830 6831
f 6823 6822 6960
f 6823 6833 6824
f 6827 6826 6960
f 6827 6960 6822
f 6813 6805 6961
f 6962 6825 6817
f 6825 6962 6826
f 6962 6817 6816
f 6819 6818 6820
f 6816 6818 6819
f 6812 6821 6958
f 6821 6820 6958
f 6810 6815 6811
f 6961 6814 6813
f 6815 6814 6811
f 6805 6804 6961
f 6963 6806 6808
f 6804 6806 6963
f 6807 6809 6800
f 6807 6963 6808
f 6964 6787 6786
f 6799 6798 6965
f 6798 6800 6809
f 6802 6801 6793
f 6965 6801 6803
f 6965 6803 6799
f 6802 6793 6792
f 6794 6966 6792
f 6796 6795 6966
f 6966 6794 6796
f 6788 6795 6797
f 6786 6788 6797
f 6964 6791 6787
f 6964 6789 6791
f 6790 6781 6780
f 6789 6781 6790
f 6784 6967 6782
f 6780 6782 6967
f 6783 6785 6776
f 6783 6967 6784
f 6779 6775 6774
f 6774 6776 6785
f 6768 6778 6777
f 6779 6778 6775
f 6771 6770 6769
f 6777 6769 6768
f 6767 6968 6765
f 6773 6772 6766
f 6770 6771 6773
f 6766 6772 6767
f 6969 6970 6971
f 6972 6973 6974
f 6975 6976 6977
f 6978 6979 6980
f 6981 6982 6983
f 6984 6985 6986
f 6987 6988 6989
f 6990 6991 6992
f 6993 6994 6995
f 6996 6997 6998
f 6999 7000 7001
f 7002 7003 7004
f 7005 7006 7007
f 7008 7009 7010
f 7011 7012 7013
f 7014 7015 7016
f 7017 7018 7019
f 7020 7021 7022
f 7023 7024 7025
f 7026 7027 7028
f 7029 7030 7031
f 7032 7033 7034
f 7035 7036 7037
f 7038 7039 7040
f 7041 7042 7043
f 7044 7045 7046
f 7047 7048 7049
f 7050 7051 7052
f 7053 7054 7055
f 7056 7057 7058
f 7059 7060 7061
f 7062 7063 7064
f 7065 7066 7067
f 7068 7069 7070
f 7071 7072 7073
f 7067 7074 7075
f 7076 7077 7078
f 7076 7079 7080
f 7081 7082 7083
f 7083 7084 7085
f 7086 7087 7088
f 7089 7090 7088
f 7091 7092 7093
f 7094 7086 7095
f 7096 7097 7098
f 7091 7099 7097
f 7100 7101 7102
f 7096 7103 7101
f 7104 7105 7106
f 7100 7107 7105
f 7108 7109 7110
f 7111 7110 7109
f 7112 7113 7108
f 7108 7110 7112
f 7113 7114 7115
f 7114 7113 7112
f 7116 7115 7117
f 7114 7117 7115
f 7118 7119 7116
f 7116 7117 7118
f 7119 7120 7121
f 7120 7119 7118
f 7122 7121 7123
f 7120 7123 7121
f 7124 7125 7122
f 7122 7123 7124
f 7125 7126 7127
f 7126 7125 7124
f 7128 7127 7129
f 7126 7129 7127
f 7130 7131 7128
f 7128 7129 7130
f 7131 7132 7133
f 7132 7131 7130
f 7134 7133 7135
f 7132 7135 7133
f 7136 7137 7134
f 7134 7135 7136
f 7137 7138 7139
f 7138 7137 7136
f 7140 7139 7141
f 7138 7141 7139
f 7142 7143 7140
f 7140 7141 7142
f 7143 7144 7145
f 7144 7143 7142
f 7146 7145 7147
f 7144 7147 7145
f 7148 7149 7146
f 7146 7147 7148
f 7149 7150 7151
f 7150 7149 7148
f 7152 7151 7153
f 7150 7153 7151
f 7154 7155 7152
f 7152 7153 7154
f 7155 7156 7157
f 7156 7155 7154
f 7158 7157 7159
f 7156 7159 7157
f 7104 7111 7109
f 7158 7159 7160
f 7111 7104 7106
f 7106 7105 7107
f 7101 7103 7102
f 7100 7102 7107
f 7093 7092 7095
f 7098 7103 7096
f 7091 7093 7099
f 7098 7097 7099
f 7095 7092 7094
f 7094 7087 7086
f 7079 7073 7080
f 7089 7082 7090
f 7088 7087 7089
f 7085 7081 7083
f 7081 7090 7082
f 7085 7084 7077
f 7076 7078 7079
f 7078 7077 7084
f 7074 7072 7071
f 7073 7072 7080
f 7066 7065 7070
f 7065 7067 7075
f 7071 7075 7074
f 7068 7059 7069
f 7066 7070 7069
f 7061 7062 7064
f 7060 7062 7061
f 7059 7068 7060
f 7064 7063 7054
f 7056 7053 7057
f 7053 7055 7057
f 7055 7054 7063
f 7052 7051 7048
f 7056 7058 7049
f 7052 7048 7047
f 7058 7047 7049
f 7041 7050 7042
f 7051 7050 7041
f 7044 7043 7161
f 7043 7042 7161
f 7034 7031 7032
f 7046 7045 7037
f 7045 7044 7161
f 7035 7162 7036
f 7037 7036 7046
f 7029 7039 7038
f 7162 7040 7039
f 7035 7040 7162
f 6992 6991 6988
f 7030 7032 7031
f 7029 7038 7030
f 7034 7033 7163
f 7025 7163 7033
f 7006 7005 7164
f 7023 7165 7024
f 7025 7024 7163
f 7019 7018 7166
f 7165 7028 7027
f 7023 7028 7165
f 7017 7026 7018
f 7027 7026 7017
f 7020 7019 7166
f 7021 7020 7166
f 7022 7013 7012
f 7013 7022 7021
f 7011 7016 7167
f 7167 7012 7011
f 7016 7015 7167
f 7164 7014 7006
f 7015 7014 7164
f 7007 7009 7008
f 7008 7005 7007
f 7002 7168 7003
f 7169 7010 7009
f 7169 7001 7010
f 6999 7004 7000
f 7169 6999 7001
f 7000 7004 7003
f 6993 7168 6994
f 7168 7002 6994
f 6997 6996 6995
f 6996 6993 6995
f 7170 6989 6998
f 7170 6998 6997
f 6992 6988 6987
f 7170 6987 6989
f 6990 7171 6991
f 6976 6975 6978
f 7171 6990 6982
f 6978 6975 6979
f 6984 6981 6983
f 6981 7171 6982
f 6985 6984 6983
f 6977 6976 6986
f 6977 6986 6985
f 7172 6970 6969
f 6973 6980 6979
f 6974 6969 6971
f 6974 6971 6972
f 6980 6973 6972
f 7173 7174 7175
f 7176 7177 7178
f 7179 7180 7181
f 7182 7183 7184
f 7185 7186 7187
f 7188 7189 7190
f 7191 7192 7193
f 7194 7195 7196
f 7197 7198 7199
f 7200 7201 7202
f 7203 7204 7205
f 7206 7207 7208
f 7209 7210 7211
f 7212 7213 7214
f 7215 7216 7217
f 7218 7219 7220
f 7221 7222 7223
f 7224 7225 7226
f 7227 7228 7229
f 7230 7231 7232
f 7233 7234 7235
f 7236 7237 7238
f 7239 7240 7241
f 7242 7243 7244
f 7245 7246 7247
f 7248 7249 7250
f 7251 7252 7253
f 7254 7255 7256
f 7257 7258 7259
f 7260 7261 7262
f 7263 7264 7265
f 7266 7267 7268
f 7269 7270 7271
f 7272 7273 7274
f 7275 7276 7274
f 7277 7278 7279
f 7280 7281 7282
f 7283 7284 7285
f 7279 7286 7287
f 7288 7289 7290
f 7291 7292 7285
f 7293 7294 7295
f 7293 7296 7289
f 7297 7298 7299
f 7299 7300 7301
f 7302 7303 7304
f 7304 7298 7305
f 7306 7307 7308
f 7308 7303 7309
f 7310 7311 7312
f 7313 7307 7314
f 7310 7315 7316
f 7316 7311 7310
f 7317 7315 7318
f 7315 7317 7316
f 7319 7320 7318
f 7317 7318 7320
f 7319 7321 7322
f 7322 7320 7319
f 7323 7321 7324
f 7321 7323 7322
f 7325 7326 7324
f 7323 7324 7326
f 7325 7327 7328
f 7328 7326 7325
f 7329 7327 7330
f 7327 7329 7328
f 7331 7332 7330
f 7329 7330 7332
f 7331 7333 7334
f 7334 7332 7331
f 7335 7333 7336
f 7333 7335 7334
f 7337 7338 7336
f 7335 7336 7338
f 7337 7339 7340
f 7340 7338 7337
f 7341 7339 7342
f 7339 7341 7340
f 7343 7344 7342
f 7341 7342 7344
f 7343 7345 7346
f 7346 7344 7343
f 7347 7345 7348
f 7345 7347 7346
f 7349 7350 7348
f 7347 7348 7350
f 7349 7351 7352
f 7352 7350 7349
f 7353 7351 7354
f 7351 7353 7352
f 7355 7356 7354
f 7353 7354 7356
f 7355 7357 7358
f 7358 7356 7355
f 7359 7357 7360
f 7357 7359 7358
f 7361 7362 7360
f 7359 7360 7362
f 7361 7363 7364
f 7364 7362 7361
f 7311 7313 7312
f 7312 7313 7314
f 7314 7307 7306
f 7308 7309 7306
f 7300 7294 7301
f 7304 7305 7302
f 7309 7303 7302
f 7299 7301 7297
f 7305 7298 7297
f 7287 7277 7279
f 7294 7300 7295
f 7292 7288 7290
f 7293 7295 7296
f 7296 7290 7289
f 7291 7288 7292
f 7291 7285 7284
f 7287 7286 7283
f 7286 7284 7283
f 7278 7282 7281
f 7282 7278 7277
f 7280 7272 7281
f 7280 7273 7272
f 7267 7266 7276
f 7267 7276 7275
f 7273 7275 7274
f 7268 7269 7266
f 7264 7261 7260
f 7269 7268 7270
f 7263 7254 7256
f 7261 7271 7262
f 7271 7270 7262
f 7263 7265 7254
f 7265 7264 7260
f 7244 7253 7365
f 7259 7256 7255
f 7249 7258 7257
f 7255 7257 7259
f 7250 7251 7248
f 7258 7249 7248
f 7252 7365 7253
f 7251 7250 7252
f 7218 7220 7366
f 7247 7243 7242
f 7242 7244 7365
f 7247 7246 7243
f 7240 7232 7241
f 7367 7245 7237
f 7245 7367 7246
f 7367 7237 7236
f 7239 7238 7240
f 7236 7238 7239
f 7231 7230 7368
f 7231 7241 7232
f 7235 7234 7368
f 7235 7368 7230
f 7221 7213 7369
f 7370 7233 7225
f 7233 7370 7234
f 7370 7225 7224
f 7227 7226 7228
f 7224 7226 7227
f 7220 7229 7366
f 7229 7228 7366
f 7218 7223 7219
f 7369 7222 7221
f 7223 7222 7219
f 7213 7212 7369
f 7371 7214 7216
f 7212 7214 7371
f 7215 7217 7208
f 7215 7371 7216
f 7372 7195 7194
f 7207 7206 7373
f 7206 7208 7217
f 7210 7209 7201
f 7373 7209 7211
f 7373 7211 7207
f 7210 7201 7200
f 7202 7374 7200
f 7204 7203 7374
f 7374 7202 7204
f 7196 7203 7205
f 7194 7196 7205
f 7372 7199 7195
f 7372 7197 7199
f 7198 7189 7188
f 7197 7189 7198
f 7192 7375 7190
f 7188 7190 7375
f 7191 7193 7184
f 7191 7375 7192
f 7187 7183 7182
f 7182 7184 7193
f 7176 7186 7185
f 7187 7186 7183
f 7179 7178 7177
f 7185 7177 7176
f 7175 7376 7173
f 7181 7180 7174
f 7178 7179 7181
f 7174 7180 7175
f 7377 7378 7379
f 7379 7380 7377
f 7381 7382 7383
f 7382 7384 7385
f 7386 7387 7388
f 7389 7390 7391
f 7387 7390 7389
f 7392 7393 7391
f 7394 7395 7396
f 7397 7398 7394
f 7399 7400 7401
f 7401 7396 7395
f 7402 7403 7404
f 7400 7399 7402
f 7405 7406 7407
f 7406 7404 7407
f 7408 7409 7410
f 7411 7412 7413
f 7414 7415 7416
f 7415 7417 7416
f 7418 7419 7420
f 7421 7420 7419
f 7422 7423 7424
f 7425 7426 7427
f 7426 7428 7427
f 7429 7425 7430
f 7431 7429 7432
f 7433 7434 7435
f 7435 7436 7433
f 7437 7434 7438
f 7433 7438 7434
f 7437 7439 7440
f 7439 7437 7438
f 7441 7442 7440
f 7440 7439 7441
f 7443 7442 7441
f 7443 7441 7444
f 7443 7444 7445
f 7444 7446 7445
f 7445 7446 7447
f 7446 7448 7447
f 7448 7449 7447
f 7450 7449 7448
f 7451 7449 7450
f 7451 7452 7453
f 7452 7451 7450
f 7453 7454 7455
f 7454 7453 7452
f 7455 7454 7456
f 7457 7378 7377
f 7435 7431 7436
f 7431 7432 7436
f 7429 7430 7432
f 7427 7430 7425
f 7423 7428 7426
f 7423 7422 7428
f 7422 7424 7421
f 7421 7424 7420
f 7418 7458 7419
f 7418 7459 7458
f 7458 7459 7414
f 7414 7459 7415
f 7416 7417 7460
f 7417 7411 7460
f 7411 7413 7460
f 7412 7411 7461
f 7462 7408 7412
f 7412 7461 7462
f 7409 7408 7462
f 7409 7463 7405
f 7409 7405 7410
f 7463 7406 7405
f 7407 7404 7403
f 7402 7399 7403
f 7396 7401 7400
f 7394 7398 7395
f 7397 7393 7392
f 7397 7392 7398
f 7389 7391 7393
f 7464 7386 7388
f 7390 7387 7386
f 7388 7384 7464
f 7388 7385 7384
f 7384 7382 7381
f 7465 7381 7383
f 7465 7383 7466
f 7380 7467 7466
f 7466 7467 7465
f 7467 7380 7379
f 7468 7469 7470
f 7471 7470 7469
f 7472 7473 7474
f 7475 7476 7477
f 7474 7477 7472
f 7478 7479 7480
f 7481 7480 7482
f 7483 7484 7485
f 7479 7478 7484
f 7486 7487 7488
f 7489 7487 7486
f 7490 7491 7492
f 7490 7492 7488
f 7493 7494 7495
f 7496 7497 7498
f 7497 7499 7498
f 7498 7500 7496
f 7501 7502 7503
f 7504 7505 7506
f 7507 7505 7508
f 7509 7510 7507
f 7511 7509 7512
f 7513 7514 7511
f 7515 7514 7513
f 7516 7514 7515
f 7516 7515 7517
f 7516 7517 7518
f 7518 7517 7519
f 7518 7519 7520
f 7519 7521 7520
f 7521 7522 7520
f 7523 7522 7521
f 7524 7522 7523
f 7524 7523 7525
f 7524 7525 7526
f 7527 7525 7528
f 7525 7527 7526
f 7528 7529 7530
f 7530 7527 7528
f 7530 7529 7531
f 7529 7532 7531
f 7531 7532 7533
f 7531 7533 7534
f 7535 7533 7536
f 7533 7535 7534
f 7536 7537 7538
f 7538 7535 7536
f 7511 7539 7513
f 7511 7512 7539
f 7509 7507 7512
f 7507 7510 7505
f 7505 7504 7508
f 7504 7506 7540
f 7541 7540 7506
f 7542 7543 7502
f 7541 7503 7540
f 7541 7501 7503
f 7501 7542 7502
f 7543 7542 7544
f 7500 7543 7544
f 7544 7496 7500
f 7545 7499 7497
f 7545 7546 7499
f 7546 7545 7547
f 7548 7546 7547
f 7549 7548 7547
f 7495 7494 7550
f 7493 7548 7549
f 7549 7551 7493
f 7551 7494 7493
f 7550 7494 7491
f 7490 7550 7491
f 7486 7488 7492
f 7552 7487 7489
f 7485 7552 7553
f 7552 7489 7553
f 7553 7483 7485
f 7483 7479 7484
f 7481 7478 7480
f 7482 7476 7554
f 7482 7554 7481
f 7475 7554 7476
f 7474 7475 7477
f 7473 7472 7555
f 7555 7556 7473
f 7555 7471 7556
f 7469 7556 7471
f 7468 7470 7557
f 7558 7559 7560
f 7561 7562 7563
f 7564 7565 7566
f 7567 7568 7569
f 7570 7567 7571
f 7572 7573 7574
f 7575 7576 7577
f 7578 7579 7580
f 7581 7582 7583
f 7584 7585 7586
f 7587 7588 7589
f 7590 7591 7592
f 7593 7594 7595
f 7595 7596 7559
f 7597 7598 7599
f 7600 7601 7602
f 7603 7604 7605
f 7606 7607 7603
f 7608 7609 7610
f 7611 7612 7613
f 7614 7615 7616
f 7617 7618 7619
f 7620 7621 7622
f 7623 7621 7624
f 7625 7626 7627
f 7628 7629 7630
f 7631 7632 7633
f 7634 7635 7636
f 7637 7638 7639
f 7640 7626 7641
f 7642 7640 7643
f 7644 7645 7646
f 7638 7647 7648
f 7649 7650 7651
f 7651 7642 7652
f 7653 7636 7654
f 7655 7656 7657
f 7658 7617 7659
f 7660 7646 7661
f 7662 7663 7627
f 7664 7662 7665
f 7637 7666 7665
f 7653 7667 7647
f 7668 7634 7645
f 7669 7629 7670
f 7661 7657 7671
f 7672 7669 7673
f 7674 7655 7672
f 7630 7631 7675
f 7676 7622 7650
f 7677 7659 7623
f 7678 7632 7679
f 7680 7616 7681
f 7682 7679 7615
f 7681 7610 7683
f 7684 7619 7685
f 7686 7687 7611
f 7686 7684 7688
f 7689 7690 7691
f 7689 7692 7608
f 7693 7604 7613
f 7694 7690 7695
f 7600 7602 7696
f 7600 7696 7695
f 7697 7698 7699
f 7700 7607 7701
f 7697 7702 7703
f 7703 7704 7705
f 7706 7599 7705
f 7593 7598 7707
f 7708 7709 7558
f 7710 7587 7709
f 7589 7711 7592
f 7584 7712 7713
f 7712 7591 7714
f 7715 7716 7717
f 7718 7717 7586
f 7719 7578 7716
f 7720 7581 7580
f 7721 7577 7722
f 7723 7722 7583
f 7724 7725 7726
f 7725 7576 7727
f 7728 7729 7724
f 7730 7731 7729
f 7573 7731 7732
f 7733 7734 7572
f 7734 7735 7736
f 7737 7738 7739
f 7738 7736 7740
f 7737 7741 7571
f 7742 7743 7744
f 7745 7744 7569
f 7746 7743 7747
f 7748 7746 7749
f 7750 7751 7752
f 7748 7753 7751
f 7750 7754 7755
f 7756 7566 7755
f 7757 7758 7561
f 7759 7757 7565
f 7601 7760 7761
f 7700 7762 7698
f 7695 7696 7694
f 7690 7694 7691
f 7689 7691 7692
f 7608 7692 7609
f 7610 7609 7683
f 7681 7683 7680
f 7616 7680 7614
f 7615 7614 7682
f 7679 7682 7678
f 7632 7678 7633
f 7631 7633 7675
f 7630 7675 7628
f 7629 7628 7670
f 7669 7670 7673
f 7672 7673 7674
f 7655 7674 7656
f 7657 7656 7671
f 7661 7671 7660
f 7646 7660 7644
f 7645 7644 7668
f 7634 7668 7635
f 7636 7635 7654
f 7653 7654 7667
f 7647 7667 7648
f 7638 7648 7639
f 7637 7639 7666
f 7665 7666 7664
f 7662 7664 7663
f 7627 7663 7625
f 7626 7625 7641
f 7640 7641 7643
f 7642 7643 7652
f 7651 7652 7649
f 7650 7649 7676
f 7622 7676 7620
f 7621 7620 7624
f 7623 7624 7677
f 7659 7677 7658
f 7617 7658 7618
f 7619 7618 7685
f 7684 7685 7688
f 7686 7688 7687
f 7611 7687 7612
f 7613 7612 7693
f 7604 7693 7605
f 7603 7605 7606
f 7607 7606 7701
f 7700 7701 7762
f 7698 7762 7699
f 7697 7699 7702
f 7703 7702 7704
f 7705 7704 7706
f 7599 7706 7597
f 7598 7597 7707
f 7593 7707 7594
f 7595 7594 7596
f 7559 7596 7560
f 7558 7560 7708
f 7709 7708 7710
f 7587 7710 7588
f 7589 7588 7711
f 7592 7711 7590
f 7591 7590 7714
f 7712 7714 7713
f 7584 7713 7585
f 7586 7585 7718
f 7717 7718 7715
f 7716 7715 7719
f 7578 7719 7579
f 7580 7579 7720
f 7581 7720 7582
f 7583 7582 7723
f 7722 7723 7721
f 7577 7721 7575
f 7576 7575 7727
f 7725 7727 7726
f 7724 7726 7728
f 7729 7728 7730
f 7731 7730 7732
f 7573 7732 7574
f 7572 7574 7733
f 7734 7733 7735
f 7736 7735 7740
f 7738 7740 7739
f 7737 7739 7741
f 7571 7741 7570
f 7567 7570 7568
f 7569 7568 7745
f 7744 7745 7742
f 7743 7742 7747
f 7746 7747 7749
f 7748 7749 7753
f 7751 7753 7752
f 7750 7752 7754
f 7755 7754 7756
f 7566 7756 7564
f 7565 7564 7759
f 7757 7759 7758
f 7561 7758 7562
f 7563 7562 7763
f 7764 7763 7765
f 7563 7763 7764
f 7766 7765 7767
f 7764 7765 7766
f 7768 7767 7769
f 7766 7767 7768
f 7770 7769 7771
f 7768 7769 7770
f 7772 7771 7773
f 7770 7771 7772
f 7774 7773 7775
f 7772 7773 7774
f 7776 7775 7777
f 7774 7775 7776
f 7778 7777 7779
f 7776 7777 7778
f 7780 7779 7781
f 7778 7779 7780
f 7782 7781 7783
f 7780 7781 7782
f 7784 7783 7785
f 7782 7783 7784
f 7786 7785 7787
f 7784 7785 7786
f 7788 7787 7789
f 7786 7787 7788
f 7790 7789 7791
f 7788 7789 7790
f 7792 7791 7793
f 7790 7791 7792
f 7794 7793 7795
f 7792 7793 7794
f 7796 7795 7797
f 7794 7795 7796
f 7798 7797 7799
f 7796 7797 7798
f 7800 7799 7801
f 7798 7799 7800
f 7802 7801 7803
f 7800 7801 7802
f 7804 7803 7805
f 7802 7803 7804
f 7806 7805 7807
f 7804 7805 7806
f 7808 7807 7809
f 7806 7807 7808
f 7810 7809 7811
f 7808 7809 7810
f 7812 7811 7813
f 7810 7811 7812
f 7814 7813 7815
f 7812 7813 7814
f 7816 7815 7817
f 7814 7815 7816
f 7818 7817 7819
f 7816 7817 7818
f 7820 7819 7821
f 7818 7819 7820
f 7822 7821 7823
f 7820 7821 7822
f 7824 7823 7825
f 7822 7823 7824
f 7826 7825 7827
f 7824 7825 7826
f 7828 7827 7829
f 7826 7827 7828
f 7830 7829 7831
f 7828 7829 7830
f 7832 7831 7833
f 7830 7831 7832
f 7834 7833 7835
f 7832 7833 7834
f 7836 7835 7837
f 7834 7835 7836
f 7838 7837 7839
f 7836 7837 7838
f 7840 7839 7841
f 7838 7839 7840
f 7842 7841 7843
f 7840 7841 7842
f 7844 7843 7845
f 7842 7843 7844
f 7846 7845 7847
f 7844 7845 7846
f 7848 7847 7849
f 7846 7847 7848
f 7850 7849 7851
f 7848 7849 7850
f 7852 7851 7853
f 7850 7851 7852
f 7854 7853 7855
f 7852 7853 7854
f 7856 7855 7857
f 7854 7855 7856
f 7858 7857 7859
f 7856 7857 7858
f 7860 7859 7861
f 7858 7859 7860
f 7862 7861 7863
f 7860 7861 7862
f 7864 7863 7865
f 7862 7863 7864
f 7866 7865 7867
f 7864 7865 7866
f 7868 7867 7869
f 7866 7867 7868
f 7870 7869 7871
f 7868 7869 7870
f 7872 7871 7873
f 7870 7871 7872
f 7874 7873 7875
f 7872 7873 7874
f 7876 7875 7877
f 7874 7875 7876
f 7878 7877 7879
f 7876 7877 7878
f 7880 7879 7881
f 7878 7879 7880
f 7882 7881 7883
f 7880 7881 7882
f 7884 7883 7885
f 7882 7883 7884
f 7886 7885 7887
f 7884 7885 7886
f 7888 7887 7889
f 7886 7887 7888
f 7890 7889 7891
f 7888 7889 7890
f 7892 7891 7893
f 7890 7891 7892
f 7894 7893 7895
f 7892 7893 7894
f 7896 7895 7897
f 7894 7895 7896
f 7898 7897 7899
f 7896 7897 7898
f 7900 7899 7901
f 7898 7899 7900
f 7902 7901 7903
f 7900 7901 7902
f 7904 7903 7905
f 7902 7903 7904
f 7906 7905 7907
f 7904 7905 7906
f 7908 7907 7909
f 7906 7907 7908
f 7910 7909 7911
f 7908 7909 7910
f 7912 7911 7913
f 7910 7911 7912
f 7914 7913 7915
f 7912 7913 7914
f 7916 7915 7917
f 7914 7915 7916
f 7918 7917 7919
f 7916 7917 7918
f 7920 7919 7921
f 7918 7919 7920
f 7922 7921 7923
f 7920 7921 7922
f 7924 7923 7925
f 7922 7923 7924
f 7926 7925 7927
f 7924 7925 7926
f 7928 7927 7929
f 7926 7927 7928
f 7930 7929 7931
f 7928 7929 7930
f 7932 7931 7933
f 7930 7931 7932
f 7934 7933 7935
f 7932 7933 7934
f 7936 7935 7937
f 7934 7935 7936
f 7938 7937 7939
f 7936 7937 7938
f 7940 7939 7941
f 7938 7939 7940
f 7942 7941 7943
f 7940 7941 7942
f 7944 7943 7945
f 7942 7943 7944
f 7946 7945 7947
f 7944 7945 7946
f 7948 7947 7949
f 7946 7947 7948
f 7950 7949 7951
f 7948 7949 7950
f 7952 7951 7953
f 7950 7951 7952
f 7954 7953 7955
f 7952 7953 7954
f 7956 7955 7957
f 7954 7955 7956
f 7958 7957 7959
f 7956 7957 7958
f 7960 7959 7961
f 7958 7959 7960
f 7960 7961 7760
f 7601 7761 7602
f 7760 7961 7761
f 7962 7963 7964
f 7965 7966 7962
f 7967 7964 7963
f 7963 7968 7969
f 7970 7971 7972
f 7972 7973 7970
f 7974 7975 7976
f 7977 7978 7979
f 7980 7981 7982
f 7983 7984 7985
f 7986 7987 7988
f 7989 7990 7991
f 7992 7993 7994
f 7995 7996 7997
f 7998 7999 8000
f 8001 8002 8003
f 8002 8001 8004
f 8005 8006 8007
f 8008 8009 8010
f 8009 8011 8006
f 8012 8013 8014
f 8015 8016 8017
f 8018 8019 8020
f 8019 8021 8022
f 8023 8024 8025
f 8023 8020 8019
f 8026 8027 8024
f 8028 8029 8030
f 8031 8032 8033
f 8034 8031 8035
f 8036 8037 8038
f 8037 8039 8033
f 8040 8038 8041
f 8041 8042 8040
f 8043 8044 8042
f 8043 8045 8044
f 8045 8043 8046
f 8046 8047 8048
f 8049 8047 8050
f 8051 8050 8052
f 8053 8054 8055
f 8053 8056 8057
f 8054 8053 8057
f 8053 8058 8056
f 8056 8058 8059
f 8060 8059 8058
f 8061 8060 8058
f 8060 8061 8062
f 8063 8064 8065
f 8062 8061 8066
f 8067 8068 8065
f 8069 8068 8067
f 8068 8069 8066
f 8055 8070 8053
f 8047 8049 8048
f 8037 8036 8039
f 8041 8038 8037
f 8031 8033 8035
f 8028 8031 8034
f 8029 8028 8034
f 8028 8030 8027
f 8071 8025 8024
f 8027 8072 8024
f 8023 8025 8020
f 8072 8071 8024
f 8018 8021 8019
f 8073 8008 8010
f 8022 8074 8017
f 8075 8015 8017
f 8017 8074 8075
f 8013 8012 8016
f 8010 8012 8073
f 8073 8012 8014
f 8005 8007 8076
f 8010 8009 8006
f 8011 8007 8006
f 8076 8077 8005
f 8001 8003 8077
f 8003 8005 8077
f 8078 8002 8004
f 8078 8079 8002
f 8080 7999 8079
f 7999 8080 8081
f 8081 8000 7999
f 7996 7998 8082
f 7996 7995 8083
f 7996 8082 7997
f 8083 8084 8085
f 8084 8086 8085
f 8086 7993 8085
f 7990 7992 7994
f 7992 8085 7993
f 7989 8087 7990
f 7990 7994 7991
f 7987 8088 8089
f 8087 8090 8088
f 7987 7986 8088
f 8090 8089 8088
f 7986 7988 8091
f 8092 7984 8091
f 7984 8092 7985
f 7981 7983 7982
f 7984 7983 7981
f 7980 7976 7975
f 7980 7975 8093
f 7974 7979 7975
f 7979 7978 8094
f 7977 8095 7978
f 7978 8095 8096
f 7973 8097 8096
f 8098 7972 7971
f 7968 8099 8100
f 7969 7968 8101
f 8101 7968 8100
f 7967 7963 7969
f 7964 8102 7962
f 8103 7962 8104
f 8104 7962 8102
f 8103 8105 7962
f 8103 8106 8105
f 8105 8106 8107
f 8108 8107 8109
f 7968 7963 8110
f 8111 8098 8099
f 8112 7973 7972
f 8099 7968 8111
f 8111 7972 8098
f 7975 8113 8093
f 8112 8097 7973
f 8096 8097 7978
f 8094 7975 7979
f 7986 8091 8114
f 8093 7981 7980
f 7990 8087 8115
f 7999 7998 8116
f 8002 8079 8117
f 8019 8022 8118
f 8026 8028 8027
f 8119 8042 8041
f 8032 8037 8033
f 8120 8046 8043
f 8119 8043 8042
f 8052 8050 8047
f 8058 8121 8122
f 8120 8047 8046
f 8052 8070 8051
f 8061 8058 8123
f 8061 8068 8066
f 8065 8124 8063
f 8067 8065 8064
f 8108 8105 8107
f 7965 7962 8105
f 7963 7966 8110
f 7966 7963 7962
f 7968 8110 8125
f 7984 8114 8091
f 8088 8115 8087
f 8083 8126 7996
f 8085 8126 8083
f 7996 8116 7998
f 7999 8117 8079
f 8016 8127 8017
f 8012 8127 8016
f 8017 8118 8022
f 8052 8128 8129
f 8070 8129 8053
f 8070 8052 8129
f 8058 8122 8123
f 8068 8061 8130
f 8065 8068 8131
f 8105 8108 7965
f 8094 8113 7975
f 8115 8132 7990
f 8116 8133 7999
f 8017 8134 8118
f 8135 8136 8028
f 8037 8032 8137
f 8131 8124 8065
f 8138 8117 7999
f 8139 8002 8117
f 8140 8003 8002
f 8141 8019 8118
f 8053 8142 8121
f 8142 8053 8129
f 8121 8058 8053
f 8068 8130 8143
f 8068 8143 8131
f 8144 8124 8131
f 7968 8145 8111
f 8145 7968 8125
f 8094 8146 8113
f 8146 8094 7978
f 8026 8135 8028
f 8026 8024 8135
f 8147 8130 8061
f 7965 8148 7966
f 8149 8110 7966
f 8150 8125 8110
f 8110 8149 8150
f 8150 8151 8125
f 8151 8145 8125
f 8152 8111 8145
f 8153 7972 8111
f 8152 8153 8111
f 8154 8112 7972
f 8153 8154 7972
f 8155 8097 8112
f 8112 8154 8155
f 8156 7978 8097
f 8155 8156 8097
f 8156 8146 7978
f 8157 8093 8113
f 8158 7981 8093
f 8157 8158 8093
f 8159 7984 7981
f 8158 8159 7981
f 8160 8114 7984
f 8159 8160 7984
f 8161 7986 8114
f 8160 8161 8114
f 8162 8088 7986
f 8162 7986 8161
f 8163 8115 8088
f 8162 8163 8088
f 8163 8132 8115
f 8164 7992 7990
f 8132 8164 7990
f 8165 8085 7992
f 8164 8165 7992
f 8166 8126 8085
f 8166 8085 8165
f 8167 7996 8126
f 8167 8126 8166
f 8168 8116 7996
f 8167 8168 7996
f 8168 8133 8116
f 8133 8138 7999
f 8138 8139 8117
f 8139 8140 8002
f 8169 8005 8003
f 8140 8169 8003
f 8170 8006 8005
f 8169 8170 8005
f 8171 8010 8006
f 8171 8006 8170
f 8172 8012 8010
f 8172 8010 8171
f 8173 8127 8012
f 8173 8012 8172
f 8174 8017 8127
f 8173 8174 8127
f 8174 8134 8017
f 8134 8141 8118
f 8175 8023 8019
f 8141 8175 8019
f 8176 8024 8023
f 8176 8023 8175
f 8176 8135 8024
f 8177 8031 8028
f 8136 8177 8028
f 8178 8032 8031
f 8177 8178 8031
f 8178 8137 8032
f 8179 8041 8037
f 8137 8179 8037
f 8180 8119 8041
f 8179 8180 8041
f 8181 8043 8119
f 8180 8181 8119
f 8182 8120 8043
f 8181 8182 8043
f 8183 8047 8120
f 8182 8183 8120
f 8184 8052 8047
f 8183 8184 8047
f 8185 8128 8052
f 8052 8184 8185
f 8185 8129 8128
f 8186 8122 8121
f 8187 8123 8122
f 8122 8186 8187
f 8187 8061 8123
f 8187 8147 8061
f 8130 8147 8143
f 8143 8188 8131
f 8109 8189 8108
f 7965 8190 8148
f 7966 8148 8149
f 8113 8191 8157
f 8189 8190 8108
f 8108 8190 7965
f 8191 8113 8146
f 8185 8121 8142
f 8185 8142 8129
f 8147 8188 8143
f 8144 8131 8188
