# Exported from USD: /World/gantry/gantry_home/ur10_flattened/ur10_instanceable/upper_arm_link/ur10_upper_arm/ID251_001
mtllib ID251_001.mtl

g ID251_001
v 3.80424996 -0.08188884 0.32724673
v 3.80424997 -0.08535813 0.33025765
v 3.80499240 -0.08476691 0.32984889
v 3.80646166 -0.08814333 0.33295727
v 3.80646082 -0.08436404 0.33011517
v 3.80574139 -0.08455370 0.32989839
v 3.80499669 -0.08849232 0.33263779
v 3.80425020 -0.08959071 0.33331680
v 3.80499741 -0.09227870 0.33500141
v 3.80424985 -0.09349625 0.33560523
v 3.80535814 -0.09594135 0.33695948
v 3.80424997 -0.09767483 0.33763918
v 3.80536493 -0.09968309 0.33855405
v 3.80425009 -0.10333018 0.33970252
v 3.80536362 -0.10334800 0.33980444
v 3.80424973 -0.10926024 0.34114328
v 3.80537447 -0.11031715 0.34141806
v 3.80537137 -0.10687713 0.34074378
v 3.80537876 -0.11361800 0.34185138
v 3.80425021 -0.11445538 0.34181914
v 3.80538246 -0.11675070 0.34207326
v 3.80822095 -0.11900012 0.34396052
v 3.80771062 -0.11578314 0.34331342
v 3.80706414 -0.11900012 0.34282142
v 3.80499335 -0.08115415 0.32661480
v 3.80712911 -0.11506454 0.34279945
v 3.80646226 -0.11510108 0.34240478
v 3.80425008 -0.07921980 0.32452366
v 3.80501779 -0.07769288 0.32289743
v 3.80424996 -0.07636218 0.32117718
v 3.80574091 -0.07747732 0.32290155
v 3.80574163 -0.08092566 0.32663265
v 3.80533429 -0.07517181 0.31971663
v 3.80536159 -0.07362609 0.31747967
v 3.80424972 -0.07369368 0.31739670
v 3.80501266 -0.07166110 0.31413853
v 3.80424996 -0.07131453 0.31339437
v 3.80646129 -0.07726084 0.32309246
v 3.80646165 -0.07406171 0.31889158
v 3.80611463 -0.07205985 0.31538516
v 3.80500884 -0.06920494 0.30908835
v 3.80425007 -0.06911503 0.30870694
v 3.80712743 -0.07084306 0.31441969
v 3.80611737 -0.07073282 0.31297475
v 3.80499692 -0.06771414 0.30508220
v 3.80424948 -0.06729163 0.30367339
v 3.80535967 -0.06680621 0.30226630
v 3.80424983 -0.06616746 0.29919577
v 3.80533404 -0.06611408 0.29940152
v 3.80533213 -0.06558214 0.29656845
v 3.80425007 -0.06551112 0.29549927
v 3.80533189 -0.06520058 0.29369712
v 3.80424983 -0.06506814 0.29100394
v 3.80500692 -0.06494625 0.28958380
v 3.80424994 -0.06500034 0.28722859
v 3.80500609 -0.06509341 0.28371114
v 3.80425006 -0.06517719 0.28348678
v 3.80424982 -0.06573795 0.27901077
v 3.80533236 -0.06561781 0.27921420
v 3.80425006 -0.06668182 0.27458280
v 3.80533451 -0.06616054 0.27638716
v 3.80533594 -0.06684868 0.27360755
v 3.80536228 -0.06769590 0.27080369
v 3.80424946 -0.06824534 0.26946980
v 3.80501228 -0.07156004 0.26204443
v 3.80533748 -0.07370315 0.25841576
v 3.80424993 -0.07404612 0.25805420
v 3.80574350 -0.07749031 0.25308126
v 3.80501621 -0.07756706 0.25325161
v 3.80536036 -0.07524697 0.25616509
v 3.80425005 -0.08134688 0.24928641
v 3.80424993 -0.07870154 0.25203365
v 3.80499475 -0.08099981 0.24953574
v 3.80646305 -0.08438908 0.24586225
v 3.80538671 -0.08457099 0.24623478
v 3.80646162 -0.08075111 0.24913406
v 3.80424993 -0.08410431 0.24677152
v 3.80500142 -0.08652453 0.24476946
v 3.80425004 -0.08771561 0.24396885
v 3.80500273 -0.09030430 0.24217379
v 3.80425004 -0.09152506 0.24149662
v 3.80424992 -0.10111086 0.23703569
v 3.80424992 -0.09620891 0.23901552
v 3.80500213 -0.09858958 0.23791796
v 3.80500690 -0.10412137 0.23600763
v 3.80424968 -0.10925524 0.23485714
v 3.80424980 -0.10471241 0.23591817
v 3.80535344 -0.10780148 0.23505038
v 3.80501644 -0.11587695 0.23401499
v 3.80425028 -0.11520831 0.23411083
v 3.80535022 -0.11121903 0.23444367
v 3.80822078 -0.11664699 0.23208290
v 3.80822090 -0.11900012 0.23203892
v 3.80722193 -0.11900006 0.23306710
v 3.80424992 -0.11900012 0.23399973
v 3.80544714 -0.11900012 0.23386794
v 3.80498759 -0.09402619 0.24004960
v 3.80646245 -0.08817129 0.24302244
v 3.80712943 -0.08414905 0.24554706
v 3.80425005 -0.07632126 0.25490928
v 3.80611377 -0.07204942 0.26063275
v 3.80646079 -0.07408257 0.25707829
v 3.80501085 -0.06912060 0.26711232
v 3.80425005 -0.07033525 0.26456887
v 3.80424981 -0.07207529 0.26126743
v 3.80611985 -0.06950091 0.26556289
v 3.80712789 -0.06841050 0.26660025
v 3.80611770 -0.07071863 0.26305211
v 3.80611997 -0.06840314 0.26816165
v 3.80611581 -0.06497051 0.28215504
v 3.80681366 -0.06502070 0.27921194
v 3.80681056 -0.06557168 0.27632904
v 3.80646149 -0.11513595 0.23359257
v 3.80574218 -0.11514656 0.23388058
v 3.80745582 -0.10303245 0.23521102
v 3.80681077 -0.10679470 0.23468304
v 3.80611567 -0.10330789 0.23596084
v 3.80611817 -0.09962730 0.23721403
v 3.80611686 -0.09587024 0.23881066
v 3.80574266 -0.09213565 0.24088109
v 3.80574326 -0.08832727 0.24326480
v 3.80712836 -0.07698862 0.25261569
v 3.80770926 -0.07669447 0.25222170
v 3.80712955 -0.08046929 0.24885476
v 3.80574278 -0.08094399 0.24934834
v 3.80712860 -0.07375215 0.25685811
v 3.80646150 -0.07728521 0.25287801
v 3.80773288 -0.06600831 0.27174318
v 3.80681341 -0.06710647 0.27073711
v 3.80681413 -0.06626497 0.27350545
v 3.80771452 -0.06460814 0.27740675
v 3.80611688 -0.06473331 0.28507882
v 3.80611426 -0.06465571 0.28801107
v 3.80611712 -0.06473486 0.29094994
v 3.80712731 -0.06838883 0.30934667
v 3.80771310 -0.06788103 0.30938381
v 3.80686588 -0.06654023 0.30363482
v 3.80611975 -0.06841509 0.30786765
v 3.80611510 -0.06744482 0.30518621
v 3.80612023 -0.06951432 0.31046665
v 3.80574211 -0.08831320 0.33272460
v 3.80574283 -0.09211765 0.33510819
v 3.80681118 -0.11025647 0.34199157
v 3.80681059 -0.10679887 0.34131723
v 3.80424973 -0.11899988 0.34201643
v 3.80531606 -0.11900012 0.34210116
v 3.80681125 -0.11024932 0.23400897
v 3.80646292 -0.09198962 0.24063242
v 3.80771165 -0.07050730 0.26119101
v 3.80712800 -0.07087074 0.26152825
v 3.80771356 -0.06798492 0.26636618
v 3.80822092 -0.06791915 0.26514363
v 3.80822163 -0.06893580 0.26298511
v 3.80771464 -0.06378086 0.28335184
v 3.80712754 -0.06425144 0.28353274
v 3.80681331 -0.06502821 0.29683262
v 3.80681331 -0.06463166 0.29391599
v 3.80681033 -0.06557934 0.29970455
v 3.80771156 -0.07038330 0.31458318
v 3.80770965 -0.07654183 0.32359725
v 3.80712767 -0.07372405 0.31909919
v 3.80712815 -0.07695498 0.32334351
v 3.80646165 -0.08072595 0.32684058
v 3.80771669 -0.08956663 0.33494466
v 3.80821916 -0.08856158 0.33496636
v 3.80771717 -0.08568923 0.33227953
v 3.80680856 -0.09188710 0.33550516
v 3.80681082 -0.09571950 0.33749652
v 3.80680999 -0.09950666 0.33910504
v 3.80681130 -0.10320721 0.34036711
v 3.80712859 -0.11511354 0.23319686
v 3.80744914 -0.09930198 0.23649043
v 3.80745796 -0.09548579 0.23810899
v 3.80746166 -0.09163265 0.24010962
v 3.80746321 -0.08777939 0.24252516
v 3.80712742 -0.06408881 0.28945571
v 3.80822093 -0.06522615 0.30349064
v 3.80822904 -0.06480940 0.30193239
v 3.80773253 -0.06591816 0.30395841
v 3.80822571 -0.07291238 0.31974274
v 3.80822344 -0.07121198 0.31712401
v 3.80772861 -0.07324760 0.31927955
v 3.80822297 -0.07999335 0.32813054
v 3.80822380 -0.07780208 0.32587570
v 3.80772205 -0.08004726 0.32741511
v 3.80712768 -0.08043553 0.32710948
v 3.80712827 -0.08411418 0.33042291
v 3.80712851 -0.08791099 0.33327809
v 3.80822381 -0.09124909 0.33659768
v 3.80772575 -0.09337495 0.33713391
v 3.80772785 -0.10847215 0.23356676
v 3.80772165 -0.11510436 0.23270655
v 3.80772380 -0.08392821 0.24509388
v 3.80772261 -0.08023380 0.24840075
v 3.80821817 -0.07888131 0.24897414
v 3.80772834 -0.07341020 0.25648355
v 3.80822342 -0.07120480 0.25888646
v 3.80822485 -0.06461774 0.27479464
v 3.80822092 -0.06358816 0.28017700
v 3.80771453 -0.06360210 0.28936088
v 3.80771465 -0.06407492 0.29534852
v 3.80821640 -0.06592233 0.30575985
v 3.80822165 -0.06891616 0.31297320
v 3.80822261 -0.07474534 0.32225627
v 3.80823013 -0.08411209 0.33174318
v 3.80771777 -0.09807430 0.33932054
v 3.80821976 -0.09400151 0.33807355
v 3.80771550 -0.10373537 0.34127337
v 3.80772778 -0.10989157 0.34268641
v 3.80822102 -0.11352102 0.23230231
v 3.80822078 -0.11040715 0.23269689
v 3.80822054 -0.10731481 0.23326647
v 3.80822030 -0.10426055 0.23400855
v 3.80822090 -0.10200612 0.23468155
v 3.80822019 -0.09978138 0.23543596
v 3.80822090 -0.09758417 0.23629880
v 3.80822233 -0.09542058 0.23724473
v 3.80822090 -0.09331415 0.23828161
v 3.80822388 -0.09124289 0.23940456
v 3.80821912 -0.08856641 0.24102908
v 3.80822090 -0.08661614 0.24236053
v 3.80821936 -0.08471398 0.24376321
v 3.80821864 -0.08230089 0.24574304
v 3.80822091 -0.08055414 0.24733573
v 3.80822091 -0.07727213 0.25071084
v 3.80822091 -0.07572938 0.25250435
v 3.80821805 -0.07381488 0.25497198
v 3.80822091 -0.07246913 0.25691014
v 3.80822091 -0.07002114 0.26093101
v 3.80821782 -0.06698374 0.26733953
v 3.80821639 -0.06592126 0.27024245
v 3.80822092 -0.06522615 0.27250814
v 3.80822378 -0.06396930 0.27782363
v 3.80821961 -0.06330101 0.28252458
v 3.80822092 -0.06312715 0.28486186
v 3.80822128 -0.06303941 0.28721476
v 3.80822045 -0.06308271 0.29035425
v 3.80821962 -0.06330203 0.29348618
v 3.80821878 -0.06369756 0.29660380
v 3.80821771 -0.06426261 0.29967815
v 3.80822094 -0.06671815 0.30795544
v 3.80822344 -0.06760402 0.31014377
v 3.80822094 -0.07002114 0.31506783
v 3.80822094 -0.07624315 0.32410270
v 3.80821916 -0.08229546 0.33025059
v 3.80822059 -0.08598338 0.33318963
v 3.80822095 -0.09614216 0.33907944
v 3.80822000 -0.09831629 0.34000441
v 3.80822190 -0.10126798 0.34108138
v 3.80822095 -0.10350714 0.34177291
v 3.80822059 -0.10578499 0.34238362
v 3.80822083 -0.10885141 0.34303820
v 3.80822095 -0.11117713 0.34341082
v 3.80822214 -0.11351458 0.34369534
v 3.80822095 -0.11664120 0.34391624
v 3.80965916 -0.11911337 0.23103559
v 3.81046966 -0.11506055 0.23090005
v 3.81046990 -0.11820910 0.23077047
v 3.80889086 -0.07815449 0.24892616
v 3.80888657 -0.07488318 0.25266659
v 3.80965392 -0.07628451 0.25032741
v 3.81047039 -0.17172930 0.26574582
v 3.81046956 -0.17287073 0.26866507
v 3.80964702 -0.17234979 0.26808077
v 3.80967646 -0.17028371 0.26316094
v 3.81046944 -0.17043129 0.26288450
v 3.81046896 -0.07531612 0.25101483
v 3.81047051 -0.07742466 0.24866617
v 3.80967348 -0.07313220 0.25421828
v 3.80888443 -0.07205720 0.25652176
v 3.81047039 -0.07108720 0.25667816
v 3.81046955 -0.07337074 0.25344640
v 3.80965762 -0.07044826 0.25822347
v 3.80888539 -0.06965159 0.26044720
v 3.81047111 -0.06906377 0.26003897
v 3.81046932 -0.06758805 0.26284373
v 3.80964725 -0.06830002 0.26206565
v 3.80965465 -0.06611760 0.26681757
v 3.81047016 -0.06597276 0.26643872
v 3.80888336 -0.06480797 0.27196336
v 3.80965822 -0.06416772 0.27255636
v 3.80889254 -0.06604640 0.26823968
v 3.81047087 -0.06437142 0.27090490
v 3.81046968 -0.06333040 0.27470535
v 3.80964166 -0.06278004 0.27879542
v 3.81046980 -0.06267966 0.27780771
v 3.81046992 -0.06220306 0.28093457
v 3.80966586 -0.06212868 0.28476965
v 3.81047064 -0.06190549 0.28403216
v 3.81046909 -0.06175376 0.28799939
v 3.80822093 -0.06303914 0.28799975
v 3.80926138 -0.06224500 0.28799981
v 3.80887157 -0.06260197 0.28415626
v 3.80964510 -0.07982330 0.24666399
v 3.81047027 -0.08023690 0.24587905
v 3.80822079 -0.07888289 0.24897593
v 3.80822091 -0.07727213 0.25071084
v 3.80966739 -0.08387546 0.24315303
v 3.81047003 -0.08385478 0.24281514
v 3.80821995 -0.08229892 0.24574578
v 3.80889706 -0.08186977 0.24537450
v 3.80822079 -0.08471607 0.24376309
v 3.81046848 -0.08701800 0.24052918
v 3.80964307 -0.08837495 0.23998260
v 3.81047014 -0.09037511 0.23842758
v 3.80889658 -0.08834414 0.24050319
v 3.80887715 -0.09320317 0.23770982
v 3.80966417 -0.09328072 0.23717147
v 3.81046943 -0.09387777 0.23657185
v 3.80822090 -0.09331415 0.23828161
v 3.80821971 -0.09124104 0.23940074
v 3.81046895 -0.09673540 0.23527032
v 3.80963758 -0.09857373 0.23483831
v 3.81046823 -0.09968190 0.23411846
v 3.80890218 -0.10404054 0.23347896
v 3.80887906 -0.09853588 0.23531187
v 3.80965189 -0.10264913 0.23345715
v 3.81046859 -0.10267327 0.23313892
v 3.80965642 -0.10701756 0.23231125
v 3.81046883 -0.10571532 0.23232508
v 3.80888144 -0.10981069 0.23222733
v 3.81046919 -0.10880313 0.23167843
v 3.80965856 -0.11301730 0.23135066
v 3.81046942 -0.11192141 0.23120290
v 3.80822030 -0.11351870 0.23230165
v 3.80822090 -0.11117713 0.23258835
v 3.80888060 -0.11582897 0.23156434
v 3.80822090 -0.11586211 0.23212701
v 3.80965952 -0.12520395 0.23137450
v 3.81047002 -0.12136392 0.23081446
v 3.81047026 -0.12450931 0.23103219
v 3.81047050 -0.12763933 0.23142302
v 3.80966035 -0.13119761 0.23235691
v 3.80890206 -0.13366637 0.23339927
v 3.80888215 -0.12792526 0.23218298
v 3.81047109 -0.13381056 0.23271841
v 3.81046978 -0.13762764 0.23387158
v 3.80963329 -0.13687877 0.23393041
v 3.81046895 -0.14126382 0.23526978
v 3.80966035 -0.14226649 0.23600393
v 3.80889789 -0.14700214 0.23889047
v 3.80887751 -0.14194361 0.23634469
v 3.81046955 -0.14413498 0.23657823
v 3.81047014 -0.14692525 0.23804098
v 3.80966500 -0.14746872 0.23865867
v 3.80887560 -0.15168474 0.24189067
v 3.81046991 -0.15538315 0.24382424
v 3.80965189 -0.15529416 0.24412471
v 3.81047014 -0.15293268 0.24189907
v 3.80963818 -0.15213648 0.24168384
v 3.80889599 -0.15592924 0.24520081
v 3.80965357 -0.16185174 0.25048125
v 3.81046896 -0.16268740 0.25101948
v 3.80967264 -0.16496084 0.25434506
v 3.81047087 -0.16648528 0.25605321
v 3.80964356 -0.16759351 0.25830769
v 3.80888729 -0.16296456 0.25247759
v 3.80888443 -0.16581861 0.25633836
v 3.81047063 -0.16857157 0.25937831
v 3.80965679 -0.17361537 0.27185380
v 3.81047075 -0.17385111 0.27166295
v 3.81046968 -0.17466966 0.27470487
v 3.80963987 -0.17495892 0.27731711
v 3.81046980 -0.17532108 0.27781075
v 3.81046993 -0.17590061 0.28173882
v 3.80887133 -0.17538205 0.28392565
v 3.80889767 -0.17448995 0.27710128
v 3.80964714 -0.17582730 0.28401476
v 3.81046993 -0.17618594 0.28564840
v 3.80822093 -0.17496112 0.28799975
v 3.80822104 -0.17491690 0.28564292
v 3.80932635 -0.17579797 0.28799975
v 3.81046993 -0.17622915 0.28799975
v 3.80888479 -0.16824189 0.26025885
v 3.80888360 -0.17190496 0.26812243
v 3.80889135 -0.17316053 0.27184141
v 3.81046955 -0.16465679 0.25348401
v 3.80822091 -0.16019783 0.25011855
v 3.80889051 -0.15967182 0.24874598
v 3.80964522 -0.15833459 0.24681359
v 3.81047027 -0.15776668 0.24588269
v 3.81047051 -0.16057680 0.24866825
v 3.81047074 -0.14963619 0.23965835
v 3.81047074 -0.13074569 0.23198599
v 3.80888072 -0.12189768 0.23154932
v 3.80822080 -0.17255918 0.27176052
v 3.80888718 -0.17026881 0.26421058
v 3.80822079 -0.16681305 0.25891006
v 3.80822055 -0.16417203 0.25495732
v 3.80822102 -0.15451530 0.24474585
v 3.80822054 -0.14397369 0.23791355
v 3.80889086 -0.13801912 0.23478496
v 3.80822150 -0.13221768 0.23361725
v 3.80822197 -0.12604145 0.23247927
v 3.80821935 -0.10426305 0.23400629
v 3.80822090 -0.10654716 0.23344201
v 3.80822090 -0.10200612 0.23468155
v 3.80889086 -0.08509313 0.24279052
v 3.80822055 -0.07381774 0.25497162
v 3.80822091 -0.07120346 0.25888407
v 3.80888682 -0.06764628 0.26439518
v 3.80822128 -0.06592570 0.27024329
v 3.80889827 -0.06345324 0.27739346
v 3.80822200 -0.17469588 0.28251362
v 3.80822080 -0.17430118 0.27939743
v 3.80822092 -0.17388616 0.27708220
v 3.80822080 -0.17338554 0.27479023
v 3.80822175 -0.17155800 0.26877063
v 3.80822092 -0.17070112 0.26658392
v 3.80822103 -0.16975847 0.26442367
v 3.80822067 -0.16836045 0.26162112
v 3.80822091 -0.16553012 0.25690883
v 3.80822151 -0.16224626 0.25247610
v 3.80822091 -0.15857015 0.24842870
v 3.80822198 -0.15686623 0.24678981
v 3.80822114 -0.15204195 0.24282813
v 3.80822090 -0.15009014 0.24146914
v 3.80822126 -0.14809421 0.24019039
v 3.80822090 -0.14606915 0.23902071
v 3.80822126 -0.14113549 0.23659712
v 3.80822185 -0.13821969 0.23543841
v 3.80822257 -0.13524983 0.23444605
v 3.80822245 -0.12914566 0.23296267
v 3.80822161 -0.12291704 0.23217154
v 3.80822090 -0.12057016 0.23206073
v 3.80822114 -0.11821518 0.23203927
v 3.80822245 -0.10885302 0.23296297
v 3.80822185 -0.09977726 0.23543948
v 3.80822090 -0.09758417 0.23629880
v 3.80822138 -0.09542064 0.23724383
v 3.80822090 -0.08922617 0.24061644
v 3.80822174 -0.08724610 0.24191463
v 3.80822091 -0.08055414 0.24733573
v 3.80822151 -0.07572897 0.25250584
v 3.80822091 -0.07246913 0.25691014
v 3.80822091 -0.07002114 0.26093101
v 3.80822151 -0.06893657 0.26298362
v 3.80822092 -0.06791915 0.26514363
v 3.80822068 -0.06698652 0.26733941
v 3.80822092 -0.06522615 0.27250814
v 3.80822080 -0.06461419 0.27479327
v 3.80822080 -0.06396650 0.27782386
v 3.80822092 -0.06358816 0.28017700
v 3.80822188 -0.06330331 0.28252560
v 3.80822104 -0.06308337 0.28564191
v 3.80424993 -0.15930489 0.25199735
v 3.36954993 -0.16176712 0.25495930
v 3.36954992 -0.15719912 0.24979299
v 3.80424993 -0.16397122 0.25803018
v 3.36954993 -0.16521606 0.26004150
v 3.36954993 -0.16777513 0.26476390
v 3.80424993 -0.16773698 0.26464737
v 3.36954993 -0.16956832 0.26904084
v 3.80424994 -0.17001936 0.27026522
v 3.36954994 -0.17101250 0.27338563
v 3.80424994 -0.17153362 0.27538628
v 3.36954994 -0.17233113 0.27935744
v 3.80424994 -0.17272410 0.28214061
v 3.36954994 -0.17285595 0.28398651
v 3.36954994 -0.17301783 0.28799969
v 3.80424995 -0.17301098 0.28799957
v 3.80424993 -0.15498516 0.24771846
v 3.36954992 -0.15322991 0.24621607
v 3.80424992 -0.15144513 0.24481589
v 3.36954992 -0.14954124 0.24344878
v 3.80424992 -0.14767680 0.24222690
v 3.36954992 -0.14495992 0.24061803
v 3.80424992 -0.14302859 0.23961044
v 3.36954992 -0.14009521 0.23827533
v 3.80424992 -0.13743559 0.23721612
v 3.36954992 -0.13508321 0.23642258
v 3.80424992 -0.13160441 0.23546434
v 3.36954992 -0.12913902 0.23493308
v 3.80424992 -0.12561301 0.23437971
v 3.36954992 -0.12305415 0.23412537
v 3.80424992 -0.11899422 0.23396296
v 3.36954992 -0.11669755 0.23401753
v 3.80424992 -0.11238484 0.23438001
v 3.36954992 -0.11036973 0.23466708
v 3.36954992 -0.09304212 0.24061736
v 3.36954992 -0.08782811 0.24387236
v 3.80424992 -0.09030495 0.24223834
v 3.80424992 -0.09496604 0.23961324
v 3.80424993 -0.08532564 0.24573118
v 3.36954992 -0.08303310 0.24768515
v 3.36954993 -0.07922666 0.25145366
v 3.36954993 -0.07625942 0.25497259
v 3.80424993 -0.07580043 0.25552792
v 3.80424993 -0.06961696 0.26604664
v 3.80424993 -0.07244171 0.26061642
v 3.36954993 -0.06987436 0.26547588
v 3.36954994 -0.06741917 0.27192876
v 3.80424994 -0.06775074 0.27096915
v 3.80424994 -0.06646331 0.27540279
v 3.36954994 -0.06609331 0.27711759
v 3.36954994 -0.06526250 0.28241902
v 3.80424994 -0.06527619 0.28214151
v 3.36954994 -0.06498239 0.28799969
v 3.80424995 -0.06498925 0.28799957
v 3.36954993 -0.07317564 0.25938064
v 3.80424993 -0.08026685 0.25033498
v 3.36954992 -0.09858210 0.23797978
v 3.80424992 -0.10056333 0.23721665
v 3.36954992 -0.10438559 0.23598738
v 3.80424992 -0.10639207 0.23546487
v 3.35579992 -0.06314212 0.23795136
v 3.35579997 -0.16836611 0.34446285
v 3.35579992 -0.06194014 0.23932636
v 3.35579996 -0.05450913 0.32628685
v 3.35579996 -0.05359614 0.32470525
v 3.35579997 -0.08149912 0.35295104
v 3.35579997 -0.16411311 0.34791575
v 3.35579992 -0.05963813 0.24216216
v 3.35579996 -0.16555810 0.34679945
v 3.35579997 -0.16697611 0.34564815
v 3.35579992 -0.05645014 0.24661775
v 3.35579992 -0.05747612 0.24510666
v 3.35579997 -0.16114212 0.35004095
v 3.35579992 -0.05853913 0.24362146
v 3.35579997 -0.16264011 0.34899635
v 3.35579998 -0.15650110 0.35295165
v 3.35579996 -0.15490811 0.35384564
v 3.35579992 -0.05359614 0.25129366
v 3.35579997 -0.15961911 0.35104875
v 3.35579998 -0.15807111 0.35201904
v 3.35579992 -0.05546113 0.24815296
v 3.35579997 -0.15165911 0.35551594
v 3.35579993 -0.05109113 0.25616616
v 3.35579993 -0.05188714 0.25452156
v 3.35579998 -0.15329411 0.35470045
v 3.35579992 -0.05272214 0.25289756
v 3.35579993 -0.04894913 0.26120786
v 3.35579993 -0.04962213 0.25951016
v 3.35579997 -0.14664411 0.35771965
v 3.35579993 -0.05033613 0.25782886
v 3.35579998 -0.15000611 0.35629115
v 3.35579997 -0.14833411 0.35702585
v 3.35579993 -0.04772713 0.26465036
v 3.35579997 -0.14148111 0.35955154
v 3.35579993 -0.04718014 0.26639286
v 3.35579997 -0.14493812 0.35837204
v 3.35579997 -0.14321711 0.35898285
v 3.35579993 -0.04831713 0.26292176
v 3.35579997 -0.13619811 0.36100175
v 3.35579993 -0.04579413 0.27169306
v 3.35579993 -0.04621313 0.26991516
v 3.35579998 -0.13797011 0.36056125
v 3.35579993 -0.04667513 0.26814816
v 3.35579997 -0.13973212 0.36007784
v 3.35579994 -0.04479915 0.27708006
v 3.35579994 -0.04508714 0.27527666
v 3.35579998 -0.13082311 0.36206225
v 3.35579993 -0.04541914 0.27348046
v 3.35579998 -0.13441511 0.36139885
v 3.35579997 -0.13262311 0.36175235
v 3.35579994 -0.04435613 0.28070560
v 3.35579997 -0.12538511 0.36272775
v 3.35579994 -0.04420015 0.28252579
v 3.35579997 -0.12901611 0.36232825
v 3.35579998 -0.12720312 0.36255004
v 3.35579994 -0.04455512 0.27889043
v 3.35579998 -0.11991311 0.36299434
v 3.35579994 -0.04400012 0.28799995
v 3.35579994 -0.04402214 0.28617317
v 3.35579998 -0.12173911 0.36294984
v 3.35579994 -0.04408914 0.28434846
v 3.35579998 -0.12356312 0.36286105
v 3.35579994 -0.04420015 0.29347439
v 3.35579994 -0.04408914 0.29165118
v 3.35579998 -0.11443612 0.36286094
v 3.35579994 -0.04402214 0.28982637
v 3.35579998 -0.11808611 0.36299434
v 3.35579998 -0.11626112 0.36294984
v 3.35579995 -0.04455512 0.29710938
v 3.35579998 -0.10898412 0.36232805
v 3.35579995 -0.04479915 0.29891966
v 3.35579998 -0.11261412 0.36272755
v 3.35579998 -0.11079712 0.36254984
v 3.35579994 -0.04435613 0.29529391
v 3.35579998 -0.10358512 0.36139854
v 3.35579995 -0.04579413 0.30430655
v 3.35579995 -0.04541914 0.30251896
v 3.35579998 -0.10537712 0.36175224
v 3.35579995 -0.04508714 0.30072296
v 3.35579998 -0.10717712 0.36206205
v 3.35579995 -0.04718014 0.30960666
v 3.35579995 -0.04667513 0.30785126
v 3.35579998 -0.09826812 0.36007734
v 3.35579995 -0.04621313 0.30608416
v 3.35579998 -0.10180212 0.36100134
v 3.35579998 -0.10002912 0.36056084
v 3.35579995 -0.04831713 0.31307745
v 3.35579997 -0.09306212 0.35837185
v 3.35579995 -0.04894913 0.31479135
v 3.35579997 -0.09651912 0.35955115
v 3.35579997 -0.09478313 0.35898254
v 3.35579995 -0.04772713 0.31134885
v 3.35579997 -0.08799413 0.35629045
v 3.35579996 -0.05109113 0.31983315
v 3.35579996 -0.05033613 0.31816995
v 3.35579998 -0.08966613 0.35702545
v 3.35579995 -0.04962213 0.31648895
v 3.35579998 -0.09135613 0.35771924
v 3.35579998 -0.08309213 0.35384494
v 3.35579996 -0.05188614 0.32147715
v 3.35579997 -0.08634013 0.35551515
v 3.35579997 -0.08470613 0.35469984
v 3.35579995 -0.05546014 0.32784595
v 3.35579997 -0.07838112 0.35104834
v 3.35579996 -0.05645014 0.32938155
v 3.35579997 -0.07992913 0.35201884
v 3.35579997 -0.07244212 0.34679855
v 3.35579996 -0.05963712 0.33383695
v 3.35579997 -0.07388713 0.34791495
v 3.35579997 -0.07536012 0.34899595
v 3.35579996 -0.05747612 0.33089225
v 3.35579997 -0.07685812 0.35004045
v 3.35579997 -0.07102412 0.34564745
v 3.35579998 -0.06963413 0.34446195
v 3.35579996 -0.06193912 0.33667265
v 3.35579996 -0.06314212 0.33804785
v 3.35579996 -0.06827413 0.34324305
v 3.35579996 -0.06437712 0.33939295
v 3.35579996 -0.06694413 0.34199165
v 3.35579997 -0.06564412 0.34070785
v 3.35579995 -0.05853913 0.33237775
v 3.35579996 -0.06077113 0.33526875
v 3.35579996 -0.05272214 0.32310155
v 3.35579992 -0.05450913 0.24971226
v 3.35579992 -0.06077113 0.24073036
v 3.35579992 -0.06437712 0.23660596
v 3.35579997 -0.16972611 0.34324395
v 3.35579997 -0.17105711 0.34199215
v 3.35579992 -0.06564513 0.23529105
v 3.35579997 -0.17235612 0.34070865
v 3.35579992 -0.06694413 0.23400747
v 3.35579992 -0.06827513 0.23275577
v 3.35579997 -0.17362312 0.33939375
v 3.35579996 -0.17485911 0.33804815
v 3.35579991 -0.06963513 0.23153706
v 3.35579991 -0.07102412 0.23035147
v 3.35579996 -0.17606111 0.33667325
v 3.35579991 -0.07244212 0.22920056
v 3.35579996 -0.17722911 0.33526935
v 3.35579996 -0.17836312 0.33383715
v 3.35579991 -0.07388813 0.22808406
v 3.35579991 -0.07536012 0.22700356
v 3.35579996 -0.17946111 0.33237825
v 3.35579991 -0.07685912 0.22595875
v 3.35579996 -0.18052412 0.33089275
v 3.35579996 -0.18155111 0.32938175
v 3.35579991 -0.07838212 0.22495117
v 3.35579991 -0.07992913 0.22398056
v 3.35579996 -0.18254012 0.32784645
v 3.35579991 -0.08150013 0.22304826
v 3.35579996 -0.18349111 0.32628745
v 3.35579996 -0.18440412 0.32470555
v 3.35579991 -0.08309312 0.22215426
v 3.35579991 -0.08470613 0.22129956
v 3.35579996 -0.18527912 0.32310215
v 3.35579991 -0.08634113 0.22048416
v 3.35579996 -0.18611412 0.32147785
v 3.35579996 -0.18690913 0.31983355
v 3.35579991 -0.08799513 0.21970897
v 3.35579996 -0.18766411 0.31817065
v 3.35579991 -0.08966713 0.21897416
v 3.35579995 -0.18837912 0.31648965
v 3.35579995 -0.18905212 0.31479166
v 3.35579991 -0.09135613 0.21828036
v 3.35579991 -0.09306212 0.21762787
v 3.35579995 -0.18968313 0.31307806
v 3.35579991 -0.09478413 0.21701706
v 3.35579995 -0.19027312 0.31134936
v 3.35579995 -0.19082011 0.30960676
v 3.35579991 -0.09651912 0.21644846
v 3.35579991 -0.09826912 0.21592217
v 3.35579995 -0.19132511 0.30785165
v 3.35579991 -0.10003012 0.21543876
v 3.35579995 -0.19178711 0.30608465
v 3.35579995 -0.19220612 0.30430676
v 3.35579991 -0.10180312 0.21499826
v 3.35579991 -0.10358512 0.21460127
v 3.35579995 -0.19258112 0.30251955
v 3.35579991 -0.10537712 0.21424756
v 3.35579995 -0.19291312 0.30072346
v 3.35579995 -0.19320111 0.29891966
v 3.35579991 -0.10717712 0.21393776
v 3.35579991 -0.10898412 0.21367176
v 3.35579995 -0.19344512 0.29710987
v 3.35579991 -0.11079712 0.21344997
v 3.35579994 -0.19364511 0.29529438
v 3.35579994 -0.19380011 0.29347439
v 3.35579991 -0.11261512 0.21327226
v 3.35579991 -0.11443612 0.21313896
v 3.35579994 -0.19391112 0.29165162
v 3.35579991 -0.11626112 0.21305006
v 3.35579994 -0.19397812 0.28982642
v 3.35579994 -0.19400011 0.28799995
v 3.35579991 -0.11808611 0.21300556
v 3.35579994 -0.19397812 0.28617317
v 3.35579991 -0.11991311 0.21300556
v 3.35579991 -0.12173911 0.21304997
v 3.35579991 -0.12538511 0.21327226
v 3.35579991 -0.12720212 0.21344985
v 3.35579994 -0.19364412 0.28070526
v 3.35579991 -0.12356312 0.21313896
v 3.35579994 -0.19380011 0.28252489
v 3.35579994 -0.19391112 0.28434827
v 3.35579991 -0.13262311 0.21424756
v 3.35579994 -0.19291312 0.27527586
v 3.35579991 -0.13082212 0.21393766
v 3.35579994 -0.19320111 0.27707956
v 3.35579994 -0.19344512 0.27888958
v 3.35579991 -0.12901611 0.21367176
v 3.35579993 -0.19178711 0.26991446
v 3.35579991 -0.13619711 0.21499826
v 3.35579991 -0.13797011 0.21543856
v 3.35579993 -0.19258112 0.27347976
v 3.35579991 -0.13441412 0.21460106
v 3.35579993 -0.19220612 0.27169246
v 3.35579991 -0.14148011 0.21644827
v 3.35579991 -0.14321611 0.21701695
v 3.35579993 -0.19027312 0.26464986
v 3.35579991 -0.13973112 0.21592217
v 3.35579993 -0.19082011 0.26639206
v 3.35579993 -0.19132511 0.26814756
v 3.35579991 -0.14833211 0.21897386
v 3.35579993 -0.18837811 0.25950936
v 3.35579991 -0.14664311 0.21828007
v 3.35579993 -0.18905111 0.26120756
v 3.35579993 -0.18968313 0.26292096
v 3.35579991 -0.14493712 0.21762756
v 3.35579993 -0.18611311 0.25452146
v 3.35579991 -0.15165811 0.22048386
v 3.35579991 -0.15329311 0.22129916
v 3.35579993 -0.18766411 0.25782876
v 3.35579991 -0.15000511 0.21970867
v 3.35579993 -0.18690811 0.25616526
v 3.35579991 -0.15650012 0.22304787
v 3.35579991 -0.15807011 0.22398036
v 3.35579992 -0.18349011 0.24971156
v 3.35579991 -0.15490711 0.22215397
v 3.35579992 -0.18440412 0.25129346
v 3.35579992 -0.18527810 0.25289676
v 3.35579991 -0.16263912 0.22700297
v 3.35579992 -0.18052312 0.24510627
v 3.35579991 -0.16114112 0.22595856
v 3.35579992 -0.18155012 0.24661707
v 3.35579992 -0.18253912 0.24815256
v 3.35579991 -0.15961811 0.22495066
v 3.35579992 -0.17722811 0.24072977
v 3.35579992 -0.17836212 0.24216167
v 3.35579992 -0.17606012 0.23932577
v 3.35579992 -0.17946111 0.24362076
v 3.35579991 -0.16411211 0.22808396
v 3.35579991 -0.16697512 0.23035136
v 3.35579991 -0.16836511 0.23153647
v 3.35579991 -0.16555711 0.22919996
v 3.35579992 -0.17485811 0.23795087
v 3.35579992 -0.17105511 0.23400686
v 3.35579992 -0.17362212 0.23660536
v 3.35579992 -0.16972511 0.23275556
v 3.35579992 -0.17235512 0.23529067
v 3.81639990 -0.08090816 0.33173710
v 3.81639990 -0.08212815 0.33277010
v 3.81639986 -0.16477016 0.25237614
v 3.81639989 -0.07632713 0.32728123
v 3.81639986 -0.16057316 0.24755722
v 3.81639986 -0.15944312 0.24642670
v 3.81639986 -0.16755513 0.25627720
v 3.81639990 -0.08465014 0.33473342
v 3.81639990 -0.08595113 0.33566221
v 3.81639986 -0.16573415 0.25365054
v 3.81639990 -0.08337514 0.33376890
v 3.81639986 -0.16922913 0.25900030
v 3.81639990 -0.08862714 0.33741062
v 3.81639986 -0.17000911 0.26039534
v 3.81639986 -0.16841111 0.25762730
v 3.81639990 -0.09281115 0.33975002
v 3.81639986 -0.17211512 0.26470202
v 3.81639986 -0.17145214 0.26324725
v 3.81639990 -0.09139417 0.33900871
v 3.81639986 -0.17075113 0.26181143
v 3.81639990 -0.09000014 0.33822882
v 3.81639987 -0.17385713 0.26916760
v 3.81639987 -0.17331711 0.26766341
v 3.81639990 -0.09717415 0.34173583
v 3.81639986 -0.17273614 0.26617419
v 3.81639990 -0.09424714 0.34045192
v 3.81639987 -0.17481116 0.27221810
v 3.81639990 -0.10168616 0.34335493
v 3.81639987 -0.17522511 0.27376222
v 3.81639990 -0.09866313 0.34231692
v 3.81639987 -0.17435512 0.27068650
v 3.81639990 -0.10631613 0.34459552
v 3.81639987 -0.17620913 0.27845346
v 3.81639987 -0.17592416 0.27688109
v 3.81639990 -0.10476212 0.34422451
v 3.81639987 -0.17559615 0.27531653
v 3.81639990 -0.10321812 0.34381091
v 3.81639987 -0.17680112 0.28321069
v 3.81639987 -0.17664811 0.28161937
v 3.81639990 -0.11103414 0.34544962
v 3.81639987 -0.17645017 0.28003382
v 3.81639990 -0.10788117 0.34492352
v 3.81639990 -0.10945312 0.34520822
v 3.81639987 -0.17697713 0.28640103
v 3.81639990 -0.11580513 0.34591123
v 3.81639987 -0.17700014 0.28799974
v 3.81639990 -0.11262016 0.34564733
v 3.81639990 -0.11421017 0.34580123
v 3.81639987 -0.17691115 0.28480470
v 3.81639990 -0.12059812 0.34597721
v 3.81639988 -0.17680112 0.29278904
v 3.81639988 -0.17691115 0.29119437
v 3.81639990 -0.11900012 0.34599920
v 3.81639988 -0.17697713 0.28959798
v 3.81639990 -0.11740212 0.34597721
v 3.81639988 -0.17620811 0.29754567
v 3.81639988 -0.17645017 0.29596555
v 3.81639990 -0.12538115 0.34564703
v 3.81639988 -0.17664710 0.29437959
v 3.81639990 -0.12219612 0.34591111
v 3.81639990 -0.12379012 0.34580102
v 3.81639988 -0.17559615 0.30068230
v 3.81639990 -0.13012014 0.34492331
v 3.81639988 -0.17522511 0.30223703
v 3.81639990 -0.12696711 0.34544932
v 3.81639990 -0.12854711 0.34520801
v 3.81639988 -0.17592416 0.29911804
v 3.81639990 -0.13478313 0.34381043
v 3.81639988 -0.17385713 0.30683130
v 3.81639988 -0.17435512 0.30531239
v 3.81639990 -0.13323913 0.34422421
v 3.81639988 -0.17481116 0.30378061
v 3.81639990 -0.13168416 0.34459522
v 3.81639988 -0.17331812 0.30833554
v 3.81639990 -0.13783316 0.34285622
v 3.81639990 -0.14229915 0.34111383
v 3.81639989 -0.17145315 0.31275129
v 3.81639990 -0.14082716 0.34173551
v 3.81639989 -0.17211512 0.31129693
v 3.81639989 -0.17273716 0.30982440
v 3.81639990 -0.13933811 0.34231641
v 3.81639989 -0.17000911 0.31560331
v 3.81639990 -0.14660511 0.33900803
v 3.81639989 -0.16922913 0.31699812
v 3.81639990 -0.14375416 0.34045141
v 3.81639989 -0.17075113 0.31418722
v 3.81639990 -0.14937416 0.33740961
v 3.81639990 -0.15072313 0.33655410
v 3.81639989 -0.16666315 0.32104694
v 3.81639989 -0.16841111 0.31837123
v 3.81639990 -0.14800111 0.33822792
v 3.81639989 -0.16273913 0.32608973
v 3.81639989 -0.16377113 0.32487004
v 3.81639989 -0.16477016 0.32362264
v 3.81639989 -0.16573516 0.32234770
v 3.81639990 -0.15204916 0.33566152
v 3.81639989 -0.15828315 0.33067041
v 3.81639990 -0.15587315 0.33276963
v 3.81639990 -0.15709213 0.33173650
v 3.81639990 -0.15462515 0.33376884
v 3.81639989 -0.16167215 0.32728063
v 3.81639989 -0.16057411 0.32844144
v 3.81639989 -0.15944413 0.32957160
v 3.81639990 -0.15335015 0.33473282
v 3.81639989 -0.16755614 0.31972134
v 3.81639990 -0.14519016 0.33974933
v 3.81639990 -0.13631514 0.34335422
v 3.81639990 -0.10016714 0.34285673
v 3.81639990 -0.09570114 0.34111392
v 3.81639990 -0.08727615 0.33655473
v 3.81639986 -0.16666315 0.25495153
v 3.81639986 -0.16377113 0.25112813
v 3.81639986 -0.16273812 0.24990880
v 3.81639989 -0.07971714 0.33067083
v 3.81639986 -0.16167215 0.24871772
v 3.81639989 -0.07855616 0.32957243
v 3.81639989 -0.07742612 0.32844221
v 3.81639989 -0.07526116 0.32609069
v 3.81639985 -0.15828214 0.24532842
v 3.81639989 -0.07422815 0.32487100
v 3.81639985 -0.15709112 0.24426192
v 3.81639989 -0.07322912 0.32362323
v 3.81639989 -0.07226513 0.32234871
v 3.81639985 -0.15587214 0.24322933
v 3.81639985 -0.15462414 0.24223005
v 3.81639989 -0.07133614 0.32104790
v 3.81639985 -0.15335015 0.24126601
v 3.81639989 -0.07044415 0.31972181
v 3.81639989 -0.06958814 0.31837212
v 3.81639985 -0.15204916 0.24033713
v 3.81639985 -0.15072313 0.23944485
v 3.81639989 -0.06877016 0.31699901
v 3.81639985 -0.14937315 0.23858893
v 3.81639989 -0.06799014 0.31560385
v 3.81639989 -0.06724913 0.31418800
v 3.81639985 -0.14800016 0.23777091
v 3.81639985 -0.14660511 0.23699075
v 3.81639989 -0.06654714 0.31275200
v 3.81639985 -0.14518914 0.23624962
v 3.81639989 -0.06588514 0.31129711
v 3.81639989 -0.06526314 0.30982500
v 3.81639985 -0.14375315 0.23554754
v 3.81639985 -0.14229915 0.23488551
v 3.81639988 -0.06468315 0.30833601
v 3.81639985 -0.14082614 0.23426365
v 3.81639988 -0.06414314 0.30683153
v 3.81639988 -0.06364514 0.30531311
v 3.81639985 -0.13933716 0.23368275
v 3.81639985 -0.13783316 0.23314291
v 3.81639988 -0.06318913 0.30378121
v 3.81639985 -0.13631413 0.23264485
v 3.81639988 -0.06277515 0.30223721
v 3.81639988 -0.06240414 0.30068290
v 3.81639985 -0.13478211 0.23218870
v 3.81639985 -0.13323812 0.23177504
v 3.81639988 -0.06207614 0.29911863
v 3.81639985 -0.13168416 0.23140412
v 3.81639988 -0.06179114 0.29754579
v 3.81639988 -0.06155016 0.29596608
v 3.81639985 -0.13011912 0.23107600
v 3.81639985 -0.12854711 0.23079133
v 3.81639988 -0.06135215 0.29438006
v 3.81639985 -0.12696711 0.23054993
v 3.81639988 -0.06119914 0.29278904
v 3.81639988 -0.06108813 0.29119491
v 3.81639985 -0.12538115 0.23035234
v 3.81639985 -0.12379012 0.23019832
v 3.81639988 -0.06102215 0.28959798
v 3.81639985 -0.12219612 0.23008835
v 3.81639987 -0.06100012 0.28799974
v 3.81639985 -0.12059812 0.23002225
v 3.81639985 -0.11900113 0.23000025
v 3.81639987 -0.06102313 0.28640103
v 3.81639985 -0.11740212 0.23002225
v 3.81639987 -0.06119914 0.28320962
v 3.81639987 -0.06108914 0.28480458
v 3.81639985 -0.11262016 0.23035210
v 3.81639987 -0.06179215 0.27845305
v 3.81639987 -0.06155016 0.28003281
v 3.81639985 -0.11421112 0.23019832
v 3.81639987 -0.06135313 0.28161913
v 3.81639985 -0.11580513 0.23008823
v 3.81639987 -0.06277515 0.27376121
v 3.81639987 -0.06240414 0.27531600
v 3.81639985 -0.10788117 0.23107594
v 3.81639987 -0.06207614 0.27688014
v 3.81639985 -0.11103414 0.23054993
v 3.81639985 -0.10945414 0.23079115
v 3.81639987 -0.06364514 0.27068561
v 3.81639985 -0.10321913 0.23218852
v 3.81639987 -0.06414314 0.26916694
v 3.81639985 -0.10631714 0.23140394
v 3.81639985 -0.10476212 0.23177492
v 3.81639987 -0.06318913 0.27221751
v 3.81639985 -0.09866313 0.23368245
v 3.81639986 -0.06588615 0.26470130
v 3.81639986 -0.06526415 0.26617354
v 3.81639987 -0.06468315 0.26766252
v 3.81639985 -0.10016815 0.23314261
v 3.81639986 -0.06799115 0.26039451
v 3.81639986 -0.06725015 0.26181072
v 3.81639985 -0.09424816 0.23554724
v 3.81639986 -0.06654815 0.26324641
v 3.81639985 -0.09717516 0.23426330
v 3.81639985 -0.09570215 0.23488515
v 3.81639985 -0.09000115 0.23777043
v 3.81639985 -0.08862816 0.23858863
v 3.81639986 -0.06958915 0.25762653
v 3.81639985 -0.09281216 0.23624920
v 3.81639986 -0.06877114 0.25899970
v 3.81639985 -0.08595215 0.24033683
v 3.81639986 -0.07323115 0.25237524
v 3.81639986 -0.07226615 0.25365024
v 3.81639985 -0.08727817 0.23944425
v 3.81639986 -0.07133813 0.25495064
v 3.81639986 -0.07742713 0.24755644
v 3.81639986 -0.07526313 0.24990803
v 3.81639985 -0.08090912 0.24426186
v 3.81639985 -0.08465116 0.24126541
v 3.81639985 -0.07971816 0.24532771
v 3.81639986 -0.07855712 0.24642664
v 3.81639985 -0.08337615 0.24222982
v 3.81639985 -0.08212917 0.24322861
v 3.81639986 -0.07632814 0.24871772
v 3.81639986 -0.07422917 0.25112795
v 3.81639986 -0.07044514 0.25627684
v 3.81639985 -0.09139614 0.23699051
v 3.81639985 -0.10168712 0.23264461
v 3.36954992 -0.15584212 0.24797426
v 3.36954992 -0.15551810 0.24822016
v 3.36954992 -0.15663611 0.24927605
v 3.36954992 -0.08000613 0.25006836
v 3.36954993 -0.08027612 0.25036385
v 3.36954992 -0.08136413 0.24927665
v 3.36954992 -0.15358411 0.24600726
v 3.36954992 -0.15319311 0.24620446
v 3.36954992 -0.15437012 0.24719575
v 3.36954995 -0.08248612 0.32778305
v 3.36954996 -0.08327413 0.32902505
v 3.36954996 -0.08363712 0.32880955
v 3.36954995 -0.07700712 0.32258334
v 3.36954996 -0.07797413 0.32372565
v 3.36954996 -0.07818912 0.32336115
v 3.36954992 -0.15075312 0.24432195
v 3.36954992 -0.15198611 0.24524605
v 3.36954992 -0.15122112 0.24416816
v 3.36954995 -0.07054013 0.31182465
v 3.36954995 -0.07046213 0.31256505
v 3.36954995 -0.07124013 0.31319875
v 3.36954996 -0.07516712 0.32021945
v 3.36954996 -0.07623713 0.32097365
v 3.36954996 -0.07531213 0.31973895
v 3.36954992 -0.14085511 0.23818285
v 3.36954992 -0.14000612 0.23825326
v 3.36954992 -0.14141811 0.23887345
v 3.36954995 -0.07115612 0.31389115
v 3.36954996 -0.07197912 0.31455235
v 3.36954995 -0.06925913 0.30901955
v 3.36954995 -0.06918213 0.30985235
v 3.36954995 -0.06988013 0.31043135
v 3.36954992 -0.13272812 0.23577425
v 3.36954992 -0.13421013 0.23618626
v 3.36954992 -0.13380413 0.23565256
v 3.36954992 -0.12973212 0.23507726
v 3.36954992 -0.12942912 0.23460886
v 3.36954992 -0.12822013 0.23479286
v 3.36954992 -0.13235812 0.23526506
v 3.36954992 -0.13123512 0.23540435
v 3.36954992 -0.11745112 0.23402215
v 3.36954992 -0.11899913 0.23400005
v 3.36954992 -0.11749812 0.23362055
v 3.36954995 -0.06640312 0.30022995
v 3.36954995 -0.06626512 0.30135675
v 3.36954995 -0.06677412 0.30172695
v 3.36954995 -0.06492913 0.29398329
v 3.36954994 -0.06519813 0.29262074
v 3.36954994 -0.06478513 0.29249351
v 3.36954992 -0.12054913 0.23402215
v 3.36954992 -0.12200012 0.23368236
v 3.36954992 -0.12050212 0.23362055
v 3.36954992 -0.11450713 0.23378525
v 3.36954992 -0.11436412 0.23419936
v 3.36954992 -0.11590512 0.23408885
v 3.36954994 -0.06460013 0.28799995
v 3.36954994 -0.06462112 0.28950184
v 3.36954994 -0.06500014 0.28799995
v 3.36954992 -0.10857213 0.23460886
v 3.36954992 -0.10826713 0.23507735
v 3.36954992 -0.10978014 0.23479305
v 3.36954994 -0.06468213 0.28499999
v 3.36954994 -0.06462112 0.28649793
v 3.36954994 -0.06502213 0.28645012
v 3.36954992 -0.10527112 0.23577435
v 3.36954992 -0.10676413 0.23540455
v 3.36954992 -0.10564313 0.23526495
v 3.36954994 -0.06607713 0.27726785
v 3.36954994 -0.06560913 0.27756955
v 3.36954994 -0.06579313 0.27877998
v 3.36954994 -0.06591712 0.27610085
v 3.36954994 -0.06640412 0.27576445
v 3.36954992 -0.10419612 0.23565235
v 3.36954992 -0.10379012 0.23618646
v 3.36954992 -0.09799312 0.23825346
v 3.36954992 -0.09714512 0.23818275
v 3.36954992 -0.09658111 0.23887366
v 3.36954992 -0.10133911 0.23654605
v 3.36954992 -0.10086412 0.23713675
v 3.36954992 -0.10232012 0.23664066
v 3.36954993 -0.06867412 0.26842145
v 3.36954993 -0.06925312 0.26699355
v 3.36954993 -0.06859812 0.26752965
v 3.36954993 -0.07053513 0.26418625
v 3.36954993 -0.06980412 0.26478006
v 3.36954993 -0.06987413 0.26558165
v 3.36954993 -0.06918313 0.26614515
v 3.36954994 -0.06718612 0.27279005
v 3.36954993 -0.06764113 0.27132065
v 3.36954994 -0.06708013 0.27176106
v 3.36954992 -0.08924712 0.24245725
v 3.36954992 -0.08850811 0.24343276
v 3.36954992 -0.08979612 0.24257825
v 3.36954993 -0.07516812 0.25577935
v 3.36954993 -0.07532212 0.25624746
v 3.36954993 -0.07624613 0.25501336
v 3.36954993 -0.07607213 0.25458455
v 3.36954993 -0.07720413 0.25380756
v 3.36954992 -0.08724712 0.24432215
v 3.36954992 -0.08678013 0.24416795
v 3.36954992 -0.08601312 0.24524665
v 3.36954992 -0.08441712 0.24600696
v 3.36954992 -0.08480713 0.24620455
v 3.36954992 -0.08558512 0.24507135
v 3.36954993 -0.07797513 0.25227385
v 3.36954993 -0.07819613 0.25263005
v 3.36954993 -0.07922013 0.25148216
v 3.36954993 -0.06754612 0.27033855
v 3.36954993 -0.06813713 0.26986395
v 3.36954993 -0.07443212 0.25750865
v 3.36954993 -0.07345912 0.25824526
v 3.36954993 -0.07357812 0.25879675
v 3.36954993 -0.07429712 0.25700046
v 3.36954992 -0.09111012 0.24176016
v 3.36954992 -0.09051512 0.24165356
v 3.36954992 -0.09942113 0.23767446
v 3.36954992 -0.09853112 0.23759785
v 3.36954992 -0.08327413 0.24697445
v 3.36954992 -0.08363013 0.24719636
v 3.36954993 -0.07897513 0.25115716
v 3.36954993 -0.06805313 0.26892675
v 3.36954992 -0.08800313 0.24329506
v 3.36954992 -0.08215812 0.24797395
v 3.36954992 -0.08106913 0.24900526
v 3.36954992 -0.08248211 0.24822026
v 3.36954993 -0.07265413 0.25951466
v 3.36954993 -0.07275913 0.26011096
v 3.36954993 -0.07700712 0.25341606
v 3.36954992 -0.09244811 0.24097876
v 3.36954992 -0.09180212 0.24088636
v 3.36954993 -0.07197813 0.26144965
v 3.36954993 -0.07188712 0.26080155
v 3.36954993 -0.07115612 0.26210825
v 3.36954993 -0.07123612 0.26280845
v 3.36954993 -0.07046213 0.26343435
v 3.36954992 -0.09380711 0.24023695
v 3.36954992 -0.09310911 0.24015565
v 3.36954992 -0.09578112 0.23880365
v 3.36954992 -0.09518611 0.23953466
v 3.36954992 -0.09443512 0.23946155
v 3.36954994 -0.06626512 0.27464215
v 3.36954994 -0.06677412 0.27427185
v 3.36954992 -0.09992812 0.23705235
v 3.36954994 -0.06534112 0.27904900
v 3.36954994 -0.06555212 0.28030118
v 3.36954994 -0.06665312 0.27319555
v 3.36954994 -0.06511513 0.28053027
v 3.36954994 -0.06535413 0.28182926
v 3.36954992 -0.10276212 0.23607945
v 3.36954992 -0.10710313 0.23491665
v 3.36954994 -0.06492913 0.28201634
v 3.36954992 -0.11004913 0.23434116
v 3.36954992 -0.11130113 0.23455175
v 3.36954994 -0.06519913 0.28336465
v 3.36954994 -0.06478513 0.28350612
v 3.36954994 -0.06508913 0.28490502
v 3.36954992 -0.11282912 0.23435375
v 3.36954992 -0.11153113 0.23411466
v 3.36954992 -0.11301713 0.23392936
v 3.36954995 -0.06535213 0.29415487
v 3.36954995 -0.06511513 0.29546904
v 3.36954995 -0.06555014 0.29568430
v 3.36954992 -0.11900212 0.23359996
v 3.36954995 -0.06534112 0.29695076
v 3.36954995 -0.06560913 0.29842725
v 3.36954995 -0.06579112 0.29720763
v 3.36954992 -0.12209413 0.23408866
v 3.36954992 -0.12349412 0.23378525
v 3.36954995 -0.06591712 0.29989885
v 3.36954995 -0.06607612 0.29872305
v 3.36954992 -0.12363613 0.23419925
v 3.36954992 -0.12498412 0.23392945
v 3.36954995 -0.06665212 0.30280385
v 3.36954995 -0.06718712 0.30321244
v 3.36954992 -0.12517013 0.23435355
v 3.36954992 -0.12646912 0.23411476
v 3.36954995 -0.06764312 0.30468585
v 3.36954995 -0.06707913 0.30423835
v 3.36954992 -0.12669912 0.23455165
v 3.36954995 -0.06814012 0.30614575
v 3.36954995 -0.06754612 0.30566094
v 3.36954992 -0.12795313 0.23434156
v 3.36954995 -0.06805213 0.30707155
v 3.36954995 -0.06867913 0.30759045
v 3.36954992 -0.13089912 0.23491716
v 3.36954992 -0.13567912 0.23664055
v 3.36954992 -0.13523912 0.23607956
v 3.36954995 -0.06859812 0.30847015
v 3.36954992 -0.13713611 0.23713656
v 3.36954992 -0.13666212 0.23654635
v 3.36954995 -0.06980412 0.31121955
v 3.36954992 -0.13857911 0.23767426
v 3.36954992 -0.13947212 0.23759916
v 3.36954992 -0.13807211 0.23705245
v 3.36954996 -0.07265413 0.31648495
v 3.36954996 -0.07357212 0.31719325
v 3.36954996 -0.07275713 0.31588405
v 3.36954995 -0.07188613 0.31519775
v 3.36954996 -0.07442412 0.31847865
v 3.36954996 -0.07345713 0.31775204
v 3.36954992 -0.14281411 0.23953445
v 3.36954992 -0.14222012 0.23880405
v 3.36954995 -0.07429612 0.31899935
v 3.36954992 -0.14419211 0.24023616
v 3.36954992 -0.14356611 0.23946175
v 3.36954997 -0.07719612 0.32218144
v 3.36954995 -0.07607113 0.32141494
v 3.36954992 -0.14489212 0.24015596
v 3.36954992 -0.14555111 0.24097825
v 3.36954992 -0.14688911 0.24175895
v 3.36954992 -0.14619812 0.24088655
v 3.36954992 -0.14875311 0.24245725
v 3.36954992 -0.14820311 0.24257765
v 3.36954992 -0.14949111 0.24343216
v 3.36954992 -0.14748611 0.24165436
v 3.36954995 -0.07897413 0.32484164
v 3.36954996 -0.07921513 0.32451225
v 3.36954992 -0.15000010 0.24329665
v 3.36954992 -0.15241512 0.24507175
v 3.36954996 -0.08000613 0.32593145
v 3.36954996 -0.08027412 0.32563355
v 3.36954996 -0.08215812 0.32802565
v 3.36954997 -0.08136413 0.32672395
v 3.36954996 -0.08106712 0.32699254
v 3.36954992 -0.15472611 0.24697485
v 3.36954993 -0.15772412 0.25036385
v 3.36954992 -0.15693310 0.24900736
v 3.36954996 -0.08441612 0.32999265
v 3.36954997 -0.08481613 0.32980265
v 3.36954993 -0.15902611 0.25115825
v 3.36954992 -0.15799411 0.25006845
v 3.36954996 -0.08558512 0.33092815
v 3.36954996 -0.08602412 0.33076165
v 3.36954993 -0.15877910 0.25148156
v 3.36954993 -0.16002511 0.25227426
v 3.36954996 -0.08677912 0.33183174
v 3.36954996 -0.08725913 0.33168585
v 3.36954993 -0.15980411 0.25262986
v 3.36954993 -0.16099310 0.25341645
v 3.36954996 -0.08851912 0.33257435
v 3.36954997 -0.08800010 0.33270325
v 3.36954993 -0.16079511 0.25380695
v 3.36954993 -0.16192911 0.25458495
v 3.36954996 -0.08980512 0.33342665
v 3.36954996 -0.08924712 0.33354265
v 3.36954996 -0.09180212 0.33511335
v 3.36954996 -0.09244512 0.33501935
v 3.36954996 -0.09111412 0.33424185
v 3.36954996 -0.09051412 0.33434554
v 3.36954997 -0.09379911 0.33575865
v 3.36954997 -0.09310811 0.33584395
v 3.36954993 -0.16175411 0.25501315
v 3.36954993 -0.16370412 0.25700055
v 3.36954993 -0.16267811 0.25624686
v 3.36954993 -0.16356712 0.25750824
v 3.36954993 -0.16283311 0.25578035
v 3.36954993 -0.16442211 0.25879596
v 3.36954993 -0.16454311 0.25824785
v 3.36954997 -0.09443412 0.33653815
v 3.36954997 -0.09517312 0.33645885
v 3.36954993 -0.16524011 0.26010966
v 3.36954993 -0.16534611 0.25951495
v 3.36954997 -0.09578012 0.33719585
v 3.36954997 -0.09656712 0.33711954
v 3.36954993 -0.16611411 0.26080215
v 3.36954993 -0.16602111 0.26144746
v 3.36954997 -0.09714512 0.33781705
v 3.36954997 -0.09797913 0.33774014
v 3.36954993 -0.16676412 0.26280775
v 3.36954993 -0.16684410 0.26210875
v 3.36954997 -0.09852811 0.33840075
v 3.36954996 -0.09940812 0.33832005
v 3.36954997 -0.09992812 0.33894745
v 3.36954997 -0.10085211 0.33885895
v 3.36954993 -0.16753811 0.26343485
v 3.36954993 -0.16746511 0.26418525
v 3.36954996 -0.10133812 0.33945355
v 3.36954997 -0.10231212 0.33935645
v 3.36954993 -0.16812611 0.26558105
v 3.36954993 -0.16819612 0.26478035
v 3.36954997 -0.10276112 0.33992034
v 3.36954997 -0.10378613 0.33981215
v 3.36954997 -0.10419612 0.34034734
v 3.36954996 -0.10527112 0.34022555
v 3.36954993 -0.16874612 0.26699295
v 3.36954993 -0.16881811 0.26614755
v 3.36954997 -0.10564213 0.34073485
v 3.36954996 -0.10676912 0.34059635
v 3.36954993 -0.16940211 0.26752975
v 3.36954993 -0.16932612 0.26842086
v 3.36954997 -0.10710113 0.34108275
v 3.36954997 -0.10827613 0.34092425
v 3.36954993 -0.16994811 0.26892835
v 3.36954993 -0.16986311 0.26986345
v 3.36954997 -0.10979112 0.34120885
v 3.36954997 -0.10857113 0.34139104
v 3.36954993 -0.17035911 0.27131995
v 3.36954993 -0.17045412 0.27033895
v 3.36954997 -0.11004712 0.34165835
v 3.36954997 -0.11131412 0.34145005
v 3.36954994 -0.17081312 0.27278955
v 3.36954994 -0.17092112 0.27176155
v 3.36954994 -0.17122612 0.27427115
v 3.36954994 -0.17134811 0.27319605
v 3.36954997 -0.11153113 0.34188514
v 3.36954997 -0.11284413 0.34164775
v 3.36954994 -0.17159512 0.27576405
v 3.36954994 -0.17173511 0.27464315
v 3.36954998 -0.11301613 0.34207044
v 3.36954994 -0.17208311 0.27610105
v 3.36954994 -0.17192312 0.27726705
v 3.36954998 -0.11437813 0.34180175
v 3.36954997 -0.11450613 0.34221465
v 3.36954997 -0.11591712 0.34191185
v 3.36954997 -0.11600012 0.34231755
v 3.36954994 -0.17239112 0.27757265
v 3.36954994 -0.17220712 0.27877966
v 3.36954997 -0.11745812 0.34197795
v 3.36954998 -0.11749812 0.34237935
v 3.36954994 -0.17265912 0.27904914
v 3.36954994 -0.17244812 0.28030038
v 3.36954997 -0.11899813 0.34239994
v 3.36954996 -0.11900011 0.34199995
v 3.36954994 -0.17264611 0.28182904
v 3.36954994 -0.17288511 0.28053085
v 3.36954998 -0.12050212 0.34237935
v 3.36954997 -0.12054213 0.34197795
v 3.36954994 -0.17280111 0.28336384
v 3.36954994 -0.17307112 0.28201660
v 3.36954994 -0.17321511 0.28350638
v 3.36954994 -0.17291111 0.28490491
v 3.36954997 -0.12199912 0.34231765
v 3.36954997 -0.12208313 0.34191185
v 3.36954994 -0.17340012 0.28799995
v 3.36954994 -0.17300010 0.28799995
v 3.36954994 -0.17337911 0.28950196
v 3.36954997 -0.12349312 0.34221465
v 3.36954997 -0.12362112 0.34180194
v 3.36954997 -0.12972412 0.34092435
v 3.36954997 -0.13089712 0.34108325
v 3.36954996 -0.13123112 0.34059664
v 3.36954998 -0.12668513 0.34145035
v 3.36954997 -0.12795112 0.34165875
v 3.36954997 -0.12820812 0.34120905
v 3.36954997 -0.13272812 0.34022594
v 3.36954997 -0.13380413 0.34034755
v 3.36954997 -0.13421412 0.33981265
v 3.36954995 -0.17307112 0.29398355
v 3.36954995 -0.17264812 0.29415542
v 3.36954995 -0.17288511 0.29546962
v 3.36954995 -0.17122612 0.30172725
v 3.36954995 -0.17173511 0.30135775
v 3.36954995 -0.17159711 0.30023055
v 3.36954995 -0.17220912 0.29720778
v 3.36954995 -0.17265912 0.29695090
v 3.36954995 -0.17245111 0.29568489
v 3.36954995 -0.16676011 0.31319945
v 3.36954995 -0.16753811 0.31256545
v 3.36954995 -0.16746012 0.31182535
v 3.36954997 -0.14221912 0.33719624
v 3.36954997 -0.14282712 0.33645924
v 3.36954997 -0.14143311 0.33711994
v 3.36954996 -0.14489112 0.33584425
v 3.36954996 -0.14555412 0.33502025
v 3.36954997 -0.14420111 0.33575925
v 3.36954997 -0.14002111 0.33774045
v 3.36954997 -0.13859212 0.33832054
v 3.36954997 -0.13946911 0.33840205
v 3.36954995 -0.16940211 0.30847024
v 3.36954995 -0.16932111 0.30759105
v 3.36954995 -0.16874111 0.30901995
v 3.36954995 -0.16819612 0.31121985
v 3.36954995 -0.16812110 0.31043165
v 3.36954996 -0.15878511 0.32451295
v 3.36954997 -0.15772611 0.32563405
v 3.36954996 -0.15902511 0.32484275
v 3.36954996 -0.16611311 0.31519835
v 3.36954996 -0.16602111 0.31455285
v 3.36954995 -0.16524411 0.31588494
v 3.36954996 -0.14819511 0.33342755
v 3.36954996 -0.14875311 0.33354265
v 3.36954996 -0.14948111 0.33257535
v 3.36954997 -0.14688612 0.33424275
v 3.36954996 -0.14748511 0.33434635
v 3.36954996 -0.15074111 0.33168655
v 3.36954997 -0.15122012 0.33183195
v 3.36954996 -0.15197611 0.33076234
v 3.36954996 -0.14999711 0.33270484
v 3.36954996 -0.15436312 0.32880974
v 3.36954996 -0.15358311 0.32999295
v 3.36954995 -0.15472611 0.32902545
v 3.36954996 -0.14619812 0.33511355
v 3.36954995 -0.15584212 0.32802585
v 3.36954996 -0.15693111 0.32699465
v 3.36954995 -0.15663511 0.32672465
v 3.36954996 -0.16002511 0.32372605
v 3.36954996 -0.15981111 0.32336205
v 3.36954996 -0.15551411 0.32778345
v 3.36954996 -0.15799411 0.32593154
v 3.36954996 -0.16357612 0.31847925
v 3.36954996 -0.16454112 0.31775465
v 3.36954996 -0.16442811 0.31719414
v 3.36954996 -0.16192811 0.32141535
v 3.36954996 -0.16176411 0.32097455
v 3.36954996 -0.16080511 0.32218205
v 3.36954996 -0.16268811 0.31973995
v 3.36954996 -0.16283212 0.32022055
v 3.36954996 -0.16370312 0.31899945
v 3.36954996 -0.16099310 0.32258385
v 3.36954996 -0.16534611 0.31648525
v 3.36954996 -0.15241512 0.33092854
v 3.36954996 -0.15318311 0.32980315
v 3.36954995 -0.16986011 0.30614595
v 3.36954995 -0.16994711 0.30707315
v 3.36954995 -0.16881711 0.30985475
v 3.36954995 -0.17035711 0.30468655
v 3.36954995 -0.17045412 0.30566135
v 3.36954995 -0.16684410 0.31389164
v 3.36954995 -0.17092012 0.30423885
v 3.36954995 -0.17081312 0.30321315
v 3.36954997 -0.14356511 0.33653835
v 3.36954996 -0.13714712 0.33885965
v 3.36954997 -0.13807211 0.33894754
v 3.36954997 -0.14085511 0.33781715
v 3.36954995 -0.17208311 0.29989905
v 3.36954995 -0.17192512 0.29872354
v 3.36954997 -0.13568712 0.33935715
v 3.36954996 -0.13666112 0.33945384
v 3.36954995 -0.17239112 0.29843035
v 3.36954995 -0.17134712 0.30280435
v 3.36954997 -0.13523812 0.33992045
v 3.36954997 -0.12942812 0.34139104
v 3.36954997 -0.13235712 0.34073495
v 3.36954994 -0.17291211 0.29108286
v 3.36954994 -0.17321511 0.29249376
v 3.36954994 -0.17331811 0.29099990
v 3.36954994 -0.17280211 0.29262076
v 3.36954997 -0.12515612 0.34164804
v 3.36954997 -0.12646912 0.34188525
v 3.36954997 -0.12498312 0.34207054
v 3.36954994 -0.17297811 0.28645012
v 3.36954994 -0.17337911 0.28649806
v 3.36954994 -0.17331811 0.28500020
v 3.36954994 -0.06508813 0.29108235
v 3.36954994 -0.06502213 0.28954209
v 3.36954994 -0.06468213 0.29099969
v 3.36954992 -0.11600112 0.23368226
v 3.36954994 -0.17297811 0.28954214
v 3.80424995 -0.17278472 0.29310775
v 3.80424995 -0.17186931 0.29912084
v 3.36954995 -0.17264198 0.29433275
v 3.80424996 -0.16668669 0.31339479
v 3.36954996 -0.16599328 0.31463177
v 3.36954995 -0.16841880 0.30983434
v 3.80424995 -0.16893921 0.30858100
v 3.36954996 -0.14825446 0.33340666
v 3.80424997 -0.15144846 0.33118200
v 3.80424997 -0.14767287 0.33377579
v 3.36954997 -0.13798789 0.33858054
v 3.80424997 -0.14303479 0.33638602
v 3.80424997 -0.13743643 0.33878365
v 3.36954997 -0.13213378 0.34040634
v 3.36954997 -0.12143694 0.34194998
v 3.36954997 -0.12609771 0.34155861
v 3.80424997 -0.12561528 0.34161991
v 3.80424997 -0.11231832 0.34158984
v 3.36954997 -0.11189738 0.34155769
v 3.80424997 -0.11671905 0.34197351
v 3.80424997 -0.09293811 0.33531085
v 3.80424997 -0.08840488 0.33252928
v 3.36954996 -0.09170925 0.33462717
v 3.80424996 -0.08417751 0.32929042
v 3.36954995 -0.08244286 0.32780269
v 3.36954996 -0.08721985 0.33167532
v 3.36954996 -0.07768955 0.32281854
v 3.80424996 -0.08082165 0.32620955
v 3.80424996 -0.07771574 0.32283089
v 3.80424996 -0.07447128 0.31859559
v 3.36954996 -0.07401228 0.31791634
v 3.80424996 -0.07131396 0.31339645
v 3.36954995 -0.07090670 0.31261579
v 3.80424995 -0.06905822 0.30857575
v 3.36954995 -0.06842237 0.30699484
v 3.80424995 -0.06749608 0.30427420
v 3.36954995 -0.06659657 0.30114417
v 3.80424995 -0.06630765 0.29987562
v 3.80424995 -0.06537844 0.29460228
v 3.36954995 -0.06544114 0.29509275
v 3.36954994 -0.06495123 0.28800071
v 3.80424995 -0.06496324 0.28800029
v 3.36954997 -0.09716379 0.33741717
v 3.80424997 -0.09703557 0.33734626
v 3.80424997 -0.10199879 0.33928180
v 3.36954997 -0.10149863 0.33909058
v 3.36954996 -0.10586819 0.34040648
v 3.80424997 -0.10788212 0.34086987
v 3.36954997 -0.11746675 0.34199557
v 3.80424997 -0.12113885 0.34196249
v 3.80424997 -0.13160960 0.34053457
v 3.36954996 -0.14360248 0.33610070
v 3.36954996 -0.15323255 0.32981908
v 3.80424996 -0.15611890 0.32727882
v 3.36954996 -0.15827218 0.32510345
v 3.80424996 -0.16029421 0.32281846
v 3.36954997 -0.16268279 0.31982098
v 3.80424996 -0.16352657 0.31859857
v 3.36954995 -0.17057628 0.30408823
v 3.80424995 -0.17050311 0.30427927
v 3.36954995 -0.17190598 0.29888687
v 3.36954994 -0.17304902 0.28800071
v 3.80424995 -0.17301104 0.28799987
v 3.80964679 -0.06217326 0.29198533
v 3.80963976 -0.06304134 0.29868215
v 3.81046993 -0.06220303 0.29506486
v 3.80822093 -0.06303914 0.28799975
v 3.80822105 -0.06308334 0.29035640
v 3.80887121 -0.06261824 0.29207378
v 3.81047101 -0.06906344 0.31596064
v 3.80967708 -0.06771387 0.31283360
v 3.80964263 -0.07040764 0.31769228
v 3.81046959 -0.07337074 0.32255304
v 3.80967231 -0.07303934 0.32165396
v 3.81046899 -0.07531609 0.32498461
v 3.81047054 -0.07742466 0.32733327
v 3.80965348 -0.07614858 0.32551807
v 3.80964514 -0.07966612 0.32918617
v 3.81047019 -0.09037511 0.33757192
v 3.81046852 -0.08701806 0.33547032
v 3.80966529 -0.09053312 0.33734184
v 3.80965993 -0.09573208 0.33999446
v 3.81046852 -0.09967683 0.34187835
v 3.81046900 -0.09673540 0.34072914
v 3.81046948 -0.09387777 0.33942759
v 3.80963334 -0.10112028 0.34206858
v 3.81046996 -0.11820910 0.34522897
v 3.81046972 -0.11506061 0.34509942
v 3.80965921 -0.11888717 0.34496391
v 3.81047007 -0.12136392 0.34518498
v 3.80965850 -0.12498049 0.34464889
v 3.80822036 -0.12448428 0.34369752
v 3.80888089 -0.12217174 0.34443524
v 3.80822071 -0.12135337 0.34391656
v 3.81047055 -0.12763933 0.34457644
v 3.81047031 -0.12450931 0.34496724
v 3.80888185 -0.12819020 0.34377226
v 3.80890235 -0.13395987 0.34252050
v 3.80965730 -0.13098268 0.34368863
v 3.81047079 -0.13074569 0.34401345
v 3.81047043 -0.13462035 0.34306967
v 3.80963740 -0.13942651 0.34116098
v 3.80887899 -0.13946287 0.34068814
v 3.80821976 -0.14675925 0.33659798
v 3.80887779 -0.14479802 0.33828956
v 3.80822095 -0.14468411 0.33771822
v 3.81046900 -0.14126382 0.34072968
v 3.81046828 -0.13832251 0.34187889
v 3.80964323 -0.14962653 0.33601612
v 3.81047079 -0.14963613 0.33634108
v 3.81047019 -0.14692525 0.33795848
v 3.80966445 -0.14472011 0.33882785
v 3.80889722 -0.15613059 0.33062491
v 3.80822083 -0.15328464 0.33223548
v 3.80821999 -0.15570245 0.33025220
v 3.81047031 -0.15776668 0.33011675
v 3.81046995 -0.15538315 0.33217522
v 3.80966791 -0.15412447 0.33284697
v 3.80964526 -0.15817753 0.32933500
v 3.81047054 -0.16057680 0.32733118
v 3.80822082 -0.15911755 0.32702252
v 3.80822094 -0.16072611 0.32528990
v 3.80889090 -0.15984580 0.32707327
v 3.80965420 -0.16171590 0.32567203
v 3.81046899 -0.16268740 0.32497996
v 3.80888661 -0.16311721 0.32333278
v 3.80967398 -0.16486738 0.32178247
v 3.80888458 -0.16594324 0.31947750
v 3.81046959 -0.16465685 0.32251543
v 3.81047090 -0.16648528 0.31994623
v 3.81047066 -0.16857163 0.31662106
v 3.80965825 -0.16754964 0.31778025
v 3.80888565 -0.16834710 0.31555545
v 3.80964597 -0.16969929 0.31393409
v 3.81046946 -0.17043129 0.31311494
v 3.80965586 -0.17188517 0.30917740
v 3.81047042 -0.17172930 0.31025362
v 3.81046958 -0.17287079 0.30733436
v 3.80965895 -0.17383209 0.30344605
v 3.80889304 -0.17195490 0.30775809
v 3.80888398 -0.17319218 0.30403763
v 3.81047077 -0.17385111 0.30433649
v 3.81046970 -0.17466966 0.30129456
v 3.80964179 -0.17522035 0.29720378
v 3.81046981 -0.17532108 0.29818874
v 3.81046993 -0.17579732 0.29506373
v 3.80966551 -0.17587105 0.29123503
v 3.81047112 -0.17615220 0.29117030
v 3.81046993 -0.17622915 0.28799975
v 3.80926138 -0.17575530 0.28799963
v 3.80887110 -0.17539773 0.29184639
v 3.80822093 -0.17496112 0.28799975
v 3.81047019 -0.15293268 0.33410039
v 3.81046959 -0.14413498 0.33942121
v 3.80889675 -0.14965603 0.33549642
v 3.80965194 -0.13535116 0.34254232
v 3.80821940 -0.13068894 0.34273380
v 3.80821988 -0.12760262 0.34330198
v 3.80966005 -0.11279420 0.34462505
v 3.80888066 -0.11610101 0.34445002
v 3.80888233 -0.11007468 0.34381649
v 3.81046948 -0.11192141 0.34479654
v 3.81046924 -0.10880313 0.34432104
v 3.81046888 -0.10571532 0.34367436
v 3.80965969 -0.10680233 0.34364202
v 3.80890235 -0.10433362 0.34260022
v 3.81046828 -0.10266457 0.34285909
v 3.80821940 -0.10425721 0.34199118
v 3.80822000 -0.10126523 0.34108269
v 3.80822071 -0.09831886 0.34000489
v 3.80887899 -0.09877954 0.34078106
v 3.80889543 -0.08858178 0.33564818
v 3.80887851 -0.09342389 0.33840388
v 3.80963882 -0.08586429 0.33431637
v 3.81047007 -0.08385478 0.33318433
v 3.80965193 -0.08270614 0.33187473
v 3.81047031 -0.08023696 0.33012041
v 3.80889054 -0.07656302 0.32533729
v 3.80887290 -0.08013831 0.32903310
v 3.80889138 -0.08416699 0.33251804
v 3.81047042 -0.07108720 0.31932127
v 3.81046981 -0.06267966 0.29819172
v 3.81046970 -0.06333037 0.30129403
v 3.81046934 -0.06758805 0.31315577
v 3.80888529 -0.06865694 0.31368834
v 3.80889363 -0.06688289 0.30987477
v 3.81047018 -0.06597276 0.30956071
v 3.80964644 -0.06565125 0.30791980
v 3.80965657 -0.06438403 0.30414212
v 3.81047089 -0.06437139 0.30509454
v 3.81047053 -0.06190522 0.29196727
v 3.81046897 -0.06175356 0.28800005
v 3.80889780 -0.06351028 0.29889792
v 3.80932552 -0.06220283 0.28799969
v 3.80888564 -0.06514339 0.30517852
v 3.80822082 -0.06760146 0.31014389
v 3.80888875 -0.07087041 0.31763398
v 3.80889102 -0.07349564 0.32152998
v 3.80822094 -0.07780071 0.32587808
v 3.80821987 -0.08229373 0.33024877
v 3.80821976 -0.09124712 0.33660131
v 3.80822011 -0.08856468 0.33496773
v 3.80821940 -0.10731165 0.34273380
v 3.80822036 -0.11351369 0.34369713
v 3.80822095 -0.13297717 0.34218672
v 3.80822262 -0.13524923 0.34155273
v 3.80889090 -0.15290711 0.33320892
v 3.80822058 -0.16418079 0.32102871
v 3.80822082 -0.16681389 0.31708658
v 3.80888696 -0.17035220 0.31160831
v 3.80822070 -0.17156336 0.30721861
v 3.80889828 -0.17454723 0.29860443
v 3.80822188 -0.06330435 0.29348522
v 3.80822081 -0.06369911 0.29660129
v 3.80822093 -0.06411414 0.29891634
v 3.80822081 -0.06461503 0.30120927
v 3.80822093 -0.06522615 0.30349064
v 3.80822117 -0.06592666 0.30575907
v 3.80822094 -0.06671815 0.30795544
v 3.80822153 -0.06891705 0.31297499
v 3.80822094 -0.07002114 0.31506783
v 3.80822082 -0.07121070 0.31712657
v 3.80822166 -0.07290710 0.31974089
v 3.80822094 -0.07428615 0.32164860
v 3.80822154 -0.07575242 0.32352066
v 3.80822118 -0.07999282 0.32813215
v 3.80822095 -0.08410816 0.33175072
v 3.80822119 -0.08598314 0.33318859
v 3.80822059 -0.09399931 0.33807182
v 3.80822095 -0.09614216 0.33907944
v 3.80821988 -0.11040072 0.34330261
v 3.80822071 -0.11664252 0.34391656
v 3.80822095 -0.11900012 0.34396052
v 3.80822095 -0.13748214 0.34082022
v 3.80822071 -0.13968281 0.34000444
v 3.80822143 -0.14256088 0.33876422
v 3.80822011 -0.14942858 0.33497235
v 3.80822095 -0.15138212 0.33363971
v 3.80822094 -0.15744415 0.32866502
v 3.80822154 -0.16226951 0.32349461
v 3.80822094 -0.16552911 0.31909060
v 3.80822094 -0.16797713 0.31506979
v 3.80822153 -0.16907290 0.31299591
v 3.80822070 -0.17040030 0.31014299
v 3.80822177 -0.17255775 0.30423576
v 3.80822081 -0.17338637 0.30120736
v 3.80822081 -0.17404286 0.29812449
v 3.80822081 -0.17452279 0.29503304
v 3.80822212 -0.17482779 0.29192102
v 3.80822093 -0.17493913 0.28956956
v 3.80533392 -0.17183957 0.29961240
v 3.80424983 -0.17153135 0.30062085
v 3.80533213 -0.17238239 0.29678512
v 3.80533428 -0.17115155 0.30239022
v 3.80611581 -0.17302976 0.29384452
v 3.80681366 -0.17297957 0.29678756
v 3.80425007 -0.17248723 0.29551375
v 3.80424960 -0.17022321 0.30511951
v 3.80536122 -0.17030398 0.30519599
v 3.80499692 -0.16932014 0.30774665
v 3.80424996 -0.16856900 0.30948693
v 3.80681057 -0.17242858 0.29967046
v 3.80611999 -0.16959706 0.30783796
v 3.80501182 -0.16771904 0.31146812
v 3.80611987 -0.16849944 0.31043643
v 3.80500633 -0.17290667 0.29229134
v 3.80425008 -0.16628090 0.31411183
v 3.80501028 -0.16502384 0.31639022
v 3.80424996 -0.16394732 0.31795591
v 3.80712791 -0.16958973 0.30939919
v 3.80611773 -0.16728166 0.31294733
v 3.80499085 -0.16204379 0.32072240
v 3.80611391 -0.16595093 0.31536663
v 3.80646082 -0.16391770 0.31892109
v 3.80574258 -0.16369471 0.31873804
v 3.80425008 -0.16081313 0.32221013
v 3.80424972 -0.15772573 0.32564449
v 3.80499478 -0.15700010 0.32646406
v 3.80425020 -0.15440026 0.32880890
v 3.80538281 -0.16024581 0.32304782
v 3.80500146 -0.15147380 0.33123150
v 3.80425009 -0.15028826 0.33202913
v 3.80538591 -0.15342930 0.32976434
v 3.80424997 -0.14179394 0.33698267
v 3.80425009 -0.14647279 0.33450508
v 3.80498763 -0.14397375 0.33595002
v 3.80646165 -0.15724913 0.32686540
v 3.80646309 -0.15361122 0.33013716
v 3.80500289 -0.14769379 0.33382699
v 3.80712947 -0.15385125 0.33045241
v 3.80646249 -0.14982889 0.33297706
v 3.80500218 -0.13941041 0.33808157
v 3.80424997 -0.13689104 0.33896387
v 3.80500683 -0.13387833 0.33999199
v 3.80424961 -0.13180349 0.34049082
v 3.80535289 -0.13019858 0.34094894
v 3.80425021 -0.12583766 0.34158865
v 3.80534920 -0.12678001 0.34155571
v 3.80501637 -0.12212167 0.34198451
v 3.80424949 -0.11900089 0.34204733
v 3.80722186 -0.11900018 0.34293231
v 3.80822083 -0.12135146 0.34391650
v 3.80822095 -0.11900012 0.34396052
v 3.80574223 -0.12285368 0.34211886
v 3.80544719 -0.11900018 0.34213152
v 3.80646154 -0.12286429 0.34240690
v 3.80424983 -0.17293212 0.29100442
v 3.80500692 -0.17305401 0.28641546
v 3.80424994 -0.17299989 0.28722841
v 3.80425006 -0.17282311 0.28348577
v 3.80533272 -0.17279986 0.28230184
v 3.80533248 -0.17241827 0.27943122
v 3.80424982 -0.17215565 0.27833819
v 3.80533474 -0.17188654 0.27659875
v 3.80424958 -0.17109392 0.27374983
v 3.80536109 -0.17119429 0.27373242
v 3.80424982 -0.16968647 0.26929969
v 3.80499690 -0.17028615 0.27091724
v 3.80500882 -0.16879544 0.26691133
v 3.80424993 -0.16730997 0.26381511
v 3.80611472 -0.16594032 0.26061410
v 3.80712741 -0.16715721 0.26157969
v 3.80611735 -0.16726748 0.26302475
v 3.80501287 -0.16633747 0.26185793
v 3.80536370 -0.16437445 0.25851905
v 3.80424981 -0.16468272 0.25917792
v 3.80646126 -0.16073952 0.25290704
v 3.80646162 -0.16393856 0.25710785
v 3.80533605 -0.16282854 0.25628203
v 3.80425005 -0.16212675 0.25548375
v 3.80501752 -0.16030899 0.25310403
v 3.80574159 -0.15707455 0.24936676
v 3.80574088 -0.16052291 0.25309789
v 3.80424969 -0.15875820 0.25141382
v 3.80499332 -0.15684465 0.24938327
v 3.80424993 -0.15555284 0.24824554
v 3.80499248 -0.15323327 0.24615050
v 3.80646078 -0.15363625 0.24588424
v 3.80574135 -0.15344641 0.24610090
v 3.80646161 -0.14985690 0.24304217
v 3.80424993 -0.15264085 0.24574131
v 3.80499641 -0.14950792 0.24336171
v 3.80646161 -0.14603589 0.24064761
v 3.80746130 -0.14630256 0.24007279
v 3.80425004 -0.14963344 0.24352533
v 3.80425004 -0.14647356 0.24149579
v 3.80499725 -0.14572296 0.24099881
v 3.80424980 -0.14307705 0.23965699
v 3.80500273 -0.14190552 0.23902446
v 3.80424992 -0.13961724 0.23807645
v 3.80499140 -0.13817856 0.23745251
v 3.80536453 -0.13465259 0.23619485
v 3.80425004 -0.13467316 0.23629827
v 3.80537168 -0.13112310 0.23525554
v 3.80424968 -0.12874297 0.23485691
v 3.80537502 -0.12768290 0.23458117
v 3.80537919 -0.12438236 0.23414791
v 3.80425016 -0.12354706 0.23418069
v 3.80712906 -0.12293575 0.23320001
v 3.80646221 -0.12289915 0.23359466
v 3.80706409 -0.11900012 0.23317802
v 3.80822090 -0.11900012 0.23203892
v 3.80771056 -0.12221501 0.23268586
v 3.80538288 -0.12124930 0.23392600
v 3.80745527 -0.13496754 0.34078812
v 3.80681082 -0.13120560 0.34131643
v 3.80611571 -0.13469241 0.34003863
v 3.80611822 -0.13837294 0.33878547
v 3.80611690 -0.14212988 0.33718884
v 3.80574271 -0.14586458 0.33511841
v 3.80574330 -0.14967296 0.33273470
v 3.80712839 -0.16101173 0.32338363
v 3.80770930 -0.16130594 0.32377750
v 3.80712958 -0.15753112 0.32714453
v 3.80574270 -0.15705625 0.32665113
v 3.80712863 -0.16424814 0.31914133
v 3.80646153 -0.16071502 0.32312149
v 3.80773301 -0.17199132 0.30425846
v 3.80681343 -0.17089382 0.30526221
v 3.80681414 -0.17173532 0.30249405
v 3.80771477 -0.17339311 0.29858911
v 3.80611688 -0.17326692 0.29092056
v 3.80611426 -0.17334453 0.28798842
v 3.80611712 -0.17326543 0.28504938
v 3.80712729 -0.16961149 0.26665276
v 3.80771308 -0.17011968 0.26661670
v 3.80686587 -0.17146007 0.27236462
v 3.80611973 -0.16958520 0.26813185
v 3.80611509 -0.17055551 0.27081323
v 3.80612021 -0.16848591 0.26553279
v 3.80574207 -0.14968703 0.24327481
v 3.80574278 -0.14588252 0.24089122
v 3.80611638 -0.14213387 0.23881275
v 3.80611769 -0.13837258 0.23721409
v 3.80681113 -0.12774376 0.23400790
v 3.80681054 -0.13120142 0.23468226
v 3.80424968 -0.11900036 0.23398316
v 3.80531625 -0.11900018 0.23389822
v 3.80681130 -0.12775091 0.34199050
v 3.80646297 -0.14601085 0.33536690
v 3.80771168 -0.16749052 0.31481260
v 3.80712803 -0.16712949 0.31447124
v 3.80771441 -0.17421905 0.29264980
v 3.80712754 -0.17374883 0.29246652
v 3.80681330 -0.17297212 0.27916688
v 3.80681330 -0.17336867 0.28208333
v 3.80681020 -0.17242089 0.27629489
v 3.80771177 -0.16761616 0.26141459
v 3.80770974 -0.16145847 0.25240219
v 3.80712776 -0.16427622 0.25690019
v 3.80712812 -0.16104529 0.25265592
v 3.80646162 -0.15727428 0.24915886
v 3.80681125 -0.13479302 0.23563236
v 3.80712864 -0.12288676 0.34280264
v 3.80744883 -0.13869802 0.33950883
v 3.80745765 -0.14251391 0.33789038
v 3.80746087 -0.14636711 0.33588940
v 3.80746266 -0.15022031 0.33347404
v 3.80822511 -0.17155931 0.30721778
v 3.80822094 -0.17070112 0.30941594
v 3.80771322 -0.17001597 0.30963147
v 3.80822618 -0.17255334 0.30423742
v 3.80712742 -0.17391149 0.28654349
v 3.80822604 -0.17255453 0.27176201
v 3.80822914 -0.17319087 0.27406597
v 3.80773240 -0.17208145 0.27203900
v 3.80822497 -0.17155657 0.26877463
v 3.80822592 -0.16510574 0.25628155
v 3.80822353 -0.16681180 0.25891304
v 3.80772870 -0.16475401 0.25672168
v 3.80822091 -0.15857015 0.24842870
v 3.80822377 -0.16019646 0.25012094
v 3.80772190 -0.15795449 0.24858600
v 3.80712764 -0.15756485 0.24889010
v 3.80712823 -0.15388617 0.24557662
v 3.80746309 -0.15017102 0.24249119
v 3.80745796 -0.14243845 0.23807329
v 3.80744902 -0.13860414 0.23645467
v 3.80772778 -0.12952832 0.34243262
v 3.80772170 -0.12289725 0.34329280
v 3.80772396 -0.15407154 0.33090600
v 3.80772265 -0.15776650 0.32759872
v 3.80821820 -0.15911905 0.32702440
v 3.80772849 -0.16459016 0.31951588
v 3.80821736 -0.16595194 0.31846404
v 3.80822510 -0.17338261 0.30120587
v 3.80822296 -0.17452065 0.29503417
v 3.80771452 -0.17439816 0.28663838
v 3.80771464 -0.17392537 0.28065115
v 3.80821960 -0.16975979 0.26442331
v 3.80822258 -0.16325483 0.25374222
v 3.80772428 -0.15426711 0.24525356
v 3.80771545 -0.13426409 0.23472583
v 3.80772773 -0.12810842 0.23331302
v 3.80822107 -0.12448190 0.34369683
v 3.80822083 -0.12760047 0.34330106
v 3.80822095 -0.12991712 0.34288522
v 3.80822059 -0.13221506 0.34238377
v 3.80822274 -0.13524572 0.34155425
v 3.80822095 -0.13748214 0.34082022
v 3.80822000 -0.13968525 0.34000399
v 3.80822250 -0.14256070 0.33876338
v 3.80822095 -0.14468411 0.33771822
v 3.80822393 -0.14675740 0.33659419
v 3.80821916 -0.14943168 0.33497107
v 3.80822095 -0.15138212 0.33363971
v 3.80821940 -0.15328679 0.33223533
v 3.80821868 -0.15570048 0.33025491
v 3.80822094 -0.15744415 0.32866502
v 3.80822094 -0.16072611 0.32528990
v 3.80822094 -0.16226909 0.32349616
v 3.80821808 -0.16418365 0.32102841
v 3.80822094 -0.16719911 0.31643295
v 3.80822141 -0.16835985 0.31437623
v 3.80821974 -0.16976694 0.31155985
v 3.80822391 -0.17403999 0.29812455
v 3.80822212 -0.17482809 0.29192126
v 3.80822128 -0.17496089 0.28878450
v 3.80822045 -0.17491755 0.28564507
v 3.80821961 -0.17469821 0.28251260
v 3.80821878 -0.17430273 0.27939492
v 3.80821782 -0.17373744 0.27631915
v 3.80822092 -0.17070112 0.26658392
v 3.80822139 -0.16836033 0.26162237
v 3.80822091 -0.16175613 0.25189471
v 3.80822103 -0.15686450 0.24678642
v 3.80822484 -0.15451441 0.24474943
v 3.80822055 -0.15204171 0.24282718
v 3.80822090 -0.15009014 0.24146914
v 3.80822043 -0.14809165 0.24018765
v 3.80822090 -0.14606915 0.23902071
v 3.80821971 -0.14397178 0.23791200
v 3.80822209 -0.14113567 0.23659790
v 3.80822019 -0.13821552 0.23543483
v 3.80822269 -0.13524608 0.23444444
v 3.80822054 -0.13221935 0.23361641
v 3.80822066 -0.12914840 0.23296094
v 3.80822090 -0.12604229 0.23247796
v 3.80822221 -0.12291870 0.23217195
v 3.80822090 -0.12057016 0.23206073
usemtl Aluminum
f 1 2 3
f 4 5 6
f 3 2 7
f 8 7 2
f 9 7 8
f 9 10 11
f 9 8 10
f 11 12 13
f 13 14 15
f 11 10 12
f 13 12 14
f 16 17 18
f 14 18 15
f 14 16 18
f 19 17 16
f 16 20 19
f 21 19 20
f 22 23 24
f 25 1 3
f 24 26 27
f 28 1 25
f 28 29 30
f 25 29 28
f 31 29 32
f 33 30 29
f 33 34 35
f 35 30 33
f 35 36 37
f 33 38 39
f 36 35 34
f 36 34 40
f 41 42 37
f 37 36 41
f 40 43 44
f 41 45 46
f 46 42 41
f 46 45 47
f 48 46 49
f 47 49 46
f 50 51 48
f 48 49 50
f 52 53 51
f 52 51 50
f 53 52 54
f 53 54 55
f 54 56 55
f 56 57 55
f 58 56 59
f 60 58 61
f 62 63 64
f 65 66 67
f 68 69 70
f 71 72 73
f 74 75 76
f 77 75 78
f 79 80 81
f 82 83 84
f 84 85 82
f 85 86 87
f 85 88 86
f 89 90 91
f 86 91 90
f 92 93 94
f 90 89 95
f 96 95 89
f 88 91 86
f 87 82 85
f 97 83 81
f 79 78 80
f 97 84 83
f 69 73 72
f 97 81 80
f 98 74 99
f 77 71 73
f 79 77 78
f 77 73 75
f 72 100 69
f 69 100 70
f 67 70 100
f 101 102 66
f 103 104 64
f 67 66 70
f 65 67 105
f 106 107 108
f 65 104 103
f 65 105 104
f 103 109 106
f 103 64 63
f 109 103 63
f 60 61 62
f 64 60 62
f 59 110 111
f 112 61 111
f 61 58 59
f 56 58 57
f 96 113 94
f 96 89 114
f 114 89 91
f 115 116 117
f 85 117 88
f 85 118 117
f 84 119 118
f 118 85 84
f 97 120 119
f 97 119 84
f 80 121 120
f 80 120 97
f 78 75 121
f 78 121 80
f 122 123 124
f 73 68 125
f 73 125 75
f 126 127 102
f 69 68 73
f 65 108 101
f 108 65 106
f 65 101 66
f 107 106 109
f 128 129 130
f 103 106 65
f 112 131 130
f 56 132 110
f 56 133 132
f 59 56 110
f 133 54 134
f 134 54 52
f 54 133 56
f 135 136 137
f 45 138 139
f 41 140 138
f 45 139 47
f 41 44 140
f 45 41 138
f 44 36 40
f 36 44 41
f 29 31 33
f 32 25 6
f 25 32 29
f 3 141 6
f 6 25 3
f 7 142 141
f 141 3 7
f 9 11 142
f 142 7 9
f 143 144 18
f 20 145 21
f 146 21 145
f 96 114 113
f 114 147 113
f 91 116 147
f 114 91 147
f 116 88 117
f 116 91 88
f 120 98 148
f 148 119 120
f 121 74 98
f 121 98 120
f 74 121 75
f 76 125 127
f 76 75 125
f 68 102 127
f 68 127 125
f 149 126 150
f 102 68 70
f 151 152 153
f 66 102 70
f 63 130 129
f 130 62 112
f 129 109 63
f 131 112 111
f 62 130 63
f 154 111 155
f 61 112 62
f 59 111 61
f 52 156 157
f 50 158 156
f 52 157 134
f 49 137 158
f 50 156 52
f 47 139 137
f 49 158 50
f 137 49 47
f 159 135 43
f 160 161 162
f 39 40 34
f 33 39 34
f 31 163 38
f 31 38 33
f 32 5 163
f 32 163 31
f 164 165 166
f 5 32 6
f 141 167 4
f 4 6 141
f 142 168 167
f 167 141 142
f 11 169 168
f 168 142 11
f 169 13 170
f 169 11 13
f 15 144 170
f 13 15 170
f 144 15 18
f 143 17 27
f 143 18 17
f 19 27 17
f 24 21 146
f 113 147 171
f 172 117 118
f 117 172 115
f 173 118 119
f 172 118 173
f 174 119 148
f 173 119 174
f 175 148 98
f 174 148 175
f 175 98 99
f 124 74 76
f 99 74 124
f 122 76 127
f 122 124 76
f 122 127 126
f 150 102 101
f 150 126 102
f 150 101 108
f 150 108 107
f 107 109 129
f 155 111 110
f 155 110 132
f 176 132 133
f 176 155 132
f 176 133 134
f 176 134 157
f 177 178 179
f 135 139 138
f 135 137 139
f 135 138 140
f 43 140 44
f 135 140 43
f 180 181 182
f 161 40 39
f 43 40 161
f 162 39 38
f 161 39 162
f 183 184 185
f 186 38 163
f 162 38 186
f 187 163 5
f 186 163 187
f 188 5 4
f 187 5 188
f 189 164 190
f 188 4 167
f 143 27 26
f 21 24 27
f 19 21 27
f 94 113 171
f 147 191 171
f 171 191 192
f 116 191 147
f 116 115 191
f 99 193 175
f 124 194 99
f 193 99 194
f 194 123 195
f 194 124 123
f 126 196 122
f 123 122 196
f 196 149 197
f 196 126 149
f 107 151 150
f 149 150 151
f 129 128 107
f 107 128 151
f 128 131 198
f 128 130 131
f 131 154 199
f 131 111 154
f 176 200 155
f 154 155 200
f 157 201 176
f 200 176 201
f 156 201 157
f 158 178 156
f 201 156 178
f 137 179 158
f 178 158 179
f 179 136 202
f 179 137 136
f 136 159 203
f 136 135 159
f 161 182 43
f 43 182 159
f 182 160 204
f 182 161 160
f 186 185 162
f 162 185 160
f 187 205 186
f 186 205 185
f 187 166 205
f 188 166 187
f 188 164 166
f 167 164 188
f 167 190 164
f 168 190 167
f 190 206 207
f 190 168 206
f 169 206 168
f 170 208 169
f 206 169 208
f 144 208 170
f 144 209 208
f 143 209 144
f 26 209 143
f 209 26 23
f 94 171 192
f 94 192 92
f 210 92 192
f 210 192 211
f 192 191 211
f 211 191 212
f 212 191 213
f 213 191 115
f 213 115 214
f 214 115 215
f 115 172 215
f 215 172 216
f 216 173 217
f 216 172 173
f 217 173 218
f 218 174 219
f 218 173 174
f 219 174 220
f 220 174 175
f 220 175 221
f 221 175 222
f 222 175 193
f 223 222 193
f 223 194 224
f 223 193 194
f 195 224 194
f 195 123 225
f 225 123 226
f 227 226 123
f 227 123 196
f 228 227 196
f 228 196 197
f 197 149 229
f 229 149 153
f 153 149 151
f 230 152 151
f 231 230 151
f 231 151 128
f 232 231 128
f 232 128 198
f 198 131 233
f 233 131 199
f 199 154 234
f 234 154 235
f 235 154 236
f 236 200 237
f 236 154 200
f 238 237 200
f 238 200 201
f 239 238 201
f 240 239 201
f 240 201 178
f 202 177 179
f 202 136 241
f 241 136 242
f 242 136 203
f 203 159 243
f 243 159 181
f 181 159 182
f 180 182 204
f 204 160 244
f 244 160 184
f 184 160 185
f 183 185 245
f 245 185 205
f 205 166 246
f 165 246 166
f 165 164 189
f 189 190 207
f 207 206 247
f 247 206 248
f 248 206 249
f 249 206 208
f 250 249 208
f 250 208 251
f 251 209 252
f 251 208 209
f 252 209 253
f 253 209 254
f 254 209 23
f 255 254 23
f 22 255 23
f 24 23 26
f 256 257 258
f 259 260 261
f 262 263 264
f 265 266 262
f 267 268 261
f 269 260 270
f 271 272 269
f 267 269 272
f 273 271 269
f 274 273 270
f 271 273 275
f 276 275 277
f 267 261 269
f 276 278 279
f 276 277 278
f 280 281 282
f 278 281 283
f 279 278 283
f 284 283 281
f 284 281 285
f 284 285 286
f 286 285 287
f 275 273 277
f 287 285 288
f 287 288 289
f 288 290 289
f 291 292 293
f 288 293 292
f 294 268 295
f 268 294 261
f 296 297 259
f 294 295 298
f 299 298 295
f 300 301 302
f 299 303 298
f 304 298 303
f 304 303 305
f 306 304 307
f 308 304 305
f 309 308 305
f 310 311 307
f 308 309 312
f 312 313 308
f 312 314 313
f 315 316 313
f 314 317 313
f 317 314 318
f 319 317 318
f 318 320 319
f 319 321 315
f 322 319 320
f 323 322 324
f 322 323 319
f 324 257 323
f 321 325 326
f 323 257 256
f 327 328 325
f 329 330 331
f 332 329 331
f 333 334 335
f 336 337 338
f 333 336 338
f 339 340 337
f 337 340 338
f 340 341 342
f 343 344 345
f 341 345 346
f 347 348 349
f 350 351 346
f 352 353 354
f 354 355 356
f 357 354 358
f 266 265 359
f 262 264 265
f 263 360 264
f 361 360 263
f 360 362 363
f 362 360 361
f 363 362 364
f 364 365 363
f 366 367 363
f 365 368 363
f 369 368 365
f 366 370 371
f 369 372 368
f 373 372 369
f 374 358 356
f 375 264 376
f 356 355 359
f 265 356 359
f 377 354 353
f 354 377 355
f 378 379 357
f 380 348 381
f 349 348 350
f 352 382 353
f 382 380 381
f 352 380 382
f 348 347 381
f 350 383 349
f 383 350 345
f 344 383 345
f 345 340 343
f 340 339 343
f 384 336 333
f 333 332 384
f 329 332 333
f 329 335 385
f 330 329 256
f 256 258 330
f 363 368 366
f 376 360 367
f 360 363 367
f 375 376 386
f 360 376 264
f 387 265 375
f 265 264 375
f 374 265 387
f 356 265 374
f 388 358 374
f 354 356 358
f 389 357 358
f 354 357 352
f 379 352 357
f 352 379 380
f 351 380 379
f 380 351 348
f 346 351 390
f 348 351 350
f 345 350 346
f 342 341 391
f 345 341 340
f 342 392 338
f 340 342 338
f 334 338 392
f 333 338 334
f 335 334 393
f 333 335 329
f 335 394 385
f 329 385 256
f 327 256 385
f 256 327 323
f 321 323 327
f 319 323 321
f 395 315 396
f 319 315 317
f 315 397 316
f 317 315 313
f 307 308 316
f 313 316 308
f 311 306 307
f 304 308 307
f 398 298 306
f 304 306 298
f 301 298 398
f 298 301 294
f 301 259 294
f 261 294 259
f 260 259 297
f 269 261 260
f 270 260 399
f 273 269 270
f 274 270 400
f 277 273 274
f 274 401 277
f 278 277 401
f 401 282 278
f 280 282 402
f 278 282 281
f 280 403 281
f 285 281 403
f 403 293 285
f 285 293 288
f 290 288 292
f 368 372 366
f 370 366 372
f 371 404 366
f 404 405 366
f 366 405 367
f 405 406 367
f 406 407 367
f 407 386 376
f 407 376 367
f 386 408 375
f 408 409 375
f 409 410 387
f 409 387 375
f 410 411 387
f 387 411 374
f 411 388 374
f 388 412 358
f 412 389 358
f 389 413 357
f 378 357 413
f 378 414 379
f 414 415 379
f 415 351 379
f 351 415 390
f 390 416 346
f 416 417 346
f 418 346 417
f 418 341 346
f 418 419 341
f 419 391 341
f 391 420 342
f 421 342 420
f 421 392 342
f 422 392 421
f 422 334 392
f 393 334 422
f 393 423 335
f 423 394 335
f 394 424 385
f 424 425 385
f 425 426 385
f 426 327 385
f 328 327 426
f 325 321 327
f 427 321 326
f 396 321 427
f 396 315 321
f 395 397 315
f 397 428 316
f 428 429 316
f 429 430 316
f 430 307 316
f 310 307 430
f 311 431 306
f 431 432 306
f 432 302 398
f 432 398 306
f 302 301 398
f 300 433 301
f 433 296 259
f 433 259 301
f 297 434 260
f 434 399 260
f 399 435 270
f 435 400 270
f 400 436 274
f 436 437 274
f 437 401 274
f 438 401 437
f 438 439 401
f 439 282 401
f 439 402 282
f 402 440 280
f 440 441 280
f 441 403 280
f 441 442 403
f 442 443 403
f 443 444 293
f 443 293 403
f 444 445 293
f 291 293 445
f 446 447 448
f 447 446 449
f 450 447 449
f 451 450 452
f 449 452 450
f 452 453 451
f 454 453 452
f 455 453 454
f 456 455 454
f 456 457 455
f 456 458 457
f 457 458 459
f 458 460 459
f 461 460 458
f 448 462 446
f 463 462 448
f 464 462 463
f 465 464 463
f 466 464 465
f 467 466 465
f 468 466 467
f 467 469 468
f 469 470 468
f 469 471 470
f 470 471 472
f 472 471 473
f 474 472 473
f 475 474 473
f 475 476 474
f 475 477 476
f 478 476 477
f 478 477 479
f 480 481 482
f 480 482 483
f 484 482 481
f 484 481 485
f 486 487 488
f 489 490 491
f 489 491 492
f 493 492 494
f 492 495 494
f 495 496 497
f 497 494 495
f 497 496 498
f 497 498 499
f 492 493 489
f 500 491 490
f 490 488 500
f 500 488 487
f 486 488 501
f 486 501 485
f 484 485 501
f 483 502 480
f 483 503 502
f 502 503 504
f 504 503 505
f 479 504 505
f 478 479 505
f 506 507 508
f 509 510 511
f 512 513 514
f 515 508 507
f 516 517 518
f 519 512 520
f 521 522 523
f 524 525 526
f 527 528 529
f 530 531 522
f 532 533 534
f 535 536 537
f 538 539 540
f 541 542 543
f 544 545 546
f 547 548 549
f 550 551 552
f 553 554 555
f 556 557 558
f 559 560 561
f 562 563 564
f 565 566 567
f 568 569 570
f 571 572 573
f 574 575 576
f 577 578 579
f 580 581 582
f 583 584 585
f 586 587 588
f 589 590 591
f 592 593 594
f 595 596 597
f 598 599 600
f 601 602 603
f 510 604 511
f 605 606 607
f 608 609 610
f 511 611 509
f 612 613 614
f 615 616 617
f 618 619 612
f 613 612 620
f 621 622 623
f 624 623 622
f 625 623 624
f 612 619 622
f 621 620 612
f 612 622 621
f 613 626 614
f 613 620 627
f 616 615 614
f 614 626 616
f 617 610 609
f 617 616 610
f 611 608 509
f 611 609 608
f 604 628 607
f 510 628 604
f 605 599 606
f 628 605 607
f 598 600 601
f 606 599 598
f 603 602 594
f 601 600 602
f 593 603 594
f 596 592 597
f 596 593 592
f 588 595 586
f 586 595 597
f 589 591 587
f 587 591 588
f 581 580 590
f 589 581 590
f 582 584 583
f 580 582 583
f 585 576 575
f 585 584 576
f 578 574 579
f 578 575 574
f 570 577 568
f 568 577 579
f 571 573 569
f 569 573 570
f 563 562 572
f 571 563 572
f 564 566 565
f 562 564 565
f 567 558 557
f 567 566 558
f 560 556 561
f 560 557 556
f 552 559 550
f 550 559 561
f 553 555 551
f 551 555 552
f 545 544 554
f 553 545 554
f 546 548 547
f 544 546 547
f 549 540 539
f 549 548 540
f 542 538 543
f 542 539 538
f 534 541 532
f 532 541 543
f 535 537 533
f 533 537 534
f 528 527 536
f 535 528 536
f 529 531 530
f 527 529 530
f 629 521 523
f 522 531 523
f 525 629 526
f 629 525 521
f 518 524 516
f 516 524 526
f 519 520 517
f 517 520 518
f 514 513 630
f 519 513 512
f 630 508 515
f 515 514 630
f 506 631 632
f 506 632 507
f 633 631 634
f 631 633 632
f 633 634 635
f 635 634 636
f 636 637 638
f 638 635 636
f 639 637 640
f 637 639 638
f 641 642 640
f 639 640 642
f 641 643 644
f 644 642 641
f 645 643 646
f 643 645 644
f 647 648 646
f 645 646 648
f 647 649 650
f 650 648 647
f 651 649 652
f 649 651 650
f 653 654 652
f 651 652 654
f 653 655 656
f 656 654 653
f 657 655 658
f 655 657 656
f 659 660 658
f 657 658 660
f 659 661 662
f 662 660 659
f 661 663 662
f 664 665 663
f 663 661 664
f 665 666 667
f 666 665 664
f 668 667 669
f 666 669 667
f 670 671 668
f 668 669 670
f 671 672 673
f 672 671 670
f 674 673 675
f 672 675 673
f 676 677 674
f 674 675 676
f 677 678 679
f 678 677 676
f 680 679 681
f 678 681 679
f 682 683 680
f 680 681 682
f 683 684 685
f 684 683 682
f 686 685 687
f 684 687 685
f 688 689 686
f 686 687 688
f 689 690 691
f 690 689 688
f 692 691 693
f 690 693 691
f 694 695 692
f 692 693 694
f 695 696 697
f 696 695 694
f 698 697 699
f 696 699 697
f 700 701 702
f 698 699 701
f 703 704 705
f 706 707 708
f 709 710 711
f 712 713 714
f 715 716 717
f 718 719 720
f 721 722 723
f 724 725 726
f 727 728 729
f 730 731 732
f 733 734 735
f 736 737 738
f 739 740 741
f 742 743 744
f 745 746 747
f 748 749 750
f 751 752 753
f 754 755 752
f 756 757 758
f 759 753 760
f 761 759 760
f 762 760 757
f 753 757 760
f 763 761 760
f 752 758 753
f 757 753 758
f 755 754 745
f 758 752 755
f 747 746 748
f 745 754 746
f 740 750 749
f 750 747 748
f 743 739 741
f 741 740 749
f 744 735 742
f 743 742 739
f 733 738 734
f 744 733 735
f 737 736 727
f 734 738 737
f 729 728 730
f 727 736 728
f 722 732 731
f 732 729 730
f 725 721 723
f 723 722 731
f 726 717 724
f 725 724 721
f 715 720 716
f 726 715 717
f 719 718 709
f 716 720 719
f 711 710 712
f 709 718 710
f 704 714 713
f 714 711 712
f 707 703 705
f 705 704 713
f 708 702 706
f 707 706 703
f 701 700 698
f 708 700 702
f 764 765 766
f 767 768 769
f 770 771 772
f 773 765 774
f 775 776 777
f 770 772 778
f 779 780 781
f 782 783 784
f 785 786 787
f 788 780 789
f 790 791 792
f 785 793 794
f 795 796 797
f 798 799 800
f 801 802 803
f 804 805 806
f 807 808 809
f 810 811 812
f 813 814 815
f 816 817 818
f 819 820 821
f 822 823 824
f 825 826 827
f 828 829 830
f 831 832 833
f 834 835 836
f 837 832 838
f 839 840 841
f 842 843 844
f 845 846 847
f 840 848 849
f 850 851 852
f 850 853 854
f 855 856 857
f 858 852 859
f 860 861 862
f 855 863 861
f 864 855 865
f 865 860 866
f 855 861 860
f 865 855 860
f 857 867 863
f 855 857 863
f 857 858 859
f 859 867 857
f 868 850 852
f 859 852 851
f 853 846 854
f 853 850 868
f 845 869 846
f 853 847 846
f 849 848 845
f 869 845 848
f 841 840 842
f 840 839 848
f 838 844 843
f 844 841 842
f 870 838 832
f 837 838 843
f 833 834 831
f 832 831 870
f 835 827 836
f 833 835 834
f 826 825 829
f 836 827 826
f 828 830 819
f 829 825 830
f 824 821 820
f 821 828 819
f 814 823 822
f 822 824 820
f 815 816 813
f 814 813 823
f 817 809 818
f 815 817 816
f 808 807 811
f 818 809 808
f 810 812 801
f 811 807 812
f 806 803 802
f 803 810 801
f 796 805 804
f 804 806 802
f 797 798 795
f 796 795 805
f 799 792 800
f 797 799 798
f 791 790 871
f 800 792 791
f 871 790 794
f 785 787 793
f 794 793 871
f 872 786 788
f 872 787 786
f 789 780 779
f 872 788 789
f 783 782 781
f 781 782 779
f 777 776 784
f 783 777 784
f 775 778 873
f 776 775 873
f 771 770 874
f 778 772 873
f 774 874 773
f 874 774 771
f 766 875 764
f 766 765 773
f 876 877 875
f 764 875 877
f 876 878 879
f 879 877 876
f 878 880 879
f 767 880 768
f 878 768 880
f 767 769 881
f 882 883 881
f 881 769 882
f 883 884 885
f 884 883 882
f 886 885 887
f 884 887 885
f 888 889 886
f 886 887 888
f 889 890 891
f 890 889 888
f 892 891 893
f 890 893 891
f 894 895 892
f 892 893 894
f 895 896 897
f 896 895 894
f 898 897 899
f 896 899 897
f 900 901 898
f 898 899 900
f 901 902 903
f 902 901 900
f 904 903 905
f 902 905 903
f 906 907 904
f 904 905 906
f 907 908 909
f 908 907 906
f 910 909 911
f 908 911 909
f 912 913 910
f 910 911 912
f 913 914 915
f 914 913 912
f 916 915 917
f 914 917 915
f 918 919 916
f 916 917 918
f 919 920 921
f 920 919 918
f 922 921 923
f 920 923 921
f 924 925 922
f 922 923 924
f 925 926 927
f 926 925 924
f 928 927 929
f 926 929 927
f 930 931 928
f 928 929 930
f 931 932 933
f 932 931 930
f 934 935 936
f 932 934 933
f 937 938 939
f 940 941 942
f 943 944 945
f 946 947 948
f 949 950 951
f 952 953 954
f 955 956 957
f 958 959 960
f 961 954 962
f 963 964 965
f 966 967 968
f 969 970 971
f 963 972 973
f 974 975 976
f 977 978 970
f 979 980 981
f 975 982 980
f 979 983 984
f 982 985 986
f 987 980 979
f 983 979 981
f 980 982 986
f 980 986 981
f 974 982 975
f 975 980 988
f 978 977 974
f 976 978 974
f 989 971 970
f 970 978 989
f 990 971 973
f 990 969 971
f 972 963 965
f 990 973 972
f 968 965 966
f 966 965 964
f 959 958 967
f 966 959 967
f 960 961 962
f 958 960 962
f 991 954 953
f 962 954 991
f 956 952 957
f 956 953 952
f 948 955 946
f 946 955 957
f 949 951 947
f 947 951 948
f 941 940 950
f 949 941 950
f 942 944 943
f 940 942 943
f 945 938 937
f 945 944 938
f 935 939 936
f 935 937 939
f 936 933 934
f 992 993 994
f 995 996 997
f 998 999 1000
f 1001 1002 1003
f 1004 1005 1006
f 1007 1008 1009
f 1010 1011 1012
f 1013 1014 1015
f 1016 1017 1018
f 1012 1019 1020
f 1021 1022 1023
f 1024 1025 1026
f 1027 1028 1029
f 1024 1030 1031
f 1032 1033 1034
f 1035 1036 1037
f 1038 1039 1040
f 1041 1042 1043
f 1044 1045 1046
f 1047 1048 1049
f 1050 1051 1052
f 1053 1054 1055
f 1056 1057 1058
f 1059 1060 1061
f 1062 1059 1063
f 1056 1064 1065
f 1066 1067 1068
f 1069 1070 1071
f 1072 1073 1074
f 1075 1076 1077
f 1077 1078 1073
f 1079 1080 1081
f 1082 1083 1084
f 1085 1086 1087
f 1088 1087 1089
f 1090 1091 1092
f 1093 1094 1095
f 1096 1097 1098
f 1099 1080 1100
f 1101 1102 1103
f 1101 1086 1104
f 1105 1106 1084
f 1066 1107 1108
f 1109 1110 1093
f 996 1111 1098
f 1112 1100 1072
f 1113 1090 1083
f 997 1114 1115
f 1114 1116 1109
f 1117 1118 1103
f 1089 1097 1119
f 1105 1120 1121
f 1095 1094 1092
f 1122 1118 1123
f 1124 1125 1122
f 1125 1126 1075
f 1127 1128 1120
f 1068 1129 1130
f 1130 1131 1127
f 1132 1063 1133
f 1070 1134 1107
f 1061 1135 1136
f 1137 1133 1079
f 1136 1138 1139
f 1071 1065 1140
f 1051 1141 1057
f 1139 1138 1142
f 1143 1052 1144
f 1145 1142 1146
f 1055 1147 1053
f 1147 1146 1053
f 1049 1055 1054
f 1148 1149 1144
f 1049 1054 1047
f 1150 1148 1045
f 1151 1152 1153
f 1033 1043 1154
f 1155 1156 1157
f 1042 1158 1159
f 1160 1035 1161
f 1159 1162 1163
f 1164 1165 1037
f 1163 1166 1167
f 1168 1165 1169
f 1166 1170 1167
f 1171 1168 1172
f 1170 1029 1173
f 1174 1175 1171
f 1031 1176 1027
f 1177 1178 1025
f 1175 1179 1021
f 1177 1180 1181
f 1023 1182 1010
f 1183 1017 1184
f 1185 1180 1183
f 1186 1187 1188
f 1020 1189 1188
f 1190 1187 1191
f 1018 1192 1193
f 1015 1190 1194
f 1195 1196 1192
f 1197 1014 1198
f 1199 1195 1200
f 1198 1004 1197
f 1201 1202 1200
f 1203 1204 1205
f 1204 1206 1201
f 1207 1208 1005
f 1205 1007 1209
f 1008 999 1210
f 1211 1212 1207
f 1213 1001 1214
f 1215 1214 1212
f 993 1216 1000
f 1217 1218 994
f 1219 1220 1003
f 1221 1222 1217
f 1223 1224 1220
f 1225 1226 1221
f 1224 1227 1228
f 1226 1229 1230
f 1231 1228 1232
f 1230 1233 1234
f 1235 1231 1236
f 1237 1238 1239
f 1239 1235 1240
f 1241 1238 1242
f 1233 1243 1234
f 1244 1245 1246
f 1245 1247 1243
f 1248 1249 1246
f 1241 1250 1251
f 1248 1252 1253
f 1251 1254 1255
f 1256 1252 1257
f 1255 1258 1259
f 1260 1261 1257
f 1259 1262 1263
f 1264 1265 1263
f 1266 1260 1267
f 1268 1269 1265
f 1267 1270 1271
f 1272 1273 1269
f 1274 1275 1273
f 1270 1276 1277
f 1278 1279 1275
f 1280 1276 1281
f 1282 1283 1279
f 1284 1281 1285
f 1286 1283 1287
f 1288 1289 1285
f 1290 1291 1286
f 1288 1292 1293
f 1294 1295 1292
f 1296 1297 1291
f 1294 1298 1299
f 1297 1296 1300
f 1301 1298 1302
f 1303 1300 1304
f 1305 1304 1306
f 1307 1302 1308
f 1309 1306 1310
f 1311 1308 1312
f 1310 1313 1314
f 1315 1316 1312
f 1314 1317 1318
f 1315 1319 1320
f 1321 1319 1322
f 1323 1324 1318
f 1325 1326 1327
f 1328 1329 1324
f 1330 1331 1332
f 1333 1334 1335
f 1336 1337 1338
f 1339 1340 1341
f 1342 1343 1344
f 1345 1346 1347
f 1348 1349 1350
f 1351 1352 1353
f 1354 1355 1356
f 1357 1358 1359
f 1360 1361 1362
f 1350 1363 1364
f 1365 1366 1367
f 1368 1369 1370
f 1371 1372 1373
f 1371 1374 1375
f 1376 1377 1378
f 1376 1373 1379
f 1380 1381 1382
f 1374 1355 1383
f 1384 1385 1386
f 1365 1387 1388
f 1389 1382 1384
f 1386 1390 1366
f 1391 1392 1393
f 1394 1395 1396
f 1397 1395 1398
f 1391 1397 1399
f 1388 1400 1396
f 1370 1393 1401
f 1402 1403 1378
f 1381 1403 1402
f 1404 1361 1405
f 1362 1364 1406
f 1407 1404 1408
f 1409 1348 1369
f 1407 1410 1411
f 1412 1356 1352
f 1413 1414 1358
f 1357 1415 1353
f 1416 1417 1344
f 1418 1419 1413
f 1420 1345 1417
f 1342 1411 1421
f 1347 1341 1340
f 1422 1418 1338
f 1335 1423 1330
f 1424 1336 1332
f 1425 1426 1427
f 1339 1426 1428
f 1429 1430 1333
f 1429 1329 1431
f 1432 1326 1433
f 1322 1432 1434
f 1435 1436 1437
f 1032 1438 1046
f 1161 1157 1156
f 1147 1145 1146
f 1145 1139 1142
f 1136 1135 1138
f 1061 1060 1135
f 1059 1062 1060
f 1063 1132 1062
f 1133 1137 1132
f 1079 1081 1137
f 1080 1099 1081
f 1100 1112 1099
f 1072 1074 1112
f 1073 1078 1074
f 1077 1076 1078
f 1075 1126 1076
f 1125 1124 1126
f 1122 1123 1124
f 1118 1117 1123
f 1103 1102 1117
f 1101 1104 1102
f 1086 1085 1104
f 1087 1088 1085
f 1089 1119 1088
f 1097 1096 1119
f 1098 1111 1096
f 996 995 1111
f 997 1115 995
f 997 1116 1114
f 1116 1110 1109
f 1110 1094 1093
f 1092 1091 1095
f 1090 1113 1091
f 1083 1082 1113
f 1084 1106 1082
f 1105 1121 1106
f 1120 1128 1121
f 1127 1131 1128
f 1130 1129 1131
f 1068 1067 1129
f 1066 1108 1067
f 1107 1134 1108
f 1070 1069 1134
f 1071 1140 1069
f 1065 1064 1140
f 1056 1058 1064
f 1057 1141 1058
f 1051 1050 1141
f 1052 1143 1050
f 1144 1149 1143
f 1148 1150 1149
f 1045 1044 1150
f 1046 1438 1044
f 1032 1034 1438
f 1033 1154 1034
f 1033 1041 1043
f 1041 1158 1042
f 1158 1162 1159
f 1162 1166 1163
f 1170 1173 1167
f 1029 1028 1173
f 1027 1176 1028
f 1031 1030 1176
f 1024 1026 1030
f 1025 1178 1026
f 1177 1181 1178
f 1180 1185 1181
f 1183 1184 1185
f 1017 1016 1184
f 1018 1193 1016
f 1192 1196 1193
f 1195 1199 1196
f 1200 1202 1199
f 1201 1206 1202
f 1204 1203 1206
f 1205 1209 1203
f 1007 1009 1209
f 1008 1210 1009
f 999 998 1210
f 1000 1216 998
f 993 992 1216
f 994 1218 992
f 1217 1222 1218
f 1217 1225 1221
f 1225 1229 1226
f 1229 1233 1230
f 1243 1247 1234
f 1245 1244 1247
f 1246 1249 1244
f 1248 1253 1249
f 1252 1256 1253
f 1257 1261 1256
f 1260 1266 1261
f 1267 1271 1266
f 1270 1277 1271
f 1276 1280 1277
f 1281 1284 1280
f 1285 1289 1284
f 1288 1293 1289
f 1292 1295 1293
f 1294 1299 1295
f 1298 1301 1299
f 1302 1307 1301
f 1308 1311 1307
f 1312 1316 1311
f 1315 1320 1316
f 1319 1321 1320
f 1322 1434 1321
f 1432 1433 1434
f 1326 1325 1433
f 1326 1439 1327
f 1439 1425 1427
f 1439 1427 1327
f 1425 1428 1426
f 1428 1340 1339
f 1347 1346 1341
f 1345 1420 1346
f 1417 1416 1420
f 1344 1343 1416
f 1342 1421 1343
f 1411 1410 1421
f 1407 1408 1410
f 1404 1405 1408
f 1361 1360 1405
f 1362 1406 1360
f 1364 1363 1406
f 1350 1349 1363
f 1348 1409 1349
f 1369 1368 1409
f 1370 1401 1368
f 1393 1392 1401
f 1391 1399 1392
f 1397 1398 1399
f 1395 1394 1398
f 1396 1400 1394
f 1388 1387 1400
f 1365 1367 1387
f 1366 1390 1367
f 1386 1385 1390
f 1386 1389 1384
f 1389 1380 1382
f 1380 1403 1381
f 1378 1377 1402
f 1376 1379 1377
f 1373 1372 1379
f 1371 1375 1372
f 1374 1383 1375
f 1355 1354 1383
f 1356 1412 1354
f 1352 1351 1412
f 1353 1415 1351
f 1357 1359 1415
f 1358 1414 1359
f 1413 1419 1414
f 1418 1422 1419
f 1338 1337 1422
f 1336 1424 1337
f 1332 1331 1424
f 1330 1423 1331
f 1335 1334 1423
f 1333 1430 1334
f 1429 1431 1430
f 1329 1328 1431
f 1324 1323 1328
f 1318 1317 1323
f 1314 1313 1317
f 1314 1309 1310
f 1309 1305 1306
f 1305 1303 1304
f 1303 1297 1300
f 1291 1290 1296
f 1286 1287 1290
f 1283 1282 1287
f 1279 1278 1282
f 1275 1274 1278
f 1273 1272 1274
f 1269 1268 1272
f 1265 1264 1268
f 1263 1262 1264
f 1259 1258 1262
f 1255 1254 1258
f 1251 1250 1254
f 1241 1242 1250
f 1238 1237 1242
f 1239 1240 1237
f 1235 1236 1240
f 1231 1232 1236
f 1228 1227 1232
f 1224 1223 1227
f 1220 1219 1223
f 1003 1002 1219
f 1001 1213 1002
f 1214 1215 1213
f 1212 1211 1215
f 1212 1208 1207
f 1208 1006 1005
f 1006 1197 1004
f 1014 1013 1198
f 1015 1194 1013
f 1190 1191 1194
f 1187 1186 1191
f 1188 1189 1186
f 1020 1019 1189
f 1012 1011 1019
f 1010 1182 1011
f 1023 1022 1182
f 1021 1179 1022
f 1175 1174 1179
f 1171 1172 1174
f 1168 1169 1172
f 1165 1164 1169
f 1037 1036 1164
f 1035 1160 1036
f 1161 1156 1160
f 1153 1155 1157
f 1151 1038 1152
f 1153 1152 1155
f 1039 1435 1040
f 1151 1039 1038
f 1437 1436 1048
f 1040 1435 1437
f 1049 1048 1436
f 1440 1441 1442
f 1443 1444 1445
f 1443 1445 1446
f 1447 1448 1449
f 1450 1451 1452
f 1452 1453 1450
f 1454 1455 1456
f 1457 1458 1459
f 1460 1461 1462
f 1463 1464 1465
f 1466 1467 1468
f 1467 1466 1464
f 1466 1468 1469
f 1466 1469 1470
f 1471 1470 1469
f 1472 1470 1471
f 1471 1473 1472
f 1473 1474 1472
f 1473 1475 1474
f 1474 1475 1476
f 1475 1477 1476
f 1477 1478 1479
f 1479 1476 1477
f 1480 1478 1481
f 1478 1480 1479
f 1467 1464 1463
f 1463 1465 1461
f 1461 1465 1462
f 1462 1482 1460
f 1483 1460 1482
f 1483 1482 1484
f 1485 1484 1482
f 1486 1484 1485
f 1486 1487 1484
f 1486 1458 1487
f 1487 1458 1457
f 1459 1458 1488
f 1488 1454 1489
f 1488 1489 1459
f 1489 1454 1456
f 1453 1490 1455
f 1490 1456 1455
f 1490 1453 1452
f 1491 1451 1450
f 1451 1491 1449
f 1449 1491 1447
f 1492 1448 1447
f 1448 1492 1493
f 1493 1492 1494
f 1494 1495 1493
f 1494 1496 1495
f 1495 1496 1497
f 1444 1443 1497
f 1444 1497 1496
f 1498 1499 1446
f 1498 1446 1445
f 1499 1498 1441
f 1441 1498 1500
f 1442 1441 1500
f 1442 1501 1440
f 1440 1501 1502
f 1503 1504 1505
f 1506 1507 1508
f 1509 1510 1511
f 1512 1513 1514
f 1515 1516 1517
f 1518 1519 1520
f 1521 1522 1523
f 1521 1523 1524
f 1525 1522 1521
f 1526 1527 1528
f 1529 1528 1530
f 1531 1532 1533
f 1530 1534 1535
f 1536 1537 1538
f 1538 1534 1530
f 1539 1538 1540
f 1541 1537 1542
f 1543 1544 1545
f 1541 1546 1547
f 1548 1549 1550
f 1548 1550 1551
f 1552 1553 1554
f 1555 1556 1557
f 1558 1559 1555
f 1560 1561 1562
f 1558 1563 1559
f 1564 1559 1563
f 1563 1562 1565
f 1566 1565 1567
f 1568 1564 1566
f 1569 1568 1566
f 1570 1569 1571
f 1571 1567 1572
f 1571 1569 1566
f 1573 1570 1571
f 1574 1573 1575
f 1576 1574 1575
f 1576 1575 1577
f 1578 1577 1575
f 1578 1579 1580
f 1578 1581 1577
f 1582 1581 1578
f 1578 1583 1582
f 1582 1583 1584
f 1583 1585 1584
f 1585 1583 1586
f 1587 1585 1586
f 1588 1587 1586
f 1589 1590 1591
f 1589 1586 1590
f 1574 1570 1573
f 1564 1563 1566
f 1556 1592 1557
f 1558 1555 1557
f 1549 1548 1592
f 1548 1557 1592
f 1593 1551 1550
f 1548 1544 1594
f 1551 1593 1546
f 1546 1541 1551
f 1595 1547 1540
f 1541 1547 1595
f 1595 1540 1538
f 1539 1534 1538
f 1596 1536 1597
f 1536 1531 1597
f 1529 1530 1535
f 1529 1526 1528
f 1598 1528 1527
f 1599 1598 1600
f 1598 1527 1601
f 1598 1601 1602
f 1603 1604 1602
f 1602 1604 1598
f 1604 1605 1600
f 1606 1525 1604
f 1603 1606 1604
f 1525 1606 1522
f 1607 1605 1608
f 1609 1608 1610
f 1524 1520 1521
f 1524 1518 1520
f 1520 1611 1612
f 1519 1613 1520
f 1613 1614 1615
f 1613 1519 1614
f 1615 1614 1616
f 1617 1618 1517
f 1615 1616 1517
f 1615 1618 1619
f 1616 1515 1517
f 1513 1620 1511
f 1515 1514 1516
f 1513 1516 1514
f 1620 1513 1512
f 1621 1504 1622
f 1509 1511 1620
f 1509 1623 1510
f 1624 1510 1625
f 1510 1623 1626
f 1510 1626 1627
f 1628 1627 1629
f 1627 1626 1629
f 1622 1504 1628
f 1622 1628 1629
f 1503 1630 1631
f 1632 1504 1508
f 1504 1621 1505
f 1503 1505 1630
f 1633 1503 1631
f 1504 1503 1508
f 1634 1628 1632
f 1628 1504 1632
f 1628 1634 1627
f 1625 1627 1634
f 1510 1627 1625
f 1624 1625 1635
f 1636 1511 1624
f 1511 1510 1624
f 1637 1513 1636
f 1513 1511 1636
f 1617 1516 1637
f 1513 1637 1516
f 1618 1617 1638
f 1516 1617 1517
f 1639 1619 1618
f 1517 1618 1615
f 1615 1619 1613
f 1611 1613 1619
f 1640 1611 1641
f 1520 1613 1611
f 1612 1611 1640
f 1520 1612 1521
f 1612 1610 1521
f 1521 1610 1525
f 1605 1525 1610
f 1604 1525 1605
f 1600 1605 1642
f 1604 1600 1598
f 1600 1643 1599
f 1598 1599 1528
f 1532 1528 1599
f 1528 1532 1530
f 1536 1530 1532
f 1538 1530 1536
f 1644 1537 1596
f 1538 1537 1595
f 1537 1645 1542
f 1595 1537 1541
f 1544 1551 1542
f 1541 1542 1551
f 1543 1594 1544
f 1548 1551 1544
f 1646 1557 1594
f 1548 1594 1557
f 1552 1557 1646
f 1557 1552 1558
f 1552 1562 1558
f 1563 1558 1562
f 1565 1562 1561
f 1566 1563 1565
f 1567 1565 1647
f 1571 1566 1567
f 1572 1567 1648
f 1573 1571 1572
f 1572 1649 1573
f 1575 1573 1649
f 1649 1579 1575
f 1580 1579 1650
f 1575 1579 1578
f 1580 1651 1578
f 1583 1578 1651
f 1651 1590 1583
f 1583 1590 1586
f 1588 1586 1589
f 1503 1633 1508
f 1506 1508 1633
f 1507 1652 1508
f 1652 1653 1508
f 1508 1653 1632
f 1653 1654 1632
f 1654 1655 1632
f 1655 1656 1634
f 1655 1634 1632
f 1656 1657 1634
f 1657 1658 1634
f 1634 1658 1625
f 1658 1635 1625
f 1635 1659 1624
f 1659 1660 1624
f 1660 1661 1636
f 1660 1636 1624
f 1661 1662 1636
f 1662 1637 1636
f 1663 1637 1662
f 1663 1664 1637
f 1664 1617 1637
f 1638 1617 1664
f 1638 1665 1618
f 1665 1639 1618
f 1639 1666 1619
f 1666 1667 1619
f 1667 1641 1611
f 1667 1611 1619
f 1640 1668 1612
f 1668 1669 1612
f 1669 1609 1610
f 1669 1610 1612
f 1608 1605 1610
f 1607 1642 1605
f 1642 1670 1600
f 1670 1643 1600
f 1643 1671 1599
f 1671 1672 1599
f 1672 1533 1532
f 1672 1532 1599
f 1531 1536 1532
f 1596 1537 1536
f 1644 1645 1537
f 1645 1673 1542
f 1673 1674 1542
f 1674 1675 1542
f 1675 1544 1542
f 1545 1544 1675
f 1543 1676 1594
f 1676 1677 1594
f 1677 1553 1646
f 1677 1646 1594
f 1553 1552 1646
f 1554 1678 1552
f 1678 1560 1562
f 1678 1562 1552
f 1561 1679 1565
f 1679 1647 1565
f 1647 1680 1567
f 1680 1648 1567
f 1648 1681 1572
f 1681 1682 1572
f 1682 1649 1572
f 1683 1649 1682
f 1683 1650 1579
f 1683 1579 1649
f 1650 1684 1580
f 1684 1685 1580
f 1685 1651 1580
f 1685 1686 1651
f 1686 1687 1651
f 1687 1590 1651
f 1687 1688 1590
f 1688 1689 1590
f 1591 1590 1689
f 1690 1691 1692
f 1691 1690 1693
f 1692 1694 1695
f 1692 1691 1696
f 1691 1693 1697
f 1698 1697 1693
f 1699 1700 1697
f 1701 1690 1695
f 1698 1699 1697
f 1699 1698 1702
f 1699 1703 1700
f 1704 1703 1702
f 1696 1705 1692
f 1703 1706 1700
f 1707 1706 1703
f 1706 1707 1708
f 1709 1710 1704
f 1711 1708 1707
f 1712 1713 1714
f 1708 1711 1715
f 1716 1717 1718
f 1714 1719 1711
f 1719 1715 1711
f 1719 1717 1716
f 1719 1716 1715
f 1718 1720 1721
f 1722 1718 1717
f 1720 1718 1722
f 1723 1724 1725
f 1726 1727 1722
f 1728 1721 1720
f 1727 1729 1730
f 1721 1728 1724
f 1724 1728 1725
f 1731 1723 1725
f 1731 1732 1723
f 1733 1732 1731
f 1734 1732 1733
f 1734 1733 1735
f 1735 1736 1734
f 1736 1735 1737
f 1736 1737 1738
f 1738 1739 1736
f 1740 1741 1742
f 1743 1744 1738
f 1738 1744 1739
f 1740 1744 1745
f 1705 1696 1746
f 1705 1746 1747
f 1746 1748 1747
f 1747 1749 1750
f 1747 1748 1749
f 1751 1750 1752
f 1750 1749 1752
f 1752 1753 1751
f 1753 1754 1755
f 1752 1754 1753
f 1756 1757 1754
f 1757 1755 1754
f 1756 1758 1757
f 1758 1756 1759
f 1760 1761 1762
f 1758 1759 1763
f 1763 1764 1760
f 1764 1763 1765
f 1765 1763 1759
f 1766 1767 1768
f 1765 1769 1768
f 1765 1768 1764
f 1768 1769 1770
f 1771 1772 1770
f 1773 1770 1769
f 1770 1773 1774
f 1774 1775 1776
f 1774 1773 1775
f 1777 1778 1779
f 1780 1776 1775
f 1776 1780 1781
f 1782 1783 1779
f 1784 1781 1780
f 1781 1785 1786
f 1784 1785 1781
f 1786 1787 1788
f 1785 1787 1786
f 1788 1789 1790
f 1788 1787 1789
f 1791 1790 1792
f 1790 1789 1792
f 1793 1791 1792
f 1794 1795 1793
f 1792 1794 1793
f 1795 1794 1796
f 1797 1796 1794
f 1798 1799 1800
f 1801 1802 1800
f 1797 1803 1796
f 1743 1738 1737
f 1804 1805 1806
f 1733 1806 1735
f 1733 1807 1806
f 1731 1808 1807
f 1807 1733 1731
f 1725 1809 1808
f 1725 1808 1731
f 1728 1810 1809
f 1728 1809 1725
f 1720 1722 1810
f 1720 1810 1728
f 1811 1812 1813
f 1717 1719 1814
f 1717 1814 1722
f 1815 1816 1713
f 1707 1712 1714
f 1707 1710 1712
f 1711 1707 1714
f 1710 1703 1704
f 1709 1704 1702
f 1703 1710 1707
f 1817 1818 1819
f 1701 1820 1819
f 1699 1702 1703
f 1705 1821 1694
f 1705 1822 1821
f 1692 1705 1694
f 1822 1747 1823
f 1823 1747 1750
f 1747 1822 1705
f 1824 1825 1826
f 1757 1827 1828
f 1758 1829 1827
f 1757 1828 1755
f 1758 1762 1829
f 1757 1758 1827
f 1762 1763 1760
f 1763 1762 1758
f 1770 1772 1768
f 1771 1774 1778
f 1774 1771 1770
f 1776 1830 1778
f 1778 1774 1776
f 1781 1831 1830
f 1830 1776 1781
f 1786 1832 1831
f 1831 1781 1786
f 1788 1833 1832
f 1788 1832 1786
f 1790 1791 1833
f 1833 1788 1790
f 1834 1835 1793
f 1797 1836 1803
f 1837 1803 1836
f 1744 1743 1745
f 1743 1838 1745
f 1737 1805 1838
f 1743 1737 1838
f 1805 1735 1806
f 1805 1737 1735
f 1809 1730 1839
f 1839 1808 1809
f 1810 1727 1730
f 1810 1730 1809
f 1727 1810 1722
f 1726 1814 1816
f 1726 1722 1814
f 1719 1713 1816
f 1719 1816 1814
f 1840 1815 1841
f 1713 1719 1714
f 1698 1819 1818
f 1819 1693 1701
f 1818 1702 1698
f 1820 1701 1695
f 1693 1819 1698
f 1842 1695 1843
f 1690 1701 1693
f 1692 1695 1690
f 1750 1844 1845
f 1751 1846 1844
f 1750 1845 1823
f 1753 1826 1846
f 1751 1844 1750
f 1755 1828 1826
f 1753 1846 1751
f 1826 1753 1755
f 1847 1824 1761
f 1848 1849 1850
f 1767 1760 1764
f 1768 1767 1764
f 1772 1851 1766
f 1772 1766 1768
f 1771 1777 1851
f 1771 1851 1772
f 1777 1771 1778
f 1830 1782 1779
f 1779 1778 1830
f 1831 1832 1782
f 1782 1830 1831
f 1791 1835 1852
f 1833 1791 1852
f 1835 1791 1793
f 1834 1795 1799
f 1834 1793 1795
f 1796 1799 1795
f 1800 1803 1837
f 1745 1838 1853
f 1854 1806 1807
f 1806 1854 1804
f 1855 1807 1808
f 1854 1807 1855
f 1856 1808 1839
f 1855 1808 1856
f 1857 1839 1730
f 1856 1839 1857
f 1857 1730 1729
f 1813 1727 1726
f 1729 1727 1813
f 1811 1726 1816
f 1811 1813 1726
f 1811 1816 1815
f 1841 1713 1712
f 1841 1815 1713
f 1841 1712 1710
f 1858 1859 1860
f 1841 1710 1709
f 1861 1858 1817
f 1709 1702 1818
f 1843 1695 1694
f 1843 1694 1821
f 1862 1821 1822
f 1862 1843 1821
f 1862 1822 1823
f 1862 1823 1845
f 1863 1864 1865
f 1866 1863 1865
f 1824 1828 1827
f 1824 1826 1828
f 1824 1827 1829
f 1761 1829 1762
f 1824 1829 1761
f 1867 1868 1869
f 1849 1760 1767
f 1761 1760 1849
f 1850 1767 1766
f 1849 1767 1850
f 1870 1871 1872
f 1873 1766 1851
f 1850 1766 1873
f 1874 1851 1777
f 1873 1851 1874
f 1875 1777 1779
f 1874 1777 1875
f 1875 1779 1783
f 1876 1782 1832
f 1783 1782 1876
f 1877 1832 1833
f 1832 1877 1876
f 1877 1833 1852
f 1834 1799 1798
f 1803 1800 1799
f 1796 1803 1799
f 1740 1745 1853
f 1838 1878 1853
f 1853 1878 1879
f 1805 1878 1838
f 1805 1804 1878
f 1729 1880 1857
f 1813 1881 1729
f 1880 1729 1881
f 1881 1812 1882
f 1881 1813 1812
f 1815 1883 1811
f 1812 1811 1883
f 1883 1840 1884
f 1883 1815 1840
f 1709 1860 1841
f 1840 1841 1860
f 1818 1817 1709
f 1709 1817 1860
f 1817 1820 1885
f 1817 1819 1820
f 1820 1842 1886
f 1820 1695 1842
f 1862 1887 1843
f 1842 1843 1887
f 1845 1888 1862
f 1887 1862 1888
f 1844 1888 1845
f 1846 1864 1844
f 1888 1844 1864
f 1826 1865 1846
f 1864 1846 1865
f 1865 1825 1866
f 1865 1826 1825
f 1825 1847 1889
f 1825 1824 1847
f 1849 1869 1761
f 1761 1869 1847
f 1869 1848 1890
f 1869 1849 1848
f 1873 1872 1850
f 1850 1872 1848
f 1874 1891 1873
f 1873 1891 1872
f 1891 1874 1875
f 1852 1892 1877
f 1835 1892 1852
f 1835 1893 1892
f 1834 1893 1835
f 1798 1893 1834
f 1893 1798 1802
f 1740 1853 1879
f 1740 1879 1741
f 1894 1741 1879
f 1894 1879 1895
f 1879 1878 1895
f 1895 1878 1896
f 1896 1878 1897
f 1897 1804 1898
f 1897 1878 1804
f 1898 1804 1899
f 1804 1854 1899
f 1899 1854 1900
f 1900 1855 1901
f 1900 1854 1855
f 1901 1855 1902
f 1902 1856 1903
f 1902 1855 1856
f 1903 1856 1904
f 1904 1856 1857
f 1904 1857 1905
f 1905 1857 1906
f 1906 1857 1880
f 1907 1906 1880
f 1907 1881 1908
f 1907 1880 1881
f 1882 1908 1881
f 1882 1812 1909
f 1909 1812 1910
f 1911 1910 1812
f 1911 1812 1883
f 1884 1911 1883
f 1884 1840 1912
f 1912 1840 1913
f 1914 1913 1840
f 1914 1840 1860
f 1859 1914 1860
f 1858 1860 1817
f 1861 1817 1885
f 1885 1820 1915
f 1915 1820 1886
f 1886 1842 1916
f 1916 1842 1917
f 1917 1887 1918
f 1917 1842 1887
f 1919 1918 1887
f 1919 1887 1888
f 1920 1919 1888
f 1921 1920 1888
f 1921 1888 1864
f 1866 1825 1922
f 1922 1825 1889
f 1889 1847 1923
f 1923 1847 1868
f 1868 1847 1869
f 1867 1869 1890
f 1890 1848 1924
f 1924 1848 1871
f 1871 1848 1872
f 1870 1872 1925
f 1925 1891 1926
f 1925 1872 1891
f 1926 1891 1927
f 1927 1891 1875
f 1928 1927 1875
f 1928 1875 1929
f 1929 1875 1783
f 1930 1929 1783
f 1930 1783 1931
f 1931 1783 1876
f 1931 1876 1932
f 1876 1877 1932
f 1932 1877 1933
f 1933 1892 1934
f 1933 1877 1892
f 1934 1892 1935
f 1935 1893 1936
f 1935 1892 1893
f 1936 1893 1937
f 1937 1802 1938
f 1937 1893 1802
f 1938 1802 1939
f 1801 1939 1802
f 1800 1802 1798
