# Exported from USD: /World/gantry/gantry_home/ur10_flattened/ur10_instanceable/upper_arm_link/ur10_upper_arm/ID251_001SVM
mtllib ID251_001SVM.mtl

g ID251_001SVM
v 3.83186694 -0.17870012 0.31639593
v 3.90813092 -0.17870012 0.23556806
v 3.82884200 -0.17870012 0.31037210
v 3.85022787 -0.17870012 0.23893933
v 3.84481696 -0.17870012 0.24296634
v 3.83990888 -0.17870012 0.24759780
v 3.83557694 -0.17870012 0.25275992
v 3.82884293 -0.17870012 0.26442360
v 3.83186786 -0.17870012 0.25839989
v 3.85606591 -0.17870012 0.23556779
v 3.86226491 -0.17870012 0.23289451
v 3.86871985 -0.17870012 0.23096201
v 3.82653492 -0.17870012 0.27076291
v 3.82497889 -0.17870012 0.27732854
v 3.87536696 -0.17870012 0.22978958
v 3.82419592 -0.17870012 0.28402250
v 3.88209895 -0.17870012 0.22939822
v 3.82419593 -0.17870012 0.29077314
v 3.82497889 -0.17870012 0.29746698
v 3.88883093 -0.17870012 0.22978958
v 3.83557697 -0.17870012 0.32203577
v 3.91937987 -0.17870012 0.24296666
v 3.91396896 -0.17870012 0.23893959
v 3.90193287 -0.17870012 0.23289485
v 3.89547792 -0.17870012 0.23096230
v 3.82653494 -0.17870012 0.30403309
v 3.85022792 -0.17870012 0.33585689
v 3.93232994 -0.17870012 0.25840056
v 3.92861990 -0.17870012 0.25276065
v 3.84481701 -0.17870012 0.33182983
v 3.92428891 -0.17870012 0.24759859
v 3.83990796 -0.17870012 0.32719789
v 3.86226400 -0.17870012 0.34190157
v 3.93535488 -0.17870012 0.26442438
v 3.85606595 -0.17870012 0.33922837
v 3.88209900 -0.17870012 0.34539821
v 3.94000095 -0.17870012 0.28402334
v 3.87536594 -0.17870012 0.34500691
v 3.93921798 -0.17870012 0.27732944
v 3.93766289 -0.17870012 0.27076334
v 3.86871895 -0.17870012 0.34383419
v 3.93766195 -0.17870012 0.30403357
v 3.89547690 -0.17870012 0.34383448
v 3.90193197 -0.17870012 0.34190197
v 3.94000095 -0.17870012 0.29077398
v 3.88882991 -0.17870012 0.34500690
v 3.93921799 -0.17870012 0.29746800
v 3.91396900 -0.17870012 0.33585716
v 3.92861994 -0.17870012 0.32203657
v 3.93232997 -0.17870012 0.31639653
v 3.93535395 -0.17870012 0.31037283
v 3.90813097 -0.17870012 0.33922870
v 3.91937991 -0.17870012 0.33183015
v 3.92428799 -0.17870012 0.32719869
v 3.85567788 -0.17870012 0.23576490
v 3.93232997 -0.17870012 0.31639594
v 3.84977094 -0.17870012 0.23924331
v 3.83938794 -0.17870012 0.24815761
v 3.92428895 -0.17870012 0.32719785
v 3.91937991 -0.17870012 0.33182973
v 3.87525788 -0.17870012 0.22980252
v 3.94000095 -0.17870012 0.29077309
v 3.93921799 -0.17870012 0.29746693
v 3.86195592 -0.17870012 0.23300812
v 3.93766291 -0.17870012 0.30403304
v 3.93535490 -0.17870012 0.31037205
v 3.93766194 -0.17870012 0.27076286
v 3.93921798 -0.17870012 0.27732843
v 3.89547685 -0.17870012 0.23096200
v 3.94000095 -0.17870012 0.28402245
v 3.88209895 -0.17870012 0.22939822
v 3.93535392 -0.17870012 0.26442355
v 3.90193192 -0.17870012 0.23289450
v 3.90813092 -0.17870012 0.23556776
v 3.91396896 -0.17870012 0.23893930
v 3.92428796 -0.17870012 0.24759776
v 3.92861990 -0.17870012 0.25275988
v 3.93232994 -0.17870012 0.25839985
v 3.91937987 -0.17870012 0.24296636
v 3.88882986 -0.17870012 0.22978958
v 3.86850694 -0.17870012 0.23101291
v 3.92861994 -0.17870012 0.32203573
v 3.84431891 -0.17870012 0.24338989
v 3.83505993 -0.17870012 0.25346659
v 3.91396900 -0.17870012 0.33585686
v 3.83138495 -0.17870012 0.25925284
v 3.90813097 -0.17870012 0.33922834
v 3.82841795 -0.17870012 0.26543521
v 3.82620292 -0.17870012 0.27191543
v 3.90193292 -0.17870012 0.34190155
v 3.89547798 -0.17870012 0.34383418
v 3.82476598 -0.17870012 0.27862137
v 3.88883099 -0.17870012 0.34500690
v 3.82413095 -0.17870012 0.28544377
v 3.88209900 -0.17870012 0.34539821
v 3.82476599 -0.17870012 0.29617553
v 3.86850795 -0.17870012 0.34378377
v 3.82620294 -0.17870012 0.30288218
v 3.87525901 -0.17870012 0.34499409
v 3.82413096 -0.17870012 0.28935277
v 3.84977099 -0.17870012 0.33555368
v 3.84431895 -0.17870012 0.33140717
v 3.83505996 -0.17870012 0.32133071
v 3.85567793 -0.17870012 0.33903179
v 3.82841797 -0.17870012 0.30936240
v 3.86195692 -0.17870012 0.34178880
v 3.83938797 -0.17870012 0.32663958
v 3.83138497 -0.17870012 0.31554424
v 3.91933803 -0.06956308 0.25435156
v 3.92001967 -0.06961583 0.25412375
v 3.91949777 -0.06913738 0.25379325
v 3.91976087 -0.07007317 0.25460667
v 3.91972177 -0.06878893 0.25300104
v 3.91943292 -0.06880312 0.25319470
v 3.92042892 -0.06889485 0.25197411
v 3.91994493 -0.06880312 0.25273169
v 3.92028360 -0.06915049 0.25326634
v 3.91983895 -0.06880312 0.25100369
v 3.92028861 -0.06914143 0.25062752
v 3.91953592 -0.06879108 0.25073225
v 3.91876189 -0.06954227 0.24948383
v 3.91926972 -0.07007436 0.24912942
v 3.91876189 -0.07007317 0.24908728
v 3.91935889 -0.06955396 0.24953819
v 3.91976087 -0.07007317 0.24926776
v 3.91946928 -0.06912474 0.25008620
v 3.92001967 -0.06961583 0.24975068
v 3.91876225 -0.06877731 0.25049717
v 3.91916387 -0.06880312 0.25056989
v 3.92005794 -0.06880312 0.25134469
v 3.92017285 -0.06880312 0.25173325
v 3.92010288 -0.06880312 0.25242109
v 3.92017989 -0.06880312 0.25208170
v 3.91910796 -0.06880312 0.25331975
v 3.91926424 -0.07007603 0.25474358
v 3.91876189 -0.07007317 0.25478727
v 3.91876213 -0.06877653 0.25337786
v 3.91876177 -0.06951962 0.25436545
v 3.91768591 -0.06880312 0.25287075
v 3.91683702 -0.06914704 0.25258941
v 3.91706233 -0.06939422 0.25351942
v 3.91820590 -0.06955413 0.25434554
v 3.91876165 -0.06877731 0.25337727
v 3.91835801 -0.06877910 0.25331838
v 3.91822331 -0.07007317 0.25474436
v 3.91876189 -0.07007317 0.25478727
v 3.91876189 -0.06954019 0.25438846
v 3.91798858 -0.06878953 0.25314284
v 3.91757540 -0.07007091 0.25453604
v 3.91760294 -0.06940834 0.25395645
v 3.91700427 -0.07007210 0.25419355
v 3.91628401 -0.07006411 0.25337083
v 3.91627364 -0.06964414 0.25249095
v 3.91611485 -0.07007407 0.25299705
v 3.91652314 -0.07007222 0.25370807
v 3.91645185 -0.06944303 0.25136197
v 3.91734616 -0.06879185 0.25214274
v 3.91733055 -0.06879066 0.25193263
v 3.91876130 -0.07007532 0.24908210
v 3.91809968 -0.07007293 0.24916173
v 3.91817848 -0.06954692 0.24954052
v 3.91747777 -0.07007401 0.24938578
v 3.91694407 -0.07007103 0.24973417
v 3.91727678 -0.06959556 0.24990780
v 3.91612153 -0.07007490 0.25086398
v 3.91596179 -0.07007550 0.25140072
v 3.91630010 -0.07006632 0.25047714
v 3.91704766 -0.06917833 0.25076837
v 3.91591315 -0.07007734 0.25193120
v 3.91876189 -0.06953995 0.24948616
v 3.91803328 -0.06912987 0.25008947
v 3.91876165 -0.06877737 0.25049717
v 3.91653590 -0.07007168 0.25014878
v 3.91804711 -0.06879286 0.25069816
v 3.91839389 -0.06880312 0.25056065
v 3.91775493 -0.06880312 0.25092924
v 3.91738586 -0.06880312 0.25156809
v 3.91752796 -0.06880312 0.25122459
v 3.91596500 -0.07007472 0.25248749
v 3.91746692 -0.06880312 0.25252975
v 3.91789035 -0.07055263 0.25316400
v 3.91815130 -0.07047860 0.25334270
v 3.91762142 -0.07044016 0.25305606
v 3.91733937 -0.07055287 0.25241394
v 3.91752152 -0.07055269 0.25279207
v 3.91733233 -0.07047532 0.25252701
v 3.91828601 -0.07045226 0.25040961
v 3.91851978 -0.07045226 0.25035567
v 3.91876153 -0.07048254 0.25040443
v 3.91810696 -0.07055329 0.25057728
v 3.91806905 -0.07048254 0.25056709
v 3.91876094 -0.07055382 0.25042368
v 3.91763596 -0.07055227 0.25092436
v 3.91732780 -0.07055323 0.25149179
v 3.91732065 -0.07048856 0.25144131
v 3.91726093 -0.07055323 0.25195385
v 3.91723041 -0.07047825 0.25192929
v 3.91756312 -0.07050197 0.25101102
v 3.91840474 -0.07055239 0.25339711
v 3.91876142 -0.07048158 0.25347293
v 3.91876189 -0.07055317 0.25343759
v 3.91733675 -0.07045101 0.25121076
v 3.91764299 -0.07044922 0.25079382
v 3.91723828 -0.07045059 0.25144935
v 3.91718118 -0.07045190 0.25168968
v 3.91851894 -0.07045226 0.25351883
v 3.91876189 -0.07045202 0.25353719
v 3.91876189 -0.07045244 0.25033725
v 3.91805891 -0.07045220 0.25049985
v 3.91783885 -0.07045220 0.25063033
v 3.91716175 -0.07045238 0.25204957
v 3.91723196 -0.07045285 0.25240351
v 3.91731886 -0.07045256 0.25262833
v 3.91744785 -0.07045256 0.25284971
v 3.91803495 -0.07045232 0.25336248
v 3.91781096 -0.07045238 0.25322396
v 3.91827695 -0.07045232 0.25346185
v 3.91747193 -0.07045315 0.25099070
v 3.92027943 -0.07055317 0.25173599
v 3.92020051 -0.07617317 0.25246955
v 3.92021994 -0.07617317 0.25151975
v 3.91946165 -0.07617317 0.25330139
v 3.91961364 -0.07055317 0.25318260
v 3.91876428 -0.07055317 0.25347704
v 3.91876201 -0.07617317 0.25343979
v 3.92009906 -0.07055317 0.25265927
v 3.91981034 -0.07055317 0.25082637
v 3.91946427 -0.07617317 0.25059093
v 3.91876237 -0.07617317 0.25042731
v 3.91876451 -0.07055317 0.25039465
v 3.91993217 -0.07617317 0.25099147
v 3.91762547 -0.07645313 0.25238902
v 3.91855137 -0.07645313 0.25314236
v 3.91825990 -0.07645313 0.25304849
v 3.91893880 -0.07645313 0.25314755
v 3.91759614 -0.07645313 0.25157697
v 3.91930811 -0.07645313 0.25303233
v 3.91754715 -0.07645313 0.25206358
v 3.91777389 -0.07645313 0.25265188
v 3.91791086 -0.07645313 0.25281066
v 3.91807596 -0.07645313 0.25294495
v 3.91754858 -0.07645313 0.25180812
v 3.91771726 -0.07645313 0.25130124
v 3.91955893 -0.07645313 0.25286055
v 3.91794757 -0.07645313 0.25102467
v 3.91970686 -0.07645313 0.25270910
v 3.91819052 -0.07645313 0.25085814
v 3.91982595 -0.07645313 0.25253374
v 3.91994504 -0.07645313 0.25225205
v 3.91847054 -0.07645313 0.25074930
v 3.91876726 -0.07645313 0.25071640
v 3.91998319 -0.07645313 0.25187368
v 3.91900329 -0.07645313 0.25074065
v 3.91962640 -0.07645313 0.25107468
v 3.91977934 -0.07645313 0.25126136
v 3.91944377 -0.07645313 0.25092388
v 3.91923122 -0.07645313 0.25081009
v 3.91991465 -0.07645313 0.25152678
v 3.91734211 -0.07617234 0.25243206
v 3.91755490 -0.07645313 0.25211174
v 3.91762619 -0.07645230 0.25238884
v 3.91783742 -0.07645242 0.25273836
v 3.91750102 -0.07617281 0.25275136
v 3.91907851 -0.07617180 0.25340921
v 3.91868584 -0.07617299 0.25343687
v 3.91893880 -0.07645278 0.25314719
v 3.91944389 -0.07617252 0.25327469
v 3.91930775 -0.07645194 0.25303120
v 3.91968219 -0.07617275 0.25312347
v 3.91987733 -0.07645182 0.25243933
v 3.91998033 -0.07645266 0.25204731
v 3.92017738 -0.07617395 0.25244100
v 3.92026512 -0.07617246 0.25204480
v 3.91996889 -0.07645313 0.25176270
v 3.92006044 -0.07617341 0.25269241
v 3.92024688 -0.07617317 0.25172246
v 3.91964118 -0.07645242 0.25278843
v 3.91989009 -0.07617311 0.25292856
v 3.91855137 -0.07645266 0.25314189
v 3.91840760 -0.07617347 0.25339682
v 3.91813700 -0.07617383 0.25330365
v 3.91816537 -0.07645170 0.25300408
v 3.91789155 -0.07617335 0.25316072
v 3.91767423 -0.07617311 0.25297237
v 3.91727786 -0.07617317 0.25215197
v 3.91755085 -0.07645325 0.25211186
v 3.91727786 -0.07617317 0.25215197
v 3.91726141 -0.07617311 0.25195003
v 3.91756181 -0.07645188 0.25169314
v 3.91729455 -0.07617287 0.25161082
v 3.91740660 -0.07617311 0.25129259
v 3.91782574 -0.07617311 0.25076384
v 3.91794781 -0.07645260 0.25102527
v 3.91758458 -0.07617299 0.25100244
v 3.91771774 -0.07645254 0.25130165
v 3.91819052 -0.07645319 0.25085808
v 3.91923134 -0.07645325 0.25081003
v 3.91888551 -0.07645188 0.25071812
v 3.91928391 -0.07617240 0.25052733
v 3.91963593 -0.07617299 0.25071336
v 3.91954164 -0.07645188 0.25099117
v 3.91992835 -0.07617293 0.25098754
v 3.91977922 -0.07645301 0.25126142
v 3.92013864 -0.07617299 0.25132991
v 3.91991405 -0.07645260 0.25152678
v 3.92025022 -0.07617246 0.25172157
v 3.91996889 -0.07645313 0.25176270
v 3.91896228 -0.07617311 0.25044937
v 3.91869454 -0.07617311 0.25043733
v 3.91847078 -0.07645260 0.25074977
v 3.91842691 -0.07617311 0.25047410
v 3.91811017 -0.07617240 0.25058288
v 3.91876189 -0.07042114 0.25193728
v 3.91905217 -0.06984214 0.25289644
v 3.91932516 -0.06984191 0.25276656
v 3.91875689 -0.06984214 0.25293941
v 3.91845874 -0.06984197 0.25289238
v 3.91816370 -0.06984131 0.25274129
v 3.91797690 -0.06984316 0.25255627
v 3.91784219 -0.06984119 0.25233579
v 3.91777293 -0.06984316 0.25208039
v 3.91972177 -0.06984137 0.25222743
v 3.91976194 -0.06984316 0.25196827
v 3.91975193 -0.06984316 0.25179405
v 3.91956846 -0.06984125 0.25253350
v 3.91936092 -0.06984131 0.25113303
v 3.91906599 -0.06984197 0.25098205
v 3.91876189 -0.07042114 0.25193728
v 3.91954796 -0.06984316 0.25131816
v 3.91968278 -0.06984125 0.25153912
v 3.91975193 -0.06984316 0.25179405
v 3.91776685 -0.06984113 0.25181610
v 3.91786901 -0.06984131 0.25148208
v 3.91777293 -0.06984316 0.25208039
v 3.91847460 -0.06984214 0.25097729
v 3.91820113 -0.06984197 0.25110699
v 3.91801588 -0.06984316 0.25127138
v 3.91876821 -0.06984214 0.25093509
v 3.91794793 -0.07617317 0.25321067
v 3.91876011 -0.07617317 0.25346655
v 3.91875927 -0.07055317 0.25347806
v 3.91732363 -0.07055317 0.25240750
v 3.91750471 -0.07617317 0.25277001
v 3.91776781 -0.07055317 0.25308878
v 3.91723780 -0.07617317 0.25203336
v 3.91728668 -0.07055317 0.25156231
v 3.91742746 -0.07617317 0.25122989
v 3.91797702 -0.07617317 0.25062919
v 3.91876118 -0.07055317 0.25042195
v 3.91876141 -0.07617317 0.25042648
v 3.91785078 -0.07055317 0.25070126
v 3.91859691 -0.06984316 0.25079436
v 3.91847448 -0.06984316 0.25097675
v 3.91876821 -0.06984316 0.25093449
v 3.91823403 -0.06984316 0.25108666
v 3.91902785 -0.06984316 0.25097162
v 3.91966896 -0.06984316 0.25122268
v 3.91964392 -0.06984316 0.25146425
v 3.91972725 -0.06984316 0.25166822
v 3.91925065 -0.06984316 0.25106258
v 3.91949467 -0.06984316 0.25125081
v 3.91972272 -0.06984316 0.25222773
v 3.91983490 -0.06984316 0.25236548
v 3.91976420 -0.06984316 0.25192345
v 3.91961293 -0.06984316 0.25246377
v 3.91947596 -0.06984316 0.25263984
v 3.91875689 -0.06984316 0.25293995
v 3.91849701 -0.06984316 0.25290281
v 3.91892795 -0.06984316 0.25308008
v 3.91905241 -0.06984316 0.25289703
v 3.91929106 -0.06984316 0.25278760
v 3.91785495 -0.06984316 0.25265176
v 3.91803042 -0.06984316 0.25262386
v 3.91788094 -0.06984316 0.25241024
v 3.91827445 -0.06984316 0.25281204
v 3.91779725 -0.06984316 0.25220526
v 3.91768984 -0.06984316 0.25150896
v 3.91786806 -0.06984316 0.25148160
v 3.91804485 -0.06984316 0.25123788
v 3.91778295 -0.06984316 0.25173355
v 3.91776077 -0.06984316 0.25195248
v 3.91876285 -0.07043175 0.25353218
v 3.91876213 -0.07055287 0.25343985
v 3.91924195 -0.07055257 0.25336838
v 3.92013757 -0.07055257 0.25132424
v 3.91990785 -0.07055275 0.25096328
v 3.91979854 -0.07048093 0.25081188
v 3.91979615 -0.07055126 0.25301839
v 3.91952781 -0.07048099 0.25325841
v 3.92015867 -0.07055299 0.25252295
v 3.92027823 -0.07048385 0.25213528
v 3.92011587 -0.07048480 0.25263912
v 3.92026488 -0.07055347 0.25193060
v 3.92027025 -0.07048307 0.25169498
v 3.91949837 -0.07055263 0.25062568
v 3.91876237 -0.07048158 0.25040144
v 3.91909878 -0.07055263 0.25047237
v 3.91876201 -0.07055317 0.25043673
v 3.91923384 -0.07044052 0.25346405
v 3.92020039 -0.07043956 0.25124109
v 3.91925840 -0.07044218 0.25041801
v 3.91988186 -0.07044928 0.25308073
v 3.91900591 -0.07045226 0.25035567
v 3.91876189 -0.07045202 0.25033725
v 3.91946487 -0.07045226 0.25337458
v 3.91968588 -0.07045220 0.25324417
v 3.92005293 -0.07045226 0.25288356
v 3.92028682 -0.07045321 0.25242490
v 3.92034380 -0.07045297 0.25218452
v 3.92036311 -0.07045273 0.25182522
v 3.92029290 -0.07045285 0.25147093
v 3.91991190 -0.07045244 0.25082362
v 3.92007689 -0.07045262 0.25102461
v 3.91971271 -0.07045244 0.25065041
v 3.91948978 -0.07045226 0.25051189
v 3.91900496 -0.07045226 0.25351877
v 3.92018895 -0.07045315 0.25266255
v 3.91859714 -0.06984316 0.25079460
v 3.91859691 -0.06880312 0.25079436
v 3.91768984 -0.06880312 0.25150896
v 3.91768984 -0.06984316 0.25150896
v 3.91966896 -0.06880312 0.25122268
v 3.91859691 -0.06984316 0.25079442
v 3.91966896 -0.06984316 0.25122268
v 3.91859691 -0.06880312 0.25079436
v 3.91983490 -0.06880312 0.25236548
v 3.91966896 -0.06984316 0.25122268
v 3.91983490 -0.06984316 0.25236548
v 3.91966896 -0.06880312 0.25122268
v 3.91892783 -0.06984316 0.25307990
v 3.91892795 -0.06880312 0.25308008
v 3.91983490 -0.06880312 0.25236548
v 3.91983490 -0.06984316 0.25236548
v 3.91892795 -0.06984316 0.25307990
v 3.91785495 -0.06880312 0.25265176
v 3.91892795 -0.06880312 0.25308008
v 3.91785495 -0.06984316 0.25265176
v 3.91785531 -0.06984316 0.25265170
v 3.91768984 -0.06880312 0.25150896
v 3.91785495 -0.06880312 0.25265176
v 3.91768984 -0.06984316 0.25150896
v 3.91718094 -0.07045315 0.25169016
v 3.91590826 -0.07045315 0.25194288
v 3.91596047 -0.07045315 0.25139810
v 3.91710405 -0.07045315 0.24961526
v 3.91783885 -0.07045315 0.25063015
v 3.91764287 -0.07045315 0.25079329
v 3.91747193 -0.07045315 0.25099070
v 3.91643886 -0.07045315 0.25028617
v 3.91669588 -0.07045315 0.24997009
v 3.91889910 -0.07045315 0.25478704
v 3.91835873 -0.07045315 0.25476123
v 3.91876189 -0.07045315 0.25353725
v 3.91622524 -0.07045315 0.25063235
v 3.91723792 -0.07045315 0.25144965
v 3.91606788 -0.07045315 0.25100739
v 3.91731886 -0.07045315 0.25262839
v 3.91611366 -0.07045315 0.25299723
v 3.91723196 -0.07045315 0.25240339
v 3.91652124 -0.07045315 0.25370253
v 3.91629486 -0.07045315 0.25336350
v 3.91744797 -0.07045315 0.25284989
v 3.91596155 -0.07045315 0.25247885
v 3.91716175 -0.07045315 0.25204975
v 3.91783325 -0.07045315 0.25463415
v 3.91733722 -0.07045315 0.25440878
v 3.91803495 -0.07045315 0.25336254
v 3.91761295 -0.07045315 0.25305099
v 3.91689412 -0.07045315 0.25409342
v 3.91781096 -0.07045315 0.25322396
v 3.91851894 -0.07045315 0.25351889
v 3.91827695 -0.07045315 0.25346185
v 3.91943459 -0.07045315 0.25471003
v 3.91900496 -0.07045315 0.25351889
v 3.91757337 -0.07045315 0.24934317
v 3.91805891 -0.07045315 0.25049979
v 3.91923897 -0.07045315 0.25346488
v 3.91995148 -0.07045315 0.25453133
v 3.91946487 -0.07045315 0.25337464
v 3.92042093 -0.07045315 0.25425900
v 3.91851990 -0.07045315 0.25035555
v 3.91828589 -0.07045315 0.25040955
v 3.91808979 -0.07045315 0.24916459
v 3.91988186 -0.07045315 0.25308127
v 3.92082898 -0.07045315 0.25390429
v 3.92005293 -0.07045315 0.25288374
v 3.92108588 -0.07045315 0.25358838
v 3.91862432 -0.07045315 0.24908740
v 3.91900591 -0.07045315 0.25035555
v 3.91916649 -0.07045315 0.24911327
v 3.91924791 -0.07045315 0.25041259
v 3.92028694 -0.07045315 0.25242478
v 3.92129950 -0.07045315 0.25324244
v 3.92018895 -0.07045315 0.25266255
v 3.92145686 -0.07045315 0.25286705
v 3.92156426 -0.07045315 0.25247640
v 3.91969256 -0.07045315 0.24924070
v 3.92018704 -0.07045315 0.24946535
v 3.91948990 -0.07045315 0.25051189
v 3.92063085 -0.07045315 0.24978114
v 3.91971294 -0.07045315 0.25065047
v 3.92100422 -0.07045315 0.25017268
v 3.91991190 -0.07045315 0.25082345
v 3.92122988 -0.07045315 0.25051100
v 3.92007689 -0.07045315 0.25102455
v 3.92020587 -0.07045315 0.25124604
v 3.92141108 -0.07045315 0.25087697
v 3.92029290 -0.07045315 0.25147105
v 3.92156319 -0.07045315 0.25139577
v 3.92161648 -0.07045315 0.25193161
v 3.92036311 -0.07045315 0.25182498
v 3.91876189 -0.07045315 0.25033719
v 3.91733591 -0.07045315 0.25121189
v 3.91968588 -0.07045315 0.25324429
v 3.92034392 -0.07045315 0.25218428
v 3.91595594 -0.07007347 0.25135226
v 3.91631178 -0.07007413 0.25046463
v 3.91625456 -0.07045315 0.25053001
v 3.91728787 -0.07045315 0.24945522
v 3.91693751 -0.07007365 0.24972785
v 3.91787450 -0.07007317 0.24921305
v 3.91995959 -0.07045309 0.24930996
v 3.92033390 -0.07007317 0.24954171
v 3.92109649 -0.07045315 0.25025958
v 3.92107932 -0.07007317 0.25025178
v 3.92162494 -0.07007317 0.25152100
v 3.92160968 -0.07045315 0.25152404
v 3.91914598 -0.07007305 0.24908073
v 3.91859130 -0.07045309 0.24907620
v 3.91591088 -0.07045315 0.25167335
v 3.91593210 -0.07007347 0.25234605
v 3.91594188 -0.07045315 0.25234515
v 3.91892795 -0.06880312 0.25308008
v 3.91785495 -0.06880312 0.25265176
v 3.91836087 -0.06880312 0.25330455
v 3.91768591 -0.06880312 0.25287075
v 3.91799192 -0.06880312 0.25313599
v 3.91910796 -0.06880312 0.25331975
v 3.91943292 -0.06880312 0.25319470
v 3.92010288 -0.06880312 0.25242109
v 3.91983490 -0.06880312 0.25236548
v 3.91994493 -0.06880312 0.25273169
v 3.91971688 -0.06880312 0.25299484
v 3.91966896 -0.06880312 0.25122268
v 3.92017285 -0.06880312 0.25173325
v 3.92017989 -0.06880312 0.25208170
v 3.91953294 -0.06880312 0.25073845
v 3.91983895 -0.06880312 0.25100369
v 3.92005794 -0.06880312 0.25134469
v 3.91916387 -0.06880312 0.25056989
v 3.91876189 -0.06880312 0.25051225
v 3.91839389 -0.06880312 0.25056065
v 3.91859691 -0.06880312 0.25079436
v 3.91804985 -0.06880312 0.25070316
v 3.91768984 -0.06880312 0.25150896
v 3.91735189 -0.06880312 0.25214119
v 3.91775493 -0.06880312 0.25092924
v 3.91752796 -0.06880312 0.25122459
v 3.91733686 -0.06880312 0.25193728
v 3.91738586 -0.06880312 0.25156809
v 3.91876189 -0.06880312 0.25336225
v 3.91746692 -0.06880312 0.25252975
v 3.91594188 -0.07007317 0.25234515
v 3.91594188 -0.07045315 0.25234515
v 3.91610102 -0.07045315 0.25300700
v 3.91938190 -0.07007305 0.25475688
v 3.91892604 -0.07045309 0.25481886
v 3.92033939 -0.07045315 0.25434250
v 3.92058305 -0.07007317 0.25415004
v 3.92119042 -0.07045315 0.25346059
v 3.92128067 -0.07007317 0.25330556
v 3.92158322 -0.07045315 0.25244558
v 3.92158370 -0.07007317 0.25239182
v 3.92159347 -0.07007317 0.25152827
v 3.92158989 -0.07045315 0.25152857
v 3.91777627 -0.07007317 0.25465090
v 3.91760771 -0.07045315 0.25455952
v 3.91671638 -0.07045315 0.25394351
v 3.91676430 -0.07007317 0.25398166
v 3.91614966 -0.07007317 0.25312967
v 3.92101972 -0.06946282 0.25274039
v 3.92014424 -0.06939946 0.25384558
v 3.92115001 -0.07006817 0.25351281
v 3.92036740 -0.07007591 0.25429071
v 3.92079000 -0.07007532 0.25393904
v 3.92140166 -0.07007150 0.25302643
v 3.92110316 -0.06942205 0.25164635
v 3.92159752 -0.07007562 0.25221778
v 3.92152791 -0.07007317 0.25262488
v 3.92150526 -0.07007419 0.25115520
v 3.92086117 -0.06953947 0.25064856
v 3.92132501 -0.07007329 0.25068236
v 3.92099301 -0.07007121 0.25014616
v 3.92044835 -0.07006745 0.24961818
v 3.92002587 -0.06960581 0.24976248
v 3.91976087 -0.07007419 0.24926186
v 3.92035000 -0.06903283 0.25092275
v 3.92041127 -0.06892423 0.25225354
v 3.92160003 -0.07007544 0.25167400
v 3.92027657 -0.06916277 0.25329781
v 3.91976134 -0.07007389 0.25461490
v 3.84721296 -0.05756299 0.25435148
v 3.84789507 -0.05761527 0.25412307
v 3.84737294 -0.05713730 0.25379316
v 3.84763591 -0.05807315 0.25460671
v 3.84759776 -0.05678903 0.25300108
v 3.84730797 -0.05680315 0.25319473
v 3.84830372 -0.05689500 0.25197409
v 3.84782092 -0.05680315 0.25273172
v 3.84815876 -0.05715017 0.25326530
v 3.84771387 -0.05680315 0.25100372
v 3.84816377 -0.05714123 0.25062821
v 3.84741096 -0.05679105 0.25073234
v 3.84663789 -0.05754231 0.24948381
v 3.84714489 -0.05807440 0.24912952
v 3.84663789 -0.05807315 0.24908732
v 3.84723393 -0.05755387 0.24953834
v 3.84763591 -0.05807315 0.24926780
v 3.84734444 -0.05712478 0.25008629
v 3.84789507 -0.05761521 0.24975149
v 3.84663825 -0.05677728 0.25049720
v 3.84703891 -0.05680315 0.25056992
v 3.84793393 -0.05680315 0.25134472
v 3.84804790 -0.05680315 0.25173328
v 3.84797792 -0.05680315 0.25242112
v 3.84805493 -0.05680315 0.25208173
v 3.84698288 -0.05680315 0.25331978
v 3.84713952 -0.05807601 0.25474356
v 3.84663789 -0.05807315 0.25478731
v 3.84663813 -0.05677651 0.25337790
v 3.84663777 -0.05751972 0.25436555
v 3.84556095 -0.05680315 0.25287078
v 3.84471194 -0.05714701 0.25258945
v 3.84493713 -0.05739461 0.25351999
v 3.84608095 -0.05755399 0.25434558
v 3.84663765 -0.05677734 0.25337730
v 3.84623306 -0.05677907 0.25331841
v 3.84609811 -0.05807315 0.25474439
v 3.84663789 -0.05807315 0.25478731
v 3.84663789 -0.05754028 0.25438861
v 3.84586363 -0.05678944 0.25314288
v 3.84545069 -0.05807088 0.25453619
v 3.84547667 -0.05740939 0.25395690
v 3.84488218 -0.05807225 0.25419543
v 3.84415917 -0.05806415 0.25337128
v 3.84414880 -0.05764405 0.25249110
v 3.84399001 -0.05807404 0.25299756
v 3.84439378 -0.05807196 0.25370250
v 3.84432630 -0.05744360 0.25136153
v 3.84522109 -0.05679189 0.25214277
v 3.84520559 -0.05679064 0.25193254
v 3.84379534 -0.05807267 0.25166462
v 3.84386794 -0.05807315 0.25126140
v 3.84663729 -0.05807535 0.24908207
v 3.84597473 -0.05807297 0.24916176
v 3.84605376 -0.05754672 0.24954061
v 3.84535257 -0.05807398 0.24938594
v 3.84481959 -0.05807100 0.24973379
v 3.84515206 -0.05759518 0.24990801
v 3.84399788 -0.05807506 0.25086091
v 3.84417622 -0.05806623 0.25047664
v 3.84379093 -0.05807416 0.25207148
v 3.84492366 -0.05717777 0.25076811
v 3.84663789 -0.05754004 0.24948613
v 3.84591035 -0.05712931 0.25008987
v 3.84663765 -0.05677740 0.25049720
v 3.84441535 -0.05807172 0.25014399
v 3.84592216 -0.05679284 0.25069825
v 3.84626894 -0.05680315 0.25056068
v 3.84562986 -0.05680315 0.25092934
v 3.84526090 -0.05680315 0.25156812
v 3.84540395 -0.05680315 0.25122462
v 3.84384005 -0.05807476 0.25248776
v 3.84534197 -0.05680315 0.25252978
v 3.84536593 -0.05855231 0.25275092
v 3.84589188 -0.05848251 0.25328009
v 3.84532540 -0.05847590 0.25275658
v 3.84616093 -0.05845217 0.25040964
v 3.84639482 -0.05845223 0.25035570
v 3.84663753 -0.05848251 0.25040440
v 3.84604995 -0.05855362 0.25055150
v 3.84561448 -0.05855267 0.25083540
v 3.84560852 -0.05847476 0.25079666
v 3.84604268 -0.05848072 0.25052814
v 3.84663694 -0.05855380 0.25042359
v 3.84530430 -0.05855368 0.25123779
v 3.84523229 -0.05847882 0.25131045
v 3.84515516 -0.05855332 0.25218944
v 3.84510581 -0.05848090 0.25205652
v 3.84514026 -0.05855225 0.25175695
v 3.84577183 -0.05855308 0.25317310
v 3.84628062 -0.05855237 0.25339721
v 3.84663741 -0.05848162 0.25347303
v 3.84663789 -0.05855314 0.25343768
v 3.84551780 -0.05844925 0.25079404
v 3.84639399 -0.05845223 0.25351886
v 3.84663789 -0.05845205 0.25353722
v 3.84663789 -0.05845247 0.25033728
v 3.84593491 -0.05845223 0.25049989
v 3.84505598 -0.05845301 0.25168995
v 3.84511285 -0.05845325 0.25144975
v 3.84503679 -0.05845241 0.25204937
v 3.84510700 -0.05845289 0.25240354
v 3.84519403 -0.05845259 0.25262837
v 3.84532301 -0.05845259 0.25284986
v 3.84548788 -0.05845241 0.25305091
v 3.84568708 -0.05845241 0.25322400
v 3.84591000 -0.05845229 0.25336258
v 3.84615199 -0.05845223 0.25346188
v 3.84571390 -0.05845313 0.25063018
v 3.84534697 -0.05845313 0.25099073
v 3.84521095 -0.05845313 0.25121192
v 3.84664027 -0.05855314 0.25347690
v 3.84663980 -0.06417315 0.25347040
v 3.84756212 -0.06417315 0.25314252
v 3.84773020 -0.05855314 0.25301687
v 3.84803204 -0.06417315 0.25252334
v 3.84816484 -0.05855314 0.25201217
v 3.84814160 -0.06417315 0.25165389
v 3.84794383 -0.05855314 0.25117318
v 3.84763150 -0.06417315 0.25077997
v 3.84750108 -0.05855314 0.25070081
v 3.84664003 -0.06417315 0.25040118
v 3.84664051 -0.05855314 0.25039504
v 3.84548824 -0.06445317 0.25151799
v 3.84562461 -0.06445317 0.25125591
v 3.84718303 -0.06445317 0.25303237
v 3.84549944 -0.06445317 0.25238667
v 3.84642629 -0.06445317 0.25314240
v 3.84613495 -0.06445317 0.25304852
v 3.84681384 -0.06445317 0.25314758
v 3.84542184 -0.06445317 0.25205473
v 3.84564893 -0.06445317 0.25265191
v 3.84578685 -0.06445317 0.25281070
v 3.84595089 -0.06445317 0.25294499
v 3.84542339 -0.06445317 0.25180928
v 3.84743397 -0.06445317 0.25286059
v 3.84577517 -0.06445317 0.25107293
v 3.84758191 -0.06445317 0.25270913
v 3.84601001 -0.06445317 0.25088642
v 3.84770088 -0.06445317 0.25253383
v 3.84781997 -0.06445317 0.25225250
v 3.84634571 -0.06445317 0.25074927
v 3.84664230 -0.06445317 0.25071643
v 3.84785812 -0.06445317 0.25187371
v 3.84687833 -0.06445317 0.25074069
v 3.84754710 -0.06445317 0.25111942
v 3.84771757 -0.06445317 0.25136785
v 3.84731846 -0.06445317 0.25092379
v 3.84710614 -0.06445317 0.25081013
v 3.84780650 -0.06445317 0.25158654
v 3.84521692 -0.06417243 0.25243209
v 3.84543090 -0.06445317 0.25211183
v 3.84550016 -0.06445228 0.25238643
v 3.84570973 -0.06445239 0.25273470
v 3.84541492 -0.06417273 0.25281380
v 3.84565477 -0.06417261 0.25307212
v 3.84695570 -0.06417172 0.25340883
v 3.84656124 -0.06417297 0.25343690
v 3.84681384 -0.06445275 0.25314723
v 3.84731989 -0.06417255 0.25327412
v 3.84718268 -0.06445192 0.25303124
v 3.84755711 -0.06417273 0.25312362
v 3.84775262 -0.06445186 0.25243900
v 3.84785525 -0.06445263 0.25204728
v 3.84805243 -0.06417392 0.25244127
v 3.84814017 -0.06417243 0.25204502
v 3.84784393 -0.06445317 0.25176273
v 3.84793071 -0.06417333 0.25270138
v 3.84812193 -0.06417315 0.25172250
v 3.84751634 -0.06445251 0.25278847
v 3.84776323 -0.06417315 0.25293062
v 3.84642617 -0.06445269 0.25314192
v 3.84621148 -0.06417243 0.25337968
v 3.84588532 -0.06417231 0.25323598
v 3.84603898 -0.06445180 0.25300352
v 3.84515290 -0.06417315 0.25215201
v 3.84548883 -0.06445257 0.25151817
v 3.84542362 -0.06445299 0.25180916
v 3.84520380 -0.06417279 0.25148360
v 3.84542648 -0.06445329 0.25211183
v 3.84514157 -0.06417303 0.25181339
v 3.84537749 -0.06417285 0.25111697
v 3.84569304 -0.06445192 0.25115673
v 3.84710626 -0.06445323 0.25081007
v 3.84676056 -0.06445186 0.25071816
v 3.84703331 -0.06417297 0.25048647
v 3.84745948 -0.06417172 0.25067506
v 3.84731846 -0.06445299 0.25092403
v 3.84780316 -0.06417291 0.25098727
v 3.84754674 -0.06445251 0.25111983
v 3.84798531 -0.06417309 0.25127457
v 3.84777050 -0.06445180 0.25147067
v 3.84808044 -0.06417309 0.25152091
v 3.84812193 -0.06417315 0.25172250
v 3.84784393 -0.06445317 0.25176273
v 3.84663443 -0.06417291 0.25043355
v 3.84634595 -0.06445263 0.25074981
v 3.84630196 -0.06417309 0.25047414
v 3.84598510 -0.06417243 0.25058292
v 3.84601013 -0.06445305 0.25088648
v 3.84564380 -0.06417285 0.25080858
v 3.84514992 -0.06417207 0.25215201
v 3.84663789 -0.05842112 0.25193731
v 3.84692721 -0.05784212 0.25289653
v 3.84719889 -0.05784200 0.25276737
v 3.84663193 -0.05784212 0.25293944
v 3.84633379 -0.05784194 0.25289242
v 3.84603886 -0.05784129 0.25274144
v 3.84585194 -0.05784313 0.25255631
v 3.84571736 -0.05784123 0.25233607
v 3.84564786 -0.05784313 0.25208042
v 3.84763293 -0.05784117 0.25205879
v 3.84762697 -0.05784313 0.25179408
v 3.84753089 -0.05784135 0.25239221
v 3.84738390 -0.05784313 0.25260310
v 3.84723608 -0.05784129 0.25113313
v 3.84694104 -0.05784194 0.25098209
v 3.84663789 -0.05842112 0.25193731
v 3.84742288 -0.05784313 0.25131820
v 3.84755759 -0.05784123 0.25153862
v 3.84762697 -0.05784313 0.25179408
v 3.84567802 -0.05784135 0.25164751
v 3.84563796 -0.05784313 0.25190620
v 3.84564786 -0.05784313 0.25208042
v 3.84634845 -0.05784218 0.25097786
v 3.84607486 -0.05784188 0.25110779
v 3.84583120 -0.05784123 0.25134121
v 3.84664290 -0.05784212 0.25093506
v 3.84591715 -0.05855314 0.25328336
v 3.84589903 -0.06417315 0.25326530
v 3.84663729 -0.06417315 0.25344900
v 3.84537546 -0.06417315 0.25110672
v 3.84513776 -0.06417315 0.25173692
v 3.84514980 -0.05855314 0.25165622
v 3.84538345 -0.05855314 0.25110404
v 3.84579711 -0.05855314 0.25067834
v 3.84663562 -0.06417315 0.25039826
v 3.84580211 -0.06417315 0.25068180
v 3.84663622 -0.05855314 0.25040768
v 3.84523635 -0.05855314 0.25254433
v 3.84525828 -0.06417315 0.25259278
v 3.84663765 -0.05855314 0.25344263
v 3.84647195 -0.05784313 0.25079439
v 3.84634821 -0.05784313 0.25097726
v 3.84664290 -0.05784313 0.25093452
v 3.84610896 -0.05784313 0.25108675
v 3.84690277 -0.05784313 0.25097166
v 3.84754495 -0.05784313 0.25122271
v 3.84751897 -0.05784313 0.25146429
v 3.84760253 -0.05784313 0.25166957
v 3.84712546 -0.05784313 0.25106243
v 3.84736948 -0.05784313 0.25125067
v 3.84770994 -0.05784313 0.25236551
v 3.84761696 -0.05784313 0.25214092
v 3.84753184 -0.05784313 0.25239269
v 3.84763901 -0.05784313 0.25192164
v 3.84735505 -0.05784313 0.25263653
v 3.84663193 -0.05784313 0.25294004
v 3.84637205 -0.05784313 0.25290285
v 3.84680288 -0.05784313 0.25308011
v 3.84692733 -0.05784313 0.25289707
v 3.84716599 -0.05784313 0.25278775
v 3.84572987 -0.05784313 0.25265179
v 3.84590547 -0.05784313 0.25262396
v 3.84575586 -0.05784313 0.25241033
v 3.84614937 -0.05784313 0.25281207
v 3.84567218 -0.05784313 0.25220488
v 3.84556489 -0.05784313 0.25150899
v 3.84578685 -0.05784313 0.25141070
v 3.84592383 -0.05784313 0.25123463
v 3.84563570 -0.05784313 0.25195120
v 3.84567706 -0.05784313 0.25164722
v 3.84781890 -0.05849372 0.25288896
v 3.84771542 -0.05855338 0.25299714
v 3.84802274 -0.05855308 0.25254182
v 3.84746067 -0.05848084 0.25322650
v 3.84711699 -0.05855255 0.25336842
v 3.84663884 -0.05843179 0.25353221
v 3.84663813 -0.05855291 0.25343983
v 3.84806101 -0.05855303 0.25146107
v 3.84787147 -0.05855255 0.25106750
v 3.84807567 -0.05843954 0.25124167
v 3.84814422 -0.05855303 0.25199566
v 3.84816985 -0.05848037 0.25181798
v 3.84807865 -0.05849545 0.25241421
v 3.84737198 -0.05855261 0.25062440
v 3.84767394 -0.05848084 0.25081198
v 3.84663837 -0.05848162 0.25040154
v 3.84697382 -0.05855261 0.25047247
v 3.84663801 -0.05855314 0.25043676
v 3.84710865 -0.05844055 0.25346414
v 3.84713320 -0.05844222 0.25041805
v 3.84775679 -0.05844919 0.25308083
v 3.84816138 -0.05845062 0.25242547
v 3.84821872 -0.05845194 0.25218443
v 3.84688084 -0.05845223 0.25035570
v 3.84663789 -0.05845205 0.25033728
v 3.84734099 -0.05845217 0.25337456
v 3.84756093 -0.05845223 0.25324420
v 3.84792809 -0.05845229 0.25288348
v 3.84823804 -0.05845247 0.25182496
v 3.84816794 -0.05845289 0.25147132
v 3.84778683 -0.05845241 0.25082354
v 3.84795181 -0.05845259 0.25102464
v 3.84758882 -0.05845235 0.25065057
v 3.84736483 -0.05845229 0.25051199
v 3.84688000 -0.05845223 0.25351880
v 3.84806387 -0.05845313 0.25266258
v 3.84647207 -0.05784313 0.25079457
v 3.84647195 -0.05680315 0.25079439
v 3.84556489 -0.05680315 0.25150899
v 3.84556489 -0.05784313 0.25150899
v 3.84754495 -0.05680315 0.25122271
v 3.84647183 -0.05784313 0.25079457
v 3.84754495 -0.05784313 0.25122271
v 3.84647195 -0.05680315 0.25079439
v 3.84770994 -0.05680315 0.25236551
v 3.84754460 -0.05784313 0.25122277
v 3.84770994 -0.05784313 0.25236551
v 3.84754495 -0.05680315 0.25122271
v 3.84680276 -0.05784313 0.25307993
v 3.84680288 -0.05680315 0.25308011
v 3.84770994 -0.05680315 0.25236551
v 3.84770994 -0.05784313 0.25236551
v 3.84680300 -0.05784313 0.25307993
v 3.84572987 -0.05680315 0.25265179
v 3.84680288 -0.05680315 0.25308011
v 3.84572987 -0.05784313 0.25265179
v 3.84573023 -0.05784313 0.25265173
v 3.84556489 -0.05680315 0.25150899
v 3.84572987 -0.05680315 0.25265179
v 3.84556489 -0.05784313 0.25150899
v 3.84505586 -0.05845313 0.25169019
v 3.84378330 -0.05845313 0.25194286
v 3.84383552 -0.05845313 0.25139789
v 3.84497885 -0.05845313 0.24961553
v 3.84571390 -0.05845313 0.25063018
v 3.84551792 -0.05845313 0.25079332
v 3.84534697 -0.05845313 0.25099073
v 3.84431390 -0.05845313 0.25028620
v 3.84457020 -0.05845313 0.24997078
v 3.84677558 -0.05845313 0.25478707
v 3.84623365 -0.05845313 0.25476126
v 3.84663789 -0.05845313 0.25353728
v 3.84410028 -0.05845313 0.25063233
v 3.84511296 -0.05845313 0.25144969
v 3.84394292 -0.05845313 0.25100742
v 3.84519391 -0.05845313 0.25262843
v 3.84398882 -0.05845313 0.25299768
v 3.84510689 -0.05845313 0.25240342
v 3.84439568 -0.05845313 0.25370185
v 3.84416990 -0.05845313 0.25336353
v 3.84532289 -0.05845313 0.25284992
v 3.84383647 -0.05845313 0.25247811
v 3.84503679 -0.05845313 0.25204955
v 3.84570806 -0.05845313 0.25463412
v 3.84521179 -0.05845313 0.25440858
v 3.84590988 -0.05845313 0.25336264
v 3.84548788 -0.05845313 0.25305102
v 3.84476905 -0.05845313 0.25409345
v 3.84568696 -0.05845313 0.25322400
v 3.84639387 -0.05845313 0.25351892
v 3.84615187 -0.05845313 0.25346194
v 3.84731023 -0.05845313 0.25470988
v 3.84687989 -0.05845313 0.25351892
v 3.84544854 -0.05845313 0.24934308
v 3.84593491 -0.05845313 0.25049983
v 3.84711389 -0.05845313 0.25346492
v 3.84782629 -0.05845313 0.25453142
v 3.84734087 -0.05845313 0.25337468
v 3.84829383 -0.05845313 0.25426046
v 3.84639494 -0.05845313 0.25035558
v 3.84616093 -0.05845313 0.25040959
v 3.84596519 -0.05845313 0.24916450
v 3.84775691 -0.05845313 0.25308130
v 3.84860687 -0.05845313 0.25399808
v 3.84650068 -0.05845313 0.24908743
v 3.84688096 -0.05845313 0.25035558
v 3.84704153 -0.05845313 0.24911330
v 3.84712295 -0.05845313 0.25041262
v 3.84816186 -0.05845313 0.25242482
v 3.84917419 -0.05845313 0.25324283
v 3.84806387 -0.05845313 0.25266258
v 3.84933190 -0.05845313 0.25286708
v 3.84943919 -0.05845313 0.25247733
v 3.84794192 -0.05845313 0.24940370
v 3.84829073 -0.05845313 0.24961213
v 3.84736495 -0.05845313 0.25051193
v 3.84756748 -0.05845313 0.24924068
v 3.84860293 -0.05845313 0.24987362
v 3.84887902 -0.05845313 0.25017248
v 3.84778695 -0.05845313 0.25082348
v 3.84917168 -0.05845313 0.25062649
v 3.84795193 -0.05845313 0.25102459
v 3.84808092 -0.05845313 0.25124614
v 3.84932987 -0.05845313 0.25100372
v 3.84816794 -0.05845313 0.25147108
v 3.84943835 -0.05845313 0.25139598
v 3.84949152 -0.05845313 0.25193177
v 3.84823804 -0.05845313 0.25182478
v 3.84792797 -0.05845313 0.25288383
v 3.84663789 -0.05845313 0.25033722
v 3.84758894 -0.05845313 0.25065051
v 3.84521095 -0.05845313 0.25121192
v 3.84756093 -0.05845313 0.25324432
v 3.84888630 -0.05845313 0.25369356
v 3.84821896 -0.05845313 0.25218431
v 3.84383289 -0.05807345 0.25134574
v 3.84418516 -0.05807410 0.25046877
v 3.84420960 -0.05845319 0.25041441
v 3.84516303 -0.05845319 0.24945520
v 3.84490745 -0.05807351 0.24964075
v 3.84870605 -0.05845313 0.24995480
v 3.84820752 -0.05807315 0.24954073
v 3.84895436 -0.05807315 0.25025181
v 3.84928672 -0.05845313 0.25084625
v 3.84949987 -0.05807321 0.25152103
v 3.84945790 -0.05845313 0.25152932
v 3.84770457 -0.05845313 0.24926690
v 3.84715657 -0.05807309 0.24911390
v 3.84646658 -0.05845313 0.24907623
v 3.84600572 -0.05807315 0.24914227
v 3.84379356 -0.05845319 0.25153105
v 3.84380679 -0.05807351 0.25234614
v 3.84381692 -0.05845313 0.25234519
v 3.84680288 -0.05680315 0.25308011
v 3.84572987 -0.05680315 0.25265179
v 3.84623592 -0.05680315 0.25330458
v 3.84556095 -0.05680315 0.25287078
v 3.84586696 -0.05680315 0.25313602
v 3.84698288 -0.05680315 0.25331978
v 3.84730797 -0.05680315 0.25319473
v 3.84797792 -0.05680315 0.25242112
v 3.84770994 -0.05680315 0.25236551
v 3.84782092 -0.05680315 0.25273172
v 3.84759288 -0.05680315 0.25299488
v 3.84754495 -0.05680315 0.25122271
v 3.84804790 -0.05680315 0.25173328
v 3.84805493 -0.05680315 0.25208173
v 3.84740786 -0.05680315 0.25073848
v 3.84771387 -0.05680315 0.25100372
v 3.84793393 -0.05680315 0.25134472
v 3.84703891 -0.05680315 0.25056992
v 3.84663789 -0.05680315 0.25051228
v 3.84626894 -0.05680315 0.25056068
v 3.84647195 -0.05680315 0.25079439
v 3.84592490 -0.05680315 0.25070320
v 3.84556489 -0.05680315 0.25150899
v 3.84522693 -0.05680315 0.25214122
v 3.84562986 -0.05680315 0.25092934
v 3.84540395 -0.05680315 0.25122462
v 3.84521191 -0.05680315 0.25193731
v 3.84526090 -0.05680315 0.25156812
v 3.84663789 -0.05680315 0.25336228
v 3.84534197 -0.05680315 0.25252978
v 3.84578686 -0.05807315 0.25468401
v 3.84473531 -0.05807315 0.25408070
v 3.84500794 -0.05845313 0.25429462
v 3.84623508 -0.05845307 0.25479208
v 3.84758608 -0.05845319 0.25464348
v 3.84845881 -0.05807315 0.25414948
v 3.84725706 -0.05807303 0.25475691
v 3.84864526 -0.05845313 0.25399641
v 3.84915583 -0.05807315 0.25330530
v 3.84925143 -0.05845313 0.25309382
v 3.84945874 -0.05807315 0.25239156
v 3.84949474 -0.05845313 0.25216530
v 3.84946851 -0.05807315 0.25152830
v 3.84945790 -0.05845313 0.25152932
v 3.84416835 -0.05845313 0.25341068
v 3.84402566 -0.05807315 0.25313209
v 3.84380715 -0.05845313 0.25234715
v 3.84381692 -0.05807315 0.25234519
v 3.84897904 -0.05742346 0.25223343
v 3.84873144 -0.05753706 0.25322823
v 3.84927683 -0.05807154 0.25302599
v 3.84902315 -0.05806826 0.25351528
v 3.84865515 -0.05806582 0.25396840
v 3.84940295 -0.05807315 0.25262491
v 3.84947495 -0.05807541 0.25167344
v 3.84889440 -0.05746041 0.25114159
v 3.84801178 -0.05741321 0.25000392
v 3.84887080 -0.05806993 0.25014673
v 3.84920017 -0.05807333 0.25068269
v 3.84831492 -0.05807070 0.24961821
v 3.84763591 -0.05807428 0.24926172
v 3.84815125 -0.05716346 0.25057505
v 3.84828620 -0.05692427 0.25162027
v 3.84938030 -0.05807416 0.25115518
v 3.84822504 -0.05703287 0.25295190
v 3.84947245 -0.05807565 0.25221781
v 3.84790640 -0.05759601 0.25409732
v 3.84824257 -0.05807595 0.25429062
v 3.84763639 -0.05807386 0.25461487
v 3.81869084 -0.06134121 0.28656816
v 3.81828493 -0.06135015 0.28685164
v 3.81847996 -0.06135015 0.28668999
v 3.81915993 -0.06135015 0.28641742
v 3.81939990 -0.06134482 0.28640001
v 3.81892985 -0.06134708 0.28647011
v 3.81797689 -0.06135015 0.28726673
v 3.81811601 -0.06134398 0.28704595
v 3.81787843 -0.06134655 0.28750616
v 3.81780046 -0.06134631 0.28798693
v 3.81781990 -0.06135015 0.28774708
v 3.81786973 -0.06134664 0.28846609
v 3.81781596 -0.06135015 0.28822874
v 3.81795699 -0.06135015 0.28869020
v 3.81810266 -0.06136672 0.28884851
v 3.81845075 -0.06134777 0.28928786
v 3.81890995 -0.06134792 0.28952294
v 3.81866986 -0.06135015 0.28942418
v 3.81904501 -0.06138422 0.28948360
v 3.81808597 -0.06135015 0.28891253
v 3.81825000 -0.06134541 0.28911209
v 3.81915135 -0.06134237 0.28957992
v 3.81939930 -0.06133114 0.28959643
v 3.81860406 -0.06144555 0.28926014
v 3.81790108 -0.06139015 0.28825879
v 3.81790275 -0.06139781 0.28776729
v 3.81798893 -0.06144522 0.28752052
v 3.81904334 -0.06144719 0.28655302
v 3.81826049 -0.06144513 0.28703695
v 3.81939978 -0.06144802 0.28651267
v 3.81799883 -0.06144865 0.28853714
v 3.81789774 -0.06144719 0.28799581
v 3.81860501 -0.06144924 0.28672546
v 3.81939990 -0.06145008 0.28949743
v 3.81823105 -0.06144957 0.28894525
v 3.81811124 -0.06144871 0.28722935
v 3.81902713 -0.06145032 0.28945600
v 3.81995148 -0.06705014 0.28940719
v 3.82062990 -0.06145014 0.28891265
v 3.81986982 -0.06145014 0.28944080
v 3.82065577 -0.06705014 0.28887623
v 3.81940013 -0.06705014 0.28950452
v 3.81939990 -0.06145014 0.28949969
v 3.82091278 -0.06145014 0.28805404
v 3.82091576 -0.06705014 0.28798454
v 3.81992823 -0.06145014 0.28658497
v 3.82015687 -0.06705014 0.28667723
v 3.81940049 -0.06705014 0.28648966
v 3.81940013 -0.06145014 0.28649502
v 3.82048768 -0.06145014 0.28694772
v 3.82072801 -0.06705014 0.28727394
v 3.82080382 -0.06145014 0.28745418
v 3.82185108 -0.06135015 0.28930067
v 3.82149095 -0.05895014 0.28981065
v 3.82112998 -0.06135015 0.29015201
v 3.82071251 -0.05895014 0.29042911
v 3.82029158 -0.06135015 0.29061543
v 3.81940264 -0.05895014 0.29079812
v 3.81940037 -0.06135015 0.29075866
v 3.82199103 -0.05895014 0.28895485
v 3.82217855 -0.06135015 0.28797512
v 3.82216591 -0.05895014 0.28797942
v 3.82162732 -0.05895014 0.28636079
v 3.82201463 -0.05895014 0.28713172
v 3.82188195 -0.06135015 0.28677987
v 3.82138282 -0.06135015 0.28608602
v 3.82091266 -0.05895014 0.28568994
v 3.82073158 -0.06135015 0.28557830
v 3.82016009 -0.05895014 0.28535002
v 3.81940252 -0.06135015 0.28520262
v 3.81940037 -0.05895014 0.28524112
v 3.82026869 -0.05964805 0.28891688
v 3.81939990 -0.06037714 0.28799974
v 3.81994063 -0.05964892 0.28914069
v 3.81958038 -0.05964886 0.28924947
v 3.81882364 -0.05964808 0.28912395
v 3.81920487 -0.05964889 0.28924727
v 3.81847710 -0.05964775 0.28886288
v 3.81823737 -0.05964781 0.28849458
v 3.81815297 -0.05965014 0.28818011
v 3.82065398 -0.05964778 0.28815382
v 3.82052702 -0.05964790 0.28856980
v 3.82064694 -0.05965014 0.28781938
v 3.81885928 -0.05964889 0.28685873
v 3.81853086 -0.05964805 0.28708279
v 3.81939990 -0.06037714 0.28799974
v 3.82045478 -0.05964781 0.28730422
v 3.82023889 -0.05965014 0.28705972
v 3.81997615 -0.05964808 0.28687548
v 3.82064694 -0.05965014 0.28781938
v 3.82059688 -0.05965014 0.28760516
v 3.81814605 -0.05964778 0.28784549
v 3.81815297 -0.05965014 0.28818011
v 3.81921953 -0.05964886 0.28674995
v 3.81827265 -0.05964787 0.28742992
v 3.81959504 -0.05964889 0.28675216
v 3.82075089 -0.05965014 0.28853934
v 3.82063395 -0.05965014 0.28825634
v 3.82056994 -0.05965014 0.28846669
v 3.82066173 -0.05965014 0.28797787
v 3.82047087 -0.05965014 0.28866314
v 3.82030148 -0.05965014 0.28888326
v 3.81939191 -0.05965014 0.28926318
v 3.81906373 -0.05965014 0.28921574
v 3.81960792 -0.05965014 0.28943967
v 3.81976444 -0.05965014 0.28920936
v 3.82006759 -0.05965014 0.28907024
v 3.81825692 -0.05965014 0.28890007
v 3.81840986 -0.05965014 0.28877967
v 3.81828994 -0.05965014 0.28859567
v 3.81856090 -0.05965014 0.28893971
v 3.81878335 -0.05965014 0.28910142
v 3.81818444 -0.05965014 0.28834152
v 3.81804890 -0.05965014 0.28746014
v 3.81832892 -0.05965014 0.28733628
v 3.81849796 -0.05965014 0.28711646
v 3.81822986 -0.05965014 0.28753274
v 3.81816596 -0.05965014 0.28774315
v 3.81813818 -0.05965014 0.28802210
v 3.82054287 -0.05965014 0.28709935
v 3.82050997 -0.05965014 0.28740376
v 3.82061535 -0.05965014 0.28765791
v 3.82038993 -0.05965014 0.28721976
v 3.82023889 -0.05965014 0.28705972
v 3.82001645 -0.05965014 0.28689801
v 3.81919187 -0.05965014 0.28655975
v 3.81903547 -0.05965014 0.28679007
v 3.81940788 -0.05965014 0.28673624
v 3.81873220 -0.05965014 0.28692918
v 3.81973607 -0.05965014 0.28678375
v 3.82075089 -0.05965014 0.28853934
v 3.82075089 -0.05895014 0.28853934
v 3.82054287 -0.05895014 0.28709935
v 3.82054287 -0.05965014 0.28709935
v 3.82075101 -0.05965014 0.28853952
v 3.81960792 -0.05895014 0.28943967
v 3.82075089 -0.05895014 0.28853934
v 3.81960792 -0.05965014 0.28943967
v 3.81960804 -0.05965014 0.28943949
v 3.81825692 -0.05895014 0.28890007
v 3.81960792 -0.05895014 0.28943967
v 3.81825692 -0.05965014 0.28890007
v 3.81804890 -0.05965014 0.28746008
v 3.81804890 -0.05895014 0.28746014
v 3.81825692 -0.05895014 0.28890007
v 3.81825692 -0.05965014 0.28890007
v 3.81919187 -0.05895014 0.28655975
v 3.81804878 -0.05965014 0.28745996
v 3.81919187 -0.05965014 0.28655975
v 3.81804890 -0.05895014 0.28746014
v 3.81919187 -0.05965014 0.28655987
v 3.82054287 -0.05965014 0.28709935
v 3.82054287 -0.05895014 0.28709935
v 3.81919187 -0.05895014 0.28655975
v 3.82202095 -0.05895014 0.28883307
v 3.82075089 -0.05895014 0.28853934
v 3.82188565 -0.05895014 0.28918266
v 3.82048267 -0.05895014 0.29053062
v 3.82092148 -0.05895014 0.29029363
v 3.81960792 -0.05895014 0.28943967
v 3.82148272 -0.05895014 0.28979962
v 3.82121688 -0.05895014 0.29006421
v 3.82170290 -0.05895014 0.28950309
v 3.82211322 -0.05895014 0.28846394
v 3.82215244 -0.05895014 0.28797846
v 3.82001204 -0.05895014 0.29068350
v 3.82210440 -0.05895014 0.28748410
v 3.82175273 -0.05895014 0.28657167
v 3.82054287 -0.05895014 0.28709935
v 3.82196850 -0.05895014 0.28701156
v 3.81927890 -0.05895014 0.29074978
v 3.81964893 -0.05895014 0.29073834
v 3.82153994 -0.05895014 0.28627288
v 3.82128984 -0.05895014 0.28599905
v 3.81843895 -0.05895014 0.29057639
v 3.81825692 -0.05895014 0.28890007
v 3.81779188 -0.05895014 0.29023051
v 3.81810338 -0.05895014 0.29042768
v 3.81718368 -0.05895014 0.28963273
v 3.81692785 -0.05895014 0.28921031
v 3.81675631 -0.05895014 0.28876698
v 3.81804890 -0.05895014 0.28746014
v 3.81668669 -0.05895014 0.28753501
v 3.81664747 -0.05895014 0.28802222
v 3.81677896 -0.05895014 0.28716737
v 3.81691390 -0.05895014 0.28681761
v 3.81716389 -0.05895014 0.28639394
v 3.81748587 -0.05895014 0.28602093
v 3.81787366 -0.05895014 0.28570824
v 3.81919187 -0.05895014 0.28655975
v 3.81831259 -0.05895014 0.28547066
v 3.81878573 -0.05895014 0.28531610
v 3.81927365 -0.05895014 0.28524964
v 3.81667799 -0.05895014 0.28839337
v 3.82012695 -0.05895014 0.28534787
v 3.81976575 -0.05895014 0.28527188
v 3.81879265 -0.05895014 0.29068463
v 3.82047206 -0.05895014 0.28546470
v 3.82090682 -0.05895014 0.28569608
v 3.81750530 -0.05895014 0.28999650
v 3.81826359 -0.06735013 0.28760421
v 3.81841952 -0.06735013 0.28730136
v 3.82014293 -0.06735013 0.28894698
v 3.81989974 -0.06735013 0.28909236
v 3.81945819 -0.06735013 0.28919964
v 3.81820363 -0.06735013 0.28811490
v 3.81820363 -0.06735013 0.28788661
v 3.81968421 -0.06735013 0.28916692
v 3.81833464 -0.06735013 0.28855484
v 3.81824833 -0.06735013 0.28834253
v 3.81900817 -0.06735013 0.28913497
v 3.81922978 -0.06735013 0.28918874
v 3.81875199 -0.06735013 0.28901380
v 3.81849367 -0.06735013 0.28879159
v 3.81865698 -0.06735013 0.28705245
v 3.82038027 -0.06735013 0.28869807
v 3.81889993 -0.06735013 0.28690719
v 3.82053632 -0.06735013 0.28839528
v 3.81911582 -0.06735013 0.28683251
v 3.81934160 -0.06735013 0.28679978
v 3.82059616 -0.06735013 0.28811287
v 3.82059616 -0.06735013 0.28788453
v 3.81957001 -0.06735013 0.28681075
v 3.82055146 -0.06735013 0.28765690
v 3.81979162 -0.06735013 0.28686445
v 3.82046491 -0.06735013 0.28744393
v 3.82004756 -0.06735013 0.28698551
v 3.82030589 -0.06735013 0.28720754
v 3.81846649 -0.06135015 0.29060935
v 3.81851739 -0.05895014 0.29061835
v 3.81755573 -0.05895014 0.29006862
v 3.81734211 -0.06135015 0.28987127
v 3.81690151 -0.05895014 0.28918069
v 3.81662852 -0.06135015 0.28793793
v 3.81681937 -0.05895014 0.28701096
v 3.81688696 -0.06135015 0.28685057
v 3.81725675 -0.05895014 0.28626477
v 3.81789988 -0.05895014 0.28567814
v 3.81762701 -0.06135015 0.28585565
v 3.81874746 -0.06135015 0.28531426
v 3.81881780 -0.05895014 0.28529786
v 3.81939989 -0.06135015 0.28524970
v 3.81939989 -0.05895014 0.28524970
v 3.81663007 -0.05895014 0.28810691
v 3.81679708 -0.06135015 0.28890794
v 3.81939954 -0.05895014 0.29075842
v 3.81939966 -0.06135015 0.29075515
v 3.81795699 -0.06704999 0.28841459
v 3.81821198 -0.06735013 0.28817152
v 3.81828100 -0.06734918 0.28844916
v 3.81805808 -0.06704985 0.28867274
v 3.81879932 -0.06704997 0.28937601
v 3.81854338 -0.06704988 0.28923302
v 3.81875247 -0.06734984 0.28901368
v 3.81826371 -0.06704928 0.28898501
v 3.81849414 -0.06734981 0.28879153
v 3.81911785 -0.06734915 0.28917163
v 3.81973368 -0.06705005 0.28946345
v 3.81940061 -0.06704991 0.28950345
v 3.81945831 -0.06735001 0.28919952
v 3.82014281 -0.06734972 0.28894662
v 3.82037992 -0.06734969 0.28869789
v 3.82057888 -0.06704994 0.28893273
v 3.82078666 -0.06704985 0.28858125
v 3.82053584 -0.06734975 0.28839522
v 3.82087928 -0.06705008 0.28825706
v 3.82059604 -0.06734999 0.28811299
v 3.82059175 -0.06735028 0.28782784
v 3.82090134 -0.06705011 0.28798693
v 3.82088489 -0.06705014 0.28778499
v 3.82034260 -0.06705008 0.28916853
v 3.81979555 -0.06734909 0.28913873
v 3.82005400 -0.06704988 0.28935336
v 3.81906778 -0.06705002 0.28946417
v 3.81791491 -0.06705014 0.28821444
v 3.81820816 -0.06735022 0.28817158
v 3.81791491 -0.06705014 0.28821444
v 3.81789714 -0.06704988 0.28789311
v 3.81826395 -0.06734975 0.28760433
v 3.81820387 -0.06734996 0.28788655
v 3.81800384 -0.06704982 0.28744053
v 3.81817121 -0.06704997 0.28713643
v 3.81841988 -0.06734972 0.28730165
v 3.81920964 -0.06704883 0.28650605
v 3.81934160 -0.06735019 0.28679978
v 3.81900436 -0.06734909 0.28686070
v 3.81882292 -0.06705005 0.28661376
v 3.81959945 -0.06705008 0.28651177
v 3.81985980 -0.06705005 0.28657018
v 3.81968266 -0.06734903 0.28682803
v 3.82010669 -0.06705011 0.28667485
v 3.82004744 -0.06734972 0.28698593
v 3.82038290 -0.06704999 0.28686159
v 3.82030553 -0.06734966 0.28720784
v 3.82064802 -0.06704997 0.28716039
v 3.82051867 -0.06734909 0.28755009
v 3.82080132 -0.06705014 0.28746026
v 3.82088822 -0.06704952 0.28778403
v 3.82058794 -0.06735013 0.28782796
v 3.81857735 -0.06705005 0.28674369
v 3.81865710 -0.06734978 0.28705274
v 3.81835491 -0.06704994 0.28692126
v 3.81902725 -0.06135012 0.28527229
v 3.81952113 -0.06135012 0.28524964
v 3.81925970 -0.06135012 0.28640198
v 3.81779987 -0.06135015 0.28798675
v 3.81667191 -0.06135015 0.28765219
v 3.81781990 -0.06135015 0.28774708
v 3.81819993 -0.06135015 0.28552538
v 3.81869990 -0.06135015 0.28656095
v 3.81787628 -0.06135012 0.28570705
v 3.81674248 -0.06135012 0.28728288
v 3.81832475 -0.06135012 0.29053395
v 3.81866986 -0.06135015 0.28942418
v 3.81890995 -0.06135015 0.28952312
v 3.81786889 -0.06135015 0.28846526
v 3.81692785 -0.06135012 0.28921174
v 3.81675369 -0.06135012 0.28875559
v 3.81808597 -0.06135015 0.28891253
v 3.81795699 -0.06135015 0.28869020
v 3.81781596 -0.06135015 0.28822874
v 3.81667799 -0.06135015 0.28839337
v 3.81664747 -0.06135012 0.28802078
v 3.81789059 -0.06135012 0.29030173
v 3.81750745 -0.06135012 0.28999906
v 3.81844789 -0.06135015 0.28928613
v 3.81718749 -0.06135012 0.28963732
v 3.81824988 -0.06135015 0.28911274
v 3.81686491 -0.06135015 0.28693443
v 3.81787795 -0.06135015 0.28750598
v 3.81879360 -0.06135012 0.29068469
v 3.81702823 -0.06135012 0.28660291
v 3.81797689 -0.06135015 0.28726673
v 3.81925267 -0.06135012 0.28959709
v 3.81927878 -0.06135012 0.29074978
v 3.81811398 -0.06135015 0.28704714
v 3.81724090 -0.06135015 0.28629612
v 3.81748778 -0.06135012 0.28601980
v 3.81828493 -0.06135015 0.28685164
v 3.81977255 -0.06135012 0.29072713
v 3.81847996 -0.06135015 0.28668999
v 3.81892687 -0.06135015 0.28647065
v 3.81854671 -0.06135012 0.28538250
v 3.82025320 -0.06135012 0.29061686
v 3.81962902 -0.06135012 0.28958558
v 3.81999451 -0.06135012 0.28949051
v 3.82092137 -0.06135012 0.29029375
v 3.82059986 -0.06135015 0.29047405
v 3.82032925 -0.06135012 0.28930491
v 3.82061607 -0.06135012 0.28904682
v 3.82130641 -0.06135012 0.28998559
v 3.82155890 -0.06135015 0.28970336
v 3.82000631 -0.06135012 0.28531473
v 3.81992108 -0.06135012 0.28648483
v 3.81962758 -0.06135012 0.28641378
v 3.82047516 -0.06135012 0.28546547
v 3.82026285 -0.06135012 0.28664648
v 3.82193488 -0.06135015 0.28906500
v 3.82177157 -0.06135012 0.28939652
v 3.82086283 -0.06135012 0.28866070
v 3.82097405 -0.06135012 0.28829616
v 3.82212788 -0.06135015 0.28834724
v 3.82205731 -0.06135012 0.28871661
v 3.82129246 -0.06135012 0.28600036
v 3.82061094 -0.06135012 0.28694587
v 3.82100255 -0.06135012 0.28791343
v 3.82210416 -0.06135012 0.28748231
v 3.82215244 -0.06135012 0.28797876
v 3.82082349 -0.06135012 0.28726535
v 3.82161206 -0.06135012 0.28636181
v 3.82181293 -0.06135015 0.28668004
v 3.82196588 -0.06135012 0.28700351
v 3.82093305 -0.06135012 0.28753620
v 3.82090932 -0.06135012 0.28569769
v 3.81852502 -0.06145014 0.28923433
v 3.81798536 -0.06145014 0.28856795
v 3.81857306 -0.06705014 0.28928464
v 3.81788999 -0.06705014 0.28794324
v 3.81801671 -0.06705014 0.28861361
v 3.81881792 -0.06145014 0.28659212
v 3.81869418 -0.06705014 0.28665351
v 3.81816775 -0.06145014 0.28712224
v 3.81939954 -0.06705014 0.28648990
v 3.81939990 -0.06145014 0.28649973
v 3.81808371 -0.06705014 0.28724360
v 3.81790704 -0.06145014 0.28776901
v 3.81939930 -0.06705014 0.28951382
v 3.81939835 -0.06145014 0.28953122
v 3.82045251 -0.06134839 0.28679239
v 3.81992108 -0.06134568 0.28648525
v 3.82020229 -0.06135081 0.28661286
v 3.81940037 -0.06133138 0.28640276
v 3.81962758 -0.06134944 0.28641384
v 3.81979388 -0.06137516 0.28651064
v 3.82097489 -0.06134813 0.28770857
v 3.82100111 -0.06134658 0.28799885
v 3.82095331 -0.06136166 0.28811389
v 3.82091111 -0.06134428 0.28747558
v 3.82097382 -0.06134774 0.28829616
v 3.82091123 -0.06134413 0.28852444
v 3.82082457 -0.06134968 0.28873228
v 3.82066244 -0.06134577 0.28898531
v 3.81939990 -0.06144808 0.28948587
v 3.81977886 -0.06145005 0.28946113
v 3.81980247 -0.06138940 0.28947472
v 3.81999404 -0.06134541 0.28949028
v 3.81962890 -0.06134535 0.28958517
v 3.82036859 -0.06140469 0.28916638
v 3.82059032 -0.06139220 0.28705823
v 3.82027084 -0.06139605 0.28675949
v 3.82065875 -0.06134619 0.28700911
v 3.82082325 -0.06134959 0.28726517
v 3.82080120 -0.06144838 0.28747397
v 3.82067818 -0.06144755 0.28876429
v 3.82038945 -0.06134357 0.28926282
v 3.81940002 -0.06134488 0.28959941
v 3.81940061 -0.06144987 0.28648793
v 3.82042867 -0.06144951 0.28688871
v 3.81991881 -0.06145005 0.28659057
v 3.82090682 -0.06144957 0.28795665
v 3.82082254 -0.06145029 0.28849589
v 3.82031423 -0.06145026 0.28919821
v 3.84793397 -0.05680315 0.32346962
v 3.84804793 -0.05680315 0.32385818
v 3.84830375 -0.05689500 0.32409910
v 3.84723397 -0.05755387 0.32646112
v 3.84789511 -0.05761527 0.32624797
v 3.84737297 -0.05713730 0.32591806
v 3.84698292 -0.05680315 0.32544468
v 3.84730800 -0.05680315 0.32531963
v 3.84782096 -0.05680315 0.32485650
v 3.84815880 -0.05715023 0.32539032
v 3.84789510 -0.05761527 0.32187633
v 3.84721323 -0.05756305 0.32164792
v 3.84737285 -0.05714105 0.32220141
v 3.84663792 -0.05807315 0.32121209
v 3.84663780 -0.05751972 0.32163386
v 3.84714480 -0.05807583 0.32125656
v 3.84763594 -0.05807315 0.32139269
v 3.84771391 -0.05680315 0.32312862
v 3.84816380 -0.05714111 0.32275329
v 3.84741088 -0.05679105 0.32285724
v 3.84797796 -0.05680315 0.32454602
v 3.84805496 -0.05680315 0.32420657
v 3.84759780 -0.05678903 0.32512591
v 3.84763594 -0.05807315 0.32673160
v 3.84663792 -0.05807315 0.32691209
v 3.84713992 -0.05807440 0.32687084
v 3.84663792 -0.05754177 0.32651506
v 3.84663828 -0.05677776 0.32262216
v 3.84703894 -0.05680315 0.32269482
v 3.84663816 -0.05677645 0.32550273
v 3.84591301 -0.05712037 0.32589875
v 3.84605404 -0.05754672 0.32645879
v 3.84663757 -0.05677812 0.32550178
v 3.84497650 -0.05738674 0.32568340
v 3.84556099 -0.05680315 0.32499568
v 3.84586461 -0.05679326 0.32526581
v 3.84533485 -0.05678634 0.32466070
v 3.84439870 -0.05748676 0.32493774
v 3.84439405 -0.05807213 0.32582722
v 3.84477838 -0.05807738 0.32621793
v 3.84384008 -0.05807476 0.32461266
v 3.84425517 -0.05744861 0.32414154
v 3.84399005 -0.05807404 0.32512246
v 3.84416827 -0.05806510 0.32550911
v 3.84386798 -0.05807315 0.32338629
v 3.84446903 -0.05747657 0.32301555
v 3.84663733 -0.05807535 0.32120691
v 3.84597440 -0.05807297 0.32128672
v 3.84608062 -0.05755405 0.32165394
v 3.84535285 -0.05807333 0.32150952
v 3.84481867 -0.05807005 0.32185743
v 3.84517630 -0.05755977 0.32205705
v 3.84539386 -0.05678348 0.32334385
v 3.84559305 -0.05709253 0.32239578
v 3.84416791 -0.05806510 0.32261257
v 3.84399791 -0.05807506 0.32298581
v 3.84379490 -0.05807237 0.32378964
v 3.84379097 -0.05807416 0.32419638
v 3.84467943 -0.05712585 0.32375542
v 3.84663792 -0.05753987 0.32161121
v 3.84663768 -0.05677746 0.32262204
v 3.84441503 -0.05807154 0.32226894
v 3.84626790 -0.05680315 0.32268588
v 3.84562989 -0.05680315 0.32305447
v 3.84592601 -0.05680315 0.32282750
v 3.84526094 -0.05680315 0.32369212
v 3.84522160 -0.05679326 0.32426612
v 3.84521194 -0.05680315 0.32406209
v 3.84512003 -0.05806051 0.32649736
v 3.84623595 -0.05680315 0.32542948
v 3.84545024 -0.05807136 0.32666014
v 3.84663792 -0.05754034 0.32651357
v 3.84596487 -0.05807297 0.32683537
v 3.84663733 -0.05807541 0.32691721
v 3.84528752 -0.05848680 0.32476608
v 3.84536644 -0.05855243 0.32488654
v 3.84560092 -0.05848061 0.32518766
v 3.84564598 -0.05850367 0.32291977
v 3.84598263 -0.05855338 0.32270227
v 3.84557791 -0.05855279 0.32299892
v 3.84616109 -0.05845217 0.32253454
v 3.84639486 -0.05845223 0.32248060
v 3.84663757 -0.05848251 0.32252930
v 3.84604235 -0.05848067 0.32265304
v 3.84663697 -0.05855374 0.32254849
v 3.84530433 -0.05855368 0.32336263
v 3.84523638 -0.05848227 0.32343332
v 3.84515520 -0.05855332 0.32431434
v 3.84510585 -0.05848090 0.32418148
v 3.84514030 -0.05855225 0.32388185
v 3.84582969 -0.05855344 0.32533209
v 3.84602662 -0.05847870 0.32546763
v 3.84628125 -0.05855237 0.32552228
v 3.84663745 -0.05848156 0.32559792
v 3.84663792 -0.05855314 0.32556252
v 3.84551783 -0.05844925 0.32291881
v 3.84571393 -0.05844896 0.32275562
v 3.84639402 -0.05845223 0.32564376
v 3.84663792 -0.05845205 0.32566212
v 3.84663792 -0.05845247 0.32246218
v 3.84593495 -0.05845223 0.32262478
v 3.84534701 -0.05845229 0.32311575
v 3.84511288 -0.05845325 0.32357464
v 3.84505602 -0.05845301 0.32381485
v 3.84503682 -0.05845241 0.32417427
v 3.84510704 -0.05845289 0.32452844
v 3.84519406 -0.05845259 0.32475327
v 3.84532305 -0.05845259 0.32497482
v 3.84548791 -0.05845241 0.32517574
v 3.84568711 -0.05845241 0.32534889
v 3.84591015 -0.05845229 0.32548747
v 3.84615203 -0.05845223 0.32558678
v 3.84521099 -0.05845313 0.32333682
v 3.84746881 -0.06417315 0.32534973
v 3.84749432 -0.05855314 0.32530336
v 3.84664055 -0.05855314 0.32560364
v 3.84663852 -0.06417315 0.32557217
v 3.84804447 -0.05855314 0.32467065
v 3.84803077 -0.06417315 0.32465062
v 3.84814103 -0.06417315 0.32375596
v 3.84810801 -0.05855314 0.32367549
v 3.84769626 -0.05855314 0.32297943
v 3.84715171 -0.06417315 0.32263217
v 3.84719964 -0.05855314 0.32266639
v 3.84773811 -0.06417315 0.32303218
v 3.84663864 -0.05855314 0.32254837
v 3.84663792 -0.06417315 0.32256208
v 3.84663792 -0.05784313 0.32506208
v 3.84663792 -0.05842112 0.32406209
v 3.84649499 -0.05784296 0.32505296
v 3.84624167 -0.05784194 0.32498429
v 3.84598799 -0.05784254 0.32482473
v 3.84577604 -0.05784105 0.32457862
v 3.84563800 -0.05784313 0.32405589
v 3.84565707 -0.05784236 0.32426868
v 3.84566196 -0.05784218 0.32383458
v 3.84577020 -0.05784212 0.32355986
v 3.84594925 -0.05784248 0.32333384
v 3.84617885 -0.05784254 0.32317040
v 3.84663757 -0.05784290 0.32305930
v 3.84640260 -0.05784296 0.32308904
v 3.84562047 -0.06445317 0.32473801
v 3.84548529 -0.06445317 0.32447259
v 3.84611364 -0.06445317 0.32516740
v 3.84584089 -0.06445317 0.32313881
v 3.84609194 -0.06445317 0.32296697
v 3.84768267 -0.06445317 0.32469789
v 3.84569295 -0.06445317 0.32329033
v 3.84745212 -0.06445317 0.32497481
v 3.84720929 -0.06445317 0.32514123
v 3.84663256 -0.06445317 0.32528297
v 3.84541674 -0.06445317 0.32412569
v 3.84545489 -0.06445317 0.32374690
v 3.84639664 -0.06445317 0.32525871
v 3.84581562 -0.06445317 0.32496844
v 3.84692903 -0.06445317 0.32525013
v 3.84557398 -0.06445317 0.32346563
v 3.84780737 -0.06445317 0.32441244
v 3.84646114 -0.06445317 0.32285182
v 3.84785350 -0.06445317 0.32417510
v 3.84785255 -0.06445317 0.32394067
v 3.84684857 -0.06445317 0.32285700
v 3.84748896 -0.06445317 0.32318870
v 3.84713991 -0.06445317 0.32295088
v 3.84732397 -0.06445317 0.32305441
v 3.84777566 -0.06445317 0.32361303
v 3.84762593 -0.06445317 0.32334749
v 3.84519144 -0.06417303 0.32446490
v 3.84543093 -0.06445317 0.32423673
v 3.84548577 -0.06445257 0.32447259
v 3.84531351 -0.06417285 0.32477597
v 3.84562071 -0.06445299 0.32473795
v 3.84581586 -0.06445257 0.32496796
v 3.84555383 -0.06417291 0.32510452
v 3.84651442 -0.06445186 0.32528124
v 3.84656878 -0.06417309 0.32556210
v 3.84630569 -0.06417303 0.32552664
v 3.84611364 -0.06445305 0.32516734
v 3.84605177 -0.06417273 0.32544408
v 3.84746512 -0.06417261 0.32531397
v 3.84745200 -0.06445257 0.32497422
v 3.84772833 -0.06417273 0.32509671
v 3.84768232 -0.06445251 0.32469747
v 3.84780713 -0.06445299 0.32441250
v 3.84810622 -0.06417297 0.32438336
v 3.84796842 -0.06417273 0.32476256
v 3.84785338 -0.06445299 0.32417522
v 3.84813841 -0.06417315 0.32404933
v 3.84784814 -0.06445329 0.32388751
v 3.84812196 -0.06417315 0.32384739
v 3.84722873 -0.06417309 0.32544217
v 3.84720929 -0.06445323 0.32514129
v 3.84692879 -0.06445263 0.32524965
v 3.84690698 -0.06417291 0.32554160
v 3.84581550 -0.06417303 0.32531832
v 3.84515293 -0.06417315 0.32427691
v 3.84543093 -0.06445317 0.32423673
v 3.84515293 -0.06417315 0.32427691
v 3.84513505 -0.06417345 0.32406275
v 3.84552177 -0.06445245 0.32356022
v 3.84516283 -0.06417368 0.32377748
v 3.84527071 -0.06417237 0.32343481
v 3.84546002 -0.06417386 0.32312934
v 3.84575875 -0.06445192 0.32321141
v 3.84565933 -0.06417374 0.32292209
v 3.84609206 -0.06445269 0.32296745
v 3.84646114 -0.06445257 0.32285229
v 3.84614618 -0.06417285 0.32264344
v 3.84642406 -0.06417225 0.32257680
v 3.84684857 -0.06445263 0.32285748
v 3.84670683 -0.06417285 0.32256226
v 3.84698327 -0.06417333 0.32260082
v 3.84726031 -0.06417380 0.32269476
v 3.84751375 -0.06417327 0.32284240
v 3.84723468 -0.06445186 0.32299523
v 3.84774013 -0.06417273 0.32304255
v 3.84756275 -0.06445251 0.32326130
v 3.84791680 -0.06417255 0.32327721
v 3.84777470 -0.06445210 0.32361344
v 3.84806355 -0.06417267 0.32358376
v 3.84784396 -0.06445317 0.32388763
v 3.84812196 -0.06417315 0.32384739
v 3.84589048 -0.06417339 0.32275931
v 3.84541984 -0.06445239 0.32395236
v 3.84663792 -0.05784313 0.32306210
v 3.84663792 -0.05842112 0.32406209
v 3.84677883 -0.05784301 0.32307116
v 3.84703167 -0.05784188 0.32313929
v 3.84728702 -0.05784260 0.32329963
v 3.84749885 -0.05784105 0.32354573
v 3.84763797 -0.05784313 0.32406841
v 3.84761735 -0.05784248 0.32385377
v 3.84761234 -0.05784224 0.32429234
v 3.84750481 -0.05784212 0.32456414
v 3.84732540 -0.05784248 0.32479058
v 3.84709676 -0.05784254 0.32495354
v 3.84663840 -0.05784284 0.32506488
v 3.84687265 -0.05784296 0.32503519
v 3.84524532 -0.05855314 0.32341055
v 3.84520908 -0.06417315 0.32356147
v 3.84513505 -0.06417315 0.32419256
v 3.84565373 -0.06417315 0.32290373
v 3.84597202 -0.05855314 0.32269494
v 3.84663530 -0.06417315 0.32252018
v 3.84663768 -0.05855314 0.32255636
v 3.84516974 -0.05855314 0.32446806
v 3.84536465 -0.06417315 0.32490186
v 3.84574636 -0.05855314 0.32531063
v 3.84593340 -0.06417315 0.32539533
v 3.84663685 -0.06417315 0.32558463
v 3.84663721 -0.05855314 0.32557664
v 3.84647198 -0.05784313 0.32291929
v 3.84615036 -0.05784313 0.32318316
v 3.84640260 -0.05784313 0.32308892
v 3.84659131 -0.05784313 0.32306210
v 3.84685894 -0.05784313 0.32308195
v 3.84754499 -0.05784313 0.32334761
v 3.84709831 -0.05784313 0.32317344
v 3.84728726 -0.05784313 0.32329933
v 3.84752913 -0.05784313 0.32360546
v 3.84742292 -0.05784313 0.32344309
v 3.84760936 -0.05784313 0.32382260
v 3.84770997 -0.05784313 0.32449041
v 3.84761282 -0.05784313 0.32429246
v 3.84750541 -0.05784313 0.32456444
v 3.84763880 -0.05784313 0.32403390
v 3.84734221 -0.05784313 0.32477377
v 3.84687265 -0.05784313 0.32503525
v 3.84680291 -0.05784313 0.32520501
v 3.84712501 -0.05784313 0.32494078
v 3.84668489 -0.05784313 0.32506208
v 3.84641786 -0.05784313 0.32504259
v 3.84572991 -0.05784313 0.32477669
v 3.84585198 -0.05784313 0.32468120
v 3.84574576 -0.05784313 0.32451890
v 3.84598776 -0.05784313 0.32482503
v 3.84617635 -0.05784313 0.32495074
v 3.84566553 -0.05784313 0.32430230
v 3.84556492 -0.05784313 0.32363389
v 3.84576972 -0.05784313 0.32355956
v 3.84593268 -0.05784313 0.32335059
v 3.84563716 -0.05784313 0.32409797
v 3.84566136 -0.05784313 0.32383440
v 3.84781893 -0.05849372 0.32501386
v 3.84771546 -0.05855338 0.32512204
v 3.84802278 -0.05855308 0.32466672
v 3.84746095 -0.05848090 0.32535116
v 3.84711691 -0.05855255 0.32549332
v 3.84663888 -0.05843179 0.32565711
v 3.84663816 -0.05855291 0.32556466
v 3.84806104 -0.05855303 0.32358573
v 3.84787150 -0.05855255 0.32319228
v 3.84807571 -0.05843954 0.32336656
v 3.84814425 -0.05855303 0.32412056
v 3.84816988 -0.05848037 0.32394294
v 3.84807869 -0.05849545 0.32453910
v 3.84737189 -0.05855261 0.32274906
v 3.84767409 -0.05848084 0.32293699
v 3.84663840 -0.05848162 0.32252644
v 3.84697457 -0.05855261 0.32259754
v 3.84663804 -0.05855314 0.32256166
v 3.84710880 -0.05844055 0.32558904
v 3.84713324 -0.05844222 0.32254295
v 3.84775682 -0.05844925 0.32520560
v 3.84816142 -0.05845062 0.32455037
v 3.84821876 -0.05845194 0.32430933
v 3.84688087 -0.05845223 0.32248054
v 3.84663792 -0.05845205 0.32246218
v 3.84734102 -0.05845217 0.32549951
v 3.84756096 -0.05845223 0.32536910
v 3.84792813 -0.05845229 0.32500831
v 3.84823795 -0.05845247 0.32394985
v 3.84816797 -0.05845289 0.32359622
v 3.84778686 -0.05845241 0.32294844
v 3.84795185 -0.05845259 0.32314954
v 3.84758886 -0.05845235 0.32277540
v 3.84736486 -0.05845229 0.32263688
v 3.84688004 -0.05845223 0.32564370
v 3.84806391 -0.05845313 0.32478748
v 3.84647210 -0.05784313 0.32291947
v 3.84647198 -0.05680315 0.32291929
v 3.84556492 -0.05680315 0.32363389
v 3.84556492 -0.05784313 0.32363389
v 3.84754499 -0.05680315 0.32334761
v 3.84647186 -0.05784313 0.32291947
v 3.84754499 -0.05784313 0.32334761
v 3.84647198 -0.05680315 0.32291929
v 3.84770997 -0.05680315 0.32449041
v 3.84754463 -0.05784313 0.32334767
v 3.84770997 -0.05784313 0.32449041
v 3.84754499 -0.05680315 0.32334761
v 3.84680279 -0.05784313 0.32520483
v 3.84680291 -0.05680315 0.32520501
v 3.84770997 -0.05680315 0.32449041
v 3.84770997 -0.05784313 0.32449041
v 3.84680303 -0.05784313 0.32520483
v 3.84572991 -0.05680315 0.32477669
v 3.84680291 -0.05680315 0.32520501
v 3.84572991 -0.05784313 0.32477669
v 3.84573026 -0.05784313 0.32477663
v 3.84556492 -0.05680315 0.32363389
v 3.84572991 -0.05680315 0.32477669
v 3.84556492 -0.05784313 0.32363389
v 3.84639497 -0.05845313 0.32248048
v 3.84616097 -0.05845313 0.32253448
v 3.84596522 -0.05845313 0.32128940
v 3.84505590 -0.05845313 0.32381509
v 3.84378334 -0.05845313 0.32406769
v 3.84383555 -0.05845313 0.32352273
v 3.84571393 -0.05845313 0.32275508
v 3.84551795 -0.05845313 0.32291810
v 3.84497889 -0.05845313 0.32174037
v 3.84731027 -0.05845313 0.32683478
v 3.84687992 -0.05845313 0.32564382
v 3.84711393 -0.05845313 0.32558982
v 3.84534701 -0.05845313 0.32311563
v 3.84431394 -0.05845313 0.32241098
v 3.84457036 -0.05845313 0.32209549
v 3.84511300 -0.05845313 0.32357458
v 3.84394296 -0.05845313 0.32313232
v 3.84410043 -0.05845313 0.32275687
v 3.84383651 -0.05845313 0.32460282
v 3.84503682 -0.05845313 0.32417444
v 3.84439572 -0.05845313 0.32582675
v 3.84548791 -0.05845313 0.32517592
v 3.84467192 -0.05845313 0.32612578
v 3.84510692 -0.05845313 0.32452832
v 3.84519394 -0.05845313 0.32475332
v 3.84398897 -0.05845313 0.32512281
v 3.84416993 -0.05845313 0.32548843
v 3.84532293 -0.05845313 0.32497482
v 3.84568699 -0.05845313 0.32534889
v 3.84570714 -0.05845313 0.32675860
v 3.84533294 -0.05845313 0.32659570
v 3.84590991 -0.05845313 0.32548747
v 3.84498449 -0.05845313 0.32638751
v 3.84615191 -0.05845313 0.32558678
v 3.84639390 -0.05845313 0.32564382
v 3.84623321 -0.05845313 0.32688610
v 3.84663792 -0.05845313 0.32566218
v 3.84677561 -0.05845313 0.32691197
v 3.84544857 -0.05845313 0.32146798
v 3.84593495 -0.05845313 0.32262472
v 3.84734090 -0.05845313 0.32549957
v 3.84782632 -0.05845313 0.32665632
v 3.84829398 -0.05845313 0.32638530
v 3.84775694 -0.05845313 0.32520608
v 3.84860690 -0.05845313 0.32612298
v 3.84650071 -0.05845313 0.32121233
v 3.84688099 -0.05845313 0.32248048
v 3.84704109 -0.05845313 0.32123814
v 3.84712299 -0.05845313 0.32253752
v 3.84816190 -0.05845313 0.32454971
v 3.84917446 -0.05845313 0.32536731
v 3.84806391 -0.05845313 0.32478748
v 3.84933193 -0.05845313 0.32499198
v 3.84943922 -0.05845313 0.32460217
v 3.84756644 -0.05845313 0.32136516
v 3.84806283 -0.05845313 0.32159076
v 3.84736498 -0.05845313 0.32263682
v 3.84850605 -0.05845313 0.32190613
v 3.84758897 -0.05845313 0.32277540
v 3.84932991 -0.05845313 0.32312850
v 3.84943827 -0.05845313 0.32352064
v 3.84816797 -0.05845313 0.32359598
v 3.84887906 -0.05845313 0.32229737
v 3.84778698 -0.05845313 0.32294838
v 3.84808095 -0.05845313 0.32337097
v 3.84795197 -0.05845313 0.32314948
v 3.84917160 -0.05845313 0.32275120
v 3.84823807 -0.05845313 0.32394967
v 3.84949156 -0.05845313 0.32405654
v 3.84792801 -0.05845313 0.32500873
v 3.84663792 -0.05845313 0.32246212
v 3.84521099 -0.05845313 0.32333682
v 3.84756096 -0.05845313 0.32536922
v 3.84888609 -0.05845313 0.32581876
v 3.84821900 -0.05845313 0.32430921
v 3.84383293 -0.05807345 0.32347063
v 3.84418519 -0.05807410 0.32259361
v 3.84420963 -0.05845319 0.32253919
v 3.84516295 -0.05845319 0.32158015
v 3.84490724 -0.05807351 0.32176576
v 3.84870620 -0.05845313 0.32207976
v 3.84820755 -0.05807315 0.32166562
v 3.84895440 -0.05807315 0.32237683
v 3.84928687 -0.05845313 0.32297138
v 3.84949990 -0.05807321 0.32364593
v 3.84945794 -0.05845313 0.32365421
v 3.84770461 -0.05845313 0.32139174
v 3.84715672 -0.05807309 0.32123874
v 3.84646674 -0.05845313 0.32120113
v 3.84600599 -0.05807315 0.32126711
v 3.84379359 -0.05845319 0.32365594
v 3.84380682 -0.05807351 0.32447104
v 3.84381696 -0.05845313 0.32447008
v 3.84680291 -0.05680315 0.32520501
v 3.84572991 -0.05680315 0.32477669
v 3.84623595 -0.05680315 0.32542948
v 3.84556099 -0.05680315 0.32499568
v 3.84586700 -0.05680315 0.32526092
v 3.84698292 -0.05680315 0.32544468
v 3.84730800 -0.05680315 0.32531963
v 3.84797796 -0.05680315 0.32454602
v 3.84770997 -0.05680315 0.32449041
v 3.84782096 -0.05680315 0.32485650
v 3.84759291 -0.05680315 0.32511977
v 3.84754499 -0.05680315 0.32334761
v 3.84804793 -0.05680315 0.32385818
v 3.84805496 -0.05680315 0.32420657
v 3.84740790 -0.05680315 0.32286338
v 3.84771391 -0.05680315 0.32312862
v 3.84793397 -0.05680315 0.32346962
v 3.84703894 -0.05680315 0.32269482
v 3.84663792 -0.05680315 0.32263712
v 3.84626790 -0.05680315 0.32268588
v 3.84647198 -0.05680315 0.32291929
v 3.84592601 -0.05680315 0.32282750
v 3.84556492 -0.05680315 0.32363389
v 3.84522696 -0.05680315 0.32426612
v 3.84521194 -0.05680315 0.32406209
v 3.84526094 -0.05680315 0.32369212
v 3.84562989 -0.05680315 0.32305447
v 3.84540291 -0.05680315 0.32335029
v 3.84663792 -0.05680315 0.32548712
v 3.84534200 -0.05680315 0.32465468
v 3.84517105 -0.05807315 0.32652489
v 3.84435924 -0.05807315 0.32579998
v 3.84523066 -0.05845319 0.32658313
v 3.84758612 -0.05845319 0.32676838
v 3.84845885 -0.05807315 0.32627437
v 3.84725734 -0.05807303 0.32688169
v 3.84864529 -0.05845313 0.32612131
v 3.84915574 -0.05807315 0.32543019
v 3.84925159 -0.05845313 0.32521848
v 3.84945877 -0.05807315 0.32451645
v 3.84949465 -0.05845313 0.32429019
v 3.84946855 -0.05807315 0.32365320
v 3.84945794 -0.05845313 0.32365421
v 3.84650846 -0.05845313 0.32692258
v 3.84606000 -0.05807315 0.32686136
v 3.84416838 -0.05845313 0.32553558
v 3.84377177 -0.05807315 0.32447938
v 3.84380730 -0.05845313 0.32447205
v 3.84889479 -0.05746268 0.32486502
v 3.84801932 -0.05739944 0.32597051
v 3.84902521 -0.05806814 0.32563750
v 3.84824260 -0.05807595 0.32641552
v 3.84866508 -0.05807535 0.32606397
v 3.84927698 -0.05807154 0.32515035
v 3.84897836 -0.05742227 0.32377116
v 3.84947248 -0.05807565 0.32434271
v 3.84940298 -0.05807315 0.32474981
v 3.84938033 -0.05807416 0.32328007
v 3.84873613 -0.05753927 0.32277373
v 3.84920033 -0.05807327 0.32280777
v 3.84886833 -0.05807118 0.32227133
v 3.84832497 -0.05806749 0.32174436
v 3.84790106 -0.05760549 0.32188795
v 3.84763594 -0.05807428 0.32138662
v 3.84822508 -0.05703287 0.32304750
v 3.84828623 -0.05692427 0.32437913
v 3.84947499 -0.05807541 0.32379834
v 3.84815129 -0.05716346 0.32542441
v 3.84763642 -0.05807386 0.32673977
v 3.91933795 -0.06956314 0.32647652
v 3.92001970 -0.06961583 0.32624865
v 3.91949781 -0.06913738 0.32591814
v 3.91976090 -0.07007317 0.32673157
v 3.91972180 -0.06878893 0.32512594
v 3.91943296 -0.06880312 0.32531953
v 3.92042895 -0.06889485 0.32409913
v 3.91994496 -0.06880312 0.32485647
v 3.92028363 -0.06915061 0.32539136
v 3.91983898 -0.06880312 0.32312859
v 3.92028876 -0.06914131 0.32275260
v 3.91953595 -0.06879108 0.32285715
v 3.91876193 -0.06954221 0.32160873
v 3.91927011 -0.07007436 0.32125438
v 3.91876192 -0.07007317 0.32121206
v 3.91935893 -0.06955396 0.32166309
v 3.91976090 -0.07007317 0.32139266
v 3.91946943 -0.06912480 0.32221109
v 3.92001970 -0.06961583 0.32187552
v 3.91876228 -0.06877737 0.32262195
v 3.91916390 -0.06880312 0.32269478
v 3.92005797 -0.06880312 0.32346958
v 3.92017289 -0.06880312 0.32385815
v 3.92010291 -0.06880312 0.32454598
v 3.92017992 -0.06880312 0.32420654
v 3.91910799 -0.06880312 0.32544464
v 3.91926392 -0.07007603 0.32686854
v 3.91876193 -0.07007317 0.32691205
v 3.91876217 -0.06877647 0.32550264
v 3.91876181 -0.06951980 0.32649053
v 3.91803582 -0.06912099 0.32589913
v 3.91817864 -0.06954674 0.32645870
v 3.91876157 -0.06877814 0.32550175
v 3.91710158 -0.06938653 0.32568300
v 3.91822370 -0.07007323 0.32686932
v 3.91876193 -0.07007317 0.32691205
v 3.91876193 -0.06954019 0.32651342
v 3.91768594 -0.06880312 0.32499564
v 3.91798945 -0.06879334 0.32526577
v 3.91745980 -0.06878637 0.32466067
v 3.91652377 -0.06948666 0.32493777
v 3.91652353 -0.07007234 0.32583279
v 3.91689785 -0.07007728 0.32621378
v 3.91596504 -0.07007472 0.32461239
v 3.91638024 -0.06944840 0.32414056
v 3.91611488 -0.07007413 0.32512189
v 3.91629310 -0.07006513 0.32550872
v 3.91596182 -0.07007550 0.32352556
v 3.91659410 -0.06947671 0.32301522
v 3.91876133 -0.07007532 0.32120687
v 3.91809936 -0.07007293 0.32128668
v 3.91820569 -0.06955425 0.32165373
v 3.91747804 -0.07007335 0.32150943
v 3.91694315 -0.07007007 0.32185788
v 3.91730125 -0.06955968 0.32205708
v 3.91751893 -0.06878345 0.32334370
v 3.91771801 -0.06909315 0.32239456
v 3.91629239 -0.07006524 0.32261211
v 3.91612156 -0.07007490 0.32298887
v 3.91591271 -0.07007699 0.32405610
v 3.91680451 -0.06912582 0.32375557
v 3.91876193 -0.06953977 0.32161123
v 3.91876169 -0.06877749 0.32262201
v 3.91653569 -0.07007156 0.32227380
v 3.91839297 -0.06880312 0.32268584
v 3.91775496 -0.06880312 0.32305444
v 3.91805096 -0.06880312 0.32282746
v 3.91738589 -0.06880312 0.32369209
v 3.91734667 -0.06879322 0.32426608
v 3.91733690 -0.06880312 0.32406206
v 3.91724523 -0.07006060 0.32649738
v 3.91836091 -0.06880312 0.32542945
v 3.91757508 -0.07007138 0.32665998
v 3.91789134 -0.07055263 0.32528949
v 3.91815158 -0.07047860 0.32546765
v 3.91762145 -0.07044016 0.32518095
v 3.91733928 -0.07055287 0.32453854
v 3.91752167 -0.07055269 0.32491708
v 3.91733237 -0.07047532 0.32465190
v 3.91828604 -0.07045226 0.32253451
v 3.91851981 -0.07045220 0.32248057
v 3.91876157 -0.07048254 0.32252932
v 3.91810699 -0.07055329 0.32270218
v 3.91806884 -0.07048248 0.32269192
v 3.91876097 -0.07055376 0.32254857
v 3.91763587 -0.07055227 0.32304931
v 3.91732796 -0.07055323 0.32361657
v 3.91732057 -0.07048856 0.32356626
v 3.91726096 -0.07055323 0.32407880
v 3.91723044 -0.07047825 0.32405425
v 3.91756316 -0.07050197 0.32313592
v 3.91840537 -0.07055239 0.32552219
v 3.91876145 -0.07048158 0.32559783
v 3.91876193 -0.07055317 0.32556248
v 3.91733678 -0.07045101 0.32333565
v 3.91764303 -0.07044922 0.32291860
v 3.91723831 -0.07045059 0.32357425
v 3.91718121 -0.07045196 0.32381458
v 3.91851898 -0.07045226 0.32564372
v 3.91876193 -0.07045202 0.32566208
v 3.91876193 -0.07045244 0.32246215
v 3.91805895 -0.07045220 0.32262475
v 3.91783889 -0.07045220 0.32275522
v 3.91716178 -0.07045238 0.32417441
v 3.91723199 -0.07045285 0.32452840
v 3.91731890 -0.07045256 0.32475323
v 3.91744788 -0.07045256 0.32497460
v 3.91803499 -0.07045232 0.32548744
v 3.91781099 -0.07045238 0.32534880
v 3.91827698 -0.07045232 0.32558674
v 3.91747196 -0.07045315 0.32311553
v 3.91979929 -0.07617317 0.32515681
v 3.91961928 -0.07055317 0.32530332
v 3.91921230 -0.07617317 0.32551140
v 3.91876455 -0.07055317 0.32560379
v 3.91876193 -0.07617317 0.32556207
v 3.92017062 -0.07055317 0.32466770
v 3.92018564 -0.07617317 0.32458902
v 3.92023225 -0.07055317 0.32367367
v 3.92023106 -0.07617317 0.32361758
v 3.91982003 -0.07055317 0.32297808
v 3.91964562 -0.07617317 0.32282657
v 3.91932149 -0.07055317 0.32266528
v 3.91876336 -0.07617317 0.32253487
v 3.91876264 -0.07055317 0.32254822
v 3.91876193 -0.06984316 0.32506204
v 3.91876193 -0.07042114 0.32406206
v 3.91862054 -0.06984298 0.32505304
v 3.91836687 -0.06984197 0.32498438
v 3.91811295 -0.06984256 0.32482464
v 3.91790088 -0.06984107 0.32457835
v 3.91776200 -0.06984316 0.32405586
v 3.91778262 -0.06984244 0.32427079
v 3.91778763 -0.06984226 0.32383192
v 3.91789504 -0.06984214 0.32356018
v 3.91807409 -0.06984244 0.32333398
v 3.91830392 -0.06984250 0.32317031
v 3.91876157 -0.06984286 0.32305933
v 3.91852744 -0.06984298 0.32308901
v 3.91991122 -0.07645313 0.32448215
v 3.91977497 -0.07645313 0.32474381
v 3.91821678 -0.07645313 0.32296700
v 3.91774555 -0.07645313 0.32473815
v 3.91761156 -0.07645313 0.32447583
v 3.91834767 -0.07645313 0.32521278
v 3.91938992 -0.07645313 0.32511283
v 3.91781791 -0.07645313 0.32329024
v 3.91962464 -0.07645313 0.32492644
v 3.91796597 -0.07645313 0.32313878
v 3.91887887 -0.07645313 0.32527751
v 3.91754158 -0.07645313 0.32413459
v 3.91757985 -0.07645313 0.32374710
v 3.91863914 -0.07645313 0.32527662
v 3.91808124 -0.07645313 0.32507557
v 3.91789873 -0.07645313 0.32492489
v 3.91911383 -0.07645313 0.32523132
v 3.91769894 -0.07645313 0.32346553
v 3.91858609 -0.07645313 0.32285172
v 3.91997631 -0.07645313 0.32419122
v 3.91997798 -0.07645313 0.32394398
v 3.91897352 -0.07645313 0.32285697
v 3.91961296 -0.07645313 0.32318867
v 3.91926499 -0.07645313 0.32295085
v 3.91944893 -0.07645313 0.32305438
v 3.91990049 -0.07645313 0.32361264
v 3.91975089 -0.07645313 0.32334745
v 3.91733714 -0.07617281 0.32454062
v 3.91755493 -0.07645313 0.32423664
v 3.91761215 -0.07645266 0.32447583
v 3.91774579 -0.07645296 0.32473809
v 3.91798337 -0.07645182 0.32500828
v 3.91772588 -0.07617257 0.32515586
v 3.91805966 -0.07617263 0.32538850
v 3.91834767 -0.07645307 0.32521272
v 3.91863914 -0.07645301 0.32527644
v 3.91869338 -0.07617311 0.32556207
v 3.91836675 -0.07617299 0.32551301
v 3.91899558 -0.07645182 0.32526517
v 3.91922684 -0.07617311 0.32548971
v 3.91938992 -0.07645307 0.32511277
v 3.91953476 -0.07617222 0.32535142
v 3.91975399 -0.07617317 0.32518757
v 3.91994615 -0.07617293 0.32498968
v 3.91970666 -0.07645188 0.32484288
v 3.92015024 -0.07617305 0.32464028
v 3.91991075 -0.07645260 0.32448197
v 3.92024131 -0.07617317 0.32431949
v 3.91997619 -0.07645301 0.32419128
v 3.92026349 -0.07617323 0.32404942
v 3.91997345 -0.07645331 0.32388753
v 3.92024692 -0.07617317 0.32384736
v 3.91896530 -0.07617311 0.32554985
v 3.91748043 -0.07617311 0.32484472
v 3.91727789 -0.07617317 0.32427687
v 3.91755493 -0.07645313 0.32423664
v 3.91727789 -0.07617317 0.32427687
v 3.91726025 -0.07617341 0.32406265
v 3.91788383 -0.07645200 0.32321132
v 3.91746171 -0.07617240 0.32330698
v 3.91767998 -0.07617186 0.32302315
v 3.91788884 -0.07617240 0.32284183
v 3.91821702 -0.07645266 0.32296748
v 3.91858621 -0.07645260 0.32285226
v 3.91820200 -0.07617234 0.32266671
v 3.91854890 -0.07617228 0.32257683
v 3.91897340 -0.07645266 0.32285745
v 3.91883142 -0.07617287 0.32256222
v 3.91910847 -0.07617335 0.32260079
v 3.91938539 -0.07617383 0.32269478
v 3.91963871 -0.07617335 0.32284237
v 3.91936095 -0.07645182 0.32299585
v 3.91990884 -0.07617246 0.32308883
v 3.91969009 -0.07645254 0.32326454
v 3.92010446 -0.07617371 0.32338733
v 3.91989966 -0.07645218 0.32361305
v 3.92020627 -0.07617335 0.32364768
v 3.91996892 -0.07645313 0.32388753
v 3.92024692 -0.07617317 0.32384736
v 3.91764672 -0.07645248 0.32356007
v 3.91730066 -0.07617335 0.32370693
v 3.91754516 -0.07645242 0.32394970
v 3.91876193 -0.06984316 0.32306207
v 3.91876193 -0.07042114 0.32406206
v 3.91890533 -0.06984298 0.32307143
v 3.91915830 -0.06984197 0.32313997
v 3.91941185 -0.06984262 0.32329947
v 3.91962381 -0.06984107 0.32354558
v 3.91976197 -0.06984316 0.32406837
v 3.91974278 -0.06984244 0.32385558
v 3.91973789 -0.06984220 0.32428969
v 3.91963001 -0.06984214 0.32456381
v 3.91945048 -0.06984244 0.32479042
v 3.91922136 -0.06984256 0.32495362
v 3.91876240 -0.06984286 0.32506484
v 3.91899772 -0.06984298 0.32503510
v 3.91819115 -0.07055317 0.32546288
v 3.91799017 -0.07617317 0.32537681
v 3.91876145 -0.07617317 0.32557279
v 3.91732700 -0.07055317 0.32454611
v 3.91726239 -0.07617317 0.32425595
v 3.91746576 -0.07617317 0.32483257
v 3.91726335 -0.07055317 0.32392753
v 3.91740079 -0.07617317 0.32335085
v 3.91745301 -0.07055317 0.32328821
v 3.91821189 -0.07617317 0.32263745
v 3.91816195 -0.07055317 0.32265682
v 3.91876193 -0.07055317 0.32256204
v 3.91876193 -0.07617317 0.32256204
v 3.91767629 -0.07055317 0.32510788
v 3.91876169 -0.07055317 0.32556713
v 3.91859694 -0.06984316 0.32291926
v 3.91827531 -0.06984316 0.32318313
v 3.91852744 -0.06984316 0.32308895
v 3.91871627 -0.06984316 0.32306207
v 3.91898246 -0.06984316 0.32308174
v 3.91966899 -0.06984316 0.32334757
v 3.91922386 -0.06984316 0.32317371
v 3.91941197 -0.06984316 0.32329923
v 3.91965433 -0.06984316 0.32360572
v 3.91954799 -0.06984316 0.32344306
v 3.91973408 -0.06984316 0.32382125
v 3.91983493 -0.06984316 0.32449037
v 3.91973849 -0.06984316 0.32428980
v 3.91963049 -0.06984316 0.32456410
v 3.91976281 -0.06984316 0.32402677
v 3.91946729 -0.06984316 0.32477367
v 3.91899772 -0.06984316 0.32503522
v 3.91892799 -0.06984316 0.32520497
v 3.91924985 -0.06984316 0.32494087
v 3.91880973 -0.06984316 0.32506204
v 3.91854282 -0.06984316 0.32504261
v 3.91785498 -0.06984316 0.32477666
v 3.91797693 -0.06984316 0.32468117
v 3.91787060 -0.06984316 0.32451857
v 3.91811271 -0.06984316 0.32482488
v 3.91830166 -0.06984316 0.32495082
v 3.91779061 -0.06984316 0.32430208
v 3.91768988 -0.06984316 0.32363386
v 3.91789456 -0.06984316 0.32355989
v 3.91805752 -0.06984316 0.32335067
v 3.91776105 -0.06984316 0.32409055
v 3.91778703 -0.06984316 0.32383180
v 3.91876288 -0.07043175 0.32565708
v 3.91876217 -0.07055287 0.32556463
v 3.91924186 -0.07055257 0.32549328
v 3.92013760 -0.07055257 0.32344914
v 3.91990800 -0.07055281 0.32308823
v 3.91979869 -0.07048093 0.32293690
v 3.91979619 -0.07055126 0.32514328
v 3.91952785 -0.07048111 0.32538313
v 3.92015870 -0.07055299 0.32464785
v 3.92027827 -0.07048385 0.32426012
v 3.92011591 -0.07048480 0.32476402
v 3.92026492 -0.07055347 0.32405538
v 3.92027028 -0.07048307 0.32381994
v 3.91949840 -0.07055263 0.32275040
v 3.91876240 -0.07048158 0.32252634
v 3.91909941 -0.07055263 0.32259745
v 3.91876204 -0.07055317 0.32256163
v 3.91923388 -0.07044058 0.32558895
v 3.92020042 -0.07043956 0.32336599
v 3.91925843 -0.07044218 0.32254297
v 3.91988190 -0.07044928 0.32520551
v 3.91900595 -0.07045226 0.32248051
v 3.91876193 -0.07045202 0.32246215
v 3.91946490 -0.07045226 0.32549948
v 3.91968592 -0.07045220 0.32536907
v 3.92005296 -0.07045226 0.32500840
v 3.92028685 -0.07045321 0.32454980
v 3.92034383 -0.07045297 0.32430941
v 3.92036315 -0.07045273 0.32395006
v 3.92029293 -0.07045285 0.32359583
v 3.91991194 -0.07045244 0.32294846
v 3.92007692 -0.07045262 0.32314951
v 3.91971274 -0.07045244 0.32277531
v 3.91948982 -0.07045226 0.32263679
v 3.91900499 -0.07045226 0.32564366
v 3.92018898 -0.07045315 0.32478744
v 3.91859718 -0.06984316 0.32291949
v 3.91859694 -0.06880312 0.32291926
v 3.91768988 -0.06880312 0.32363386
v 3.91768988 -0.06984316 0.32363386
v 3.91966899 -0.06880312 0.32334757
v 3.91859694 -0.06984316 0.32291932
v 3.91966899 -0.06984316 0.32334757
v 3.91859694 -0.06880312 0.32291926
v 3.91983493 -0.06880312 0.32449037
v 3.91966899 -0.06984316 0.32334757
v 3.91983493 -0.06984316 0.32449037
v 3.91966899 -0.06880312 0.32334757
v 3.91892787 -0.06984316 0.32520480
v 3.91892799 -0.06880312 0.32520497
v 3.91983493 -0.06880312 0.32449037
v 3.91983493 -0.06984316 0.32449037
v 3.91892799 -0.06984316 0.32520480
v 3.91785498 -0.06880312 0.32477666
v 3.91892799 -0.06880312 0.32520497
v 3.91785498 -0.06984316 0.32477666
v 3.91785534 -0.06984316 0.32477660
v 3.91768988 -0.06880312 0.32363386
v 3.91785498 -0.06880312 0.32477666
v 3.91768988 -0.06984316 0.32363386
v 3.91851993 -0.07045315 0.32248045
v 3.91828592 -0.07045315 0.32253445
v 3.91808982 -0.07045315 0.32128949
v 3.91718097 -0.07045315 0.32381505
v 3.91590829 -0.07045315 0.32406772
v 3.91596051 -0.07045315 0.32352293
v 3.91783889 -0.07045315 0.32275505
v 3.91764291 -0.07045315 0.32291806
v 3.91710408 -0.07045315 0.32174016
v 3.91943463 -0.07045315 0.32683492
v 3.91900499 -0.07045315 0.32564378
v 3.91923900 -0.07045315 0.32558978
v 3.91747196 -0.07045315 0.32311553
v 3.91643889 -0.07045315 0.32241095
v 3.91669603 -0.07045315 0.32209481
v 3.91723795 -0.07045315 0.32357455
v 3.91606792 -0.07045315 0.32313228
v 3.91622551 -0.07045315 0.32275689
v 3.91596158 -0.07045315 0.32460356
v 3.91716178 -0.07045315 0.32417459
v 3.91652127 -0.07045315 0.32582743
v 3.91761299 -0.07045315 0.32517589
v 3.91689439 -0.07045315 0.32621855
v 3.91723199 -0.07045315 0.32452828
v 3.91731890 -0.07045315 0.32475323
v 3.91611369 -0.07045315 0.32512236
v 3.91629489 -0.07045315 0.32548834
v 3.91744800 -0.07045315 0.32497478
v 3.91781099 -0.07045315 0.32534886
v 3.91733809 -0.07045315 0.32653410
v 3.91783233 -0.07045315 0.32675863
v 3.91803499 -0.07045315 0.32548744
v 3.91827698 -0.07045315 0.32558674
v 3.91851898 -0.07045315 0.32564378
v 3.91835828 -0.07045315 0.32688606
v 3.91876193 -0.07045315 0.32566214
v 3.91889914 -0.07045315 0.32691193
v 3.91757341 -0.07045315 0.32146800
v 3.91805895 -0.07045315 0.32262469
v 3.91946490 -0.07045315 0.32549954
v 3.91995152 -0.07045315 0.32665617
v 3.92042108 -0.07045315 0.32638389
v 3.91988190 -0.07045315 0.32520605
v 3.92082914 -0.07045315 0.32602907
v 3.91862436 -0.07045315 0.32121230
v 3.92005296 -0.07045315 0.32500864
v 3.92108591 -0.07045315 0.32571316
v 3.91900595 -0.07045315 0.32248045
v 3.91916604 -0.07045315 0.32123811
v 3.91924794 -0.07045315 0.32253749
v 3.92028697 -0.07045315 0.32454968
v 3.92129965 -0.07045315 0.32536698
v 3.92018898 -0.07045315 0.32478744
v 3.92145689 -0.07045315 0.32499195
v 3.92156442 -0.07045315 0.32460124
v 3.91969152 -0.07045315 0.32136518
v 3.92018791 -0.07045315 0.32159073
v 3.91948994 -0.07045315 0.32263679
v 3.92063125 -0.07045315 0.32190627
v 3.91971298 -0.07045315 0.32277537
v 3.92141123 -0.07045315 0.32300210
v 3.92156323 -0.07045315 0.32352049
v 3.92029293 -0.07045315 0.32359595
v 3.92100425 -0.07045315 0.32229758
v 3.91991194 -0.07045315 0.32294834
v 3.92020591 -0.07045315 0.32337094
v 3.92007692 -0.07045315 0.32314945
v 3.92122992 -0.07045315 0.32263583
v 3.92036315 -0.07045315 0.32394982
v 3.92161651 -0.07045315 0.32405645
v 3.91876193 -0.07045315 0.32246209
v 3.91733594 -0.07045315 0.32333679
v 3.91968592 -0.07045315 0.32536918
v 3.92034395 -0.07045315 0.32430918
v 3.91595598 -0.07007347 0.32347716
v 3.91631182 -0.07007413 0.32258946
v 3.91625460 -0.07045315 0.32265473
v 3.91728778 -0.07045315 0.32158012
v 3.91693731 -0.07007365 0.32185293
v 3.91787429 -0.07007317 0.32133800
v 3.92083128 -0.07045315 0.32207978
v 3.92033394 -0.07007317 0.32166660
v 3.92107947 -0.07007317 0.32237679
v 3.92141195 -0.07045315 0.32297177
v 3.92162498 -0.07007317 0.32364589
v 3.92158289 -0.07045315 0.32365418
v 3.91982932 -0.07045315 0.32139165
v 3.91914566 -0.07007305 0.32120550
v 3.91859134 -0.07045309 0.32120103
v 3.91591092 -0.07045315 0.32379825
v 3.91593214 -0.07007347 0.32447094
v 3.91594191 -0.07045315 0.32447005
v 3.91892799 -0.06880312 0.32520497
v 3.91785498 -0.06880312 0.32477666
v 3.91836091 -0.06880312 0.32542945
v 3.91768594 -0.06880312 0.32499564
v 3.91799195 -0.06880312 0.32526088
v 3.91910799 -0.06880312 0.32544464
v 3.91943296 -0.06880312 0.32531953
v 3.92010291 -0.06880312 0.32454598
v 3.91983493 -0.06880312 0.32449037
v 3.91994496 -0.06880312 0.32485647
v 3.91971691 -0.06880312 0.32511974
v 3.91966899 -0.06880312 0.32334757
v 3.92017289 -0.06880312 0.32385815
v 3.92017992 -0.06880312 0.32420654
v 3.91953297 -0.06880312 0.32286335
v 3.91983898 -0.06880312 0.32312859
v 3.92005797 -0.06880312 0.32346958
v 3.91916390 -0.06880312 0.32269478
v 3.91876193 -0.06880312 0.32263709
v 3.91839297 -0.06880312 0.32268584
v 3.91859694 -0.06880312 0.32291926
v 3.91805096 -0.06880312 0.32282746
v 3.91768988 -0.06880312 0.32363386
v 3.91735192 -0.06880312 0.32426608
v 3.91733690 -0.06880312 0.32406206
v 3.91738589 -0.06880312 0.32369209
v 3.91775496 -0.06880312 0.32305444
v 3.91752799 -0.06880312 0.32335026
v 3.91876193 -0.06880312 0.32548708
v 3.91746696 -0.06880312 0.32465465
v 3.91594191 -0.07007317 0.32447005
v 3.91594191 -0.07045315 0.32447005
v 3.91610118 -0.07045315 0.32513208
v 3.91938217 -0.07007305 0.32688171
v 3.91892584 -0.07045309 0.32694376
v 3.92033942 -0.07045315 0.32646740
v 3.92058309 -0.07007317 0.32627494
v 3.92119046 -0.07045315 0.32558549
v 3.92128070 -0.07007317 0.32543040
v 3.92158325 -0.07045315 0.32457048
v 3.92158373 -0.07007317 0.32451672
v 3.92159350 -0.07007317 0.32365317
v 3.92158993 -0.07045315 0.32365346
v 3.91777654 -0.07007317 0.32677591
v 3.91760774 -0.07045315 0.32668430
v 3.91671653 -0.07045315 0.32606853
v 3.91676458 -0.07007317 0.32610667
v 3.91614969 -0.07007317 0.32525457
v 3.92110391 -0.06942336 0.32435823
v 3.92085667 -0.06953733 0.32535321
v 3.92140182 -0.07007150 0.32515085
v 3.92114826 -0.07006828 0.32563997
v 3.92078014 -0.07006584 0.32609326
v 3.92152794 -0.07007317 0.32474977
v 3.92160006 -0.07007544 0.32379884
v 3.92101963 -0.06946062 0.32326603
v 3.92013641 -0.06941371 0.32212776
v 3.92099615 -0.07006995 0.32227201
v 3.92132504 -0.07007329 0.32280744
v 3.92043837 -0.07007079 0.32174188
v 3.91976090 -0.07007419 0.32138676
v 3.92027660 -0.06916277 0.32270152
v 3.92041131 -0.06892423 0.32374579
v 3.92150529 -0.07007419 0.32328010
v 3.92035003 -0.06903283 0.32507659
v 3.92159756 -0.07007562 0.32434267
v 3.92003163 -0.06959574 0.32622183
v 3.92036744 -0.07007591 0.32641560
v 3.91976138 -0.07007389 0.32673979
v 3.21668057 -0.04930014 0.32065212
v 3.21671221 -0.04930567 0.32025078
v 3.21680809 -0.04926128 0.32062816
v 3.21584450 -0.04913909 0.32239526
v 3.21539386 -0.04923898 0.32264204
v 3.21565456 -0.04931237 0.32233005
v 3.21658616 -0.04930014 0.32104423
v 3.21643280 -0.04930444 0.32141629
v 3.21643106 -0.04930014 0.31908173
v 3.21654993 -0.04926217 0.31904643
v 3.21658642 -0.04930492 0.31945552
v 3.21597182 -0.04925479 0.31827407
v 3.21565239 -0.04930397 0.31816973
v 3.21531222 -0.04931237 0.31795999
v 3.21519781 -0.04913713 0.31772681
v 3.21455386 -0.04923972 0.31758202
v 3.21414259 -0.04913737 0.31750568
v 3.21622137 -0.04930014 0.31873922
v 3.21595988 -0.04930447 0.31843304
v 3.21517250 -0.04923463 0.31774339
v 3.21454420 -0.04930347 0.31771064
v 3.21414134 -0.04930412 0.31767922
v 3.21414137 -0.04925044 0.31756273
v 3.21493452 -0.04930357 0.31780454
v 3.21681769 -0.04924500 0.31987594
v 3.21668064 -0.04930461 0.31984605
v 3.21653969 -0.04923918 0.32151101
v 3.21622189 -0.04930418 0.32176046
v 3.21595949 -0.04930391 0.32206744
v 3.21613280 -0.04923875 0.32207348
v 3.21477597 -0.04923943 0.32288316
v 3.21530814 -0.04930361 0.32254052
v 3.21454339 -0.04930351 0.32278959
v 3.21493547 -0.04930352 0.32269536
v 3.21414114 -0.04931171 0.32282183
v 3.21414124 -0.04913976 0.32298770
v 3.21600002 -0.04913627 0.31823858
v 3.21653207 -0.04913699 0.31892026
v 3.21683798 -0.04913919 0.31980349
v 3.21680485 -0.04913888 0.32083775
v 3.21657502 -0.04913849 0.32150672
v 3.21510357 -0.04913956 0.32281539
v 3.21673948 -0.04764019 0.32074073
v 3.21621197 -0.04764017 0.32186304
v 3.21673240 -0.04913912 0.32112330
v 3.21623641 -0.04913913 0.32200738
v 3.21556941 -0.04764016 0.32244433
v 3.21545344 -0.04913913 0.32264920
v 3.21477897 -0.04764018 0.32279578
v 3.21414386 -0.04913945 0.32301161
v 3.21414137 -0.04764014 0.32286002
v 3.21687419 -0.04913909 0.32002785
v 3.21662352 -0.04764018 0.31937170
v 3.21656761 -0.04913927 0.31899526
v 3.21611484 -0.04764024 0.31853231
v 3.21598741 -0.04913910 0.31823365
v 3.21545447 -0.04764019 0.31797795
v 3.21517318 -0.04913906 0.31772028
v 3.21414137 -0.04764014 0.31764003
v 3.21462793 -0.04764016 0.31767762
v 3.21414222 -0.04913938 0.31751194
v 3.21658316 -0.04764024 0.32121263
v 3.21676329 -0.04763386 0.32048053
v 3.21653969 -0.04742240 0.32109005
v 3.21608405 -0.04727645 0.32176297
v 3.21611500 -0.04764083 0.32196690
v 3.21556909 -0.04727842 0.32225644
v 3.21545183 -0.04764028 0.32252443
v 3.21503433 -0.04742670 0.32262687
v 3.21462096 -0.04763873 0.32282810
v 3.21414159 -0.04726512 0.32270398
v 3.21477267 -0.04709938 0.32243993
v 3.21414137 -0.04692012 0.32195002
v 3.21414129 -0.04694660 0.32220555
v 3.21438455 -0.04692014 0.32193444
v 3.21673454 -0.04764006 0.31989062
v 3.21662567 -0.04732202 0.32016611
v 3.21661126 -0.04763110 0.31931473
v 3.21607145 -0.04727745 0.31871966
v 3.21620215 -0.04764072 0.31862839
v 3.21555140 -0.04727956 0.31822989
v 3.21554696 -0.04764110 0.31804575
v 3.21502015 -0.04763242 0.31776298
v 3.21414147 -0.04695360 0.31821367
v 3.21472142 -0.04707063 0.31809582
v 3.21470762 -0.04732148 0.31782154
v 3.21448786 -0.04764013 0.31765950
v 3.21414122 -0.04762599 0.31759891
v 3.21446524 -0.04692022 0.31857599
v 3.21414137 -0.04692012 0.31855003
v 3.21630653 -0.04711457 0.31949360
v 3.21636411 -0.04707068 0.32026211
v 3.21629763 -0.04711466 0.32103176
v 3.21414137 -0.04764014 0.32286002
v 3.21587397 -0.04693789 0.32108164
v 3.21558106 -0.04699200 0.32177245
v 3.21556644 -0.04696013 0.31880850
v 3.21607478 -0.04694309 0.31995246
v 3.21547866 -0.04691979 0.32130268
v 3.21565390 -0.04692012 0.32103018
v 3.21472048 -0.04694008 0.32209619
v 3.21557378 -0.04692042 0.31933114
v 3.21583547 -0.04692060 0.32041202
v 3.21469831 -0.04692015 0.32185815
v 3.21484952 -0.04692018 0.31870254
v 3.21512882 -0.04692001 0.31886393
v 3.21537386 -0.04692031 0.31907644
v 3.21572160 -0.04692012 0.31961830
v 3.21582906 -0.04692047 0.32000771
v 3.21577422 -0.04692037 0.32072963
v 3.21525561 -0.04692024 0.32153642
v 3.21499192 -0.04692023 0.32172408
v 3.21414163 -0.05930012 0.31874465
v 3.21484008 -0.04930014 0.31888954
v 3.21490502 -0.05930012 0.31892160
v 3.21414154 -0.04930014 0.31874666
v 3.21550749 -0.05930012 0.31959904
v 3.21546147 -0.04930014 0.31951010
v 3.21565606 -0.05930012 0.32044221
v 3.21566405 -0.04930014 0.32032066
v 3.21529818 -0.04930014 0.32125061
v 3.21534014 -0.05930012 0.32116534
v 3.21456761 -0.04930015 0.32170025
v 3.21479355 -0.05930012 0.32162252
v 3.21414164 -0.05930012 0.32175545
v 3.21414137 -0.04930013 0.32175002
v 3.21368517 -0.04852013 0.32139773
v 3.21291937 -0.04852013 0.32042882
v 3.21284137 -0.04852014 0.32127753
v 3.21438127 -0.04852014 0.32188952
v 3.21490717 -0.04852014 0.32121893
v 3.21536327 -0.04852014 0.32007122
v 3.21459747 -0.04852014 0.31910233
v 3.21568116 -0.04852014 0.32086203
v 3.21544127 -0.04852013 0.31922253
v 3.21337547 -0.04852014 0.31928113
v 3.21390146 -0.04852014 0.31861052
v 3.21260147 -0.04852013 0.31963803
v 3.21305663 -0.05930012 0.32128888
v 3.21352382 -0.05930012 0.32161906
v 3.21327318 -0.05930012 0.32147563
v 3.21274833 -0.05930012 0.32081106
v 3.21287979 -0.05930012 0.32106472
v 3.21266724 -0.05930012 0.32053703
v 3.21381237 -0.05930012 0.32171543
v 3.21407875 -0.05930012 0.32175028
v 3.21263972 -0.05930012 0.32025176
v 3.21274689 -0.05930012 0.31969283
v 3.21442723 -0.05930012 0.32172715
v 3.21266670 -0.05930012 0.31996713
v 3.21501375 -0.05930012 0.32147231
v 3.21476635 -0.05930012 0.32161542
v 3.21287744 -0.05930012 0.31943925
v 3.21305405 -0.05930012 0.31921456
v 3.21332815 -0.05930012 0.31898446
v 3.21556385 -0.05930012 0.32073983
v 3.21540570 -0.05930012 0.32106018
v 3.21563654 -0.05930012 0.32038928
v 3.21392746 -0.05930012 0.31876389
v 3.21428264 -0.05930012 0.31875215
v 3.21469816 -0.05930012 0.31885238
v 3.21501002 -0.05930012 0.31902514
v 3.21522589 -0.05930012 0.31921141
v 3.21544262 -0.05930012 0.31949493
v 3.21558110 -0.05930012 0.31982343
v 3.21563586 -0.05930012 0.32010372
v 3.21365120 -0.05930012 0.31883068
v 3.21522948 -0.05930012 0.32128492
v 3.21568116 -0.04852014 0.32086203
v 3.21490717 -0.04692012 0.32121893
v 3.21568116 -0.04692012 0.32086203
v 3.21490717 -0.04852014 0.32121893
v 3.21490717 -0.04852014 0.32121893
v 3.21438127 -0.04692012 0.32188952
v 3.21490717 -0.04692012 0.32121893
v 3.21438127 -0.04852014 0.32188952
v 3.21438127 -0.04852014 0.32188952
v 3.21368517 -0.04692013 0.32139773
v 3.21438127 -0.04692012 0.32188952
v 3.21368517 -0.04852013 0.32139773
v 3.21368517 -0.04852013 0.32139773
v 3.21284137 -0.04692012 0.32127753
v 3.21368517 -0.04692013 0.32139773
v 3.21284137 -0.04852014 0.32127753
v 3.21284137 -0.04852014 0.32127753
v 3.21291937 -0.04852013 0.32042882
v 3.21291937 -0.04692013 0.32042882
v 3.21284137 -0.04692012 0.32127753
v 3.21291937 -0.04852013 0.32042882
v 3.21260147 -0.04692013 0.31963803
v 3.21291937 -0.04692013 0.32042882
v 3.21260147 -0.04852013 0.31963803
v 3.21260147 -0.04852013 0.31963803
v 3.21337547 -0.04852014 0.31928113
v 3.21337547 -0.04692012 0.31928113
v 3.21260147 -0.04692013 0.31963803
v 3.21337547 -0.04852014 0.31928113
v 3.21390146 -0.04852014 0.31861052
v 3.21390146 -0.04692012 0.31861052
v 3.21337547 -0.04692012 0.31928113
v 3.21390146 -0.04692012 0.31861052
v 3.21459747 -0.04852014 0.31910233
v 3.21459747 -0.04692012 0.31910233
v 3.21390146 -0.04852014 0.31861052
v 3.21459747 -0.04692012 0.31910233
v 3.21544127 -0.04852013 0.31922253
v 3.21544127 -0.04692013 0.31922253
v 3.21459747 -0.04852014 0.31910233
v 3.21544127 -0.04852013 0.31922253
v 3.21536327 -0.04692012 0.32007122
v 3.21544127 -0.04692013 0.31922253
v 3.21536327 -0.04852014 0.32007122
v 3.21536327 -0.04692012 0.32007122
v 3.21568116 -0.04852014 0.32086203
v 3.21568116 -0.04692012 0.32086203
v 3.21536327 -0.04852014 0.32007122
v 3.21362858 -0.05930012 0.31883169
v 3.21293582 -0.05930012 0.31930421
v 3.21298451 -0.04930015 0.31924941
v 3.21261863 -0.04930015 0.32017956
v 3.21261113 -0.05930012 0.32037511
v 3.21302853 -0.05930012 0.32128510
v 3.21282116 -0.04930014 0.32098983
v 3.21370297 -0.05930012 0.32169892
v 3.21344565 -0.04930014 0.32161255
v 3.21414121 -0.04930014 0.32175313
v 3.21414137 -0.05930012 0.32175002
v 3.21371520 -0.04930014 0.31879978
v 3.21414109 -0.05930012 0.31874469
v 3.21414137 -0.04930013 0.31875003
v 3.21260147 -0.04692013 0.31963803
v 3.21337547 -0.04692012 0.31928113
v 3.21270911 -0.04692013 0.31933021
v 3.21572160 -0.04692012 0.31961830
v 3.21557380 -0.04692013 0.31933113
v 3.21536327 -0.04692012 0.32007122
v 3.21315353 -0.04692012 0.31886409
v 3.21290928 -0.04692012 0.31907587
v 3.21336236 -0.04692012 0.31873893
v 3.21252968 -0.04692012 0.31969273
v 3.21291937 -0.04692013 0.32042882
v 3.21366197 -0.04692012 0.31861351
v 3.21390146 -0.04692012 0.31861052
v 3.21244708 -0.04692012 0.32008928
v 3.21244716 -0.04692012 0.32041216
v 3.21405910 -0.04692013 0.31854998
v 3.21250868 -0.04692012 0.32072961
v 3.21266535 -0.04692012 0.32110289
v 3.21512881 -0.04692012 0.31886393
v 3.21459747 -0.04692012 0.31910233
v 3.21537387 -0.04692012 0.31907643
v 3.21544127 -0.04692013 0.31922253
v 3.21582909 -0.04692012 0.32000772
v 3.21583552 -0.04692012 0.32041201
v 3.21499193 -0.04692012 0.32172408
v 3.21525561 -0.04692012 0.32153643
v 3.21490717 -0.04692012 0.32121893
v 3.21568116 -0.04692012 0.32086203
v 3.21577424 -0.04692012 0.32072964
v 3.21547863 -0.04692012 0.32130266
v 3.21565390 -0.04692012 0.32103018
v 3.21469830 -0.04692013 0.32185815
v 3.21438127 -0.04692012 0.32188952
v 3.21484952 -0.04692012 0.31870254
v 3.21462077 -0.04692012 0.31861903
v 3.21438455 -0.04692012 0.32193445
v 3.21414137 -0.04692012 0.32195002
v 3.21389929 -0.04692012 0.32193438
v 3.21368517 -0.04692013 0.32139773
v 3.21358459 -0.04692013 0.32185814
v 3.21329036 -0.04692012 0.32172388
v 3.21284137 -0.04692012 0.32127753
v 3.21302754 -0.04692012 0.32153683
v 3.21438400 -0.04692013 0.31856555
v 3.21285697 -0.04692012 0.32136363
v 3.21565246 -0.04930014 0.32232993
v 3.21530817 -0.04930014 0.32254013
v 3.21507121 -0.04930014 0.32143268
v 3.21339313 -0.04930014 0.32155204
v 3.21264287 -0.04930014 0.32233843
v 3.21316019 -0.04930014 0.32138687
v 3.21204607 -0.04930015 0.32173893
v 3.21296286 -0.04930014 0.32118061
v 3.21231947 -0.04930014 0.32206323
v 3.21168326 -0.04930014 0.32100172
v 3.21277416 -0.04930014 0.32087813
v 3.21183247 -0.04930014 0.32137973
v 3.21183546 -0.04930014 0.31911423
v 3.21205056 -0.04930014 0.31875473
v 3.21280576 -0.04930015 0.31956338
v 3.21264635 -0.04930015 0.32010840
v 3.21157097 -0.04930014 0.32025003
v 3.21159816 -0.04930014 0.31987683
v 3.21338257 -0.04930013 0.32270593
v 3.21300257 -0.04930014 0.32255442
v 3.21371957 -0.04930014 0.32169415
v 3.21321140 -0.04930015 0.31906738
v 3.21232526 -0.04930014 0.31843103
v 3.21264927 -0.04930015 0.31815702
v 3.21296082 -0.04930015 0.31932185
v 3.21493567 -0.04930014 0.32269492
v 3.21454347 -0.04930014 0.32278923
v 3.21442675 -0.04930014 0.32172717
v 3.21530936 -0.04930014 0.31796013
v 3.21565167 -0.04930014 0.31816963
v 3.21488939 -0.04930014 0.31894789
v 3.21454387 -0.04930014 0.31771093
v 3.21493426 -0.04930014 0.31780483
v 3.21456296 -0.04930014 0.31880588
v 3.21558227 -0.04930014 0.32067272
v 3.21668057 -0.04930014 0.32065212
v 3.21658616 -0.04930014 0.32104423
v 3.21643206 -0.04930014 0.32141702
v 3.21547673 -0.04930014 0.32093692
v 3.21668046 -0.04930014 0.31984713
v 3.21563037 -0.04930014 0.32003490
v 3.21658647 -0.04930014 0.31945683
v 3.21536544 -0.04930014 0.31937536
v 3.21595887 -0.04930014 0.31843252
v 3.21622137 -0.04930014 0.31873922
v 3.21671176 -0.04930014 0.32025002
v 3.21643106 -0.04930014 0.31908173
v 3.21622117 -0.04930014 0.32176093
v 3.21595897 -0.04930014 0.32206753
v 3.21532187 -0.04930014 0.32117814
v 3.21476526 -0.04930014 0.32161592
v 3.21376946 -0.04930013 0.31770663
v 3.21414137 -0.04930013 0.31767963
v 3.21385575 -0.04930014 0.31877289
v 3.21414137 -0.04930013 0.32282043
v 3.21338726 -0.04930015 0.31779273
v 3.21351703 -0.04930014 0.31888431
v 3.21300856 -0.04930015 0.31794262
v 3.21376686 -0.04930014 0.32279303
v 3.21407033 -0.04930014 0.32175005
v 3.21168477 -0.04930014 0.31949363
v 3.21563627 -0.04930014 0.32039176
v 3.21553490 -0.04930014 0.31969046
v 3.21512171 -0.04930014 0.31911252
v 3.21421241 -0.04930013 0.31875000
v 3.21270009 -0.04930014 0.31982846
v 3.21265230 -0.04930014 0.32046559
v 3.21159777 -0.04930013 0.32062063
v 3.21343108 -0.04731714 0.32263601
v 3.21273212 -0.04727851 0.32226962
v 3.21273348 -0.04764112 0.32245355
v 3.21414137 -0.04692012 0.32195002
v 3.21389929 -0.04692018 0.32193437
v 3.21414126 -0.04695360 0.32228637
v 3.21217370 -0.04764098 0.32197291
v 3.21221109 -0.04727654 0.32177897
v 3.21182053 -0.04764045 0.32144824
v 3.21174972 -0.04742237 0.32110922
v 3.21160152 -0.04764058 0.32087850
v 3.21164020 -0.04734323 0.32025912
v 3.21174235 -0.04742343 0.31941001
v 3.21153334 -0.04764160 0.32000279
v 3.21219822 -0.04727754 0.31873596
v 3.21208929 -0.04764133 0.31863959
v 3.21176071 -0.04764063 0.31916568
v 3.21252284 -0.04764089 0.31819642
v 3.21271246 -0.04727978 0.31824285
v 3.21316807 -0.04763395 0.31779890
v 3.21414114 -0.04726509 0.31779608
v 3.21351024 -0.04709941 0.31806004
v 3.21414137 -0.04692012 0.31855003
v 3.21414144 -0.04694660 0.31829447
v 3.21389904 -0.04692014 0.31856517
v 3.21330774 -0.04764005 0.32272693
v 3.21356102 -0.04707067 0.32240423
v 3.21414012 -0.04764175 0.32287486
v 3.21414084 -0.04741778 0.32280253
v 3.21197636 -0.04711444 0.32100639
v 3.21191848 -0.04707069 0.32023794
v 3.21198530 -0.04711453 0.31946825
v 3.21375937 -0.04763756 0.31765758
v 3.21414137 -0.04764014 0.31764003
v 3.21240875 -0.04693791 0.31941820
v 3.21270167 -0.04699201 0.31872749
v 3.21271615 -0.04696012 0.32169144
v 3.21220786 -0.04694309 0.32054750
v 3.21356228 -0.04694006 0.31840386
v 3.21266539 -0.04692076 0.32110285
v 3.21244713 -0.04692060 0.32008926
v 3.21350729 -0.04692030 0.31866713
v 3.21358459 -0.04692025 0.32185813
v 3.21329037 -0.04692023 0.32172388
v 3.21302754 -0.04692024 0.32153681
v 3.21285697 -0.04692012 0.32136363
v 3.21250870 -0.04692036 0.32072961
v 3.21244719 -0.04692047 0.32041216
v 3.21252972 -0.04692069 0.31969273
v 3.21270913 -0.04692036 0.31933022
v 3.21290931 -0.04692045 0.31907587
v 3.21315353 -0.04692002 0.31886408
v 3.21414016 -0.04763992 0.32288336
v 3.21296204 -0.04913909 0.32272661
v 3.21414037 -0.04913942 0.32298928
v 3.21318349 -0.04764029 0.32268510
v 3.21233252 -0.04764016 0.32216499
v 3.21195095 -0.04913922 0.32190399
v 3.21165524 -0.04764022 0.32111717
v 3.21144319 -0.04913909 0.32073717
v 3.21180122 -0.04764016 0.31906195
v 3.21241289 -0.04764014 0.31827526
v 3.21188108 -0.04913915 0.31870957
v 3.21327085 -0.04764019 0.31777445
v 3.21262425 -0.04913917 0.31797372
v 3.21356275 -0.04913911 0.31757759
v 3.21414099 -0.04764007 0.31763141
v 3.21414137 -0.04913914 0.31753003
v 3.21147522 -0.04913911 0.31964541
v 3.21152839 -0.04764017 0.32001049
v 3.21147138 -0.04926502 0.31992764
v 3.21168477 -0.04930014 0.31949363
v 3.21159816 -0.04930014 0.31987683
v 3.21230695 -0.04923868 0.32224513
v 3.21288860 -0.04913947 0.32268361
v 3.21236675 -0.04913731 0.32232290
v 3.21350843 -0.04914006 0.32289681
v 3.21350597 -0.04923959 0.32288290
v 3.21414116 -0.04913973 0.32297760
v 3.21183247 -0.04930014 0.32137973
v 3.21188306 -0.04927482 0.32167023
v 3.21157972 -0.04927958 0.32099285
v 3.21159777 -0.04930013 0.32062063
v 3.21156878 -0.04931635 0.32027192
v 3.21313259 -0.04924643 0.31774320
v 3.21264887 -0.04930377 0.31815694
v 3.21230992 -0.04923883 0.31825205
v 3.21183485 -0.04930418 0.31911477
v 3.21168326 -0.04930014 0.32100172
v 3.21204607 -0.04930015 0.32173893
v 3.21231854 -0.04930436 0.32206278
v 3.21299843 -0.04931272 0.32255388
v 3.21264204 -0.04930415 0.32233824
v 3.21376670 -0.04930364 0.32279336
v 3.21414140 -0.04930412 0.32282086
v 3.21414136 -0.04925043 0.32293733
v 3.21338207 -0.04930379 0.32270612
v 3.21174357 -0.04923954 0.31898882
v 3.21204995 -0.04930403 0.31875506
v 3.21232472 -0.04930390 0.31843116
v 3.21376963 -0.04930357 0.31770626
v 3.21338722 -0.04930362 0.31779241
v 3.21372667 -0.04923924 0.31758199
v 3.21300833 -0.04930366 0.31794240
v 3.21414159 -0.04931171 0.31767822
v 3.21414119 -0.04913824 0.31750615
v 3.21162630 -0.04913796 0.32131498
v 3.21143145 -0.04913962 0.32062456
v 3.21148143 -0.04913963 0.31962526
v 3.21192762 -0.04913979 0.31862512
v 3.21190635 -0.04914053 0.32181460
v 3.21297212 -0.04913927 0.31777859
v 3.32851095 -0.03580012 0.31881427
v 3.32857802 -0.03578638 0.31876233
v 3.32879737 -0.03579824 0.31901712
v 3.32927801 -0.03579463 0.32245570
v 3.32956890 -0.03577711 0.32215797
v 3.32897748 -0.03580274 0.32281972
v 3.32945795 -0.03580012 0.32214596
v 3.32959515 -0.03580426 0.32182382
v 3.32769929 -0.03578909 0.32359403
v 3.32715752 -0.03582369 0.32357420
v 3.32751180 -0.03580033 0.32354813
v 3.32830296 -0.03580012 0.32330117
v 3.32797158 -0.03580003 0.32344058
v 3.32861234 -0.03580268 0.32312252
v 3.32851553 -0.03578188 0.32329511
v 3.32754757 -0.03569906 0.32368999
v 3.32810799 -0.03563859 0.32356448
v 3.32968396 -0.03580012 0.32147267
v 3.32977210 -0.03578131 0.32150341
v 3.32971740 -0.03580381 0.32076361
v 3.32972789 -0.03579946 0.32111975
v 3.32966173 -0.03579741 0.32041017
v 3.32982070 -0.03576635 0.32062636
v 3.32951247 -0.03580074 0.31996113
v 3.32949281 -0.03577744 0.31970888
v 3.32927679 -0.03579553 0.31954107
v 3.32905752 -0.03580358 0.31926808
v 3.32819526 -0.03579925 0.31864557
v 3.32810493 -0.03576254 0.31847825
v 3.32774856 -0.03579991 0.31849533
v 3.32715829 -0.03578555 0.31832952
v 3.32739496 -0.03580012 0.31844017
v 3.32715794 -0.03580405 0.31842917
v 3.32901251 -0.03573911 0.31902675
v 3.32928686 -0.03574120 0.32267191
v 3.32972623 -0.03563936 0.32195514
v 3.32764938 -0.03563925 0.31830561
v 3.32715795 -0.03563916 0.31827670
v 3.32988074 -0.03563948 0.32122833
v 3.32903528 -0.03563948 0.32299712
v 3.32870471 -0.03563913 0.31874234
v 3.32956607 -0.03563892 0.31969650
v 3.32980873 -0.03563898 0.32035440
v 3.32859935 -0.03564014 0.32331523
v 3.32715830 -0.03563907 0.32373482
v 3.32987174 -0.03563916 0.32133027
v 3.32974416 -0.03414019 0.32148946
v 3.32956943 -0.03563916 0.32228855
v 3.32931586 -0.03414016 0.32249235
v 3.32902487 -0.03563916 0.32298876
v 3.32862644 -0.03414016 0.32317411
v 3.32818108 -0.03563919 0.32354502
v 3.32773504 -0.03414016 0.32355977
v 3.32715842 -0.03563901 0.32372947
v 3.32715796 -0.03414013 0.32360996
v 3.32974742 -0.03563922 0.32006548
v 3.32971089 -0.03414016 0.32039647
v 3.32918279 -0.03414022 0.31930344
v 3.32904224 -0.03563916 0.31902005
v 3.32830272 -0.03414016 0.31864723
v 3.32819326 -0.03563916 0.31847007
v 3.32716015 -0.03413992 0.31834896
v 3.32715870 -0.03563934 0.31826405
v 3.32771714 -0.03413983 0.31843602
v 3.32715848 -0.03391456 0.31844953
v 3.32786649 -0.03381677 0.31861399
v 3.32915562 -0.03391608 0.32256180
v 3.32932538 -0.03414123 0.32247278
v 3.32965752 -0.03413095 0.32185091
v 3.32874515 -0.03414084 0.32307813
v 3.32862316 -0.03391897 0.32306952
v 3.32864793 -0.03366907 0.32282437
v 3.32805204 -0.03384753 0.32333368
v 3.32822129 -0.03413986 0.32338759
v 3.32762905 -0.03413882 0.32357911
v 3.32715796 -0.03342013 0.32269996
v 3.32715788 -0.03344660 0.32295542
v 3.32740003 -0.03342013 0.32268448
v 3.32976453 -0.03414037 0.32122719
v 3.32963988 -0.03381937 0.32107588
v 3.32965374 -0.03391149 0.32055904
v 3.32972436 -0.03413944 0.32047545
v 3.32945673 -0.03377445 0.32012944
v 3.32944099 -0.03413977 0.31970423
v 3.32909300 -0.03378211 0.31946876
v 3.32888816 -0.03414019 0.31903718
v 3.32855715 -0.03378021 0.31897170
v 3.32839393 -0.03414067 0.31870100
v 3.32715806 -0.03345357 0.31896371
v 3.32773761 -0.03357073 0.31884558
v 3.32715795 -0.03414013 0.31838997
v 3.32740129 -0.03342019 0.31931558
v 3.32715795 -0.03342013 0.31929997
v 3.32937827 -0.03356921 0.32101350
v 3.32928103 -0.03364142 0.32196625
v 3.32715818 -0.03376516 0.32345391
v 3.32715796 -0.03414013 0.32360996
v 3.32903777 -0.03350012 0.32001516
v 3.32859730 -0.03349208 0.32252279
v 3.32771683 -0.03357046 0.32315921
v 3.32898062 -0.03344597 0.32175280
v 3.32841816 -0.03345134 0.31946050
v 3.32907434 -0.03343769 0.32085527
v 3.32773654 -0.03344001 0.32284591
v 3.32859043 -0.03342040 0.32008127
v 3.32885241 -0.03342061 0.32115439
v 3.32771406 -0.03342016 0.32260823
v 3.32771504 -0.03342025 0.31939196
v 3.32800722 -0.03342025 0.31952544
v 3.32826803 -0.03342025 0.31971027
v 3.32844296 -0.03342013 0.31988677
v 3.32873749 -0.03342016 0.32036791
v 3.32880996 -0.03342013 0.32059966
v 3.32885240 -0.03342049 0.32084596
v 3.32880996 -0.03342013 0.32140126
v 3.32873577 -0.03342013 0.32163704
v 3.32858959 -0.03342034 0.32191969
v 3.32838908 -0.03342043 0.32217424
v 3.32820795 -0.03342013 0.32233647
v 3.32800677 -0.03342025 0.32247466
v 3.32864070 -0.04580014 0.32066746
v 3.32842464 -0.03580012 0.32018166
v 3.32865609 -0.03580012 0.32078721
v 3.32861515 -0.04580014 0.32138717
v 3.32828076 -0.04580014 0.32202427
v 3.32854250 -0.03580012 0.32164363
v 3.32802245 -0.03580012 0.32223570
v 3.32767434 -0.04580014 0.32241711
v 3.32716063 -0.03580012 0.32254172
v 3.32715824 -0.04580014 0.32250547
v 3.32835736 -0.04580014 0.32009245
v 3.32796715 -0.03580012 0.31972111
v 3.32788832 -0.04580014 0.31966954
v 3.32715921 -0.03580012 0.31947579
v 3.32715852 -0.04580014 0.31948799
v 3.32831396 -0.03502013 0.32056716
v 3.32821097 -0.03502013 0.31972107
v 3.32736096 -0.03502013 0.31978187
v 3.32695396 -0.03502013 0.32221806
v 3.32811096 -0.03502013 0.32178527
v 3.32600096 -0.03502013 0.32143277
v 3.32657696 -0.03502013 0.31944807
v 3.32620496 -0.03502013 0.32021467
v 3.32552296 -0.03502013 0.32072697
v 3.32610396 -0.03502013 0.32227887
v 3.32773796 -0.03502013 0.32255187
v 3.32879196 -0.03502013 0.32127297
v 3.32771924 -0.04580014 0.32239578
v 3.32855739 -0.04580014 0.32154306
v 3.32842795 -0.04580014 0.32180178
v 3.32656515 -0.04580014 0.32238048
v 3.32857235 -0.04580014 0.32048780
v 3.32683569 -0.04580014 0.32246668
v 3.32865965 -0.04580014 0.32091030
v 3.32863578 -0.04580014 0.32126459
v 3.32737234 -0.04580014 0.32248615
v 3.32824756 -0.04580014 0.32203274
v 3.32803661 -0.04580014 0.32221757
v 3.32710074 -0.04580014 0.32250025
v 3.32624977 -0.04580014 0.32220021
v 3.32836877 -0.04580014 0.32010744
v 3.32817096 -0.04580014 0.31989367
v 3.32594732 -0.04580014 0.32189391
v 3.32794204 -0.04580014 0.31971590
v 3.32577230 -0.04580014 0.32157956
v 3.32761651 -0.04580014 0.31957008
v 3.32568810 -0.04580014 0.32131075
v 3.32734720 -0.04580014 0.31951054
v 3.32708319 -0.04580014 0.31950032
v 3.32565400 -0.04580014 0.32095538
v 3.32569596 -0.04580014 0.32066226
v 3.32653220 -0.04580014 0.31963488
v 3.32680139 -0.04580014 0.31954138
v 3.32622239 -0.04580014 0.31982130
v 3.32578722 -0.04580014 0.32038014
v 3.32597130 -0.04580014 0.32007893
v 3.32552296 -0.03502013 0.32072697
v 3.32620496 -0.03502013 0.32021467
v 3.32620496 -0.03342013 0.32021467
v 3.32552296 -0.03342013 0.32072697
v 3.32620496 -0.03502013 0.32021467
v 3.32657696 -0.03502013 0.31944807
v 3.32657696 -0.03342013 0.31944807
v 3.32620496 -0.03342013 0.32021467
v 3.32657696 -0.03342013 0.31944807
v 3.32736096 -0.03502013 0.31978187
v 3.32736096 -0.03342013 0.31978187
v 3.32657696 -0.03502013 0.31944807
v 3.32736096 -0.03502013 0.31978187
v 3.32821097 -0.03502013 0.31972107
v 3.32821097 -0.03342013 0.31972107
v 3.32736096 -0.03342013 0.31978187
v 3.32821097 -0.03342013 0.31972107
v 3.32831396 -0.03502013 0.32056716
v 3.32831396 -0.03342013 0.32056716
v 3.32821097 -0.03502013 0.31972107
v 3.32831396 -0.03342013 0.32056716
v 3.32879196 -0.03502013 0.32127297
v 3.32879196 -0.03342013 0.32127297
v 3.32831396 -0.03502013 0.32056716
v 3.32879196 -0.03502013 0.32127297
v 3.32811096 -0.03342013 0.32178527
v 3.32879196 -0.03342013 0.32127297
v 3.32811096 -0.03502013 0.32178527
v 3.32811096 -0.03502013 0.32178527
v 3.32773796 -0.03342013 0.32255187
v 3.32811096 -0.03342013 0.32178527
v 3.32773796 -0.03502013 0.32255187
v 3.32773796 -0.03502013 0.32255187
v 3.32695396 -0.03342013 0.32221806
v 3.32773796 -0.03342013 0.32255187
v 3.32695396 -0.03502013 0.32221806
v 3.32695396 -0.03502013 0.32221806
v 3.32610396 -0.03342013 0.32227887
v 3.32695396 -0.03342013 0.32221806
v 3.32610396 -0.03502013 0.32227887
v 3.32610396 -0.03502013 0.32227887
v 3.32600096 -0.03342013 0.32143277
v 3.32610396 -0.03342013 0.32227887
v 3.32600096 -0.03502013 0.32143277
v 3.32600096 -0.03502013 0.32143277
v 3.32552296 -0.03342013 0.32072697
v 3.32600096 -0.03342013 0.32143277
v 3.32552296 -0.03502013 0.32072697
v 3.32664095 -0.04580014 0.31958300
v 3.32603422 -0.04580014 0.31997589
v 3.32615359 -0.03580012 0.31985599
v 3.32569709 -0.03580012 0.32058743
v 3.32590780 -0.04580014 0.32186481
v 3.32567677 -0.03580012 0.32128846
v 3.32562534 -0.04580014 0.32089932
v 3.32649708 -0.04580014 0.32236033
v 3.32600757 -0.03580012 0.32200487
v 3.32675302 -0.03580012 0.32245960
v 3.32715741 -0.04580014 0.32251170
v 3.32715796 -0.03580012 0.32249996
v 3.32715526 -0.03580012 0.31945811
v 3.32715767 -0.04580014 0.31949455
v 3.32873749 -0.03342013 0.32036791
v 3.32859043 -0.03342013 0.32008125
v 3.32831396 -0.03342013 0.32056716
v 3.32620496 -0.03342013 0.32021467
v 3.32610696 -0.03342013 0.31966347
v 3.32592393 -0.03342013 0.31982781
v 3.32657696 -0.03342013 0.31944807
v 3.32630810 -0.03342013 0.31952543
v 3.32630754 -0.03342013 0.32247436
v 3.32695396 -0.03342013 0.32221806
v 3.32610396 -0.03342013 0.32227887
v 3.32572416 -0.03342013 0.32008199
v 3.32554741 -0.03342013 0.32043896
v 3.32552296 -0.03342013 0.32072697
v 3.32691580 -0.03342013 0.31931507
v 3.32660089 -0.03342013 0.31939164
v 3.32545622 -0.03342013 0.32100005
v 3.32600096 -0.03342013 0.32143277
v 3.32547496 -0.03342013 0.32124237
v 3.32736096 -0.03342013 0.31978187
v 3.32552453 -0.03342013 0.32147699
v 3.32564521 -0.03342013 0.32177943
v 3.32821097 -0.03342013 0.31972107
v 3.32800723 -0.03342013 0.31952543
v 3.32844296 -0.03342013 0.31988677
v 3.32880996 -0.03342013 0.32059966
v 3.32879196 -0.03342013 0.32127297
v 3.32885245 -0.03342013 0.32115438
v 3.32800679 -0.03342013 0.32247467
v 3.32820795 -0.03342013 0.32233647
v 3.32811096 -0.03342013 0.32178527
v 3.32873577 -0.03342013 0.32163705
v 3.32838910 -0.03342013 0.32217425
v 3.32858959 -0.03342013 0.32191971
v 3.32773796 -0.03342013 0.32255187
v 3.32880996 -0.03342013 0.32140126
v 3.32771405 -0.03342013 0.32260823
v 3.32740004 -0.03342013 0.32268448
v 3.32885243 -0.03342013 0.32084597
v 3.32707852 -0.03342013 0.32269996
v 3.32675764 -0.03342013 0.32265398
v 3.32652595 -0.03342013 0.32257827
v 3.32826804 -0.03342013 0.31971026
v 3.32582048 -0.03342013 0.32205305
v 3.32604546 -0.03342013 0.32228824
v 3.32771504 -0.03342013 0.31939195
v 3.32747995 -0.03342013 0.31933077
v 3.32723930 -0.03342013 0.31930005
v 3.32547496 -0.03342013 0.32075827
v 3.32859386 -0.03580009 0.32056187
v 3.32845068 -0.03580009 0.32023070
v 3.32951239 -0.03580009 0.31996111
v 3.32572979 -0.03580009 0.32052458
v 3.32485596 -0.03580012 0.31985457
v 3.32588701 -0.03580009 0.32019935
v 3.32480445 -0.03580009 0.32204082
v 3.32577282 -0.03580009 0.32158057
v 3.32590849 -0.03580009 0.32183347
v 3.32567234 -0.03580009 0.32124103
v 3.32458695 -0.03580012 0.32100067
v 3.32566131 -0.03580009 0.32087866
v 3.32646376 -0.03580009 0.31966478
v 3.32569751 -0.03580009 0.31888046
v 3.32611799 -0.03580009 0.31864612
v 3.32703593 -0.03580009 0.31842966
v 3.32680195 -0.03580009 0.31954099
v 3.32656829 -0.03580009 0.31849489
v 3.32503560 -0.03580009 0.31954440
v 3.32533392 -0.03580009 0.31918505
v 3.32611024 -0.03580009 0.31991987
v 3.32714483 -0.03580009 0.31949601
v 3.32739496 -0.03580012 0.31844017
v 3.32460852 -0.03580009 0.32064908
v 3.32755073 -0.03580009 0.31954784
v 3.32774852 -0.03580009 0.31849530
v 3.32861213 -0.03580009 0.31887680
v 3.32787815 -0.03580009 0.31968250
v 3.32819530 -0.03580009 0.31864551
v 3.32897933 -0.03580009 0.31918293
v 3.32817320 -0.03580009 0.31989008
v 3.32927761 -0.03580009 0.31954150
v 3.32468496 -0.03580012 0.32170397
v 3.32614179 -0.03580009 0.32210985
v 3.32518189 -0.03580009 0.32264865
v 3.32551711 -0.03580009 0.32298219
v 3.32590689 -0.03580009 0.32324942
v 3.32865441 -0.03580009 0.32112521
v 3.32966298 -0.03580009 0.32158431
v 3.32858370 -0.03580009 0.32147912
v 3.32842789 -0.03580009 0.32180060
v 3.32951187 -0.03580009 0.32203790
v 3.32927890 -0.03580009 0.32245528
v 3.32897700 -0.03580009 0.32281985
v 3.32820126 -0.03580009 0.32208363
v 3.32784905 -0.03580009 0.32233614
v 3.32861223 -0.03580009 0.32312231
v 3.32830296 -0.03580012 0.32330117
v 3.32797156 -0.03580009 0.32344060
v 3.32696945 -0.03580009 0.32248946
v 3.32715796 -0.03580012 0.32357037
v 3.32680319 -0.03580009 0.32354893
v 3.32751179 -0.03580009 0.32354812
v 3.32751293 -0.03580009 0.32245895
v 3.32723354 -0.03580009 0.32249962
v 3.32669954 -0.03580009 0.32243020
v 3.32634461 -0.03580009 0.32344138
v 3.32643684 -0.03580009 0.32231746
v 3.32471445 -0.03580009 0.32019271
v 3.32460879 -0.03580009 0.32135395
v 3.32497196 -0.03580012 0.32235367
v 3.32972793 -0.03580009 0.32111980
v 3.32865073 -0.03580009 0.32084001
v 3.32966192 -0.03580009 0.32040994
v 3.32971696 -0.03580012 0.32076297
v 3.32715786 -0.03345354 0.32303624
v 3.32715700 -0.03342016 0.32270496
v 3.32675762 -0.03342013 0.32265398
v 3.32466108 -0.03391184 0.32144230
v 3.32452963 -0.03413405 0.32086561
v 3.32461451 -0.03414144 0.32162812
v 3.32479561 -0.03385003 0.32016241
v 3.32498992 -0.03414114 0.31952707
v 3.32463395 -0.03414034 0.32030877
v 3.32521778 -0.03377815 0.31948103
v 3.32557142 -0.03414081 0.31892106
v 3.32573140 -0.03377937 0.31899139
v 3.32620840 -0.03413965 0.31855896
v 3.32626559 -0.03384783 0.31866509
v 3.32678307 -0.03413757 0.31840667
v 3.32715795 -0.03342013 0.31929997
v 3.32715803 -0.03344660 0.31904449
v 3.32691581 -0.03342016 0.31931507
v 3.32489435 -0.03414114 0.32230048
v 3.32484500 -0.03382095 0.32190826
v 3.32522288 -0.03378077 0.32252976
v 3.32525027 -0.03414061 0.32279096
v 3.32575691 -0.03377827 0.32302525
v 3.32581781 -0.03414084 0.32324639
v 3.32645018 -0.03381454 0.32338461
v 3.32637205 -0.03414001 0.32349305
v 3.32657692 -0.03357067 0.32315407
v 3.32715684 -0.03414126 0.32362391
v 3.32715744 -0.03391363 0.32354989
v 3.32715773 -0.03376519 0.31854590
v 3.32715795 -0.03414013 0.31838997
v 3.32481025 -0.03366779 0.32099079
v 3.32659772 -0.03357049 0.31884084
v 3.32506028 -0.03357129 0.32173761
v 3.32525669 -0.03346615 0.32019913
v 3.32573261 -0.03346028 0.32244240
v 3.32516605 -0.03345143 0.32118917
v 3.32571743 -0.03349241 0.31947645
v 3.32657938 -0.03344004 0.31915371
v 3.32564521 -0.03342016 0.32177943
v 3.32545617 -0.03341969 0.32100005
v 3.32547496 -0.03342013 0.32124237
v 3.32547496 -0.03342013 0.32075827
v 3.32660089 -0.03342016 0.31939164
v 3.32637791 -0.03342046 0.32251636
v 3.32604545 -0.03342022 0.32228823
v 3.32582046 -0.03341984 0.32205307
v 3.32552454 -0.03342037 0.32147699
v 3.32554746 -0.03342067 0.32043897
v 3.32572417 -0.03342034 0.32008200
v 3.32592397 -0.03342046 0.31982782
v 3.32610696 -0.03342013 0.31966347
v 3.32630810 -0.03342028 0.31952543
v 3.32715616 -0.03563948 0.32375456
v 3.32715796 -0.03414013 0.32360996
v 3.32656498 -0.03414016 0.32355544
v 3.32499677 -0.03414016 0.32248960
v 3.32492407 -0.03563919 0.32261151
v 3.32568739 -0.03414016 0.32317400
v 3.32588918 -0.03563916 0.32342318
v 3.32460487 -0.03414016 0.32160498
v 3.32445797 -0.03563916 0.32143301
v 3.32455158 -0.03414016 0.32075937
v 3.32446829 -0.03563916 0.32054597
v 3.32476090 -0.03414016 0.31993358
v 3.32486252 -0.03563922 0.31947834
v 3.32548338 -0.03414019 0.31895593
v 3.32579933 -0.03563916 0.31862711
v 3.32657708 -0.03414016 0.31844172
v 3.32662931 -0.03563916 0.31832457
v 3.32715795 -0.03414013 0.31838997
v 3.32715795 -0.03563913 0.31827997
v 3.32560724 -0.03563850 0.32325595
v 3.32500323 -0.03563832 0.32268103
v 3.32502032 -0.03572314 0.32267019
v 3.32551708 -0.03579809 0.32298193
v 3.32590708 -0.03579928 0.32324944
v 3.32558353 -0.03578352 0.32314013
v 3.32621276 -0.03578540 0.32347486
v 3.32518178 -0.03580203 0.32264878
v 3.32489927 -0.03578802 0.32240631
v 3.32480468 -0.03579404 0.32203988
v 3.32497196 -0.03580012 0.32235367
v 3.32468436 -0.03580384 0.32170326
v 3.32446833 -0.03576957 0.32098855
v 3.32460866 -0.03580143 0.32135396
v 3.32458695 -0.03580012 0.32100067
v 3.32460840 -0.03580149 0.32064908
v 3.32623919 -0.03578543 0.31851520
v 3.32645396 -0.03580012 0.31852747
v 3.32611802 -0.03579934 0.31864617
v 3.32575076 -0.03577172 0.31871433
v 3.32569739 -0.03580292 0.31888023
v 3.32533398 -0.03579985 0.31918502
v 3.32618296 -0.03563832 0.31844273
v 3.32676637 -0.03569760 0.31830944
v 3.32680161 -0.03580042 0.31845125
v 3.32715760 -0.03578790 0.31833618
v 3.32715799 -0.03580295 0.31842929
v 3.32527520 -0.03576912 0.31909005
v 3.32503554 -0.03580104 0.31954430
v 3.32485299 -0.03578021 0.31966661
v 3.32480819 -0.03579538 0.31995149
v 3.32468472 -0.03580375 0.32029626
v 3.32454750 -0.03573950 0.32030902
v 3.32634456 -0.03579994 0.32344136
v 3.32715763 -0.03578549 0.32367061
v 3.32680318 -0.03580089 0.32354900
v 3.32715797 -0.03580405 0.32357076
v 3.32467926 -0.03563856 0.32214481
v 3.32454927 -0.03573971 0.32169684
v 3.32677059 -0.03570085 0.32368952
v 3.32715755 -0.03564005 0.32373292
v 3.32475197 -0.03563910 0.31969478
v 3.32535162 -0.03563865 0.31894769
v 3.32618245 -0.03563850 0.32355844
v 3.32446445 -0.03563865 0.32149298
v 3.32715761 -0.03563945 0.31826515
v 3.32445444 -0.03563874 0.32061906
v 3.35391700 -0.04990013 0.28805228
v 3.35384775 -0.04555013 0.28749661
v 3.35385719 -0.04555013 0.28841397
v 3.35289919 -0.04990013 0.28656637
v 3.35313895 -0.04555013 0.28665861
v 3.35366396 -0.04990013 0.28713524
v 3.35240015 -0.04555013 0.28649504
v 3.35239994 -0.04990013 0.28649996
v 3.35359362 -0.04990013 0.28896202
v 3.35351528 -0.04555013 0.28901942
v 3.35290509 -0.04555013 0.28943205
v 3.35289766 -0.04990013 0.28942325
v 3.35240020 -0.04990013 0.28950507
v 3.35239994 -0.04555013 0.28949996
v 3.35293993 -0.04473015 0.28893443
v 3.35369894 -0.04473015 0.28874996
v 3.35347894 -0.04473015 0.28799996
v 3.35132094 -0.04473015 0.28799996
v 3.35110095 -0.04473015 0.28874996
v 3.35185994 -0.04473015 0.28893443
v 3.35293993 -0.04473015 0.28706549
v 3.35185994 -0.04473015 0.28706549
v 3.35239994 -0.04473015 0.28949996
v 3.35369894 -0.04473015 0.28724996
v 3.35239994 -0.04473015 0.28649996
v 3.35110095 -0.04473015 0.28724996
v 3.35239994 -0.04390012 0.28649996
v 3.35293993 -0.04473015 0.28706549
v 3.35293993 -0.04390012 0.28706549
v 3.35239994 -0.04473015 0.28649996
v 3.35293993 -0.04390012 0.28706549
v 3.35369894 -0.04473015 0.28724996
v 3.35369894 -0.04390012 0.28724996
v 3.35293993 -0.04473015 0.28706549
v 3.35369894 -0.04473015 0.28724996
v 3.35347894 -0.04390012 0.28799996
v 3.35369894 -0.04390012 0.28724996
v 3.35347894 -0.04473015 0.28799996
v 3.35347894 -0.04390012 0.28799996
v 3.35369894 -0.04473015 0.28874996
v 3.35369894 -0.04390012 0.28874996
v 3.35347894 -0.04473015 0.28799996
v 3.35369894 -0.04473015 0.28874996
v 3.35293993 -0.04390012 0.28893443
v 3.35369894 -0.04390012 0.28874996
v 3.35293993 -0.04473015 0.28893443
v 3.35293993 -0.04473015 0.28893443
v 3.35239994 -0.04390012 0.28949996
v 3.35293993 -0.04390012 0.28893443
v 3.35239994 -0.04473015 0.28949996
v 3.35239994 -0.04473015 0.28949996
v 3.35185994 -0.04390012 0.28893443
v 3.35239994 -0.04390012 0.28949996
v 3.35185994 -0.04473015 0.28893443
v 3.35185994 -0.04473015 0.28893443
v 3.35110095 -0.04390012 0.28874996
v 3.35185994 -0.04390012 0.28893443
v 3.35110095 -0.04473015 0.28874996
v 3.35110095 -0.04473015 0.28874996
v 3.35132094 -0.04473015 0.28799996
v 3.35132094 -0.04390012 0.28799996
v 3.35110095 -0.04390012 0.28874996
v 3.35132094 -0.04473015 0.28799996
v 3.35110095 -0.04390012 0.28724996
v 3.35132094 -0.04390012 0.28799996
v 3.35110095 -0.04473015 0.28724996
v 3.35110095 -0.04473015 0.28724996
v 3.35185994 -0.04473015 0.28706549
v 3.35185994 -0.04390012 0.28706549
v 3.35110095 -0.04390012 0.28724996
v 3.35185994 -0.04473015 0.28706549
v 3.35239994 -0.04473015 0.28649996
v 3.35239994 -0.04390012 0.28649996
v 3.35185994 -0.04390012 0.28706549
v 3.35239994 -0.04390012 0.28949996
v 3.35185994 -0.04390012 0.28893443
v 3.35106376 -0.04390012 0.29040678
v 3.35473794 -0.04390012 0.28944823
v 3.35491828 -0.04390012 0.28911118
v 3.35369894 -0.04390012 0.28874996
v 3.35201757 -0.04390012 0.29072621
v 3.35252598 -0.04390012 0.29074998
v 3.35512605 -0.04390012 0.28761575
v 3.35347894 -0.04390012 0.28799996
v 3.35514994 -0.04390012 0.28799996
v 3.35303064 -0.04390012 0.29067967
v 3.35293993 -0.04390012 0.28893443
v 3.35350977 -0.04390012 0.29051919
v 3.35384795 -0.04390012 0.29033815
v 3.35415585 -0.04390012 0.29012030
v 3.35451396 -0.04390012 0.28976317
v 3.35504494 -0.04390012 0.28875311
v 3.35512619 -0.04390012 0.28838083
v 3.35504494 -0.04390012 0.28724617
v 3.35491742 -0.04390012 0.28688700
v 3.35369894 -0.04390012 0.28724996
v 3.35152361 -0.04390012 0.29060964
v 3.35467136 -0.04390012 0.28644531
v 3.35434751 -0.04390012 0.28605388
v 3.35395257 -0.04390012 0.28572663
v 3.35293993 -0.04390012 0.28706549
v 3.35074194 -0.04390012 0.29019429
v 3.35110095 -0.04390012 0.28874996
v 3.35044932 -0.04390012 0.28994246
v 3.35351158 -0.04390012 0.28548161
v 3.35239994 -0.04390012 0.28649996
v 3.35303481 -0.04390012 0.28532131
v 3.34993794 -0.04390012 0.28922485
v 3.35012850 -0.04390012 0.28955506
v 3.34978920 -0.04390012 0.28887187
v 3.35201879 -0.04390012 0.28527345
v 3.35253048 -0.04390012 0.28525021
v 3.34967379 -0.04390012 0.28838147
v 3.35132094 -0.04390012 0.28799996
v 3.34979261 -0.04390012 0.28711746
v 3.35110095 -0.04390012 0.28724996
v 3.34999507 -0.04390012 0.28666019
v 3.35152521 -0.04390012 0.28538978
v 3.35028036 -0.04390012 0.28624336
v 3.35064117 -0.04390012 0.28588176
v 3.35185994 -0.04390012 0.28706549
v 3.35106359 -0.04390012 0.28559348
v 3.34969695 -0.04390012 0.28749182
v 3.34964989 -0.04390012 0.28787415
v 3.35496369 -0.04390012 0.28901509
v 3.35435358 -0.04390012 0.28998267
v 3.35457489 -0.04430013 0.28970567
v 3.35361780 -0.04430013 0.29050252
v 3.35239877 -0.04430013 0.29076399
v 3.35227211 -0.04390012 0.29076139
v 3.35141896 -0.04430013 0.29058342
v 3.35066587 -0.04430013 0.29014341
v 3.35129113 -0.04390012 0.29053212
v 3.35036509 -0.04390012 0.28988363
v 3.35007805 -0.04430013 0.28949887
v 3.34978774 -0.04390012 0.28890312
v 3.34973678 -0.04430013 0.28871308
v 3.34964064 -0.04390012 0.28800040
v 3.34964402 -0.04430013 0.28800024
v 3.35327046 -0.04390012 0.29062370
v 3.35503767 -0.04430013 0.28882644
v 3.35517555 -0.04390012 0.28800125
v 3.35515560 -0.04430013 0.28800022
v 3.35479678 -0.04390012 0.28662404
v 3.35520109 -0.04390012 0.28799700
v 3.35504375 -0.04430013 0.28721746
v 3.35397355 -0.04390012 0.28570803
v 3.35461057 -0.04430013 0.28633104
v 3.35385391 -0.04430013 0.28565546
v 3.35287118 -0.04430013 0.28526748
v 3.35155566 -0.04390015 0.28534758
v 3.35281975 -0.04390012 0.28526777
v 3.35029679 -0.04430013 0.28620614
v 3.34982931 -0.04430013 0.28699747
v 3.34981805 -0.04390012 0.28699728
v 3.35044381 -0.04390012 0.28604287
v 3.34964077 -0.04390012 0.28799950
v 3.34962930 -0.04430013 0.28799888
v 3.35094751 -0.04430013 0.28565733
v 3.35173179 -0.04430013 0.28531766
v 3.35515918 -0.04430013 0.28799949
v 3.35102655 -0.04555001 0.28860531
v 3.35116210 -0.04554996 0.28884981
v 3.35003894 -0.04430013 0.28940981
v 3.34986836 -0.04429998 0.28908067
v 3.35093929 -0.04555002 0.28834510
v 3.35077992 -0.04430004 0.29022463
v 3.35049894 -0.04430013 0.28998702
v 3.35139015 -0.04554968 0.28911421
v 3.35173386 -0.04554968 0.28934812
v 3.35109594 -0.04430013 0.29042065
v 3.35264668 -0.04429998 0.29074140
v 3.35260640 -0.04555001 0.28948708
v 3.35313292 -0.04429995 0.29065339
v 3.35233235 -0.04555001 0.28949982
v 3.35287800 -0.04555001 0.28942337
v 3.35318892 -0.04554969 0.28928042
v 3.35348095 -0.04430013 0.29052904
v 3.35411495 -0.04430013 0.29015006
v 3.35381286 -0.04430001 0.29036244
v 3.35438837 -0.04430004 0.28990355
v 3.35346259 -0.04554998 0.28906126
v 3.35363729 -0.04555002 0.28885001
v 3.35462494 -0.04430013 0.28961629
v 3.35380116 -0.04554968 0.28854663
v 3.35482529 -0.04430001 0.28930215
v 3.35497494 -0.04430013 0.28896626
v 3.35388744 -0.04554998 0.28820847
v 3.35508451 -0.04430001 0.28860899
v 3.35515590 -0.04429879 0.28800073
v 3.35389994 -0.04555013 0.28799996
v 3.35205746 -0.04555001 0.28946155
v 3.35215352 -0.04429995 0.29074144
v 3.35178694 -0.04430013 0.29068051
v 3.35143422 -0.04430007 0.29057680
v 3.35024701 -0.04430004 0.28971445
v 3.34971925 -0.04430004 0.28862287
v 3.34964377 -0.04429864 0.28800080
v 3.35089512 -0.04555031 0.28800055
v 3.34964993 -0.04430013 0.28799996
v 3.34967312 -0.04429968 0.28761764
v 3.35089618 -0.04554923 0.28799942
v 3.35045589 -0.04430001 0.28605122
v 3.35074193 -0.04430013 0.28580538
v 3.35155223 -0.04555004 0.28676036
v 3.35152639 -0.04429989 0.28538947
v 3.35179279 -0.04555001 0.28662649
v 3.35106109 -0.04429992 0.28559431
v 3.35252750 -0.04429989 0.28525030
v 3.35290594 -0.04430013 0.28529711
v 3.35272349 -0.04555005 0.28653370
v 3.35373896 -0.04430007 0.28559555
v 3.35298355 -0.04555001 0.28661649
v 3.35327649 -0.04429995 0.28539115
v 3.35368401 -0.04554953 0.28721746
v 3.35345767 -0.04554995 0.28693450
v 3.35443294 -0.04430013 0.28614810
v 3.35415795 -0.04430004 0.28588184
v 3.35466987 -0.04429992 0.28644333
v 3.35383093 -0.04555002 0.28754597
v 3.35486194 -0.04430013 0.28677501
v 3.35501185 -0.04429986 0.28713225
v 3.35388958 -0.04555007 0.28781031
v 3.35512605 -0.04429995 0.28762038
v 3.35389994 -0.04555013 0.28799996
v 3.35514994 -0.04430013 0.28799996
v 3.35323201 -0.04554993 0.28674996
v 3.35239301 -0.04554981 0.28649623
v 3.35202039 -0.04429995 0.28527356
v 3.35205833 -0.04555004 0.28653776
v 3.35013370 -0.04429992 0.28643735
v 3.35112200 -0.04554969 0.28720729
v 3.34993794 -0.04430013 0.28677418
v 3.35134399 -0.04555005 0.28693242
v 3.34979012 -0.04429998 0.28712547
v 3.35095523 -0.04554980 0.28758204
v 3.35377396 -0.04990013 0.28860599
v 3.35363850 -0.04990013 0.28884826
v 3.35346310 -0.04990013 0.28906063
v 3.35300678 -0.04990013 0.28937340
v 3.35324775 -0.04990013 0.28923926
v 3.35385947 -0.04990013 0.28835172
v 3.35274434 -0.04990013 0.28946158
v 3.35246979 -0.04990013 0.28949988
v 3.35390433 -0.04990013 0.28800845
v 3.35212594 -0.04990013 0.28947923
v 3.35306725 -0.04990013 0.28665194
v 3.35341272 -0.04990013 0.28688741
v 3.35112180 -0.04990013 0.28879310
v 3.35134408 -0.04990013 0.28906768
v 3.35095501 -0.04990013 0.28841825
v 3.35233263 -0.04990013 0.28649995
v 3.35089525 -0.04990013 0.28800018
v 3.35205739 -0.04990013 0.28653827
v 3.35116192 -0.04990013 0.28715011
v 3.35173361 -0.04990013 0.28665144
v 3.35102640 -0.04990013 0.28739469
v 3.35093915 -0.04990013 0.28765496
v 3.35138978 -0.04990013 0.28688546
v 3.35267699 -0.04990013 0.28652145
v 3.35155234 -0.04990013 0.28923974
v 3.35367772 -0.04990013 0.28720611
v 3.35179293 -0.04990013 0.28937360
v 3.35384553 -0.04990013 0.28758446
v 3.35158458 -0.04555013 0.28672552
v 3.35239833 -0.04555013 0.28647226
v 3.35178688 -0.04990013 0.28661310
v 3.35107305 -0.04990013 0.28723259
v 3.35107329 -0.04555013 0.28726511
v 3.35089178 -0.04555013 0.28793493
v 3.35089178 -0.04990013 0.28806497
v 3.35107307 -0.04555013 0.28876733
v 3.35165854 -0.04990013 0.28932790
v 3.35178690 -0.04555013 0.28938682
v 3.35239969 -0.04555013 0.28950491
v 3.35239936 -0.04990013 0.28951108
v 3.35107329 -0.04990013 0.28873481
v 3.35239969 -0.04990013 0.28649500
v 3.27081895 -0.04209973 0.22443900
v 3.27125449 -0.04209926 0.22424661
v 3.27066866 -0.04208644 0.22457599
v 3.27093522 -0.04193803 0.22457387
v 3.27038890 -0.04199936 0.22469006
v 3.27164603 -0.04209771 0.22397721
v 3.27143852 -0.04207014 0.22426622
v 3.27000041 -0.04193895 0.22473009
v 3.26999991 -0.04203920 0.22470110
v 3.26999989 -0.04210295 0.22457068
v 3.27035636 -0.04210024 0.22454792
v 3.27189879 -0.04210364 0.22373266
v 3.27211986 -0.04209461 0.22345587
v 3.27230012 -0.04210385 0.22314646
v 3.27235917 -0.04207744 0.22324930
v 3.27212131 -0.04203336 0.22368821
v 3.27266325 -0.04207968 0.22212765
v 3.27254860 -0.04210340 0.22235229
v 3.27256991 -0.04209949 0.22188516
v 3.27252692 -0.04210012 0.22152791
v 3.27243751 -0.04210361 0.22117532
v 3.27253628 -0.04205980 0.22108222
v 3.27224661 -0.04210641 0.22074347
v 3.27173191 -0.04210012 0.22010030
v 3.27145311 -0.04210316 0.21987601
v 3.27164013 -0.04207085 0.21987720
v 3.27114591 -0.04210012 0.21969901
v 3.27094674 -0.04208608 0.21952784
v 3.27081463 -0.04209970 0.21955932
v 3.27035519 -0.04210081 0.21945101
v 3.27000023 -0.04208570 0.21933045
v 3.26999990 -0.04210405 0.21942921
v 3.26999998 -0.04193889 0.21927517
v 3.27092533 -0.04193859 0.21942224
v 3.27038824 -0.04200091 0.21931056
v 3.27198002 -0.04210340 0.22035666
v 3.27205398 -0.04206483 0.22026430
v 3.27244621 -0.04211770 0.22280396
v 3.27263988 -0.04193871 0.22269228
v 3.27227038 -0.04193949 0.22047888
v 3.27271391 -0.04193958 0.22159141
v 3.27272369 -0.04193907 0.22216885
v 3.27151909 -0.04194062 0.21972650
v 3.27179882 -0.04193940 0.22406261
v 3.27245758 -0.04193895 0.22318334
v 3.27180256 -0.04044016 0.22390603
v 3.27099174 -0.04193919 0.22455622
v 3.27182203 -0.04193916 0.22402978
v 3.27000017 -0.04044025 0.22461539
v 3.27000034 -0.04193901 0.22472893
v 3.27090187 -0.04044019 0.22447161
v 3.27236911 -0.04193916 0.22336439
v 3.27241427 -0.04044019 0.22304555
v 3.27272642 -0.04193919 0.22230294
v 3.27262361 -0.04044016 0.22197974
v 3.27257018 -0.04193919 0.22103994
v 3.27194100 -0.04193919 0.22007301
v 3.27098158 -0.04193919 0.21943793
v 3.27121819 -0.04044019 0.21966607
v 3.27000130 -0.04043992 0.21936396
v 3.27000022 -0.04193928 0.21927388
v 3.27206042 -0.04044016 0.22037532
v 3.27246792 -0.04044016 0.22112723
v 3.27240303 -0.04044064 0.22303203
v 3.27239078 -0.04021253 0.22284251
v 3.27194516 -0.04007991 0.22351534
v 3.27212780 -0.04043995 0.22351819
v 3.27172602 -0.04044025 0.22396716
v 3.27141683 -0.04007917 0.22401490
v 3.27113967 -0.04044025 0.22435555
v 3.27088945 -0.04014628 0.22433461
v 3.27045925 -0.04043879 0.22458108
v 3.27259873 -0.04044046 0.22230421
v 3.27250627 -0.04015007 0.22200033
v 3.27259767 -0.04043957 0.22170383
v 3.27238974 -0.04022234 0.22113548
v 3.27246058 -0.04043998 0.22110352
v 3.27205014 -0.04044025 0.22036251
v 3.27192984 -0.04007657 0.22047064
v 3.27140739 -0.04007923 0.21997850
v 3.27129301 -0.04044052 0.21971744
v 3.27076757 -0.04043197 0.21947148
v 3.27057974 -0.03987040 0.21984620
v 3.27056633 -0.04012125 0.21957166
v 3.27000002 -0.03975355 0.21996387
v 3.27000034 -0.04044064 0.21938375
v 3.26999990 -0.04016890 0.21949188
v 3.27024326 -0.03972020 0.22031563
v 3.26999992 -0.03972014 0.22030001
v 3.27216643 -0.03991549 0.22124416
v 3.27222396 -0.03987121 0.22201179
v 3.27215762 -0.03991546 0.22278063
v 3.27000014 -0.04006504 0.22445392
v 3.26999992 -0.04044013 0.22461001
v 3.27055944 -0.03987031 0.22415887
v 3.27173290 -0.03973793 0.22283108
v 3.27143881 -0.03979151 0.22352165
v 3.27142513 -0.03975992 0.22055934
v 3.27193367 -0.03974317 0.22170269
v 3.27057879 -0.03974002 0.22384588
v 3.26999985 -0.03974654 0.22395538
v 3.27143049 -0.03972044 0.22107858
v 3.27170171 -0.03971966 0.22200053
v 3.27168292 -0.03972014 0.22175851
v 3.27165837 -0.03972005 0.22239634
v 3.27039705 -0.03972011 0.22365485
v 3.27063428 -0.03972046 0.22041748
v 3.27098818 -0.03971999 0.22061472
v 3.27123105 -0.03972029 0.22082455
v 3.27160956 -0.03972064 0.22143657
v 3.27147868 -0.03972067 0.22284829
v 3.27128491 -0.03972014 0.22311341
v 3.27111325 -0.03972023 0.22328753
v 3.27077919 -0.03972044 0.22351681
v 3.27000087 -0.03972035 0.22370498
v 3.27103244 -0.04210012 0.22089628
v 3.27088982 -0.05210013 0.22076888
v 3.27050736 -0.04210012 0.22057985
v 3.27000159 -0.05210013 0.22047140
v 3.27000019 -0.04210012 0.22049476
v 3.27136497 -0.05210013 0.22135109
v 3.27149643 -0.04210012 0.22166164
v 3.27151692 -0.05210013 0.22211858
v 3.27131715 -0.04210012 0.22279081
v 3.27124602 -0.05210013 0.22285645
v 3.27057804 -0.05210013 0.22341709
v 3.26999992 -0.04210012 0.22350001
v 3.26999992 -0.05210013 0.22350001
v 3.27052537 -0.04210012 0.22342631
v 3.26877691 -0.04132013 0.22088211
v 3.26879391 -0.04132013 0.22173421
v 3.26962691 -0.04132013 0.22082261
v 3.26841991 -0.04132013 0.22250021
v 3.26916692 -0.04132013 0.22291161
v 3.27122292 -0.04132013 0.22311791
v 3.27120592 -0.04132013 0.22226581
v 3.27037291 -0.04132013 0.22317741
v 3.26964292 -0.04132013 0.22361821
v 3.27083291 -0.04132013 0.22108841
v 3.27157990 -0.04132013 0.22149981
v 3.27035691 -0.04132013 0.22038181
v 3.27067917 -0.05210013 0.22065762
v 3.27102524 -0.05210013 0.22089928
v 3.26887551 -0.05210013 0.22299998
v 3.26914138 -0.05210013 0.22323241
v 3.26864131 -0.05210013 0.22264618
v 3.27034671 -0.05210013 0.22053903
v 3.26850328 -0.05210013 0.22187816
v 3.26978326 -0.05210013 0.22051424
v 3.27006829 -0.05210013 0.22049992
v 3.26851399 -0.05210013 0.22223605
v 3.26855157 -0.05210013 0.22160222
v 3.26950407 -0.05210013 0.22058285
v 3.26865600 -0.05210013 0.22133043
v 3.26885405 -0.05210013 0.22102565
v 3.26917869 -0.05210013 0.22073948
v 3.27125427 -0.05210013 0.22117408
v 3.27138570 -0.05210013 0.22142175
v 3.26938158 -0.05210013 0.22336847
v 3.26964959 -0.05210013 0.22346051
v 3.27148586 -0.05210013 0.22176360
v 3.26992963 -0.05210013 0.22350011
v 3.27149656 -0.05210013 0.22212113
v 3.27056992 -0.05210013 0.22339249
v 3.27110274 -0.05210013 0.22301918
v 3.27088623 -0.05210013 0.22321249
v 3.27131729 -0.05210013 0.22272762
v 3.27144875 -0.05210013 0.22239586
v 3.27021949 -0.05210013 0.22348564
v 3.26964292 -0.04132013 0.22361821
v 3.26916692 -0.03972014 0.22291161
v 3.26964292 -0.03972014 0.22361821
v 3.26916692 -0.04132013 0.22291161
v 3.26916692 -0.04132013 0.22291161
v 3.26841991 -0.03972014 0.22250021
v 3.26916692 -0.03972014 0.22291161
v 3.26841991 -0.04132013 0.22250021
v 3.26841991 -0.04132013 0.22250021
v 3.26879391 -0.04132013 0.22173421
v 3.26879391 -0.03972014 0.22173421
v 3.26841991 -0.03972014 0.22250021
v 3.26879391 -0.04132013 0.22173421
v 3.26877691 -0.03972014 0.22088211
v 3.26879391 -0.03972014 0.22173421
v 3.26877691 -0.04132013 0.22088211
v 3.26877691 -0.04132013 0.22088211
v 3.26962691 -0.04132013 0.22082261
v 3.26962691 -0.03972014 0.22082261
v 3.26877691 -0.03972014 0.22088211
v 3.26962691 -0.04132013 0.22082261
v 3.27035691 -0.04132013 0.22038181
v 3.27035691 -0.03972014 0.22038181
v 3.26962691 -0.03972014 0.22082261
v 3.27035691 -0.03972014 0.22038181
v 3.27083291 -0.04132013 0.22108841
v 3.27083291 -0.03972014 0.22108841
v 3.27035691 -0.04132013 0.22038181
v 3.27083291 -0.03972014 0.22108841
v 3.27157990 -0.04132013 0.22149981
v 3.27157990 -0.03972014 0.22149981
v 3.27083291 -0.04132013 0.22108841
v 3.27157990 -0.04132013 0.22149981
v 3.27120592 -0.03972014 0.22226581
v 3.27157990 -0.03972014 0.22149981
v 3.27120592 -0.04132013 0.22226581
v 3.27120592 -0.03972014 0.22226581
v 3.27122292 -0.04132013 0.22311791
v 3.27122292 -0.03972014 0.22311791
v 3.27120592 -0.04132013 0.22226581
v 3.27122292 -0.04132013 0.22311791
v 3.27037291 -0.03972014 0.22317741
v 3.27122292 -0.03972014 0.22311791
v 3.27037291 -0.04132013 0.22317741
v 3.27037291 -0.04132013 0.22317741
v 3.26964292 -0.03972014 0.22361821
v 3.27037291 -0.03972014 0.22317741
v 3.26964292 -0.04132013 0.22361821
v 3.26856162 -0.05210013 0.22153356
v 3.26868304 -0.04210012 0.22120862
v 3.26907767 -0.05210013 0.22077157
v 3.26852786 -0.05210013 0.22243293
v 3.26896618 -0.04210012 0.22310267
v 3.26850343 -0.04210012 0.22233836
v 3.26917984 -0.05210013 0.22329070
v 3.26949376 -0.04210012 0.22342060
v 3.26999965 -0.04210012 0.22350522
v 3.26999932 -0.05210013 0.22351142
v 3.26947397 -0.04210012 0.22057389
v 3.26999906 -0.05210013 0.22048452
v 3.26999992 -0.04210012 0.22050001
v 3.26894891 -0.03972014 0.22066351
v 3.26877691 -0.03972014 0.22088211
v 3.26962691 -0.03972014 0.22082261
v 3.26879391 -0.03972014 0.22173421
v 3.26857221 -0.03972014 0.22107354
v 3.26876587 -0.03972014 0.22082789
v 3.26839049 -0.03972014 0.22143539
v 3.26831691 -0.03972014 0.22175831
v 3.26915009 -0.03972014 0.22052544
v 3.26944296 -0.03972014 0.22039165
v 3.26829816 -0.03972014 0.22200014
v 3.26831691 -0.03972014 0.22224231
v 3.26975778 -0.03972014 0.22031511
v 3.26841991 -0.03972014 0.22250021
v 3.27055703 -0.03972014 0.22039200
v 3.27035691 -0.03972014 0.22038181
v 3.27083291 -0.03972014 0.22108841
v 3.26848854 -0.03972014 0.22278238
v 3.26916692 -0.03972014 0.22291161
v 3.27098818 -0.03972014 0.22061472
v 3.27077891 -0.03972014 0.22048921
v 3.27123107 -0.03972014 0.22082455
v 3.27143051 -0.03972014 0.22107856
v 3.27160960 -0.03972014 0.22143656
v 3.27157990 -0.03972014 0.22149981
v 3.27168292 -0.03972014 0.22175851
v 3.27120592 -0.03972014 0.22226581
v 3.27170166 -0.03972014 0.22200053
v 3.27084973 -0.03972014 0.22347470
v 3.27037291 -0.03972014 0.22317741
v 3.27063191 -0.03972014 0.22357831
v 3.27165836 -0.03972014 0.22239634
v 3.27122292 -0.03972014 0.22311791
v 3.27111325 -0.03972014 0.22328754
v 3.27128491 -0.03972014 0.22311341
v 3.27147871 -0.03972014 0.22284832
v 3.27039705 -0.03972014 0.22365485
v 3.27007928 -0.03972014 0.22370005
v 3.26964292 -0.03972014 0.22361821
v 3.26975915 -0.03972014 0.22368452
v 3.26936991 -0.03972014 0.22358418
v 3.26866396 -0.03972014 0.22305343
v 3.26882692 -0.03972014 0.22323071
v 3.26901917 -0.03972014 0.22339088
v 3.27032192 -0.03972014 0.22033081
v 3.26836646 -0.03972014 0.22247696
v 3.27008131 -0.03972014 0.22030010
v 3.27252692 -0.04210012 0.22152791
v 3.27149269 -0.04210012 0.22183561
v 3.27143496 -0.04210012 0.22155852
v 3.26756215 -0.04210012 0.22282370
v 3.26856483 -0.04210012 0.22244141
v 3.26867384 -0.04210012 0.22270463
v 3.26850717 -0.04210012 0.22216453
v 3.26742895 -0.04210012 0.22211947
v 3.26850326 -0.04210012 0.22187887
v 3.26854585 -0.04210012 0.21987657
v 3.26911489 -0.04210012 0.22078667
v 3.26818470 -0.04210012 0.22017681
v 3.26745048 -0.04210012 0.22164900
v 3.26855174 -0.04210012 0.22160137
v 3.26747291 -0.04210012 0.22247311
v 3.26752691 -0.04210012 0.22129681
v 3.26764615 -0.04210012 0.22096088
v 3.26868754 -0.04210012 0.22126447
v 3.26936583 -0.04210012 0.22063891
v 3.26787719 -0.04210012 0.22054460
v 3.26889904 -0.04210012 0.22097825
v 3.27047291 -0.04210012 0.21947311
v 3.27035039 -0.04210012 0.22053984
v 3.27006909 -0.04210012 0.22049995
v 3.27081458 -0.04210012 0.21955927
v 3.27061577 -0.04210012 0.22063047
v 3.27173191 -0.04210012 0.22010030
v 3.27112356 -0.04210012 0.22099954
v 3.27086063 -0.04210012 0.22076963
v 3.27224546 -0.04210012 0.22074275
v 3.27132602 -0.04210012 0.22129542
v 3.27243718 -0.04210012 0.22117536
v 3.26775394 -0.04210012 0.22325705
v 3.26887640 -0.04210012 0.22300063
v 3.27256995 -0.04210012 0.22188511
v 3.27149658 -0.04210012 0.22212109
v 3.26818328 -0.04210012 0.22382202
v 3.26913920 -0.04210012 0.22323037
v 3.26944749 -0.04210012 0.22339936
v 3.26854829 -0.04210012 0.22412535
v 3.27254821 -0.04210012 0.22235281
v 3.27144806 -0.04210012 0.22239873
v 3.27235213 -0.04210012 0.22304149
v 3.27131230 -0.04210012 0.22273552
v 3.27105068 -0.04210012 0.22307733
v 3.27189891 -0.04210012 0.22373201
v 3.27164600 -0.04210012 0.22397751
v 3.27212075 -0.04210012 0.22345546
v 3.27125468 -0.04210012 0.22424659
v 3.27076000 -0.04210012 0.22329505
v 3.27081892 -0.04210012 0.22443905
v 3.27049547 -0.04210012 0.22341756
v 3.26999992 -0.04210012 0.22457041
v 3.26986003 -0.04210012 0.22349790
v 3.27021658 -0.04210012 0.22348592
v 3.27035634 -0.04210012 0.22454791
v 3.26929691 -0.04210012 0.22447281
v 3.27145301 -0.04210012 0.21987628
v 3.26794891 -0.04210012 0.22354981
v 3.26896097 -0.04210012 0.22435422
v 3.26964517 -0.04210012 0.22454898
v 3.27247192 -0.04210012 0.22270411
v 3.27198012 -0.04210012 0.22035725
v 3.27114591 -0.04210012 0.21969901
v 3.27012239 -0.04210012 0.21942964
v 3.26970906 -0.04210012 0.22052377
v 3.26964353 -0.04210012 0.21945132
v 3.26929591 -0.04210012 0.21952751
v 3.26896003 -0.04210012 0.21964613
v 3.26912777 -0.04014735 0.22434206
v 3.26859196 -0.04008003 0.22402205
v 3.26904289 -0.04043971 0.22443776
v 3.26741530 -0.04044013 0.22241199
v 3.26751378 -0.04012452 0.22208550
v 3.26737460 -0.04043384 0.22181100
v 3.26999992 -0.03972014 0.22370001
v 3.26975915 -0.03972020 0.22368452
v 3.26999982 -0.03975358 0.22403620
v 3.26807076 -0.04007678 0.22353066
v 3.26839966 -0.04044082 0.22406782
v 3.26760867 -0.04021357 0.22115687
v 3.26787679 -0.04044028 0.22046091
v 3.26749834 -0.04044034 0.22123388
v 3.26805283 -0.04008191 0.22048409
v 3.26836440 -0.04043957 0.21996045
v 3.26858240 -0.04008018 0.21998441
v 3.26911014 -0.04014777 0.21966431
v 3.26947675 -0.04043697 0.21942988
v 3.26885856 -0.04044025 0.21964596
v 3.26999992 -0.03972014 0.22030001
v 3.26999999 -0.03974657 0.22004457
v 3.26975778 -0.03972014 0.22031511
v 3.26753370 -0.04043104 0.22294613
v 3.26787831 -0.04044028 0.22353242
v 3.26999940 -0.04011389 0.22448978
v 3.26942018 -0.03987046 0.22415390
v 3.26963726 -0.04043757 0.22459510
v 3.26999992 -0.04044013 0.22461001
v 3.26783341 -0.03991549 0.22275593
v 3.26777589 -0.03987121 0.22198824
v 3.26784223 -0.03991546 0.22121934
v 3.26999970 -0.04006495 0.21954614
v 3.26999940 -0.04043954 0.21938107
v 3.26944046 -0.03987028 0.21984117
v 3.26826697 -0.03973793 0.22116893
v 3.26856103 -0.03979151 0.22047834
v 3.26857473 -0.03975992 0.22344068
v 3.26806614 -0.03974317 0.22229726
v 3.26942098 -0.03974002 0.22015416
v 3.26848853 -0.03972008 0.22278239
v 3.26829813 -0.03971966 0.22200014
v 3.26831691 -0.03972014 0.22224231
v 3.26831691 -0.03972014 0.22175831
v 3.26944296 -0.03972014 0.22039165
v 3.26936993 -0.03972049 0.22358415
v 3.26901917 -0.03972002 0.22339089
v 3.26882692 -0.03972014 0.22323071
v 3.26866394 -0.03971987 0.22305344
v 3.26836647 -0.03972035 0.22247696
v 3.26839053 -0.03972064 0.22143540
v 3.26857222 -0.03972038 0.22107356
v 3.26876589 -0.03972041 0.22082790
v 3.26894891 -0.03972014 0.22066351
v 3.26915011 -0.03972023 0.22052545
v 3.26999880 -0.04193940 0.22474021
v 3.26999992 -0.04044013 0.22461001
v 3.26936221 -0.04044016 0.22454504
v 3.26890354 -0.04193919 0.22450504
v 3.26727089 -0.04193919 0.22182130
v 3.26737617 -0.04044016 0.22202056
v 3.26751110 -0.04044016 0.22119247
v 3.26795305 -0.04044016 0.22034822
v 3.26752014 -0.04193916 0.22085182
v 3.26808364 -0.04193916 0.22005130
v 3.26887555 -0.04044019 0.21962200
v 3.26889784 -0.04193916 0.21949917
v 3.26999861 -0.04193895 0.21925552
v 3.26999897 -0.04044037 0.21937212
v 3.26736677 -0.04193916 0.22270999
v 3.26760925 -0.04044019 0.22310194
v 3.26787262 -0.04193922 0.22374911
v 3.26836754 -0.04044019 0.22406503
v 3.26896103 -0.04209932 0.22435417
v 3.26845048 -0.04206293 0.22420488
v 3.26864691 -0.04210012 0.22418631
v 3.26835658 -0.04209780 0.22398000
v 3.26756181 -0.04210376 0.22282375
v 3.26775281 -0.04210647 0.22325638
v 3.26740824 -0.04206951 0.22267673
v 3.26747291 -0.04210012 0.22247311
v 3.26733641 -0.04207953 0.22187287
v 3.26933118 -0.04208638 0.21942393
v 3.26929591 -0.04210012 0.21952751
v 3.26896007 -0.04209941 0.21964616
v 3.26856002 -0.04206948 0.21973341
v 3.26854574 -0.04210349 0.21987627
v 3.26912986 -0.04193806 0.21940103
v 3.26960999 -0.04199808 0.21930952
v 3.26999993 -0.04203920 0.21929892
v 3.26999992 -0.04193913 0.21928001
v 3.26964353 -0.04210042 0.21945129
v 3.26999995 -0.04210295 0.21942934
v 3.26818420 -0.04210280 0.22017696
v 3.26795763 -0.04206570 0.22025183
v 3.26787853 -0.04209392 0.22054371
v 3.26764622 -0.04210054 0.22096057
v 3.26742901 -0.04209941 0.22211941
v 3.26745011 -0.04210331 0.22164951
v 3.26801851 -0.04210334 0.22364206
v 3.26794566 -0.04206427 0.22373675
v 3.26901299 -0.04208340 0.22446413
v 3.26929691 -0.04210012 0.22447281
v 3.26999961 -0.04208570 0.22466955
v 3.26964517 -0.04210090 0.22454905
v 3.26999994 -0.04210405 0.22457081
v 3.26754539 -0.04203858 0.22312584
v 3.26752387 -0.04211794 0.22129817
v 3.26736583 -0.04193967 0.22128174
v 3.26754145 -0.04203861 0.22088254
v 3.26773432 -0.04193958 0.22352815
v 3.26961140 -0.04199948 0.22469006
v 3.26999947 -0.04193937 0.22473279
v 3.26728366 -0.04194032 0.22240885
v 3.26726547 -0.04193904 0.22192846
v 3.26905419 -0.04193871 0.22456629
v 3.26771635 -0.04193928 0.22050046
v 3.26826833 -0.04193913 0.21988639
v 3.26833354 -0.04193984 0.22415845
v 3.21565453 -0.04931237 0.25783006
v 3.21584636 -0.04913952 0.25789024
v 3.21539507 -0.04923918 0.25814117
v 3.21681217 -0.04926284 0.25607987
v 3.21643277 -0.04930444 0.25691629
v 3.21658613 -0.04930014 0.25654423
v 3.21622186 -0.04930418 0.25726048
v 3.21613211 -0.04923889 0.25757399
v 3.21595946 -0.04930391 0.25756745
v 3.21668054 -0.04930014 0.25615213
v 3.21414151 -0.04913965 0.25302290
v 3.21497615 -0.04913915 0.25315243
v 3.21455244 -0.04923941 0.25308163
v 3.21595985 -0.04930447 0.25393304
v 3.21565234 -0.04930397 0.25366973
v 3.21597552 -0.04923910 0.25375504
v 3.21531220 -0.04931237 0.25346001
v 3.21643104 -0.04930014 0.25458173
v 3.21622134 -0.04930014 0.25423923
v 3.21641081 -0.04926262 0.25431014
v 3.21658640 -0.04930492 0.25495553
v 3.21671219 -0.04930567 0.25575080
v 3.21454417 -0.04930347 0.25321064
v 3.21414131 -0.04930412 0.25317923
v 3.21414135 -0.04925043 0.25306273
v 3.21493449 -0.04930358 0.25330455
v 3.21521831 -0.04924679 0.25327356
v 3.21663155 -0.04923937 0.25470719
v 3.21681655 -0.04923939 0.25532856
v 3.21668061 -0.04930461 0.25534606
v 3.21654002 -0.04923663 0.25701371
v 3.21477649 -0.04923971 0.25838275
v 3.21530809 -0.04930361 0.25804053
v 3.21454334 -0.04930350 0.25828960
v 3.21493546 -0.04930354 0.25819536
v 3.21414111 -0.04931171 0.25832184
v 3.21414142 -0.04913854 0.25849218
v 3.21615808 -0.04913937 0.25391185
v 3.21665129 -0.04913971 0.25466972
v 3.21679144 -0.04913836 0.25641539
v 3.21524480 -0.04913874 0.25824503
v 3.21549108 -0.04913894 0.25337783
v 3.21687065 -0.04913974 0.25558812
v 3.21649275 -0.04913988 0.25711604
v 3.21569533 -0.04764019 0.25363540
v 3.21637530 -0.04764018 0.25437277
v 3.21639797 -0.04913910 0.25420466
v 3.21654168 -0.04764001 0.25681829
v 3.21603790 -0.04764014 0.25755282
v 3.21643682 -0.04913928 0.25721880
v 3.21577235 -0.04913925 0.25795528
v 3.21537359 -0.04764019 0.25806667
v 3.21475659 -0.04913918 0.25841298
v 3.21567694 -0.04913912 0.25348682
v 3.21414342 -0.04764059 0.25839678
v 3.21414133 -0.04913914 0.25847003
v 3.21677738 -0.04764031 0.25555275
v 3.21684556 -0.04913915 0.25527994
v 3.21479063 -0.04764020 0.25320733
v 3.21474358 -0.04913914 0.25308223
v 3.21414134 -0.04764014 0.25314004
v 3.21414134 -0.04913914 0.25303003
v 3.21678081 -0.04913904 0.25645108
v 3.21500511 -0.04764012 0.25328404
v 3.21451304 -0.04763763 0.25315627
v 3.21501741 -0.04734847 0.25340866
v 3.21651054 -0.04732355 0.25650516
v 3.21654954 -0.04763395 0.25681239
v 3.21674302 -0.04764051 0.25609351
v 3.21607744 -0.04727804 0.25727380
v 3.21628647 -0.04763931 0.25724717
v 3.21578566 -0.04764066 0.25779265
v 3.21556122 -0.04727827 0.25776186
v 3.21518279 -0.04763986 0.25814798
v 3.21503171 -0.04734620 0.25808421
v 3.21460344 -0.04763879 0.25833073
v 3.21664367 -0.04734484 0.25574533
v 3.21667152 -0.04764186 0.25507127
v 3.21650264 -0.04734973 0.25491113
v 3.21607552 -0.04727795 0.25422402
v 3.21622831 -0.04764027 0.25415890
v 3.21555671 -0.04727996 0.25373315
v 3.21558038 -0.04764025 0.25356376
v 3.21472167 -0.04707068 0.25359584
v 3.21414185 -0.04731425 0.25326002
v 3.21414144 -0.04695360 0.25371367
v 3.21414134 -0.04764014 0.25314004
v 3.21446521 -0.04692023 0.25407600
v 3.21414134 -0.04692012 0.25405003
v 3.21636408 -0.04707068 0.25576211
v 3.21414156 -0.04726512 0.25820398
v 3.21414133 -0.04764014 0.25836003
v 3.21470106 -0.04707049 0.25790919
v 3.21623942 -0.04707098 0.25501586
v 3.21604342 -0.04696618 0.25654800
v 3.21556641 -0.04696013 0.25430851
v 3.21558098 -0.04699199 0.25727254
v 3.21607475 -0.04694309 0.25545247
v 3.21547863 -0.04691978 0.25680267
v 3.21565386 -0.04692012 0.25653022
v 3.21472044 -0.04694007 0.25759620
v 3.21414069 -0.04689258 0.25745339
v 3.21557373 -0.04692042 0.25483112
v 3.21583545 -0.04692060 0.25591203
v 3.21446461 -0.04692018 0.25742419
v 3.21484949 -0.04692019 0.25420254
v 3.21512879 -0.04692001 0.25436393
v 3.21537382 -0.04692030 0.25457644
v 3.21572157 -0.04692012 0.25511830
v 3.21582903 -0.04692047 0.25550772
v 3.21577420 -0.04692038 0.25622963
v 3.21525559 -0.04692024 0.25703641
v 3.21492237 -0.04692045 0.25726564
v 3.21501428 -0.05930012 0.25451967
v 3.21527362 -0.04930014 0.25473562
v 3.21546908 -0.05930012 0.25501880
v 3.21472807 -0.04930014 0.25436469
v 3.21414411 -0.05930012 0.25420722
v 3.21414221 -0.04930014 0.25423426
v 3.21562583 -0.04930014 0.25545366
v 3.21564508 -0.05930012 0.25564906
v 3.21554346 -0.04930014 0.25637042
v 3.21553282 -0.05930012 0.25636786
v 3.21487490 -0.05930012 0.25709216
v 3.21414361 -0.04930014 0.25728765
v 3.21414158 -0.05930012 0.25725494
v 3.21498231 -0.04930014 0.25700282
v 3.21299704 -0.04852014 0.25621464
v 3.21312334 -0.04852013 0.25705753
v 3.21397153 -0.04852013 0.25697333
v 3.21431114 -0.04852013 0.25452673
v 3.21351793 -0.04852014 0.25421473
v 3.21316684 -0.04852014 0.25499133
v 3.21250004 -0.04852014 0.25552224
v 3.21511574 -0.04852013 0.25650873
v 3.21528553 -0.04852014 0.25528543
v 3.21476463 -0.04852013 0.25728533
v 3.21578254 -0.04852014 0.25597783
v 3.21515923 -0.04852014 0.25444253
v 3.21303816 -0.05930012 0.25676945
v 3.21490514 -0.05930012 0.25445710
v 3.21514043 -0.05930012 0.25462887
v 3.21538283 -0.05930012 0.25489994
v 3.21331311 -0.05930012 0.25700668
v 3.21264029 -0.05930012 0.25570473
v 3.21386853 -0.05930012 0.25427111
v 3.21428828 -0.05930012 0.25425262
v 3.21354405 -0.05930012 0.25437287
v 3.21269254 -0.05930012 0.25534480
v 3.21324810 -0.05930012 0.25454042
v 3.21283498 -0.05930012 0.25500913
v 3.21299807 -0.05930012 0.25477661
v 3.21265953 -0.05930012 0.25599462
v 3.21464123 -0.05930012 0.25433393
v 3.21273472 -0.05930012 0.25627628
v 3.21286268 -0.05930012 0.25653804
v 3.21554815 -0.05930012 0.25522483
v 3.21370865 -0.05930012 0.25719122
v 3.21562296 -0.05930012 0.25550509
v 3.21413371 -0.05930012 0.25725446
v 3.21564232 -0.05930012 0.25579441
v 3.21473854 -0.05930012 0.25712769
v 3.21560543 -0.05930012 0.25608419
v 3.21551333 -0.05930012 0.25636049
v 3.21518884 -0.05930012 0.25682582
v 3.21497825 -0.05930012 0.25699668
v 3.21537065 -0.05930012 0.25661244
v 3.21447932 -0.05930012 0.25721302
v 3.21312334 -0.04852013 0.25705753
v 3.21299704 -0.04692012 0.25621464
v 3.21312334 -0.04692013 0.25705753
v 3.21299704 -0.04852014 0.25621464
v 3.21299704 -0.04852014 0.25621464
v 3.21250004 -0.04692012 0.25552224
v 3.21299704 -0.04692012 0.25621464
v 3.21250004 -0.04852014 0.25552224
v 3.21250004 -0.04852014 0.25552224
v 3.21316684 -0.04852014 0.25499133
v 3.21316684 -0.04692012 0.25499133
v 3.21250004 -0.04692012 0.25552224
v 3.21316684 -0.04852014 0.25499133
v 3.21351793 -0.04852014 0.25421473
v 3.21351793 -0.04692012 0.25421473
v 3.21316684 -0.04692012 0.25499133
v 3.21351793 -0.04692012 0.25421473
v 3.21431114 -0.04852013 0.25452673
v 3.21431114 -0.04692013 0.25452673
v 3.21351793 -0.04852014 0.25421473
v 3.21431114 -0.04852013 0.25452673
v 3.21515923 -0.04852014 0.25444253
v 3.21515923 -0.04692012 0.25444253
v 3.21431114 -0.04692013 0.25452673
v 3.21515923 -0.04692012 0.25444253
v 3.21528553 -0.04852014 0.25528543
v 3.21528553 -0.04692012 0.25528543
v 3.21515923 -0.04852014 0.25444253
v 3.21528553 -0.04692012 0.25528543
v 3.21578254 -0.04852014 0.25597783
v 3.21578254 -0.04692013 0.25597783
v 3.21528553 -0.04852014 0.25528543
v 3.21578254 -0.04852014 0.25597783
v 3.21511574 -0.04692013 0.25650873
v 3.21578254 -0.04692013 0.25597783
v 3.21511574 -0.04852013 0.25650873
v 3.21511574 -0.04852013 0.25650873
v 3.21476463 -0.04692013 0.25728533
v 3.21511574 -0.04692013 0.25650873
v 3.21476463 -0.04852013 0.25728533
v 3.21476463 -0.04852013 0.25728533
v 3.21397153 -0.04692013 0.25697333
v 3.21476463 -0.04692013 0.25728533
v 3.21397153 -0.04852013 0.25697333
v 3.21397153 -0.04852013 0.25697333
v 3.21312334 -0.04692013 0.25705753
v 3.21397153 -0.04692013 0.25697333
v 3.21312334 -0.04852013 0.25705753
v 3.21286158 -0.04930015 0.25494519
v 3.21340874 -0.05930012 0.25440791
v 3.21275052 -0.05930012 0.25513073
v 3.21263916 -0.05930012 0.25592327
v 3.21263411 -0.04930014 0.25560841
v 3.21274198 -0.04930015 0.25632761
v 3.21328150 -0.04930014 0.25701308
v 3.21285520 -0.05930012 0.25654193
v 3.21326782 -0.05930012 0.25698047
v 3.21413856 -0.05930012 0.25729292
v 3.21414045 -0.04930015 0.25726581
v 3.21330068 -0.04930014 0.25449702
v 3.21413903 -0.04930015 0.25421237
v 3.21414110 -0.05930012 0.25424520
v 3.21316684 -0.04692012 0.25499133
v 3.21270907 -0.04692012 0.25483024
v 3.21256074 -0.04692012 0.25511835
v 3.21315349 -0.04692013 0.25436410
v 3.21290926 -0.04692012 0.25457587
v 3.21336233 -0.04692012 0.25423894
v 3.21351793 -0.04692012 0.25421473
v 3.21247023 -0.04692012 0.25542765
v 3.21250004 -0.04692012 0.25552224
v 3.21366194 -0.04692012 0.25411352
v 3.21431114 -0.04692013 0.25452673
v 3.21565386 -0.04692012 0.25653022
v 3.21511574 -0.04692013 0.25650873
v 3.21547862 -0.04692013 0.25680265
v 3.21484948 -0.04692013 0.25420254
v 3.21462074 -0.04692012 0.25411903
v 3.21476463 -0.04692013 0.25728533
v 3.21492239 -0.04692013 0.25726566
v 3.21512878 -0.04692012 0.25436394
v 3.21515923 -0.04692012 0.25444253
v 3.21528553 -0.04692012 0.25528543
v 3.21557375 -0.04692012 0.25483110
v 3.21537384 -0.04692012 0.25457644
v 3.21572157 -0.04692012 0.25511830
v 3.21525558 -0.04692012 0.25703642
v 3.21578254 -0.04692013 0.25597783
v 3.21577422 -0.04692013 0.25622963
v 3.21397153 -0.04692013 0.25697333
v 3.21446460 -0.04692012 0.25742419
v 3.21582908 -0.04692012 0.25550774
v 3.21583548 -0.04692012 0.25591202
v 3.21414133 -0.04692012 0.25745003
v 3.21389926 -0.04692012 0.25743438
v 3.21358454 -0.04692012 0.25735815
v 3.21312334 -0.04692013 0.25705753
v 3.21329035 -0.04692012 0.25722390
v 3.21299704 -0.04692012 0.25621464
v 3.21302752 -0.04692013 0.25703685
v 3.21271042 -0.04692012 0.25667080
v 3.21285694 -0.04692012 0.25686363
v 3.21438397 -0.04692013 0.25406556
v 3.21256184 -0.04692012 0.25638286
v 3.21247028 -0.04692013 0.25607216
v 3.21405905 -0.04692012 0.25404999
v 3.21243937 -0.04692012 0.25575052
v 3.21204604 -0.04930015 0.25723893
v 3.21303762 -0.04930014 0.25676835
v 3.21231944 -0.04930014 0.25756323
v 3.21159774 -0.04930013 0.25612064
v 3.21270788 -0.04930014 0.25620752
v 3.21168323 -0.04930014 0.25650173
v 3.21530933 -0.04930014 0.25346013
v 3.21471160 -0.04930014 0.25435763
v 3.21493423 -0.04930014 0.25330483
v 3.21291268 -0.04930014 0.25488664
v 3.21183543 -0.04930014 0.25461423
v 3.21205054 -0.04930014 0.25425474
v 3.21276958 -0.04930014 0.25513868
v 3.21338723 -0.04930015 0.25329274
v 3.21367153 -0.04930013 0.25432392
v 3.21300853 -0.04930015 0.25344263
v 3.21314170 -0.04930014 0.25462610
v 3.21232523 -0.04930014 0.25393103
v 3.21393583 -0.04930015 0.25426263
v 3.21376943 -0.04930013 0.25320664
v 3.21414134 -0.04930013 0.25317963
v 3.21264923 -0.04930015 0.25365704
v 3.21342177 -0.04930014 0.25443218
v 3.21622134 -0.04930014 0.25423923
v 3.21643104 -0.04930014 0.25458173
v 3.21542012 -0.04930014 0.25496277
v 3.21595883 -0.04930014 0.25393253
v 3.21502922 -0.04930014 0.25453896
v 3.21565163 -0.04930014 0.25366963
v 3.21266021 -0.04930015 0.25548501
v 3.21168474 -0.04930014 0.25499364
v 3.21557466 -0.04930014 0.25529248
v 3.21658643 -0.04930014 0.25495683
v 3.21157094 -0.04930014 0.25575004
v 3.21159813 -0.04930014 0.25537683
v 3.21668043 -0.04930014 0.25534713
v 3.21671174 -0.04930014 0.25575004
v 3.21563973 -0.04930014 0.25564998
v 3.21264280 -0.04930015 0.25584966
v 3.21668054 -0.04930014 0.25615213
v 3.21563073 -0.04930014 0.25594196
v 3.21183244 -0.04930014 0.25687973
v 3.21658613 -0.04930014 0.25654423
v 3.21556584 -0.04930014 0.25622529
v 3.21643203 -0.04930014 0.25691703
v 3.21286244 -0.04930014 0.25653728
v 3.21595894 -0.04930014 0.25756753
v 3.21514089 -0.04930014 0.25687394
v 3.21622114 -0.04930014 0.25726093
v 3.21541366 -0.04930014 0.25655313
v 3.21325338 -0.04930014 0.25696114
v 3.21264284 -0.04930014 0.25783843
v 3.21565244 -0.04930014 0.25782993
v 3.21530814 -0.04930014 0.25804013
v 3.21486037 -0.04930014 0.25706816
v 3.21454344 -0.04930014 0.25828923
v 3.21434689 -0.04930014 0.25723743
v 3.21461068 -0.04930014 0.25717628
v 3.21493564 -0.04930014 0.25819493
v 3.21399404 -0.04930014 0.25724740
v 3.21414133 -0.04930013 0.25832043
v 3.21376684 -0.04930014 0.25829303
v 3.21357107 -0.04930013 0.25714248
v 3.21338254 -0.04930013 0.25820593
v 3.21300253 -0.04930014 0.25805443
v 3.21524495 -0.04930014 0.25473170
v 3.21428874 -0.04930013 0.25425268
v 3.21454384 -0.04930014 0.25321093
v 3.21326605 -0.04734743 0.25809092
v 3.21272688 -0.04727839 0.25776590
v 3.21280629 -0.04763982 0.25801280
v 3.21178012 -0.04734926 0.25658821
v 3.21163886 -0.04734488 0.25575399
v 3.21161031 -0.04764186 0.25642649
v 3.21414133 -0.04692012 0.25745003
v 3.21389926 -0.04692018 0.25743438
v 3.21414123 -0.04695360 0.25778637
v 3.21153333 -0.04764056 0.25554030
v 3.21178021 -0.04735060 0.25490879
v 3.21174800 -0.04764156 0.25468272
v 3.21220537 -0.04727807 0.25422595
v 3.21272174 -0.04728038 0.25373560
v 3.21231135 -0.04764017 0.25387094
v 3.21324974 -0.04734885 0.25341423
v 3.21367950 -0.04763870 0.25317002
v 3.21299169 -0.04764015 0.25339971
v 3.21414134 -0.04692012 0.25405003
v 3.21414141 -0.04694660 0.25379448
v 3.21389900 -0.04692014 0.25406517
v 3.21205400 -0.04764034 0.25734195
v 3.21220746 -0.04727652 0.25727447
v 3.21356127 -0.04707065 0.25790424
v 3.21414082 -0.04731379 0.25823969
v 3.21365882 -0.04763867 0.25832804
v 3.21414133 -0.04764014 0.25836003
v 3.21191845 -0.04707069 0.25573795
v 3.21414111 -0.04726509 0.25329609
v 3.21414134 -0.04764014 0.25314004
v 3.21358140 -0.04707052 0.25359085
v 3.21204342 -0.04707084 0.25648426
v 3.21223921 -0.04696618 0.25495202
v 3.21271612 -0.04696012 0.25719145
v 3.21270159 -0.04699199 0.25422759
v 3.21220783 -0.04694309 0.25604752
v 3.21356224 -0.04694006 0.25390387
v 3.21275369 -0.04692007 0.25674050
v 3.21243934 -0.04691966 0.25575052
v 3.21247025 -0.04691990 0.25607217
v 3.21247021 -0.04691986 0.25542765
v 3.21350727 -0.04692029 0.25416713
v 3.21358455 -0.04692026 0.25735813
v 3.21329036 -0.04692024 0.25722389
v 3.21302752 -0.04692025 0.25703684
v 3.21256185 -0.04692015 0.25638285
v 3.21256074 -0.04692014 0.25511835
v 3.21270908 -0.04692034 0.25483026
v 3.21290928 -0.04692045 0.25457588
v 3.21315349 -0.04692001 0.25436409
v 3.21314198 -0.04764014 0.25817010
v 3.21239006 -0.04764014 0.25770662
v 3.21229670 -0.04913916 0.25778334
v 3.21154167 -0.04764018 0.25605613
v 3.21162457 -0.04913912 0.25682156
v 3.21178162 -0.04764016 0.25690044
v 3.21149469 -0.04913907 0.25507963
v 3.21198178 -0.04763986 0.25425136
v 3.21189966 -0.04913941 0.25418671
v 3.21270159 -0.04764016 0.25355827
v 3.21259827 -0.04913918 0.25349443
v 3.21350074 -0.04913917 0.25309308
v 3.21357453 -0.04764016 0.25318946
v 3.21414134 -0.04764014 0.25314004
v 3.21414134 -0.04913914 0.25303003
v 3.21157947 -0.04764018 0.25518193
v 3.21142046 -0.04913913 0.25595083
v 3.21331129 -0.04913910 0.25835534
v 3.21414009 -0.04764007 0.25838573
v 3.21414110 -0.04913924 0.25847570
v 3.21159813 -0.04930014 0.25537683
v 3.21147603 -0.04928469 0.25551868
v 3.21168474 -0.04930014 0.25499364
v 3.21350176 -0.04923917 0.25838249
v 3.21414054 -0.04913824 0.25848750
v 3.21320545 -0.04913944 0.25830885
v 3.21249497 -0.04923889 0.25789019
v 3.21264202 -0.04930416 0.25783826
v 3.21299840 -0.04931272 0.25805389
v 3.21183244 -0.04930014 0.25687973
v 3.21202883 -0.04926174 0.25742261
v 3.21157970 -0.04927958 0.25649285
v 3.21204604 -0.04930015 0.25723893
v 3.21231850 -0.04930437 0.25756277
v 3.21168323 -0.04930014 0.25650173
v 3.21159774 -0.04930013 0.25612064
v 3.21157094 -0.04930014 0.25575004
v 3.21183482 -0.04930418 0.25461478
v 3.21215092 -0.04923859 0.25392517
v 3.21232469 -0.04930390 0.25393116
v 3.21204993 -0.04930403 0.25425506
v 3.21376667 -0.04930364 0.25829337
v 3.21414136 -0.04930412 0.25832086
v 3.21414133 -0.04925043 0.25843733
v 3.21338205 -0.04930378 0.25820613
v 3.21174161 -0.04923559 0.25448693
v 3.21350587 -0.04923924 0.25311689
v 3.21300828 -0.04930365 0.25344242
v 3.21268223 -0.04923866 0.25346586
v 3.21376959 -0.04930357 0.25320627
v 3.21338719 -0.04930362 0.25329241
v 3.21264884 -0.04930377 0.25365695
v 3.21414155 -0.04931171 0.25317823
v 3.21284970 -0.04913988 0.25816521
v 3.21414147 -0.04913972 0.25301243
v 3.21158074 -0.04913997 0.25670199
v 3.21141328 -0.04913992 0.25593162
v 3.21144658 -0.04923617 0.25555030
v 3.21148864 -0.04913813 0.25509525
v 3.21284722 -0.04913981 0.25334381
v 3.21208384 -0.04913949 0.25394776
v 3.21196358 -0.04913910 0.25740978
v 3.21352457 -0.04914000 0.25309954
v 3.21173834 -0.04913913 0.25447574
v 3.32769924 -0.03578909 0.25759404
v 3.32797153 -0.03580003 0.25744060
v 3.32830293 -0.03580012 0.25730118
v 3.32811232 -0.03563805 0.25756294
v 3.32757686 -0.03563898 0.25770333
v 3.32751174 -0.03580033 0.25754815
v 3.32715750 -0.03582369 0.25757421
v 3.32861233 -0.03580268 0.25712250
v 3.32851572 -0.03578188 0.25729503
v 3.32947972 -0.03578158 0.25630544
v 3.32897745 -0.03580274 0.25681973
v 3.32927798 -0.03579463 0.25645571
v 3.32971737 -0.03580381 0.25476362
v 3.32977207 -0.03578131 0.25550340
v 3.32972786 -0.03579949 0.25511976
v 3.32966169 -0.03579741 0.25441019
v 3.32955493 -0.03580012 0.25407137
v 3.32966105 -0.03577455 0.25404382
v 3.32913966 -0.03580504 0.25335801
v 3.32879805 -0.03579827 0.25301767
v 3.32870035 -0.03578176 0.25283214
v 3.32851092 -0.03580012 0.25281427
v 3.32819521 -0.03579925 0.25264557
v 3.32810712 -0.03576269 0.25247923
v 3.32774853 -0.03579994 0.25249533
v 3.32715791 -0.03580405 0.25242917
v 3.32715825 -0.03578555 0.25232952
v 3.32739493 -0.03580012 0.25244017
v 3.32754664 -0.03569909 0.25230986
v 3.32836470 -0.03563808 0.25254269
v 3.32940867 -0.03580808 0.25375149
v 3.32968393 -0.03580012 0.25547268
v 3.32945792 -0.03580012 0.25614597
v 3.32959512 -0.03580429 0.25582381
v 3.32927556 -0.03574215 0.25331523
v 3.32984690 -0.03574028 0.25476310
v 3.32914214 -0.03574028 0.25683063
v 3.32955709 -0.03563922 0.25631778
v 3.32987186 -0.03563972 0.25538618
v 3.32715839 -0.03563913 0.25226709
v 3.32884210 -0.03563832 0.25716151
v 3.32898745 -0.03563773 0.25296857
v 3.32980446 -0.03564008 0.25433953
v 3.32715794 -0.03563931 0.25772815
v 3.32958516 -0.03563898 0.25373167
v 3.32716021 -0.03563889 0.25776379
v 3.32794465 -0.03414016 0.25749113
v 3.32715866 -0.03414034 0.25762601
v 3.32850568 -0.03563916 0.25738065
v 3.32862136 -0.03414019 0.25717915
v 3.32920980 -0.03563916 0.25679834
v 3.32975076 -0.03563919 0.25589874
v 3.32925258 -0.03414016 0.25657012
v 3.32988061 -0.03563916 0.25500343
v 3.32979001 -0.03414019 0.25493010
v 3.32961207 -0.03414016 0.25591014
v 3.32912689 -0.03563916 0.25310285
v 3.32951155 -0.03414016 0.25383994
v 3.32974717 -0.03563919 0.25409126
v 3.32851101 -0.03563916 0.25263740
v 3.32881607 -0.03414019 0.25295495
v 3.32780672 -0.03414016 0.25245734
v 3.32778079 -0.03563916 0.25233722
v 3.32715793 -0.03414013 0.25238998
v 3.32715793 -0.03563913 0.25227998
v 3.32927231 -0.03414019 0.25654356
v 3.32962131 -0.03413986 0.25588895
v 3.32955383 -0.03392221 0.25584593
v 3.32915622 -0.03391569 0.25656065
v 3.32874152 -0.03414105 0.25708126
v 3.32862247 -0.03391885 0.25706993
v 3.32864782 -0.03366904 0.25682441
v 3.32804884 -0.03384825 0.25733546
v 3.32808568 -0.03413965 0.25745002
v 3.32750191 -0.03413739 0.25759824
v 3.32715793 -0.03342013 0.25669997
v 3.32715785 -0.03344660 0.25695542
v 3.32740006 -0.03342013 0.25668448
v 3.32976678 -0.03414120 0.25516459
v 3.32965660 -0.03383990 0.25499183
v 3.32972273 -0.03414135 0.25452644
v 3.32949985 -0.03380035 0.25418788
v 3.32954606 -0.03414046 0.25393172
v 3.32908953 -0.03377776 0.25347141
v 3.32921394 -0.03414168 0.25339694
v 3.32878254 -0.03414093 0.25295163
v 3.32857054 -0.03377934 0.25298202
v 3.32815110 -0.03413283 0.25255549
v 3.32763572 -0.03413855 0.25242154
v 3.32715793 -0.03414013 0.25238998
v 3.32715845 -0.03381412 0.25251010
v 3.32740126 -0.03342019 0.25331558
v 3.32767711 -0.03344451 0.25313059
v 3.32715793 -0.03342013 0.25329998
v 3.32937823 -0.03356921 0.25501350
v 3.32928102 -0.03364142 0.25596625
v 3.32715815 -0.03376516 0.25745391
v 3.32715793 -0.03414013 0.25760997
v 3.32797782 -0.03361552 0.25286124
v 3.32903774 -0.03350012 0.25401516
v 3.32859723 -0.03349211 0.25652288
v 3.32771656 -0.03357043 0.25715920
v 3.32898059 -0.03344597 0.25575280
v 3.32715808 -0.03352456 0.25283085
v 3.32841815 -0.03345134 0.25346050
v 3.32907431 -0.03343769 0.25485527
v 3.32773653 -0.03344001 0.25684592
v 3.32859039 -0.03342040 0.25408130
v 3.32885238 -0.03342061 0.25515439
v 3.32771402 -0.03342016 0.25660823
v 3.32771501 -0.03342025 0.25339197
v 3.32800719 -0.03342025 0.25352544
v 3.32826796 -0.03342025 0.25371024
v 3.32844293 -0.03342013 0.25388678
v 3.32873745 -0.03342016 0.25436793
v 3.32880993 -0.03342013 0.25459968
v 3.32885237 -0.03342049 0.25484598
v 3.32880993 -0.03342013 0.25540127
v 3.32873574 -0.03342013 0.25563705
v 3.32858956 -0.03342034 0.25591968
v 3.32838908 -0.03342043 0.25617422
v 3.32820792 -0.03342013 0.25633647
v 3.32800674 -0.03342025 0.25647467
v 3.32869325 -0.03580012 0.25499213
v 3.32856422 -0.04580014 0.25442454
v 3.32827282 -0.03580012 0.25394859
v 3.32796812 -0.04580014 0.25370568
v 3.32716110 -0.03580012 0.25345166
v 3.32715855 -0.04580014 0.25348832
v 3.32864897 -0.04580014 0.25530526
v 3.32833958 -0.03580012 0.25595898
v 3.32822504 -0.04580014 0.25608197
v 3.32770155 -0.03580012 0.25640981
v 3.32761542 -0.04580014 0.25643656
v 3.32715817 -0.03580012 0.25650491
v 3.32715808 -0.04580014 0.25650305
v 3.32793893 -0.03502013 0.25404328
v 3.32742293 -0.03502013 0.25336437
v 3.32671992 -0.03502013 0.25384528
v 3.32637693 -0.03502013 0.25595667
v 3.32689193 -0.03502013 0.25663558
v 3.32759593 -0.03502013 0.25615467
v 3.32587392 -0.03502013 0.25395218
v 3.32593892 -0.03502013 0.25480198
v 3.32560792 -0.03502013 0.25558777
v 3.32844093 -0.03502013 0.25604777
v 3.32837693 -0.03502013 0.25519797
v 3.32870693 -0.03502013 0.25441218
v 3.32772092 -0.04580014 0.25360490
v 3.32571454 -0.04580014 0.25541616
v 3.32737235 -0.04580014 0.25351379
v 3.32643151 -0.04580014 0.25368580
v 3.32579942 -0.04580014 0.25435284
v 3.32599541 -0.04580014 0.25404920
v 3.32619376 -0.04580014 0.25384857
v 3.32567020 -0.04580014 0.25477556
v 3.32709479 -0.04580014 0.25349969
v 3.32675664 -0.04580014 0.25355016
v 3.32566193 -0.04580014 0.25513228
v 3.32582198 -0.04580014 0.25568651
v 3.32803453 -0.04580014 0.25378100
v 3.32597220 -0.04580014 0.25592281
v 3.32825051 -0.04580014 0.25396975
v 3.32617120 -0.04580014 0.25613271
v 3.32842460 -0.04580014 0.25419365
v 3.32640385 -0.04580014 0.25629911
v 3.32855518 -0.04580014 0.25444980
v 3.32666558 -0.04580014 0.25641887
v 3.32864947 -0.04580014 0.25480583
v 3.32694471 -0.04580014 0.25648667
v 3.32722546 -0.04580014 0.25650001
v 3.32865032 -0.04580014 0.25516319
v 3.32857211 -0.04580014 0.25551312
v 3.32812072 -0.04580014 0.25615244
v 3.32788437 -0.04580014 0.25631388
v 3.32836801 -0.04580014 0.25589335
v 3.32756498 -0.04580014 0.25644787
v 3.32560792 -0.03502013 0.25558777
v 3.32593892 -0.03502013 0.25480198
v 3.32593892 -0.03342013 0.25480198
v 3.32560792 -0.03342013 0.25558777
v 3.32593892 -0.03502013 0.25480198
v 3.32587392 -0.03342013 0.25395218
v 3.32593892 -0.03342013 0.25480198
v 3.32587392 -0.03502013 0.25395218
v 3.32587392 -0.03502013 0.25395218
v 3.32671992 -0.03502013 0.25384528
v 3.32671992 -0.03342013 0.25384528
v 3.32587392 -0.03342013 0.25395218
v 3.32671992 -0.03502013 0.25384528
v 3.32742293 -0.03502013 0.25336437
v 3.32742293 -0.03342013 0.25336437
v 3.32671992 -0.03342013 0.25384528
v 3.32742293 -0.03342013 0.25336437
v 3.32793893 -0.03502013 0.25404328
v 3.32793893 -0.03342013 0.25404328
v 3.32742293 -0.03502013 0.25336437
v 3.32793893 -0.03342013 0.25404328
v 3.32870693 -0.03502013 0.25441218
v 3.32870693 -0.03342013 0.25441218
v 3.32793893 -0.03502013 0.25404328
v 3.32870693 -0.03502013 0.25441218
v 3.32837693 -0.03342013 0.25519797
v 3.32870693 -0.03342013 0.25441218
v 3.32837693 -0.03502013 0.25519797
v 3.32837693 -0.03342013 0.25519797
v 3.32844093 -0.03502013 0.25604777
v 3.32844093 -0.03342013 0.25604777
v 3.32837693 -0.03502013 0.25519797
v 3.32844093 -0.03502013 0.25604777
v 3.32759593 -0.03342013 0.25615467
v 3.32844093 -0.03342013 0.25604777
v 3.32759593 -0.03502013 0.25615467
v 3.32759593 -0.03502013 0.25615467
v 3.32689193 -0.03342013 0.25663558
v 3.32759593 -0.03342013 0.25615467
v 3.32689193 -0.03502013 0.25663558
v 3.32689193 -0.03502013 0.25663558
v 3.32637693 -0.03342013 0.25595667
v 3.32689193 -0.03342013 0.25663558
v 3.32637693 -0.03502013 0.25595667
v 3.32637693 -0.03502013 0.25595667
v 3.32560792 -0.03342013 0.25558777
v 3.32637693 -0.03342013 0.25595667
v 3.32560792 -0.03502013 0.25558777
v 3.32677066 -0.04580014 0.25353761
v 3.32715773 -0.03580012 0.25349525
v 3.32715793 -0.04580014 0.25349997
v 3.32661605 -0.03580012 0.25358886
v 3.32614645 -0.04580014 0.25387396
v 3.32608343 -0.03580012 0.25393889
v 3.32570296 -0.04580014 0.25455290
v 3.32567985 -0.03580012 0.25462443
v 3.32573426 -0.03580012 0.25553325
v 3.32567601 -0.04580014 0.25527536
v 3.32636520 -0.03580012 0.25631555
v 3.32599574 -0.04580014 0.25599593
v 3.32672901 -0.04580014 0.25644985
v 3.32715765 -0.03580012 0.25650540
v 3.32715793 -0.04580014 0.25649998
v 3.32610693 -0.03342013 0.25366348
v 3.32592390 -0.03342013 0.25382782
v 3.32671992 -0.03342013 0.25384528
v 3.32587392 -0.03342013 0.25395218
v 3.32554738 -0.03342013 0.25443897
v 3.32547493 -0.03342013 0.25475827
v 3.32593892 -0.03342013 0.25480198
v 3.32630804 -0.03342013 0.25352545
v 3.32660086 -0.03342013 0.25339165
v 3.32707852 -0.03342013 0.25669997
v 3.32759593 -0.03342013 0.25615467
v 3.32689193 -0.03342013 0.25663558
v 3.32545619 -0.03342013 0.25500006
v 3.32547493 -0.03342013 0.25524238
v 3.32552449 -0.03342013 0.25547700
v 3.32691577 -0.03342013 0.25331508
v 3.32560792 -0.03342013 0.25558777
v 3.32637693 -0.03342013 0.25595667
v 3.32564518 -0.03342013 0.25577945
v 3.32800720 -0.03342013 0.25352544
v 3.32793893 -0.03342013 0.25404328
v 3.32826796 -0.03342013 0.25371023
v 3.32859041 -0.03342013 0.25408127
v 3.32844293 -0.03342013 0.25388678
v 3.32880993 -0.03342013 0.25459968
v 3.32873745 -0.03342013 0.25436793
v 3.32870693 -0.03342013 0.25441218
v 3.32837693 -0.03342013 0.25519797
v 3.32885241 -0.03342013 0.25515439
v 3.32885240 -0.03342013 0.25484598
v 3.32820792 -0.03342013 0.25633647
v 3.32800676 -0.03342013 0.25647468
v 3.32873574 -0.03342013 0.25563705
v 3.32880993 -0.03342013 0.25540127
v 3.32858957 -0.03342013 0.25591970
v 3.32838911 -0.03342013 0.25617423
v 3.32844093 -0.03342013 0.25604777
v 3.32740006 -0.03342013 0.25668448
v 3.32771402 -0.03342013 0.25660824
v 3.32652593 -0.03342013 0.25657828
v 3.32675758 -0.03342013 0.25665398
v 3.32630750 -0.03342013 0.25647436
v 3.32604545 -0.03342013 0.25628827
v 3.32582044 -0.03342013 0.25605306
v 3.32771501 -0.03342013 0.25339195
v 3.32747993 -0.03342013 0.25333077
v 3.32742293 -0.03342013 0.25336437
v 3.32723930 -0.03342013 0.25330006
v 3.32572412 -0.03342013 0.25408200
v 3.32865478 -0.03580009 0.25488380
v 3.32858524 -0.03580009 0.25452457
v 3.32966189 -0.03580009 0.25440995
v 3.32460849 -0.03580009 0.25464909
v 3.32471442 -0.03580009 0.25419273
v 3.32568642 -0.03580009 0.25469613
v 3.32951236 -0.03580009 0.25396112
v 3.32842836 -0.03580009 0.25420022
v 3.32927759 -0.03580009 0.25354151
v 3.32485592 -0.03580012 0.25385458
v 3.32580106 -0.03580009 0.25434969
v 3.32480442 -0.03580009 0.25604083
v 3.32573253 -0.03580009 0.25548300
v 3.32588810 -0.03580009 0.25580242
v 3.32648986 -0.03580009 0.25365172
v 3.32569748 -0.03580009 0.25288046
v 3.32611793 -0.03580009 0.25264614
v 3.32458693 -0.03580012 0.25500068
v 3.32565425 -0.03580009 0.25505593
v 3.32460876 -0.03580009 0.25535397
v 3.32619399 -0.03580009 0.25384809
v 3.32533391 -0.03580009 0.25318504
v 3.32503557 -0.03580009 0.25354441
v 3.32599540 -0.03580009 0.25404917
v 3.32656826 -0.03580009 0.25249489
v 3.32739493 -0.03580012 0.25244017
v 3.32737471 -0.03580009 0.25351401
v 3.32709211 -0.03580009 0.25349985
v 3.32791263 -0.03580009 0.25370178
v 3.32819526 -0.03580009 0.25264551
v 3.32861183 -0.03580009 0.25287663
v 3.32820442 -0.03580009 0.25391944
v 3.32606682 -0.03580009 0.25603181
v 3.32518184 -0.03580009 0.25664864
v 3.32971693 -0.03580012 0.25476298
v 3.32972790 -0.03580009 0.25511981
v 3.32628213 -0.03580009 0.25622034
v 3.32551707 -0.03580009 0.25698220
v 3.32590689 -0.03580009 0.25724945
v 3.32659723 -0.03580009 0.25639633
v 3.32966295 -0.03580009 0.25558432
v 3.32865041 -0.03580009 0.25516253
v 3.32857215 -0.03580009 0.25551349
v 3.32951182 -0.03580009 0.25603792
v 3.32927887 -0.03580009 0.25645529
v 3.32840618 -0.03580009 0.25583433
v 3.32897699 -0.03580009 0.25681985
v 3.32822810 -0.03580009 0.25605285
v 3.32797150 -0.03580009 0.25744061
v 3.32756498 -0.03580009 0.25644787
v 3.32795058 -0.03580009 0.25627847
v 3.32694203 -0.03580009 0.25648604
v 3.32722430 -0.03580009 0.25650010
v 3.32680316 -0.03580009 0.25754895
v 3.32751173 -0.03580009 0.25754813
v 3.32861224 -0.03580009 0.25712229
v 3.32634459 -0.03580009 0.25744140
v 3.32468493 -0.03580012 0.25570397
v 3.32497193 -0.03580012 0.25635368
v 3.32715793 -0.03580012 0.25757037
v 3.32830293 -0.03580012 0.25730118
v 3.32897867 -0.03580009 0.25318223
v 3.32765238 -0.03580009 0.25358215
v 3.32774849 -0.03580009 0.25249530
v 3.32703587 -0.03580009 0.25242967
v 3.32682085 -0.03580009 0.25353669
v 3.32628384 -0.03384732 0.25734138
v 3.32574357 -0.03377827 0.25701596
v 3.32606524 -0.03413995 0.25737471
v 3.32715782 -0.03345354 0.25703624
v 3.32715697 -0.03342016 0.25670497
v 3.32675756 -0.03342013 0.25665398
v 3.32522640 -0.03377678 0.25652777
v 3.32553366 -0.03414102 0.25705028
v 3.32484501 -0.03382321 0.25591369
v 3.32462634 -0.03413393 0.25572199
v 3.32493780 -0.03414114 0.25639610
v 3.32469463 -0.03377514 0.25500716
v 3.32454990 -0.03413867 0.25522575
v 3.32478501 -0.03382583 0.25424914
v 3.32456375 -0.03413912 0.25462094
v 3.32573212 -0.03377997 0.25299020
v 3.32546664 -0.03414067 0.25299442
v 3.32521642 -0.03377842 0.25348234
v 3.32622911 -0.03413962 0.25255023
v 3.32626740 -0.03384836 0.25266396
v 3.32680136 -0.03413751 0.25240275
v 3.32715793 -0.03342013 0.25329998
v 3.32715800 -0.03344660 0.25304450
v 3.32691578 -0.03342016 0.25331508
v 3.32497923 -0.03413929 0.25355184
v 3.32473376 -0.03413414 0.25397496
v 3.32668124 -0.03413867 0.25757899
v 3.32657717 -0.03357064 0.25715409
v 3.32715741 -0.03381364 0.25748958
v 3.32715793 -0.03414013 0.25760997
v 3.32715770 -0.03376519 0.25254590
v 3.32715793 -0.03414013 0.25238998
v 3.32659745 -0.03357055 0.25284083
v 3.32506025 -0.03357129 0.25573762
v 3.32525666 -0.03346615 0.25419914
v 3.32573259 -0.03346028 0.25644240
v 3.32516602 -0.03345143 0.25518918
v 3.32571736 -0.03349241 0.25347654
v 3.32657934 -0.03344001 0.25315371
v 3.32564518 -0.03342016 0.25577945
v 3.32545614 -0.03341969 0.25500006
v 3.32547493 -0.03342013 0.25524238
v 3.32547493 -0.03342013 0.25475827
v 3.32660086 -0.03342016 0.25339166
v 3.32637788 -0.03342046 0.25651637
v 3.32604545 -0.03342022 0.25628826
v 3.32582043 -0.03341984 0.25605308
v 3.32552451 -0.03342037 0.25547700
v 3.32554742 -0.03342067 0.25443898
v 3.32572414 -0.03342034 0.25408201
v 3.32592393 -0.03342046 0.25382783
v 3.32610693 -0.03342013 0.25366348
v 3.32630805 -0.03342028 0.25352545
v 3.32715760 -0.03563928 0.25772630
v 3.32715793 -0.03414013 0.25760997
v 3.32651175 -0.03414016 0.25754404
v 3.32515341 -0.03414016 0.25668474
v 3.32470383 -0.03414016 0.25593262
v 3.32456589 -0.03563919 0.25590304
v 3.32472807 -0.03414022 0.25395599
v 3.32480369 -0.03563916 0.25362072
v 3.32444189 -0.03563919 0.25460777
v 3.32547579 -0.03563919 0.25283204
v 3.32540184 -0.03414016 0.25305888
v 3.32613711 -0.03414016 0.25258205
v 3.32653206 -0.03563916 0.25233766
v 3.32715720 -0.03414037 0.25237400
v 3.32715793 -0.03563913 0.25227998
v 3.32527499 -0.03563919 0.25699757
v 3.32454127 -0.03414016 0.25507275
v 3.32571432 -0.03414016 0.25718474
v 3.32628389 -0.03563919 0.25759195
v 3.32551704 -0.03579812 0.25698194
v 3.32590707 -0.03579925 0.25724946
v 3.32542547 -0.03578236 0.25703034
v 3.32481210 -0.03578772 0.25622652
v 3.32468434 -0.03580384 0.25570327
v 3.32480465 -0.03579404 0.25603989
v 3.32460864 -0.03580143 0.25535398
v 3.32448038 -0.03576424 0.25523253
v 3.32458693 -0.03580012 0.25500068
v 3.32448885 -0.03576915 0.25475741
v 3.32460837 -0.03580149 0.25464909
v 3.32503551 -0.03580104 0.25354431
v 3.32527506 -0.03576909 0.25309015
v 3.32533398 -0.03579982 0.25318501
v 3.32604252 -0.03579005 0.25259276
v 3.32645392 -0.03580012 0.25252748
v 3.32611797 -0.03579937 0.25264619
v 3.32569737 -0.03580292 0.25288023
v 3.32619753 -0.03569971 0.25245650
v 3.32673685 -0.03563922 0.25229626
v 3.32680161 -0.03580042 0.25245125
v 3.32715757 -0.03578790 0.25233618
v 3.32715796 -0.03580298 0.25242929
v 3.32480816 -0.03579541 0.25395150
v 3.32485297 -0.03578021 0.25366661
v 3.32468469 -0.03580375 0.25429627
v 3.32454875 -0.03573995 0.25569366
v 3.32503189 -0.03579565 0.25644975
v 3.32525733 -0.03580361 0.25673173
v 3.32620941 -0.03576307 0.25752054
v 3.32634455 -0.03579994 0.25744137
v 3.32715760 -0.03578549 0.25767061
v 3.32680316 -0.03580089 0.25754901
v 3.32715794 -0.03580405 0.25757078
v 3.32454687 -0.03573926 0.25431080
v 3.32675983 -0.03564008 0.25770752
v 3.32715787 -0.03563880 0.25772496
v 3.32488754 -0.03563945 0.25652734
v 3.32474464 -0.03563913 0.25370343
v 3.32535571 -0.03563847 0.25294440
v 3.32582052 -0.03563865 0.25738465
v 3.32455975 -0.03563969 0.25589075
v 3.32584890 -0.03563931 0.25259692
v 3.32528132 -0.03563802 0.25699075
v 3.32443902 -0.03563972 0.25474947
v 3.32715791 -0.03563931 0.25227181
v 3.27231126 -0.04207482 0.35535216
v 3.27199154 -0.04203876 0.35582329
v 3.27181857 -0.04210382 0.35581733
v 3.27229098 -0.04210012 0.35516699
v 3.27207998 -0.04210012 0.35551089
v 3.27244564 -0.04210459 0.35479322
v 3.27253898 -0.04210012 0.35440209
v 3.27265947 -0.04205902 0.35444311
v 3.27256997 -0.04210012 0.35399999
v 3.27253954 -0.04210566 0.35359787
v 3.27062656 -0.04194002 0.35135179
v 3.27140935 -0.04193975 0.35165077
v 3.27063937 -0.04203912 0.35136765
v 3.27000016 -0.04193967 0.35127280
v 3.27149408 -0.04203816 0.35174156
v 3.27151071 -0.04210400 0.35191970
v 3.27117078 -0.04211234 0.35170994
v 3.27199329 -0.04203831 0.35217829
v 3.27181894 -0.04210438 0.35218296
v 3.27207997 -0.04210012 0.35248919
v 3.27243376 -0.04206573 0.35285747
v 3.27228998 -0.04210012 0.35283169
v 3.27244489 -0.04210492 0.35320539
v 3.27040333 -0.04210343 0.35146050
v 3.26999995 -0.04210408 0.35142919
v 3.26999998 -0.04205041 0.35131267
v 3.27079320 -0.04210355 0.35155449
v 3.27267599 -0.04203891 0.35357902
v 3.27079310 -0.04211222 0.35644675
v 3.27116697 -0.04210358 0.35629047
v 3.27141594 -0.04204612 0.35630241
v 3.27040190 -0.04210349 0.35653956
v 3.27041517 -0.04203864 0.35666860
v 3.27151121 -0.04210364 0.35608010
v 3.26999976 -0.04211168 0.35657179
v 3.27162901 -0.04193925 0.35618603
v 3.26999985 -0.04193969 0.35673754
v 3.27084111 -0.04194038 0.35660204
v 3.27228504 -0.04193940 0.35249842
v 3.27252373 -0.04193901 0.35504830
v 3.27266003 -0.04193949 0.35338189
v 3.27270036 -0.04194062 0.35438164
v 3.27222906 -0.04193889 0.35557933
v 3.27251126 -0.04044010 0.35474710
v 3.27256547 -0.04193934 0.35493564
v 3.27273525 -0.04193904 0.35388778
v 3.27248962 -0.04193919 0.35286907
v 3.27236824 -0.04044016 0.35285104
v 3.27143154 -0.04044016 0.35619801
v 3.27056268 -0.04044019 0.35656234
v 3.27121911 -0.04193919 0.35645503
v 3.27000124 -0.04193895 0.35674448
v 3.26999998 -0.04044013 0.35660999
v 3.27211568 -0.04044016 0.35555146
v 3.27208108 -0.04193916 0.35577164
v 3.27182354 -0.04193919 0.35195132
v 3.27160697 -0.04044019 0.35191550
v 3.27073784 -0.04044016 0.35148890
v 3.27084166 -0.04193916 0.35139864
v 3.27000041 -0.04044001 0.35138099
v 3.27000026 -0.04193928 0.35127417
v 3.27261292 -0.04044028 0.35382603
v 3.27088946 -0.04014625 0.35633462
v 3.27045931 -0.04043879 0.35658107
v 3.27113977 -0.04044022 0.35635551
v 3.27141690 -0.04007917 0.35601487
v 3.27024991 -0.03972023 0.35568349
v 3.26999998 -0.03972014 0.35569999
v 3.26999991 -0.03974651 0.35595525
v 3.27172612 -0.04044025 0.35596713
v 3.27194522 -0.04007991 0.35551531
v 3.27212787 -0.04043995 0.35551817
v 3.27240311 -0.04044064 0.35503201
v 3.27239084 -0.04021256 0.35484251
v 3.27261286 -0.04043822 0.35427834
v 3.27249354 -0.04013376 0.35395089
v 3.27258706 -0.04044043 0.35363990
v 3.27209373 -0.04043980 0.35242670
v 3.27157833 -0.04044034 0.35191250
v 3.27193967 -0.04008039 0.35247679
v 3.27140394 -0.04007931 0.35197593
v 3.27083039 -0.04043951 0.35150856
v 3.27088423 -0.04022007 0.35162437
v 3.27056658 -0.04012128 0.35157169
v 3.27000009 -0.03975366 0.35196358
v 3.27057974 -0.03987046 0.35184610
v 3.27000037 -0.04044064 0.35138400
v 3.26999997 -0.04016854 0.35149210
v 3.26999998 -0.03972014 0.35229999
v 3.27023666 -0.03972017 0.35231470
v 3.27238613 -0.04021345 0.35314186
v 3.27243613 -0.04043971 0.35303768
v 3.27216649 -0.03991549 0.35324417
v 3.27000021 -0.04006495 0.35645386
v 3.26999998 -0.04044013 0.35660999
v 3.27142468 -0.03975995 0.35255882
v 3.27215769 -0.03991546 0.35478065
v 3.27055945 -0.03987028 0.35615883
v 3.27222402 -0.03987121 0.35401173
v 3.27193169 -0.03974246 0.35370329
v 3.27143885 -0.03979151 0.35552165
v 3.27173387 -0.03973838 0.35483245
v 3.27168457 -0.03971996 0.35424281
v 3.27162698 -0.03972014 0.35449389
v 3.27057910 -0.03973978 0.35584507
v 3.27135755 -0.03972055 0.35296894
v 3.27120197 -0.03972014 0.35520240
v 3.27057202 -0.03972014 0.35560293
v 3.27054018 -0.03972014 0.35238628
v 3.27082667 -0.03972023 0.35251271
v 3.27108726 -0.03972026 0.35269052
v 3.27155542 -0.03972049 0.35330987
v 3.27165632 -0.03972035 0.35361021
v 3.27170004 -0.03972020 0.35391817
v 3.27153590 -0.03972049 0.35473253
v 3.27136660 -0.03972014 0.35501427
v 3.27101138 -0.03972020 0.35536866
v 3.27080098 -0.03972014 0.35549939
v 3.27103253 -0.04210012 0.35289629
v 3.27088991 -0.05210013 0.35276889
v 3.27050747 -0.04210012 0.35257985
v 3.27000165 -0.05210013 0.35247139
v 3.27000025 -0.04210012 0.35249474
v 3.27136500 -0.05210013 0.35335108
v 3.27149649 -0.04210012 0.35366166
v 3.27151696 -0.05210013 0.35411860
v 3.27131722 -0.04210012 0.35479079
v 3.27124609 -0.05210013 0.35485643
v 3.27057800 -0.05210013 0.35541711
v 3.26999998 -0.04210012 0.35549999
v 3.26999998 -0.05210013 0.35549999
v 3.27052532 -0.04210012 0.35542635
v 3.26877697 -0.04132013 0.35288209
v 3.26879397 -0.04132013 0.35373419
v 3.26962698 -0.04132013 0.35282259
v 3.26841997 -0.04132013 0.35450019
v 3.26916698 -0.04132013 0.35491159
v 3.27122298 -0.04132013 0.35511789
v 3.27120598 -0.04132013 0.35426579
v 3.27037297 -0.04132013 0.35517739
v 3.26964298 -0.04132013 0.35561819
v 3.27083297 -0.04132013 0.35308839
v 3.27157997 -0.04132013 0.35349979
v 3.27035697 -0.04132013 0.35238179
v 3.27067919 -0.05210013 0.35265759
v 3.27102535 -0.05210013 0.35289930
v 3.26887556 -0.05210013 0.35499995
v 3.26914144 -0.05210013 0.35523239
v 3.26864138 -0.05210013 0.35464617
v 3.27034675 -0.05210013 0.35253901
v 3.26850334 -0.05210013 0.35387815
v 3.26978330 -0.05210013 0.35251422
v 3.27006824 -0.05210013 0.35249988
v 3.26851405 -0.05210013 0.35423603
v 3.26855163 -0.05210013 0.35360219
v 3.26950409 -0.05210013 0.35258285
v 3.26865603 -0.05210013 0.35333045
v 3.26885413 -0.05210013 0.35302561
v 3.26917873 -0.05210013 0.35273948
v 3.27125444 -0.05210013 0.35317422
v 3.27138591 -0.05210013 0.35342218
v 3.26944843 -0.05210013 0.35539966
v 3.27148591 -0.05210013 0.35376358
v 3.26978928 -0.05210013 0.35548695
v 3.27007285 -0.05210013 0.35549988
v 3.27149662 -0.05210013 0.35412111
v 3.27042847 -0.05210013 0.35544231
v 3.27110280 -0.05210013 0.35501916
v 3.27082640 -0.05210013 0.35525757
v 3.27131736 -0.05210013 0.35472758
v 3.27144882 -0.05210013 0.35439582
v 3.26964298 -0.04132013 0.35561819
v 3.26916698 -0.03972014 0.35491159
v 3.26964298 -0.03972014 0.35561819
v 3.26916698 -0.04132013 0.35491159
v 3.26916698 -0.04132013 0.35491159
v 3.26841997 -0.03972014 0.35450019
v 3.26916698 -0.03972014 0.35491159
v 3.26841997 -0.04132013 0.35450019
v 3.26841997 -0.04132013 0.35450019
v 3.26879397 -0.04132013 0.35373419
v 3.26879397 -0.03972014 0.35373419
v 3.26841997 -0.03972014 0.35450019
v 3.26879397 -0.04132013 0.35373419
v 3.26877697 -0.03972014 0.35288209
v 3.26879397 -0.03972014 0.35373419
v 3.26877697 -0.04132013 0.35288209
v 3.26877697 -0.04132013 0.35288209
v 3.26962698 -0.04132013 0.35282259
v 3.26962698 -0.03972014 0.35282259
v 3.26877697 -0.03972014 0.35288209
v 3.26962698 -0.04132013 0.35282259
v 3.27035697 -0.04132013 0.35238179
v 3.27035697 -0.03972014 0.35238179
v 3.26962698 -0.03972014 0.35282259
v 3.27035697 -0.03972014 0.35238179
v 3.27083297 -0.04132013 0.35308839
v 3.27083297 -0.03972014 0.35308839
v 3.27035697 -0.04132013 0.35238179
v 3.27083297 -0.03972014 0.35308839
v 3.27157997 -0.04132013 0.35349979
v 3.27157997 -0.03972014 0.35349979
v 3.27083297 -0.04132013 0.35308839
v 3.27157997 -0.04132013 0.35349979
v 3.27120598 -0.03972014 0.35426579
v 3.27157997 -0.03972014 0.35349979
v 3.27120598 -0.04132013 0.35426579
v 3.27120598 -0.03972014 0.35426579
v 3.27122298 -0.04132013 0.35511789
v 3.27122298 -0.03972014 0.35511789
v 3.27120598 -0.04132013 0.35426579
v 3.27122298 -0.04132013 0.35511789
v 3.27037297 -0.03972014 0.35517739
v 3.27122298 -0.03972014 0.35511789
v 3.27037297 -0.04132013 0.35517739
v 3.27037297 -0.04132013 0.35517739
v 3.26964298 -0.03972014 0.35561819
v 3.27037297 -0.03972014 0.35517739
v 3.26964298 -0.04132013 0.35561819
v 3.26856168 -0.05210013 0.35353356
v 3.26868311 -0.04210012 0.35320859
v 3.26907773 -0.05210013 0.35277156
v 3.26852794 -0.05210013 0.35443292
v 3.26892050 -0.04210012 0.35505148
v 3.26850349 -0.04210012 0.35433835
v 3.26918002 -0.05210013 0.35529077
v 3.26942374 -0.04210012 0.35539904
v 3.26999971 -0.04210012 0.35550522
v 3.26999939 -0.05210013 0.35551137
v 3.26947399 -0.04210012 0.35257389
v 3.26999912 -0.05210013 0.35248450
v 3.26999998 -0.04210012 0.35249999
v 3.26924326 -0.03972014 0.35552752
v 3.26964298 -0.03972014 0.35561819
v 3.26916698 -0.03972014 0.35491159
v 3.27037297 -0.03972014 0.35517739
v 3.27080098 -0.03972014 0.35549939
v 3.27101140 -0.03972014 0.35536866
v 3.27122298 -0.03972014 0.35511789
v 3.27120197 -0.03972014 0.35520240
v 3.27120598 -0.03972014 0.35426579
v 3.27136660 -0.03972014 0.35501427
v 3.27153595 -0.03972014 0.35473253
v 3.27057202 -0.03972014 0.35560293
v 3.27162698 -0.03972014 0.35449389
v 3.27168456 -0.03972014 0.35424280
v 3.27170004 -0.03972014 0.35391816
v 3.27024991 -0.03972014 0.35568349
v 3.27165634 -0.03972014 0.35361021
v 3.27157997 -0.03972014 0.35349979
v 3.27083297 -0.03972014 0.35308839
v 3.27108726 -0.03972014 0.35269051
v 3.27082668 -0.03972014 0.35251271
v 3.27135758 -0.03972014 0.35296893
v 3.26863910 -0.03972014 0.35502647
v 3.26891175 -0.03972014 0.35530841
v 3.26841997 -0.03972014 0.35450019
v 3.26879397 -0.03972014 0.35373419
v 3.26834369 -0.03972014 0.35439079
v 3.26962698 -0.03972014 0.35282259
v 3.27035697 -0.03972014 0.35238179
v 3.27023666 -0.03972014 0.35231470
v 3.26829988 -0.03972014 0.35408083
v 3.26830797 -0.03972014 0.35383320
v 3.26835048 -0.03972014 0.35358111
v 3.26877697 -0.03972014 0.35288209
v 3.26898745 -0.03972014 0.35263220
v 3.26858598 -0.03972014 0.35305550
v 3.26919897 -0.03972014 0.35250059
v 3.26845774 -0.03972014 0.35327978
v 3.26874144 -0.03972014 0.35285406
v 3.26942954 -0.03972014 0.35239632
v 3.26991293 -0.03972014 0.35230012
v 3.26966797 -0.03972014 0.35233249
v 3.26844165 -0.03972014 0.35468305
v 3.27054018 -0.03972014 0.35238628
v 3.26961065 -0.03972014 0.35565643
v 3.26992427 -0.03972014 0.35570012
v 3.27155544 -0.03972014 0.35330986
v 3.26817797 -0.04210012 0.35581320
v 3.26790498 -0.04210012 0.35548889
v 3.26887646 -0.04210012 0.35500061
v 3.26754198 -0.04210012 0.35475170
v 3.26745598 -0.04210012 0.35437059
v 3.26856500 -0.04210012 0.35444168
v 3.26855180 -0.04210012 0.35360133
v 3.26850332 -0.04210012 0.35387885
v 3.26745698 -0.04210012 0.35362679
v 3.27181797 -0.04210012 0.35218249
v 3.27112362 -0.04210012 0.35299952
v 3.27086073 -0.04210012 0.35276965
v 3.27116798 -0.04210012 0.35171009
v 3.27150998 -0.04210012 0.35191959
v 3.26790898 -0.04210012 0.35250469
v 3.26818398 -0.04210012 0.35218099
v 3.26889913 -0.04210012 0.35297820
v 3.26754297 -0.04210012 0.35324359
v 3.26962797 -0.04210012 0.35145659
v 3.26999998 -0.04210012 0.35142959
v 3.26970908 -0.04210012 0.35252377
v 3.26886697 -0.04210012 0.35169259
v 3.26911499 -0.04210012 0.35278664
v 3.26850798 -0.04210012 0.35190699
v 3.27040297 -0.04210012 0.35146079
v 3.27035052 -0.04210012 0.35253984
v 3.27006908 -0.04210012 0.35249992
v 3.26936592 -0.04210012 0.35263887
v 3.26924597 -0.04210012 0.35154269
v 3.27207997 -0.04210012 0.35248919
v 3.27061588 -0.04210012 0.35263047
v 3.27079298 -0.04210012 0.35155479
v 3.26850724 -0.04210012 0.35416461
v 3.26742998 -0.04210012 0.35399999
v 3.27132607 -0.04210012 0.35329538
v 3.27228998 -0.04210012 0.35283169
v 3.27244498 -0.04210012 0.35320679
v 3.27143513 -0.04210012 0.35355878
v 3.27253898 -0.04210012 0.35359709
v 3.27149277 -0.04210012 0.35383570
v 3.27256997 -0.04210012 0.35399999
v 3.27253898 -0.04210012 0.35440209
v 3.27149664 -0.04210012 0.35412106
v 3.26769097 -0.04210012 0.35512969
v 3.27244498 -0.04210012 0.35479419
v 3.27144814 -0.04210012 0.35439869
v 3.27131236 -0.04210012 0.35473551
v 3.27229098 -0.04210012 0.35516699
v 3.26867388 -0.04210012 0.35470459
v 3.27207998 -0.04210012 0.35551089
v 3.27181797 -0.04210012 0.35581749
v 3.27110085 -0.04210012 0.35502175
v 3.26850197 -0.04210012 0.35608839
v 3.27151098 -0.04210012 0.35607989
v 3.27116698 -0.04210012 0.35629009
v 3.27088496 -0.04210012 0.35521336
v 3.27029084 -0.04210012 0.35547623
v 3.27079398 -0.04210012 0.35644489
v 3.27040197 -0.04210012 0.35653919
v 3.27063407 -0.04210012 0.35536109
v 3.26962598 -0.04210012 0.35654299
v 3.26993080 -0.04210012 0.35550005
v 3.26999998 -0.04210012 0.35657039
v 3.26886098 -0.04210012 0.35630439
v 3.26938407 -0.04210012 0.35536951
v 3.26924098 -0.04210012 0.35645579
v 3.26913931 -0.04210012 0.35523039
v 3.26964948 -0.04210012 0.35546016
v 3.26868761 -0.04210012 0.35326446
v 3.26769398 -0.04210012 0.35286420
v 3.26929152 -0.04011600 0.35638566
v 3.26859606 -0.04007964 0.35602444
v 3.26862991 -0.04044088 0.35622690
v 3.26942016 -0.03987040 0.35615380
v 3.26999988 -0.03975363 0.35603635
v 3.26999910 -0.03972017 0.35570473
v 3.26961065 -0.03972020 0.35565643
v 3.26752354 -0.04044085 0.35482374
v 3.26778102 -0.04044052 0.35538468
v 3.26761286 -0.04021509 0.35485834
v 3.26805890 -0.04008122 0.35552267
v 3.26737711 -0.04043778 0.35415630
v 3.26750608 -0.04013418 0.35404996
v 3.26760870 -0.04021357 0.35315689
v 3.26805288 -0.04008191 0.35248409
v 3.26787685 -0.04044028 0.35246090
v 3.26750082 -0.04044204 0.35324219
v 3.26858239 -0.04008015 0.35198448
v 3.26836449 -0.04043957 0.35196042
v 3.26911034 -0.04014771 0.35166429
v 3.26947691 -0.04043697 0.35142985
v 3.26885867 -0.04044025 0.35164588
v 3.26999998 -0.03972014 0.35229999
v 3.27000006 -0.03974651 0.35204471
v 3.26975068 -0.03972023 0.35231606
v 3.26940702 -0.04044013 0.35655557
v 3.26999998 -0.04044013 0.35660999
v 3.26999943 -0.04021834 0.35655301
v 3.26783347 -0.03991549 0.35475588
v 3.26815278 -0.04044028 0.35584715
v 3.26999976 -0.04006504 0.35154608
v 3.26999946 -0.04043954 0.35138105
v 3.26857533 -0.03975992 0.35544120
v 3.26784229 -0.03991546 0.35321930
v 3.26944046 -0.03987031 0.35184113
v 3.26777594 -0.03987121 0.35398828
v 3.26806826 -0.03974246 0.35429664
v 3.26856110 -0.03979151 0.35247835
v 3.26826608 -0.03973838 0.35316749
v 3.26942088 -0.03973978 0.35215492
v 3.26863915 -0.03972055 0.35502645
v 3.26874146 -0.03972026 0.35285406
v 3.26942954 -0.03972011 0.35239632
v 3.26924327 -0.03972046 0.35552749
v 3.26891175 -0.03972026 0.35530840
v 3.26844166 -0.03972049 0.35468303
v 3.26834370 -0.03972035 0.35439078
v 3.26829988 -0.03972020 0.35408082
v 3.26830797 -0.03972014 0.35383320
v 3.26835050 -0.03972044 0.35358113
v 3.26845777 -0.03972052 0.35327978
v 3.26858598 -0.03972014 0.35305550
v 3.26898746 -0.03972020 0.35263220
v 3.26919897 -0.03972014 0.35250059
v 3.26903640 -0.04044013 0.35643351
v 3.26830170 -0.04044013 0.35600026
v 3.26848968 -0.04193919 0.35627987
v 3.26729286 -0.04193916 0.35438103
v 3.26738747 -0.04044031 0.35417250
v 3.26732622 -0.04193916 0.35345448
v 3.26763604 -0.04193919 0.35262653
v 3.26748835 -0.04044010 0.35325387
v 3.26782398 -0.04044013 0.35254736
v 3.26838570 -0.04193925 0.35178324
v 3.26932816 -0.04044022 0.35145770
v 3.26939100 -0.04193916 0.35133598
v 3.26838479 -0.04044016 0.35193365
v 3.26999998 -0.04193913 0.35127999
v 3.26999998 -0.04044013 0.35138999
v 3.26762934 -0.04044022 0.35514172
v 3.26766965 -0.04193925 0.35544788
v 3.26942699 -0.04193913 0.35667260
v 3.26999885 -0.04044001 0.35663371
v 3.26999998 -0.04193913 0.35671999
v 3.26742998 -0.04210012 0.35399999
v 3.26745550 -0.04210557 0.35437032
v 3.26734044 -0.04205917 0.35355857
v 3.26936060 -0.04203885 0.35663268
v 3.26999919 -0.04193829 0.35673713
v 3.26915843 -0.04193826 0.35658970
v 3.26816598 -0.04203888 0.35599535
v 3.26850116 -0.04210420 0.35608822
v 3.26885700 -0.04211264 0.35630391
v 3.26772061 -0.04203843 0.35544829
v 3.26790402 -0.04210465 0.35548813
v 3.26817706 -0.04210432 0.35581275
v 3.26769097 -0.04210012 0.35512969
v 3.26741268 -0.04206525 0.35473124
v 3.26754198 -0.04210012 0.35475170
v 3.26745698 -0.04210012 0.35362679
v 3.26754242 -0.04210414 0.35324435
v 3.26769398 -0.04210012 0.35286420
v 3.26764404 -0.04208808 0.35279381
v 3.26790898 -0.04210012 0.35250469
v 3.26800977 -0.04203894 0.35217558
v 3.26818347 -0.04210388 0.35218109
v 3.26962580 -0.04210364 0.35654332
v 3.27000001 -0.04210408 0.35657081
v 3.26999998 -0.04205041 0.35668733
v 3.26924040 -0.04210376 0.35645596
v 3.26730724 -0.04203917 0.35420384
v 3.26769355 -0.04193981 0.35252584
v 3.26924503 -0.04211240 0.35154155
v 3.26886676 -0.04210361 0.35169235
v 3.26858309 -0.04204648 0.35169857
v 3.26962812 -0.04210355 0.35145624
v 3.26940204 -0.04203795 0.35135973
v 3.26850754 -0.04210382 0.35190693
v 3.27000020 -0.04211168 0.35142820
v 3.26869756 -0.04193955 0.35640557
v 3.26828403 -0.04193907 0.35187914
v 3.26999995 -0.04193871 0.35125873
v 3.26796040 -0.04193961 0.35581577
v 3.26750021 -0.04194020 0.35510463
v 3.26747598 -0.04193940 0.35295200
v 3.26733764 -0.04193955 0.35460218
v 3.26730038 -0.04193990 0.35361529
v 3.26891072 -0.04193865 0.35149215
usemtl Base_fa3
f 1 2 3
f 4 5 6
f 4 6 7
f 8 4 9
f 7 9 4
f 10 8 11
f 10 4 8
f 12 11 13
f 8 13 11
f 14 15 12
f 12 13 14
f 15 16 17
f 16 15 14
f 18 19 20
f 16 18 17
f 21 22 23
f 24 25 26
f 27 28 29
f 30 31 32
f 33 34 35
f 36 37 38
f 39 40 41
f 42 43 44
f 45 46 47
f 48 49 50
f 48 51 52
f 53 54 48
f 54 49 48
f 51 44 52
f 48 50 51
f 42 47 43
f 51 42 44
f 46 45 36
f 43 47 46
f 37 36 45
f 38 39 41
f 38 37 39
f 33 40 34
f 33 41 40
f 27 35 28
f 28 35 34
f 31 30 29
f 29 30 27
f 22 21 32
f 31 22 32
f 23 2 1
f 21 23 1
f 3 24 26
f 3 2 24
f 19 25 20
f 19 26 25
f 20 17 18
f 55 56 57
f 58 59 60
f 61 62 63
f 64 65 66
f 67 68 69
f 70 62 71
f 72 73 74
f 75 76 77
f 72 75 78
f 75 77 78
f 79 76 75
f 73 72 67
f 72 74 75
f 80 69 68
f 69 73 67
f 80 70 71
f 70 80 68
f 63 81 61
f 61 71 62
f 64 81 65
f 63 65 81
f 64 66 55
f 82 57 56
f 56 55 66
f 83 82 59
f 82 83 57
f 58 60 84
f 83 59 58
f 85 86 84
f 84 60 85
f 86 87 88
f 87 86 85
f 89 88 90
f 87 90 88
f 91 92 89
f 89 90 91
f 92 93 94
f 93 92 91
f 93 95 94
f 96 97 98
f 95 99 100
f 101 102 103
f 104 105 106
f 103 102 107
f 101 103 108
f 105 104 101
f 108 105 101
f 106 98 97
f 106 105 98
f 99 96 100
f 99 97 96
f 100 94 95
f 109 110 111
f 112 110 109
f 111 113 114
f 115 116 117
f 118 119 120
f 121 122 123
f 124 122 121
f 124 125 122
f 124 126 127
f 128 129 126
f 130 131 115
f 118 130 119
f 116 115 132
f 119 130 115
f 131 133 115
f 133 132 115
f 113 117 116
f 111 114 134
f 135 109 136
f 128 124 121
f 125 124 127
f 128 126 124
f 119 127 126
f 129 120 126
f 119 126 120
f 111 134 137
f 111 117 113
f 109 137 138
f 117 111 110
f 137 109 111
f 136 109 138
f 109 135 112
f 139 140 141
f 142 143 144
f 145 146 147
f 148 139 141
f 149 150 151
f 152 153 154
f 141 155 151
f 156 153 140
f 140 157 158
f 159 160 161
f 161 160 162
f 163 164 162
f 164 161 162
f 165 166 156
f 167 165 156
f 158 168 156
f 156 169 153
f 159 161 170
f 171 161 164
f 161 171 172
f 172 170 161
f 173 164 163
f 168 174 171
f 171 164 168
f 175 172 171
f 164 173 167
f 164 167 168
f 176 174 168
f 174 175 171
f 156 168 167
f 166 169 156
f 168 177 178
f 176 168 178
f 169 179 153
f 168 158 177
f 158 156 140
f 154 153 179
f 180 157 140
f 152 141 140
f 139 180 140
f 153 152 140
f 150 148 141
f 144 148 150
f 152 155 141
f 142 144 150
f 150 141 151
f 145 142 149
f 143 142 147
f 142 150 149
f 147 142 145
f 181 182 183
f 184 185 186
f 187 188 189
f 190 191 192
f 190 193 191
f 194 195 193
f 196 197 194
f 193 195 198
f 186 196 184
f 182 181 199
f 200 199 201
f 193 198 191
f 197 195 194
f 197 196 186
f 185 183 186
f 181 183 185
f 199 200 182
f 189 192 191
f 198 202 203
f 204 202 198
f 203 191 198
f 204 198 195
f 187 189 191
f 205 204 195
f 195 197 205
f 200 206 182
f 200 207 206
f 188 208 189
f 191 209 187
f 191 210 209
f 191 203 210
f 197 211 205
f 186 212 197
f 197 212 211
f 186 213 212
f 186 214 213
f 186 183 214
f 215 183 182
f 183 215 216
f 217 215 182
f 182 206 217
f 203 202 218
f 219 220 221
f 222 223 224
f 224 225 222
f 223 222 226
f 220 226 222
f 220 219 226
f 227 219 221
f 228 229 230
f 230 227 228
f 231 228 227
f 227 221 231
f 232 233 234
f 235 236 237
f 233 238 235
f 239 232 240
f 241 240 234
f 234 240 232
f 233 232 238
f 242 235 238
f 236 235 242
f 243 237 236
f 244 243 245
f 243 244 237
f 246 244 245
f 247 246 245
f 248 246 247
f 249 248 247
f 249 247 250
f 249 251 252
f 251 249 250
f 252 251 253
f 254 255 256
f 257 256 255
f 258 253 257
f 258 257 255
f 258 252 253
f 259 260 261
f 262 263 261
f 264 265 266
f 267 268 269
f 266 268 264
f 270 271 272
f 271 273 272
f 273 271 274
f 275 270 272
f 273 274 276
f 277 270 275
f 278 277 275
f 269 277 278
f 269 268 277
f 267 264 268
f 266 265 279
f 279 265 280
f 279 280 281
f 282 279 281
f 282 281 283
f 282 283 262
f 283 284 262
f 261 263 259
f 284 263 262
f 260 259 285
f 286 287 288
f 289 286 288
f 290 291 289
f 292 293 294
f 293 295 294
f 293 292 296
f 297 298 299
f 297 300 301
f 302 301 300
f 302 303 301
f 304 303 302
f 305 303 304
f 306 305 304
f 307 305 306
f 300 297 299
f 308 299 298
f 309 308 298
f 310 309 298
f 309 310 311
f 310 312 311
f 312 310 296
f 296 292 312
f 291 294 295
f 295 289 291
f 290 289 288
f 313 314 315
f 316 313 317
f 314 313 316
f 318 317 313
f 318 313 319
f 320 313 321
f 313 320 319
f 313 322 323
f 313 323 324
f 313 325 322
f 315 325 313
f 326 327 328
f 329 326 328
f 329 328 330
f 328 331 330
f 332 328 333
f 328 332 334
f 328 335 336
f 328 336 337
f 328 337 333
f 328 338 335
f 328 327 338
f 339 340 341
f 342 343 344
f 345 346 347
f 348 349 350
f 349 348 351
f 348 347 351
f 347 346 351
f 346 345 342
f 343 342 345
f 344 343 339
f 344 339 341
f 352 353 354
f 352 355 353
f 352 354 356
f 357 358 359
f 357 360 361
f 357 361 358
f 362 363 364
f 362 365 363
f 365 366 363
f 367 368 369
f 370 369 371
f 367 369 370
f 372 373 374
f 373 372 375
f 374 376 372
f 377 378 379
f 378 377 380
f 377 381 380
f 382 383 384
f 385 386 387
f 384 388 389
f 390 391 392
f 393 391 390
f 394 393 385
f 394 391 393
f 395 387 386
f 396 397 398
f 384 399 382
f 390 392 388
f 385 387 400
f 400 394 385
f 395 401 387
f 397 396 401
f 399 384 389
f 395 397 401
f 388 392 402
f 402 389 388
f 396 403 401
f 396 404 403
f 389 405 399
f 389 406 405
f 389 402 406
f 392 407 402
f 392 408 407
f 391 409 392
f 392 409 408
f 391 410 409
f 394 411 391
f 391 411 410
f 394 400 411
f 387 412 400
f 400 412 413
f 387 414 412
f 415 387 401
f 387 415 414
f 416 382 399
f 407 408 417
f 418 419 420
f 418 420 421
f 422 423 424
f 423 422 425
f 426 427 428
f 427 426 429
f 430 431 432
f 430 432 433
f 434 435 436
f 434 437 435
f 438 439 440
f 438 441 439
f 442 443 444
f 445 446 447
f 448 449 450
f 451 452 453
f 454 455 456
f 457 458 459
f 460 461 462
f 463 443 464
f 463 459 458
f 465 466 467
f 461 458 457
f 460 468 469
f 469 470 466
f 469 468 470
f 444 456 455
f 471 452 472
f 449 448 454
f 473 451 474
f 445 475 476
f 474 477 473
f 478 479 480
f 479 478 477
f 481 482 483
f 475 483 482
f 484 485 480
f 485 486 487
f 488 481 483
f 489 490 491
f 492 493 494
f 495 492 496
f 497 498 499
f 498 500 501
f 500 502 503
f 477 478 473
f 504 505 502
f 506 505 504
f 503 502 505
f 504 507 506
f 507 508 506
f 508 507 509
f 509 510 511
f 511 508 509
f 493 486 494
f 488 490 512
f 503 501 500
f 498 501 499
f 497 499 491
f 490 497 491
f 490 489 512
f 488 512 481
f 475 482 476
f 445 476 446
f 445 447 450
f 450 447 448
f 454 448 513
f 454 513 455
f 444 455 442
f 443 442 464
f 463 464 459
f 461 457 462
f 460 462 468
f 466 470 467
f 465 467 472
f 452 465 472
f 452 471 453
f 451 453 474
f 480 479 514
f 480 514 484
f 486 493 487
f 486 485 484
f 492 495 493
f 492 515 496
f 496 515 510
f 510 515 511
f 516 517 518
f 519 518 520
f 520 521 519
f 522 523 524
f 524 523 525
f 525 526 524
f 526 527 524
f 528 523 522
f 522 529 528
f 528 529 521
f 521 529 519
f 520 518 517
f 516 518 530
f 516 530 531
f 532 531 530
f 533 534 535
f 534 536 537
f 533 538 539
f 540 541 542
f 539 543 533
f 541 543 542
f 544 541 545
f 541 546 545
f 547 544 548
f 549 548 544
f 547 550 544
f 537 535 534
f 551 552 553
f 553 544 550
f 553 552 554
f 534 555 556
f 557 558 555
f 557 553 554
f 553 557 555
f 559 555 560
f 555 559 556
f 535 561 533
f 533 561 538
f 556 562 534
f 536 534 562
f 560 555 558
f 550 551 553
f 545 549 544
f 541 533 543
f 546 541 540
f 563 564 565
f 566 567 568
f 568 569 566
f 570 571 569
f 571 572 573
f 572 571 570
f 573 572 574
f 572 575 574
f 570 569 568
f 576 567 566
f 576 577 567
f 578 576 579
f 577 576 578
f 580 578 579
f 580 565 578
f 563 565 580
f 581 582 583
f 584 585 582
f 583 586 581
f 587 581 588
f 581 586 589
f 590 591 587
f 591 592 593
f 594 591 593
f 595 594 596
f 597 591 595
f 591 594 595
f 590 592 591
f 597 587 591
f 587 597 598
f 599 590 587
f 599 587 588
f 598 581 587
f 581 598 600
f 588 581 589
f 600 582 581
f 585 583 582
f 584 582 601
f 602 603 604
f 605 603 602
f 604 606 607
f 608 609 610
f 611 612 613
f 614 615 616
f 617 615 614
f 617 618 615
f 617 619 620
f 621 622 619
f 623 624 608
f 611 623 612
f 609 608 625
f 612 623 608
f 624 626 608
f 626 625 608
f 606 610 609
f 604 607 627
f 628 602 629
f 621 617 614
f 618 617 620
f 621 619 617
f 612 620 619
f 622 613 619
f 612 619 613
f 604 627 630
f 604 610 606
f 602 630 631
f 610 604 603
f 630 602 604
f 629 602 631
f 602 628 605
f 632 633 634
f 635 636 637
f 638 639 640
f 641 632 634
f 642 643 644
f 645 646 647
f 634 648 644
f 649 646 633
f 633 650 651
f 652 649 653
f 654 655 656
f 656 655 657
f 658 659 657
f 659 656 657
f 660 653 649
f 661 660 649
f 649 652 662
f 651 663 649
f 649 662 646
f 654 656 664
f 665 656 659
f 656 665 666
f 666 664 656
f 667 659 658
f 663 668 665
f 665 659 663
f 669 666 665
f 659 667 661
f 659 661 663
f 670 668 663
f 668 669 665
f 649 663 661
f 663 671 672
f 670 663 672
f 662 673 646
f 663 651 671
f 651 649 633
f 647 646 673
f 674 650 633
f 645 634 633
f 632 674 633
f 646 645 633
f 643 641 634
f 637 641 643
f 645 648 634
f 635 637 643
f 643 634 644
f 638 635 642
f 636 635 640
f 635 643 642
f 640 635 638
f 675 676 677
f 678 679 680
f 681 682 683
f 681 684 685
f 686 687 682
f 681 683 684
f 688 689 690
f 690 687 686
f 677 688 675
f 689 688 677
f 676 691 692
f 691 676 675
f 693 692 694
f 682 687 683
f 689 687 690
f 692 693 676
f 680 685 684
f 683 687 695
f 678 680 684
f 693 696 676
f 693 697 696
f 679 698 680
f 684 699 678
f 684 683 699
f 687 700 701
f 689 702 687
f 687 702 700
f 689 703 702
f 677 704 689
f 689 704 703
f 677 705 704
f 677 706 705
f 676 707 677
f 677 707 706
f 676 708 707
f 709 708 676
f 676 696 709
f 699 683 710
f 710 683 695
f 695 687 711
f 711 687 712
f 687 701 712
f 713 714 715
f 715 716 713
f 715 717 716
f 716 717 718
f 719 718 717
f 720 721 722
f 721 723 724
f 724 722 721
f 720 719 721
f 720 718 719
f 725 726 727
f 728 729 730
f 731 725 727
f 729 732 731
f 733 728 734
f 735 734 730
f 730 734 728
f 729 728 732
f 736 731 732
f 725 731 736
f 737 726 738
f 726 737 727
f 739 737 738
f 739 738 740
f 741 739 740
f 742 741 740
f 742 740 743
f 742 744 745
f 744 742 743
f 745 744 746
f 747 748 749
f 750 749 748
f 751 746 750
f 751 750 748
f 751 745 746
f 752 753 754
f 755 756 754
f 757 756 755
f 758 759 760
f 761 762 763
f 760 762 758
f 764 765 766
f 765 767 766
f 767 765 768
f 769 764 766
f 767 768 770
f 771 764 769
f 772 771 769
f 763 771 772
f 763 762 771
f 761 758 762
f 760 759 773
f 773 759 774
f 774 775 776
f 776 773 774
f 776 757 755
f 757 776 775
f 754 756 752
f 753 752 777
f 778 779 780
f 779 781 782
f 778 783 784
f 785 786 787
f 785 788 789
f 787 788 785
f 790 791 788
f 789 788 791
f 792 793 790
f 791 790 793
f 793 792 794
f 794 795 796
f 796 793 794
f 797 787 786
f 798 797 786
f 797 798 799
f 798 800 799
f 800 798 801
f 801 802 800
f 801 784 802
f 802 784 783
f 780 783 778
f 779 782 780
f 782 781 803
f 804 805 806
f 807 804 808
f 805 804 807
f 809 808 804
f 809 804 810
f 811 804 812
f 804 811 810
f 804 813 814
f 804 815 813
f 806 816 804
f 804 816 815
f 817 818 819
f 820 817 819
f 820 819 821
f 819 822 821
f 819 823 824
f 819 824 825
f 819 826 827
f 823 819 828
f 819 827 828
f 819 829 826
f 819 818 829
f 830 831 832
f 833 834 835
f 836 837 833
f 838 839 837
f 838 837 840
f 833 837 839
f 833 835 836
f 835 834 841
f 841 834 842
f 830 842 831
f 841 842 830
f 830 832 843
f 844 845 846
f 844 847 845
f 844 846 848
f 849 850 851
f 849 852 853
f 849 853 850
f 854 855 856
f 855 854 857
f 856 858 854
f 859 860 861
f 862 861 863
f 859 861 862
f 864 865 866
f 865 864 867
f 866 868 864
f 869 870 871
f 869 872 873
f 869 873 870
f 874 875 876
f 875 877 878
f 879 880 878
f 881 882 883
f 875 874 877
f 884 885 876
f 885 884 881
f 885 886 876
f 887 888 882
f 889 890 891
f 878 892 879
f 876 886 874
f 882 888 883
f 883 885 881
f 887 893 888
f 890 889 893
f 892 878 877
f 887 890 893
f 894 877 874
f 895 874 886
f 896 895 886
f 886 885 896
f 889 897 893
f 889 898 897
f 877 899 892
f 877 900 899
f 877 894 900
f 874 901 894
f 874 895 901
f 885 902 896
f 885 903 902
f 885 883 903
f 888 904 883
f 883 904 905
f 888 906 904
f 907 888 893
f 888 907 906
f 908 879 892
f 901 895 909
f 910 911 912
f 910 912 913
f 914 915 916
f 915 914 917
f 918 919 920
f 919 918 921
f 922 923 924
f 922 924 925
f 926 927 928
f 926 929 927
f 930 931 932
f 930 933 931
f 934 935 936
f 937 938 939
f 940 941 942
f 943 944 945
f 946 947 948
f 949 950 951
f 952 953 954
f 955 935 956
f 955 951 950
f 957 958 959
f 953 950 949
f 952 960 961
f 961 962 958
f 961 960 962
f 936 948 947
f 963 944 964
f 941 940 946
f 965 943 966
f 937 967 968
f 966 969 965
f 970 971 972
f 971 970 969
f 973 974 975
f 967 975 974
f 976 977 972
f 978 973 975
f 979 980 981
f 982 983 984
f 985 982 986
f 987 988 989
f 990 987 989
f 991 992 993
f 969 970 965
f 994 995 992
f 996 995 994
f 997 996 994
f 993 992 995
f 997 998 996
f 998 997 999
f 999 1000 1001
f 1001 998 999
f 983 1002 984
f 978 980 1003
f 991 1004 988
f 993 1004 991
f 988 1004 989
f 990 989 981
f 980 990 981
f 980 979 1003
f 978 1003 973
f 967 974 968
f 937 968 938
f 937 939 942
f 942 939 940
f 946 940 1005
f 946 1005 947
f 936 947 934
f 935 934 956
f 955 956 951
f 953 949 954
f 952 954 960
f 958 962 959
f 957 959 964
f 944 957 964
f 944 963 945
f 943 945 966
f 972 971 1006
f 972 1006 976
f 1007 977 976
f 1002 983 1007
f 1002 1007 976
f 982 985 983
f 982 1008 986
f 986 1008 1000
f 1000 1008 1001
f 1009 1010 1011
f 1012 1011 1013
f 1014 1015 1016
f 1014 1016 1017
f 1016 1018 1017
f 1019 1017 1018
f 1020 1015 1014
f 1021 1015 1020
f 1020 1022 1021
f 1021 1022 1023
f 1023 1022 1012
f 1013 1023 1012
f 1013 1011 1010
f 1024 1009 1011
f 1009 1024 1025
f 1026 1025 1024
f 1027 1028 1029
f 1028 1030 1031
f 1027 1032 1033
f 1034 1035 1036
f 1033 1037 1027
f 1035 1037 1036
f 1038 1035 1039
f 1035 1040 1039
f 1041 1038 1042
f 1043 1042 1038
f 1041 1044 1038
f 1031 1029 1028
f 1045 1046 1047
f 1047 1038 1044
f 1047 1046 1048
f 1028 1049 1050
f 1051 1052 1049
f 1051 1047 1048
f 1047 1051 1049
f 1053 1049 1054
f 1049 1053 1050
f 1029 1055 1027
f 1027 1055 1032
f 1050 1056 1028
f 1030 1028 1056
f 1054 1049 1052
f 1044 1045 1047
f 1039 1043 1038
f 1035 1027 1037
f 1040 1035 1034
f 1057 1058 1059
f 1059 1060 1057
f 1061 1062 1063
f 1064 1065 1062
f 1064 1066 1065
f 1065 1066 1067
f 1066 1068 1067
f 1067 1068 1069
f 1069 1068 1070
f 1062 1061 1064
f 1061 1063 1060
f 1057 1060 1063
f 1071 1059 1058
f 1072 1071 1058
f 1071 1072 1073
f 1074 1073 1072
f 1075 1076 1077
f 1078 1076 1079
f 1078 1077 1076
f 1075 1077 1080
f 1081 1082 1075
f 1083 1082 1084
f 1082 1085 1084
f 1086 1087 1083
f 1083 1084 1086
f 1088 1082 1083
f 1089 1082 1088
f 1090 1085 1082
f 1081 1090 1082
f 1082 1089 1075
f 1091 1075 1089
f 1092 1081 1075
f 1092 1075 1080
f 1075 1091 1076
f 1093 1076 1091
f 1076 1093 1079
f 1093 1094 1079
f 1094 1093 1095
f 1096 1097 1098
f 1099 1100 1101
f 1102 1103 1104
f 1104 1105 1106
f 1105 1107 1108
f 1109 1107 1110
f 1111 1112 1113
f 1114 1112 1111
f 1115 1110 1116
f 1109 1110 1115
f 1103 1097 1096
f 1112 1114 1117
f 1114 1118 1117
f 1119 1116 1110
f 1111 1119 1114
f 1116 1119 1111
f 1120 1110 1107
f 1120 1105 1121
f 1120 1107 1105
f 1121 1104 1122
f 1121 1105 1104
f 1104 1103 1122
f 1096 1101 1123
f 1100 1123 1101
f 1096 1124 1103
f 1122 1103 1124
f 1100 1125 1123
f 1120 1126 1110
f 1121 1127 1120
f 1128 1096 1123
f 1118 1114 1129
f 1126 1130 1110
f 1110 1130 1119
f 1124 1131 1122
f 1096 1128 1124
f 1114 1119 1132
f 1127 1126 1120
f 1129 1114 1132
f 1127 1121 1122
f 1133 1134 1135
f 1134 1133 1136
f 1137 1133 1135
f 1138 1137 1135
f 1139 1136 1140
f 1136 1139 1134
f 1141 1142 1143
f 1141 1143 1144
f 1141 1145 1142
f 1145 1146 1142
f 1145 1147 1146
f 1140 1147 1139
f 1146 1147 1140
f 1148 1149 1150
f 1149 1151 1150
f 1150 1151 1152
f 1153 1152 1151
f 1154 1152 1153
f 1149 1148 1155
f 1155 1148 1156
f 1155 1156 1157
f 1158 1159 1160
f 1158 1161 1162
f 1163 1164 1162
f 1164 1165 1166
f 1165 1164 1163
f 1161 1163 1162
f 1158 1160 1161
f 1156 1159 1157
f 1160 1159 1156
f 1167 1168 1169
f 1170 1169 1168
f 1171 1172 1168
f 1170 1168 1172
f 1171 1168 1173
f 1173 1168 1174
f 1175 1174 1168
f 1176 1168 1177
f 1168 1176 1178
f 1168 1167 1177
f 1179 1180 1181
f 1181 1182 1183
f 1183 1184 1181
f 1181 1185 1186
f 1186 1182 1181
f 1181 1187 1188
f 1181 1189 1179
f 1181 1190 1187
f 1181 1180 1190
f 1181 1184 1191
f 1181 1191 1189
f 1192 1193 1194
f 1193 1192 1195
f 1194 1196 1192
f 1196 1197 1192
f 1198 1199 1200
f 1201 1200 1202
f 1198 1200 1201
f 1203 1204 1205
f 1206 1203 1207
f 1205 1208 1203
f 1203 1206 1204
f 1209 1210 1211
f 1212 1209 1213
f 1209 1214 1213
f 1209 1212 1210
f 1215 1216 1217
f 1218 1215 1219
f 1215 1220 1219
f 1215 1218 1216
f 1221 1222 1223
f 1221 1224 1222
f 1221 1223 1225
f 1226 1227 1228
f 1226 1228 1229
f 1230 1231 1232
f 1233 1231 1230
f 1234 1235 1236
f 1237 1235 1234
f 1238 1239 1240
f 1238 1240 1241
f 1242 1243 1244
f 1243 1242 1245
f 1246 1247 1248
f 1248 1249 1246
f 1250 1251 1252
f 1253 1254 1255
f 1256 1251 1257
f 1256 1258 1251
f 1251 1258 1252
f 1251 1250 1259
f 1260 1251 1259
f 1253 1255 1261
f 1262 1251 1260
f 1263 1264 1265
f 1255 1266 1267
f 1264 1268 1269
f 1270 1255 1271
f 1272 1273 1271
f 1274 1271 1275
f 1276 1275 1271
f 1277 1278 1279
f 1280 1277 1281
f 1278 1277 1280
f 1282 1281 1277
f 1283 1277 1284
f 1285 1286 1284
f 1277 1285 1284
f 1283 1282 1277
f 1287 1286 1285
f 1288 1287 1285
f 1289 1276 1271
f 1279 1289 1277
f 1285 1290 1291
f 1291 1288 1285
f 1292 1255 1270
f 1293 1264 1294
f 1271 1295 1272
f 1264 1269 1294
f 1264 1263 1268
f 1270 1271 1273
f 1292 1266 1255
f 1264 1262 1265
f 1267 1261 1255
f 1293 1285 1264
f 1290 1285 1293
f 1262 1264 1251
f 1254 1251 1255
f 1257 1251 1254
f 1274 1295 1271
f 1277 1289 1271
f 1296 1297 1298
f 1299 1296 1298
f 1300 1301 1302
f 1303 1300 1302
f 1304 1305 1306
f 1305 1301 1307
f 1308 1304 1306
f 1304 1308 1309
f 1307 1306 1305
f 1307 1301 1300
f 1303 1302 1296
f 1299 1303 1296
f 1297 1310 1298
f 1298 1310 1311
f 1311 1312 1313
f 1312 1311 1310
f 1314 1313 1312
f 1315 1316 1314
f 1313 1314 1316
f 1316 1315 1317
f 1315 1318 1317
f 1318 1319 1317
f 1319 1320 1321
f 1322 1323 1321
f 1320 1322 1321
f 1318 1320 1319
f 1324 1325 1326
f 1327 1326 1328
f 1329 1330 1331
f 1331 1330 1332
f 1332 1333 1334
f 1335 1334 1333
f 1335 1333 1336
f 1336 1337 1335
f 1338 1337 1336
f 1332 1334 1331
f 1329 1339 1330
f 1328 1339 1340
f 1339 1329 1340
f 1327 1328 1340
f 1324 1326 1327
f 1325 1324 1341
f 1341 1324 1342
f 1343 1344 1345
f 1345 1346 1343
f 1347 1348 1349
f 1348 1350 1351
f 1349 1352 1347
f 1353 1354 1355
f 1356 1357 1358
f 1359 1357 1360
f 1357 1359 1358
f 1361 1360 1362
f 1360 1361 1359
f 1362 1363 1364
f 1364 1361 1362
f 1364 1363 1365
f 1356 1358 1366
f 1367 1356 1368
f 1356 1366 1368
f 1367 1368 1353
f 1367 1353 1355
f 1352 1355 1354
f 1369 1352 1354
f 1369 1347 1352
f 1351 1349 1348
f 1350 1346 1345
f 1350 1345 1351
f 1344 1343 1370
f 1371 1372 1373
f 1374 1375 1373
f 1376 1377 1378
f 1379 1380 1381
f 1379 1381 1382
f 1383 1384 1385
f 1386 1387 1385
f 1387 1388 1389
f 1388 1390 1389
f 1389 1390 1391
f 1390 1392 1391
f 1393 1391 1392
f 1394 1391 1393
f 1386 1388 1387
f 1384 1386 1385
f 1380 1379 1383
f 1380 1383 1385
f 1382 1381 1395
f 1396 1395 1381
f 1396 1397 1395
f 1396 1378 1397
f 1397 1378 1377
f 1378 1374 1376
f 1376 1374 1373
f 1371 1373 1375
f 1398 1399 1400
f 1401 1402 1403
f 1404 1405 1406
f 1403 1402 1407
f 1408 1409 1410
f 1411 1412 1413
f 1414 1412 1415
f 1416 1417 1418
f 1417 1416 1413
f 1419 1420 1421
f 1420 1422 1423
f 1408 1419 1409
f 1407 1424 1425
f 1426 1408 1410
f 1427 1428 1424
f 1429 1430 1426
f 1431 1427 1432
f 1433 1434 1431
f 1429 1435 1430
f 1433 1406 1436
f 1437 1405 1438
f 1439 1440 1441
f 1438 1400 1437
f 1441 1442 1443
f 1444 1445 1446
f 1445 1447 1446
f 1448 1449 1450
f 1449 1451 1452
f 1453 1454 1455
f 1456 1457 1458
f 1455 1456 1458
f 1452 1459 1460
f 1461 1462 1463
f 1464 1460 1465
f 1466 1464 1465
f 1466 1467 1464
f 1468 1464 1467
f 1467 1462 1468
f 1462 1461 1468
f 1445 1455 1454
f 1460 1459 1465
f 1452 1469 1459
f 1452 1451 1469
f 1449 1448 1451
f 1450 1399 1448
f 1450 1400 1399
f 1398 1400 1438
f 1438 1405 1404
f 1406 1405 1436
f 1433 1436 1434
f 1433 1431 1432
f 1427 1431 1428
f 1424 1428 1425
f 1407 1425 1403
f 1402 1401 1418
f 1418 1401 1416
f 1413 1416 1411
f 1412 1411 1415
f 1412 1414 1422
f 1422 1414 1423
f 1420 1423 1421
f 1419 1421 1409
f 1426 1410 1429
f 1435 1429 1440
f 1435 1440 1439
f 1441 1443 1439
f 1441 1444 1442
f 1442 1444 1446
f 1454 1447 1445
f 1455 1458 1453
f 1456 1461 1457
f 1457 1461 1463
f 1470 1471 1472
f 1473 1474 1471
f 1475 1476 1477
f 1476 1475 1478
f 1479 1478 1475
f 1477 1476 1480
f 1473 1481 1480
f 1480 1481 1477
f 1481 1473 1471
f 1474 1472 1471
f 1472 1482 1483
f 1470 1472 1483
f 1484 1485 1486
f 1487 1488 1489
f 1490 1491 1492
f 1492 1493 1490
f 1492 1491 1494
f 1495 1492 1494
f 1495 1496 1497
f 1498 1499 1500
f 1500 1501 1502
f 1501 1500 1503
f 1488 1485 1489
f 1504 1505 1506
f 1506 1507 1504
f 1507 1493 1504
f 1489 1484 1505
f 1485 1484 1489
f 1484 1506 1505
f 1492 1508 1493
f 1495 1497 1509
f 1509 1497 1503
f 1497 1510 1503
f 1501 1503 1510
f 1511 1500 1502
f 1493 1508 1504
f 1509 1492 1495
f 1511 1498 1500
f 1512 1487 1489
f 1505 1504 1513
f 1489 1514 1512
f 1505 1513 1514
f 1515 1508 1492
f 1509 1516 1492
f 1515 1492 1516
f 1489 1505 1514
f 1517 1500 1499
f 1500 1517 1503
f 1508 1513 1504
f 1509 1503 1517
f 1518 1519 1520
f 1521 1522 1523
f 1524 1523 1525
f 1520 1526 1527
f 1528 1529 1530
f 1529 1531 1532
f 1529 1533 1531
f 1529 1534 1533
f 1535 1536 1537
f 1535 1518 1536
f 1538 1526 1520
f 1536 1518 1520
f 1519 1539 1520
f 1539 1538 1520
f 1540 1527 1526
f 1522 1521 1541
f 1542 1543 1544
f 1545 1529 1532
f 1534 1529 1528
f 1530 1545 1546
f 1545 1530 1529
f 1536 1528 1530
f 1546 1537 1530
f 1536 1530 1537
f 1523 1524 1547
f 1523 1527 1540
f 1521 1547 1544
f 1527 1523 1522
f 1540 1525 1523
f 1547 1521 1523
f 1544 1543 1521
f 1541 1521 1543
f 1548 1549 1550
f 1548 1551 1549
f 1552 1551 1553
f 1554 1555 1551
f 1554 1551 1552
f 1556 1557 1551
f 1558 1555 1559
f 1555 1560 1561
f 1562 1559 1563
f 1564 1565 1566
f 1566 1565 1567
f 1568 1569 1567
f 1566 1567 1569
f 1563 1570 1571
f 1572 1573 1563
f 1563 1573 1562
f 1574 1575 1559
f 1570 1563 1576
f 1564 1566 1577
f 1566 1569 1571
f 1566 1571 1578
f 1578 1577 1566
f 1579 1569 1568
f 1569 1563 1571
f 1580 1578 1571
f 1579 1572 1563
f 1581 1571 1570
f 1579 1563 1569
f 1581 1582 1571
f 1582 1580 1571
f 1559 1562 1574
f 1576 1563 1559
f 1575 1558 1559
f 1570 1576 1583
f 1576 1559 1584
f 1585 1583 1576
f 1560 1555 1558
f 1576 1584 1585
f 1554 1559 1555
f 1584 1559 1554
f 1561 1551 1555
f 1556 1551 1561
f 1551 1557 1586
f 1548 1587 1553
f 1551 1548 1553
f 1587 1548 1550
f 1551 1586 1549
f 1586 1588 1549
f 1550 1549 1589
f 1588 1590 1549
f 1590 1591 1549
f 1589 1549 1591
f 1592 1593 1594
f 1595 1596 1597
f 1598 1599 1600
f 1596 1601 1602
f 1603 1604 1597
f 1596 1595 1601
f 1605 1606 1607
f 1607 1604 1603
f 1592 1605 1593
f 1608 1609 1594
f 1606 1605 1592
f 1609 1608 1610
f 1608 1594 1593
f 1611 1610 1612
f 1597 1604 1595
f 1606 1604 1607
f 1610 1611 1609
f 1600 1602 1601
f 1595 1604 1613
f 1595 1613 1614
f 1614 1601 1595
f 1598 1600 1601
f 1611 1615 1609
f 1611 1616 1615
f 1599 1617 1600
f 1601 1618 1598
f 1601 1614 1618
f 1604 1619 1613
f 1604 1620 1619
f 1604 1621 1620
f 1606 1622 1604
f 1604 1622 1621
f 1606 1623 1622
f 1592 1624 1606
f 1606 1624 1623
f 1592 1625 1624
f 1594 1626 1592
f 1592 1626 1625
f 1594 1627 1626
f 1628 1594 1609
f 1594 1628 1627
f 1629 1628 1609
f 1609 1615 1629
f 1619 1620 1630
f 1631 1632 1633
f 1634 1631 1633
f 1632 1631 1635
f 1631 1636 1635
f 1637 1635 1636
f 1638 1635 1637
f 1639 1638 1637
f 1639 1640 1641
f 1640 1639 1642
f 1640 1643 1641
f 1643 1640 1644
f 1639 1637 1642
f 1645 1646 1647
f 1647 1646 1648
f 1649 1648 1646
f 1650 1649 1646
f 1651 1652 1646
f 1652 1650 1646
f 1651 1646 1653
f 1654 1646 1655
f 1654 1653 1646
f 1655 1646 1656
f 1657 1658 1646
f 1656 1646 1658
f 1659 1660 1661
f 1662 1663 1664
f 1665 1666 1667
f 1668 1669 1670
f 1671 1661 1660
f 1660 1669 1671
f 1661 1672 1659
f 1669 1668 1671
f 1673 1668 1670
f 1667 1673 1670
f 1670 1674 1667
f 1665 1662 1666
f 1667 1674 1665
f 1666 1662 1664
f 1675 1664 1663
f 1675 1663 1676
f 1675 1676 1677
f 1678 1676 1679
f 1676 1678 1677
f 1680 1681 1682
f 1680 1683 1681
f 1684 1683 1680
f 1678 1679 1683
f 1679 1681 1683
f 1685 1686 1687
f 1687 1688 1685
f 1689 1690 1691
f 1692 1693 1694
f 1695 1694 1696
f 1697 1698 1699
f 1698 1700 1699
f 1701 1702 1703
f 1703 1700 1701
f 1701 1704 1702
f 1704 1705 1702
f 1706 1705 1704
f 1707 1705 1706
f 1699 1700 1703
f 1697 1708 1709
f 1709 1698 1697
f 1710 1708 1711
f 1708 1710 1709
f 1711 1692 1710
f 1692 1711 1693
f 1694 1695 1692
f 1688 1689 1691
f 1696 1712 1695
f 1695 1712 1690
f 1690 1712 1691
f 1688 1687 1689
f 1686 1685 1713
f 1714 1715 1716
f 1717 1718 1719
f 1719 1720 1717
f 1721 1722 1723
f 1720 1722 1721
f 1724 1725 1726
f 1727 1728 1729
f 1724 1728 1727
f 1730 1727 1729
f 1730 1731 1732
f 1733 1734 1731
f 1732 1731 1734
f 1735 1734 1733
f 1736 1735 1737
f 1735 1736 1734
f 1737 1738 1736
f 1739 1738 1737
f 1730 1732 1727
f 1724 1726 1728
f 1723 1740 1725
f 1724 1723 1725
f 1722 1740 1723
f 1720 1721 1717
f 1741 1718 1717
f 1741 1714 1716
f 1718 1741 1716
f 1742 1743 1744
f 1744 1743 1745
f 1746 1745 1743
f 1747 1746 1743
f 1748 1749 1743
f 1749 1747 1743
f 1748 1743 1750
f 1751 1743 1752
f 1751 1750 1743
f 1752 1743 1753
f 1754 1755 1743
f 1753 1743 1755
f 1756 1757 1758
f 1759 1757 1756
f 1756 1760 1759
f 1761 1759 1760
f 1760 1762 1761
f 1756 1758 1763
f 1763 1758 1764
f 1764 1765 1763
f 1765 1764 1766
f 1766 1767 1765
f 1765 1767 1768
f 1769 1770 1771
f 1771 1772 1769
f 1772 1773 1769
f 1774 1775 1776
f 1777 1774 1778
f 1774 1776 1778
f 1779 1774 1777
f 1780 1781 1782
f 1781 1780 1783
f 1782 1784 1780
f 1785 1786 1787
f 1788 1786 1785
f 1786 1788 1789
f 1790 1791 1792
f 1793 1790 1794
f 1791 1790 1793
f 1792 1795 1790
f 1796 1797 1798
f 1796 1799 1800
f 1796 1800 1797
f 1801 1802 1803
f 1802 1804 1805
f 1806 1807 1805
f 1808 1809 1810
f 1802 1801 1804
f 1811 1812 1803
f 1812 1811 1808
f 1812 1813 1803
f 1814 1815 1809
f 1816 1817 1818
f 1805 1819 1806
f 1803 1813 1801
f 1809 1815 1810
f 1810 1812 1808
f 1814 1820 1815
f 1817 1816 1820
f 1819 1805 1804
f 1814 1817 1820
f 1821 1804 1801
f 1822 1801 1813
f 1823 1822 1813
f 1813 1812 1823
f 1816 1824 1820
f 1816 1825 1824
f 1804 1826 1819
f 1804 1827 1826
f 1804 1821 1827
f 1801 1828 1821
f 1801 1822 1828
f 1812 1829 1823
f 1812 1830 1829
f 1812 1810 1830
f 1815 1831 1810
f 1810 1831 1832
f 1815 1833 1831
f 1834 1815 1820
f 1815 1834 1833
f 1835 1806 1819
f 1828 1822 1836
f 1837 1838 1839
f 1837 1839 1840
f 1841 1842 1843
f 1842 1841 1844
f 1845 1846 1847
f 1846 1845 1848
f 1849 1850 1851
f 1849 1851 1852
f 1853 1854 1855
f 1853 1856 1854
f 1857 1858 1859
f 1857 1860 1858
f 1861 1862 1863
f 1864 1865 1866
f 1867 1868 1869
f 1870 1871 1872
f 1873 1874 1875
f 1876 1877 1878
f 1879 1865 1880
f 1881 1882 1883
f 1884 1885 1886
f 1887 1888 1881
f 1879 1884 1886
f 1886 1885 1887
f 1889 1883 1882
f 1876 1866 1877
f 1890 1891 1892
f 1893 1892 1891
f 1873 1878 1874
f 1894 1895 1896
f 1896 1897 1898
f 1898 1871 1870
f 1899 1900 1869
f 1899 1863 1862
f 1901 1902 1872
f 1903 1902 1901
f 1903 1904 1905
f 1863 1906 1861
f 1907 1908 1909
f 1910 1911 1912
f 1913 1910 1914
f 1915 1916 1917
f 1918 1919 1916
f 1920 1921 1922
f 1918 1923 1924
f 1922 1925 1920
f 1923 1926 1924
f 1926 1927 1925
f 1925 1927 1920
f 1926 1923 1927
f 1922 1921 1928
f 1921 1929 1928
f 1872 1902 1870
f 1911 1930 1912
f 1906 1908 1931
f 1924 1919 1918
f 1916 1919 1917
f 1915 1917 1909
f 1908 1915 1909
f 1908 1907 1931
f 1906 1931 1861
f 1899 1862 1900
f 1869 1900 1867
f 1869 1868 1875
f 1875 1868 1873
f 1878 1873 1932
f 1878 1932 1876
f 1866 1876 1864
f 1865 1864 1880
f 1879 1880 1884
f 1887 1885 1888
f 1881 1888 1882
f 1883 1889 1893
f 1893 1889 1892
f 1890 1892 1894
f 1896 1890 1894
f 1896 1895 1897
f 1898 1897 1871
f 1903 1901 1933
f 1903 1933 1904
f 1934 1905 1904
f 1930 1911 1934
f 1930 1934 1904
f 1910 1913 1911
f 1910 1935 1914
f 1914 1935 1929
f 1929 1935 1928
f 1936 1937 1938
f 1939 1938 1940
f 1941 1942 1943
f 1941 1943 1944
f 1943 1945 1944
f 1946 1944 1945
f 1947 1942 1941
f 1948 1942 1947
f 1947 1949 1948
f 1948 1949 1950
f 1950 1949 1939
f 1940 1950 1939
f 1940 1938 1937
f 1951 1936 1938
f 1936 1951 1952
f 1953 1952 1951
f 1954 1955 1956
f 1955 1957 1958
f 1954 1959 1960
f 1961 1962 1963
f 1960 1964 1954
f 1962 1964 1963
f 1965 1962 1966
f 1962 1967 1966
f 1968 1965 1969
f 1970 1969 1965
f 1968 1971 1965
f 1958 1956 1955
f 1972 1973 1974
f 1974 1965 1971
f 1973 1975 1974
f 1955 1976 1977
f 1978 1976 1979
f 1980 1974 1975
f 1980 1976 1974
f 1981 1976 1980
f 1978 1977 1976
f 1956 1982 1954
f 1954 1982 1959
f 1977 1983 1955
f 1957 1955 1983
f 1979 1976 1981
f 1971 1972 1974
f 1966 1970 1965
f 1962 1954 1964
f 1967 1962 1961
f 1984 1985 1986
f 1987 1988 1989
f 1990 1991 1988
f 1990 1992 1991
f 1991 1992 1993
f 1992 1994 1993
f 1993 1994 1995
f 1995 1994 1996
f 1988 1987 1990
f 1987 1989 1997
f 1998 1997 1989
f 1998 1986 1997
f 1986 1998 1984
f 1999 1986 1985
f 1985 2000 1999
f 1999 2000 2001
f 2002 2003 2004
f 2005 2006 2003
f 2004 2007 2002
f 2008 2002 2009
f 2002 2007 2010
f 2011 2012 2008
f 2012 2013 2014
f 2015 2012 2014
f 2016 2015 2017
f 2018 2012 2016
f 2012 2015 2016
f 2011 2013 2012
f 2018 2008 2012
f 2008 2018 2019
f 2020 2011 2008
f 2020 2008 2009
f 2019 2002 2008
f 2002 2019 2021
f 2009 2002 2010
f 2021 2003 2002
f 2006 2004 2003
f 2005 2003 2022
f 2023 2024 2025
f 2026 2024 2023
f 2025 2027 2028
f 2029 2030 2031
f 2032 2033 2034
f 2035 2036 2037
f 2038 2036 2035
f 2038 2039 2036
f 2038 2040 2041
f 2042 2043 2040
f 2044 2045 2029
f 2032 2044 2033
f 2030 2029 2046
f 2033 2044 2029
f 2045 2047 2029
f 2047 2046 2029
f 2027 2031 2030
f 2025 2028 2048
f 2049 2023 2050
f 2042 2038 2035
f 2039 2038 2041
f 2042 2040 2038
f 2033 2041 2040
f 2043 2034 2040
f 2033 2040 2034
f 2025 2048 2051
f 2025 2031 2027
f 2023 2051 2052
f 2031 2025 2024
f 2051 2023 2025
f 2050 2023 2052
f 2023 2049 2026
f 2053 2054 2055
f 2053 2056 2054
f 2057 2058 2059
f 2060 2056 2061
f 2062 2063 2056
f 2062 2056 2060
f 2064 2065 2056
f 2066 2063 2067
f 2063 2068 2069
f 2070 2067 2071
f 2072 2073 2074
f 2074 2073 2075
f 2076 2077 2075
f 2074 2075 2077
f 2071 2078 2079
f 2080 2081 2071
f 2082 2067 2070
f 2071 2081 2070
f 2078 2071 2083
f 2072 2074 2084
f 2074 2077 2079
f 2074 2079 2085
f 2085 2084 2074
f 2086 2077 2076
f 2077 2071 2079
f 2087 2085 2079
f 2086 2080 2071
f 2088 2079 2078
f 2086 2071 2077
f 2088 2089 2079
f 2089 2087 2079
f 2083 2071 2067
f 2082 2066 2067
f 2078 2083 2090
f 2083 2067 2091
f 2092 2090 2083
f 2068 2063 2066
f 2083 2091 2092
f 2062 2067 2063
f 2091 2067 2062
f 2069 2056 2063
f 2064 2056 2069
f 2056 2065 2093
f 2053 2094 2061
f 2056 2053 2061
f 2094 2053 2055
f 2056 2093 2054
f 2093 2095 2054
f 2055 2054 2059
f 2095 2057 2054
f 2059 2054 2057
f 2096 2097 2098
f 2099 2100 2101
f 2102 2103 2104
f 2105 2106 2107
f 2105 2108 2106
f 2109 2110 2108
f 2111 2112 2109
f 2108 2110 2113
f 2101 2111 2099
f 2097 2096 2114
f 2115 2114 2116
f 2108 2113 2106
f 2112 2110 2109
f 2112 2111 2101
f 2100 2098 2101
f 2096 2098 2100
f 2114 2115 2097
f 2104 2107 2106
f 2113 2117 2118
f 2119 2117 2113
f 2118 2106 2113
f 2119 2113 2110
f 2102 2104 2106
f 2120 2119 2110
f 2110 2112 2120
f 2115 2121 2097
f 2115 2122 2121
f 2103 2123 2104
f 2106 2124 2102
f 2106 2125 2124
f 2106 2118 2125
f 2112 2126 2120
f 2101 2127 2112
f 2112 2127 2126
f 2101 2128 2127
f 2101 2129 2128
f 2101 2098 2129
f 2130 2098 2097
f 2098 2130 2131
f 2132 2130 2097
f 2097 2121 2132
f 2118 2117 2133
f 2134 2135 2136
f 2136 2135 2137
f 2137 2138 2136
f 2135 2134 2139
f 2134 2140 2139
f 2141 2139 2142
f 2140 2142 2139
f 2143 2141 2142
f 2142 2144 2143
f 2143 2144 2145
f 2146 2147 2145
f 2146 2145 2144
f 2148 2149 2150
f 2150 2149 2151
f 2152 2151 2149
f 2153 2152 2149
f 2154 2155 2149
f 2155 2153 2149
f 2154 2149 2156
f 2157 2149 2158
f 2157 2156 2149
f 2158 2149 2159
f 2160 2161 2149
f 2159 2149 2161
f 2162 2163 2164
f 2165 2166 2167
f 2168 2169 2170
f 2171 2164 2163
f 2172 2173 2174
f 2166 2173 2175
f 2167 2176 2165
f 2177 2165 2176
f 2166 2175 2167
f 2172 2175 2173
f 2168 2178 2174
f 2174 2178 2172
f 2174 2179 2168
f 2169 2171 2170
f 2168 2179 2169
f 2170 2171 2163
f 2162 2164 2180
f 2162 2180 2181
f 2182 2180 2183
f 2180 2182 2181
f 2184 2185 2186
f 2184 2187 2185
f 2188 2187 2184
f 2182 2183 2187
f 2183 2185 2187
f 2189 2190 2191
f 2192 2193 2194
f 2195 2193 2196
f 2197 2198 2199
f 2198 2197 2200
f 2201 2202 2203
f 2203 2202 2204
f 2205 2206 2207
f 2206 2208 2207
f 2207 2208 2209
f 2208 2210 2209
f 2210 2211 2209
f 2212 2211 2210
f 2213 2211 2212
f 2206 2205 2204
f 2204 2202 2206
f 2201 2200 2202
f 2214 2200 2201
f 2200 2214 2198
f 2196 2197 2199
f 2195 2196 2199
f 2215 2192 2194
f 2195 2194 2193
f 2215 2191 2192
f 2215 2189 2191
f 2190 2189 2216
f 2217 2218 2219
f 2220 2221 2222
f 2220 2223 2224
f 2225 2226 2227
f 2228 2229 2230
f 2225 2229 2228
f 2231 2228 2230
f 2231 2232 2233
f 2234 2235 2232
f 2233 2232 2235
f 2234 2236 2235
f 2236 2237 2235
f 2238 2237 2236
f 2238 2239 2237
f 2240 2239 2238
f 2231 2233 2228
f 2222 2223 2220
f 2225 2227 2229
f 2225 2224 2226
f 2226 2224 2223
f 2221 2220 2241
f 2241 2242 2221
f 2243 2242 2241
f 2243 2217 2219
f 2242 2243 2219
f 2244 2245 2246
f 2246 2245 2247
f 2248 2247 2245
f 2249 2248 2245
f 2250 2251 2245
f 2251 2249 2245
f 2250 2245 2252
f 2253 2245 2254
f 2253 2252 2245
f 2254 2245 2255
f 2256 2257 2245
f 2255 2245 2257
f 2258 2259 2260
f 2261 2262 2263
f 2264 2265 2262
f 2264 2262 2261
f 2265 2264 2266
f 2267 2265 2268
f 2266 2268 2265
f 2269 2270 2267
f 2267 2268 2269
f 2263 2271 2261
f 2263 2259 2271
f 2258 2271 2259
f 2258 2260 2272
f 2273 2274 2275
f 2275 2276 2273
f 2276 2277 2273
f 2278 2279 2280
f 2281 2278 2282
f 2278 2280 2282
f 2283 2278 2281
f 2284 2285 2286
f 2285 2284 2287
f 2286 2288 2284
f 2289 2290 2291
f 2292 2290 2289
f 2290 2292 2293
f 2294 2295 2296
f 2297 2294 2298
f 2295 2294 2297
f 2296 2299 2294
f 2300 2301 2302
f 2300 2303 2304
f 2300 2304 2301
f 2305 2306 2307
f 2308 2309 2310
f 2307 2311 2312
f 2313 2314 2315
f 2316 2314 2313
f 2317 2316 2308
f 2317 2314 2316
f 2318 2310 2309
f 2319 2320 2321
f 2307 2322 2305
f 2313 2315 2311
f 2308 2310 2323
f 2323 2317 2308
f 2318 2324 2310
f 2320 2319 2324
f 2322 2307 2312
f 2318 2320 2324
f 2311 2315 2325
f 2325 2312 2311
f 2319 2326 2324
f 2319 2327 2326
f 2312 2328 2322
f 2312 2329 2328
f 2312 2325 2329
f 2315 2330 2325
f 2315 2331 2330
f 2314 2332 2315
f 2315 2332 2331
f 2314 2333 2332
f 2317 2334 2314
f 2314 2334 2333
f 2317 2323 2334
f 2310 2335 2323
f 2323 2335 2336
f 2310 2337 2335
f 2338 2310 2324
f 2310 2338 2337
f 2339 2305 2322
f 2330 2331 2340
f 2341 2342 2343
f 2341 2343 2344
f 2345 2346 2347
f 2346 2345 2348
f 2349 2350 2351
f 2350 2349 2352
f 2353 2354 2355
f 2353 2355 2356
f 2357 2358 2359
f 2357 2360 2358
f 2361 2362 2363
f 2361 2364 2362
f 2365 2366 2367
f 2368 2369 2370
f 2371 2372 2373
f 2374 2375 2376
f 2377 2378 2379
f 2380 2381 2382
f 2383 2369 2384
f 2385 2386 2387
f 2388 2389 2390
f 2391 2392 2385
f 2383 2388 2390
f 2390 2389 2391
f 2393 2387 2386
f 2393 2394 2387
f 2380 2370 2381
f 2395 2394 2396
f 2377 2382 2378
f 2397 2398 2399
f 2399 2400 2401
f 2401 2375 2374
f 2402 2403 2373
f 2402 2367 2366
f 2404 2405 2376
f 2406 2405 2404
f 2406 2407 2408
f 2367 2409 2365
f 2410 2411 2408
f 2412 2413 2414
f 2415 2416 2417
f 2418 2415 2419
f 2420 2421 2422
f 2423 2424 2421
f 2425 2426 2427
f 2423 2428 2429
f 2427 2430 2425
f 2428 2431 2429
f 2431 2432 2430
f 2431 2428 2432
f 2430 2432 2425
f 2427 2426 2433
f 2426 2434 2433
f 2376 2405 2374
f 2416 2410 2417
f 2409 2413 2435
f 2429 2424 2423
f 2421 2424 2422
f 2420 2422 2414
f 2413 2420 2414
f 2413 2412 2435
f 2409 2435 2365
f 2402 2366 2403
f 2373 2403 2371
f 2373 2372 2379
f 2379 2372 2377
f 2382 2377 2436
f 2382 2436 2380
f 2370 2380 2368
f 2369 2368 2384
f 2383 2384 2388
f 2391 2389 2392
f 2385 2392 2386
f 2394 2393 2396
f 2395 2396 2397
f 2399 2395 2397
f 2399 2398 2400
f 2401 2400 2375
f 2406 2404 2437
f 2406 2437 2407
f 2410 2416 2411
f 2410 2408 2407
f 2415 2418 2416
f 2415 2438 2419
f 2419 2438 2434
f 2434 2438 2433
f 2439 2440 2441
f 2442 2441 2443
f 2443 2444 2442
f 2445 2446 2447
f 2445 2447 2448
f 2447 2449 2448
f 2450 2448 2449
f 2451 2446 2445
f 2452 2446 2451
f 2451 2453 2452
f 2452 2453 2444
f 2444 2453 2442
f 2443 2441 2440
f 2439 2441 2454
f 2439 2454 2455
f 2456 2455 2454
f 2457 2458 2459
f 2458 2460 2461
f 2457 2462 2463
f 2464 2465 2466
f 2463 2467 2457
f 2465 2467 2466
f 2468 2465 2469
f 2465 2470 2469
f 2471 2468 2472
f 2473 2472 2468
f 2471 2474 2468
f 2461 2459 2458
f 2475 2476 2477
f 2477 2468 2474
f 2476 2478 2477
f 2458 2479 2480
f 2481 2479 2482
f 2483 2477 2478
f 2483 2479 2477
f 2484 2479 2483
f 2481 2480 2479
f 2459 2485 2457
f 2457 2485 2462
f 2480 2486 2458
f 2460 2458 2486
f 2482 2479 2484
f 2474 2475 2477
f 2469 2473 2468
f 2465 2457 2467
f 2470 2465 2464
f 2487 2488 2489
f 2490 2491 2492
f 2492 2493 2490
f 2494 2495 2493
f 2495 2496 2497
f 2496 2495 2494
f 2497 2496 2498
f 2496 2499 2498
f 2494 2493 2492
f 2500 2491 2490
f 2500 2501 2491
f 2502 2500 2503
f 2501 2500 2502
f 2504 2502 2503
f 2504 2489 2502
f 2487 2489 2504
f 2505 2506 2507
f 2508 2506 2509
f 2508 2507 2506
f 2505 2507 2510
f 2511 2512 2505
f 2513 2512 2514
f 2512 2515 2514
f 2516 2517 2513
f 2513 2514 2516
f 2518 2512 2513
f 2519 2512 2518
f 2520 2515 2512
f 2511 2520 2512
f 2512 2519 2505
f 2521 2505 2519
f 2522 2511 2505
f 2522 2505 2510
f 2505 2521 2506
f 2523 2506 2521
f 2506 2523 2509
f 2523 2524 2509
f 2524 2523 2525
f 2526 2527 2528
f 2529 2530 2531
f 2532 2528 2533
f 2528 2532 2526
f 2534 2535 2536
f 2537 2538 2539
f 2540 2541 2542
f 2543 2544 2535
f 2535 2534 2543
f 2545 2541 2540
f 2546 2547 2541
f 2548 2541 2547
f 2549 2546 2545
f 2537 2544 2538
f 2539 2549 2545
f 2550 2551 2536
f 2537 2535 2544
f 2550 2527 2551
f 2535 2550 2536
f 2552 2533 2528
f 2550 2528 2527
f 2552 2553 2533
f 2554 2553 2555
f 2556 2557 2530
f 2553 2552 2555
f 2558 2559 2556
f 2557 2531 2530
f 2541 2545 2546
f 2555 2531 2554
f 2556 2560 2558
f 2557 2556 2559
f 2545 2537 2539
f 2555 2529 2531
f 2561 2560 2556
f 2542 2541 2548
f 2562 2537 2545
f 2563 2535 2537
f 2537 2562 2563
f 2564 2550 2535
f 2565 2552 2528
f 2545 2540 2562
f 2552 2566 2555
f 2556 2567 2561
f 2563 2564 2535
f 2564 2565 2528
f 2564 2528 2550
f 2566 2552 2565
f 2566 2529 2555
f 2567 2530 2529
f 2567 2556 2530
f 2568 2569 2570
f 2571 2572 2573
f 2572 2571 2569
f 2573 2572 2574
f 2573 2574 2575
f 2571 2570 2569
f 2576 2575 2574
f 2570 2577 2568
f 2578 2568 2577
f 2578 2577 2579
f 2580 2578 2579
f 2580 2579 2581
f 2580 2581 2582
f 2581 2583 2582
f 2584 2585 2586
f 2586 2585 2583
f 2585 2582 2583
f 2587 2588 2589
f 2590 2587 2589
f 2587 2590 2591
f 2591 2592 2593
f 2591 2590 2592
f 2594 2595 2593
f 2593 2592 2594
f 2596 2594 2597
f 2598 2599 2600
f 2588 2601 2602
f 2602 2601 2603
f 2604 2603 2605
f 2606 2604 2605
f 2605 2607 2606
f 2608 2606 2607
f 2609 2610 2611
f 2611 2608 2612
f 2613 2611 2612
f 2614 2609 2615
f 2602 2603 2616
f 2602 2617 2618
f 2590 2589 2618
f 2594 2596 2595
f 2595 2596 2619
f 2606 2608 2611
f 2603 2604 2616
f 2589 2588 2602
f 2589 2602 2618
f 2594 2592 2597
f 2613 2609 2611
f 2606 2611 2610
f 2617 2602 2616
f 2620 2621 2618
f 2606 2622 2604
f 2610 2622 2606
f 2616 2604 2622
f 2592 2590 2621
f 2621 2590 2618
f 2597 2592 2621
f 2622 2610 2609
f 2617 2616 2623
f 2622 2623 2616
f 2618 2617 2623
f 2624 2620 2625
f 2623 2620 2618
f 2621 2626 2597
f 2599 2597 2626
f 2597 2599 2596
f 2623 2622 2627
f 2620 2623 2628
f 2620 2626 2621
f 2599 2626 2629
f 2614 2630 2609
f 2630 2631 2622
f 2630 2622 2609
f 2631 2632 2622
f 2632 2627 2622
f 2627 2633 2623
f 2633 2634 2623
f 2634 2628 2623
f 2628 2635 2620
f 2635 2625 2620
f 2624 2636 2620
f 2636 2626 2620
f 2626 2636 2637
f 2637 2629 2626
f 2629 2600 2599
f 2638 2639 2640
f 2641 2639 2638
f 2642 2640 2643
f 2644 2642 2645
f 2644 2646 2647
f 2646 2644 2645
f 2646 2648 2649
f 2650 2649 2648
f 2651 2650 2648
f 2649 2647 2646
f 2645 2642 2643
f 2640 2639 2643
f 2652 2653 2654
f 2652 2655 2656
f 2657 2658 2656
f 2659 2657 2656
f 2657 2660 2658
f 2656 2658 2652
f 2661 2652 2658
f 2658 2662 2661
f 2661 2653 2652
f 2653 2661 2663
f 2664 2665 2666
f 2665 2664 2667
f 2668 2667 2664
f 2665 2667 2669
f 2669 2670 2665
f 2669 2671 2670
f 2669 2672 2671
f 2673 2674 2675
f 2675 2674 2672
f 2676 2677 2678
f 2678 2679 2676
f 2680 2681 2682
f 2683 2681 2684
f 2684 2685 2683
f 2686 2687 2688
f 2689 2686 2688
f 2690 2685 2686
f 2689 2690 2686
f 2691 2685 2690
f 2683 2685 2691
f 2684 2681 2692
f 2680 2692 2681
f 2680 2693 2679
f 2693 2680 2682
f 2679 2693 2676
f 2673 2678 2677
f 2674 2673 2677
f 2672 2674 2671
f 2694 2695 2696
f 2695 2694 2697
f 2698 2699 2700
f 2699 2698 2701
f 2702 2703 2704
f 2703 2702 2705
f 2706 2707 2708
f 2707 2706 2709
f 2710 2711 2712
f 2710 2712 2713
f 2714 2715 2716
f 2715 2714 2717
f 2718 2719 2720
f 2718 2720 2721
f 2722 2723 2724
f 2722 2724 2725
f 2726 2727 2728
f 2727 2726 2729
f 2730 2731 2732
f 2731 2730 2733
f 2734 2735 2736
f 2735 2734 2737
f 2738 2739 2740
f 2739 2738 2741
f 2742 2743 2744
f 2743 2745 2744
f 2746 2747 2748
f 2749 2750 2747
f 2751 2750 2749
f 2751 2749 2752
f 2748 2747 2750
f 2748 2745 2746
f 2743 2746 2745
f 2753 2742 2744
f 2742 2753 2754
f 2755 2754 2753
f 2756 2757 2758
f 2759 2760 2761
f 2762 2763 2757
f 2764 2762 2757
f 2763 2758 2757
f 2756 2758 2765
f 2756 2765 2766
f 2767 2757 2768
f 2766 2769 2770
f 2768 2771 2767
f 2772 2773 2766
f 2770 2772 2766
f 2774 2775 2776
f 2760 2777 2761
f 2761 2778 2759
f 2779 2778 2761
f 2780 2781 2782
f 2761 2783 2784
f 2782 2785 2786
f 2786 2783 2782
f 2761 2784 2779
f 2787 2782 2788
f 2789 2790 2775
f 2791 2788 2792
f 2793 2792 2794
f 2794 2792 2788
f 2794 2795 2793
f 2794 2796 2795
f 2776 2777 2760
f 2794 2797 2798
f 2789 2775 2774
f 2766 2773 2797
f 2790 2799 2775
f 2775 2799 2771
f 2775 2771 2768
f 2776 2775 2777
f 2785 2782 2781
f 2786 2784 2783
f 2780 2782 2787
f 2787 2788 2791
f 2796 2794 2798
f 2773 2800 2797
f 2798 2797 2800
f 2765 2769 2766
f 2764 2757 2767
f 2801 2802 2803
f 2804 2805 2806
f 2807 2808 2809
f 2810 2811 2812
f 2813 2814 2815
f 2816 2817 2818
f 2819 2820 2821
f 2822 2823 2824
f 2823 2825 2814
f 2826 2827 2828
f 2829 2830 2831
f 2832 2833 2834
f 2835 2836 2837
f 2837 2838 2839
f 2840 2841 2842
f 2843 2844 2845
f 2846 2841 2840
f 2847 2843 2845
f 2839 2838 2848
f 2803 2849 2801
f 2849 2850 2848
f 2833 2829 2834
f 2851 2802 2826
f 2852 2853 2854
f 2855 2828 2827
f 2856 2857 2858
f 2852 2854 2856
f 2859 2860 2855
f 2819 2821 2859
f 2822 2824 2858
f 2860 2859 2821
f 2815 2861 2813
f 2855 2860 2828
f 2826 2828 2851
f 2802 2851 2803
f 2849 2803 2850
f 2848 2850 2839
f 2837 2839 2835
f 2836 2835 2862
f 2846 2862 2841
f 2836 2862 2846
f 2842 2841 2863
f 2847 2863 2843
f 2842 2863 2847
f 2844 2843 2864
f 2830 2864 2831
f 2844 2864 2830
f 2829 2831 2834
f 2832 2834 2865
f 2832 2865 2853
f 2853 2865 2854
f 2856 2854 2857
f 2858 2857 2822
f 2823 2822 2825
f 2814 2825 2815
f 2861 2866 2818
f 2861 2815 2866
f 2818 2866 2816
f 2817 2816 2867
f 2868 2817 2867
f 2810 2868 2867
f 2811 2810 2867
f 2807 2811 2808
f 2811 2807 2812
f 2808 2806 2809
f 2805 2809 2806
f 2805 2804 2820
f 2821 2820 2804
f 2869 2870 2871
f 2872 2873 2874
f 2875 2876 2877
f 2876 2875 2870
f 2878 2879 2877
f 2878 2880 2879
f 2880 2881 2882
f 2883 2884 2885
f 2884 2883 2886
f 2887 2886 2883
f 2888 2886 2887
f 2889 2888 2890
f 2891 2892 2893
f 2881 2883 2885
f 2882 2881 2885
f 2882 2879 2880
f 2876 2878 2877
f 2871 2870 2875
f 2871 2894 2869
f 2874 2895 2869
f 2894 2896 2897
f 2894 2897 2869
f 2880 2878 2898
f 2880 2899 2900
f 2883 2881 2900
f 2888 2889 2901
f 2901 2889 2902
f 2878 2876 2898
f 2881 2880 2900
f 2888 2887 2890
f 2897 2874 2869
f 2870 2869 2895
f 2899 2880 2898
f 2903 2904 2900
f 2870 2905 2876
f 2895 2905 2870
f 2898 2876 2905
f 2887 2883 2904
f 2904 2883 2900
f 2890 2887 2904
f 2905 2895 2874
f 2899 2898 2906
f 2905 2906 2898
f 2900 2899 2906
f 2906 2903 2900
f 2904 2907 2890
f 2892 2890 2907
f 2890 2892 2889
f 2906 2905 2908
f 2903 2906 2909
f 2903 2907 2904
f 2892 2907 2910
f 2873 2911 2874
f 2911 2912 2874
f 2912 2905 2874
f 2912 2913 2905
f 2913 2914 2905
f 2914 2908 2905
f 2908 2915 2906
f 2906 2915 2916
f 2916 2909 2906
f 2909 2917 2903
f 2918 2903 2917
f 2918 2919 2903
f 2919 2920 2907
f 2919 2907 2903
f 2920 2910 2907
f 2910 2893 2892
f 2921 2922 2923
f 2924 2925 2922
f 2926 2922 2925
f 2926 2927 2928
f 2925 2927 2926
f 2929 2930 2931
f 2932 2933 2930
f 2932 2934 2933
f 2932 2935 2934
f 2934 2935 2936
f 2931 2930 2933
f 2929 2931 2937
f 2938 2929 2937
f 2928 2938 2937
f 2928 2927 2938
f 2922 2921 2924
f 2939 2940 2941
f 2942 2943 2944
f 2945 2943 2946
f 2946 2947 2945
f 2948 2949 2950
f 2951 2950 2952
f 2939 2941 2952
f 2953 2954 2955
f 2940 2939 2956
f 2950 2951 2957
f 2949 2948 2958
f 2950 2957 2948
f 2958 2959 2949
f 2960 2942 2961
f 2962 2963 2946
f 2964 2946 2963
f 2965 2962 2946
f 2942 2959 2961
f 2960 2965 2946
f 2942 2949 2959
f 2966 2956 2939
f 2966 2967 2956
f 2968 2967 2955
f 2967 2966 2955
f 2969 2970 2971
f 2954 2968 2955
f 2972 2954 2953
f 2953 2971 2970
f 2971 2973 2969
f 2972 2953 2970
f 2943 2942 2960
f 2960 2946 2943
f 2974 2973 2971
f 2975 2950 2949
f 2952 2976 2939
f 2952 2950 2976
f 2977 2966 2939
f 2966 2977 2978
f 2947 2946 2964
f 2979 2949 2942
f 2979 2975 2949
f 2976 2950 2975
f 2980 2953 2955
f 2966 2978 2955
f 2944 2979 2942
f 2976 2977 2939
f 2978 2980 2955
f 2971 2980 2974
f 2971 2953 2980
f 2981 2982 2983
f 2984 2985 2986
f 2985 2984 2987
f 2988 2985 2987
f 2989 2990 2991
f 2992 2989 2993
f 2994 2995 2992
f 2995 2994 2986
f 2996 2989 2997
f 2998 2999 2988
f 3000 2999 3001
f 3001 2999 2998
f 3000 3002 3003
f 3003 3002 3004
f 3005 3004 3006
f 3006 3007 3005
f 2982 3007 2983
f 2982 2981 3008
f 3009 2982 3008
f 3010 3009 3008
f 3010 3011 3009
f 3011 3012 3013
f 3012 3011 3010
f 2995 2989 2992
f 2993 2989 2991
f 3014 3007 2982
f 3005 3007 3014
f 3005 3003 3004
f 3003 2999 3000
f 3015 2986 2985
f 2999 2985 2988
f 2995 2986 3015
f 2985 2999 3016
f 3017 3011 3018
f 3003 3019 2999
f 3020 2995 3015
f 2989 2995 2997
f 3017 3009 3011
f 2982 3021 3014
f 3021 2982 3009
f 3005 3022 3023
f 3005 3014 3022
f 3023 3003 3005
f 3015 3016 3020
f 2999 3019 3016
f 2995 3024 2997
f 3024 2995 3020
f 2996 3025 2990
f 2990 2989 2996
f 2985 3016 3015
f 3017 3021 3009
f 3021 3022 3014
f 3023 3019 3003
f 2997 3025 2996
f 3026 3027 3028
f 3029 3028 3027
f 3029 3030 3028
f 3031 3032 3030
f 3031 3030 3029
f 3031 3033 3032
f 3032 3033 3034
f 3033 3035 3034
f 3026 3036 3037
f 3037 3027 3026
f 3036 3038 3037
f 3036 3039 3038
f 3040 3039 3041
f 3039 3040 3038
f 3041 3042 3040
f 3042 3041 3043
f 3044 3045 3046
f 3047 3048 3049
f 3050 3047 3051
f 3048 3047 3050
f 3052 3053 3051
f 3051 3054 3050
f 3053 3055 3054
f 3051 3053 3054
f 3056 3057 3058
f 3049 3059 3060
f 3059 3061 3060
f 3061 3059 3062
f 3062 3063 3061
f 3063 3062 3064
f 3065 3063 3064
f 3066 3065 3064
f 3066 3067 3065
f 3068 3067 3066
f 3068 3046 3067
f 3069 3070 3046
f 3044 3046 3068
f 3044 3071 3045
f 3072 3069 3073
f 3060 3074 3075
f 3047 3049 3075
f 3053 3076 3055
f 3055 3076 3077
f 3063 3078 3074
f 3060 3061 3063
f 3075 3079 3052
f 3049 3060 3075
f 3051 3047 3052
f 3075 3052 3047
f 3076 3053 3080
f 3045 3069 3046
f 3067 3046 3070
f 3063 3065 3078
f 3074 3060 3063
f 3081 3079 3075
f 3080 3053 3052
f 3067 3082 3065
f 3070 3082 3067
f 3078 3065 3082
f 3074 3081 3075
f 3080 3052 3079
f 3082 3070 3069
f 3078 3082 3083
f 3081 3074 3083
f 3078 3083 3074
f 3079 3084 3080
f 3057 3080 3084
f 3080 3057 3076
f 3083 3082 3085
f 3081 3083 3086
f 3081 3084 3079
f 3057 3084 3087
f 3072 3088 3069
f 3088 3089 3069
f 3089 3082 3069
f 3089 3090 3082
f 3090 3091 3082
f 3091 3085 3082
f 3085 3092 3083
f 3092 3093 3083
f 3083 3093 3094
f 3094 3086 3083
f 3086 3095 3081
f 3095 3096 3081
f 3097 3081 3096
f 3097 3098 3081
f 3098 3099 3084
f 3098 3084 3081
f 3084 3099 3100
f 3100 3087 3084
f 3087 3058 3057
f 3101 3102 3103
f 3101 3103 3104
f 3105 3104 3106
f 3107 3105 3106
f 3105 3107 3108
f 3108 3107 3109
f 3110 3108 3109
f 3103 3106 3104
f 3102 3101 3111
f 3112 3102 3111
f 3113 3112 3111
f 3112 3113 3114
f 3115 3114 3113
f 3116 3117 3118
f 3119 3120 3121
f 3122 3123 3118
f 3123 3116 3118
f 3124 3121 3123
f 3123 3121 3116
f 3121 3125 3119
f 3126 3120 3119
f 3116 3120 3127
f 3120 3116 3121
f 3128 3129 3130
f 3131 3132 3133
f 3134 3135 3136
f 3137 3138 3130
f 3135 3129 3128
f 3128 3130 3138
f 3136 3135 3128
f 3139 3134 3136
f 3134 3139 3133
f 3133 3132 3134
f 3132 3140 3141
f 3140 3132 3131
f 3141 3140 3142
f 3142 3140 3143
f 3144 3142 3143
f 3143 3145 3144
f 3145 3146 3144
f 3146 3145 3147
f 3148 3146 3147
f 3149 3148 3150
f 3147 3150 3148
f 3150 3151 3149
f 3152 3153 3151
f 3154 3152 3155
f 3156 3154 3155
f 3155 3152 3151
f 3149 3151 3153
f 3157 3158 3159
f 3157 3159 3160
f 3161 3162 3163
f 3161 3163 3164
f 3165 3166 3167
f 3166 3165 3168
f 3169 3170 3171
f 3169 3171 3172
f 3173 3174 3175
f 3174 3173 3176
f 3177 3178 3179
f 3178 3177 3180
f 3181 3182 3183
f 3182 3181 3184
f 3185 3186 3187
f 3186 3185 3188
f 3189 3190 3191
f 3190 3189 3192
f 3193 3194 3195
f 3194 3193 3196
f 3197 3198 3199
f 3198 3197 3200
f 3201 3202 3203
f 3202 3201 3204
f 3205 3206 3207
f 3208 3207 3206
f 3209 3210 3211
f 3212 3213 3209
f 3212 3214 3213
f 3215 3214 3212
f 3215 3216 3214
f 3213 3210 3209
f 3211 3210 3208
f 3208 3206 3211
f 3205 3207 3217
f 3205 3217 3218
f 3219 3220 3221
f 3222 3223 3224
f 3225 3226 3222
f 3227 3228 3229
f 3230 3222 3224
f 3231 3232 3222
f 3233 3234 3225
f 3235 3236 3232
f 3237 3236 3235
f 3238 3233 3225
f 3239 3240 3236
f 3237 3239 3236
f 3238 3241 3242
f 3220 3243 3221
f 3221 3244 3219
f 3245 3246 3221
f 3247 3248 3249
f 3245 3249 3250
f 3249 3251 3252
f 3249 3253 3247
f 3249 3252 3250
f 3248 3251 3249
f 3245 3250 3254
f 3255 3253 3256
f 3253 3228 3256
f 3257 3244 3221
f 3228 3258 3256
f 3259 3228 3260
f 3228 3227 3260
f 3261 3241 3243
f 3243 3241 3221
f 3262 3229 3236
f 3263 3229 3262
f 3264 3238 3242
f 3236 3240 3262
f 3265 3266 3238
f 3264 3265 3238
f 3238 3266 3233
f 3229 3263 3227
f 3222 3230 3231
f 3231 3267 3232
f 3235 3232 3267
f 3223 3222 3226
f 3226 3225 3234
f 3242 3241 3261
f 3246 3257 3221
f 3254 3246 3245
f 3247 3253 3255
f 3258 3228 3259
f 3268 3269 3270
f 3271 3272 3273
f 3274 3275 3276
f 3277 3278 3279
f 3280 3281 3282
f 3283 3284 3285
f 3286 3287 3288
f 3282 3285 3284
f 3287 3281 3288
f 3286 3273 3272
f 3284 3283 3289
f 3289 3283 3290
f 3279 3291 3271
f 3289 3290 3292
f 3292 3290 3293
f 3294 3295 3296
f 3292 3296 3295
f 3297 3298 3294
f 3269 3298 3299
f 3300 3277 3275
f 3269 3299 3270
f 3276 3301 3302
f 3303 3301 3304
f 3305 3306 3307
f 3308 3309 3310
f 3307 3309 3308
f 3310 3311 3312
f 3313 3314 3315
f 3316 3313 3315
f 3317 3318 3319
f 3320 3321 3316
f 3320 3322 3321
f 3314 3312 3311
f 3323 3319 3324
f 3325 3324 3304
f 3284 3280 3282
f 3280 3288 3281
f 3288 3273 3286
f 3271 3326 3272
f 3271 3291 3326
f 3279 3278 3291
f 3277 3327 3278
f 3277 3300 3327
f 3275 3274 3300
f 3276 3328 3274
f 3276 3302 3328
f 3301 3303 3302
f 3301 3325 3304
f 3325 3323 3324
f 3323 3317 3319
f 3317 3322 3318
f 3322 3320 3318
f 3321 3313 3316
f 3313 3312 3314
f 3312 3308 3310
f 3307 3306 3309
f 3305 3329 3306
f 3330 3329 3305
f 3330 3331 3332
f 3330 3332 3329
f 3330 3268 3331
f 3331 3268 3270
f 3297 3299 3298
f 3298 3295 3294
f 3296 3292 3293
f 3333 3334 3335
f 3336 3337 3338
f 3339 3340 3341
f 3337 3339 3341
f 3340 3342 3343
f 3344 3343 3342
f 3345 3343 3344
f 3345 3346 3347
f 3348 3349 3350
f 3345 3344 3346
f 3339 3342 3340
f 3351 3352 3338
f 3338 3352 3336
f 3352 3351 3353
f 3351 3354 3353
f 3353 3354 3355
f 3354 3356 3355
f 3356 3357 3355
f 3358 3357 3356
f 3359 3357 3333
f 3360 3361 3358
f 3358 3361 3357
f 3346 3362 3347
f 3347 3362 3363
f 3337 3336 3364
f 3339 3337 3364
f 3364 3336 3352
f 3362 3346 3365
f 3361 3333 3357
f 3355 3357 3359
f 3352 3366 3364
f 3352 3353 3366
f 3339 3367 3342
f 3367 3339 3364
f 3365 3346 3344
f 3355 3368 3353
f 3359 3368 3355
f 3366 3353 3368
f 3367 3364 3369
f 3369 3364 3366
f 3344 3342 3370
f 3370 3342 3367
f 3365 3344 3370
f 3368 3359 3333
f 3368 3369 3366
f 3370 3371 3365
f 3349 3365 3371
f 3365 3349 3362
f 3369 3368 3372
f 3373 3369 3374
f 3367 3369 3375
f 3367 3371 3370
f 3349 3371 3376
f 3335 3377 3333
f 3377 3368 3333
f 3377 3378 3368
f 3378 3379 3368
f 3379 3372 3368
f 3372 3380 3369
f 3369 3380 3374
f 3373 3375 3369
f 3375 3381 3367
f 3382 3367 3381
f 3382 3383 3367
f 3383 3384 3371
f 3383 3371 3367
f 3371 3384 3385
f 3385 3376 3371
f 3376 3350 3349
f 3386 3387 3388
f 3389 3390 3391
f 3390 3392 3391
f 3389 3393 3390
f 3394 3395 3396
f 3397 3398 3396
f 3397 3399 3398
f 3399 3400 3398
f 3400 3399 3401
f 3400 3401 3402
f 3403 3404 3401
f 3402 3401 3404
f 3395 3397 3396
f 3394 3393 3395
f 3390 3393 3394
f 3391 3392 3388
f 3386 3388 3392
f 3405 3406 3407
f 3408 3409 3410
f 3409 3411 3410
f 3412 3408 3413
f 3414 3415 3413
f 3416 3417 3418
f 3417 3419 3418
f 3420 3419 3417
f 3421 3422 3423
f 3424 3423 3425
f 3424 3425 3426
f 3421 3427 3428
f 3429 3430 3431
f 3422 3421 3430
f 3426 3432 3424
f 3433 3432 3426
f 3434 3433 3435
f 3435 3436 3434
f 3420 3417 3436
f 3437 3436 3417
f 3414 3413 3416
f 3412 3413 3415
f 3413 3408 3410
f 3411 3409 3438
f 3439 3438 3440
f 3438 3439 3411
f 3440 3441 3439
f 3424 3421 3423
f 3422 3430 3429
f 3413 3442 3443
f 3443 3416 3413
f 3443 3417 3416
f 3437 3434 3436
f 3434 3432 3433
f 3444 3439 3445
f 3410 3407 3413
f 3446 3447 3432
f 3411 3448 3405
f 3411 3439 3448
f 3410 3411 3405
f 3449 3417 3443
f 3413 3407 3442
f 3434 3437 3446
f 3421 3424 3427
f 3444 3448 3439
f 3410 3405 3407
f 3434 3446 3432
f 3432 3447 3424
f 3428 3450 3430
f 3421 3428 3430
f 3449 3443 3442
f 3406 3442 3407
f 3449 3451 3417
f 3451 3437 3417
f 3445 3448 3444
f 3446 3437 3451
f 3447 3427 3424
f 3427 3450 3428
f 3452 3453 3454
f 3455 3456 3457
f 3458 3456 3455
f 3459 3458 3455
f 3453 3457 3456
f 3452 3457 3453
f 3460 3452 3454
f 3461 3462 3460
f 3462 3463 3460
f 3464 3463 3462
f 3465 3464 3462
f 3460 3454 3461
f 3466 3467 3468
f 3469 3470 3471
f 3466 3472 3473
f 3466 3471 3474
f 3466 3473 3471
f 3472 3466 3468
f 3475 3472 3468
f 3473 3472 3476
f 3477 3469 3473
f 3473 3469 3471
f 3478 3479 3480
f 3479 3478 3481
f 3482 3483 3484
f 3483 3482 3485
f 3486 3487 3488
f 3487 3486 3489
f 3490 3491 3492
f 3491 3490 3493
f 3494 3495 3496
f 3495 3494 3497
f 3498 3499 3500
f 3499 3498 3501
f 3502 3503 3504
f 3503 3502 3505
f 3506 3507 3508
f 3507 3506 3509
f 3510 3511 3512
f 3510 3512 3513
f 3514 3515 3516
f 3515 3514 3517
f 3518 3519 3520
f 3518 3520 3521
f 3522 3523 3524
f 3522 3524 3525
f 3526 3527 3528
f 3529 3530 3531
f 3532 3533 3526
f 3534 3535 3536
f 3533 3537 3526
f 3538 3526 3539
f 3538 3540 3541
f 3539 3540 3538
f 3542 3529 3531
f 3543 3531 3530
f 3543 3544 3531
f 3542 3531 3541
f 3526 3537 3539
f 3544 3535 3531
f 3535 3544 3536
f 3545 3546 3547
f 3535 3534 3547
f 3548 3532 3526
f 3549 3547 3546
f 3549 3550 3547
f 3550 3551 3547
f 3547 3551 3552
f 3553 3528 3527
f 3554 3553 3527
f 3553 3554 3555
f 3552 3551 3556
f 3552 3556 3557
f 3557 3556 3558
f 3554 3559 3560
f 3559 3554 3561
f 3562 3557 3563
f 3564 3554 3565
f 3566 3567 3568
f 3557 3562 3569
f 3570 3568 3567
f 3571 3567 3572
f 3573 3571 3572
f 3571 3570 3567
f 3557 3573 3572
f 3573 3557 3569
f 3574 3575 3567
f 3574 3567 3566
f 3554 3564 3561
f 3557 3558 3563
f 3547 3534 3545
f 3531 3538 3541
f 3528 3548 3526
f 3554 3560 3555
f 3564 3565 3575
f 3565 3567 3575
f 3576 3577 3578
f 3579 3578 3577
f 3580 3581 3582
f 3583 3582 3584
f 3585 3586 3583
f 3586 3585 3587
f 3586 3587 3588
f 3588 3589 3590
f 3589 3588 3587
f 3584 3585 3583
f 3582 3581 3584
f 3591 3580 3579
f 3581 3580 3591
f 3579 3577 3591
f 3592 3576 3578
f 3576 3592 3593
f 3593 3592 3594
f 3595 3596 3597
f 3598 3599 3600
f 3600 3601 3598
f 3601 3602 3603
f 3604 3605 3606
f 3606 3607 3604
f 3608 3606 3609
f 3605 3609 3606
f 3610 3604 3607
f 3602 3610 3607
f 3602 3611 3610
f 3611 3602 3601
f 3598 3601 3603
f 3595 3599 3598
f 3595 3597 3599
f 3597 3596 3612
f 3613 3614 3615
f 3613 3616 3617
f 3618 3619 3620
f 3621 3622 3618
f 3623 3624 3625
f 3626 3624 3623
f 3627 3628 3629
f 3628 3630 3631
f 3632 3630 3633
f 3633 3634 3632
f 3634 3635 3632
f 3636 3637 3634
f 3635 3634 3637
f 3636 3638 3637
f 3639 3640 3636
f 3638 3636 3640
f 3641 3639 3642
f 3639 3641 3640
f 3630 3628 3633
f 3627 3629 3625
f 3629 3628 3631
f 3625 3624 3627
f 3643 3626 3644
f 3623 3644 3626
f 3643 3644 3645
f 3645 3646 3643
f 3646 3622 3621
f 3621 3643 3646
f 3618 3620 3621
f 3620 3619 3647
f 3620 3647 3614
f 3615 3614 3647
f 3617 3616 3648
f 3616 3613 3615
f 3649 3650 3648
f 3617 3648 3650
f 3651 3652 3653
f 3654 3655 3656
f 3657 3658 3659
f 3658 3656 3659
f 3660 3661 3662
f 3663 3664 3665
f 3664 3662 3665
f 3666 3667 3668
f 3669 3668 3667
f 3666 3668 3670
f 3671 3666 3672
f 3670 3672 3666
f 3671 3672 3673
f 3671 3673 3674
f 3673 3675 3674
f 3675 3676 3674
f 3677 3676 3675
f 3678 3663 3669
f 3669 3667 3678
f 3663 3678 3664
f 3665 3662 3661
f 3660 3662 3679
f 3680 3660 3679
f 3681 3657 3680
f 3681 3680 3679
f 3682 3683 3684
f 3681 3658 3657
f 3656 3655 3659
f 3685 3654 3656
f 3685 3682 3654
f 3683 3682 3685
f 3686 3684 3683
f 3683 3687 3686
f 3687 3652 3686
f 3652 3687 3653
f 3688 3689 3690
f 3690 3691 3688
f 3691 3690 3692
f 3693 3691 3694
f 3693 3688 3691
f 3694 3695 3696
f 3696 3693 3694
f 3697 3696 3695
f 3698 3699 3700
f 3699 3701 3700
f 3698 3700 3702
f 3703 3704 3705
f 3706 3707 3708
f 3705 3709 3708
f 3707 3706 3710
f 3708 3707 3705
f 3705 3704 3709
f 3711 3704 3703
f 3711 3702 3704
f 3702 3711 3698
f 3712 3701 3713
f 3713 3701 3699
f 3714 3712 3713
f 3713 3715 3714
f 3715 3697 3714
f 3697 3715 3696
f 3716 3717 3718
f 3718 3719 3716
f 3720 3719 3721
f 3721 3722 3723
f 3723 3724 3725
f 3726 3725 3727
f 3724 3727 3725
f 3728 3724 3723
f 3723 3722 3728
f 3722 3721 3719
f 3720 3716 3719
f 3718 3717 3729
f 3730 3731 3732
f 3732 3733 3734
f 3731 3735 3736
f 3737 3738 3734
f 3732 3739 3740
f 3735 3741 3736
f 3742 3743 3744
f 3741 3742 3744
f 3741 3744 3745
f 3746 3747 3748
f 3749 3750 3751
f 3749 3746 3748
f 3752 3751 3750
f 3753 3754 3755
f 3756 3757 3755
f 3758 3759 3760
f 3760 3757 3758
f 3760 3759 3761
f 3762 3763 3764
f 3758 3757 3756
f 3754 3756 3755
f 3765 3753 3755
f 3766 3752 3765
f 3749 3751 3746
f 3736 3732 3731
f 3730 3732 3740
f 3766 3765 3755
f 3751 3752 3766
f 3767 3768 3744
f 3744 3743 3767
f 3746 3767 3747
f 3745 3736 3741
f 3739 3732 3738
f 3769 3751 3766
f 3764 3760 3762
f 3746 3770 3771
f 3751 3770 3746
f 3757 3763 3772
f 3763 3757 3760
f 3755 3757 3772
f 3767 3746 3768
f 3773 3736 3745
f 3732 3736 3733
f 3764 3763 3760
f 3738 3732 3734
f 3771 3768 3746
f 3774 3744 3768
f 3774 3745 3744
f 3772 3769 3766
f 3772 3766 3755
f 3769 3770 3751
f 3774 3773 3745
f 3733 3736 3773
f 3737 3734 3733
f 3775 3776 3777
f 3778 3779 3780
f 3775 3780 3776
f 3779 3776 3780
f 3775 3781 3782
f 3781 3775 3777
f 3781 3783 3782
f 3784 3783 3785
f 3786 3787 3788
f 3788 3787 3789
f 3789 3787 3790
f 3791 3786 3788
f 3785 3786 3791
f 3792 3785 3791
f 3784 3785 3792
f 3784 3782 3783
f 3793 3794 3795
f 3796 3793 3795
f 3797 3795 3798
f 3797 3798 3799
f 3800 3801 3799
f 3798 3800 3799
f 3796 3795 3797
f 3794 3802 3803
f 3802 3794 3793
f 3803 3802 3804
f 3805 3803 3804
f 3804 3806 3805
f 3807 3808 3805
f 3805 3806 3807
f 3807 3809 3808
f 3809 3807 3810
f 3810 3811 3809
f 3812 3813 3814
f 3815 3813 3811
f 3813 3815 3816
f 3817 3814 3818
f 3805 3819 3803
f 3820 3821 3803
f 3795 3794 3821
f 3800 3822 3801
f 3801 3822 3823
f 3809 3811 3813
f 3805 3808 3819
f 3794 3803 3821
f 3822 3800 3824
f 3816 3814 3813
f 3809 3813 3812
f 3820 3803 3819
f 3825 3826 3821
f 3824 3800 3798
f 3809 3827 3808
f 3812 3827 3809
f 3819 3808 3827
f 3798 3795 3826
f 3826 3795 3821
f 3824 3798 3826
f 3827 3812 3814
f 3820 3819 3828
f 3827 3828 3819
f 3821 3820 3828
f 3828 3825 3821
f 3826 3829 3824
f 3830 3824 3829
f 3824 3830 3822
f 3828 3827 3831
f 3832 3828 3833
f 3825 3828 3834
f 3825 3829 3826
f 3830 3829 3835
f 3817 3836 3814
f 3836 3837 3827
f 3836 3827 3814
f 3837 3838 3827
f 3838 3831 3827
f 3831 3839 3828
f 3828 3839 3833
f 3832 3834 3828
f 3834 3840 3825
f 3840 3841 3825
f 3841 3842 3825
f 3842 3829 3825
f 3829 3842 3843
f 3843 3835 3829
f 3830 3835 3844
f 3845 3846 3847
f 3848 3847 3846
f 3849 3847 3848
f 3846 3845 3850
f 3850 3845 3851
f 3851 3852 3850
f 3851 3853 3852
f 3854 3852 3853
f 3854 3853 3855
f 3856 3857 3855
f 3855 3858 3856
f 3853 3858 3855
f 3859 3860 3861
f 3860 3862 3863
f 3864 3865 3866
f 3861 3860 3863
f 3867 3866 3863
f 3866 3861 3863
f 3865 3868 3866
f 3865 3869 3868
f 3868 3861 3866
f 3861 3868 3870
f 3871 3872 3873
f 3872 3874 3873
f 3875 3876 3871
f 3877 3878 3879
f 3880 3879 3876
f 3877 3881 3878
f 3882 3883 3884
f 3882 3884 3885
f 3882 3881 3883
f 3882 3878 3881
f 3880 3877 3879
f 3876 3875 3880
f 3875 3871 3873
f 3886 3874 3872
f 3887 3888 3886
f 3874 3886 3888
f 3889 3887 3890
f 3887 3889 3888
f 3891 3889 3890
f 3891 3890 3892
f 3893 3894 3895
f 3894 3893 3896
f 3893 3897 3896
f 3897 3898 3892
f 3893 3898 3897
f 3892 3898 3891
f 3899 3900 3901
f 3900 3899 3902
f 3903 3904 3905
f 3904 3903 3906
f 3907 3908 3909
f 3907 3909 3910
f 3911 3912 3913
f 3912 3911 3914
f 3915 3916 3917
f 3915 3917 3918
f 3919 3920 3921
f 3919 3921 3922
f 3923 3924 3925
f 3924 3923 3926
f 3927 3928 3929
f 3928 3927 3930
f 3931 3932 3933
f 3932 3931 3934
f 3935 3936 3937
f 3936 3935 3938
f 3939 3940 3941
f 3940 3939 3942
f 3943 3944 3945
f 3944 3943 3946
f 3947 3948 3949
f 3950 3951 3952
f 3951 3953 3954
f 3955 3954 3956
f 3953 3956 3954
f 3950 3953 3951
f 3950 3952 3947
f 3947 3952 3948
f 3949 3948 3957
f 3949 3957 3958
f 3959 3958 3957
f 3960 3961 3962
f 3963 3961 3964
f 3961 3960 3965
f 3966 3967 3963
f 3962 3968 3960
f 3968 3962 3969
f 3970 3963 3967
f 3970 3971 3963
f 3962 3972 3969
f 3973 3963 3971
f 3974 3975 3976
f 3973 3977 3978
f 3976 3979 3980
f 3981 3976 3982
f 3983 3976 3984
f 3985 3986 3987
f 3984 3986 3985
f 3988 3989 3990
f 3987 3986 3991
f 3992 3993 3994
f 3995 3992 3994
f 3995 3991 3986
f 3993 3992 3989
f 3989 3996 3990
f 3997 3996 3989
f 3985 3983 3984
f 3998 3999 3989
f 3989 3999 3997
f 3998 3978 4000
f 3995 3986 3992
f 3981 3979 3976
f 3978 4001 4002
f 4002 4003 3978
f 3974 3976 3980
f 4004 3975 3974
f 3973 3971 4005
f 3975 4006 3962
f 3962 4006 3972
f 3988 3993 3989
f 3978 4003 4000
f 4000 3999 3998
f 4001 3978 3977
f 3977 3973 4005
f 3966 3963 3964
f 3964 3961 3965
f 4006 3975 4004
f 3983 3982 3976
f 4007 4008 4009
f 4010 4011 4012
f 4013 4014 4015
f 4016 4017 4018
f 4015 4019 4020
f 4014 4013 4021
f 4020 4019 4022
f 4020 4023 4024
f 4014 4019 4015
f 4017 4016 4025
f 4024 4026 4027
f 4023 4026 4024
f 4028 4029 4030
f 4029 4031 4032
f 4033 4034 4035
f 4013 4011 4021
f 4010 4021 4011
f 4034 4036 4037
f 4009 4037 4038
f 4039 4012 4040
f 4041 4042 4008
f 4043 4040 4044
f 4045 4046 4044
f 4042 4047 4048
f 4049 4050 4048
f 4051 4052 4053
f 4054 4052 4051
f 4053 4055 4056
f 4057 4058 4055
f 4059 4060 4061
f 4057 4062 4061
f 4045 4060 4063
f 4032 4064 4035
f 4012 4039 4010
f 4040 4065 4039
f 4040 4043 4065
f 4044 4046 4043
f 4045 4066 4046
f 4045 4063 4066
f 4060 4067 4063
f 4060 4059 4067
f 4061 4062 4059
f 4061 4058 4057
f 4058 4056 4055
f 4056 4051 4053
f 4051 4050 4054
f 4050 4049 4054
f 4048 4068 4049
f 4048 4047 4068
f 4042 4041 4047
f 4008 4007 4041
f 4009 4038 4007
f 4037 4036 4038
f 4034 4069 4036
f 4034 4033 4069
f 4035 4064 4033
f 4032 4070 4064
f 4032 4031 4070
f 4029 4028 4031
f 4030 4071 4028
f 4072 4071 4030
f 4072 4073 4071
f 4073 4072 4074
f 4025 4075 4072
f 4074 4072 4075
f 4016 4075 4025
f 4027 4018 4017
f 4027 4026 4018
f 4023 4020 4022
f 4076 4077 4078
f 4079 4080 4081
f 4082 4083 4084
f 4085 4086 4077
f 4087 4088 4089
f 4081 4087 4089
f 4088 4090 4091
f 4092 4091 4090
f 4093 4094 4095
f 4096 4097 4098
f 4095 4092 4093
f 4091 4092 4095
f 4088 4087 4090
f 4099 4080 4079
f 4099 4100 4085
f 4086 4085 4100
f 4101 4084 4102
f 4077 4086 4078
f 4078 4103 4076
f 4104 4101 4103
f 4099 4105 4080
f 4106 4107 4080
f 4090 4087 4107
f 4093 4108 4094
f 4094 4108 4109
f 4103 4101 4076
f 4099 4085 4105
f 4087 4081 4080
f 4087 4080 4107
f 4108 4093 4110
f 4077 4076 4102
f 4106 4080 4105
f 4111 4112 4107
f 4110 4093 4092
f 4101 4102 4076
f 4077 4113 4085
f 4102 4113 4077
f 4105 4085 4113
f 4092 4090 4112
f 4112 4090 4107
f 4110 4092 4112
f 4113 4102 4084
f 4106 4105 4114
f 4113 4114 4105
f 4107 4106 4114
f 4114 4111 4107
f 4112 4115 4110
f 4097 4110 4115
f 4110 4097 4108
f 4114 4113 4116
f 4117 4114 4118
f 4111 4114 4119
f 4111 4115 4112
f 4097 4115 4120
f 4083 4121 4084
f 4121 4122 4113
f 4121 4113 4084
f 4122 4123 4113
f 4123 4124 4113
f 4124 4116 4113
f 4116 4125 4114
f 4114 4125 4118
f 4117 4119 4114
f 4119 4126 4111
f 4127 4111 4126
f 4127 4128 4111
f 4128 4129 4115
f 4128 4115 4111
f 4115 4129 4130
f 4130 4120 4115
f 4120 4098 4097
f 4131 4132 4133
f 4133 4134 4131
f 4135 4136 4137
f 4137 4138 4139
f 4140 4138 4141
f 4142 4140 4141
f 4141 4143 4142
f 4144 4143 4141
f 4138 4140 4139
f 4139 4135 4137
f 4145 4136 4135
f 4146 4136 4145
f 4147 4146 4145
f 4146 4147 4148
f 4134 4148 4147
f 4133 4148 4134
f 4149 4150 4151
f 4152 4151 4150
f 4153 4154 4155
f 4156 4155 4157
f 4158 4159 4160
f 4161 4160 4162
f 4158 4163 4164
f 4165 4164 4166
f 4167 4158 4168
f 4169 4161 4162
f 4170 4169 4171
f 4153 4155 4156
f 4172 4170 4171
f 4157 4173 4156
f 4173 4157 4174
f 4175 4176 4154
f 4152 4150 4175
f 4149 4177 4150
f 4177 4149 4178
f 4179 4178 4180
f 4178 4179 4177
f 4180 4181 4179
f 4161 4158 4160
f 4159 4158 4167
f 4176 4175 4150
f 4182 4154 4176
f 4183 4184 4185
f 4182 4155 4154
f 4185 4172 4183
f 4157 4183 4174
f 4172 4185 4170
f 4170 4161 4169
f 4168 4158 4165
f 4186 4182 4176
f 4187 4179 4188
f 4157 4189 4190
f 4155 4189 4157
f 4191 4177 4179
f 4183 4157 4184
f 4170 4185 4192
f 4193 4161 4170
f 4158 4161 4163
f 4187 4191 4179
f 4191 4150 4177
f 4165 4158 4164
f 4190 4184 4157
f 4155 4182 4189
f 4188 4191 4187
f 4191 4194 4150
f 4194 4186 4176
f 4194 4176 4150
f 4186 4189 4182
f 4184 4192 4185
f 4192 4193 4170
f 4163 4161 4193
f 4164 4163 4166
f 4195 4196 4197
f 4198 4199 4200
f 4201 4202 4203
f 4198 4200 4204
f 4205 4206 4207
f 4208 4209 4210
f 4210 4209 4211
f 4212 4213 4214
f 4208 4214 4213
f 4214 4215 4212
f 4204 4216 4198
f 4217 4218 4207
f 4219 4207 4218
f 4220 4217 4221
f 4211 4220 4221
f 4222 4215 4214
f 4223 4224 4215
f 4214 4208 4210
f 4223 4216 4224
f 4215 4222 4223
f 4225 4199 4198
f 4216 4223 4198
f 4225 4201 4199
f 4226 4227 4197
f 4201 4225 4202
f 4228 4229 4226
f 4227 4195 4197
f 4207 4221 4217
f 4202 4195 4203
f 4226 4230 4228
f 4227 4226 4229
f 4221 4210 4211
f 4202 4196 4195
f 4231 4230 4226
f 4232 4233 4214
f 4234 4225 4198
f 4205 4207 4219
f 4233 4223 4222
f 4235 4226 4197
f 4221 4206 4236
f 4207 4206 4221
f 4236 4210 4221
f 4236 4232 4210
f 4232 4214 4210
f 4233 4222 4214
f 4233 4237 4223
f 4237 4234 4198
f 4237 4198 4223
f 4234 4238 4225
f 4238 4196 4202
f 4238 4202 4225
f 4235 4197 4196
f 4235 4231 4226
f 4239 4240 4241
f 4242 4243 4244
f 4245 4246 4247
f 4241 4248 4239
f 4249 4250 4247
f 4249 4247 4246
f 4243 4246 4245
f 4243 4245 4244
f 4240 4251 4252
f 4253 4239 4248
f 4253 4248 4254
f 4254 4255 4253
f 4256 4255 4254
f 4241 4240 4252
f 4251 4257 4252
f 4251 4242 4257
f 4257 4242 4244
f 4258 4259 4260
f 4261 4262 4263
f 4264 4265 4262
f 4266 4264 4267
f 4267 4268 4266
f 4269 4270 4268
f 4267 4269 4268
f 4265 4264 4266
f 4261 4263 4271
f 4271 4263 4272
f 4271 4272 4273
f 4274 4273 4275
f 4273 4272 4275
f 4275 4276 4274
f 4276 4275 4277
f 4277 4260 4276
f 4260 4277 4258
f 4278 4279 4280
f 4259 4281 4279
f 4282 4280 4283
f 4271 4284 4261
f 4264 4262 4261
f 4269 4285 4270
f 4270 4285 4286
f 4259 4279 4260
f 4285 4269 4287
f 4276 4260 4278
f 4273 4288 4271
f 4273 4274 4288
f 4284 4271 4288
f 4261 4289 4264
f 4289 4261 4284
f 4287 4269 4267
f 4279 4278 4260
f 4276 4290 4274
f 4278 4290 4276
f 4288 4274 4290
f 4267 4264 4291
f 4291 4264 4289
f 4287 4267 4291
f 4290 4278 4280
f 4284 4288 4292
f 4290 4292 4288
f 4289 4284 4292
f 4293 4289 4294
f 4291 4295 4287
f 4296 4287 4295
f 4287 4296 4285
f 4292 4290 4297
f 4289 4292 4298
f 4289 4295 4291
f 4296 4295 4299
f 4282 4300 4280
f 4300 4301 4290
f 4300 4290 4280
f 4301 4302 4290
f 4302 4297 4290
f 4297 4303 4292
f 4303 4304 4292
f 4304 4298 4292
f 4298 4305 4289
f 4305 4294 4289
f 4293 4306 4289
f 4306 4295 4289
f 4295 4306 4307
f 4307 4299 4295
f 4308 4309 4310
f 4309 4308 4311
f 4308 4312 4311
f 4311 4312 4313
f 4310 4309 4314
f 4315 4310 4314
f 4316 4315 4314
f 4317 4315 4316
f 4318 4319 4320
f 4318 4321 4319
f 4316 4318 4317
f 4321 4318 4316
f 4322 4323 4324
f 4325 4326 4327
f 4328 4322 4327
f 4329 4330 4322
f 4329 4322 4324
f 4331 4329 4324
f 4322 4330 4327
f 4329 4332 4330
f 4330 4325 4327
f 4325 4330 4333
f 4334 4335 4336
f 4336 4337 4338
f 4339 4340 4341
f 4342 4340 4343
f 4344 4345 4346
f 4345 4344 4342
f 4342 4343 4345
f 4343 4340 4339
f 4347 4339 4341
f 4347 4341 4348
f 4347 4348 4349
f 4335 4349 4348
f 4335 4350 4349
f 4335 4334 4350
f 4334 4336 4338
f 4351 4338 4337
f 4352 4338 4351
f 4352 4351 4353
f 4353 4354 4352
f 4353 4355 4354
f 4356 4357 4358
f 4359 4360 4361
f 4356 4361 4360
f 4362 4357 4356
f 4358 4361 4356
f 4357 4362 4355
f 4362 4354 4355
f 4363 4364 4365
f 4364 4363 4366
f 4367 4368 4369
f 4368 4367 4370
f 4371 4372 4373
f 4371 4373 4374
f 4375 4376 4377
f 4375 4377 4378
f 4379 4380 4381
f 4380 4379 4382
f 4383 4384 4385
f 4383 4385 4386
f 4387 4388 4389
f 4388 4387 4390
f 4391 4392 4393
f 4392 4391 4394
f 4395 4396 4397
f 4396 4395 4398
f 4399 4400 4401
f 4400 4399 4402
f 4403 4404 4405
f 4404 4403 4406
f 4407 4408 4409
f 4408 4407 4410
f 4411 4412 4413
f 4414 4415 4413
f 4414 4416 4415
f 4417 4416 4418
f 4417 4419 4420
f 4417 4420 4421
f 4417 4418 4419
f 4416 4414 4418
f 4411 4413 4415
f 4411 4422 4412
f 4422 4423 4412
f 4412 4423 4424
f 4425 4426 4427
f 4425 4428 4429
f 4430 4428 4431
f 4426 4425 4429
f 4432 4433 4425
f 4427 4432 4425
f 4434 4431 4435
f 4436 4437 4438
f 4439 4440 4435
f 4437 4441 4442
f 4443 4439 4444
f 4445 4446 4447
f 4448 4446 4445
f 4438 4437 4449
f 4437 4442 4449
f 4450 4437 4451
f 4436 4451 4437
f 4441 4452 4453
f 4454 4450 4455
f 4454 4448 4445
f 4453 4452 4456
f 4452 4457 4456
f 4458 4457 4452
f 4459 4460 4452
f 4460 4458 4452
f 4444 4445 4447
f 4461 4462 4459
f 4463 4464 4461
f 4462 4461 4464
f 4465 4435 4440
f 4466 4461 4467
f 4435 4465 4468
f 4434 4435 4468
f 4442 4441 4453
f 4463 4461 4466
f 4460 4459 4462
f 4469 4461 4433
f 4467 4461 4469
f 4469 4433 4432
f 4428 4425 4431
f 4430 4431 4434
f 4439 4435 4444
f 4447 4443 4444
f 4454 4445 4450
f 4451 4455 4450
f 4470 4471 4472
f 4473 4474 4475
f 4476 4477 4478
f 4479 4480 4481
f 4479 4482 4480
f 4483 4484 4485
f 4486 4481 4487
f 4488 4489 4490
f 4491 4492 4486
f 4493 4494 4495
f 4496 4497 4498
f 4482 4499 4500
f 4501 4494 4502
f 4499 4503 4504
f 4501 4502 4505
f 4506 4507 4505
f 4503 4508 4473
f 4506 4509 4510
f 4474 4511 4475
f 4512 4513 4509
f 4514 4513 4512
f 4470 4511 4515
f 4516 4517 4518
f 4514 4518 4519
f 4472 4520 4521
f 4522 4523 4524
f 4525 4526 4527
f 4528 4527 4523
f 4529 4530 4531
f 4530 4526 4525
f 4532 4533 4534
f 4529 4533 4532
f 4521 4520 4534
f 4482 4500 4480
f 4493 4535 4496
f 4500 4499 4504
f 4503 4499 4508
f 4473 4508 4474
f 4511 4474 4515
f 4470 4515 4471
f 4472 4471 4520
f 4534 4520 4532
f 4533 4529 4531
f 4530 4529 4526
f 4528 4525 4527
f 4523 4527 4524
f 4522 4524 4517
f 4522 4517 4516
f 4518 4517 4519
f 4514 4519 4513
f 4509 4513 4510
f 4506 4510 4507
f 4505 4507 4501
f 4494 4501 4495
f 4493 4495 4535
f 4496 4535 4497
f 4498 4497 4476
f 4476 4497 4477
f 4536 4537 4478
f 4478 4477 4536
f 4490 4537 4536
f 4536 4488 4490
f 4488 4484 4489
f 4484 4483 4489
f 4484 4492 4485
f 4491 4485 4492
f 4491 4486 4487
f 4481 4486 4479
f 4538 4539 4540
f 4541 4542 4543
f 4544 4545 4546
f 4542 4547 4543
f 4542 4548 4547
f 4549 4548 4550
f 4551 4552 4550
f 4553 4554 4555
f 4556 4557 4558
f 4555 4551 4553
f 4552 4551 4555
f 4552 4549 4550
f 4543 4559 4541
f 4549 4547 4548
f 4541 4559 4560
f 4539 4559 4540
f 4539 4560 4559
f 4561 4562 4546
f 4563 4538 4540
f 4564 4562 4563
f 4542 4565 4548
f 4553 4566 4554
f 4554 4566 4567
f 4563 4562 4538
f 4566 4553 4568
f 4539 4538 4561
f 4541 4569 4542
f 4541 4560 4569
f 4565 4542 4569
f 4548 4570 4550
f 4570 4548 4565
f 4568 4553 4551
f 4562 4561 4538
f 4539 4571 4560
f 4561 4571 4539
f 4569 4560 4571
f 4551 4550 4572
f 4572 4550 4570
f 4568 4551 4572
f 4571 4561 4546
f 4565 4569 4573
f 4571 4573 4569
f 4570 4565 4573
f 4572 4574 4568
f 4557 4568 4574
f 4568 4557 4566
f 4573 4571 4575
f 4576 4573 4577
f 4570 4573 4578
f 4570 4574 4572
f 4557 4574 4579
f 4545 4580 4546
f 4580 4581 4546
f 4581 4571 4546
f 4581 4582 4571
f 4582 4575 4571
f 4575 4583 4573
f 4583 4577 4573
f 4576 4578 4573
f 4578 4584 4570
f 4585 4570 4584
f 4585 4586 4570
f 4586 4587 4574
f 4586 4574 4570
f 4587 4579 4574
f 4579 4558 4557
f 4588 4589 4590
f 4591 4592 4593
f 4594 4595 4596
f 4597 4598 4595
f 4598 4597 4599
f 4599 4597 4600
f 4601 4602 4600
f 4599 4600 4602
f 4595 4598 4596
f 4603 4595 4594
f 4591 4603 4604
f 4594 4604 4603
f 4592 4591 4604
f 4592 4590 4593
f 4593 4590 4589
f 4605 4588 4590
f 4588 4605 4606
f 4606 4605 4607
f 4608 4609 4610
f 4611 4612 4613
f 4614 4615 4616
f 4617 4618 4619
f 4620 4621 4618
f 4622 4617 4619
f 4617 4620 4618
f 4609 4623 4619
f 4619 4623 4622
f 4609 4608 4624
f 4609 4625 4610
f 4626 4627 4628
f 4623 4609 4624
f 4618 4621 4615
f 4629 4630 4611
f 4631 4611 4630
f 4632 4629 4611
f 4616 4632 4611
f 4614 4618 4615
f 4633 4625 4609
f 4633 4628 4625
f 4634 4635 4636
f 4628 4633 4626
f 4637 4638 4634
f 4639 4627 4636
f 4635 4639 4636
f 4626 4636 4627
f 4634 4640 4637
f 4635 4634 4638
f 4641 4614 4616
f 4616 4611 4641
f 4642 4640 4634
f 4619 4618 4643
f 4644 4645 4609
f 4644 4609 4619
f 4646 4633 4609
f 4646 4609 4645
f 4647 4636 4648
f 4612 4611 4631
f 4649 4643 4618
f 4619 4643 4644
f 4647 4634 4636
f 4650 4642 4634
f 4613 4641 4611
f 4641 4649 4614
f 4649 4618 4614
f 4644 4646 4645
f 4646 4651 4633
f 4651 4648 4633
f 4648 4626 4633
f 4648 4636 4626
f 4647 4650 4634
f 4652 4653 4654
f 4652 4655 4656
f 4657 4652 4658
f 4654 4659 4660
f 4661 4662 4663
f 4664 4665 4666
f 4667 4668 4669
f 4670 4671 4672
f 4673 4674 4672
f 4675 4674 4676
f 4677 4678 4679
f 4678 4675 4676
f 4675 4680 4681
f 4675 4672 4674
f 4671 4673 4672
f 4670 4669 4682
f 4669 4668 4682
f 4665 4683 4666
f 4669 4664 4667
f 4661 4684 4685
f 4683 4665 4685
f 4663 4684 4661
f 4660 4659 4662
f 4679 4678 4676
f 4660 4652 4654
f 4653 4652 4657
f 4686 4670 4672
f 4687 4664 4669
f 4686 4669 4670
f 4687 4665 4664
f 4688 4662 4661
f 4665 4661 4685
f 4660 4662 4688
f 4689 4665 4690
f 4680 4678 4691
f 4665 4687 4690
f 4692 4660 4688
f 4652 4660 4655
f 4680 4675 4678
f 4672 4681 4693
f 4672 4693 4686
f 4681 4672 4675
f 4687 4694 4690
f 4669 4694 4687
f 4661 4689 4688
f 4661 4665 4689
f 4660 4692 4655
f 4656 4695 4658
f 4658 4652 4656
f 4696 4686 4693
f 4669 4686 4696
f 4696 4694 4669
f 4681 4680 4691
f 4688 4689 4692
f 4697 4698 4699
f 4698 4697 4700
f 4701 4700 4702
f 4702 4703 4704
f 4705 4706 4703
f 4706 4707 4703
f 4708 4709 4710
f 4711 4712 4708
f 4713 4712 4711
f 4713 4711 4714
f 4714 4715 4713
f 4716 4715 4714
f 4708 4712 4709
f 4706 4710 4709
f 4706 4705 4710
f 4704 4703 4707
f 4704 4701 4702
f 4700 4701 4698
f 4717 4718 4719
f 4720 4717 4719
f 4721 4720 4722
f 4717 4720 4721
f 4723 4724 4722
f 4722 4725 4721
f 4722 4724 4725
f 4725 4724 4726
f 4727 4728 4729
f 4719 4730 4731
f 4730 4719 4718
f 4731 4730 4732
f 4731 4732 4733
f 4734 4733 4732
f 4734 4735 4733
f 4735 4734 4736
f 4737 4738 4735
f 4735 4736 4737
f 4738 4737 4739
f 4740 4741 4742
f 4743 4744 4745
f 4731 4746 4747
f 4720 4719 4747
f 4724 4748 4726
f 4726 4748 4749
f 4740 4742 4739
f 4738 4739 4750
f 4750 4739 4742
f 4733 4751 4746
f 4747 4752 4723
f 4719 4731 4747
f 4722 4720 4723
f 4747 4723 4720
f 4748 4724 4753
f 4733 4735 4751
f 4746 4731 4733
f 4754 4752 4747
f 4753 4724 4723
f 4742 4755 4750
f 4738 4756 4735
f 4750 4756 4738
f 4751 4735 4756
f 4746 4754 4747
f 4753 4723 4752
f 4756 4750 4744
f 4751 4756 4757
f 4754 4746 4757
f 4751 4757 4746
f 4752 4758 4753
f 4728 4753 4758
f 4753 4728 4748
f 4755 4744 4750
f 4757 4756 4759
f 4754 4757 4760
f 4754 4758 4752
f 4728 4758 4761
f 4745 4744 4755
f 4743 4762 4744
f 4762 4763 4744
f 4763 4756 4744
f 4763 4764 4756
f 4764 4765 4756
f 4765 4759 4756
f 4759 4766 4757
f 4766 4767 4757
f 4757 4767 4768
f 4768 4760 4757
f 4760 4769 4754
f 4769 4770 4754
f 4771 4754 4770
f 4771 4772 4754
f 4772 4773 4758
f 4772 4758 4754
f 4758 4773 4774
f 4774 4761 4758
f 4761 4729 4728
f 4775 4776 4777
f 4777 4776 4778
f 4779 4777 4778
f 4780 4779 4778
f 4775 4781 4776
f 4781 4775 4782
f 4781 4782 4783
f 4782 4784 4783
f 4783 4784 4785
f 4785 4784 4786
f 4787 4785 4786
f 4788 4789 4790
f 4791 4792 4793
f 4794 4795 4790
f 4795 4791 4790
f 4795 4796 4791
f 4793 4790 4791
f 4788 4790 4793
f 4797 4798 4793
f 4793 4798 4788
f 4788 4798 4799
f 4800 4801 4802
f 4803 4804 4805
f 4806 4803 4805
f 4804 4803 4807
f 4808 4807 4809
f 4807 4803 4809
f 4802 4810 4808
f 4807 4808 4810
f 4810 4802 4801
f 4811 4801 4800
f 4812 4813 4800
f 4811 4800 4813
f 4813 4812 4814
f 4815 4813 4814
f 4816 4815 4814
f 4816 4817 4815
f 4818 4817 4816
f 4819 4817 4818
f 4819 4818 4820
f 4819 4820 4821
f 4822 4820 4823
f 4820 4822 4821
f 4824 4822 4823
f 4825 4826 4827
f 4826 4824 4827
f 4822 4824 4828
f 4828 4824 4826
f 4829 4830 4831
f 4829 4831 4832
f 4833 4834 4835
f 4834 4833 4836
f 4837 4838 4839
f 4837 4839 4840
f 4841 4842 4843
f 4841 4843 4844
f 4845 4846 4847
f 4846 4845 4848
f 4849 4850 4851
f 4850 4849 4852
f 4853 4854 4855
f 4854 4853 4856
f 4857 4858 4859
f 4858 4857 4860
f 4861 4862 4863
f 4862 4861 4864
f 4865 4866 4867
f 4866 4865 4868
f 4869 4870 4871
f 4870 4869 4872
f 4873 4874 4875
f 4874 4873 4876
f 4877 4878 4879
f 4877 4880 4878
f 4877 4881 4880
f 4882 4883 4884
f 4885 4884 4886
f 4887 4885 4888
f 4888 4889 4887
f 4890 4887 4889
f 4891 4890 4889
f 4885 4886 4888
f 4886 4884 4883
f 4882 4881 4883
f 4880 4881 4882
f 4892 4893 4894
f 4894 4893 4895
f 4896 4897 4898
f 4892 4894 4899
f 4899 4894 4900
f 4901 4902 4903
f 4904 4898 4897
f 4905 4906 4898
f 4894 4907 4900
f 4908 4898 4906
f 4909 4908 4910
f 4911 4912 4913
f 4912 4914 4915
f 4915 4913 4912
f 4916 4917 4918
f 4919 4920 4921
f 4922 4902 4923
f 4924 4925 4919
f 4926 4924 4919
f 4927 4928 4902
f 4927 4902 4922
f 4920 4919 4925
f 4929 4930 4902
f 4916 4919 4921
f 4902 4901 4929
f 4916 4918 4919
f 4909 4931 4932
f 4909 4932 4903
f 4933 4931 4909
f 4934 4933 4909
f 4934 4909 4935
f 4911 4936 4912
f 4909 4910 4935
f 4937 4938 4936
f 4938 4912 4936
f 4939 4938 4937
f 4907 4894 4939
f 4932 4901 4903
f 4898 4904 4905
f 4906 4910 4908
f 4940 4898 4895
f 4896 4898 4940
f 4893 4940 4895
f 4939 4894 4938
f 4914 4912 4918
f 4914 4918 4917
f 4926 4919 4928
f 4927 4926 4928
f 4923 4902 4930
f 4941 4942 4943
f 4944 4945 4946
f 4947 4948 4949
f 4945 4950 4951
f 4952 4953 4954
f 4955 4956 4957
f 4958 4959 4960
f 4961 4962 4956
f 4963 4962 4964
f 4964 4962 4961
f 4955 4961 4956
f 4950 4963 4951
f 4965 4955 4957
f 4966 4967 4968
f 4969 4970 4971
f 4972 4969 4971
f 4953 4960 4959
f 4949 4948 4972
f 4954 4973 4974
f 4941 4943 4975
f 4941 4975 4976
f 4973 4977 4978
f 4979 4977 4980
f 4976 4981 4982
f 4983 4981 4984
f 4985 4986 4984
f 4985 4987 4988
f 4989 4990 4991
f 4992 4993 4994
f 4995 4993 4990
f 4996 4991 4987
f 4992 4997 4980
f 4958 4944 4959
f 4942 4948 4947
f 4964 4951 4963
f 4951 4946 4945
f 4946 4959 4944
f 4953 4998 4960
f 4953 4952 4998
f 4954 4999 4952
f 4954 4974 4999
f 4973 4978 4974
f 4977 4979 4978
f 4980 4997 4979
f 4992 4994 4997
f 4993 5000 4994
f 4993 4995 5000
f 4990 4989 4995
f 4991 5001 4989
f 4991 4996 5001
f 4991 4988 4987
f 4988 4986 4985
f 4986 4983 4984
f 4983 4982 4981
f 4982 4941 4976
f 4942 4947 4943
f 4972 5002 4949
f 5002 4972 4971
f 4970 4969 5003
f 5004 4970 5003
f 4967 5004 5003
f 4968 5005 4966
f 4967 4966 5004
f 4968 5006 5005
f 5005 5006 4965
f 4955 4965 5006
f 5007 5008 5009
f 5010 5011 5012
f 5013 5014 5008
f 5015 5016 5017
f 5016 5018 5019
f 5018 5020 5021
f 5022 5023 5024
f 5025 5023 5022
f 5025 5026 5027
f 5028 5029 5030
f 5025 5022 5026
f 5023 5031 5024
f 5032 5024 5031
f 5021 5020 5032
f 5018 5021 5019
f 5015 5017 5013
f 5008 5014 5009
f 5014 5013 5017
f 5009 5033 5007
f 5034 5035 5010
f 5035 5033 5036
f 5018 5016 5015
f 5024 5032 5020
f 5026 5037 5027
f 5027 5037 5038
f 5033 5035 5007
f 5037 5026 5039
f 5008 5007 5034
f 5015 5040 5018
f 5015 5013 5040
f 5020 5041 5024
f 5041 5020 5018
f 5039 5026 5022
f 5035 5034 5007
f 5008 5042 5013
f 5034 5042 5008
f 5040 5013 5042
f 5041 5018 5043
f 5043 5018 5040
f 5022 5024 5044
f 5044 5024 5041
f 5039 5022 5044
f 5042 5034 5010
f 5042 5043 5040
f 5044 5045 5039
f 5029 5039 5045
f 5039 5029 5037
f 5043 5042 5046
f 5047 5043 5048
f 5041 5043 5049
f 5041 5045 5044
f 5029 5045 5050
f 5012 5051 5010
f 5051 5042 5010
f 5051 5052 5042
f 5052 5053 5042
f 5053 5046 5042
f 5046 5054 5043
f 5043 5054 5048
f 5047 5049 5043
f 5049 5055 5041
f 5056 5041 5055
f 5056 5057 5041
f 5057 5058 5045
f 5057 5045 5041
f 5045 5058 5059
f 5059 5050 5045
f 5050 5030 5029
f 5060 5061 5062
f 5063 5064 5065
f 5066 5067 5068
f 5067 5066 5069
f 5069 5070 5071
f 5069 5071 5072
f 5073 5072 5071
f 5072 5073 5074
f 5069 5066 5070
f 5065 5075 5063
f 5066 5068 5076
f 5068 5065 5076
f 5064 5076 5065
f 5077 5063 5075
f 5060 5062 5078
f 5078 5077 5075
f 5078 5062 5077
f 5079 5080 5081
f 5082 5083 5084
f 5085 5086 5087
f 5085 5083 5086
f 5088 5089 5087
f 5090 5091 5092
f 5091 5093 5092
f 5093 5094 5095
f 5093 5095 5096
f 5093 5097 5098
f 5099 5100 5101
f 5094 5093 5100
f 5096 5092 5093
f 5102 5103 5090
f 5102 5104 5103
f 5089 5088 5104
f 5087 5086 5088
f 5105 5083 5082
f 5084 5106 5082
f 5107 5082 5106
f 5107 5079 5081
f 5080 5108 5081
f 5080 5109 5108
f 5110 5109 5111
f 5109 5110 5108
f 5111 5112 5110
f 5094 5100 5099
f 5081 5082 5107
f 5113 5104 5088
f 5105 5086 5083
f 5113 5103 5104
f 5103 5091 5090
f 5114 5110 5115
f 5082 5081 5116
f 5091 5117 5118
f 5119 5081 5108
f 5120 5105 5082
f 5082 5116 5120
f 5103 5113 5117
f 5121 5097 5093
f 5093 5091 5121
f 5114 5108 5110
f 5081 5122 5116
f 5081 5119 5122
f 5086 5120 5123
f 5103 5117 5091
f 5091 5118 5121
f 5098 5124 5100
f 5093 5098 5100
f 5088 5086 5123
f 5123 5113 5088
f 5114 5119 5108
f 5120 5086 5105
f 5123 5117 5113
f 5121 5098 5097
f 5125 5126 5127
f 5128 5125 5129
f 5125 5128 5130
f 5130 5131 5132
f 5132 5133 5134
f 5133 5132 5131
f 5135 5136 5137
f 5138 5135 5137
f 5139 5140 5141
f 5142 5143 5140
f 5144 5143 5145
f 5146 5145 5147
f 5144 5145 5146
f 5148 5149 5137
f 5125 5127 5129
f 5150 5137 5149
f 5151 5148 5137
f 5141 5151 5137
f 5139 5142 5140
f 5152 5134 5147
f 5145 5143 5142
f 5145 5152 5147
f 5152 5132 5134
f 5125 5130 5132
f 5153 5154 5155
f 5156 5153 5157
f 5158 5127 5155
f 5154 5158 5155
f 5126 5155 5127
f 5157 5159 5156
f 5141 5137 5139
f 5155 5126 5160
f 5161 5159 5157
f 5162 5157 5153
f 5145 5142 5163
f 5125 5132 5164
f 5155 5162 5153
f 5145 5163 5165
f 5138 5137 5150
f 5165 5152 5145
f 5162 5155 5160
f 5139 5137 5136
f 5132 5152 5166
f 5132 5166 5164
f 5125 5164 5167
f 5167 5126 5125
f 5162 5161 5157
f 5136 5163 5142
f 5136 5142 5139
f 5165 5166 5152
f 5160 5126 5167
f 5168 5169 5170
f 5170 5171 5172
f 5173 5174 5175
f 5176 5175 5174
f 5177 5176 5174
f 5178 5173 5179
f 5175 5179 5173
f 5169 5168 5178
f 5178 5179 5169
f 5180 5181 5172
f 5182 5181 5183
f 5184 5182 5183
f 5184 5183 5185
f 5186 5170 5172
f 5183 5181 5180
f 5171 5180 5172
f 5168 5170 5186
f 5187 5188 5189
f 5190 5187 5189
f 5191 5192 5193
f 5189 5194 5190
f 5190 5194 5195
f 5194 5196 5195
f 5197 5195 5196
f 5198 5195 5197
f 5197 5199 5198
f 5200 5199 5201
f 5202 5203 5204
f 5205 5206 5207
f 5208 5209 5210
f 5208 5206 5211
f 5211 5212 5208
f 5207 5206 5208
f 5210 5205 5208
f 5203 5206 5205
f 5213 5214 5209
f 5204 5215 5216
f 5204 5203 5205
f 5202 5204 5216
f 5201 5216 5215
f 5217 5200 5215
f 5215 5200 5201
f 5198 5199 5200
f 5187 5218 5188
f 5188 5218 5219
f 5205 5207 5208
f 5204 5220 5217
f 5217 5215 5204
f 5195 5198 5221
f 5221 5198 5200
f 5218 5187 5222
f 5212 5209 5208
f 5223 5217 5224
f 5200 5223 5221
f 5200 5217 5223
f 5222 5187 5190
f 5204 5205 5220
f 5220 5205 5210
f 5221 5223 5224
f 5190 5195 5225
f 5225 5195 5221
f 5222 5190 5225
f 5220 5210 5209
f 5220 5224 5217
f 5226 5227 5228
f 5225 5221 5226
f 5224 5226 5221
f 5225 5226 5229
f 5225 5229 5222
f 5193 5222 5229
f 5222 5193 5218
f 5224 5220 5230
f 5229 5226 5231
f 5193 5229 5232
f 5233 5209 5214
f 5233 5234 5209
f 5234 5220 5209
f 5220 5234 5235
f 5235 5230 5220
f 5230 5236 5224
f 5236 5237 5224
f 5237 5238 5224
f 5238 5227 5224
f 5227 5226 5224
f 5228 5239 5226
f 5239 5240 5226
f 5240 5231 5226
f 5231 5241 5229
f 5241 5242 5229
f 5242 5232 5229
f 5232 5191 5193
f 5243 5244 5245
f 5246 5245 5244
f 5247 5245 5246
f 5244 5243 5248
f 5248 5243 5249
f 5249 5250 5248
f 5249 5251 5250
f 5252 5250 5251
f 5252 5251 5253
f 5254 5255 5253
f 5253 5256 5254
f 5251 5256 5253
f 5257 5258 5259
f 5258 5260 5261
f 5262 5263 5264
f 5259 5258 5261
f 5265 5264 5261
f 5264 5259 5261
f 5263 5266 5264
f 5263 5267 5266
f 5266 5259 5264
f 5259 5266 5268
f 5269 5270 5271
f 5270 5272 5271
f 5273 5274 5269
f 5275 5276 5277
f 5278 5277 5274
f 5275 5279 5276
f 5280 5281 5282
f 5280 5282 5283
f 5280 5279 5281
f 5280 5276 5279
f 5278 5275 5277
f 5274 5273 5278
f 5273 5269 5271
f 5284 5272 5270
f 5285 5286 5284
f 5272 5284 5286
f 5286 5285 5287
f 5286 5287 5288
f 5289 5287 5290
f 5287 5289 5288
f 5291 5292 5293
f 5292 5291 5294
f 5291 5295 5294
f 5295 5291 5290
f 5291 5289 5290
f 5296 5297 5298
f 5297 5296 5299
f 5300 5301 5302
f 5301 5300 5303
f 5304 5305 5306
f 5304 5306 5307
f 5308 5309 5310
f 5309 5308 5311
f 5312 5313 5314
f 5312 5314 5315
f 5316 5317 5318
f 5316 5318 5319
f 5320 5321 5322
f 5321 5320 5323
f 5324 5325 5326
f 5325 5324 5327
f 5328 5329 5330
f 5329 5328 5331
f 5332 5333 5334
f 5333 5332 5335
f 5336 5337 5338
f 5337 5336 5339
f 5340 5341 5342
f 5341 5340 5343
f 5344 5345 5346
f 5347 5348 5349
f 5350 5351 5348
f 5352 5351 5353
f 5350 5353 5351
f 5347 5350 5348
f 5347 5349 5344
f 5344 5349 5345
f 5346 5345 5354
f 5346 5354 5355
f 5356 5355 5354
f 5357 5358 5359
f 5360 5361 5362
f 5360 5362 5363
f 5362 5364 5363
f 5365 5366 5367
f 5361 5360 5368
f 5369 5365 5367
f 5365 5370 5371
f 5369 5370 5365
f 5368 5360 5372
f 5371 5373 5365
f 5373 5374 5365
f 5375 5376 5377
f 5375 5378 5376
f 5379 5380 5359
f 5381 5382 5383
f 5384 5385 5386
f 5387 5382 5388
f 5387 5383 5382
f 5389 5388 5382
f 5390 5384 5391
f 5390 5392 5382
f 5384 5393 5391
f 5382 5394 5389
f 5395 5390 5391
f 5384 5396 5393
f 5397 5398 5384
f 5396 5384 5398
f 5383 5399 5381
f 5385 5375 5400
f 5359 5381 5399
f 5377 5400 5375
f 5365 5363 5366
f 5357 5401 5358
f 5402 5360 5358
f 5403 5375 5374
f 5372 5360 5402
f 5366 5363 5364
f 5357 5359 5380
f 5402 5358 5401
f 5399 5379 5359
f 5392 5394 5382
f 5392 5390 5395
f 5386 5397 5384
f 5400 5386 5385
f 5403 5378 5375
f 5373 5403 5374
f 5404 5405 5406
f 5407 5408 5409
f 5410 5411 5412
f 5413 5414 5415
f 5416 5417 5415
f 5418 5419 5420
f 5412 5421 5410
f 5422 5423 5424
f 5425 5426 5427
f 5428 5429 5430
f 5431 5432 5424
f 5414 5413 5433
f 5416 5434 5435
f 5411 5436 5437
f 5438 5433 5439
f 5439 5440 5441
f 5408 5437 5436
f 5442 5441 5440
f 5443 5442 5444
f 5445 5446 5444
f 5447 5407 5409
f 5445 5448 5449
f 5450 5448 5451
f 5452 5405 5447
f 5453 5454 5455
f 5406 5456 5404
f 5457 5458 5459
f 5457 5459 5454
f 5460 5461 5462
f 5461 5463 5458
f 5464 5465 5466
f 5462 5466 5460
f 5467 5468 5469
f 5467 5456 5470
f 5412 5411 5437
f 5408 5436 5409
f 5447 5409 5452
f 5405 5452 5406
f 5456 5406 5470
f 5467 5470 5468
f 5469 5468 5471
f 5464 5471 5465
f 5469 5471 5464
f 5466 5465 5460
f 5461 5460 5463
f 5458 5463 5459
f 5454 5459 5455
f 5453 5455 5450
f 5453 5450 5451
f 5448 5450 5449
f 5445 5449 5446
f 5444 5446 5443
f 5442 5443 5441
f 5439 5441 5438
f 5433 5438 5414
f 5413 5415 5417
f 5416 5415 5434
f 5435 5434 5429
f 5428 5430 5423
f 5435 5429 5428
f 5424 5423 5430
f 5432 5422 5424
f 5425 5432 5431
f 5431 5426 5425
f 5419 5426 5420
f 5426 5419 5427
f 5420 5472 5418
f 5473 5418 5472
f 5473 5472 5421
f 5421 5472 5410
f 5474 5475 5476
f 5477 5475 5474
f 5478 5479 5480
f 5481 5482 5483
f 5482 5484 5483
f 5485 5483 5486
f 5487 5488 5489
f 5489 5490 5487
f 5491 5492 5488
f 5493 5494 5495
f 5496 5497 5498
f 5495 5491 5493
f 5492 5491 5495
f 5489 5488 5492
f 5490 5485 5487
f 5481 5483 5485
f 5499 5500 5501
f 5483 5502 5486
f 5503 5484 5482
f 5475 5484 5503
f 5475 5503 5476
f 5476 5499 5474
f 5474 5478 5477
f 5499 5501 5474
f 5487 5485 5486
f 5493 5504 5494
f 5494 5504 5505
f 5484 5506 5502
f 5502 5483 5484
f 5488 5487 5507
f 5507 5487 5486
f 5504 5493 5508
f 5501 5478 5474
f 5509 5502 5510
f 5486 5509 5507
f 5486 5502 5509
f 5508 5493 5491
f 5484 5475 5506
f 5506 5475 5477
f 5507 5509 5510
f 5491 5488 5511
f 5511 5488 5507
f 5508 5491 5511
f 5506 5477 5478
f 5506 5510 5502
f 5511 5507 5512
f 5510 5512 5507
f 5511 5512 5513
f 5511 5513 5508
f 5497 5508 5513
f 5508 5497 5504
f 5510 5506 5514
f 5513 5512 5515
f 5497 5513 5516
f 5480 5517 5478
f 5517 5506 5478
f 5506 5517 5518
f 5518 5514 5506
f 5514 5519 5510
f 5519 5520 5510
f 5520 5521 5510
f 5521 5522 5510
f 5523 5510 5522
f 5523 5512 5510
f 5523 5524 5512
f 5524 5525 5512
f 5525 5515 5512
f 5515 5526 5513
f 5526 5527 5513
f 5527 5516 5513
f 5516 5498 5497
f 5528 5529 5530
f 5531 5532 5533
f 5534 5535 5536
f 5534 5536 5537
f 5537 5538 5539
f 5538 5537 5540
f 5541 5539 5538
f 5541 5538 5542
f 5536 5540 5537
f 5534 5533 5535
f 5535 5533 5532
f 5543 5532 5531
f 5531 5544 5543
f 5543 5544 5529
f 5529 5544 5530
f 5528 5545 5546
f 5530 5545 5528
f 5545 5547 5546
f 5548 5549 5550
f 5551 5552 5553
f 5554 5555 5556
f 5557 5558 5559
f 5560 5558 5561
f 5562 5560 5561
f 5550 5563 5548
f 5564 5563 5550
f 5565 5564 5566
f 5565 5566 5567
f 5568 5569 5566
f 5549 5562 5561
f 5554 5559 5555
f 5570 5571 5551
f 5566 5569 5567
f 5572 5551 5571
f 5573 5570 5551
f 5556 5573 5551
f 5557 5559 5554
f 5557 5561 5558
f 5561 5574 5549
f 5574 5550 5549
f 5575 5568 5566
f 5566 5564 5550
f 5576 5577 5578
f 5579 5576 5580
f 5581 5569 5578
f 5577 5581 5578
f 5568 5578 5569
f 5580 5582 5579
f 5583 5554 5556
f 5556 5551 5583
f 5578 5568 5584
f 5585 5582 5580
f 5586 5587 5557
f 5561 5557 5587
f 5566 5588 5575
f 5566 5550 5588
f 5578 5580 5576
f 5568 5575 5584
f 5552 5551 5572
f 5589 5561 5587
f 5574 5561 5589
f 5550 5574 5590
f 5550 5590 5588
f 5580 5578 5591
f 5583 5551 5553
f 5583 5586 5554
f 5586 5557 5554
f 5589 5590 5574
f 5591 5578 5584
f 5591 5585 5580
