# Exported from USD: /World/gantry/gantry_home/ur10_flattened/ur10_instanceable/shoulder_link/ur10_shoulder/ID461_001ORK
mtllib ID461_001ORK.mtl

g ID461_001ORK
v 3.30224993 -0.35357873 0.35786090
v 3.30224991 -0.35355982 0.35776072
v 3.30262724 -0.35355142 0.35780444
v 3.30291262 -0.35343903 0.35771453
v 3.30283830 -0.35336408 0.35769969
v 3.30328984 -0.35321243 0.35770066
v 3.30370591 -0.35298110 0.35769702
v 3.30369226 -0.35312244 0.35772940
v 3.30248773 -0.35341844 0.35769990
v 3.30407034 -0.35267779 0.35769727
v 3.30429150 -0.35260551 0.35773284
v 3.30437200 -0.35231337 0.35770586
v 3.30455134 -0.35200453 0.35769626
v 3.30482449 -0.35155527 0.35772404
v 3.30469120 -0.35167400 0.35769580
v 3.30479920 -0.35121274 0.35769668
v 3.30454890 -0.34946488 0.35773318
v 3.30460274 -0.34981836 0.35770623
v 3.30437488 -0.34940691 0.35769887
v 3.30414978 -0.34912683 0.35769639
v 3.30366984 -0.34857976 0.35772863
v 3.30408583 -0.34892055 0.35772946
v 3.30389323 -0.34887858 0.35770179
v 3.30328921 -0.34850480 0.35770064
v 3.30360243 -0.34867254 0.35769990
v 3.30426492 -0.34901290 0.35786028
v 3.30474310 -0.34974083 0.35786002
v 3.30295243 -0.34838596 0.35769990
v 3.30225024 -0.34818852 0.35771447
v 3.30323528 -0.34839310 0.35771684
v 3.30224991 -0.34828794 0.35769593
v 3.30260649 -0.34830999 0.35769906
v 3.30475533 -0.35026921 0.35769824
v 3.30493485 -0.35097681 0.35773234
v 3.30482031 -0.35073992 0.35770061
v 3.30224990 -0.35342942 0.35769702
v 3.30485842 -0.35016248 0.35776010
v 3.30470627 -0.35197903 0.35775983
v 3.30318594 -0.34828929 0.35786150
v 3.30393536 -0.34870981 0.35786075
v 3.30497175 -0.35061389 0.35786068
v 3.30490628 -0.35147843 0.35786101
v 3.30461074 -0.35223564 0.35786086
v 3.30398510 -0.35297084 0.35786116
v 3.30321056 -0.35340123 0.35779832
v 3.30225038 -0.34812608 0.35786047
v 3.30263792 -0.34816867 0.35780048
v 3.30301964 -0.35349069 0.35786135
v 3.30301322 -0.35347764 0.35786087
v 3.30380748 -0.35310626 0.35786086
v 3.30349640 -0.35316756 0.35935986
v 3.30282843 -0.35340699 0.35935989
v 3.30225019 -0.35347426 0.35935977
v 3.30225037 -0.35358798 0.35786101
v 3.30432065 -0.35248339 0.35935986
v 3.30434589 -0.35259774 0.35786089
v 3.30474872 -0.35196577 0.35786081
v 3.30477420 -0.35155973 0.35936003
v 3.30499055 -0.35087681 0.35786071
v 3.30486225 -0.35065550 0.35935994
v 3.30476520 -0.34978671 0.35786086
v 3.30428570 -0.34904419 0.35786089
v 3.30416953 -0.34907971 0.35935987
v 3.30464089 -0.34977768 0.35935989
v 3.30360627 -0.34848493 0.35786086
v 3.30289236 -0.34821325 0.35786089
v 3.30284824 -0.34830639 0.35935971
v 3.30360960 -0.34862225 0.35935987
v 3.30225039 -0.34812975 0.35786101
v 3.30224993 -0.34824873 0.35935990
v 3.30409939 -0.34901360 0.35935980
v 3.30372448 -0.34870444 0.35935921
v 3.30370021 -0.34877705 0.35957908
v 3.30314106 -0.35319298 0.35965335
v 3.30271578 -0.35343890 0.35936123
v 3.30341127 -0.35320541 0.35936003
v 3.30371497 -0.35293014 0.35957913
v 3.30390970 -0.35287979 0.35936045
v 3.30424838 -0.35242252 0.35958109
v 3.30424821 -0.35254146 0.35935957
v 3.30459500 -0.35201093 0.35935834
v 3.30460888 -0.35170540 0.35964950
v 3.30481233 -0.35135434 0.35935989
v 3.30475598 -0.35084639 0.35965011
v 3.30485476 -0.35064052 0.35935859
v 3.30472541 -0.35003024 0.35935917
v 3.30446781 -0.34947228 0.35935929
v 3.30463641 -0.35000101 0.35958585
v 3.30330766 -0.34846863 0.35936015
v 3.30313460 -0.34848370 0.35958065
v 3.30281692 -0.34843039 0.35967847
v 3.30224996 -0.34875253 0.36000493
v 3.30283029 -0.34870458 0.35992932
v 3.30284212 -0.34831382 0.35935987
v 3.30225032 -0.34824277 0.35935939
v 3.30224992 -0.34835085 0.35963135
v 3.30276997 -0.34898935 0.36005546
v 3.30360867 -0.34894434 0.35982909
v 3.30224993 -0.34915875 0.36007989
v 3.30248644 -0.34917353 0.36007983
v 3.30424661 -0.34928761 0.35957643
v 3.30441495 -0.35010260 0.35988560
v 3.30434006 -0.35161517 0.35992908
v 3.30409327 -0.35231525 0.35982900
v 3.30225015 -0.35331268 0.35973499
v 3.30224993 -0.35346873 0.35935990
v 3.30410306 -0.34941538 0.35982935
v 3.30367465 -0.34941678 0.36003987
v 3.30359609 -0.35278262 0.35982872
v 3.30281007 -0.35301787 0.35992950
v 3.30447304 -0.35087074 0.35992914
v 3.30418146 -0.35056229 0.36005760
v 3.30368958 -0.35238145 0.36000798
v 3.30398336 -0.35169205 0.36006164
v 3.30393346 -0.35110865 0.36008001
v 3.30387663 -0.35135265 0.36007989
v 3.30282947 -0.35270406 0.36006017
v 3.30224986 -0.35281430 0.36005343
v 3.30365450 -0.34989795 0.36007964
v 3.30339318 -0.35211965 0.36007997
v 3.30266245 -0.35251000 0.36007985
v 3.30279093 -0.34924531 0.36007985
v 3.30307789 -0.34937201 0.36007976
v 3.30327473 -0.34950243 0.36007991
v 3.30345391 -0.34965610 0.36007982
v 3.30380730 -0.35017274 0.36007951
v 3.30390679 -0.35047045 0.36007967
v 3.30395008 -0.35078217 0.36007982
v 3.30378834 -0.35158677 0.36007948
v 3.30361623 -0.35187374 0.36007986
v 3.30319403 -0.35227255 0.36007989
v 3.30297676 -0.35239784 0.36007983
v 3.30225100 -0.35256414 0.36007992
v 3.30363458 -0.35024656 0.34769989
v 3.30318668 -0.34966941 0.34769989
v 3.30331333 -0.34978375 0.35769990
v 3.30277428 -0.34944418 0.35769990
v 3.30261350 -0.34939608 0.34769991
v 3.30225022 -0.34935313 0.35769990
v 3.30224993 -0.34935875 0.34769989
v 3.30363627 -0.35027137 0.35769990
v 3.30376710 -0.35091531 0.35769990
v 3.30375915 -0.35091470 0.34769989
v 3.30353814 -0.35167317 0.34769989
v 3.30355816 -0.35161310 0.35769990
v 3.30297580 -0.35218094 0.34769989
v 3.30315669 -0.35206464 0.35769990
v 3.30263131 -0.35231843 0.35769990
v 3.30225124 -0.35238239 0.34769989
v 3.30224993 -0.35235873 0.35769990
v 3.30339763 -0.35131495 0.35847990
v 3.30242873 -0.35208075 0.35847990
v 3.30327743 -0.35215874 0.35847990
v 3.30388943 -0.35061894 0.35847988
v 3.30321883 -0.35009293 0.35847990
v 3.30207113 -0.34963675 0.35847990
v 3.30110223 -0.35040264 0.35847990
v 3.30286193 -0.34931894 0.35847990
v 3.30122243 -0.34955884 0.35847988
v 3.30128103 -0.35162465 0.35847990
v 3.30061043 -0.35109864 0.35847990
v 3.30163793 -0.35239865 0.35847990
v 3.30353165 -0.35007612 0.34769991
v 3.30136086 -0.35206942 0.34769991
v 3.30335608 -0.34984310 0.34769991
v 3.30104950 -0.35176140 0.34769991
v 3.30319573 -0.34969453 0.34769989
v 3.30365908 -0.35033964 0.34769991
v 3.30188749 -0.35231624 0.34769991
v 3.30161188 -0.35221851 0.34769991
v 3.30374896 -0.35076795 0.34769991
v 3.30245673 -0.35234597 0.34769991
v 3.30217320 -0.35235864 0.34769991
v 3.30272411 -0.35228349 0.34769991
v 3.30367138 -0.35134320 0.34769991
v 3.30303694 -0.35214066 0.34769991
v 3.30352273 -0.35166030 0.34769991
v 3.30330615 -0.35192603 0.34769991
v 3.30373824 -0.35105954 0.34769991
v 3.30371793 -0.35055074 0.34769989
v 3.30119523 -0.35192574 0.34769988
v 3.30301634 -0.34956729 0.34769991
v 3.30089781 -0.35151225 0.34769991
v 3.30275204 -0.34944349 0.34769991
v 3.30081863 -0.35130773 0.34769989
v 3.30076679 -0.35109477 0.34769991
v 3.30247040 -0.34937331 0.34769991
v 3.30074934 -0.35080351 0.34769991
v 3.30224993 -0.34935875 0.34769989
v 3.30129694 -0.34969894 0.34769991
v 3.30094400 -0.35011807 0.34769991
v 3.30110151 -0.34989215 0.34769991
v 3.30152431 -0.34954455 0.34769991
v 3.30177675 -0.34943406 0.34769991
v 3.30204402 -0.34937161 0.34769991
v 3.30082845 -0.35037440 0.34769991
v 3.30077513 -0.35058494 0.34769989
v 3.30286193 -0.34931894 0.35847990
v 3.30321883 -0.35009293 0.36007989
v 3.30286193 -0.34931894 0.36007989
v 3.30321883 -0.35009293 0.35847990
v 3.30321883 -0.35009293 0.35847990
v 3.30388943 -0.35061894 0.36007988
v 3.30321883 -0.35009293 0.36007989
v 3.30388943 -0.35061894 0.35847988
v 3.30388943 -0.35061894 0.35847988
v 3.30339763 -0.35131495 0.36007989
v 3.30388943 -0.35061894 0.36007988
v 3.30339763 -0.35131495 0.35847990
v 3.30339763 -0.35131495 0.35847990
v 3.30327743 -0.35215874 0.36007989
v 3.30339763 -0.35131495 0.36007989
v 3.30327743 -0.35215874 0.35847990
v 3.30327743 -0.35215874 0.35847990
v 3.30242873 -0.35208075 0.35847990
v 3.30242873 -0.35208075 0.36007989
v 3.30327743 -0.35215874 0.36007989
v 3.30242873 -0.35208075 0.35847990
v 3.30163793 -0.35239865 0.36007989
v 3.30242873 -0.35208075 0.36007989
v 3.30163793 -0.35239865 0.35847990
v 3.30163793 -0.35239865 0.35847990
v 3.30128103 -0.35162465 0.35847990
v 3.30128103 -0.35162465 0.36007989
v 3.30163793 -0.35239865 0.36007989
v 3.30128103 -0.35162465 0.35847990
v 3.30061043 -0.35109864 0.35847990
v 3.30061043 -0.35109864 0.36007989
v 3.30128103 -0.35162465 0.36007989
v 3.30061043 -0.35109864 0.36007989
v 3.30110223 -0.35040264 0.35847990
v 3.30110223 -0.35040264 0.36007989
v 3.30061043 -0.35109864 0.35847990
v 3.30110223 -0.35040264 0.36007989
v 3.30122243 -0.34955884 0.35847988
v 3.30122243 -0.34955884 0.36007988
v 3.30110223 -0.35040264 0.35847990
v 3.30122243 -0.34955884 0.35847988
v 3.30207113 -0.34963675 0.36007989
v 3.30122243 -0.34955884 0.36007988
v 3.30207113 -0.34963675 0.35847990
v 3.30207113 -0.34963675 0.36007989
v 3.30286193 -0.34931894 0.35847990
v 3.30286193 -0.34931894 0.36007989
v 3.30207113 -0.34963675 0.35847990
v 3.30116454 -0.34978351 0.35769990
v 3.30100770 -0.34998837 0.34769989
v 3.30076559 -0.35056078 0.35769990
v 3.30071918 -0.35087661 0.34769989
v 3.30080323 -0.35131177 0.35769990
v 3.30109042 -0.35185440 0.34769989
v 3.30172526 -0.35227328 0.35769990
v 3.30169475 -0.35225733 0.34769989
v 3.30118659 -0.35193390 0.35769990
v 3.30224926 -0.35237102 0.34769989
v 3.30224964 -0.35236439 0.35769990
v 3.30152455 -0.34953676 0.34769989
v 3.30186854 -0.34939915 0.35769990
v 3.30224861 -0.34933525 0.34769989
v 3.30224993 -0.34935874 0.35769990
v 3.30122243 -0.34955884 0.36007988
v 3.30137483 -0.34939876 0.36007991
v 3.30110687 -0.34959763 0.36007991
v 3.30286193 -0.34931894 0.36007989
v 3.30321883 -0.35009293 0.36007989
v 3.30307791 -0.34937200 0.36007991
v 3.30207113 -0.34963675 0.36007989
v 3.30191813 -0.34919123 0.36007989
v 3.30167632 -0.34925631 0.36007991
v 3.30248644 -0.34917351 0.36007991
v 3.30279093 -0.34924531 0.36007991
v 3.30390680 -0.35047045 0.36007991
v 3.30388943 -0.35061894 0.36007988
v 3.30345392 -0.34965613 0.36007991
v 3.30365452 -0.34989795 0.36007991
v 3.30380733 -0.35017273 0.36007991
v 3.30327473 -0.34950243 0.36007991
v 3.30216350 -0.34915885 0.36007991
v 3.30393345 -0.35110867 0.36007991
v 3.30395009 -0.35078218 0.36007991
v 3.30339763 -0.35131495 0.36007989
v 3.30378838 -0.35158676 0.36007991
v 3.30387663 -0.35135265 0.36007989
v 3.30361623 -0.35187375 0.36007991
v 3.30093583 -0.34978013 0.36007991
v 3.30110223 -0.35040264 0.36007989
v 3.30327743 -0.35215874 0.36007989
v 3.30339318 -0.35211962 0.36007991
v 3.30078994 -0.34998366 0.36007991
v 3.30297676 -0.35239783 0.36007991
v 3.30319403 -0.35227255 0.36007989
v 3.30056643 -0.35060909 0.36007991
v 3.30064726 -0.35028529 0.36007991
v 3.30242873 -0.35208075 0.36007989
v 3.30266245 -0.35251000 0.36007991
v 3.30054978 -0.35093579 0.36007991
v 3.30061043 -0.35109864 0.36007989
v 3.30059366 -0.35124877 0.36007991
v 3.30233522 -0.35255864 0.36007991
v 3.30163793 -0.35239865 0.36007989
v 3.30170884 -0.35247210 0.36007991
v 3.30069358 -0.35154617 0.36007991
v 3.30128103 -0.35162465 0.36007989
v 3.30099403 -0.35200445 0.36007989
v 3.30116344 -0.35216853 0.36007991
v 3.30084613 -0.35182047 0.36007991
v 3.30142274 -0.35234597 0.36007991
v 3.30201515 -0.35254407 0.36007991
v 3.29989675 -0.35189971 0.35769990
v 3.29974442 -0.35144654 0.35769990
v 3.30081863 -0.35130766 0.35769990
v 3.30360265 -0.35020661 0.35769990
v 3.30443533 -0.34950474 0.35769990
v 3.30460302 -0.34981745 0.35769990
v 3.30142143 -0.35210925 0.35769990
v 3.30060838 -0.35284060 0.35769990
v 3.30124720 -0.35197672 0.35769990
v 3.30475522 -0.35026950 0.35769990
v 3.30368123 -0.35040995 0.35769990
v 3.30303020 -0.35214201 0.35769990
v 3.30370580 -0.35298085 0.35769990
v 3.30328988 -0.35321247 0.35769990
v 3.30375064 -0.35091454 0.35769990
v 3.30373314 -0.35062349 0.35769990
v 3.30482037 -0.35073987 0.35769990
v 3.30371164 -0.35120347 0.35769990
v 3.30460422 -0.35189730 0.35769990
v 3.30364383 -0.35141283 0.35769990
v 3.30161188 -0.35221830 0.35769990
v 3.30181763 -0.35229513 0.35769990
v 3.30143502 -0.35329956 0.35769990
v 3.30472273 -0.35156175 0.35769990
v 3.30479882 -0.35121325 0.35769990
v 3.30261919 -0.35231447 0.35769990
v 3.30283013 -0.35224205 0.35769990
v 3.30437314 -0.35231271 0.35769990
v 3.30406986 -0.35267794 0.35769990
v 3.30341953 -0.35179794 0.35769990
v 3.30232557 -0.35235870 0.35769990
v 3.30248773 -0.35341844 0.35769990
v 3.30212818 -0.35342908 0.35769990
v 3.30203105 -0.35234445 0.35769990
v 3.30177753 -0.35338583 0.35769990
v 3.30099644 -0.35310629 0.35769990
v 3.30104962 -0.35176131 0.35769990
v 3.30027009 -0.35250264 0.35769990
v 3.30006463 -0.35221285 0.35769990
v 3.30089729 -0.35151115 0.35769990
v 3.30345065 -0.34995675 0.35769990
v 3.30422877 -0.34921399 0.35769990
v 3.30325271 -0.34974092 0.35769990
v 3.29967961 -0.35098007 0.35769990
v 3.30076673 -0.35109413 0.35769990
v 3.29970111 -0.35050335 0.35769990
v 3.30074922 -0.35080311 0.35769990
v 3.30389321 -0.34887835 0.35769990
v 3.30307843 -0.34960833 0.35769990
v 3.30360243 -0.34867254 0.35769990
v 3.30288794 -0.34949928 0.35769990
v 3.30085603 -0.35030475 0.35769990
v 3.30078822 -0.35051408 0.35769990
v 3.29989619 -0.34981909 0.35769990
v 3.29977693 -0.35015663 0.35769990
v 3.30095223 -0.35010293 0.35769990
v 3.30012647 -0.34940478 0.35769990
v 3.30108033 -0.34991965 0.35769990
v 3.30042878 -0.34904107 0.35769990
v 3.30123221 -0.34975439 0.35769990
v 3.30120805 -0.34850597 0.35769990
v 3.30146968 -0.34957558 0.35769990
v 3.30079354 -0.34873688 0.35769990
v 3.30173777 -0.34944698 0.35769990
v 3.30154693 -0.34838605 0.35769990
v 3.30224993 -0.34935874 0.35769990
v 3.30202610 -0.34937370 0.35769990
v 3.30237052 -0.34828836 0.35769990
v 3.30247031 -0.34937331 0.35769990
v 3.30189270 -0.34831020 0.35769990
v 3.30268223 -0.34942245 0.35769990
v 3.30328926 -0.34850475 0.35769990
v 3.30283745 -0.34835321 0.35769990
v 3.30283826 -0.35336405 0.35769990
v 3.30326766 -0.35196319 0.35769990
v 3.30354762 -0.35161468 0.35769990
v 3.30136565 -0.35323457 0.35957972
v 3.30079940 -0.35294087 0.35957831
v 3.30119433 -0.35324962 0.35936015
v 3.29985838 -0.35191841 0.35936094
v 3.29986313 -0.35171750 0.35958480
v 3.29970579 -0.35145944 0.35936036
v 3.30166938 -0.35301287 0.35992935
v 3.30089134 -0.35277347 0.35982902
v 3.30168279 -0.35328817 0.35967719
v 3.30224990 -0.35296492 0.36000497
v 3.30173012 -0.35272841 0.36005543
v 3.30224993 -0.35255875 0.36007989
v 3.30201515 -0.35254405 0.36007983
v 3.30015402 -0.35242873 0.35936027
v 3.30066970 -0.35294421 0.35935966
v 3.30025256 -0.35243027 0.35957510
v 3.29964031 -0.35095963 0.35935926
v 3.29974394 -0.35087162 0.35965019
v 3.29968723 -0.35036413 0.35935990
v 3.30025109 -0.34929381 0.35957933
v 3.30025450 -0.34917462 0.35935965
v 3.29990607 -0.34970485 0.35935817
v 3.30078394 -0.34878641 0.35957682
v 3.30059227 -0.34883775 0.35936044
v 3.30135791 -0.34852348 0.35965163
v 3.30178464 -0.34827925 0.35936135
v 3.30108905 -0.34851308 0.35936002
v 3.30224993 -0.34915875 0.36007989
v 3.30225000 -0.34890340 0.36005346
v 3.30200019 -0.34917489 0.36007979
v 3.29989113 -0.35001194 0.35964959
v 3.30008494 -0.35161498 0.35988560
v 3.30165672 -0.35340297 0.35935991
v 3.30224994 -0.35336727 0.35963061
v 3.30224956 -0.35347418 0.35935929
v 3.30015993 -0.35010227 0.35992914
v 3.30040665 -0.34940229 0.35982903
v 3.30224971 -0.34840497 0.35973504
v 3.30224993 -0.34824873 0.35935990
v 3.30039680 -0.35230222 0.35982933
v 3.30082526 -0.35230087 0.36003985
v 3.30090370 -0.34893508 0.35982874
v 3.30168999 -0.34869966 0.35992950
v 3.30002685 -0.35084674 0.35992917
v 3.30031842 -0.35115540 0.36005762
v 3.30081028 -0.34933615 0.36000800
v 3.30051654 -0.35002541 0.36006164
v 3.30056642 -0.35060908 0.36008001
v 3.30064723 -0.35028528 0.36008034
v 3.30167036 -0.34901360 0.36006018
v 3.30084615 -0.35182047 0.36007964
v 3.30110687 -0.34959763 0.36007997
v 3.30167632 -0.34925631 0.36007985
v 3.30170884 -0.35247210 0.36007985
v 3.30142275 -0.35234599 0.36007979
v 3.30116344 -0.35216853 0.36007976
v 3.30099403 -0.35200445 0.36007989
v 3.30069360 -0.35154615 0.36007951
v 3.30059368 -0.35124875 0.36007966
v 3.30054979 -0.35093580 0.36007980
v 3.30078994 -0.34998366 0.36007991
v 3.30093583 -0.34978013 0.36007991
v 3.30137483 -0.34939878 0.36007979
v 3.30224946 -0.35358833 0.35786102
v 3.30224993 -0.35346873 0.35935990
v 3.30164873 -0.35340986 0.35935971
v 3.29976992 -0.35171349 0.35935987
v 3.29961688 -0.35157104 0.35786087
v 3.29991410 -0.35226719 0.35786086
v 3.29952297 -0.35083468 0.35786087
v 3.29963702 -0.35094952 0.35935991
v 3.30021707 -0.34901936 0.35786083
v 3.29966555 -0.34997016 0.35786077
v 3.29975429 -0.35003418 0.35935997
v 3.30018709 -0.34924956 0.35935986
v 3.30079912 -0.34867388 0.35935986
v 3.30102228 -0.34842406 0.35786089
v 3.30172941 -0.34818216 0.35786087
v 3.30167791 -0.34829914 0.35935986
v 3.30224993 -0.34813873 0.35786090
v 3.30224993 -0.34824873 0.35935990
v 3.30017462 -0.35245307 0.35935987
v 3.30038957 -0.35285415 0.35786087
v 3.30078797 -0.35303722 0.35935987
v 3.30122898 -0.35340489 0.35786086
v 3.30099664 -0.35310630 0.35770070
v 3.30061052 -0.35298245 0.35772918
v 3.30060835 -0.35284035 0.35770182
v 3.30002754 -0.35233427 0.35772512
v 3.29994871 -0.35200517 0.35769590
v 3.30012690 -0.35231258 0.35770422
v 3.29980958 -0.35167606 0.35769589
v 3.29962948 -0.35140833 0.35772427
v 3.29970073 -0.35050388 0.35769666
v 3.29955953 -0.35062680 0.35776153
v 3.29972293 -0.35133165 0.35769990
v 3.29967968 -0.35098001 0.35770061
v 3.29980850 -0.35004438 0.35769587
v 3.29966418 -0.35015945 0.35773055
v 3.30042830 -0.34904119 0.35769727
v 3.29985344 -0.34964065 0.35773353
v 3.30026506 -0.34902616 0.35776217
v 3.30158222 -0.34828234 0.35771369
v 3.30154693 -0.34838605 0.35769990
v 3.30120809 -0.34850603 0.35770070
v 3.30080777 -0.34859382 0.35773041
v 3.30079343 -0.34873664 0.35769689
v 3.30127744 -0.34830093 0.35786196
v 3.30185927 -0.34816819 0.35780230
v 3.30224994 -0.34815766 0.35776089
v 3.30224887 -0.34811786 0.35786056
v 3.30189269 -0.34831017 0.35769957
v 3.30224996 -0.34828807 0.35769706
v 3.30012768 -0.34940405 0.35770593
v 3.29994887 -0.34971218 0.35769627
v 3.30034907 -0.35258973 0.35769641
v 3.30026931 -0.35269408 0.35776080
v 3.30143497 -0.35329951 0.35770010
v 3.30130355 -0.35333113 0.35771398
v 3.30224962 -0.35352826 0.35771426
v 3.30189295 -0.35340749 0.35769902
v 3.30224995 -0.35342954 0.35769592
v 3.29979585 -0.35198514 0.35776104
v 3.30000847 -0.35241270 0.35786133
v 3.30186232 -0.35354842 0.35779929
v 3.30224950 -0.35359158 0.35786089
v 3.30129161 -0.35342254 0.35786154
v 3.30075359 -0.35314722 0.35785998
v 3.29969642 -0.35183553 0.35786141
v 3.29952788 -0.35110223 0.35786056
v 3.29958811 -0.35026219 0.35786104
v 3.30000766 -0.34929988 0.35786107
v 3.30055646 -0.34871609 0.35786114
v 3.29976986 -0.34973119 0.35786189
v 3.30299992 -0.24054325 0.37126114
v 3.30341521 -0.24051102 0.37126141
v 3.30300050 -0.24057387 0.37136037
v 3.30425240 -0.24023479 0.37126135
v 3.30451140 -0.23992252 0.37119643
v 3.30464495 -0.23998387 0.37126140
v 3.30529148 -0.23900870 0.37119562
v 3.30544473 -0.23863664 0.37119990
v 3.30551561 -0.23879130 0.37123469
v 3.30553913 -0.23824453 0.37119990
v 3.30557078 -0.23784326 0.37119437
v 3.30508003 -0.23633164 0.37119990
v 3.30543355 -0.23670013 0.37123419
v 3.30528963 -0.23667415 0.37119990
v 3.30416841 -0.23555240 0.37119632
v 3.30464659 -0.23570280 0.37126101
v 3.30451103 -0.23576214 0.37119609
v 3.30300012 -0.23511529 0.37136034
v 3.30385941 -0.23525009 0.37136021
v 3.30341117 -0.23517396 0.37126073
v 3.30472408 -0.23571997 0.37136068
v 3.30425166 -0.23545003 0.37126089
v 3.30499300 -0.23602100 0.37126113
v 3.30481853 -0.23602545 0.37119556
v 3.30544509 -0.23704796 0.37119513
v 3.30383413 -0.23527433 0.37126117
v 3.30340277 -0.23530305 0.37119656
v 3.30299990 -0.23527165 0.37119591
v 3.30299993 -0.23515514 0.37124963
v 3.30379319 -0.23539695 0.37119647
v 3.30567592 -0.23746988 0.37125426
v 3.30553920 -0.23743844 0.37119543
v 3.30569492 -0.23804376 0.37126442
v 3.30527807 -0.23929259 0.37126138
v 3.30508045 -0.23935290 0.37119585
v 3.30481806 -0.23965985 0.37119615
v 3.30499193 -0.23966564 0.37126141
v 3.30383510 -0.24041049 0.37126128
v 3.30416676 -0.24013296 0.37119641
v 3.30340192 -0.24038202 0.37119652
v 3.30379407 -0.24028777 0.37119650
v 3.30299988 -0.24041315 0.37119698
v 3.30538050 -0.23648769 0.37136146
v 3.30567431 -0.23841316 0.37135988
v 3.30466689 -0.24000399 0.37136056
v 3.30385896 -0.24043521 0.37136028
v 3.30528133 -0.23934257 0.37136012
v 3.30566592 -0.23726638 0.37136104
v 3.30468048 -0.23584192 0.37285986
v 3.30516279 -0.23618065 0.37136088
v 3.30452341 -0.23557182 0.37136086
v 3.30460352 -0.23991840 0.37285993
v 3.30377807 -0.24034757 0.37285992
v 3.30435284 -0.24021833 0.37136083
v 3.30364206 -0.24048799 0.37136089
v 3.30300034 -0.24057140 0.37136100
v 3.30300018 -0.24045786 0.37285980
v 3.30511935 -0.23956907 0.37136085
v 3.30522841 -0.23922682 0.37285992
v 3.30550368 -0.23891136 0.37136088
v 3.30571195 -0.23819845 0.37136104
v 3.30554184 -0.23846185 0.37285976
v 3.30517941 -0.23638165 0.37285985
v 3.30559913 -0.23741716 0.37285983
v 3.30562985 -0.23706342 0.37136083
v 3.30359819 -0.23517427 0.37136086
v 3.30300125 -0.23520737 0.37286010
v 3.30408381 -0.23545320 0.37285983
v 3.30299993 -0.23512244 0.37136092
v 3.30484938 -0.23599729 0.37285979
v 3.30447356 -0.23568750 0.37285919
v 3.30445018 -0.23576066 0.37307900
v 3.30446061 -0.23991868 0.37307673
v 3.30388893 -0.24017789 0.37315288
v 3.30431796 -0.24010076 0.37285934
v 3.30378988 -0.24033353 0.37286007
v 3.30336198 -0.24043845 0.37286254
v 3.30486800 -0.23967336 0.37285950
v 3.30499752 -0.23941209 0.37307667
v 3.30521267 -0.23923387 0.37286017
v 3.30539581 -0.23868501 0.37308001
v 3.30546415 -0.23872067 0.37285968
v 3.30561390 -0.23805878 0.37286180
v 3.30554000 -0.23782668 0.37307989
v 3.30558655 -0.23748171 0.37285959
v 3.30547545 -0.23701404 0.37285916
v 3.30521801 -0.23645626 0.37285926
v 3.30538631 -0.23698458 0.37308599
v 3.30405750 -0.23545227 0.37286016
v 3.30388408 -0.23546699 0.37308029
v 3.30356660 -0.23541396 0.37317839
v 3.30299996 -0.23573613 0.37350490
v 3.30358000 -0.23568829 0.37342941
v 3.30359202 -0.23529752 0.37285986
v 3.30300032 -0.23522647 0.37285938
v 3.30299992 -0.23533458 0.37313140
v 3.30351961 -0.23597291 0.37355546
v 3.30435882 -0.23592773 0.37332884
v 3.30299993 -0.23614244 0.37357988
v 3.30323643 -0.23615723 0.37357985
v 3.30499658 -0.23627125 0.37307637
v 3.30516497 -0.23708631 0.37338563
v 3.30529374 -0.23785602 0.37338551
v 3.30300015 -0.24029641 0.37323497
v 3.30299993 -0.24045244 0.37285989
v 3.30485310 -0.23639934 0.37332948
v 3.30442460 -0.23640049 0.37353990
v 3.30515605 -0.23862416 0.37338550
v 3.30484333 -0.23929873 0.37332910
v 3.30434665 -0.23976615 0.37332853
v 3.30356016 -0.24000155 0.37342950
v 3.30493143 -0.23754603 0.37355761
v 3.30443962 -0.23936518 0.37350797
v 3.30473334 -0.23867574 0.37356166
v 3.30468345 -0.23809239 0.37358005
v 3.30460258 -0.23841575 0.37358035
v 3.30357950 -0.23968773 0.37356018
v 3.30299986 -0.23979798 0.37355346
v 3.30440454 -0.23688169 0.37357966
v 3.30414306 -0.23910345 0.37357999
v 3.30341241 -0.23949371 0.37357985
v 3.30354096 -0.23622902 0.37357985
v 3.30382793 -0.23635574 0.37357979
v 3.30402473 -0.23648615 0.37357991
v 3.30420388 -0.23663978 0.37357982
v 3.30455729 -0.23715639 0.37357953
v 3.30465684 -0.23745436 0.37357969
v 3.30470008 -0.23776591 0.37357982
v 3.30446004 -0.23871693 0.37357991
v 3.30431403 -0.23892105 0.37357990
v 3.30387507 -0.23930222 0.37357982
v 3.30365013 -0.23941314 0.37357991
v 3.30300100 -0.23954784 0.37357991
v 3.30410382 -0.23681218 0.36119991
v 3.30350278 -0.23641035 0.36119991
v 3.30394484 -0.23666221 0.37119990
v 3.30344636 -0.23640581 0.37119990
v 3.30300022 -0.23633692 0.37119992
v 3.30299993 -0.23634245 0.36119988
v 3.30431429 -0.23710816 0.37119992
v 3.30440751 -0.23730396 0.36119990
v 3.30450021 -0.23765579 0.37119990
v 3.30450960 -0.23787309 0.36119991
v 3.30443961 -0.23829617 0.37119992
v 3.30300157 -0.23937094 0.37119989
v 3.30350444 -0.23926355 0.36119990
v 3.30376059 -0.23914454 0.37119990
v 3.30300019 -0.23934773 0.36119990
v 3.30404617 -0.23893532 0.36119991
v 3.30417076 -0.23879072 0.37119990
v 3.30438783 -0.23842879 0.36119990
v 3.30256713 -0.23668584 0.37197992
v 3.30172103 -0.23678884 0.37197992
v 3.30178183 -0.23763894 0.37197990
v 3.30421803 -0.23804595 0.37197989
v 3.30378523 -0.23688935 0.37197989
v 3.30343273 -0.23899914 0.37197989
v 3.30144803 -0.23842314 0.37197992
v 3.30221463 -0.23879564 0.37197992
v 3.30272693 -0.23947685 0.37197989
v 3.30427883 -0.23889615 0.37197989
v 3.30455183 -0.23726174 0.37197992
v 3.30327293 -0.23620814 0.37197992
v 3.30165522 -0.23851122 0.36119990
v 3.30230413 -0.23917155 0.36119988
v 3.30180870 -0.23875693 0.36119991
v 3.30432223 -0.23855400 0.36119991
v 3.30238575 -0.23647232 0.36119990
v 3.30443130 -0.23829647 0.36119990
v 3.30211832 -0.23905848 0.36119988
v 3.30195383 -0.23891774 0.36119991
v 3.30157443 -0.23830964 0.36119990
v 3.30250234 -0.23925944 0.36119988
v 3.30152038 -0.23809973 0.36119991
v 3.30278407 -0.23932879 0.36119988
v 3.30149857 -0.23781103 0.36119991
v 3.30307068 -0.23934244 0.36119990
v 3.30334908 -0.23930296 0.36119991
v 3.30153180 -0.23752709 0.36119988
v 3.30361488 -0.23921235 0.36119988
v 3.30214145 -0.23661041 0.36119990
v 3.30416660 -0.23878785 0.36119990
v 3.30192723 -0.23679195 0.36119988
v 3.30258413 -0.23640144 0.36119991
v 3.30278874 -0.23635598 0.36119991
v 3.30447943 -0.23808964 0.36119990
v 3.30307155 -0.23634245 0.36119990
v 3.30448843 -0.23765694 0.36119990
v 3.30450130 -0.23787317 0.36119991
v 3.30444746 -0.23744281 0.36119988
v 3.30376056 -0.23654761 0.36119991
v 3.30434426 -0.23717319 0.36119990
v 3.30399346 -0.23671641 0.36119990
v 3.30419121 -0.23692812 0.36119988
v 3.30356403 -0.23645254 0.36119990
v 3.30335685 -0.23638378 0.36119988
v 3.30397078 -0.23898806 0.36119988
v 3.30175025 -0.23701055 0.36119991
v 3.30379983 -0.23911135 0.36119988
v 3.30161728 -0.23725729 0.36119990
v 3.30272693 -0.23947685 0.37197989
v 3.30221463 -0.23879564 0.37197992
v 3.30221463 -0.23879565 0.37357991
v 3.30272693 -0.23947685 0.37357988
v 3.30221463 -0.23879564 0.37197992
v 3.30144803 -0.23842314 0.37197992
v 3.30144803 -0.23842316 0.37357991
v 3.30221463 -0.23879565 0.37357991
v 3.30144803 -0.23842316 0.37357991
v 3.30178183 -0.23763894 0.37197990
v 3.30178183 -0.23763895 0.37357990
v 3.30144803 -0.23842314 0.37197992
v 3.30178183 -0.23763894 0.37197990
v 3.30172103 -0.23678884 0.37197992
v 3.30172103 -0.23678886 0.37357991
v 3.30178183 -0.23763895 0.37357990
v 3.30172103 -0.23678886 0.37357991
v 3.30256713 -0.23668584 0.37197992
v 3.30256713 -0.23668584 0.37357991
v 3.30172103 -0.23678884 0.37197992
v 3.30256713 -0.23668584 0.37357991
v 3.30327293 -0.23620814 0.37197992
v 3.30327293 -0.23620816 0.37357991
v 3.30256713 -0.23668584 0.37197992
v 3.30327293 -0.23620814 0.37197992
v 3.30378523 -0.23688935 0.37357988
v 3.30327293 -0.23620816 0.37357991
v 3.30378523 -0.23688935 0.37197989
v 3.30378523 -0.23688935 0.37197989
v 3.30455183 -0.23726174 0.37357991
v 3.30378523 -0.23688935 0.37357988
v 3.30455183 -0.23726174 0.37197992
v 3.30455183 -0.23726174 0.37197992
v 3.30421803 -0.23804595 0.37357988
v 3.30455183 -0.23726174 0.37357991
v 3.30421803 -0.23804595 0.37197989
v 3.30421803 -0.23804595 0.37197989
v 3.30427883 -0.23889615 0.37357988
v 3.30421803 -0.23804595 0.37357988
v 3.30427883 -0.23889615 0.37197989
v 3.30427883 -0.23889615 0.37197989
v 3.30343273 -0.23899914 0.37357988
v 3.30427883 -0.23889615 0.37357988
v 3.30343273 -0.23899914 0.37197989
v 3.30343273 -0.23899914 0.37197989
v 3.30272693 -0.23947685 0.37357988
v 3.30343273 -0.23899914 0.37357988
v 3.30272693 -0.23947685 0.37197989
v 3.30223930 -0.23654035 0.37119989
v 3.30299825 -0.23631407 0.37119990
v 3.30243301 -0.23644936 0.36119991
v 3.30195491 -0.23674865 0.36119990
v 3.30161237 -0.23725593 0.36119991
v 3.30182929 -0.23689400 0.37119992
v 3.30148494 -0.23788440 0.36119991
v 3.30156037 -0.23738833 0.37119990
v 3.30149967 -0.23802917 0.37119990
v 3.30165008 -0.23851290 0.36119991
v 3.30216243 -0.23912348 0.36119990
v 3.30181903 -0.23881142 0.37119990
v 3.30248009 -0.23925853 0.37119990
v 3.30299929 -0.23935448 0.36119988
v 3.30299964 -0.23934803 0.37119989
v 3.30299914 -0.23632790 0.36119991
v 3.30378523 -0.23688935 0.37357988
v 3.30402473 -0.23648615 0.37357991
v 3.30382794 -0.23635572 0.37357991
v 3.30266813 -0.23617494 0.37357991
v 3.30242633 -0.23624002 0.37357988
v 3.30256713 -0.23668584 0.37357991
v 3.30327293 -0.23620816 0.37357991
v 3.30354096 -0.23622902 0.37357991
v 3.30440456 -0.23688169 0.37357988
v 3.30420389 -0.23663978 0.37357988
v 3.30455731 -0.23715638 0.37357988
v 3.30455183 -0.23726174 0.37357991
v 3.30421803 -0.23804595 0.37357988
v 3.30465685 -0.23745434 0.37357988
v 3.30323643 -0.23615723 0.37357988
v 3.30291355 -0.23614255 0.37357990
v 3.30470008 -0.23776591 0.37357991
v 3.30468344 -0.23809238 0.37357990
v 3.30212487 -0.23638244 0.37357988
v 3.30460254 -0.23841573 0.37357988
v 3.30446004 -0.23871693 0.37357991
v 3.30185689 -0.23658134 0.37357991
v 3.30168583 -0.23676385 0.37357991
v 3.30153993 -0.23696739 0.37357990
v 3.30172103 -0.23678886 0.37357991
v 3.30427883 -0.23889615 0.37357988
v 3.30343273 -0.23899914 0.37357988
v 3.30414306 -0.23910345 0.37357988
v 3.30178183 -0.23763895 0.37357990
v 3.30139726 -0.23726900 0.37357988
v 3.30387507 -0.23930223 0.37357991
v 3.30131643 -0.23759280 0.37357988
v 3.30365013 -0.23941314 0.37357991
v 3.30341241 -0.23949371 0.37357988
v 3.30129979 -0.23791956 0.37357988
v 3.30134366 -0.23823244 0.37357991
v 3.30144803 -0.23842316 0.37357991
v 3.30308520 -0.23954234 0.37357990
v 3.30144363 -0.23853003 0.37357990
v 3.30174403 -0.23898815 0.37357988
v 3.30191271 -0.23915158 0.37357988
v 3.30221463 -0.23879565 0.37357991
v 3.30159652 -0.23880470 0.37357990
v 3.30217242 -0.23932950 0.37357990
v 3.30245886 -0.23945581 0.37357990
v 3.30272693 -0.23947685 0.37357988
v 3.30276516 -0.23952778 0.37357991
v 3.30431403 -0.23892105 0.37357990
v 3.30190147 -0.23886645 0.37119990
v 3.30117803 -0.23965565 0.37119990
v 3.30090463 -0.23933134 0.37119990
v 3.30373919 -0.23914945 0.37119990
v 3.30451113 -0.23992235 0.37119989
v 3.30416683 -0.24013254 0.37119990
v 3.30069113 -0.23897225 0.37119989
v 3.30054193 -0.23859415 0.37119990
v 3.30162613 -0.23844464 0.37119990
v 3.30379293 -0.23539725 0.37119992
v 3.30342813 -0.23640484 0.37119990
v 3.30321732 -0.23635657 0.37119992
v 3.30151133 -0.23802725 0.37119989
v 3.30155188 -0.23824015 0.37119989
v 3.30045643 -0.23821305 0.37119990
v 3.30042953 -0.23784244 0.37119990
v 3.30149859 -0.23781146 0.37119990
v 3.30045673 -0.23746935 0.37119989
v 3.30172567 -0.23863712 0.37119989
v 3.30156818 -0.23738989 0.37119990
v 3.30054333 -0.23708604 0.37119990
v 3.30152043 -0.23759535 0.37119992
v 3.30321039 -0.23932931 0.37119992
v 3.30379423 -0.24028734 0.37119990
v 3.30340203 -0.24038164 0.37119990
v 3.30299993 -0.24041285 0.37119990
v 3.30262543 -0.24038544 0.37119990
v 3.30292600 -0.23934236 0.37119990
v 3.30416793 -0.23555255 0.37119989
v 3.30451033 -0.23576205 0.37119990
v 3.30388198 -0.23662703 0.37119992
v 3.30544473 -0.23863664 0.37119990
v 3.30443155 -0.23829550 0.37119990
v 3.30553913 -0.23824453 0.37119990
v 3.30481753 -0.23602495 0.37119989
v 3.30528963 -0.23667415 0.37119990
v 3.30544513 -0.23704925 0.37119992
v 3.30437373 -0.23724024 0.37119992
v 3.30529073 -0.23900944 0.37119990
v 3.30435283 -0.23849024 0.37119992
v 3.30553903 -0.23743954 0.37119990
v 3.30444793 -0.23744460 0.37119992
v 3.30409859 -0.23681876 0.37119992
v 3.30508003 -0.23633164 0.37119990
v 3.30450128 -0.23787353 0.37119990
v 3.30557033 -0.23784244 0.37119990
v 3.30448853 -0.23765774 0.37119992
v 3.30427439 -0.23704815 0.37119990
v 3.30507973 -0.23935335 0.37119990
v 3.30425014 -0.23867422 0.37119989
v 3.30391463 -0.23903135 0.37119989
v 3.30407329 -0.23889256 0.37119989
v 3.30481753 -0.23965994 0.37119990
v 3.30363260 -0.23648057 0.37119990
v 3.30348274 -0.23926437 0.37119990
v 3.30299993 -0.23634245 0.37119990
v 3.30278908 -0.23635575 0.37119990
v 3.30299993 -0.23527205 0.37119989
v 3.30186723 -0.23553515 0.37119990
v 3.30214083 -0.23661089 0.37119989
v 3.30150783 -0.23574944 0.37119992
v 3.30186113 -0.24014685 0.37119989
v 3.30150143 -0.23993084 0.37119990
v 3.30211785 -0.23905781 0.37119990
v 3.30236725 -0.23920444 0.37119990
v 3.30224113 -0.24029835 0.37119990
v 3.30175021 -0.23700999 0.37119990
v 3.30164703 -0.23719464 0.37119990
v 3.30069403 -0.23670674 0.37119990
v 3.30264050 -0.23930054 0.37119990
v 3.30447943 -0.23808965 0.37119992
v 3.30340243 -0.23530334 0.37119990
v 3.30262813 -0.23529914 0.37119990
v 3.30251745 -0.23642051 0.37119990
v 3.30224593 -0.23538515 0.37119992
v 3.30232273 -0.23650405 0.37119989
v 3.30192735 -0.23679158 0.37119990
v 3.30118383 -0.23602344 0.37119990
v 3.30090923 -0.23634714 0.37119990
v 3.30211525 -0.24021828 0.37307940
v 3.30154988 -0.23992489 0.37307828
v 3.30194434 -0.24023335 0.37286013
v 3.30241927 -0.23999654 0.37342938
v 3.30164089 -0.23975697 0.37332893
v 3.30243283 -0.24027187 0.37317724
v 3.30299990 -0.23994863 0.37350498
v 3.30248009 -0.23971208 0.37355545
v 3.30299993 -0.23954244 0.37357990
v 3.30276516 -0.23952776 0.37357985
v 3.30099373 -0.23951355 0.37285943
v 3.30141975 -0.23992792 0.37285967
v 3.30100239 -0.23941393 0.37307485
v 3.30060314 -0.23889880 0.37285864
v 3.30041319 -0.23820102 0.37285956
v 3.30061311 -0.23870124 0.37308475
v 3.30083493 -0.23859869 0.37338560
v 3.30045981 -0.23785862 0.37307979
v 3.30060358 -0.23699896 0.37307868
v 3.30038598 -0.23762588 0.37286180
v 3.30100140 -0.23627290 0.37307549
v 3.30056951 -0.23686063 0.37285962
v 3.30221061 -0.23535174 0.37286007
v 3.30211200 -0.23550609 0.37315225
v 3.30263768 -0.23524709 0.37286257
v 3.30299993 -0.23614244 0.37357988
v 3.30300001 -0.23588710 0.37355348
v 3.30275011 -0.23615861 0.37357978
v 3.30168394 -0.23558326 0.37285926
v 3.30153873 -0.23576634 0.37307637
v 3.30105987 -0.23608346 0.37285886
v 3.30240678 -0.24038668 0.37285989
v 3.30299994 -0.24035098 0.37313060
v 3.30299957 -0.24045786 0.37285925
v 3.30070611 -0.23782896 0.37338551
v 3.30299971 -0.23538855 0.37323494
v 3.30299993 -0.23523244 0.37285989
v 3.30114672 -0.23928563 0.37332943
v 3.30157531 -0.23928464 0.37353989
v 3.30084378 -0.23706088 0.37338547
v 3.30115663 -0.23638614 0.37332910
v 3.30165345 -0.23591855 0.37332853
v 3.30244036 -0.23568332 0.37342958
v 3.30106847 -0.23813911 0.37355762
v 3.30156033 -0.23631987 0.37350802
v 3.30126661 -0.23700906 0.37356167
v 3.30131642 -0.23759280 0.37358003
v 3.30139722 -0.23726899 0.37358036
v 3.30242068 -0.23599722 0.37356020
v 3.30159654 -0.23880468 0.37357966
v 3.30185688 -0.23658133 0.37358000
v 3.30242633 -0.23624002 0.37357985
v 3.30245885 -0.23945581 0.37357987
v 3.30217243 -0.23932950 0.37357979
v 3.30191272 -0.23915158 0.37357976
v 3.30174403 -0.23898815 0.37357988
v 3.30144366 -0.23853001 0.37357951
v 3.30134367 -0.23823244 0.37357966
v 3.30129979 -0.23791956 0.37357982
v 3.30153993 -0.23696739 0.37357993
v 3.30168583 -0.23676385 0.37357991
v 3.30212488 -0.23638246 0.37357981
v 3.30214676 -0.24032340 0.37285987
v 3.30194173 -0.24036363 0.37136089
v 3.30299906 -0.24058090 0.37136076
v 3.30130361 -0.23984441 0.37285989
v 3.30042324 -0.23829752 0.37285983
v 3.30049625 -0.23894130 0.37136085
v 3.30069300 -0.23909085 0.37285985
v 3.30028106 -0.23807047 0.37136091
v 3.30040381 -0.23749901 0.37285965
v 3.30065803 -0.23666240 0.37285989
v 3.30059811 -0.23653604 0.37136080
v 3.30032979 -0.23729918 0.37136097
v 3.30122208 -0.23591378 0.37285996
v 3.30200936 -0.23541410 0.37285989
v 3.30125198 -0.23573902 0.37136083
v 3.30203098 -0.23529285 0.37136086
v 3.30299906 -0.23521575 0.37285964
v 3.30299872 -0.23509923 0.37136109
v 3.30108073 -0.23979113 0.37136082
v 3.30299956 -0.24046092 0.37285998
v 3.30258653 -0.24051108 0.37126114
v 3.30299912 -0.24057996 0.37136182
v 3.30215628 -0.24043186 0.37136177
v 3.30135361 -0.23998255 0.37126104
v 3.30150062 -0.23993066 0.37119588
v 3.30186047 -0.24014688 0.37119609
v 3.30069113 -0.23897225 0.37119989
v 3.30072987 -0.23928149 0.37123727
v 3.30041259 -0.23855725 0.37122917
v 3.30090463 -0.23933134 0.37119990
v 3.30117711 -0.23965520 0.37119565
v 3.30054193 -0.23859415 0.37119990
v 3.30033470 -0.23761116 0.37121532
v 3.30045643 -0.23821305 0.37119990
v 3.30045673 -0.23746935 0.37119989
v 3.30042953 -0.23784244 0.37119990
v 3.30054333 -0.23708604 0.37119990
v 3.30069342 -0.23670730 0.37119588
v 3.30231758 -0.23519395 0.37136106
v 3.30299989 -0.23511733 0.37136085
v 3.30258537 -0.23517449 0.37126070
v 3.30135546 -0.23570088 0.37126117
v 3.30199108 -0.23533556 0.37125374
v 3.30150741 -0.23574938 0.37119626
v 3.30100668 -0.23966397 0.37126123
v 3.30198084 -0.24034719 0.37125533
v 3.30262527 -0.24038577 0.37119641
v 3.30299996 -0.24041328 0.37119591
v 3.30299992 -0.24052963 0.37124948
v 3.30224064 -0.24029854 0.37119626
v 3.30050986 -0.23679797 0.37126116
v 3.30072194 -0.23639257 0.37126117
v 3.30090864 -0.23634745 0.37119601
v 3.30118330 -0.23602355 0.37119615
v 3.30100846 -0.23601893 0.37126131
v 3.30262830 -0.23529878 0.37119647
v 3.30224588 -0.23538484 0.37119644
v 3.30186698 -0.23553492 0.37119634
v 3.30299994 -0.23515956 0.37124460
v 3.30299998 -0.23527175 0.37119701
v 3.30096790 -0.23966605 0.37136046
v 3.30048696 -0.23891670 0.37136009
v 3.30027097 -0.23801640 0.37136012
v 3.30030488 -0.23764108 0.37126445
v 3.30033688 -0.23722543 0.37135989
v 3.30071352 -0.23634914 0.37136024
v 3.30167027 -0.24022451 0.37136112
v 3.30155514 -0.23551822 0.37136092
v 3.27146820 -0.21225710 0.35709989
v 3.27149300 -0.21287377 0.36144989
v 3.27149356 -0.21280641 0.35709992
v 3.27145214 -0.21219585 0.36144989
v 3.27124786 -0.21175391 0.35709989
v 3.27121376 -0.21170631 0.36144989
v 3.27086170 -0.21136295 0.35709989
v 3.27081924 -0.21133464 0.36144988
v 3.27036086 -0.21113631 0.35709990
v 3.27000217 -0.21106303 0.36144989
v 3.26999994 -0.21110015 0.35709989
v 3.27132042 -0.21332803 0.35709990
v 3.27121511 -0.21349274 0.36144989
v 3.27097144 -0.21375317 0.35709989
v 3.27081962 -0.21386549 0.36144989
v 3.27049359 -0.21402470 0.35709992
v 3.27000212 -0.21413774 0.36144989
v 3.27000017 -0.21410512 0.35709989
v 3.27093441 -0.21206065 0.36226990
v 3.27074994 -0.21130114 0.36226992
v 3.26999994 -0.21152114 0.36226992
v 3.26999994 -0.21367914 0.36226990
v 3.27074994 -0.21389914 0.36226990
v 3.27093441 -0.21313965 0.36226992
v 3.26906546 -0.21206065 0.36226990
v 3.26906546 -0.21313965 0.36226992
v 3.27149994 -0.21260014 0.36226990
v 3.26924994 -0.21130114 0.36226992
v 3.26849994 -0.21260014 0.36226990
v 3.26924994 -0.21389914 0.36226990
v 3.26849994 -0.21260014 0.36309990
v 3.26906546 -0.21206065 0.36226990
v 3.26906546 -0.21206065 0.36309990
v 3.26849994 -0.21260014 0.36226990
v 3.26906546 -0.21206065 0.36309990
v 3.26924994 -0.21130114 0.36226992
v 3.26924994 -0.21130114 0.36309991
v 3.26906546 -0.21206065 0.36226990
v 3.26924994 -0.21130114 0.36226992
v 3.26999994 -0.21152114 0.36309991
v 3.26924994 -0.21130114 0.36309991
v 3.26999994 -0.21152114 0.36226992
v 3.26999994 -0.21152114 0.36309991
v 3.27074994 -0.21130114 0.36226992
v 3.27074994 -0.21130114 0.36309991
v 3.26999994 -0.21152114 0.36226992
v 3.27074994 -0.21130114 0.36226992
v 3.27093441 -0.21206065 0.36309990
v 3.27074994 -0.21130114 0.36309991
v 3.27093441 -0.21206065 0.36226990
v 3.27093441 -0.21206065 0.36226990
v 3.27149994 -0.21260014 0.36309990
v 3.27093441 -0.21206065 0.36309990
v 3.27149994 -0.21260014 0.36226990
v 3.27149994 -0.21260014 0.36226990
v 3.27093441 -0.21313965 0.36309991
v 3.27149994 -0.21260014 0.36309990
v 3.27093441 -0.21313965 0.36226992
v 3.27093441 -0.21313965 0.36226992
v 3.27074994 -0.21389914 0.36309990
v 3.27093441 -0.21313965 0.36309991
v 3.27074994 -0.21389914 0.36226990
v 3.27074994 -0.21389914 0.36226990
v 3.26999994 -0.21367914 0.36226990
v 3.26999994 -0.21367914 0.36309990
v 3.27074994 -0.21389914 0.36309990
v 3.26999994 -0.21367914 0.36226990
v 3.26924994 -0.21389914 0.36309990
v 3.26999994 -0.21367914 0.36309990
v 3.26924994 -0.21389914 0.36226990
v 3.26924994 -0.21389914 0.36226990
v 3.26906546 -0.21313965 0.36226992
v 3.26906546 -0.21313965 0.36309991
v 3.26924994 -0.21389914 0.36309990
v 3.26906546 -0.21313965 0.36226992
v 3.26849994 -0.21260014 0.36226990
v 3.26849994 -0.21260014 0.36309990
v 3.26906546 -0.21313965 0.36309991
v 3.27149994 -0.21260014 0.36309990
v 3.27093441 -0.21313965 0.36309991
v 3.27240447 -0.21394051 0.36309993
v 3.27272624 -0.21298167 0.36309993
v 3.27274996 -0.21247446 0.36309991
v 3.27268007 -0.21197137 0.36309993
v 3.27134033 -0.21019564 0.36309990
v 3.27087519 -0.20999014 0.36309991
v 3.27074994 -0.21130114 0.36309991
v 3.27093441 -0.21206065 0.36309990
v 3.27251903 -0.21149000 0.36309991
v 3.27165748 -0.21040584 0.36309990
v 3.27194760 -0.21065472 0.36309990
v 3.27227175 -0.21104536 0.36309993
v 3.27038172 -0.20987388 0.36309991
v 3.26999994 -0.21152114 0.36309991
v 3.26987365 -0.20985016 0.36309991
v 3.26936904 -0.20992043 0.36309991
v 3.26888866 -0.21008151 0.36309991
v 3.26924994 -0.21130114 0.36309991
v 3.27261005 -0.21347513 0.36309991
v 3.26844532 -0.21032826 0.36309990
v 3.26814892 -0.21056664 0.36309990
v 3.26788161 -0.21084185 0.36309990
v 3.26906546 -0.21206065 0.36309990
v 3.27219427 -0.21425764 0.36309990
v 3.27074994 -0.21389914 0.36309990
v 3.26759410 -0.21126198 0.36309991
v 3.27194541 -0.21454776 0.36309993
v 3.26849994 -0.21260014 0.36309990
v 3.26727361 -0.21221876 0.36309991
v 3.26739007 -0.21172446 0.36309993
v 3.27110941 -0.21511954 0.36309991
v 3.27155468 -0.21487203 0.36309993
v 3.26725011 -0.21259885 0.36309990
v 3.26727347 -0.21298157 0.36309990
v 3.27062847 -0.21528030 0.36309993
v 3.27012542 -0.21535020 0.36309990
v 3.26999994 -0.21367914 0.36309990
v 3.26738987 -0.21347542 0.36309993
v 3.26924994 -0.21389914 0.36309990
v 3.26844584 -0.21487257 0.36309993
v 3.26888825 -0.21511860 0.36309990
v 3.26780363 -0.21425484 0.36309990
v 3.26805126 -0.21454462 0.36309991
v 3.26906546 -0.21313965 0.36309991
v 3.26759411 -0.21393818 0.36309993
v 3.26936756 -0.21527942 0.36309990
v 3.26974351 -0.21533805 0.36309991
v 3.27090408 -0.20998812 0.36309990
v 3.27178067 -0.21048598 0.36309990
v 3.27128758 -0.21015440 0.36269989
v 3.27207041 -0.21076890 0.36269989
v 3.27242073 -0.21126554 0.36309990
v 3.27258469 -0.21162003 0.36269991
v 3.27273826 -0.21222206 0.36309988
v 3.27269176 -0.21322901 0.36309990
v 3.27275464 -0.21247728 0.36269989
v 3.27228786 -0.21415141 0.36309988
v 3.27266228 -0.21334145 0.36269989
v 3.27157984 -0.21486835 0.36309990
v 3.27150201 -0.21492022 0.36269991
v 3.27222538 -0.21423871 0.36269989
v 3.27066144 -0.21528384 0.36309988
v 3.27058332 -0.21530120 0.36269989
v 3.26999994 -0.21535015 0.36269991
v 3.26999994 -0.21535015 0.36309991
v 3.27000205 -0.20980951 0.36269994
v 3.27000036 -0.20984099 0.36309990
v 3.26941608 -0.20989916 0.36269989
v 3.26999994 -0.20985015 0.36309990
v 3.26999994 -0.20985015 0.36269989
v 3.26756298 -0.21125550 0.36309987
v 3.26842128 -0.21033115 0.36309990
v 3.26777459 -0.21096138 0.36269989
v 3.26733771 -0.21185861 0.36269989
v 3.26746727 -0.21370778 0.36309990
v 3.26722687 -0.21259964 0.36309990
v 3.26726261 -0.21310158 0.36269986
v 3.26777219 -0.21423672 0.36269989
v 3.26803246 -0.21454183 0.36309990
v 3.26849705 -0.21491992 0.36269991
v 3.26885924 -0.21511790 0.36309988
v 3.26941654 -0.21530211 0.36269989
v 3.26999867 -0.21537598 0.36309990
v 3.26999994 -0.21535015 0.36269991
v 3.26849804 -0.21027996 0.36269989
v 3.26933780 -0.20991655 0.36309990
v 3.27036916 -0.21532745 0.36270004
v 3.26999994 -0.21410015 0.36144991
v 3.27020219 -0.21408808 0.36145000
v 3.27085009 -0.21521777 0.36270007
v 3.27222532 -0.21421936 0.36270008
v 3.27190122 -0.21459047 0.36270010
v 3.27098917 -0.21373262 0.36145026
v 3.27151480 -0.21489823 0.36270010
v 3.27150210 -0.21266623 0.36145025
v 3.27274135 -0.21284688 0.36270010
v 3.27144742 -0.21299911 0.36145001
v 3.27274141 -0.21235421 0.36270007
v 3.27147699 -0.21233163 0.36144998
v 3.27128829 -0.21182990 0.36145000
v 3.27248014 -0.21140548 0.36270011
v 3.27140511 -0.21207221 0.36144998
v 3.27113053 -0.21161241 0.36145001
v 3.27222673 -0.21098176 0.36270010
v 3.27190228 -0.21061069 0.36270010
v 3.27088361 -0.21138361 0.36145025
v 3.27151616 -0.21030265 0.36270008
v 3.27108120 -0.21006875 0.36270004
v 3.27052820 -0.21119246 0.36145025
v 3.27061383 -0.20991655 0.36270010
v 3.27020077 -0.21111246 0.36144997
v 3.27000083 -0.20984219 0.36269941
v 3.26999994 -0.21110015 0.36144989
v 3.27265359 -0.21186840 0.36270008
v 3.27265265 -0.21333314 0.36270010
v 3.27247883 -0.21379517 0.36270007
v 3.27135286 -0.21325162 0.36145003
v 3.27121464 -0.21348273 0.36145000
v 3.27071135 -0.21392232 0.36145001
v 3.27119236 -0.21507804 0.36269989
v 3.27046392 -0.21402814 0.36144998
v 3.26999994 -0.21535015 0.36269991
v 3.26891868 -0.21513152 0.36270007
v 3.26953630 -0.21402825 0.36145001
v 3.26938592 -0.21528372 0.36270011
v 3.26979804 -0.21408814 0.36145000
v 3.26848370 -0.21489766 0.36270008
v 3.26928884 -0.21392249 0.36145001
v 3.26878544 -0.21348302 0.36144998
v 3.26901111 -0.21373297 0.36145025
v 3.26809761 -0.21458962 0.36270008
v 3.26725851 -0.21235340 0.36270007
v 3.26849780 -0.21266676 0.36145025
v 3.26725848 -0.21284607 0.36270010
v 3.26734628 -0.21333187 0.36270007
v 3.26859464 -0.21207255 0.36145000
v 3.26852282 -0.21233198 0.36145001
v 3.26734723 -0.21186711 0.36270007
v 3.26752106 -0.21140511 0.36270010
v 3.26777453 -0.21098093 0.36270007
v 3.26871141 -0.21183020 0.36145001
v 3.26809870 -0.21060975 0.36270007
v 3.26911584 -0.21138393 0.36145025
v 3.26886911 -0.21161267 0.36145001
v 3.26848507 -0.21030206 0.36270010
v 3.26947117 -0.21119265 0.36145025
v 3.26880752 -0.21012224 0.36269989
v 3.26914969 -0.20998255 0.36270007
v 3.26979875 -0.21111252 0.36144998
v 3.26963068 -0.20987285 0.36270007
v 3.26999994 -0.20985015 0.36269989
v 3.26999994 -0.21110015 0.36144989
v 3.26855255 -0.21299946 0.36145000
v 3.26751971 -0.21379479 0.36270008
v 3.26864716 -0.21325194 0.36144998
v 3.26777317 -0.21421858 0.36270008
v 3.26999994 -0.21410015 0.36144991
v 3.26999905 -0.21535804 0.36269946
v 3.27131158 -0.21186915 0.35709992
v 3.27142368 -0.21212302 0.35709992
v 3.27060537 -0.21122607 0.35709990
v 3.27078950 -0.21132475 0.35709990
v 3.27095915 -0.21144489 0.35709992
v 3.27115525 -0.21164101 0.35709993
v 3.27027683 -0.21112161 0.35709992
v 3.27148699 -0.21239192 0.35709992
v 3.27149995 -0.21266858 0.35709992
v 3.26999994 -0.21110015 0.35709989
v 3.27095886 -0.21375562 0.35709992
v 3.26876164 -0.21175131 0.35709992
v 3.26889174 -0.21158935 0.35709989
v 3.26904111 -0.21144463 0.35709992
v 3.27110874 -0.21361035 0.35709990
v 3.26853839 -0.21225649 0.35709992
v 3.27047734 -0.21402378 0.35709992
v 3.27020816 -0.21408719 0.35709992
v 3.26862685 -0.21199324 0.35709990
v 3.27073072 -0.21391189 0.35709993
v 3.26849998 -0.21253052 0.35709990
v 3.26880289 -0.21350424 0.35709989
v 3.26868798 -0.21333095 0.35709990
v 3.26915111 -0.21383891 0.35709992
v 3.26857622 -0.21307786 0.35709992
v 3.26965599 -0.21406198 0.35709992
v 3.26939350 -0.21397389 0.35709992
v 3.26893839 -0.21366221 0.35709992
v 3.26851278 -0.21280762 0.35709990
v 3.26992895 -0.21410019 0.35709992
v 3.26926955 -0.21128817 0.35709992
v 3.27123955 -0.21344755 0.35709992
v 3.27137408 -0.21320544 0.35709992
v 3.26952348 -0.21117636 0.35709990
v 3.27146181 -0.21294323 0.35709992
v 3.26979227 -0.21111322 0.35709992
v 3.26999941 -0.21108978 0.36144989
v 3.26999994 -0.21110015 0.35709989
v 3.26963903 -0.21113656 0.35709992
v 3.26942162 -0.21120801 0.36144991
v 3.26875286 -0.21175312 0.35709990
v 3.26848140 -0.21246034 0.35709992
v 3.26864465 -0.21194058 0.36144988
v 3.26848925 -0.21253088 0.36144989
v 3.26866054 -0.21332874 0.36144989
v 3.26892723 -0.21365979 0.35709990
v 3.26918025 -0.21386548 0.36144989
v 3.26937837 -0.21397384 0.35709990
v 3.26999776 -0.21413773 0.36144989
v 3.26999923 -0.21411433 0.35709990
v 3.26861840 -0.21320473 0.35709989
v 3.26896588 -0.21150306 0.36144989
v 3.26913885 -0.21136248 0.35709990
v 3.20653915 -0.29540221 0.36489990
v 3.20657079 -0.29500102 0.36489435
v 3.20659227 -0.29562989 0.36492526
v 3.20400048 -0.29773098 0.36506038
v 3.20399994 -0.29770084 0.36496099
v 3.20441505 -0.29766867 0.36496134
v 3.20578864 -0.29702665 0.36495381
v 3.20525250 -0.29739220 0.36496111
v 3.20551129 -0.29708029 0.36489644
v 3.20644474 -0.29579429 0.36489990
v 3.20629119 -0.29616635 0.36489556
v 3.20628964 -0.29383184 0.36489990
v 3.20625817 -0.29357965 0.36492536
v 3.20644508 -0.29420558 0.36489514
v 3.20546188 -0.29268777 0.36506256
v 3.20618519 -0.29335630 0.36506195
v 3.20586512 -0.29304422 0.36495368
v 3.20551106 -0.29291987 0.36489607
v 3.20516841 -0.29271007 0.36489632
v 3.20581847 -0.29318310 0.36489555
v 3.20608004 -0.29348934 0.36489990
v 3.20440277 -0.29246071 0.36489656
v 3.20399992 -0.29242934 0.36489590
v 3.20441039 -0.29233085 0.36496177
v 3.20399995 -0.29231285 0.36494961
v 3.20506126 -0.29252517 0.36494527
v 3.20479320 -0.29255465 0.36489647
v 3.20649038 -0.29395629 0.36496156
v 3.20667631 -0.29462682 0.36495484
v 3.20653921 -0.29459611 0.36489541
v 3.20649106 -0.29604283 0.36496135
v 3.20669308 -0.29520163 0.36496132
v 3.20627733 -0.29645126 0.36496141
v 3.20608054 -0.29651070 0.36489590
v 3.20581805 -0.29681753 0.36489613
v 3.20483534 -0.29756801 0.36496116
v 3.20516683 -0.29729104 0.36489647
v 3.20479400 -0.29744558 0.36489652
v 3.20440184 -0.29753956 0.36489650
v 3.20399990 -0.29757093 0.36489701
v 3.20660868 -0.29418741 0.36506165
v 3.20671860 -0.29484959 0.36506146
v 3.20399995 -0.29227598 0.36506086
v 3.20468854 -0.29235633 0.36506164
v 3.20666351 -0.29558735 0.36506117
v 3.20643332 -0.29625730 0.36506155
v 3.20594031 -0.29691957 0.36506119
v 3.20496299 -0.29756521 0.36506047
v 3.20595191 -0.29691458 0.36506086
v 3.20607379 -0.29659624 0.36655987
v 3.20546047 -0.29717946 0.36655986
v 3.20533765 -0.29737146 0.36506089
v 3.20465237 -0.29765487 0.36506086
v 3.20457672 -0.29755908 0.36655986
v 3.20399995 -0.29772015 0.36506091
v 3.20399995 -0.29761015 0.36655990
v 3.20651092 -0.29608056 0.36506086
v 3.20647884 -0.29585768 0.36655987
v 3.20673580 -0.29506294 0.36506086
v 3.20662329 -0.29484761 0.36655984
v 3.20651726 -0.29391499 0.36506083
v 3.20631259 -0.29374845 0.36655984
v 3.20579284 -0.29292630 0.36506083
v 3.20564417 -0.29296026 0.36655986
v 3.20474128 -0.29247691 0.36655983
v 3.20500811 -0.29246910 0.36506088
v 3.20400154 -0.29225367 0.36506055
v 3.20399995 -0.29239014 0.36655990
v 3.20489180 -0.29733503 0.36685219
v 3.20446897 -0.29757918 0.36656133
v 3.20505610 -0.29739077 0.36656014
v 3.20546623 -0.29707125 0.36677823
v 3.20594059 -0.29324718 0.36656032
v 3.20599939 -0.29343312 0.36677676
v 3.20627836 -0.29373220 0.36655810
v 3.20425021 -0.29668365 0.36727979
v 3.20399995 -0.29670015 0.36727990
v 3.20399987 -0.29695560 0.36725346
v 3.20558010 -0.29708564 0.36655966
v 3.20599898 -0.29656346 0.36678077
v 3.20609715 -0.29656996 0.36656059
v 3.20640911 -0.29605877 0.36656616
v 3.20636920 -0.29575673 0.36687579
v 3.20654413 -0.29560061 0.36656036
v 3.20662394 -0.29495275 0.36656132
v 3.20650283 -0.29499847 0.36685466
v 3.20651586 -0.29428081 0.36656068
v 3.20636073 -0.29416393 0.36685186
v 3.20545384 -0.29291739 0.36677432
v 3.20549844 -0.29286368 0.36655873
v 3.20458026 -0.29284596 0.36712934
v 3.20535872 -0.29308550 0.36702895
v 3.20470426 -0.29261237 0.36688274
v 3.20399997 -0.29289393 0.36720494
v 3.20400046 -0.29245427 0.36679230
v 3.20442090 -0.29242030 0.36655986
v 3.20399995 -0.29239014 0.36655990
v 3.20451975 -0.29313053 0.36725544
v 3.20498781 -0.29257995 0.36655998
v 3.20399995 -0.29330015 0.36727990
v 3.20423560 -0.29331477 0.36727984
v 3.20609003 -0.29575656 0.36712911
v 3.20584324 -0.29645652 0.36702908
v 3.20400017 -0.29745407 0.36693495
v 3.20399995 -0.29761015 0.36655990
v 3.20585308 -0.29355688 0.36702942
v 3.20542462 -0.29355806 0.36723986
v 3.20609778 -0.29426610 0.36712926
v 3.20534632 -0.29692395 0.36702862
v 3.20455986 -0.29715930 0.36712950
v 3.20622306 -0.29501213 0.36712914
v 3.20593148 -0.29470360 0.36725760
v 3.20543960 -0.29652280 0.36720798
v 3.20573333 -0.29583351 0.36726164
v 3.20568347 -0.29525000 0.36728002
v 3.20562665 -0.29549404 0.36727990
v 3.20457941 -0.29684544 0.36726017
v 3.20540450 -0.29403931 0.36727964
v 3.20514289 -0.29626130 0.36727997
v 3.20449294 -0.29662706 0.36727990
v 3.20454112 -0.29338671 0.36727985
v 3.20482762 -0.29351322 0.36727978
v 3.20502474 -0.29364377 0.36727990
v 3.20520374 -0.29379728 0.36727982
v 3.20555730 -0.29431406 0.36727951
v 3.20565681 -0.29461181 0.36727967
v 3.20570009 -0.29492366 0.36727981
v 3.20553825 -0.29572840 0.36727948
v 3.20536607 -0.29601529 0.36727987
v 3.20494405 -0.29641388 0.36727990
v 3.20472699 -0.29653904 0.36727984
v 3.20453377 -0.29358722 0.36489990
v 3.20400112 -0.29348086 0.35489989
v 3.20400020 -0.29349576 0.36489990
v 3.20466980 -0.29364996 0.35489989
v 3.20504683 -0.29391383 0.36489990
v 3.20487606 -0.29622838 0.36489990
v 3.20466675 -0.29636662 0.35489989
v 3.20526548 -0.29583113 0.35489989
v 3.20436390 -0.29646277 0.36489990
v 3.20400024 -0.29650581 0.35489989
v 3.20399995 -0.29650015 0.36489990
v 3.20531904 -0.29574317 0.36489990
v 3.20550454 -0.29511134 0.36489990
v 3.20549318 -0.29521553 0.35489989
v 3.20544791 -0.29455806 0.35489989
v 3.20541450 -0.29446059 0.36489990
v 3.20511975 -0.29398917 0.35489989
v 3.20288205 -0.29622321 0.36567990
v 3.20373415 -0.29620621 0.36567990
v 3.20282254 -0.29537299 0.36567990
v 3.20450015 -0.29657982 0.36567990
v 3.20491155 -0.29583336 0.36567990
v 3.20511785 -0.29377708 0.36567990
v 3.20426574 -0.29379408 0.36567990
v 3.20517735 -0.29462729 0.36567990
v 3.20561814 -0.29535675 0.36567990
v 3.20308834 -0.29416694 0.36567990
v 3.20349974 -0.29342046 0.36567990
v 3.20238175 -0.29464354 0.36567990
v 3.20361156 -0.29645097 0.35489991
v 3.20334244 -0.29635057 0.35489991
v 3.20310071 -0.29620323 0.35489991
v 3.20289149 -0.29601367 0.35489991
v 3.20265287 -0.29566395 0.35489991
v 3.20276085 -0.29584600 0.35489989
v 3.20255233 -0.29539946 0.35489991
v 3.20251204 -0.29519053 0.35489989
v 3.20249858 -0.29497841 0.35489991
v 3.20391831 -0.29649997 0.35489991
v 3.20251835 -0.29476731 0.35489989
v 3.20421950 -0.29648574 0.35489991
v 3.20488998 -0.29620974 0.35489991
v 3.20470284 -0.29632528 0.35489989
v 3.20267253 -0.29429819 0.35489991
v 3.20450196 -0.29641551 0.35489991
v 3.20256452 -0.29455991 0.35489991
v 3.20278595 -0.29411924 0.35489989
v 3.20292132 -0.29395562 0.35489991
v 3.20351376 -0.29357949 0.35489991
v 3.20528283 -0.29578076 0.35489991
v 3.20331884 -0.29366379 0.35489989
v 3.20546825 -0.29530714 0.35489989
v 3.20540927 -0.29551879 0.35489991
v 3.20378836 -0.29351370 0.35489991
v 3.20408478 -0.29350045 0.35489991
v 3.20549908 -0.29508851 0.35489991
v 3.20453426 -0.29359666 0.35489991
v 3.20479476 -0.29372600 0.35489991
v 3.20536578 -0.29437591 0.35489991
v 3.20544095 -0.29458347 0.35489989
v 3.20548791 -0.29479745 0.35489991
v 3.20502679 -0.29390430 0.35489991
v 3.20521953 -0.29412389 0.35489991
v 3.20432274 -0.29353529 0.35489989
v 3.20313582 -0.29377225 0.35489991
v 3.20510687 -0.29601505 0.35489991
v 3.20561814 -0.29535675 0.36567990
v 3.20491155 -0.29583336 0.36727990
v 3.20561814 -0.29535677 0.36727990
v 3.20491155 -0.29583336 0.36567990
v 3.20491155 -0.29583336 0.36567990
v 3.20450015 -0.29657982 0.36727990
v 3.20491155 -0.29583336 0.36727990
v 3.20450015 -0.29657982 0.36567990
v 3.20450015 -0.29657982 0.36567990
v 3.20373415 -0.29620621 0.36567990
v 3.20373415 -0.29620621 0.36727990
v 3.20450015 -0.29657982 0.36727990
v 3.20373415 -0.29620621 0.36567990
v 3.20288205 -0.29622321 0.36727990
v 3.20373415 -0.29620621 0.36727990
v 3.20288205 -0.29622321 0.36567990
v 3.20288205 -0.29622321 0.36567990
v 3.20282254 -0.29537299 0.36567990
v 3.20282254 -0.29537299 0.36727990
v 3.20288205 -0.29622321 0.36727990
v 3.20282254 -0.29537299 0.36567990
v 3.20238175 -0.29464354 0.36567990
v 3.20238175 -0.29464354 0.36727990
v 3.20282254 -0.29537299 0.36727990
v 3.20238175 -0.29464354 0.36727990
v 3.20308834 -0.29416694 0.36567990
v 3.20308834 -0.29416694 0.36727990
v 3.20238175 -0.29464354 0.36567990
v 3.20308834 -0.29416694 0.36727990
v 3.20349974 -0.29342046 0.36567990
v 3.20349974 -0.29342046 0.36727990
v 3.20308834 -0.29416694 0.36567990
v 3.20349974 -0.29342046 0.36567990
v 3.20426574 -0.29379408 0.36727990
v 3.20349974 -0.29342046 0.36727990
v 3.20426574 -0.29379408 0.36567990
v 3.20426574 -0.29379408 0.36727990
v 3.20511785 -0.29377708 0.36567990
v 3.20511785 -0.29377708 0.36727990
v 3.20426574 -0.29379408 0.36567990
v 3.20511785 -0.29377708 0.36567990
v 3.20517735 -0.29462729 0.36727990
v 3.20511785 -0.29377708 0.36727990
v 3.20517735 -0.29462729 0.36567990
v 3.20517735 -0.29462729 0.36567990
v 3.20561814 -0.29535677 0.36727990
v 3.20517735 -0.29462729 0.36727990
v 3.20561814 -0.29535675 0.36567990
v 3.20270839 -0.29422039 0.36489990
v 3.20309775 -0.29379104 0.36489990
v 3.20274241 -0.29416709 0.35489989
v 3.20252289 -0.29469492 0.35489989
v 3.20279626 -0.29594094 0.36489990
v 3.20247231 -0.29498154 0.36489990
v 3.20251506 -0.29526615 0.35489989
v 3.20326789 -0.29633801 0.35489989
v 3.20346975 -0.29641433 0.36489990
v 3.20399970 -0.29650442 0.36489990
v 3.20399956 -0.29650691 0.35489989
v 3.20272084 -0.29580018 0.35489989
v 3.20314299 -0.29375896 0.35489989
v 3.20361989 -0.29354028 0.36489990
v 3.20399734 -0.29345904 0.35489989
v 3.20399995 -0.29350014 0.36489990
v 3.20308834 -0.29416694 0.36727990
v 3.20285697 -0.29373892 0.36727991
v 3.20268584 -0.29392153 0.36727990
v 3.20511785 -0.29377708 0.36727990
v 3.20520374 -0.29379728 0.36727991
v 3.20502474 -0.29364377 0.36727990
v 3.20342700 -0.29339743 0.36727991
v 3.20312481 -0.29354016 0.36727991
v 3.20349974 -0.29342046 0.36727990
v 3.20366814 -0.29333265 0.36727990
v 3.20426574 -0.29379408 0.36727990
v 3.20391307 -0.29330026 0.36727991
v 3.20454112 -0.29338671 0.36727991
v 3.20423560 -0.29331477 0.36727991
v 3.20517735 -0.29462729 0.36727990
v 3.20540452 -0.29403931 0.36727991
v 3.20555733 -0.29431404 0.36727991
v 3.20482762 -0.29351322 0.36727991
v 3.20565682 -0.29461180 0.36727991
v 3.20570010 -0.29492366 0.36727991
v 3.20561814 -0.29535677 0.36727990
v 3.20568346 -0.29525000 0.36727991
v 3.20491155 -0.29583336 0.36727990
v 3.20553829 -0.29572840 0.36727991
v 3.20562665 -0.29549404 0.36727990
v 3.20254000 -0.29412496 0.36727991
v 3.20514288 -0.29626130 0.36727991
v 3.20536607 -0.29601529 0.36727991
v 3.20239730 -0.29442661 0.36727991
v 3.20494405 -0.29641388 0.36727990
v 3.20238175 -0.29464354 0.36727990
v 3.20231644 -0.29475053 0.36727991
v 3.20282254 -0.29537299 0.36727990
v 3.20425021 -0.29668367 0.36727991
v 3.20450015 -0.29657982 0.36727990
v 3.20373415 -0.29620621 0.36727990
v 3.20229980 -0.29507720 0.36727991
v 3.20234385 -0.29539110 0.36727991
v 3.20376489 -0.29668540 0.36727991
v 3.20345909 -0.29661356 0.36727991
v 3.20279677 -0.29620360 0.36727991
v 3.20288205 -0.29622321 0.36727990
v 3.20259635 -0.29596214 0.36727991
v 3.20244378 -0.29568797 0.36727991
v 3.20324265 -0.29652214 0.36727990
v 3.20399995 -0.29670015 0.36727990
v 3.20472699 -0.29653905 0.36727991
v 3.20449294 -0.29662706 0.36727990
v 3.20303860 -0.29640432 0.36727991
v 3.20362745 -0.29754350 0.36489990
v 3.20324475 -0.29745716 0.36489990
v 3.20375958 -0.29648289 0.36489990
v 3.20516685 -0.29729065 0.36489990
v 3.20476752 -0.29629095 0.36489990
v 3.20551104 -0.29708010 0.36489990
v 3.20169334 -0.29613440 0.36489990
v 3.20270074 -0.29575345 0.36489990
v 3.20190805 -0.29649384 0.36489990
v 3.20154294 -0.29575537 0.36489990
v 3.20253865 -0.29534626 0.36489990
v 3.20260625 -0.29555459 0.36489990
v 3.20302834 -0.29614295 0.36489990
v 3.20250625 -0.29709205 0.36489990
v 3.20218235 -0.29681772 0.36489990
v 3.20249925 -0.29505679 0.36489990
v 3.20145664 -0.29537265 0.36489990
v 3.20142955 -0.29500015 0.36489990
v 3.20280027 -0.29409686 0.36489990
v 3.20169334 -0.29386592 0.36489990
v 3.20190805 -0.29350646 0.36489990
v 3.20259070 -0.29448117 0.36489990
v 3.20154294 -0.29424493 0.36489990
v 3.20320461 -0.29627399 0.36489990
v 3.20346562 -0.29640362 0.36489990
v 3.20286565 -0.29730682 0.36489990
v 3.20218235 -0.29318260 0.36489990
v 3.20250625 -0.29290828 0.36489990
v 3.20299786 -0.29388163 0.36489990
v 3.20440244 -0.29246099 0.36489990
v 3.20424029 -0.29351740 0.36489990
v 3.20399995 -0.29242975 0.36489990
v 3.20421963 -0.29648574 0.36489990
v 3.20440195 -0.29753919 0.36489990
v 3.20399995 -0.29757063 0.36489990
v 3.20479295 -0.29255493 0.36489990
v 3.20653915 -0.29540221 0.36489990
v 3.20644474 -0.29579429 0.36489990
v 3.20545324 -0.29537854 0.36489990
v 3.20497155 -0.29385734 0.36489990
v 3.20551034 -0.29291977 0.36489990
v 3.20581745 -0.29318260 0.36489990
v 3.20644514 -0.29420690 0.36489990
v 3.20539364 -0.29444569 0.36489990
v 3.20628964 -0.29383184 0.36489990
v 3.20629045 -0.29616711 0.36489990
v 3.20535246 -0.29565290 0.36489990
v 3.20608004 -0.29348934 0.36489990
v 3.20512946 -0.29401051 0.36489990
v 3.20549104 -0.29516311 0.36489990
v 3.20657034 -0.29500015 0.36489990
v 3.20550064 -0.29494350 0.36489990
v 3.20653904 -0.29459721 0.36489990
v 3.20529919 -0.29424691 0.36489990
v 3.20607984 -0.29651113 0.36489990
v 3.20519956 -0.29590350 0.36489990
v 3.20581754 -0.29681760 0.36489990
v 3.20500225 -0.29611845 0.36489990
v 3.20516794 -0.29271020 0.36489990
v 3.20453424 -0.29359666 0.36489990
v 3.20479415 -0.29744516 0.36489990
v 3.20450223 -0.29641540 0.36489990
v 3.20349766 -0.29358488 0.36489990
v 3.20286574 -0.29269354 0.36489990
v 3.20324475 -0.29254319 0.36489990
v 3.20378026 -0.29351455 0.36489990
v 3.20362745 -0.29245688 0.36489990
v 3.20399995 -0.29650015 0.36489990
v 3.20323299 -0.29370902 0.36489990
v 3.20145664 -0.29462764 0.36489990
v 3.20251680 -0.29476441 0.36489990
v 3.20546124 -0.29465403 0.36489990
v 3.20479526 -0.29372628 0.36489990
v 3.20399995 -0.29350014 0.36489990
v 3.20268244 -0.29428312 0.36489990
v 3.20287048 -0.29598984 0.36489990
v 3.20254660 -0.29708186 0.36677633
v 3.20250021 -0.29713683 0.36655867
v 3.20301150 -0.29742093 0.36655995
v 3.20148365 -0.29572032 0.36656075
v 3.20163950 -0.29583527 0.36685280
v 3.20138759 -0.29516432 0.36656098
v 3.20341961 -0.29715432 0.36712935
v 3.20264115 -0.29691480 0.36702893
v 3.20329594 -0.29738700 0.36688397
v 3.20399992 -0.29710636 0.36720494
v 3.20348014 -0.29686974 0.36725544
v 3.20399995 -0.29670015 0.36727990
v 3.20376489 -0.29668540 0.36727984
v 3.20172015 -0.29626711 0.36655801
v 3.20205788 -0.29675297 0.36656032
v 3.20200125 -0.29656626 0.36677874
v 3.20149703 -0.29500210 0.36685462
v 3.20164009 -0.29415928 0.36685116
v 3.20141332 -0.29463938 0.36655960
v 3.20178155 -0.29361410 0.36655935
v 3.20152439 -0.29417186 0.36655916
v 3.20200157 -0.29343690 0.36678174
v 3.20215007 -0.29315539 0.36655980
v 3.20253386 -0.29292925 0.36677873
v 3.20294286 -0.29260971 0.36656016
v 3.20252587 -0.29284547 0.36655920
v 3.20310784 -0.29266579 0.36685275
v 3.20353216 -0.29242045 0.36656123
v 3.20399995 -0.29330015 0.36727990
v 3.20400002 -0.29304467 0.36725345
v 3.20375063 -0.29331623 0.36727979
v 3.20358040 -0.29758029 0.36655990
v 3.20399943 -0.29754601 0.36679230
v 3.20399995 -0.29761015 0.36655990
v 3.20190985 -0.29424375 0.36712911
v 3.20215663 -0.29354379 0.36702907
v 3.20399972 -0.29254621 0.36693495
v 3.20399995 -0.29239014 0.36655990
v 3.20214678 -0.29644339 0.36702941
v 3.20257529 -0.29644221 0.36723987
v 3.20190211 -0.29573420 0.36712926
v 3.20265353 -0.29307634 0.36702860
v 3.20344002 -0.29284099 0.36712950
v 3.20177685 -0.29498813 0.36712916
v 3.20206843 -0.29529670 0.36725762
v 3.20256028 -0.29347751 0.36720798
v 3.20226654 -0.29416679 0.36726164
v 3.20231643 -0.29475053 0.36728002
v 3.20239726 -0.29442659 0.36728034
v 3.20342044 -0.29315487 0.36726017
v 3.20259637 -0.29596213 0.36727964
v 3.20285697 -0.29373892 0.36727997
v 3.20342700 -0.29339743 0.36727987
v 3.20345909 -0.29661356 0.36727985
v 3.20324265 -0.29652214 0.36727990
v 3.20303860 -0.29640432 0.36727999
v 3.20279677 -0.29620360 0.36727982
v 3.20244380 -0.29568796 0.36727951
v 3.20234387 -0.29539108 0.36727966
v 3.20229980 -0.29507720 0.36727981
v 3.20254000 -0.29412496 0.36727991
v 3.20268584 -0.29392153 0.36727990
v 3.20312481 -0.29354018 0.36727981
v 3.20328873 -0.29764672 0.36506085
v 3.20399995 -0.29761015 0.36655990
v 3.20340461 -0.29755209 0.36655986
v 3.20246119 -0.29713432 0.36655987
v 3.20151749 -0.29583907 0.36655983
v 3.20139052 -0.29514055 0.36655986
v 3.20130449 -0.29548666 0.36506086
v 3.20132703 -0.29442838 0.36506091
v 3.20145074 -0.29438049 0.36655986
v 3.20254271 -0.29281801 0.36655987
v 3.20244771 -0.29274841 0.36506082
v 3.20184715 -0.29349947 0.36655990
v 3.20337135 -0.29233970 0.36506086
v 3.20343017 -0.29243942 0.36655983
v 3.20399995 -0.29228014 0.36506091
v 3.20399995 -0.29239014 0.36655990
v 3.20171915 -0.29349104 0.36506085
v 3.20185929 -0.29650059 0.36655986
v 3.20160826 -0.29630387 0.36506085
v 3.20219461 -0.29706390 0.36506079
v 3.20399995 -0.29772015 0.36506091
v 3.20137096 -0.29542623 0.36491428
v 3.20132990 -0.29467851 0.36493502
v 3.20145664 -0.29462764 0.36489990
v 3.20286497 -0.29730685 0.36489610
v 3.20257552 -0.29730013 0.36495627
v 3.20250541 -0.29709186 0.36489587
v 3.20331327 -0.29764420 0.36506161
v 3.20249549 -0.29728369 0.36506296
v 3.20174483 -0.29642522 0.36492516
v 3.20152318 -0.29597734 0.36491803
v 3.20169334 -0.29613440 0.36489990
v 3.20154294 -0.29575537 0.36489990
v 3.20145664 -0.29537265 0.36489990
v 3.20142955 -0.29500015 0.36489990
v 3.20154294 -0.29424493 0.36489990
v 3.20250583 -0.29290822 0.36489626
v 3.20235396 -0.29285981 0.36496111
v 3.20298974 -0.29249387 0.36495363
v 3.20331603 -0.29235120 0.36506107
v 3.20399990 -0.29227500 0.36506085
v 3.20358461 -0.29233226 0.36496075
v 3.20169272 -0.29386649 0.36489586
v 3.20190805 -0.29649384 0.36489990
v 3.20218144 -0.29681729 0.36489565
v 3.20181232 -0.29664324 0.36506345
v 3.20201125 -0.29682705 0.36496171
v 3.20362729 -0.29754382 0.36489640
v 3.20399997 -0.29757106 0.36489590
v 3.20340590 -0.29763837 0.36495633
v 3.20399994 -0.29768746 0.36494958
v 3.20324424 -0.29745735 0.36489626
v 3.20150886 -0.29395793 0.36496120
v 3.20172160 -0.29355076 0.36496131
v 3.20190746 -0.29350679 0.36489601
v 3.20218182 -0.29318270 0.36489614
v 3.20200689 -0.29317822 0.36496144
v 3.20362762 -0.29245651 0.36489646
v 3.20324469 -0.29254287 0.36489643
v 3.20286549 -0.29269332 0.36489637
v 3.20399995 -0.29231732 0.36494460
v 3.20399999 -0.29242945 0.36489698
v 3.20127709 -0.29520611 0.36506111
v 3.20133995 -0.29437570 0.36506040
v 3.20178333 -0.29337960 0.36506025
v 3.20399995 -0.29772426 0.36506086
v 3.20140255 -0.29586126 0.36506336
v 3.20266962 -0.29261839 0.36506110
v 3.23841263 -0.35343903 0.35771453
v 3.23833831 -0.35336405 0.35769969
v 3.23878982 -0.35321243 0.35770064
v 3.23919195 -0.35312167 0.35772904
v 3.23920590 -0.35298110 0.35769702
v 3.23957033 -0.35267782 0.35769727
v 3.23798774 -0.35341844 0.35769990
v 3.23987200 -0.35231340 0.35770586
v 3.23979289 -0.35260349 0.35773280
v 3.24005134 -0.35200453 0.35769626
v 3.24019120 -0.35167403 0.35769580
v 3.24031346 -0.35155034 0.35771852
v 3.24029920 -0.35121277 0.35769668
v 3.24020669 -0.35197773 0.35775974
v 3.24037605 -0.35031903 0.35772788
v 3.24032032 -0.35073990 0.35770061
v 3.24025533 -0.35026921 0.35769826
v 3.23987489 -0.34940690 0.35769888
v 3.24004931 -0.34946526 0.35773332
v 3.24010275 -0.34981836 0.35770623
v 3.23917124 -0.34858051 0.35772874
v 3.23964980 -0.34912686 0.35769639
v 3.23939325 -0.34887861 0.35770179
v 3.23910244 -0.34867254 0.35769990
v 3.23873528 -0.34839308 0.35771682
v 3.23878922 -0.34850480 0.35770066
v 3.23845244 -0.34838596 0.35769990
v 3.23775025 -0.34818852 0.35771447
v 3.23810650 -0.34830999 0.35769906
v 3.23774992 -0.34828794 0.35769593
v 3.23774991 -0.35342942 0.35769702
v 3.23958584 -0.34892055 0.35772946
v 3.24043947 -0.35108973 0.35775965
v 3.23775011 -0.35357195 0.35777214
v 3.23869500 -0.34829266 0.35786144
v 3.23944541 -0.34871745 0.35786005
v 3.23977136 -0.34902139 0.35785956
v 3.24028323 -0.34981827 0.35786126
v 3.24046792 -0.35060114 0.35786145
v 3.24001399 -0.35238787 0.35785970
v 3.23946445 -0.35298629 0.35786019
v 3.23870529 -0.35340464 0.35780093
v 3.23775040 -0.34812586 0.35786060
v 3.23813881 -0.34816854 0.35780106
v 3.24033716 -0.35175894 0.35786083
v 3.23855876 -0.35347758 0.35786031
v 3.24046376 -0.35110086 0.35786190
v 3.23775042 -0.35358867 0.35786101
v 3.24043313 -0.35033548 0.35786080
v 3.24036176 -0.35095338 0.35935987
v 3.24043726 -0.35136785 0.35786087
v 3.23900996 -0.35316040 0.35935990
v 3.23935104 -0.35307678 0.35786086
v 3.23976097 -0.35254429 0.35935990
v 3.23841436 -0.35351191 0.35786084
v 3.23833410 -0.35340494 0.35935989
v 3.23775022 -0.35347418 0.35935977
v 3.23774994 -0.35357873 0.35786090
v 3.24005767 -0.35232729 0.35786086
v 3.24023630 -0.35169628 0.35935991
v 3.24029361 -0.35023172 0.35936000
v 3.24005354 -0.34938207 0.35786098
v 3.23979852 -0.34919666 0.35935959
v 3.23931022 -0.34861201 0.35786092
v 3.23885495 -0.34847933 0.35935986
v 3.23836367 -0.34819445 0.35786086
v 3.23775139 -0.34822297 0.35936009
v 3.23774994 -0.34813873 0.35786090
v 3.23864161 -0.35319376 0.35965210
v 3.23821887 -0.35343785 0.35936135
v 3.23880554 -0.35324962 0.35936015
v 3.23921642 -0.35292987 0.35957805
v 3.23933017 -0.35294421 0.35935966
v 3.23974897 -0.35242212 0.35958072
v 3.23984738 -0.35242827 0.35936059
v 3.24015913 -0.35191737 0.35936616
v 3.24011922 -0.35161529 0.35967577
v 3.24029408 -0.35145944 0.35936036
v 3.24037383 -0.35075016 0.35936026
v 3.24025423 -0.35085572 0.35965271
v 3.24015906 -0.34983429 0.35935989
v 3.23974728 -0.34916861 0.35935986
v 3.23974436 -0.34928979 0.35958090
v 3.23882679 -0.34847788 0.35936011
v 3.23920779 -0.34877999 0.35957591
v 3.23927092 -0.34873864 0.35935869
v 3.23775046 -0.34836915 0.35968625
v 3.23774997 -0.34875253 0.36000493
v 3.23833029 -0.34870458 0.35992932
v 3.23774994 -0.34824873 0.35935990
v 3.23822039 -0.34827922 0.35936149
v 3.23826998 -0.34898935 0.36005546
v 3.23862364 -0.34851654 0.35965161
v 3.23910868 -0.34894434 0.35982909
v 3.23774994 -0.34915875 0.36007989
v 3.23798645 -0.34917353 0.36007983
v 3.24013915 -0.35000071 0.35958117
v 3.23991496 -0.35010260 0.35988560
v 3.23984007 -0.35161517 0.35992909
v 3.23959328 -0.35231525 0.35982900
v 3.23775016 -0.35331270 0.35973498
v 3.23774994 -0.35346873 0.35935990
v 3.23960306 -0.34941538 0.35982935
v 3.23917465 -0.34941678 0.36003987
v 3.23909609 -0.35278262 0.35982872
v 3.23831008 -0.35301787 0.35992950
v 3.23997303 -0.35087074 0.35992915
v 3.23968147 -0.35056232 0.36005762
v 3.23918959 -0.35238145 0.36000798
v 3.23948336 -0.35169208 0.36006164
v 3.23943346 -0.35110868 0.36008001
v 3.23937664 -0.35135265 0.36007989
v 3.23832947 -0.35270406 0.36006017
v 3.23774987 -0.35281430 0.36005343
v 3.23915451 -0.34989795 0.36007964
v 3.23889307 -0.35211977 0.36007997
v 3.23816246 -0.35251000 0.36007985
v 3.23829095 -0.34924531 0.36007985
v 3.23857789 -0.34937201 0.36007978
v 3.23877474 -0.34950243 0.36007991
v 3.23895392 -0.34965613 0.36007982
v 3.23930729 -0.35017271 0.36007952
v 3.23940679 -0.35047048 0.36007967
v 3.23945009 -0.35078220 0.36007980
v 3.23928834 -0.35158680 0.36007949
v 3.23911623 -0.35187374 0.36007986
v 3.23862451 -0.35231891 0.36007979
v 3.23840014 -0.35242955 0.36007989
v 3.23775101 -0.35256414 0.36007992
v 3.23857262 -0.34956975 0.34769989
v 3.23837583 -0.34947684 0.35769990
v 3.23898041 -0.34997451 0.35769990
v 3.23775055 -0.34934734 0.34769989
v 3.23775021 -0.34935340 0.35769990
v 3.23915640 -0.35028914 0.34769989
v 3.23923374 -0.35058829 0.35769990
v 3.23925146 -0.35104804 0.34769989
v 3.23921645 -0.35123274 0.35769990
v 3.23775255 -0.35240006 0.35769990
v 3.23832723 -0.35224795 0.34769989
v 3.23878832 -0.35197830 0.35769990
v 3.23775077 -0.35237400 0.34769988
v 3.23892059 -0.35183914 0.34769989
v 3.23821454 -0.35200305 0.35847990
v 3.23905744 -0.35187675 0.35847990
v 3.23897324 -0.35102855 0.35847990
v 3.23652664 -0.35068895 0.35847990
v 3.23621464 -0.35148214 0.35847990
v 3.23699124 -0.35183324 0.35847990
v 3.23752214 -0.35250004 0.35847990
v 3.23850864 -0.34988435 0.35847990
v 3.23728534 -0.34971453 0.35847990
v 3.23928524 -0.35023545 0.35847990
v 3.23797774 -0.34921755 0.35847990
v 3.23644244 -0.34984083 0.35847990
v 3.23919199 -0.35127762 0.34769991
v 3.23753522 -0.34937279 0.34769991
v 3.23774994 -0.34935875 0.34769989
v 3.23677242 -0.35199878 0.34769991
v 3.23645374 -0.35161394 0.34769989
v 3.23635750 -0.35142130 0.34769991
v 3.23657322 -0.35179181 0.34769991
v 3.23700454 -0.35216212 0.34769991
v 3.23627616 -0.35114719 0.34769991
v 3.23719604 -0.35225335 0.34769989
v 3.23624840 -0.35086343 0.34769991
v 3.23739849 -0.35231922 0.34769991
v 3.23627482 -0.35057828 0.34769991
v 3.23767756 -0.35235882 0.34769991
v 3.23633154 -0.35037105 0.34769989
v 3.23641401 -0.35017326 0.34769991
v 3.23796534 -0.35234493 0.34769991
v 3.23843884 -0.35219124 0.34769989
v 3.23824219 -0.35227749 0.34769991
v 3.23671384 -0.34977454 0.34769989
v 3.23706194 -0.34952605 0.34769989
v 3.23725852 -0.34943990 0.34769991
v 3.23883863 -0.35189307 0.34769991
v 3.23901484 -0.35166812 0.34769991
v 3.23924520 -0.35099772 0.34769991
v 3.23796325 -0.34937240 0.34769991
v 3.23911574 -0.35147895 0.34769989
v 3.23823661 -0.34943819 0.34769991
v 3.23924804 -0.35078244 0.34769989
v 3.23849424 -0.34955466 0.34769991
v 3.23914220 -0.35029606 0.34769991
v 3.23922336 -0.35056898 0.34769991
v 3.23900975 -0.35004148 0.34769991
v 3.23883195 -0.34981751 0.34769991
v 3.23867144 -0.34967525 0.34769989
v 3.23687769 -0.34963670 0.34769991
v 3.23862294 -0.35208066 0.34769991
v 3.23656851 -0.34993234 0.34769991
v 3.23905744 -0.35187675 0.35847990
v 3.23821454 -0.35200305 0.36007989
v 3.23905744 -0.35187675 0.36007989
v 3.23821454 -0.35200305 0.35847990
v 3.23821454 -0.35200305 0.35847990
v 3.23752214 -0.35250004 0.36007989
v 3.23821454 -0.35200305 0.36007989
v 3.23752214 -0.35250004 0.35847990
v 3.23752214 -0.35250004 0.35847990
v 3.23699124 -0.35183324 0.35847990
v 3.23699124 -0.35183324 0.36007989
v 3.23752214 -0.35250004 0.36007989
v 3.23699124 -0.35183324 0.35847990
v 3.23621464 -0.35148214 0.35847990
v 3.23621464 -0.35148214 0.36007989
v 3.23699124 -0.35183324 0.36007989
v 3.23621464 -0.35148214 0.36007989
v 3.23652664 -0.35068895 0.35847990
v 3.23652664 -0.35068895 0.36007989
v 3.23621464 -0.35148214 0.35847990
v 3.23652664 -0.35068895 0.35847990
v 3.23644244 -0.34984083 0.35847990
v 3.23644244 -0.34984083 0.36007989
v 3.23652664 -0.35068895 0.36007989
v 3.23644244 -0.34984083 0.36007989
v 3.23728534 -0.34971453 0.35847990
v 3.23728534 -0.34971453 0.36007989
v 3.23644244 -0.34984083 0.35847990
v 3.23728534 -0.34971453 0.36007989
v 3.23797774 -0.34921755 0.35847990
v 3.23797774 -0.34921755 0.36007989
v 3.23728534 -0.34971453 0.35847990
v 3.23797774 -0.34921755 0.35847990
v 3.23850864 -0.34988435 0.36007989
v 3.23797774 -0.34921755 0.36007989
v 3.23850864 -0.34988435 0.35847990
v 3.23850864 -0.34988435 0.35847990
v 3.23928524 -0.35023545 0.36007989
v 3.23850864 -0.34988435 0.36007989
v 3.23928524 -0.35023545 0.35847990
v 3.23928524 -0.35023545 0.35847990
v 3.23897324 -0.35102855 0.36007989
v 3.23928524 -0.35023545 0.36007989
v 3.23897324 -0.35102855 0.35847990
v 3.23897324 -0.35102855 0.35847990
v 3.23905744 -0.35187675 0.36007989
v 3.23897324 -0.35102855 0.36007989
v 3.23905744 -0.35187675 0.35847990
v 3.23723664 -0.34944068 0.34769989
v 3.23674582 -0.34973372 0.34769989
v 3.23689106 -0.34961888 0.35769990
v 3.23651935 -0.35174295 0.35769990
v 3.23622398 -0.35091275 0.35769990
v 3.23637725 -0.35149209 0.34769988
v 3.23624197 -0.35088405 0.34769989
v 3.23692798 -0.35214835 0.34769989
v 3.23712428 -0.35224083 0.35769990
v 3.23774967 -0.35236403 0.35769990
v 3.23774933 -0.35237034 0.34769988
v 3.23636323 -0.35025296 0.34769991
v 3.23644914 -0.35008535 0.35769990
v 3.23774727 -0.34931746 0.35769990
v 3.23774966 -0.34935346 0.34769989
v 3.23660687 -0.34959766 0.36007991
v 3.23644244 -0.34984083 0.36007989
v 3.23728534 -0.34971453 0.36007989
v 3.23877474 -0.34950243 0.36007991
v 3.23850864 -0.34988435 0.36007989
v 3.23895393 -0.34965613 0.36007991
v 3.23717633 -0.34925631 0.36007991
v 3.23687484 -0.34939876 0.36007991
v 3.23766350 -0.34915885 0.36007991
v 3.23741814 -0.34919123 0.36007989
v 3.23829095 -0.34924531 0.36007991
v 3.23798645 -0.34917351 0.36007991
v 3.23797774 -0.34921755 0.36007989
v 3.23857790 -0.34937200 0.36007991
v 3.23915453 -0.34989795 0.36007991
v 3.23897324 -0.35102855 0.36007989
v 3.23940681 -0.35047045 0.36007991
v 3.23928524 -0.35023545 0.36007989
v 3.23945009 -0.35078218 0.36007991
v 3.23943345 -0.35110867 0.36007991
v 3.23937664 -0.35135265 0.36007989
v 3.23928837 -0.35158679 0.36007991
v 3.23905744 -0.35187675 0.36007989
v 3.23643584 -0.34978013 0.36007991
v 3.23628994 -0.34998369 0.36007991
v 3.23911624 -0.35187375 0.36007991
v 3.23614727 -0.35028529 0.36007991
v 3.23652664 -0.35068895 0.36007989
v 3.23821454 -0.35200305 0.36007989
v 3.23889306 -0.35211974 0.36007991
v 3.23606644 -0.35060909 0.36007991
v 3.23862452 -0.35231891 0.36007991
v 3.23840014 -0.35242955 0.36007989
v 3.23816246 -0.35251000 0.36007991
v 3.23604979 -0.35093579 0.36007991
v 3.23609367 -0.35124874 0.36007991
v 3.23752214 -0.35250004 0.36007989
v 3.23699124 -0.35183324 0.36007989
v 3.23720884 -0.35247210 0.36007991
v 3.23619359 -0.35154620 0.36007991
v 3.23621464 -0.35148214 0.36007989
v 3.23649404 -0.35200445 0.36007989
v 3.23666347 -0.35216856 0.36007991
v 3.23634616 -0.35182050 0.36007991
v 3.23692274 -0.35234597 0.36007991
v 3.23751516 -0.35254407 0.36007991
v 3.23783524 -0.35255864 0.36007991
v 3.23930732 -0.35017267 0.36007991
v 3.23888514 -0.35183933 0.35769990
v 3.23987314 -0.35231274 0.35769990
v 3.23956985 -0.35267794 0.35769990
v 3.23939323 -0.34887835 0.35769990
v 3.23883229 -0.34981784 0.35769990
v 3.23867144 -0.34967524 0.35769990
v 3.23908222 -0.35016599 0.35769990
v 3.24010302 -0.34981745 0.35769990
v 3.23918922 -0.35043046 0.35769990
v 3.24032038 -0.35073987 0.35769990
v 3.23924844 -0.35092604 0.35769990
v 3.23924425 -0.35071084 0.35769990
v 3.23922524 -0.35113928 0.35769990
v 3.24029882 -0.35121328 0.35769990
v 3.24025522 -0.35026950 0.35769990
v 3.23896814 -0.34998354 0.35769990
v 3.23993534 -0.34950474 0.35769990
v 3.24022274 -0.35156175 0.35769990
v 3.23914513 -0.35141423 0.35769990
v 3.23972878 -0.34921399 0.35769990
v 3.23901492 -0.35166791 0.35769990
v 3.24010422 -0.35189733 0.35769990
v 3.23849424 -0.34955463 0.35769990
v 3.23920578 -0.35298088 0.35769990
v 3.23873350 -0.35199350 0.35769990
v 3.23833828 -0.35336405 0.35769990
v 3.23824167 -0.35227764 0.35769990
v 3.23878986 -0.35321247 0.35769990
v 3.23704694 -0.34838605 0.35769990
v 3.23732694 -0.34941965 0.35769990
v 3.23670805 -0.34850597 0.35769990
v 3.23796444 -0.35234502 0.35769990
v 3.23798774 -0.35341844 0.35769990
v 3.23727754 -0.35338583 0.35769990
v 3.23693502 -0.35329956 0.35769990
v 3.23753713 -0.35234526 0.35769990
v 3.23762819 -0.35342908 0.35769990
v 3.23592880 -0.34904107 0.35769990
v 3.23661474 -0.34987825 0.35769990
v 3.23562647 -0.34940478 0.35769990
v 3.23520112 -0.35050332 0.35769990
v 3.23627468 -0.35057801 0.35769990
v 3.23625144 -0.35079154 0.35769990
v 3.23726260 -0.35227913 0.35769990
v 3.23649645 -0.35310629 0.35769990
v 3.23700593 -0.35216313 0.35769990
v 3.23524442 -0.35144651 0.35769990
v 3.23631065 -0.35128713 0.35769990
v 3.23539674 -0.35189968 0.35769990
v 3.23610838 -0.35284060 0.35769990
v 3.23682844 -0.35204235 0.35769990
v 3.23625563 -0.35100677 0.35769990
v 3.23556464 -0.35221285 0.35769990
v 3.23653174 -0.35173404 0.35769990
v 3.23577013 -0.35250267 0.35769990
v 3.23527694 -0.35015663 0.35769990
v 3.23539618 -0.34981912 0.35769990
v 3.23635481 -0.35030320 0.35769990
v 3.23648531 -0.35004905 0.35769990
v 3.23712480 -0.34949344 0.35769990
v 3.23629355 -0.34873688 0.35769990
v 3.23774994 -0.35235873 0.35769990
v 3.23739272 -0.34831020 0.35769990
v 3.23753547 -0.34937248 0.35769990
v 3.23782008 -0.34935874 0.35769990
v 3.23787052 -0.34828836 0.35769990
v 3.23850149 -0.35215887 0.35769990
v 3.23810204 -0.34939903 0.35769990
v 3.23833746 -0.34835321 0.35769990
v 3.23878927 -0.34850475 0.35769990
v 3.23830354 -0.34946465 0.35769990
v 3.23676613 -0.34972432 0.35769990
v 3.23910244 -0.34867254 0.35769990
v 3.23693774 -0.34959763 0.35769990
v 3.23517962 -0.35098007 0.35769990
v 3.23641768 -0.35155162 0.35769990
v 3.23666756 -0.35189971 0.35769990
v 3.23716939 -0.35301287 0.35992935
v 3.23639134 -0.35277347 0.35982900
v 3.23718364 -0.35328701 0.35967883
v 3.23774991 -0.35296492 0.36000497
v 3.23723013 -0.35272841 0.36005543
v 3.23774994 -0.35255875 0.36007989
v 3.23751516 -0.35254405 0.36007983
v 3.23558494 -0.35161500 0.35988560
v 3.23524566 -0.35086216 0.35965274
v 3.23536081 -0.35171695 0.35958127
v 3.23513965 -0.35109463 0.35936087
v 3.23539002 -0.35001805 0.35965111
v 3.23516333 -0.35049803 0.35935960
v 3.23553176 -0.34947237 0.35935935
v 3.23527445 -0.35003024 0.35935917
v 3.23575148 -0.34929570 0.35958182
v 3.23590048 -0.34901360 0.35935980
v 3.23628385 -0.34878795 0.35957883
v 3.23669222 -0.34846863 0.35936015
v 3.23627539 -0.34870444 0.35935921
v 3.23685789 -0.34852457 0.35965299
v 3.23728171 -0.34827916 0.35936123
v 3.23774994 -0.34915875 0.36007989
v 3.23775002 -0.34890340 0.36005346
v 3.23750020 -0.34917489 0.36007979
v 3.23527494 -0.35168724 0.35935990
v 3.23575557 -0.35242800 0.35958074
v 3.23552591 -0.35223848 0.35935986
v 3.23599972 -0.35280444 0.35936035
v 3.23629157 -0.35293712 0.35957600
v 3.23644815 -0.35312496 0.35936020
v 3.23686287 -0.35323281 0.35958088
v 3.23690175 -0.35333140 0.35935993
v 3.23738266 -0.35344601 0.35935980
v 3.23774995 -0.35336685 0.35963121
v 3.23774994 -0.35346873 0.35935990
v 3.23565994 -0.35010229 0.35992917
v 3.23590665 -0.34940229 0.35982903
v 3.23774972 -0.34840496 0.35973505
v 3.23774994 -0.34824873 0.35935990
v 3.23589680 -0.35230222 0.35982933
v 3.23632526 -0.35230087 0.36003985
v 3.23640370 -0.34893508 0.35982874
v 3.23718999 -0.34869966 0.35992950
v 3.23552684 -0.35084675 0.35992915
v 3.23581843 -0.35115540 0.36005762
v 3.23631028 -0.34933615 0.36000800
v 3.23601654 -0.35002541 0.36006164
v 3.23606643 -0.35060911 0.36008003
v 3.23614723 -0.35028528 0.36008034
v 3.23717037 -0.34901360 0.36006018
v 3.23634617 -0.35182050 0.36007964
v 3.23660687 -0.34959766 0.36007997
v 3.23717633 -0.34925631 0.36007985
v 3.23720884 -0.35247210 0.36007985
v 3.23692275 -0.35234596 0.36007978
v 3.23666347 -0.35216856 0.36007976
v 3.23649404 -0.35200445 0.36007989
v 3.23619362 -0.35154618 0.36007952
v 3.23609369 -0.35124873 0.36007966
v 3.23604980 -0.35093580 0.36007980
v 3.23628993 -0.34998369 0.36007991
v 3.23643584 -0.34978013 0.36007991
v 3.23687484 -0.34939878 0.36007980
v 3.23569930 -0.35268605 0.35786101
v 3.23570148 -0.35252103 0.35935956
v 3.23508538 -0.35151480 0.35786084
v 3.23628021 -0.34868471 0.35935990
v 3.23594720 -0.34880277 0.35786086
v 3.23558973 -0.34936866 0.35935991
v 3.23672054 -0.34833281 0.35786087
v 3.23717264 -0.34829897 0.35935989
v 3.23774853 -0.34811208 0.35786107
v 3.23774994 -0.34824873 0.35935990
v 3.23531352 -0.34961651 0.35786086
v 3.23515720 -0.35039580 0.35935986
v 3.23504915 -0.35047695 0.35786089
v 3.23520610 -0.35148533 0.35936000
v 3.23675896 -0.35329854 0.35935986
v 3.23676869 -0.35342194 0.35786084
v 3.23774948 -0.35347809 0.35936003
v 3.23774964 -0.35358484 0.35786075
v 3.23736288 -0.35354827 0.35779879
v 3.23774989 -0.35358360 0.35786116
v 3.23682263 -0.35343647 0.35786104
v 3.23610835 -0.35284035 0.35770182
v 3.23649664 -0.35310630 0.35770070
v 3.23632123 -0.35307710 0.35771001
v 3.23569625 -0.35259534 0.35773539
v 3.23544873 -0.35200520 0.35769592
v 3.23562688 -0.35231255 0.35770422
v 3.23529533 -0.35198381 0.35776108
v 3.23530959 -0.35167606 0.35769587
v 3.23512946 -0.35140823 0.35772427
v 3.23529245 -0.34973912 0.35776145
v 3.23544887 -0.34971218 0.35769627
v 3.23516417 -0.35015948 0.35773058
v 3.23562767 -0.34940404 0.35770595
v 3.23570662 -0.34911308 0.35773390
v 3.23592832 -0.34904119 0.35769727
v 3.23630881 -0.34859471 0.35772976
v 3.23629344 -0.34873664 0.35769689
v 3.23774997 -0.34828807 0.35769706
v 3.23739271 -0.34831017 0.35769957
v 3.23708223 -0.34828234 0.35771369
v 3.23670809 -0.34850603 0.35770070
v 3.23678817 -0.34829576 0.35786111
v 3.23736231 -0.34816815 0.35780161
v 3.23774995 -0.34815766 0.35776089
v 3.23774949 -0.34812933 0.35786104
v 3.23704694 -0.34838605 0.35769990
v 3.23530852 -0.35004435 0.35769587
v 3.23520074 -0.35050382 0.35769666
v 3.23517968 -0.35098001 0.35770061
v 3.23522294 -0.35133165 0.35769990
v 3.23584909 -0.35258974 0.35769641
v 3.23680356 -0.35333113 0.35771398
v 3.23693498 -0.35329951 0.35770010
v 3.23774963 -0.35352826 0.35771426
v 3.23739296 -0.35340749 0.35769902
v 3.23774996 -0.35342954 0.35769592
v 3.23617819 -0.35306625 0.35776700
v 3.23505954 -0.35062784 0.35776126
v 3.23504602 -0.35046911 0.35786119
v 3.23547714 -0.35237600 0.35786052
v 3.23504170 -0.35126565 0.35786084
v 3.23549417 -0.34931801 0.35785962
v 3.23604180 -0.34872639 0.35786041
v 3.23526492 -0.34972559 0.35786044
v 3.23607265 -0.35300904 0.35786011
v 3.23442358 -0.23851019 0.37121367
v 3.23444102 -0.23881279 0.37136183
v 3.23431134 -0.23823801 0.37129980
v 3.23464608 -0.23888187 0.37120065
v 3.23449457 -0.23843064 0.37119972
v 3.23444024 -0.23808025 0.37119990
v 3.23487748 -0.23929829 0.37119701
v 3.23473426 -0.23928267 0.37123009
v 3.23553386 -0.24008879 0.37122759
v 3.23518067 -0.23966263 0.37119725
v 3.23545124 -0.23989424 0.37119990
v 3.23618523 -0.24028392 0.37119570
v 3.23664543 -0.24039145 0.37119856
v 3.23676687 -0.24051908 0.37123586
v 3.23630930 -0.24045225 0.37126061
v 3.23825469 -0.24009021 0.37119351
v 3.23799816 -0.24033894 0.37123329
v 3.23781594 -0.24028342 0.37119576
v 3.23747344 -0.24036935 0.37119992
v 3.23873786 -0.23989542 0.37123557
v 3.23864427 -0.23982214 0.37119662
v 3.23898009 -0.23948576 0.37120181
v 3.23912399 -0.23948221 0.37122949
v 3.23918614 -0.23919495 0.37119990
v 3.23935387 -0.23888177 0.37120068
v 3.23947228 -0.23878889 0.37121400
v 3.23950534 -0.23843038 0.37120005
v 3.23957074 -0.23784243 0.37119594
v 3.23966949 -0.23784275 0.37121431
v 3.23955964 -0.23808025 0.37119990
v 3.23711934 -0.24041310 0.37119737
v 3.23516843 -0.23982652 0.37126079
v 3.23574726 -0.24009118 0.37119135
v 3.23442926 -0.23784241 0.37119707
v 3.23853070 -0.24010524 0.37136039
v 3.23723815 -0.24053227 0.37126143
v 3.23588090 -0.24029935 0.37126062
v 3.23429614 -0.23784247 0.37126350
v 3.23956348 -0.23880023 0.37136188
v 3.23928753 -0.23934047 0.37136033
v 3.23758327 -0.24051941 0.37136051
v 3.23486208 -0.23954587 0.37136076
v 3.23973292 -0.23784290 0.37136056
v 3.23968977 -0.23823136 0.37130027
v 3.23634686 -0.24049692 0.37136051
v 3.23533518 -0.24002603 0.37136021
v 3.23425977 -0.23784349 0.37136058
v 3.23904506 -0.23966997 0.37136086
v 3.23922170 -0.23925246 0.37285983
v 3.23855875 -0.23994455 0.37285986
v 3.23833786 -0.24021366 0.37136089
v 3.23792476 -0.24029061 0.37285985
v 3.23765273 -0.24049708 0.37136086
v 3.23700096 -0.24047122 0.37285964
v 3.23699994 -0.24056244 0.37136092
v 3.23960003 -0.23868641 0.37136086
v 3.23960575 -0.23817650 0.37285993
v 3.23972661 -0.23784791 0.37136088
v 3.23959494 -0.23697585 0.37136094
v 3.23948020 -0.23695560 0.37285971
v 3.23909615 -0.23608586 0.37136086
v 3.23888034 -0.23601386 0.37285986
v 3.23842355 -0.23551540 0.37136088
v 3.23819237 -0.23551332 0.37285986
v 3.23760482 -0.23517601 0.37136086
v 3.23699994 -0.23523244 0.37285989
v 3.23750582 -0.23527515 0.37285986
v 3.23699994 -0.23512244 0.37136092
v 3.23789218 -0.24017720 0.37315216
v 3.23746883 -0.24042155 0.37286132
v 3.23805553 -0.24023335 0.37286013
v 3.23846594 -0.23991385 0.37307809
v 3.23858013 -0.23992792 0.37285967
v 3.23899916 -0.23940575 0.37308053
v 3.23909713 -0.23941231 0.37286058
v 3.23940914 -0.23890107 0.37286615
v 3.23936925 -0.23859902 0.37317573
v 3.23954416 -0.23844274 0.37286035
v 3.23960964 -0.23794429 0.37285931
v 3.23954151 -0.23783597 0.37307754
v 3.23956654 -0.23736844 0.37285989
v 3.23910607 -0.23628700 0.37286028
v 3.23858603 -0.23576291 0.37285949
v 3.23899828 -0.23627189 0.37307481
v 3.23845136 -0.23576035 0.37307742
v 3.23806031 -0.23545425 0.37286011
v 3.23788475 -0.23546627 0.37307877
v 3.23756738 -0.23541305 0.37317709
v 3.23699997 -0.23573613 0.37350490
v 3.23758000 -0.23568829 0.37342941
v 3.23759698 -0.23529935 0.37285987
v 3.23700031 -0.23522699 0.37285925
v 3.23699993 -0.23533400 0.37313058
v 3.23751962 -0.23597291 0.37355546
v 3.23835882 -0.23592772 0.37332884
v 3.23699994 -0.23614244 0.37357988
v 3.23723644 -0.23615723 0.37357985
v 3.23938663 -0.23698041 0.37308275
v 3.23940522 -0.23681605 0.37286028
v 3.23916497 -0.23708631 0.37338563
v 3.23929375 -0.23785602 0.37338551
v 3.23909007 -0.23859890 0.37342908
v 3.23884334 -0.23929873 0.37332907
v 3.23700016 -0.24029641 0.37323497
v 3.23699994 -0.24045244 0.37285989
v 3.23885310 -0.23639934 0.37332948
v 3.23842461 -0.23640049 0.37353990
v 3.23834666 -0.23976615 0.37332853
v 3.23756016 -0.24000155 0.37342950
v 3.23893144 -0.23754603 0.37355762
v 3.23843962 -0.23936518 0.37350800
v 3.23873334 -0.23867573 0.37356165
v 3.23868347 -0.23809236 0.37358005
v 3.23860259 -0.23841573 0.37358036
v 3.23757951 -0.23968773 0.37356018
v 3.23699987 -0.23979798 0.37355346
v 3.23840452 -0.23688166 0.37357965
v 3.23814307 -0.23910345 0.37357999
v 3.23741242 -0.23949371 0.37357985
v 3.23754098 -0.23622902 0.37357985
v 3.23782792 -0.23635572 0.37357978
v 3.23802474 -0.23648615 0.37357991
v 3.23820389 -0.23663978 0.37357982
v 3.23855729 -0.23715639 0.37357951
v 3.23865684 -0.23745431 0.37357969
v 3.23870008 -0.23776589 0.37357982
v 3.23846002 -0.23871698 0.37357991
v 3.23831404 -0.23892105 0.37357990
v 3.23787508 -0.23930222 0.37357982
v 3.23765014 -0.23941314 0.37357991
v 3.23700101 -0.23954784 0.37357991
v 3.23741582 -0.23638983 0.36119988
v 3.23763671 -0.23646376 0.37119990
v 3.23808017 -0.23677206 0.36119991
v 3.23700020 -0.23633731 0.37119990
v 3.23699994 -0.23634245 0.36119988
v 3.23816403 -0.23688609 0.37119990
v 3.23850869 -0.23758763 0.37119990
v 3.23843403 -0.23737948 0.36119988
v 3.23850586 -0.23793097 0.36119991
v 3.23835227 -0.23853672 0.37119989
v 3.23830322 -0.23862499 0.36119991
v 3.23786950 -0.23907510 0.37119990
v 3.23766097 -0.23921135 0.36119991
v 3.23736072 -0.23930577 0.37119990
v 3.23700023 -0.23934801 0.36119988
v 3.23699994 -0.23934245 0.37119989
v 3.23604324 -0.23706155 0.37197989
v 3.23536434 -0.23757684 0.37197992
v 3.23584524 -0.23828055 0.37197989
v 3.23795664 -0.23862344 0.37197992
v 3.23863554 -0.23810804 0.37197992
v 3.23815464 -0.23740445 0.37197992
v 3.23595214 -0.23912615 0.37197990
v 3.23680194 -0.23906155 0.37197989
v 3.23758774 -0.23939175 0.37197992
v 3.23804774 -0.23655884 0.37197990
v 3.23719794 -0.23662345 0.37197992
v 3.23641214 -0.23629324 0.37197989
v 3.23568428 -0.23856568 0.36119991
v 3.23626486 -0.23915209 0.36119990
v 3.23583882 -0.23879539 0.36119990
v 3.23665328 -0.23930381 0.36119988
v 3.23645494 -0.23924025 0.36119988
v 3.23603575 -0.23899406 0.36119991
v 3.23557166 -0.23830664 0.36119990
v 3.23550927 -0.23802446 0.36119988
v 3.23692902 -0.23934257 0.36119991
v 3.23550220 -0.23773475 0.36119988
v 3.23769704 -0.23917064 0.36119991
v 3.23749869 -0.23925899 0.36119988
v 3.23572484 -0.23704931 0.36119990
v 3.23590073 -0.23681958 0.36119988
v 3.23611774 -0.23662742 0.36119991
v 3.23804774 -0.23891585 0.36119988
v 3.23788318 -0.23905690 0.36119991
v 3.23848049 -0.23809388 0.36119991
v 3.23840430 -0.23837447 0.36119991
v 3.23678299 -0.23635671 0.36119991
v 3.23636773 -0.23648043 0.36119991
v 3.23657124 -0.23640515 0.36119991
v 3.23699994 -0.23634245 0.36119988
v 3.23850115 -0.23780504 0.36119990
v 3.23831615 -0.23711965 0.36119991
v 3.23842825 -0.23737873 0.36119990
v 3.23760973 -0.23647030 0.36119988
v 3.23847854 -0.23758985 0.36119991
v 3.23741224 -0.23640025 0.36119990
v 3.23815996 -0.23688898 0.36119990
v 3.23796347 -0.23669084 0.36119990
v 3.23779364 -0.23656964 0.36119991
v 3.23720892 -0.23635553 0.36119990
v 3.23831124 -0.23857084 0.36119991
v 3.23819305 -0.23875439 0.36119990
v 3.23555097 -0.23744868 0.36119990
v 3.23562494 -0.23724304 0.36119988
v 3.23721786 -0.23932828 0.36119990
v 3.23758774 -0.23939175 0.37197992
v 3.23680194 -0.23906155 0.37197989
v 3.23680194 -0.23906155 0.37357991
v 3.23758774 -0.23939175 0.37357991
v 3.23680194 -0.23906155 0.37197989
v 3.23595214 -0.23912615 0.37357990
v 3.23680194 -0.23906155 0.37357991
v 3.23595214 -0.23912615 0.37197990
v 3.23595214 -0.23912615 0.37197990
v 3.23584524 -0.23828055 0.37197989
v 3.23584524 -0.23828055 0.37357991
v 3.23595214 -0.23912615 0.37357990
v 3.23584524 -0.23828055 0.37197989
v 3.23536434 -0.23757684 0.37197992
v 3.23536434 -0.23757684 0.37357991
v 3.23584524 -0.23828055 0.37357991
v 3.23536434 -0.23757684 0.37357991
v 3.23604324 -0.23706155 0.37197989
v 3.23604324 -0.23706155 0.37357988
v 3.23536434 -0.23757684 0.37197992
v 3.23604324 -0.23706155 0.37357988
v 3.23641214 -0.23629324 0.37197989
v 3.23641214 -0.23629324 0.37357988
v 3.23604324 -0.23706155 0.37197989
v 3.23641214 -0.23629324 0.37197989
v 3.23719794 -0.23662345 0.37357988
v 3.23641214 -0.23629324 0.37357988
v 3.23719794 -0.23662345 0.37197992
v 3.23719794 -0.23662345 0.37357988
v 3.23804774 -0.23655884 0.37197990
v 3.23804774 -0.23655884 0.37357990
v 3.23719794 -0.23662345 0.37197992
v 3.23804774 -0.23655884 0.37197990
v 3.23815464 -0.23740445 0.37357988
v 3.23804774 -0.23655884 0.37357990
v 3.23815464 -0.23740445 0.37197992
v 3.23815464 -0.23740445 0.37197992
v 3.23863554 -0.23810806 0.37357991
v 3.23815464 -0.23740445 0.37357988
v 3.23863554 -0.23810804 0.37197992
v 3.23863554 -0.23810804 0.37197992
v 3.23795664 -0.23862346 0.37357991
v 3.23863554 -0.23810806 0.37357991
v 3.23795664 -0.23862344 0.37197992
v 3.23795664 -0.23862344 0.37197992
v 3.23758774 -0.23939175 0.37357991
v 3.23795664 -0.23862346 0.37357991
v 3.23758774 -0.23939175 0.37197992
v 3.23564776 -0.23714785 0.37119990
v 3.23550452 -0.23767920 0.36119988
v 3.23549031 -0.23787865 0.37119990
v 3.23554038 -0.23823647 0.36119990
v 3.23564122 -0.23850390 0.37119990
v 3.23596469 -0.23896705 0.36119988
v 3.23643092 -0.23924403 0.37119992
v 3.23596934 -0.23893803 0.37119989
v 3.23699752 -0.23938204 0.36119988
v 3.23699969 -0.23934759 0.37119990
v 3.23566666 -0.23712577 0.36119991
v 3.23626998 -0.23650065 0.36119991
v 3.23613030 -0.23660988 0.37119989
v 3.23663920 -0.23637921 0.37119990
v 3.23699965 -0.23633695 0.36119991
v 3.23699994 -0.23634245 0.37119990
v 3.23585688 -0.23658134 0.37357990
v 3.23568584 -0.23676385 0.37357991
v 3.23604324 -0.23706155 0.37357988
v 3.23782793 -0.23635572 0.37357990
v 3.23804774 -0.23655884 0.37357990
v 3.23802474 -0.23648615 0.37357991
v 3.23612487 -0.23638246 0.37357990
v 3.23666814 -0.23617494 0.37357991
v 3.23642632 -0.23624002 0.37357988
v 3.23641214 -0.23629324 0.37357988
v 3.23754098 -0.23622902 0.37357988
v 3.23723644 -0.23615723 0.37357988
v 3.23719794 -0.23662345 0.37357988
v 3.23840454 -0.23688166 0.37357988
v 3.23820390 -0.23663978 0.37357988
v 3.23815464 -0.23740445 0.37357988
v 3.23855732 -0.23715638 0.37357991
v 3.23865686 -0.23745431 0.37357988
v 3.23870009 -0.23776589 0.37357991
v 3.23691356 -0.23614255 0.37357990
v 3.23860256 -0.23841572 0.37357990
v 3.23868346 -0.23809235 0.37357988
v 3.23863554 -0.23810806 0.37357991
v 3.23795664 -0.23862346 0.37357991
v 3.23846002 -0.23871698 0.37357988
v 3.23553997 -0.23696734 0.37357991
v 3.23831404 -0.23892105 0.37357990
v 3.23814306 -0.23910345 0.37357988
v 3.23539727 -0.23726899 0.37357990
v 3.23787508 -0.23930223 0.37357991
v 3.23536434 -0.23757684 0.37357991
v 3.23531644 -0.23759280 0.37357991
v 3.23758774 -0.23939175 0.37357991
v 3.23584524 -0.23828055 0.37357991
v 3.23529980 -0.23791956 0.37357988
v 3.23534368 -0.23823249 0.37357990
v 3.23680194 -0.23906155 0.37357991
v 3.23741242 -0.23949371 0.37357988
v 3.23676518 -0.23952778 0.37357991
v 3.23645887 -0.23945582 0.37357990
v 3.23595214 -0.23912615 0.37357990
v 3.23574404 -0.23898815 0.37357988
v 3.23544364 -0.23853003 0.37357990
v 3.23559650 -0.23880465 0.37357988
v 3.23617241 -0.23932950 0.37357988
v 3.23591271 -0.23915158 0.37357988
v 3.23708521 -0.23954234 0.37357990
v 3.23765014 -0.23941314 0.37357991
v 3.23641253 -0.23533686 0.37119992
v 3.23650191 -0.23642576 0.37119990
v 3.23595909 -0.23548919 0.37119990
v 3.23776050 -0.23913734 0.37119992
v 3.23835394 -0.24002794 0.37119990
v 3.23804168 -0.24019539 0.37119990
v 3.23758939 -0.24034770 0.37119990
v 3.23749800 -0.23925921 0.37119990
v 3.23518053 -0.23966214 0.37119990
v 3.23487772 -0.23929818 0.37119990
v 3.23593261 -0.23889859 0.37119992
v 3.23464603 -0.23888192 0.37119992
v 3.23568383 -0.23856543 0.37119990
v 3.23442961 -0.23772067 0.37119990
v 3.23550384 -0.23795125 0.37119992
v 3.23444024 -0.23808025 0.37119990
v 3.23609134 -0.23903604 0.37119992
v 3.23626602 -0.23915245 0.37119990
v 3.23554519 -0.23996519 0.37119990
v 3.23629694 -0.24031524 0.37119990
v 3.23596134 -0.24019672 0.37119990
v 3.23652047 -0.23926543 0.37119990
v 3.23579774 -0.23873955 0.37119989
v 3.23559744 -0.23837455 0.37119990
v 3.23449457 -0.23843059 0.37119990
v 3.23664544 -0.24039133 0.37119990
v 3.23464556 -0.23680435 0.37119990
v 3.23481424 -0.23648904 0.37119990
v 3.23572403 -0.23705042 0.37119989
v 3.23501860 -0.23620030 0.37119990
v 3.23585384 -0.23687485 0.37119992
v 3.23535669 -0.23586212 0.37119992
v 3.23600397 -0.23671857 0.37119990
v 3.23711888 -0.24041288 0.37119992
v 3.23721784 -0.23932830 0.37119989
v 3.23864369 -0.23982223 0.37119990
v 3.23799507 -0.23896712 0.37119989
v 3.23898033 -0.23948573 0.37119990
v 3.23687858 -0.23527213 0.37119990
v 3.23678281 -0.23635653 0.37119990
v 3.23720950 -0.23635559 0.37119992
v 3.23723814 -0.23528284 0.37119990
v 3.23827589 -0.23863438 0.37119989
v 3.23918614 -0.23919495 0.37119990
v 3.23758782 -0.23533699 0.37119990
v 3.23747940 -0.23641946 0.37119990
v 3.23803911 -0.23548845 0.37119990
v 3.23785384 -0.23660728 0.37119990
v 3.23767264 -0.23650174 0.37119992
v 3.23845401 -0.23571909 0.37119990
v 3.23881777 -0.23602133 0.37119992
v 3.23806723 -0.23678622 0.37119990
v 3.23837819 -0.23724625 0.37119990
v 3.23824364 -0.23700106 0.37119989
v 3.23935282 -0.23680085 0.37119990
v 3.23950532 -0.23725391 0.37119989
v 3.23846629 -0.23751855 0.37119990
v 3.23957030 -0.23796462 0.37119990
v 3.23849762 -0.23795264 0.37119990
v 3.23849604 -0.23773365 0.37119990
v 3.23955954 -0.23760395 0.37119990
v 3.23950537 -0.23843032 0.37119990
v 3.23844867 -0.23823783 0.37119990
v 3.23912261 -0.23638718 0.37119990
v 3.23935391 -0.23888183 0.37119989
v 3.23837514 -0.23844144 0.37119990
v 3.23679161 -0.23932953 0.37119990
v 3.23623854 -0.23654808 0.37119990
v 3.23564584 -0.23565714 0.37119992
v 3.23699994 -0.23934245 0.37119989
v 3.23814604 -0.23881015 0.37119992
v 3.23699994 -0.23634245 0.37119990
v 3.23559554 -0.23731065 0.37119990
v 3.23449436 -0.23725486 0.37119989
v 3.23550227 -0.23773220 0.37119992
v 3.23553544 -0.23751834 0.37119990
v 3.23553357 -0.23816626 0.37119990
v 3.23554964 -0.23992361 0.37307983
v 3.23541076 -0.23992124 0.37285947
v 3.23593714 -0.24023074 0.37286013
v 3.23641928 -0.23999654 0.37342938
v 3.23564089 -0.23975696 0.37332892
v 3.23643355 -0.24027088 0.37317864
v 3.23699991 -0.23994863 0.37350498
v 3.23648010 -0.23971208 0.37355545
v 3.23699994 -0.23954244 0.37357990
v 3.23676518 -0.23952776 0.37357985
v 3.23498280 -0.23950075 0.37285920
v 3.23500123 -0.23941133 0.37307609
v 3.23443364 -0.23831734 0.37285989
v 3.23461307 -0.23870473 0.37308233
v 3.23445831 -0.23784948 0.37307742
v 3.23464012 -0.23700158 0.37315121
v 3.23439492 -0.23762353 0.37285867
v 3.23478160 -0.23645634 0.37285931
v 3.23452442 -0.23701404 0.37285916
v 3.23500152 -0.23627933 0.37308178
v 3.23515049 -0.23599729 0.37285980
v 3.23553382 -0.23577163 0.37307876
v 3.23594237 -0.23545227 0.37286016
v 3.23552631 -0.23568750 0.37285919
v 3.23610815 -0.23550807 0.37315291
v 3.23653182 -0.23526287 0.37286122
v 3.23699994 -0.23614244 0.37357988
v 3.23700001 -0.23588710 0.37355348
v 3.23675012 -0.23615861 0.37357978
v 3.23464033 -0.23896328 0.37285816
v 3.23483494 -0.23859869 0.37338560
v 3.23611479 -0.24021724 0.37308078
v 3.23640308 -0.24038664 0.37285985
v 3.23699954 -0.24045867 0.37285944
v 3.23699995 -0.24035046 0.37313136
v 3.23470612 -0.23782896 0.37338551
v 3.23490985 -0.23708612 0.37342916
v 3.23515664 -0.23638614 0.37332910
v 3.23699972 -0.23538855 0.37323494
v 3.23699994 -0.23523244 0.37285989
v 3.23514672 -0.23928563 0.37332943
v 3.23557531 -0.23928465 0.37353989
v 3.23565346 -0.23591855 0.37332852
v 3.23644036 -0.23568332 0.37342958
v 3.23506847 -0.23813911 0.37355762
v 3.23556034 -0.23631987 0.37350802
v 3.23526662 -0.23700905 0.37356167
v 3.23531643 -0.23759279 0.37358003
v 3.23539724 -0.23726897 0.37358036
v 3.23642069 -0.23599722 0.37356020
v 3.23559652 -0.23880465 0.37357968
v 3.23585687 -0.23658134 0.37357997
v 3.23642632 -0.23624002 0.37357985
v 3.23645887 -0.23945582 0.37357987
v 3.23617242 -0.23932950 0.37357979
v 3.23591272 -0.23915157 0.37357978
v 3.23574404 -0.23898815 0.37357988
v 3.23544367 -0.23853001 0.37357951
v 3.23534369 -0.23823248 0.37357968
v 3.23529980 -0.23791956 0.37357982
v 3.23553996 -0.23696734 0.37357991
v 3.23568584 -0.23676385 0.37357991
v 3.23612488 -0.23638246 0.37357981
v 3.23569410 -0.24011864 0.37285983
v 3.23639749 -0.24051020 0.37136085
v 3.23638319 -0.24038176 0.37285986
v 3.23487777 -0.23940008 0.37285985
v 3.23446459 -0.23848929 0.37285982
v 3.23437927 -0.23860060 0.37136094
v 3.23453202 -0.23664586 0.37136086
v 3.23484898 -0.23633997 0.37285986
v 3.23523255 -0.23575652 0.37136086
v 3.23553789 -0.23566377 0.37285986
v 3.23610644 -0.23525901 0.37136086
v 3.23642569 -0.23528227 0.37285986
v 3.23699949 -0.23511318 0.37136101
v 3.23699994 -0.23523244 0.37285989
v 3.23440335 -0.23738630 0.37285998
v 3.23426926 -0.23772878 0.37136083
v 3.23475337 -0.23940152 0.37136086
v 3.23546857 -0.24010828 0.37136086
v 3.23699994 -0.24056244 0.37136092
v 3.23699950 -0.24046154 0.37285998
v 3.23481424 -0.23648904 0.37119990
v 3.23464562 -0.23680440 0.37120073
v 3.23487585 -0.23620290 0.37122946
v 3.23501885 -0.23620027 0.37120184
v 3.23596000 -0.23548946 0.37120617
v 3.23588101 -0.23539923 0.37123604
v 3.23641223 -0.23533675 0.37119823
v 3.23735534 -0.23529329 0.37119668
v 3.23676516 -0.23516551 0.37123623
v 3.23723202 -0.23515220 0.37126132
v 3.23687864 -0.23527219 0.37120063
v 3.23781570 -0.23540151 0.37119597
v 3.23769189 -0.23524609 0.37123596
v 3.23881763 -0.23602085 0.37119725
v 3.23849553 -0.23561053 0.37123556
v 3.23883143 -0.23585843 0.37126076
v 3.23912288 -0.23638706 0.37119685
v 3.23926459 -0.23640175 0.37122970
v 3.23957624 -0.23717456 0.37121364
v 3.23950533 -0.23725386 0.37119965
v 3.23935277 -0.23680091 0.37120073
v 3.23955675 -0.23686557 0.37136211
v 3.23970361 -0.23742134 0.37136080
v 3.23971994 -0.23784244 0.37136092
v 3.23970269 -0.23784243 0.37126231
v 3.23955954 -0.23760395 0.37119990
v 3.23957062 -0.23784247 0.37119707
v 3.23845470 -0.23572025 0.37120589
v 3.23814648 -0.23554136 0.37119626
v 3.23554650 -0.23571849 0.37119889
v 3.23526903 -0.23594161 0.37119638
v 3.23532723 -0.23571159 0.37126149
v 3.23452758 -0.23689604 0.37121400
v 3.23449438 -0.23725480 0.37120000
v 3.23433039 -0.23784213 0.37121431
v 3.23444034 -0.23760414 0.37119990
v 3.23442914 -0.23784246 0.37119595
v 3.23630271 -0.23523365 0.37126138
v 3.23811871 -0.23538533 0.37126073
v 3.23430996 -0.23745413 0.37130033
v 3.23426703 -0.23784199 0.37136043
v 3.23443615 -0.23688479 0.37136173
v 3.23471066 -0.23634711 0.37136022
v 3.23902897 -0.23600006 0.37136074
v 3.23726313 -0.23512660 0.37136065
v 3.23810967 -0.23534589 0.37136028
v 3.23548726 -0.23557061 0.37136045
v 3.23632728 -0.23519345 0.37136055
v 3.33844114 -0.29581556 0.36489583
v 3.33848949 -0.29601246 0.36493264
v 3.33830134 -0.29614589 0.36489625
v 3.33812207 -0.29645468 0.36490583
v 3.33804304 -0.29674515 0.36493296
v 3.33782030 -0.29681921 0.36489726
v 3.33744149 -0.29726353 0.36492912
v 3.33703964 -0.29735385 0.36490064
v 3.33745604 -0.29712239 0.36489704
v 3.33658871 -0.29750536 0.36489973
v 3.33666736 -0.29757829 0.36491414
v 3.33623773 -0.29755986 0.36489990
v 3.33697826 -0.29755637 0.36506144
v 3.33639002 -0.29769041 0.36500145
v 3.33600098 -0.29774097 0.36506105
v 3.33599991 -0.29770112 0.36496058
v 3.33854918 -0.29535425 0.36489668
v 3.33862886 -0.29443774 0.36493244
v 3.33857030 -0.29488137 0.36490061
v 3.33850532 -0.29441054 0.36489823
v 3.33829815 -0.29360306 0.36493377
v 3.33835283 -0.29395990 0.36490619
v 3.33812459 -0.29354782 0.36489886
v 3.33789975 -0.29326817 0.36489638
v 3.33764307 -0.29301983 0.36490179
v 3.33769785 -0.29294784 0.36491599
v 3.33735243 -0.29281396 0.36489990
v 3.33703892 -0.29264604 0.36490066
v 3.33669174 -0.29242860 0.36491385
v 3.33658723 -0.29249458 0.36490002
v 3.33599991 -0.29242934 0.36489593
v 3.33623773 -0.29244049 0.36489990
v 3.33637706 -0.29230815 0.36500148
v 3.33599990 -0.29229771 0.36496418
v 3.33599990 -0.29757082 0.36489704
v 3.33868936 -0.29523112 0.36495958
v 3.33872311 -0.29476959 0.36505994
v 3.33695277 -0.29245354 0.36500009
v 3.33756511 -0.29277514 0.36500000
v 3.33800520 -0.29314414 0.36506080
v 3.33849273 -0.29388249 0.36506037
v 3.33864622 -0.29568176 0.36506043
v 3.33828220 -0.29650232 0.36506044
v 3.33771191 -0.29712860 0.36506028
v 3.33600165 -0.29224825 0.36506091
v 3.33719969 -0.29254471 0.36506068
v 3.33862310 -0.29506373 0.36655986
v 3.33849377 -0.29577984 0.36655989
v 3.33862272 -0.29577529 0.36506086
v 3.33818020 -0.29646066 0.36655986
v 3.33815200 -0.29668786 0.36506086
v 3.33748345 -0.29728974 0.36506088
v 3.33768613 -0.29699646 0.36655989
v 3.33694476 -0.29745765 0.36655984
v 3.33666306 -0.29765351 0.36506086
v 3.33600022 -0.29761603 0.36655975
v 3.33599993 -0.29772015 0.36506091
v 3.33872501 -0.29488692 0.36506088
v 3.33846184 -0.29409204 0.36655986
v 3.33854642 -0.29400343 0.36506086
v 3.33795276 -0.29324824 0.36655986
v 3.33799878 -0.29313481 0.36506086
v 3.33717054 -0.29265219 0.36655986
v 3.33717163 -0.29252975 0.36506086
v 3.33600190 -0.29235742 0.36656014
v 3.33600148 -0.29225422 0.36506056
v 3.33799948 -0.29655930 0.36678428
v 3.33830986 -0.29621725 0.36655932
v 3.33836300 -0.29583339 0.36685042
v 3.33803608 -0.29663034 0.36655844
v 3.33849983 -0.29576211 0.36656001
v 3.33760661 -0.29706402 0.36655911
v 3.33746815 -0.29706897 0.36677946
v 3.33734634 -0.29692395 0.36702860
v 3.33689353 -0.29733394 0.36685273
v 3.33707566 -0.29738241 0.36656013
v 3.33647628 -0.29757854 0.36656123
v 3.33599993 -0.29670015 0.36727990
v 3.33599985 -0.29695573 0.36725340
v 3.33624270 -0.29668464 0.36727987
v 3.33860015 -0.29528101 0.36656062
v 3.33848361 -0.29507221 0.36687837
v 3.33859744 -0.29468466 0.36655963
v 3.33849583 -0.29455552 0.36678771
v 3.33843906 -0.29407106 0.36655913
v 3.33831367 -0.29408647 0.36687523
v 3.33822271 -0.29362723 0.36655995
v 3.33799178 -0.29342812 0.36678127
v 3.33792888 -0.29323499 0.36656057
v 3.33746009 -0.29292345 0.36677667
v 3.33746580 -0.29283041 0.36656026
v 3.33688410 -0.29262066 0.36677426
v 3.33691563 -0.29255608 0.36655914
v 3.33641469 -0.29241902 0.36656002
v 3.33599996 -0.29289393 0.36720494
v 3.33658025 -0.29284596 0.36712935
v 3.33662218 -0.29267269 0.36697414
v 3.33600044 -0.29245427 0.36679230
v 3.33599993 -0.29239014 0.36655990
v 3.33652010 -0.29313068 0.36725546
v 3.33624276 -0.29331568 0.36727982
v 3.33599993 -0.29330015 0.36727990
v 3.33735873 -0.29308549 0.36702892
v 3.33822302 -0.29501212 0.36712916
v 3.33600015 -0.29745407 0.36693495
v 3.33599993 -0.29761015 0.36655990
v 3.33785309 -0.29355690 0.36702941
v 3.33784324 -0.29645652 0.36702907
v 3.33655985 -0.29715930 0.36712950
v 3.33809777 -0.29426610 0.36712926
v 3.33773240 -0.29583198 0.36726210
v 3.33743959 -0.29652278 0.36720798
v 3.33809002 -0.29575658 0.36712911
v 3.33742513 -0.29355858 0.36723987
v 3.33793347 -0.29470304 0.36725692
v 3.33733730 -0.29605271 0.36728022
v 3.33751228 -0.29578061 0.36727990
v 3.33657908 -0.29684626 0.36725994
v 3.33743177 -0.29408030 0.36727958
v 3.33769803 -0.29491964 0.36727990
v 3.33767102 -0.29467775 0.36728014
v 3.33769394 -0.29516360 0.36727940
v 3.33647833 -0.29663140 0.36727990
v 3.33655677 -0.29339194 0.36727976
v 3.33677923 -0.29348932 0.36727990
v 3.33698810 -0.29361451 0.36727999
v 3.33723270 -0.29382682 0.36727970
v 3.33758008 -0.29436795 0.36727988
v 3.33763238 -0.29548132 0.36727964
v 3.33711470 -0.29628609 0.36727976
v 3.33691872 -0.29643047 0.36727990
v 3.33670588 -0.29654871 0.36727984
v 3.33600110 -0.29348098 0.35489989
v 3.33599993 -0.29350014 0.36489990
v 3.33638035 -0.29353824 0.36489990
v 3.33723708 -0.29412903 0.35489989
v 3.33672429 -0.29367371 0.35489989
v 3.33697806 -0.29384574 0.36489990
v 3.33746321 -0.29465139 0.35489989
v 3.33742782 -0.29448137 0.36489990
v 3.33747301 -0.29539992 0.36489990
v 3.33749793 -0.29521348 0.35489989
v 3.33702066 -0.29611708 0.36489990
v 3.33642182 -0.29645140 0.36489990
v 3.33656355 -0.29642141 0.35489989
v 3.33599993 -0.29650015 0.36489990
v 3.33599993 -0.29650015 0.35489989
v 3.33723744 -0.29587083 0.35489989
v 3.33488203 -0.29622321 0.36567990
v 3.33573413 -0.29620621 0.36567990
v 3.33482253 -0.29537299 0.36567990
v 3.33650013 -0.29657982 0.36567990
v 3.33691153 -0.29583336 0.36567990
v 3.33711783 -0.29377708 0.36567990
v 3.33626573 -0.29379408 0.36567990
v 3.33717733 -0.29462729 0.36567990
v 3.33761813 -0.29535675 0.36567990
v 3.33508833 -0.29416694 0.36567990
v 3.33549972 -0.29342046 0.36567990
v 3.33438173 -0.29464354 0.36567990
v 3.33534307 -0.29635090 0.35489991
v 3.33515972 -0.29624321 0.35489989
v 3.33499180 -0.29611357 0.35489991
v 3.33561168 -0.29645102 0.35489991
v 3.33480047 -0.29590410 0.35489991
v 3.33465285 -0.29566397 0.35489991
v 3.33455229 -0.29539940 0.35489991
v 3.33451203 -0.29519053 0.35489989
v 3.33449855 -0.29497845 0.35489991
v 3.33591742 -0.29649989 0.35489991
v 3.33451833 -0.29476731 0.35489989
v 3.33621251 -0.29648665 0.35489991
v 3.33686522 -0.29622740 0.35489991
v 3.33668193 -0.29633613 0.35489989
v 3.33467254 -0.29429816 0.35489991
v 3.33648643 -0.29642081 0.35489991
v 3.33456451 -0.29455990 0.35489991
v 3.33492134 -0.29395558 0.35489991
v 3.33707969 -0.29604378 0.35489991
v 3.33551374 -0.29357949 0.35489991
v 3.33738806 -0.29557282 0.35489991
v 3.33531882 -0.29366379 0.35489989
v 3.33749283 -0.29516196 0.35489991
v 3.33745333 -0.29537117 0.35489989
v 3.33578834 -0.29351372 0.35489991
v 3.33599993 -0.29350014 0.35489989
v 3.33749664 -0.29487900 0.35489991
v 3.33652729 -0.29359418 0.35489991
v 3.33689754 -0.29379638 0.35489991
v 3.33734649 -0.29433560 0.35489991
v 3.33671853 -0.29368350 0.35489989
v 3.33719884 -0.29409601 0.35489991
v 3.33705792 -0.29393685 0.35489989
v 3.33744739 -0.29460023 0.35489991
v 3.33623940 -0.29351729 0.35489991
v 3.33725631 -0.29582261 0.35489991
v 3.33513586 -0.29377222 0.35489991
v 3.33478593 -0.29411924 0.35489989
v 3.33761813 -0.29535675 0.36567990
v 3.33691153 -0.29583336 0.36727990
v 3.33761813 -0.29535677 0.36727990
v 3.33691153 -0.29583336 0.36567990
v 3.33691153 -0.29583336 0.36567990
v 3.33650013 -0.29657982 0.36727990
v 3.33691153 -0.29583336 0.36727990
v 3.33650013 -0.29657982 0.36567990
v 3.33650013 -0.29657982 0.36567990
v 3.33573413 -0.29620621 0.36567990
v 3.33573413 -0.29620621 0.36727990
v 3.33650013 -0.29657982 0.36727990
v 3.33573413 -0.29620621 0.36567990
v 3.33488203 -0.29622321 0.36727990
v 3.33573413 -0.29620621 0.36727990
v 3.33488203 -0.29622321 0.36567990
v 3.33488203 -0.29622321 0.36567990
v 3.33482253 -0.29537299 0.36567990
v 3.33482253 -0.29537299 0.36727990
v 3.33488203 -0.29622321 0.36727990
v 3.33482253 -0.29537299 0.36567990
v 3.33438173 -0.29464354 0.36567990
v 3.33438173 -0.29464354 0.36727990
v 3.33482253 -0.29537299 0.36727990
v 3.33438173 -0.29464354 0.36727990
v 3.33508833 -0.29416694 0.36567990
v 3.33508833 -0.29416694 0.36727990
v 3.33438173 -0.29464354 0.36567990
v 3.33508833 -0.29416694 0.36727990
v 3.33549972 -0.29342046 0.36567990
v 3.33549972 -0.29342046 0.36727990
v 3.33508833 -0.29416694 0.36567990
v 3.33549972 -0.29342046 0.36567990
v 3.33626573 -0.29379408 0.36727990
v 3.33549972 -0.29342046 0.36727990
v 3.33626573 -0.29379408 0.36567990
v 3.33626573 -0.29379408 0.36727990
v 3.33711783 -0.29377708 0.36567990
v 3.33711783 -0.29377708 0.36727990
v 3.33626573 -0.29379408 0.36567990
v 3.33711783 -0.29377708 0.36567990
v 3.33717733 -0.29462729 0.36727990
v 3.33711783 -0.29377708 0.36727990
v 3.33717733 -0.29462729 0.36567990
v 3.33717733 -0.29462729 0.36567990
v 3.33761813 -0.29535677 0.36727990
v 3.33717733 -0.29462729 0.36727990
v 3.33761813 -0.29535675 0.36567990
v 3.33549169 -0.29358038 0.35489989
v 3.33483905 -0.29400930 0.35489989
v 3.33497974 -0.29388274 0.36489990
v 3.33450217 -0.29478684 0.35489989
v 3.33452703 -0.29459982 0.36489990
v 3.33457192 -0.29551850 0.36489990
v 3.33460954 -0.29563023 0.35489988
v 3.33502172 -0.29615448 0.36489990
v 3.33521063 -0.29629622 0.35489989
v 3.33562012 -0.29646224 0.36489990
v 3.33599878 -0.29651895 0.35489989
v 3.33599993 -0.29650015 0.36489990
v 3.33557807 -0.29354890 0.36489990
v 3.33599966 -0.29349491 0.35489989
v 3.33599993 -0.29350014 0.36489990
v 3.33508833 -0.29416694 0.36727990
v 3.33522092 -0.29348907 0.36727990
v 3.33501270 -0.29361376 0.36727991
v 3.33761813 -0.29535677 0.36727990
v 3.33769398 -0.29516360 0.36727991
v 3.33717733 -0.29462729 0.36727990
v 3.33758008 -0.29436795 0.36727991
v 3.33743179 -0.29408029 0.36727991
v 3.33705102 -0.29366402 0.36727990
v 3.33711783 -0.29377708 0.36727990
v 3.33723272 -0.29382682 0.36727991
v 3.33685080 -0.29352625 0.36727991
v 3.33626573 -0.29379408 0.36727990
v 3.33655677 -0.29339194 0.36727991
v 3.33632193 -0.29333094 0.36727990
v 3.33575824 -0.29331520 0.36727991
v 3.33608169 -0.29330024 0.36727991
v 3.33767100 -0.29467775 0.36727991
v 3.33549972 -0.29342046 0.36727990
v 3.33769803 -0.29491964 0.36727990
v 3.33544391 -0.29339153 0.36727991
v 3.33763240 -0.29548132 0.36727991
v 3.33691153 -0.29583336 0.36727990
v 3.33751228 -0.29578061 0.36727991
v 3.33476823 -0.29382557 0.36727991
v 3.33456828 -0.29407950 0.36727991
v 3.33441996 -0.29436708 0.36727991
v 3.33711470 -0.29628609 0.36727991
v 3.33733728 -0.29605268 0.36727991
v 3.33438173 -0.29464354 0.36727990
v 3.33691872 -0.29643047 0.36727990
v 3.33434773 -0.29459949 0.36727990
v 3.33430582 -0.29483823 0.36727991
v 3.33573413 -0.29620621 0.36727990
v 3.33624270 -0.29668464 0.36727991
v 3.33650013 -0.29657982 0.36727990
v 3.33430183 -0.29508121 0.36727990
v 3.33482253 -0.29537299 0.36727990
v 3.33432901 -0.29532231 0.36727991
v 3.33442026 -0.29563260 0.36727991
v 3.33544347 -0.29660830 0.36727991
v 3.33514915 -0.29647413 0.36727991
v 3.33456882 -0.29592058 0.36727991
v 3.33471563 -0.29611373 0.36727990
v 3.33488559 -0.29628642 0.36727991
v 3.33488203 -0.29622321 0.36727990
v 3.33575791 -0.29668449 0.36727991
v 3.33599993 -0.29670015 0.36727990
v 3.33670588 -0.29654871 0.36727991
v 3.33647833 -0.29663140 0.36727990
v 3.33812321 -0.29645403 0.36489990
v 3.33781982 -0.29681934 0.36489990
v 3.33717207 -0.29593867 0.36489990
v 3.33695343 -0.29384224 0.36489990
v 3.33764305 -0.29301959 0.36489990
v 3.33710900 -0.29398780 0.36489990
v 3.33740392 -0.29446748 0.36489990
v 3.33727896 -0.29421334 0.36489990
v 3.33835310 -0.29395901 0.36489990
v 3.33747890 -0.29474008 0.36489990
v 3.33857036 -0.29488133 0.36489990
v 3.33750142 -0.29502073 0.36489990
v 3.33850521 -0.29441082 0.36489990
v 3.33854880 -0.29535475 0.36489990
v 3.33847273 -0.29570311 0.36489990
v 3.33835430 -0.29603851 0.36489990
v 3.33743559 -0.29544033 0.36489990
v 3.33797902 -0.29335563 0.36489990
v 3.33732791 -0.29570116 0.36489990
v 3.33678084 -0.29371755 0.36489990
v 3.33745593 -0.29712215 0.36489990
v 3.33697655 -0.29614082 0.36489990
v 3.33658717 -0.29249455 0.36489990
v 3.33652761 -0.29359429 0.36489990
v 3.33623940 -0.29351729 0.36489990
v 3.33641833 -0.29644059 0.36489990
v 3.33703968 -0.29735389 0.36489990
v 3.33658867 -0.29750535 0.36489990
v 3.33558152 -0.29355970 0.36489990
v 3.33495857 -0.29264711 0.36489990
v 3.33541125 -0.29249482 0.36489990
v 3.33599993 -0.29650015 0.36489990
v 3.33621274 -0.29648662 0.36489990
v 3.33623773 -0.29755986 0.36489990
v 3.33482800 -0.29406136 0.36489990
v 3.33387632 -0.29354635 0.36489990
v 3.33417891 -0.29318227 0.36489990
v 3.33502386 -0.29385896 0.36489990
v 3.33454411 -0.29287784 0.36489990
v 3.33456426 -0.29455996 0.36489990
v 3.33352693 -0.29429798 0.36489990
v 3.33364606 -0.29396071 0.36489990
v 3.33345110 -0.29464476 0.36489990
v 3.33552753 -0.29752721 0.36489990
v 3.33518501 -0.29744096 0.36489990
v 3.33576048 -0.29648300 0.36489990
v 3.33472090 -0.29578696 0.36489990
v 3.33489087 -0.29601251 0.36489990
v 3.33401991 -0.29664375 0.36489990
v 3.33349437 -0.29558767 0.36489990
v 3.33342961 -0.29512145 0.36489990
v 3.33452097 -0.29526033 0.36489990
v 3.33435814 -0.29698175 0.36489990
v 3.33459598 -0.29553290 0.36489990
v 3.33381463 -0.29635423 0.36489990
v 3.33364660 -0.29604077 0.36489990
v 3.33467238 -0.29429817 0.36489990
v 3.33504643 -0.29615805 0.36489990
v 3.33521894 -0.29628271 0.36489990
v 3.33587824 -0.29757047 0.36489990
v 3.33538232 -0.29363142 0.36489990
v 3.33576133 -0.29244058 0.36489990
v 3.33578712 -0.29351367 0.36489990
v 3.33599993 -0.29350014 0.36489990
v 3.33612144 -0.29242978 0.36489990
v 3.33661753 -0.29636887 0.36489990
v 3.33703897 -0.29264599 0.36489990
v 3.33449844 -0.29497968 0.36489990
v 3.33680433 -0.29626623 0.36489990
v 3.33748173 -0.29523319 0.36489990
v 3.33818533 -0.29364616 0.36489990
v 3.33735243 -0.29281396 0.36489990
v 3.33519552 -0.29373406 0.36489990
v 3.33451813 -0.29476710 0.36489990
v 3.33474571 -0.29724726 0.36489990
v 3.33547225 -0.29640600 0.36489990
v 3.33541962 -0.29715434 0.36712934
v 3.33599990 -0.29710636 0.36720494
v 3.33547977 -0.29686961 0.36725546
v 3.33599993 -0.29670015 0.36727990
v 3.33575791 -0.29668449 0.36727982
v 3.33377655 -0.29637337 0.36655989
v 3.33406959 -0.29676555 0.36656059
v 3.33400867 -0.29657087 0.36678340
v 3.33364004 -0.29584090 0.36685118
v 3.33340220 -0.29531486 0.36655957
v 3.33356074 -0.29592933 0.36655910
v 3.33351781 -0.29508503 0.36688068
v 3.33387516 -0.29347478 0.36655931
v 3.33400014 -0.29344025 0.36678320
v 3.33439392 -0.29293658 0.36655920
v 3.33453091 -0.29293092 0.36677812
v 3.33503879 -0.29256393 0.36656029
v 3.33510609 -0.29266585 0.36685198
v 3.33562040 -0.29240742 0.36656245
v 3.33599993 -0.29330015 0.36727990
v 3.33600000 -0.29304451 0.36725339
v 3.33575824 -0.29331520 0.36727987
v 3.33465354 -0.29307634 0.36702862
v 3.33360272 -0.29415560 0.36677688
v 3.33353653 -0.29411387 0.36656004
v 3.33338028 -0.29474720 0.36656606
v 3.33454051 -0.29707551 0.36677922
v 3.33453262 -0.29717042 0.36656026
v 3.33508366 -0.29744494 0.36655914
v 3.33528755 -0.29738766 0.36688053
v 3.33599941 -0.29754601 0.36679230
v 3.33558701 -0.29758164 0.36656008
v 3.33599993 -0.29761015 0.36655990
v 3.33464114 -0.29691480 0.36702893
v 3.33377681 -0.29498817 0.36712914
v 3.33384380 -0.29421853 0.36708547
v 3.33599970 -0.29254621 0.36693495
v 3.33599993 -0.29239014 0.36655990
v 3.33414680 -0.29644342 0.36702941
v 3.33415663 -0.29354377 0.36702908
v 3.33544003 -0.29284099 0.36712950
v 3.33390210 -0.29573418 0.36712926
v 3.33426747 -0.29416829 0.36726210
v 3.33456027 -0.29347751 0.36720798
v 3.33457476 -0.29644169 0.36723987
v 3.33406643 -0.29529725 0.36725693
v 3.33542075 -0.29315405 0.36725994
v 3.33456884 -0.29592055 0.36727958
v 3.33430183 -0.29508121 0.36727990
v 3.33432898 -0.29532231 0.36728011
v 3.33430586 -0.29483822 0.36727940
v 3.33544390 -0.29339153 0.36727987
v 3.33544347 -0.29660828 0.36727975
v 3.33514917 -0.29647411 0.36727979
v 3.33488559 -0.29628640 0.36727976
v 3.33471563 -0.29611373 0.36727990
v 3.33442026 -0.29563260 0.36727987
v 3.33434773 -0.29459949 0.36727990
v 3.33441996 -0.29436709 0.36727988
v 3.33456829 -0.29407951 0.36727966
v 3.33476826 -0.29382558 0.36727958
v 3.33501270 -0.29361375 0.36727999
v 3.33522092 -0.29348907 0.36727990
v 3.33349561 -0.29612134 0.36506085
v 3.33409148 -0.29694998 0.36506088
v 3.33395713 -0.29666190 0.36655984
v 3.33326538 -0.29498829 0.36506086
v 3.33350491 -0.29579127 0.36655987
v 3.33337671 -0.29493719 0.36655986
v 3.33342566 -0.29409949 0.36506088
v 3.33354499 -0.29409345 0.36655987
v 3.33384788 -0.29331303 0.36506086
v 3.33396705 -0.29334107 0.36655986
v 3.33451934 -0.29270954 0.36506088
v 3.33461723 -0.29277803 0.36655987
v 3.33533350 -0.29234828 0.36506086
v 3.33541047 -0.29244350 0.36655986
v 3.33599993 -0.29228014 0.36506091
v 3.33599993 -0.29239014 0.36655990
v 3.33495068 -0.29753648 0.36506085
v 3.33494092 -0.29741152 0.36655984
v 3.33599928 -0.29762174 0.36656004
v 3.33599950 -0.29772770 0.36506071
v 3.33599995 -0.29770277 0.36496455
v 3.33562286 -0.29769215 0.36500146
v 3.33530701 -0.29756966 0.36491335
v 3.33369869 -0.29614648 0.36489592
v 3.33394655 -0.29673593 0.36493495
v 3.33354473 -0.29612365 0.36496095
v 3.33342939 -0.29512191 0.36489739
v 3.33347293 -0.29547302 0.36489990
v 3.33340796 -0.29567596 0.36493055
v 3.33355968 -0.29581775 0.36489593
v 3.33332278 -0.29476817 0.36493614
v 3.33345096 -0.29464476 0.36489844
v 3.33357581 -0.29384923 0.36492761
v 3.33375169 -0.29374611 0.36489094
v 3.33355834 -0.29418607 0.36489573
v 3.33454400 -0.29287758 0.36489687
v 3.33417842 -0.29318242 0.36489726
v 3.33455882 -0.29273602 0.36492972
v 3.33533218 -0.29242376 0.36491367
v 3.33541121 -0.29249480 0.36489966
v 3.33495863 -0.29264717 0.36490072
v 3.33501962 -0.29244478 0.36506158
v 3.33560914 -0.29230952 0.36500248
v 3.33599994 -0.29229903 0.36496086
v 3.33599890 -0.29225998 0.36506091
v 3.33576133 -0.29244058 0.36489990
v 3.33599996 -0.29242946 0.36489704
v 3.33394773 -0.29345182 0.36489990
v 3.33387679 -0.29645385 0.36490419
v 3.33409909 -0.29673107 0.36489640
v 3.33435810 -0.29698150 0.36490184
v 3.33435790 -0.29712266 0.36492942
v 3.33474590 -0.29724728 0.36490070
v 3.33518497 -0.29744093 0.36490012
v 3.33564306 -0.29754888 0.36489908
v 3.33599994 -0.29757094 0.36489593
v 3.33332558 -0.29522942 0.36494599
v 3.33338897 -0.29431006 0.36496166
v 3.33386926 -0.29332842 0.36496084
v 3.33504853 -0.29754663 0.36499878
v 3.33472236 -0.29742144 0.36506101
v 3.33383351 -0.29668099 0.36506080
v 3.33429491 -0.29286653 0.36506041
v 3.33327678 -0.29517417 0.36506088
v 3.33338111 -0.29576422 0.36506113
v 3.33335119 -0.29434489 0.36506056
v 3.33599826 -0.29775141 0.36506116
v 3.33372470 -0.29349042 0.36506041
usemtl Base_fa3
f 1 2 3
f 4 5 6
f 6 7 8
f 9 5 4
f 10 8 7
f 11 10 12
f 13 11 12
f 14 13 15
f 16 14 15
f 17 18 19
f 20 21 22
f 23 21 20
f 24 21 25
f 26 27 17
f 28 29 30
f 31 29 32
f 30 24 28
f 28 32 29
f 17 33 18
f 23 25 21
f 24 30 21
f 33 34 35
f 35 34 16
f 8 4 6
f 36 9 4
f 17 19 20
f 37 33 17
f 22 17 20
f 37 34 33
f 38 13 14
f 34 14 16
f 13 38 11
f 8 10 11
f 36 4 2
f 27 37 17
f 30 29 39
f 22 40 26
f 26 17 22
f 40 22 21
f 41 42 34
f 37 41 34
f 43 11 38
f 44 8 11
f 4 3 2
f 4 8 45
f 29 46 47
f 47 39 29
f 30 39 21
f 42 14 34
f 42 38 14
f 3 48 1
f 45 3 4
f 46 39 47
f 39 40 21
f 27 41 37
f 43 38 42
f 43 44 11
f 44 48 8
f 48 45 8
f 48 3 45
f 49 50 51
f 51 52 49
f 53 54 52
f 52 54 49
f 50 55 51
f 50 56 55
f 57 55 56
f 58 55 57
f 59 58 57
f 60 58 59
f 59 61 60
f 62 63 64
f 65 63 62
f 66 67 65
f 68 65 67
f 67 66 69
f 69 70 67
f 63 65 68
f 62 64 61
f 61 64 60
f 71 72 73
f 74 75 76
f 77 74 76
f 76 78 77
f 77 78 79
f 80 79 78
f 81 82 79
f 79 80 81
f 81 83 82
f 83 84 82
f 85 84 83
f 86 87 88
f 73 89 90
f 91 92 93
f 91 94 95
f 95 96 91
f 90 94 91
f 97 93 92
f 94 90 89
f 93 98 91
f 72 89 73
f 99 100 97
f 101 88 87
f 87 71 101
f 101 71 73
f 85 86 88
f 102 84 88
f 88 84 85
f 82 103 104
f 74 105 75
f 75 105 106
f 73 90 91
f 101 73 98
f 98 73 91
f 107 108 102
f 88 101 107
f 101 98 107
f 102 88 107
f 77 79 104
f 104 79 82
f 74 77 109
f 109 77 104
f 105 74 110
f 96 92 91
f 111 102 112
f 84 111 82
f 84 102 111
f 103 82 111
f 110 74 109
f 107 98 108
f 108 98 93
f 103 111 112
f 109 104 113
f 113 104 103
f 110 109 113
f 108 93 97
f 108 112 102
f 114 115 116
f 113 103 114
f 112 114 103
f 113 114 117
f 113 117 110
f 118 110 117
f 110 118 105
f 112 108 119
f 117 114 120
f 118 117 121
f 99 97 92
f 122 97 100
f 122 123 97
f 123 108 97
f 108 123 124
f 124 125 108
f 119 108 125
f 119 126 112
f 126 127 112
f 127 128 112
f 128 115 112
f 115 114 112
f 116 129 114
f 129 130 114
f 130 120 114
f 120 131 117
f 131 132 117
f 132 121 117
f 133 118 121
f 134 135 136
f 137 136 135
f 138 137 135
f 138 139 137
f 138 140 139
f 141 134 136
f 142 143 134
f 134 141 142
f 144 142 145
f 142 144 143
f 146 144 147
f 144 145 147
f 146 147 148
f 148 149 146
f 149 148 150
f 151 152 153
f 151 154 155
f 156 157 155
f 158 156 155
f 156 159 157
f 155 157 151
f 160 151 157
f 157 161 160
f 160 152 151
f 152 160 162
f 163 164 165
f 166 167 165
f 168 169 170
f 171 172 173
f 174 172 175
f 176 174 177
f 177 178 176
f 174 175 177
f 172 179 175
f 179 172 171
f 171 173 180
f 180 173 169
f 168 180 169
f 163 168 170
f 170 164 163
f 181 165 164
f 181 166 165
f 166 182 167
f 182 166 183
f 183 184 182
f 183 185 184
f 184 185 186
f 184 186 187
f 186 188 187
f 188 189 187
f 190 191 192
f 193 194 191
f 190 193 191
f 195 196 194
f 194 196 191
f 195 188 197
f 195 197 196
f 195 189 188
f 198 199 200
f 199 198 201
f 202 203 204
f 203 202 205
f 206 207 208
f 207 206 209
f 210 211 212
f 211 210 213
f 214 215 216
f 214 216 217
f 218 219 220
f 219 218 221
f 222 223 224
f 222 224 225
f 226 227 228
f 226 228 229
f 230 231 232
f 231 230 233
f 234 235 236
f 235 234 237
f 238 239 240
f 239 238 241
f 242 243 244
f 243 242 245
f 246 247 248
f 249 250 248
f 250 249 251
f 252 251 253
f 251 252 254
f 252 253 255
f 252 255 256
f 250 251 254
f 247 249 248
f 257 247 246
f 258 257 246
f 258 259 257
f 259 258 260
f 261 262 263
f 264 265 266
f 267 262 261
f 268 269 267
f 270 267 271
f 272 265 273
f 274 265 275
f 265 276 275
f 265 277 266
f 267 264 271
f 265 274 277
f 270 278 267
f 267 278 268
f 279 280 281
f 273 281 280
f 267 269 262
f 281 282 283
f 279 281 283
f 284 282 281
f 285 286 263
f 281 287 288
f 289 286 285
f 287 290 291
f 292 286 293
f 286 289 293
f 287 294 290
f 290 294 295
f 292 296 286
f 296 297 286
f 298 297 296
f 299 295 294
f 300 301 294
f 302 303 298
f 303 304 305
f 302 306 303
f 305 307 303
f 306 304 303
f 303 307 300
f 299 294 308
f 303 297 298
f 263 286 261
f 266 271 264
f 272 276 265
f 280 272 273
f 288 284 281
f 291 288 287
f 301 308 294
f 307 301 300
f 309 310 311
f 312 313 314
f 315 316 317
f 318 319 314
f 320 321 322
f 323 324 325
f 326 327 328
f 329 330 331
f 327 326 332
f 333 332 326
f 333 326 323
f 322 334 335
f 336 337 338
f 339 340 341
f 339 341 342
f 343 331 342
f 344 315 329
f 345 317 346
f 331 330 342
f 347 345 346
f 309 348 347
f 349 350 313
f 350 349 351
f 310 352 353
f 354 355 352
f 356 351 357
f 358 357 359
f 360 361 362
f 363 361 354
f 360 362 364
f 364 365 366
f 366 367 368
f 369 370 371
f 372 369 373
f 374 375 376
f 376 377 374
f 378 375 373
f 371 368 367
f 379 380 359
f 377 381 379
f 323 325 333
f 324 318 325
f 324 319 318
f 319 312 314
f 312 349 313
f 351 356 350
f 357 358 356
f 359 380 358
f 379 381 380
f 377 376 381
f 375 378 376
f 375 372 373
f 372 370 369
f 370 368 371
f 366 365 367
f 364 362 365
f 361 363 362
f 361 355 354
f 355 353 352
f 353 311 310
f 311 348 309
f 348 345 347
f 317 316 346
f 315 344 316
f 329 331 344
f 342 341 343
f 340 339 382
f 382 339 334
f 334 322 382
f 320 322 335
f 383 321 320
f 383 337 321
f 338 384 336
f 383 338 337
f 336 384 327
f 328 327 384
f 385 386 387
f 388 389 390
f 391 392 393
f 391 394 395
f 396 397 395
f 398 399 400
f 388 400 389
f 401 402 403
f 404 405 406
f 407 408 404
f 409 410 411
f 412 413 414
f 411 407 409
f 408 407 411
f 405 404 408
f 406 415 404
f 403 415 406
f 415 403 402
f 402 390 389
f 401 390 402
f 389 416 402
f 398 400 388
f 386 400 399
f 386 399 387
f 393 394 391
f 417 385 387
f 418 393 419
f 417 393 385
f 419 393 417
f 415 420 421
f 409 422 410
f 410 422 423
f 386 385 393
f 400 386 392
f 392 386 393
f 424 425 416
f 389 400 424
f 400 392 424
f 416 389 424
f 407 404 421
f 421 404 415
f 409 407 426
f 426 407 421
f 422 409 427
f 418 394 393
f 428 416 429
f 402 428 415
f 402 416 428
f 420 415 428
f 427 409 426
f 424 392 425
f 425 392 391
f 420 428 429
f 426 421 430
f 430 421 420
f 427 426 430
f 425 391 395
f 425 429 416
f 431 432 433
f 430 420 431
f 429 431 420
f 430 431 434
f 430 434 427
f 413 427 434
f 427 413 422
f 429 425 435
f 434 431 436
f 413 434 437
f 396 395 394
f 438 395 397
f 438 439 395
f 439 425 395
f 425 439 440
f 440 441 425
f 435 425 441
f 435 442 429
f 442 443 429
f 443 444 429
f 444 432 429
f 432 431 429
f 433 445 431
f 445 446 431
f 446 436 431
f 436 447 434
f 447 437 434
f 437 414 413
f 448 449 450
f 451 452 453
f 454 452 455
f 456 457 458
f 459 460 456
f 461 456 460
f 462 461 463
f 460 463 461
f 464 462 463
f 464 463 465
f 459 456 458
f 458 454 455
f 457 454 458
f 455 452 451
f 451 453 466
f 453 467 466
f 468 466 467
f 467 469 468
f 469 448 450
f 469 450 468
f 470 471 472
f 473 474 475
f 476 474 477
f 478 477 479
f 480 476 477
f 481 480 477
f 482 478 483
f 484 485 486
f 487 488 489
f 490 489 491
f 487 492 493
f 494 493 495
f 496 487 497
f 484 490 491
f 485 484 498
f 499 485 498
f 482 483 499
f 477 478 481
f 500 473 475
f 472 471 500
f 471 501 500
f 502 503 470
f 470 503 471
f 504 502 505
f 502 504 503
f 505 506 504
f 490 487 489
f 488 487 496
f 507 474 473
f 501 473 500
f 507 477 474
f 485 499 483
f 479 483 478
f 490 484 486
f 497 487 494
f 501 508 473
f 509 504 510
f 503 511 512
f 503 504 511
f 471 503 512
f 513 477 507
f 514 515 479
f 477 514 479
f 485 516 486
f 517 490 486
f 487 490 492
f 509 511 504
f 494 487 493
f 513 507 508
f 508 507 473
f 513 514 477
f 483 479 515
f 515 485 483
f 510 511 509
f 512 508 501
f 512 501 471
f 518 485 515
f 516 485 518
f 516 517 486
f 517 492 490
f 492 495 493
f 519 520 521
f 522 523 524
f 525 526 527
f 527 526 528
f 527 528 529
f 530 531 532
f 533 534 535
f 536 537 538
f 539 540 537
f 541 542 535
f 530 542 531
f 531 543 532
f 538 537 544
f 545 546 538
f 547 538 546
f 548 545 544
f 540 548 544
f 540 534 533
f 534 541 535
f 549 550 543
f 531 542 541
f 529 550 549
f 543 531 549
f 549 551 529
f 552 553 525
f 527 529 551
f 554 553 555
f 552 525 527
f 556 557 522
f 553 552 555
f 558 559 520
f 523 554 524
f 557 523 522
f 519 560 558
f 556 520 559
f 538 544 545
f 540 533 548
f 555 524 554
f 520 519 558
f 557 556 559
f 531 541 561
f 527 551 562
f 563 564 522
f 565 527 562
f 536 538 547
f 566 549 531
f 565 552 527
f 534 540 539
f 555 552 565
f 520 564 521
f 537 540 544
f 539 541 534
f 561 541 539
f 566 531 561
f 566 562 549
f 562 551 549
f 565 563 555
f 563 524 555
f 563 522 524
f 564 556 522
f 520 556 564
f 567 568 569
f 570 571 572
f 573 572 571
f 574 571 575
f 571 574 573
f 572 576 570
f 570 576 577
f 577 576 578
f 578 579 580
f 580 577 578
f 581 582 583
f 583 568 581
f 568 567 581
f 584 585 586
f 584 587 585
f 569 584 586
f 569 586 567
f 579 582 580
f 583 582 579
f 588 589 590
f 591 592 593
f 594 592 595
f 594 593 592
f 591 593 596
f 591 596 597
f 597 596 598
f 599 597 598
f 598 600 599
f 601 602 599
f 599 600 601
f 602 601 603
f 604 605 606
f 590 607 608
f 609 610 611
f 609 612 613
f 613 614 609
f 608 612 609
f 615 611 610
f 612 608 607
f 611 616 609
f 589 607 590
f 617 618 615
f 619 606 605
f 605 588 619
f 619 588 590
f 603 604 606
f 620 602 606
f 606 602 603
f 599 602 621
f 592 622 595
f 595 622 623
f 590 608 609
f 619 590 616
f 616 590 609
f 624 625 620
f 606 619 624
f 619 616 624
f 620 606 624
f 602 620 621
f 597 599 626
f 626 599 621
f 591 597 627
f 627 597 626
f 592 591 628
f 628 591 627
f 622 592 629
f 614 610 609
f 621 620 630
f 629 592 628
f 624 616 625
f 625 616 611
f 626 621 630
f 628 627 631
f 631 627 626
f 629 628 631
f 625 611 615
f 625 630 620
f 632 633 634
f 631 626 632
f 630 632 626
f 631 632 635
f 631 635 629
f 636 629 635
f 629 636 622
f 630 625 637
f 635 632 638
f 636 635 639
f 617 615 610
f 640 615 618
f 640 641 615
f 641 625 615
f 625 641 642
f 642 643 625
f 637 625 643
f 637 644 630
f 644 645 630
f 645 646 630
f 646 633 630
f 633 632 630
f 634 647 632
f 647 648 632
f 648 638 632
f 638 649 635
f 649 650 635
f 650 639 635
f 651 636 639
f 652 653 654
f 653 655 654
f 653 656 655
f 653 657 656
f 658 652 654
f 658 659 652
f 660 659 658
f 661 659 660
f 661 660 662
f 663 664 665
f 666 664 663
f 667 665 664
f 665 667 668
f 667 669 668
f 668 669 662
f 661 662 669
f 670 671 672
f 673 674 675
f 676 677 672
f 677 670 672
f 678 675 677
f 677 675 670
f 675 679 673
f 680 674 673
f 670 674 681
f 674 670 675
f 682 683 684
f 685 686 687
f 683 688 689
f 683 689 684
f 690 691 683
f 682 690 683
f 690 692 691
f 691 692 693
f 692 694 693
f 694 695 693
f 696 695 697
f 698 696 697
f 699 685 700
f 699 700 701
f 702 687 686
f 687 703 704
f 705 706 707
f 708 709 710
f 711 712 709
f 712 710 709
f 713 709 714
f 708 714 709
f 705 714 708
f 705 708 706
f 704 703 707
f 707 703 705
f 702 703 687
f 699 686 685
f 715 701 700
f 715 716 701
f 716 715 717
f 698 718 716
f 717 698 716
f 718 698 697
f 694 697 695
f 719 720 721
f 719 721 722
f 723 724 725
f 723 725 726
f 727 728 729
f 728 727 730
f 731 732 733
f 731 733 734
f 735 736 737
f 736 735 738
f 739 740 741
f 740 739 742
f 743 744 745
f 744 743 746
f 747 748 749
f 748 747 750
f 751 752 753
f 752 751 754
f 755 756 757
f 756 755 758
f 759 760 761
f 760 759 762
f 763 764 765
f 764 763 766
f 767 768 769
f 769 770 767
f 771 772 770
f 771 773 774
f 775 774 773
f 776 775 773
f 776 777 778
f 777 779 778
f 779 777 780
f 779 780 781
f 778 775 776
f 771 774 772
f 770 772 767
f 769 768 782
f 783 784 785
f 786 787 788
f 789 783 790
f 783 791 792
f 793 783 794
f 783 785 790
f 783 792 784
f 795 796 794
f 797 798 789
f 799 796 795
f 788 798 786
f 795 800 799
f 788 787 801
f 802 800 795
f 802 795 803
f 788 801 804
f 805 806 807
f 807 788 804
f 808 809 810
f 811 806 812
f 807 806 811
f 809 813 810
f 814 811 812
f 815 813 809
f 815 809 816
f 811 814 817
f 817 818 811
f 819 811 818
f 820 816 809
f 821 819 818
f 822 823 824
f 819 821 824
f 808 803 795
f 824 825 822
f 826 827 824
f 824 827 828
f 820 828 829
f 809 828 820
f 810 830 808
f 803 808 830
f 826 824 823
f 827 829 828
f 821 825 824
f 804 805 807
f 798 788 789
f 790 797 789
f 793 791 783
f 796 793 794
f 831 832 833
f 834 835 836
f 837 838 839
f 840 841 842
f 843 844 845
f 845 846 843
f 847 846 848
f 846 847 843
f 833 837 849
f 850 848 851
f 852 847 848
f 853 854 855
f 856 857 858
f 859 860 861
f 862 863 864
f 865 861 860
f 866 867 868
f 863 869 870
f 867 871 872
f 873 865 874
f 864 875 876
f 876 875 877
f 874 866 878
f 879 880 869
f 881 882 835
f 879 883 882
f 840 859 884
f 854 885 836
f 886 887 888
f 855 856 853
f 889 890 891
f 892 893 894
f 895 896 892
f 832 894 893
f 897 898 899
f 845 844 838
f 838 844 839
f 837 839 849
f 833 849 831
f 832 831 894
f 892 894 895
f 896 895 900
f 857 900 858
f 896 900 857
f 856 858 853
f 885 854 853
f 836 885 834
f 835 834 881
f 835 882 883
f 879 882 880
f 869 880 870
f 869 863 862
f 864 901 875
f 864 863 901
f 871 876 877
f 871 877 872
f 867 872 868
f 866 868 878
f 874 878 873
f 865 873 861
f 859 861 884
f 840 884 841
f 842 888 902
f 840 842 902
f 888 887 903
f 888 842 886
f 887 904 905
f 905 903 887
f 889 905 904
f 906 890 889
f 906 889 904
f 891 907 908
f 907 891 890
f 907 909 908
f 907 897 909
f 898 850 899
f 909 897 899
f 899 850 851
f 848 850 852
f 910 911 912
f 913 914 915
f 913 916 917
f 918 919 917
f 920 921 922
f 923 920 922
f 924 923 925
f 926 927 925
f 924 925 927
f 927 928 929
f 928 930 931
f 932 933 934
f 935 936 937
f 933 932 938
f 938 939 933
f 938 940 939
f 939 940 930
f 940 931 930
f 931 929 928
f 927 929 924
f 923 922 925
f 911 922 921
f 911 921 912
f 915 916 913
f 941 910 912
f 942 915 943
f 941 915 910
f 943 915 941
f 928 927 944
f 933 945 934
f 934 945 946
f 911 910 915
f 922 911 914
f 914 911 915
f 947 948 926
f 925 922 947
f 922 914 947
f 926 925 947
f 927 926 944
f 930 928 949
f 949 928 944
f 939 930 950
f 950 930 949
f 933 939 951
f 951 939 950
f 945 933 952
f 942 916 915
f 944 926 953
f 952 933 951
f 947 914 948
f 948 914 913
f 949 944 953
f 951 950 954
f 954 950 949
f 952 951 954
f 948 913 917
f 948 953 926
f 955 956 957
f 954 949 955
f 953 955 949
f 954 955 958
f 954 958 952
f 936 952 958
f 952 936 945
f 953 948 959
f 958 955 960
f 936 958 961
f 918 917 916
f 962 917 919
f 962 963 917
f 963 948 917
f 948 963 964
f 964 965 948
f 959 948 965
f 959 966 953
f 966 967 953
f 967 968 953
f 968 956 953
f 956 955 953
f 957 969 955
f 969 970 955
f 970 960 955
f 960 971 958
f 971 961 958
f 961 937 936
f 972 973 974
f 972 975 973
f 976 977 978
f 979 976 980
f 981 982 983
f 981 984 982
f 985 986 984
f 987 986 985
f 985 988 989
f 989 987 985
f 984 986 982
f 983 980 981
f 980 983 979
f 977 976 979
f 990 978 977
f 978 990 975
f 973 975 990
f 974 991 972
f 992 993 994
f 995 996 997
f 998 999 1000
f 1001 1002 999
f 1003 998 1000
f 998 1001 999
f 1004 1005 1000
f 1000 1005 1003
f 1004 1006 1007
f 1004 1008 1006
f 1004 1009 1008
f 1010 1011 1012
f 1013 1014 1015
f 1005 1004 1007
f 1016 1002 996
f 992 994 1017
f 1018 1019 992
f 1020 992 1019
f 1021 1018 1017
f 1017 995 997
f 995 1016 996
f 999 1002 1016
f 1022 1009 1004
f 1023 1024 1009
f 1025 1024 1026
f 1023 1009 1022
f 1024 1023 1026
f 1027 1028 1012
f 1015 1025 1013
f 1029 1015 1014
f 1030 1031 1027
f 1014 1012 1028
f 992 1017 1018
f 1017 997 1021
f 1026 1013 1025
f 1012 1030 1027
f 1029 1014 1028
f 1032 1033 999
f 1000 999 1033
f 1034 1035 1004
f 1004 1000 1034
f 1036 1022 1004
f 1004 1035 1036
f 1037 1022 1036
f 993 992 1020
f 1038 995 1017
f 1037 1023 1022
f 1039 1014 1013
f 1011 1030 1012
f 1026 1023 1037
f 1038 1017 994
f 1038 1032 995
f 1032 1016 995
f 1032 999 1016
f 1033 1034 1000
f 1034 1036 1035
f 1037 1039 1026
f 1039 1013 1026
f 1010 1014 1039
f 1012 1014 1010
f 1040 1041 1042
f 1043 1041 1040
f 1040 1044 1043
f 1044 1045 1043
f 1045 1044 1046
f 1045 1046 1047
f 1048 1047 1046
f 1049 1047 1048
f 1048 1050 1049
f 1041 1051 1042
f 1052 1051 1041
f 1051 1052 1053
f 1052 1054 1053
f 1055 1053 1054
f 1055 1054 1056
f 1056 1057 1055
f 1058 1059 1060
f 1061 1062 1063
f 1058 1064 1065
f 1058 1063 1066
f 1058 1065 1063
f 1064 1058 1060
f 1067 1064 1060
f 1065 1064 1068
f 1069 1061 1065
f 1065 1061 1063
f 1070 1071 1072
f 1071 1070 1073
f 1074 1075 1076
f 1075 1074 1077
f 1078 1079 1080
f 1079 1078 1081
f 1082 1083 1084
f 1083 1082 1085
f 1086 1087 1088
f 1087 1086 1089
f 1090 1091 1092
f 1091 1090 1093
f 1094 1095 1096
f 1095 1094 1097
f 1098 1099 1100
f 1099 1098 1101
f 1102 1103 1104
f 1102 1104 1105
f 1106 1107 1108
f 1107 1106 1109
f 1110 1111 1112
f 1110 1112 1113
f 1114 1115 1116
f 1114 1116 1117
f 1118 1119 1120
f 1121 1122 1118
f 1122 1123 1118
f 1124 1125 1126
f 1127 1118 1128
f 1129 1126 1130
f 1128 1131 1127
f 1129 1124 1126
f 1125 1132 1126
f 1118 1123 1128
f 1132 1133 1126
f 1133 1132 1134
f 1135 1136 1137
f 1133 1134 1137
f 1138 1121 1118
f 1139 1137 1136
f 1139 1140 1137
f 1137 1141 1142
f 1143 1120 1119
f 1144 1143 1119
f 1141 1145 1142
f 1143 1144 1146
f 1142 1145 1147
f 1148 1147 1149
f 1144 1150 1151
f 1148 1152 1147
f 1153 1147 1152
f 1154 1144 1155
f 1155 1144 1156
f 1147 1153 1157
f 1158 1159 1160
f 1161 1162 1158
f 1161 1158 1163
f 1162 1159 1158
f 1164 1161 1163
f 1158 1160 1165
f 1147 1164 1163
f 1164 1147 1157
f 1165 1166 1158
f 1166 1155 1156
f 1140 1141 1137
f 1145 1149 1147
f 1126 1127 1131
f 1134 1135 1137
f 1131 1130 1126
f 1120 1138 1118
f 1144 1151 1146
f 1150 1144 1154
f 1156 1158 1166
f 1167 1168 1169
f 1170 1169 1168
f 1171 1172 1170
f 1173 1174 1175
f 1174 1176 1177
f 1178 1179 1180
f 1179 1181 1182
f 1181 1179 1178
f 1183 1182 1184
f 1181 1184 1182
f 1176 1178 1180
f 1177 1176 1180
f 1177 1175 1174
f 1173 1175 1172
f 1171 1173 1172
f 1168 1171 1170
f 1169 1185 1167
f 1167 1185 1186
f 1187 1188 1189
f 1190 1191 1192
f 1192 1193 1190
f 1194 1195 1196
f 1194 1196 1197
f 1198 1197 1199
f 1200 1198 1199
f 1201 1200 1199
f 1201 1202 1200
f 1201 1203 1202
f 1194 1197 1198
f 1196 1195 1193
f 1193 1195 1190
f 1192 1191 1204
f 1205 1204 1191
f 1205 1187 1204
f 1188 1187 1205
f 1206 1207 1208
f 1208 1209 1206
f 1210 1211 1212
f 1211 1213 1212
f 1214 1215 1216
f 1217 1214 1218
f 1219 1220 1221
f 1222 1223 1219
f 1224 1225 1226
f 1225 1224 1222
f 1225 1227 1226
f 1228 1227 1225
f 1229 1227 1228
f 1229 1230 1231
f 1230 1229 1228
f 1231 1230 1232
f 1222 1224 1223
f 1219 1223 1220
f 1221 1220 1233
f 1233 1218 1221
f 1233 1217 1218
f 1217 1215 1214
f 1215 1234 1216
f 1235 1236 1234
f 1236 1216 1234
f 1235 1237 1236
f 1235 1210 1237
f 1237 1210 1212
f 1238 1212 1213
f 1238 1239 1240
f 1239 1238 1213
f 1239 1209 1240
f 1240 1209 1208
f 1207 1206 1241
f 1242 1243 1244
f 1243 1245 1244
f 1242 1246 1247
f 1248 1249 1250
f 1251 1252 1253
f 1253 1252 1254
f 1255 1256 1257
f 1257 1258 1255
f 1258 1259 1260
f 1261 1262 1263
f 1264 1262 1261
f 1265 1264 1266
f 1264 1265 1262
f 1267 1265 1266
f 1268 1267 1269
f 1267 1268 1265
f 1269 1270 1271
f 1271 1268 1269
f 1259 1261 1263
f 1260 1259 1263
f 1258 1260 1255
f 1251 1257 1256
f 1252 1251 1256
f 1254 1252 1272
f 1254 1272 1273
f 1274 1273 1272
f 1274 1248 1275
f 1274 1275 1273
f 1250 1275 1248
f 1250 1249 1246
f 1247 1246 1249
f 1247 1243 1242
f 1245 1276 1277
f 1245 1277 1244
f 1278 1279 1280
f 1281 1282 1280
f 1280 1282 1283
f 1283 1278 1280
f 1284 1280 1279
f 1279 1285 1284
f 1284 1286 1287
f 1286 1284 1285
f 1288 1289 1290
f 1291 1292 1288
f 1293 1294 1295
f 1296 1297 1294
f 1293 1295 1298
f 1299 1300 1301
f 1302 1303 1304
f 1302 1304 1300
f 1301 1305 1299
f 1304 1301 1300
f 1302 1306 1303
f 1298 1307 1306
f 1306 1307 1303
f 1298 1295 1307
f 1296 1294 1293
f 1297 1296 1289
f 1288 1297 1289
f 1291 1288 1290
f 1308 1309 1291
f 1292 1291 1309
f 1310 1308 1311
f 1309 1308 1310
f 1310 1311 1312
f 1312 1311 1313
f 1286 1313 1287
f 1313 1286 1312
f 1314 1315 1316
f 1316 1317 1314
f 1318 1319 1320
f 1321 1319 1322
f 1323 1324 1322
f 1325 1324 1323
f 1324 1325 1326
f 1325 1327 1326
f 1328 1323 1322
f 1322 1319 1328
f 1319 1321 1320
f 1320 1329 1318
f 1318 1329 1330
f 1317 1330 1329
f 1317 1316 1330
f 1331 1332 1333
f 1334 1335 1336
f 1337 1338 1339
f 1340 1333 1341
f 1333 1340 1331
f 1342 1343 1344
f 1345 1346 1347
f 1347 1348 1349
f 1350 1343 1351
f 1342 1351 1343
f 1352 1353 1354
f 1355 1354 1353
f 1352 1356 1357
f 1347 1350 1348
f 1356 1347 1349
f 1358 1344 1343
f 1359 1360 1344
f 1347 1343 1350
f 1359 1332 1360
f 1358 1359 1344
f 1361 1341 1333
f 1359 1362 1332
f 1363 1364 1341
f 1333 1332 1362
f 1365 1364 1337
f 1363 1341 1361
f 1338 1366 1367
f 1364 1363 1337
f 1368 1336 1369
f 1337 1339 1365
f 1338 1367 1339
f 1369 1335 1370
f 1368 1366 1336
f 1354 1356 1352
f 1358 1346 1371
f 1356 1349 1357
f 1359 1371 1372
f 1367 1366 1368
f 1335 1369 1336
f 1373 1354 1355
f 1374 1345 1356
f 1345 1347 1356
f 1346 1343 1347
f 1346 1358 1343
f 1371 1359 1358
f 1375 1333 1362
f 1363 1361 1376
f 1375 1361 1333
f 1377 1337 1363
f 1354 1374 1356
f 1363 1376 1377
f 1336 1378 1334
f 1374 1354 1373
f 1372 1375 1362
f 1372 1362 1359
f 1376 1361 1375
f 1378 1337 1377
f 1378 1338 1337
f 1378 1366 1338
f 1336 1366 1378
f 1379 1380 1381
f 1379 1381 1382
f 1382 1381 1383
f 1383 1381 1384
f 1383 1384 1385
f 1386 1385 1384
f 1387 1388 1380
f 1380 1379 1387
f 1388 1389 1390
f 1389 1388 1387
f 1391 1390 1389
f 1392 1393 1394
f 1395 1396 1397
f 1398 1395 1397
f 1394 1393 1395
f 1393 1396 1395
f 1391 1393 1392
f 1391 1392 1390
f 1399 1400 1401
f 1402 1399 1401
f 1403 1404 1405
f 1406 1407 1408
f 1409 1402 1401
f 1402 1409 1410
f 1411 1410 1409
f 1411 1412 1410
f 1413 1412 1414
f 1414 1415 1416
f 1416 1413 1414
f 1417 1405 1418
f 1419 1403 1420
f 1421 1422 1423
f 1423 1424 1421
f 1425 1426 1427
f 1423 1426 1425
f 1428 1421 1424
f 1429 1426 1423
f 1420 1429 1419
f 1430 1431 1428
f 1419 1429 1423
f 1404 1418 1405
f 1419 1404 1403
f 1418 1416 1415
f 1417 1418 1415
f 1432 1433 1413
f 1399 1434 1400
f 1400 1434 1435
f 1404 1419 1422
f 1422 1419 1423
f 1436 1437 1438
f 1418 1404 1436
f 1404 1422 1436
f 1416 1418 1438
f 1410 1412 1413
f 1402 1410 1433
f 1433 1410 1413
f 1399 1402 1439
f 1439 1402 1433
f 1434 1399 1440
f 1425 1424 1423
f 1441 1438 1442
f 1438 1418 1436
f 1416 1441 1413
f 1416 1438 1441
f 1432 1413 1441
f 1440 1399 1439
f 1436 1422 1437
f 1437 1422 1421
f 1432 1441 1442
f 1439 1433 1443
f 1443 1433 1432
f 1440 1439 1443
f 1437 1421 1428
f 1437 1442 1438
f 1444 1445 1446
f 1443 1432 1444
f 1442 1444 1432
f 1443 1444 1447
f 1443 1447 1440
f 1408 1440 1447
f 1440 1408 1434
f 1442 1437 1448
f 1447 1444 1449
f 1408 1447 1450
f 1430 1428 1424
f 1451 1428 1431
f 1451 1452 1428
f 1452 1437 1428
f 1437 1452 1453
f 1453 1454 1437
f 1448 1437 1454
f 1448 1455 1442
f 1455 1456 1442
f 1456 1457 1442
f 1457 1445 1442
f 1445 1444 1442
f 1446 1458 1444
f 1458 1459 1444
f 1459 1449 1444
f 1449 1460 1447
f 1460 1461 1447
f 1461 1450 1447
f 1450 1406 1408
f 1462 1463 1464
f 1465 1462 1466
f 1467 1468 1469
f 1470 1468 1467
f 1468 1470 1471
f 1471 1470 1472
f 1473 1467 1469
f 1474 1473 1475
f 1473 1469 1475
f 1476 1474 1475
f 1476 1477 1474
f 1466 1477 1478
f 1477 1476 1478
f 1478 1465 1466
f 1463 1462 1465
f 1479 1480 1481
f 1480 1482 1483
f 1484 1485 1486
f 1481 1480 1483
f 1487 1486 1483
f 1486 1481 1483
f 1485 1488 1486
f 1485 1489 1488
f 1488 1481 1486
f 1481 1488 1490
f 1491 1492 1493
f 1493 1494 1495
f 1494 1496 1495
f 1491 1493 1495
f 1497 1491 1495
f 1498 1491 1497
f 1498 1499 1500
f 1500 1491 1498
f 1501 1502 1499
f 1503 1504 1505
f 1506 1507 1505
f 1508 1509 1503
f 1510 1511 1512
f 1513 1514 1515
f 1515 1516 1517
f 1518 1519 1520
f 1521 1522 1520
f 1523 1524 1520
f 1519 1523 1520
f 1518 1522 1525
f 1522 1518 1520
f 1525 1522 1516
f 1522 1517 1516
f 1517 1513 1515
f 1510 1514 1511
f 1515 1514 1510
f 1512 1511 1526
f 1526 1527 1509
f 1527 1526 1511
f 1509 1527 1503
f 1505 1508 1503
f 1506 1505 1504
f 1507 1502 1501
f 1507 1506 1502
f 1499 1502 1500
f 1528 1529 1530
f 1529 1528 1531
f 1532 1533 1534
f 1533 1532 1535
f 1536 1537 1538
f 1536 1538 1539
f 1540 1541 1542
f 1541 1540 1543
f 1544 1545 1546
f 1544 1546 1547
f 1548 1549 1550
f 1548 1550 1551
f 1552 1553 1554
f 1553 1552 1555
f 1556 1557 1558
f 1557 1556 1559
f 1560 1561 1562
f 1561 1560 1563
f 1564 1565 1566
f 1565 1564 1567
f 1568 1569 1570
f 1569 1568 1571
f 1572 1573 1574
f 1573 1572 1575
f 1576 1577 1578
f 1578 1579 1576
f 1580 1581 1582
f 1583 1584 1580
f 1585 1584 1586
f 1583 1586 1584
f 1580 1587 1583
f 1580 1582 1587
f 1582 1581 1579
f 1576 1579 1581
f 1578 1577 1588
f 1589 1588 1577
f 1589 1590 1588
f 1591 1590 1589
f 1592 1593 1594
f 1595 1596 1597
f 1598 1599 1600
f 1593 1592 1599
f 1601 1602 1603
f 1602 1604 1605
f 1606 1607 1595
f 1607 1606 1608
f 1595 1597 1609
f 1602 1609 1604
f 1610 1608 1606
f 1602 1605 1603
f 1610 1606 1611
f 1601 1600 1602
f 1606 1612 1613
f 1606 1613 1611
f 1612 1614 1615
f 1616 1612 1615
f 1617 1592 1594
f 1595 1609 1602
f 1618 1619 1614
f 1592 1617 1620
f 1621 1618 1614
f 1622 1592 1620
f 1620 1623 1622
f 1623 1624 1622
f 1625 1626 1627
f 1624 1628 1629
f 1630 1627 1631
f 1632 1633 1634
f 1635 1634 1624
f 1634 1633 1624
f 1627 1636 1631
f 1627 1630 1637
f 1635 1624 1629
f 1627 1637 1625
f 1595 1607 1596
f 1614 1619 1615
f 1616 1613 1612
f 1638 1614 1626
f 1621 1614 1638
f 1625 1639 1626
f 1638 1626 1639
f 1640 1627 1633
f 1636 1627 1640
f 1640 1633 1632
f 1623 1628 1624
f 1599 1592 1600
f 1601 1598 1600
f 1641 1642 1643
f 1644 1645 1646
f 1647 1648 1649
f 1650 1651 1652
f 1653 1654 1655
f 1656 1657 1658
f 1659 1660 1661
f 1660 1662 1663
f 1664 1665 1666
f 1667 1668 1669
f 1661 1667 1659
f 1670 1671 1672
f 1673 1674 1675
f 1671 1670 1676
f 1677 1678 1679
f 1680 1681 1682
f 1683 1684 1685
f 1686 1687 1678
f 1682 1688 1689
f 1690 1691 1677
f 1692 1693 1691
f 1694 1688 1685
f 1687 1695 1696
f 1697 1646 1698
f 1696 1695 1697
f 1699 1700 1676
f 1644 1701 1702
f 1673 1701 1674
f 1703 1704 1705
f 1706 1705 1707
f 1643 1675 1641
f 1675 1708 1673
f 1704 1709 1668
f 1643 1708 1675
f 1710 1663 1711
f 1702 1701 1673
f 1644 1702 1645
f 1646 1645 1698
f 1697 1698 1696
f 1695 1687 1686
f 1678 1687 1679
f 1677 1679 1690
f 1691 1690 1692
f 1693 1692 1712
f 1683 1712 1684
f 1693 1712 1683
f 1685 1684 1694
f 1688 1694 1689
f 1682 1689 1680
f 1681 1680 1713
f 1699 1713 1700
f 1681 1713 1699
f 1676 1700 1671
f 1672 1714 1706
f 1672 1671 1714
f 1672 1706 1707
f 1705 1706 1703
f 1704 1703 1709
f 1668 1709 1669
f 1667 1669 1659
f 1660 1715 1662
f 1660 1659 1715
f 1663 1662 1711
f 1710 1711 1658
f 1658 1711 1656
f 1657 1656 1651
f 1651 1650 1657
f 1647 1650 1652
f 1648 1647 1652
f 1716 1649 1648
f 1716 1655 1649
f 1653 1664 1654
f 1716 1653 1655
f 1666 1654 1664
f 1666 1665 1642
f 1643 1642 1665
f 1717 1718 1719
f 1720 1721 1722
f 1723 1724 1725
f 1723 1726 1727
f 1728 1729 1727
f 1730 1731 1732
f 1718 1717 1731
f 1732 1721 1730
f 1722 1721 1733
f 1733 1734 1735
f 1734 1736 1737
f 1736 1738 1739
f 1740 1739 1738
f 1741 1742 1740
f 1743 1744 1741
f 1745 1746 1747
f 1741 1740 1743
f 1740 1742 1739
f 1734 1738 1736
f 1735 1734 1737
f 1722 1733 1735
f 1721 1720 1730
f 1717 1732 1731
f 1719 1725 1717
f 1748 1725 1719
f 1725 1726 1723
f 1748 1749 1725
f 1749 1748 1750
f 1751 1752 1734
f 1743 1753 1744
f 1744 1753 1754
f 1732 1717 1724
f 1724 1717 1725
f 1755 1756 1757
f 1721 1732 1755
f 1732 1724 1755
f 1733 1721 1757
f 1740 1738 1752
f 1752 1738 1734
f 1743 1740 1758
f 1758 1740 1752
f 1753 1743 1759
f 1749 1726 1725
f 1760 1757 1761
f 1757 1721 1755
f 1733 1760 1734
f 1733 1757 1760
f 1751 1734 1760
f 1759 1743 1758
f 1755 1724 1756
f 1756 1724 1723
f 1751 1760 1761
f 1758 1752 1762
f 1762 1752 1751
f 1759 1758 1762
f 1756 1723 1727
f 1756 1761 1757
f 1763 1764 1765
f 1762 1751 1763
f 1761 1763 1751
f 1762 1763 1766
f 1762 1766 1759
f 1746 1759 1766
f 1759 1746 1753
f 1761 1756 1767
f 1766 1763 1768
f 1746 1766 1769
f 1728 1727 1726
f 1770 1727 1729
f 1770 1771 1727
f 1771 1772 1756
f 1771 1756 1727
f 1772 1773 1756
f 1767 1756 1773
f 1767 1774 1761
f 1774 1775 1761
f 1775 1776 1761
f 1776 1764 1761
f 1764 1763 1761
f 1765 1777 1763
f 1777 1778 1763
f 1778 1768 1763
f 1768 1779 1766
f 1779 1769 1766
f 1769 1747 1746
f 1780 1781 1782
f 1783 1780 1782
f 1784 1785 1786
f 1787 1785 1788
f 1789 1790 1791
f 1790 1789 1792
f 1789 1793 1792
f 1794 1792 1793
f 1794 1793 1795
f 1796 1791 1790
f 1788 1791 1796
f 1796 1787 1788
f 1785 1787 1786
f 1797 1784 1798
f 1786 1798 1784
f 1783 1797 1799
f 1797 1798 1799
f 1799 1780 1783
f 1781 1780 1800
f 1801 1802 1803
f 1804 1805 1806
f 1805 1807 1808
f 1809 1810 1811
f 1812 1810 1813
f 1801 1803 1814
f 1813 1810 1801
f 1802 1815 1803
f 1816 1817 1818
f 1819 1820 1821
f 1815 1802 1822
f 1801 1814 1813
f 1811 1810 1812
f 1823 1824 1809
f 1811 1823 1809
f 1825 1826 1808
f 1827 1828 1829
f 1830 1829 1828
f 1827 1829 1831
f 1826 1824 1806
f 1805 1831 1829
f 1806 1805 1826
f 1826 1809 1824
f 1832 1822 1802
f 1833 1834 1822
f 1835 1834 1836
f 1833 1822 1832
f 1834 1833 1836
f 1837 1838 1821
f 1816 1835 1817
f 1839 1816 1818
f 1838 1818 1821
f 1840 1841 1837
f 1805 1804 1831
f 1836 1817 1835
f 1821 1840 1837
f 1839 1818 1838
f 1801 1842 1802
f 1843 1832 1802
f 1832 1843 1844
f 1845 1829 1830
f 1807 1805 1829
f 1808 1826 1805
f 1825 1809 1826
f 1846 1810 1809
f 1825 1846 1809
f 1846 1801 1810
f 1846 1842 1801
f 1833 1832 1844
f 1847 1818 1817
f 1821 1820 1840
f 1833 1844 1836
f 1807 1829 1845
f 1842 1843 1802
f 1844 1847 1817
f 1844 1817 1836
f 1819 1818 1847
f 1821 1818 1819
f 1848 1849 1850
f 1851 1852 1853
f 1848 1854 1849
f 1852 1851 1850
f 1855 1856 1853
f 1857 1856 1855
f 1857 1858 1859
f 1859 1858 1860
f 1857 1859 1861
f 1862 1860 1863
f 1864 1862 1863
f 1865 1866 1867
f 1867 1866 1864
f 1864 1866 1862
f 1868 1869 1870
f 1868 1870 1871
f 1872 1868 1873
f 1871 1873 1868
f 1872 1874 1875
f 1875 1876 1877
f 1876 1875 1874
f 1872 1873 1874
f 1851 1848 1850
f 1878 1854 1848
f 1879 1869 1868
f 1866 1865 1869
f 1879 1866 1869
f 1880 1860 1862
f 1880 1859 1860
f 1861 1856 1857
f 1851 1853 1856
f 1878 1848 1881
f 1882 1872 1875
f 1883 1884 1879
f 1884 1866 1879
f 1879 1868 1883
f 1885 1862 1866
f 1886 1880 1862
f 1856 1861 1887
f 1888 1851 1856
f 1889 1848 1851
f 1875 1890 1891
f 1891 1882 1875
f 1882 1868 1872
f 1859 1892 1861
f 1892 1859 1880
f 1881 1848 1893
f 1889 1893 1848
f 1885 1886 1862
f 1892 1880 1894
f 1890 1882 1891
f 1882 1883 1868
f 1884 1885 1866
f 1894 1880 1886
f 1892 1887 1861
f 1887 1888 1856
f 1888 1893 1851
f 1893 1889 1851
f 1893 1895 1881
f 1896 1897 1898
f 1899 1900 1901
f 1900 1899 1902
f 1899 1903 1902
f 1902 1903 1904
f 1902 1904 1905
f 1906 1901 1900
f 1906 1907 1901
f 1906 1898 1907
f 1907 1898 1897
f 1908 1896 1909
f 1910 1909 1911
f 1911 1912 1910
f 1913 1912 1911
f 1912 1913 1914
f 1915 1914 1913
f 1910 1908 1909
f 1896 1908 1897
f 1916 1917 1918
f 1919 1916 1918
f 1920 1919 1918
f 1919 1920 1921
f 1922 1921 1920
f 1922 1923 1921
f 1924 1923 1925
f 1925 1926 1927
f 1927 1924 1925
f 1928 1929 1930
f 1931 1932 1933
f 1934 1935 1936
f 1937 1934 1938
f 1939 1936 1935
f 1938 1940 1931
f 1941 1940 1936
f 1942 1943 1939
f 1932 1931 1940
f 1944 1928 1930
f 1933 1932 1929
f 1930 1929 1932
f 1944 1927 1926
f 1945 1927 1944
f 1926 1928 1944
f 1946 1947 1924
f 1916 1948 1917
f 1917 1948 1949
f 1938 1934 1940
f 1930 1932 1941
f 1941 1932 1940
f 1950 1951 1945
f 1944 1930 1950
f 1930 1941 1950
f 1945 1944 1950
f 1921 1923 1924
f 1919 1921 1947
f 1947 1921 1924
f 1916 1919 1952
f 1952 1919 1947
f 1948 1916 1953
f 1954 1945 1955
f 1927 1954 1924
f 1927 1945 1954
f 1946 1924 1954
f 1953 1916 1952
f 1934 1936 1940
f 1950 1941 1951
f 1951 1941 1936
f 1946 1954 1955
f 1952 1947 1956
f 1956 1947 1946
f 1953 1952 1956
f 1951 1936 1939
f 1951 1955 1945
f 1957 1958 1959
f 1956 1946 1957
f 1955 1957 1946
f 1956 1957 1960
f 1956 1960 1953
f 1961 1953 1960
f 1953 1961 1948
f 1955 1951 1962
f 1960 1957 1963
f 1961 1960 1964
f 1942 1939 1935
f 1965 1939 1943
f 1965 1966 1939
f 1966 1951 1939
f 1951 1966 1967
f 1967 1968 1951
f 1962 1951 1968
f 1962 1969 1955
f 1969 1970 1955
f 1970 1971 1955
f 1971 1958 1955
f 1958 1957 1955
f 1959 1972 1957
f 1972 1973 1957
f 1973 1963 1957
f 1963 1974 1960
f 1974 1975 1960
f 1975 1964 1960
f 1976 1961 1964
f 1977 1978 1979
f 1980 1978 1977
f 1981 1978 1980
f 1982 1983 1984
f 1985 1984 1983
f 1986 1987 1988
f 1986 1989 1987
f 1990 1988 1987
f 1990 1985 1988
f 1990 1984 1985
f 1982 1979 1983
f 1982 1977 1979
f 1991 1992 1993
f 1994 1995 1996
f 1997 1991 1996
f 1998 1999 1991
f 1998 1991 1993
f 2000 1998 1993
f 1991 1999 1996
f 1998 2001 1999
f 1999 1994 1996
f 1994 1999 2002
f 2003 2004 2005
f 2006 2007 2008
f 2007 2006 2009
f 2006 2008 2010
f 2011 2010 2008
f 2012 2010 2011
f 2013 2012 2011
f 2012 2013 2014
f 2015 2014 2013
f 2016 2014 2015
f 2017 2016 2015
f 2018 2019 2017
f 2020 2021 2022
f 2023 2024 2025
f 2024 2026 2025
f 2027 2003 2028
f 2003 2029 2004
f 2027 2030 2031
f 2032 2033 2034
f 2035 2033 2036
f 2032 2037 2036
f 2033 2032 2036
f 2031 2030 2034
f 2032 2034 2030
f 2027 2028 2030
f 2029 2026 2004
f 2005 2028 2003
f 2024 2004 2026
f 2038 2025 2039
f 2038 2023 2025
f 2039 2020 2022
f 2022 2038 2039
f 2022 2021 2040
f 2040 2019 2018
f 2040 2021 2019
f 2017 2019 2016
f 2041 2042 2043
f 2042 2041 2044
f 2045 2046 2047
f 2046 2045 2048
f 2049 2050 2051
f 2049 2051 2052
f 2053 2054 2055
f 2053 2055 2056
f 2057 2058 2059
f 2058 2057 2060
f 2061 2062 2063
f 2061 2063 2064
f 2065 2066 2067
f 2066 2065 2068
f 2069 2070 2071
f 2070 2069 2072
f 2073 2074 2075
f 2074 2073 2076
f 2077 2078 2079
f 2078 2077 2080
f 2081 2082 2083
f 2082 2081 2084
f 2085 2086 2087
f 2086 2085 2088
f 2089 2090 2091
f 2092 2093 2094
f 2093 2095 2094
f 2094 2096 2092
f 2097 2092 2096
f 2098 2097 2099
f 2096 2099 2097
f 2100 2095 2093
f 2101 2100 2093
f 2100 2101 2090
f 2090 2101 2091
f 2091 2102 2089
f 2089 2102 2103
f 2104 2105 2106
f 2107 2108 2109
f 2106 2110 2111
f 2106 2111 2104
f 2106 2112 2113
f 2114 2115 2116
f 2108 2114 2116
f 2114 2108 2117
f 2118 2109 2108
f 2119 2120 2121
f 2112 2116 2115
f 2120 2119 2122
f 2116 2112 2106
f 2113 2110 2106
f 2119 2123 2122
f 2119 2124 2123
f 2125 2124 2119
f 2119 2126 2125
f 2127 2128 2105
f 2125 2126 2129
f 2128 2130 2131
f 2132 2133 2126
f 2131 2130 2134
f 2108 2121 2118
f 2135 2132 2136
f 2132 2137 2136
f 2134 2138 2131
f 2131 2138 2139
f 2117 2108 2107
f 2140 2141 2142
f 2143 2144 2139
f 2145 2146 2141
f 2143 2147 2144
f 2146 2148 2141
f 2141 2147 2145
f 2141 2148 2142
f 2149 2140 2142
f 2144 2131 2139
f 2132 2140 2150
f 2151 2121 2120
f 2151 2118 2121
f 2132 2135 2133
f 2133 2129 2126
f 2137 2132 2150
f 2150 2140 2149
f 2147 2141 2144
f 2128 2131 2105
f 2104 2127 2105
f 2152 2153 2154
f 2155 2156 2157
f 2158 2159 2160
f 2161 2162 2163
f 2164 2162 2165
f 2160 2166 2163
f 2158 2167 2168
f 2164 2169 2170
f 2167 2156 2171
f 2172 2173 2153
f 2155 2157 2174
f 2154 2175 2176
f 2177 2178 2179
f 2180 2181 2182
f 2183 2177 2184
f 2185 2186 2187
f 2188 2185 2187
f 2189 2190 2191
f 2192 2193 2194
f 2195 2196 2197
f 2198 2199 2200
f 2201 2202 2197
f 2203 2199 2198
f 2204 2205 2206
f 2207 2208 2209
f 2210 2209 2208
f 2197 2196 2201
f 2196 2195 2186
f 2211 2212 2182
f 2195 2187 2186
f 2188 2213 2184
f 2214 2215 2180
f 2216 2214 2217
f 2218 2175 2179
f 2219 2217 2220
f 2219 2221 2222
f 2174 2222 2221
f 2223 2189 2212
f 2210 2208 2191
f 2187 2213 2188
f 2213 2183 2184
f 2183 2178 2177
f 2178 2218 2179
f 2218 2176 2175
f 2176 2152 2154
f 2152 2172 2153
f 2172 2170 2173
f 2170 2169 2173
f 2164 2165 2169
f 2162 2161 2165
f 2163 2166 2161
f 2160 2159 2166
f 2158 2168 2159
f 2167 2171 2168
f 2156 2155 2171
f 2174 2224 2155
f 2174 2221 2224
f 2219 2220 2221
f 2219 2216 2217
f 2216 2215 2214
f 2215 2181 2180
f 2181 2211 2182
f 2211 2225 2212
f 2225 2223 2212
f 2223 2190 2189
f 2190 2210 2191
f 2209 2193 2207
f 2207 2193 2192
f 2192 2194 2226
f 2226 2194 2203
f 2198 2226 2203
f 2227 2200 2199
f 2227 2204 2200
f 2205 2228 2206
f 2227 2205 2204
f 2206 2228 2201
f 2202 2201 2228
f 2229 2230 2231
f 2229 2232 2233
f 2234 2235 2233
f 2236 2237 2238
f 2239 2238 2237
f 2237 2240 2241
f 2240 2242 2243
f 2242 2244 2245
f 2246 2245 2244
f 2247 2248 2246
f 2249 2250 2247
f 2251 2252 2253
f 2247 2246 2249
f 2246 2248 2245
f 2240 2244 2242
f 2241 2240 2243
f 2239 2237 2241
f 2239 2254 2238
f 2255 2238 2256
f 2254 2256 2238
f 2255 2257 2258
f 2256 2257 2255
f 2259 2260 2258
f 2259 2258 2257
f 2261 2260 2259
f 2229 2231 2232
f 2261 2231 2260
f 2261 2262 2231
f 2263 2231 2262
f 2263 2262 2264
f 2265 2266 2240
f 2249 2267 2250
f 2250 2267 2268
f 2258 2260 2231
f 2255 2258 2230
f 2230 2258 2231
f 2269 2270 2236
f 2238 2255 2269
f 2255 2230 2269
f 2236 2238 2269
f 2246 2244 2266
f 2266 2244 2240
f 2249 2246 2271
f 2271 2246 2266
f 2267 2249 2272
f 2263 2232 2231
f 2273 2236 2274
f 2237 2273 2240
f 2237 2236 2273
f 2265 2240 2273
f 2272 2249 2271
f 2269 2230 2270
f 2270 2230 2229
f 2265 2273 2274
f 2271 2266 2275
f 2275 2266 2265
f 2272 2271 2275
f 2270 2229 2233
f 2270 2274 2236
f 2276 2277 2278
f 2275 2265 2276
f 2274 2276 2265
f 2275 2276 2279
f 2275 2279 2272
f 2252 2272 2279
f 2272 2252 2267
f 2274 2270 2280
f 2279 2276 2281
f 2252 2279 2282
f 2234 2233 2232
f 2283 2233 2235
f 2283 2284 2233
f 2284 2270 2233
f 2270 2284 2285
f 2285 2286 2270
f 2280 2270 2286
f 2280 2287 2274
f 2287 2288 2274
f 2288 2289 2274
f 2289 2277 2274
f 2277 2276 2274
f 2278 2290 2276
f 2290 2291 2276
f 2291 2281 2276
f 2281 2292 2279
f 2292 2282 2279
f 2282 2253 2252
f 2293 2294 2295
f 2296 2297 2298
f 2296 2299 2297
f 2296 2300 2299
f 2300 2301 2299
f 2301 2300 2302
f 2298 2297 2303
f 2298 2303 2304
f 2304 2303 2305
f 2305 2295 2304
f 2295 2306 2304
f 2306 2295 2294
f 2294 2293 2307
f 2308 2307 2293
f 2308 2309 2307
f 2309 2308 2310
f 2311 2312 2313
f 2314 2315 2316
f 2317 2318 2319
f 2318 2317 2320
f 2321 2318 2322
f 2323 2324 2325
f 2326 2327 2328
f 2329 2330 2328
f 2331 2332 2333
f 2334 2330 2329
f 2333 2335 2336
f 2337 2336 2338
f 2333 2339 2334
f 2324 2327 2326
f 2325 2340 2341
f 2340 2325 2324
f 2322 2342 2343
f 2342 2322 2341
f 2321 2322 2343
f 2344 2317 2319
f 2344 2314 2316
f 2315 2345 2316
f 2315 2346 2345
f 2347 2346 2348
f 2346 2347 2345
f 2348 2349 2347
f 2329 2333 2334
f 2339 2333 2332
f 2317 2344 2316
f 2350 2317 2316
f 2351 2341 2322
f 2322 2318 2320
f 2351 2325 2341
f 2323 2327 2324
f 2329 2328 2327
f 2331 2333 2337
f 2311 2347 2312
f 2351 2352 2325
f 2313 2350 2345
f 2313 2345 2347
f 2316 2345 2350
f 2317 2353 2320
f 2354 2351 2322
f 2327 2323 2355
f 2356 2329 2327
f 2335 2333 2329
f 2311 2313 2347
f 2337 2333 2336
f 2322 2320 2354
f 2352 2357 2323
f 2352 2323 2325
f 2313 2358 2350
f 2358 2353 2317
f 2358 2317 2350
f 2353 2354 2320
f 2352 2351 2354
f 2357 2355 2323
f 2355 2356 2327
f 2356 2335 2329
f 2335 2338 2336
f 2359 2360 2361
f 2362 2359 2363
f 2363 2359 2364
f 2362 2365 2366
f 2367 2368 2369
f 2370 2371 2372
f 2372 2373 2370
f 2374 2375 2376
f 2375 2377 2376
f 2378 2374 2379
f 2379 2380 2381
f 2382 2383 2381
f 2381 2378 2379
f 2384 2383 2385
f 2386 2387 2388
f 2387 2384 2385
f 2384 2381 2383
f 2380 2382 2381
f 2389 2377 2375
f 2372 2371 2389
f 2368 2367 2390
f 2367 2391 2370
f 2391 2367 2369
f 2368 2366 2365
f 2388 2387 2385
f 2366 2359 2362
f 2392 2364 2359
f 2378 2393 2375
f 2375 2374 2378
f 2394 2389 2375
f 2395 2367 2370
f 2394 2372 2389
f 2373 2395 2370
f 2390 2366 2368
f 2392 2359 2396
f 2384 2397 2398
f 2384 2387 2397
f 2381 2384 2398
f 2375 2399 2394
f 2400 2366 2390
f 2359 2361 2396
f 2359 2366 2360
f 2387 2401 2402
f 2402 2397 2387
f 2395 2403 2404
f 2404 2367 2395
f 2367 2404 2390
f 2396 2361 2405
f 2401 2397 2402
f 2398 2393 2378
f 2398 2378 2381
f 2393 2399 2375
f 2399 2403 2372
f 2399 2372 2394
f 2403 2373 2372
f 2403 2395 2373
f 2404 2400 2390
f 2400 2360 2366
f 2360 2405 2361
f 2406 2407 2408
f 2406 2408 2409
f 2409 2410 2411
f 2408 2410 2409
f 2411 2410 2412
f 2411 2412 2413
f 2414 2407 2406
f 2415 2407 2414
f 2414 2416 2415
f 2417 2418 2416
f 2418 2419 2420
f 2420 2421 2422
f 2421 2423 2422
f 2423 2424 2425
f 2426 2424 2423
f 2425 2422 2423
f 2421 2420 2419
f 2417 2419 2418
f 2416 2418 2415
f 2427 2428 2429
f 2430 2427 2429
f 2431 2430 2429
f 2430 2431 2432
f 2433 2432 2431
f 2433 2434 2432
f 2435 2434 2436
f 2436 2437 2438
f 2438 2435 2436
f 2439 2438 2437
f 2440 2441 2442
f 2443 2444 2445
f 2446 2447 2448
f 2446 2449 2450
f 2450 2451 2446
f 2445 2449 2446
f 2452 2448 2447
f 2449 2445 2444
f 2448 2453 2446
f 2441 2444 2443
f 2454 2455 2452
f 2442 2456 2457
f 2442 2441 2443
f 2442 2457 2440
f 2456 2438 2439
f 2438 2456 2458
f 2439 2457 2456
f 2435 2438 2459
f 2460 2461 2435
f 2427 2462 2428
f 2428 2462 2463
f 2443 2445 2446
f 2442 2443 2453
f 2453 2443 2446
f 2464 2465 2458
f 2456 2442 2464
f 2442 2453 2464
f 2458 2456 2464
f 2438 2458 2459
f 2432 2434 2435
f 2430 2432 2461
f 2461 2432 2435
f 2427 2430 2466
f 2466 2430 2461
f 2462 2427 2467
f 2451 2447 2446
f 2459 2458 2468
f 2460 2435 2459
f 2467 2427 2466
f 2464 2453 2465
f 2465 2453 2448
f 2460 2459 2468
f 2466 2461 2469
f 2469 2461 2460
f 2467 2466 2469
f 2465 2448 2452
f 2465 2468 2458
f 2470 2471 2472
f 2469 2460 2470
f 2468 2470 2460
f 2469 2470 2473
f 2469 2473 2467
f 2474 2467 2473
f 2467 2474 2462
f 2468 2465 2475
f 2473 2470 2476
f 2474 2473 2477
f 2454 2452 2447
f 2478 2452 2455
f 2478 2479 2452
f 2479 2465 2452
f 2465 2479 2480
f 2480 2481 2465
f 2475 2465 2481
f 2475 2482 2468
f 2482 2483 2468
f 2483 2484 2468
f 2484 2471 2468
f 2471 2470 2468
f 2472 2485 2470
f 2485 2486 2470
f 2486 2476 2470
f 2476 2487 2473
f 2487 2488 2473
f 2488 2477 2473
f 2489 2474 2477
f 2490 2491 2492
f 2493 2491 2490
f 2494 2493 2490
f 2491 2495 2492
f 2492 2496 2497
f 2496 2492 2495
f 2498 2497 2496
f 2498 2499 2500
f 2501 2500 2499
f 2502 2503 2504
f 2504 2503 2505
f 2503 2502 2501
f 2501 2502 2500
f 2498 2496 2499
f 2506 2507 2508
f 2509 2510 2511
f 2512 2513 2508
f 2513 2509 2508
f 2513 2514 2509
f 2511 2508 2509
f 2506 2508 2511
f 2515 2516 2511
f 2511 2516 2506
f 2506 2516 2517
f 2518 2519 2520
f 2521 2522 2519
f 2520 2519 2523
f 2519 2518 2524
f 2521 2519 2524
f 2524 2525 2521
f 2526 2521 2525
f 2527 2526 2525
f 2528 2529 2530
f 2531 2532 2533
f 2530 2531 2534
f 2535 2536 2537
f 2536 2538 2539
f 2537 2540 2541
f 2542 2543 2544
f 2543 2545 2546
f 2547 2544 2548
f 2547 2542 2544
f 2549 2548 2544
f 2545 2550 2546
f 2546 2544 2543
f 2541 2550 2545
f 2537 2541 2535
f 2541 2540 2550
f 2536 2551 2538
f 2537 2536 2539
f 2551 2552 2532
f 2538 2551 2532
f 2533 2532 2552
f 2531 2533 2534
f 2534 2528 2530
f 2553 2554 2529
f 2530 2529 2554
f 2555 2553 2529
f 2527 2555 2526
f 2527 2553 2555
f 2556 2557 2558
f 2556 2558 2559
f 2560 2561 2562
f 2561 2560 2563
f 2564 2565 2566
f 2564 2566 2567
f 2568 2569 2570
f 2568 2570 2571
f 2572 2573 2574
f 2573 2572 2575
f 2576 2577 2578
f 2577 2576 2579
f 2580 2581 2582
f 2581 2580 2583
f 2584 2585 2586
f 2585 2584 2587
f 2588 2589 2590
f 2589 2588 2591
f 2592 2593 2594
f 2593 2592 2595
f 2596 2597 2598
f 2597 2596 2599
f 2600 2601 2602
f 2601 2600 2603
f 2604 2605 2606
f 2606 2607 2608
f 2607 2609 2608
f 2610 2611 2609
f 2610 2609 2612
f 2613 2610 2612
f 2608 2609 2611
f 2607 2606 2605
f 2614 2605 2604
f 2614 2604 2615
f 2615 2604 2616
f 2616 2617 2615
f 2615 2617 2618
f 2619 2618 2617
f 2620 2621 2622
f 2623 2624 2625
f 2620 2622 2626
f 2627 2628 2629
f 2630 2631 2632
f 2633 2634 2635
f 2636 2633 2635
f 2624 2623 2632
f 2623 2630 2632
f 2624 2635 2634
f 2636 2635 2637
f 2637 2635 2638
f 2632 2631 2639
f 2639 2627 2632
f 2640 2641 2642
f 2627 2629 2632
f 2629 2626 2622
f 2642 2643 2640
f 2644 2640 2643
f 2645 2622 2621
f 2646 2644 2643
f 2643 2647 2646
f 2648 2622 2645
f 2643 2649 2647
f 2622 2648 2650
f 2648 2651 2650
f 2649 2643 2652
f 2653 2654 2655
f 2652 2656 2657
f 2658 2656 2659
f 2660 2653 2661
f 2653 2662 2663
f 2663 2661 2653
f 2660 2664 2656
f 2660 2661 2665
f 2638 2635 2642
f 2662 2653 2655
f 2666 2657 2656
f 2638 2642 2641
f 2666 2656 2658
f 2657 2667 2652
f 2649 2652 2667
f 2659 2656 2664
f 2664 2660 2665
f 2654 2653 2650
f 2654 2650 2651
f 2626 2629 2628
f 2634 2625 2624
f 2668 2669 2670
f 2671 2672 2673
f 2674 2675 2673
f 2676 2677 2678
f 2679 2680 2677
f 2681 2682 2683
f 2678 2684 2676
f 2684 2685 2686
f 2687 2688 2689
f 2690 2678 2677
f 2679 2691 2680
f 2690 2677 2680
f 2679 2692 2691
f 2693 2687 2689
f 2685 2689 2688
f 2694 2695 2696
f 2696 2697 2698
f 2699 2700 2697
f 2674 2701 2702
f 2671 2703 2672
f 2703 2704 2705
f 2706 2707 2668
f 2708 2706 2709
f 2710 2711 2705
f 2709 2712 2708
f 2713 2712 2714
f 2715 2716 2717
f 2714 2716 2713
f 2718 2719 2715
f 2720 2721 2722
f 2720 2723 2724
f 2725 2726 2727
f 2724 2728 2727
f 2729 2730 2726
f 2731 2721 2719
f 2730 2732 2733
f 2732 2710 2733
f 2701 2693 2734
f 2735 2736 2670
f 2684 2686 2676
f 2685 2688 2686
f 2689 2734 2693
f 2734 2737 2701
f 2737 2702 2701
f 2702 2675 2674
f 2675 2671 2673
f 2671 2704 2703
f 2704 2738 2705
f 2738 2710 2705
f 2710 2732 2711
f 2730 2729 2732
f 2726 2725 2729
f 2727 2728 2725
f 2724 2723 2728
f 2720 2722 2723
f 2721 2731 2722
f 2719 2718 2731
f 2715 2717 2718
f 2716 2714 2717
f 2713 2708 2712
f 2708 2739 2706
f 2739 2707 2706
f 2707 2669 2668
f 2669 2735 2670
f 2735 2699 2736
f 2735 2700 2699
f 2700 2698 2697
f 2697 2696 2695
f 2694 2696 2740
f 2741 2694 2740
f 2742 2741 2743
f 2743 2741 2740
f 2742 2681 2741
f 2682 2744 2683
f 2742 2682 2681
f 2683 2744 2692
f 2691 2692 2744
f 2745 2746 2747
f 2748 2749 2750
f 2748 2751 2752
f 2753 2754 2752
f 2755 2746 2756
f 2757 2758 2759
f 2759 2760 2761
f 2760 2762 2763
f 2762 2764 2765
f 2766 2765 2764
f 2767 2768 2766
f 2769 2770 2767
f 2771 2772 2773
f 2767 2766 2769
f 2766 2768 2765
f 2760 2764 2762
f 2761 2760 2763
f 2757 2774 2758
f 2759 2761 2757
f 2756 2758 2774
f 2759 2758 2775
f 2756 2746 2745
f 2756 2774 2755
f 2747 2776 2745
f 2777 2776 2747
f 2750 2751 2748
f 2778 2750 2777
f 2777 2750 2776
f 2750 2778 2779
f 2760 2759 2780
f 2781 2782 2760
f 2769 2783 2770
f 2770 2783 2784
f 2745 2776 2750
f 2756 2745 2749
f 2749 2745 2750
f 2785 2786 2775
f 2758 2756 2785
f 2756 2749 2785
f 2775 2758 2785
f 2759 2775 2780
f 2766 2764 2782
f 2782 2764 2760
f 2769 2766 2787
f 2787 2766 2782
f 2783 2769 2788
f 2779 2751 2750
f 2780 2775 2789
f 2781 2760 2780
f 2788 2769 2787
f 2785 2749 2786
f 2786 2749 2748
f 2781 2780 2789
f 2787 2782 2790
f 2790 2782 2781
f 2788 2787 2790
f 2786 2748 2752
f 2786 2789 2775
f 2791 2792 2793
f 2790 2781 2791
f 2789 2791 2781
f 2790 2791 2794
f 2790 2794 2788
f 2772 2788 2794
f 2788 2772 2783
f 2789 2786 2795
f 2794 2791 2796
f 2772 2794 2797
f 2753 2752 2751
f 2798 2752 2754
f 2798 2799 2752
f 2799 2786 2752
f 2786 2799 2800
f 2800 2801 2786
f 2795 2786 2801
f 2795 2802 2789
f 2802 2803 2789
f 2803 2804 2789
f 2804 2792 2789
f 2792 2791 2789
f 2793 2805 2791
f 2805 2806 2791
f 2806 2796 2791
f 2796 2807 2794
f 2807 2797 2794
f 2797 2773 2772
f 2808 2809 2810
f 2811 2812 2813
f 2814 2815 2816
f 2817 2816 2815
f 2817 2818 2816
f 2817 2819 2818
f 2818 2819 2820
f 2820 2819 2821
f 2815 2814 2822
f 2822 2814 2823
f 2813 2812 2823
f 2812 2822 2823
f 2824 2811 2813
f 2825 2808 2811
f 2811 2824 2825
f 2826 2827 2809
f 2825 2809 2808
f 2809 2827 2810
f 2828 2829 2830
f 2828 2830 2831
f 2832 2833 2834
f 2835 2836 2837
f 2838 2834 2836
f 2839 2835 2840
f 2841 2842 2843
f 2844 2841 2845
f 2846 2847 2848
f 2845 2848 2844
f 2846 2849 2850
f 2850 2851 2852
f 2853 2846 2854
f 2842 2841 2855
f 2856 2842 2855
f 2839 2840 2856
f 2836 2835 2838
f 2833 2832 2857
f 2831 2830 2858
f 2830 2859 2858
f 2829 2860 2830
f 2860 2829 2861
f 2861 2862 2860
f 2863 2864 2862
f 2863 2862 2861
f 2845 2846 2848
f 2847 2846 2853
f 2859 2857 2858
f 2865 2834 2833
f 2859 2833 2857
f 2865 2836 2834
f 2866 2856 2840
f 2837 2840 2835
f 2856 2866 2842
f 2843 2845 2841
f 2854 2846 2852
f 2867 2862 2868
f 2860 2869 2870
f 2860 2862 2869
f 2830 2860 2870
f 2871 2845 2843
f 2846 2845 2849
f 2867 2869 2862
f 2840 2872 2873
f 2852 2846 2850
f 2874 2833 2859
f 2873 2842 2866
f 2865 2833 2875
f 2865 2875 2836
f 2842 2871 2843
f 2868 2869 2867
f 2870 2874 2859
f 2870 2859 2830
f 2874 2875 2833
f 2875 2872 2836
f 2872 2837 2836
f 2872 2840 2837
f 2873 2866 2840
f 2873 2871 2842
f 2871 2849 2845
f 2876 2877 2878
f 2879 2878 2880
f 2879 2880 2881
f 2882 2883 2884
f 2885 2886 2887
f 2882 2884 2881
f 2883 2886 2885
f 2888 2889 2886
f 2890 2891 2889
f 2877 2876 2892
f 2893 2892 2894
f 2894 2895 2893
f 2896 2895 2897
f 2898 2896 2897
f 2899 2900 2901
f 2901 2900 2902
f 2903 2904 2901
f 2901 2902 2903
f 2905 2904 2903
f 2906 2904 2907
f 2908 2904 2909
f 2906 2909 2904
f 2907 2904 2905
f 2882 2886 2883
f 2910 2887 2886
f 2896 2898 2899
f 2893 2895 2896
f 2901 2896 2899
f 2911 2892 2893
f 2911 2877 2892
f 2877 2880 2878
f 2882 2881 2880
f 2910 2886 2891
f 2912 2911 2893
f 2913 2914 2904
f 2914 2915 2901
f 2914 2901 2904
f 2901 2915 2896
f 2916 2893 2896
f 2877 2911 2917
f 2880 2877 2918
f 2919 2882 2880
f 2886 2889 2891
f 2888 2886 2882
f 2908 2913 2904
f 2893 2916 2912
f 2920 2908 2909
f 2920 2921 2913
f 2920 2913 2908
f 2921 2914 2913
f 2921 2915 2914
f 2915 2916 2896
f 2912 2917 2911
f 2917 2918 2877
f 2918 2919 2880
f 2919 2888 2882
f 2889 2888 2890
f 2922 2923 2924
f 2925 2924 2923
f 2925 2926 2924
f 2927 2926 2928
f 2927 2928 2929
f 2925 2928 2926
f 2927 2929 2930
f 2931 2930 2929
f 2930 2931 2932
f 2922 2924 2933
f 2934 2922 2933
f 2934 2933 2935
f 2935 2936 2934
f 2937 2936 2935
f 2936 2937 2938
f 2937 2939 2938
f 2940 2938 2939
f 2940 2939 2941
f 2942 2943 2944
f 2943 2942 2945
f 2946 2944 2943
f 2947 2942 2948
f 2945 2942 2947
f 2949 2950 2948
f 2948 2951 2947
f 2950 2952 2951
f 2948 2950 2951
f 2953 2954 2955
f 2944 2956 2957
f 2956 2944 2946
f 2957 2956 2958
f 2958 2959 2957
f 2958 2960 2959
f 2960 2961 2959
f 2962 2961 2960
f 2963 2961 2962
f 2963 2962 2964
f 2965 2963 2964
f 2964 2966 2965
f 2965 2966 2967
f 2966 2968 2967
f 2968 2969 2967
f 2970 2971 2972
f 2973 2967 2969
f 2973 2969 2974
f 2970 2975 2971
f 2976 2975 2977
f 2963 2965 2978
f 2957 2979 2944
f 2950 2980 2952
f 2952 2980 2981
f 2965 2967 2972
f 2978 2965 2972
f 2961 2963 2982
f 2982 2963 2978
f 2957 2959 2961
f 2948 2942 2983
f 2983 2942 2944
f 2949 2948 2983
f 2980 2950 2984
f 2973 2970 2972
f 2973 2972 2967
f 2978 2972 2971
f 2961 2985 2957
f 2961 2982 2985
f 2979 2957 2985
f 2986 2987 2988
f 2944 2988 2983
f 2988 2944 2979
f 2984 2950 2949
f 2978 2989 2982
f 2971 2989 2978
f 2985 2982 2989
f 2949 2983 2987
f 2987 2983 2988
f 2984 2949 2987
f 2989 2971 2975
f 2979 2985 2990
f 2989 2990 2985
f 2988 2979 2990
f 2991 2986 2992
f 2990 2986 2988
f 2987 2993 2984
f 2954 2984 2993
f 2984 2954 2980
f 2990 2989 2994
f 2995 2990 2996
f 2986 2990 2997
f 2986 2993 2987
f 2954 2993 2998
f 2977 2975 2970
f 2976 2999 2975
f 2999 3000 2975
f 3000 3001 2989
f 3000 2989 2975
f 3001 3002 2989
f 3002 2994 2989
f 2994 3003 2990
f 3003 2996 2990
f 2995 2997 2990
f 2997 3004 2986
f 3004 2992 2986
f 2991 3005 2986
f 3005 2993 2986
f 2993 3005 3006
f 3006 3007 2993
f 3007 2998 2993
f 2998 2955 2954
f 3008 3009 3010
f 3011 3012 3013
f 3014 3011 3015
f 3015 3016 3017
f 3018 3019 3020
f 3021 3020 3019
f 3022 3020 3021
f 3020 3023 3018
f 3018 3023 3016
f 3016 3023 3017
f 3014 3015 3017
f 3013 3015 3011
f 3013 3012 3010
f 3008 3010 3012
f 3024 3025 3026
f 3025 3027 3028
f 3029 3030 3031
f 3026 3025 3028
f 3032 3031 3028
f 3031 3026 3028
f 3030 3033 3031
f 3030 3034 3033
f 3033 3026 3031
f 3026 3033 3035
f 3036 3037 3038
f 3039 3036 3038
f 3038 3040 3041
f 3039 3038 3041
f 3042 3039 3041
f 3043 3039 3042
f 3043 3044 3045
f 3045 3039 3043
f 3046 3047 3044
f 3048 3049 3050
f 3051 3052 3050
f 3053 3054 3048
f 3055 3056 3057
f 3058 3059 3060
f 3061 3062 3058
f 3063 3064 3065
f 3063 3066 3064
f 3065 3064 3067
f 3067 3064 3068
f 3063 3069 3070
f 3069 3063 3065
f 3069 3062 3070
f 3061 3058 3060
f 3062 3061 3070
f 3059 3056 3055
f 3060 3059 3055
f 3056 3071 3057
f 3072 3057 3071
f 3072 3054 3053
f 3054 3072 3071
f 3048 3073 3053
f 3050 3073 3048
f 3051 3050 3049
f 3052 3047 3046
f 3052 3051 3047
f 3044 3047 3045
f 3074 3075 3076
f 3075 3074 3077
f 3078 3079 3080
f 3079 3078 3081
f 3082 3083 3084
f 3082 3084 3085
f 3086 3087 3088
f 3087 3086 3089
f 3090 3091 3092
f 3090 3092 3093
f 3094 3095 3096
f 3094 3096 3097
f 3098 3099 3100
f 3099 3098 3101
f 3102 3103 3104
f 3103 3102 3105
f 3106 3107 3108
f 3107 3106 3109
f 3110 3111 3112
f 3111 3110 3113
f 3114 3115 3116
f 3115 3114 3117
f 3118 3119 3120
f 3119 3118 3121
f 3122 3123 3124
f 3123 3125 3126
f 3125 3127 3126
f 3127 3128 3129
f 3129 3130 3131
f 3132 3131 3130
f 3132 3133 3131
f 3129 3128 3130
f 3128 3127 3125
f 3126 3124 3123
f 3134 3122 3124
f 3122 3134 3135
f 3136 3135 3134
f 3137 3138 3139
f 3140 3141 3142
f 3143 3144 3142
f 3145 3146 3147
f 3148 3146 3145
f 3149 3148 3150
f 3151 3149 3150
f 3147 3142 3144
f 3152 3149 3153
f 3143 3142 3154
f 3155 3149 3152
f 3156 3154 3142
f 3141 3156 3142
f 3155 3157 3138
f 3158 3140 3159
f 3159 3160 3158
f 3139 3161 3137
f 3137 3161 3162
f 3146 3148 3149
f 3162 3163 3137
f 3164 3165 3159
f 3166 3137 3163
f 3164 3159 3167
f 3149 3151 3153
f 3168 3169 3166
f 3170 3171 3172
f 3169 3173 3174
f 3174 3173 3175
f 3176 3174 3175
f 3177 3170 3178
f 3176 3179 3174
f 3179 3180 3174
f 3181 3182 3180
f 3182 3181 3178
f 3174 3180 3182
f 3177 3183 3170
f 3170 3184 3171
f 3183 3184 3170
f 3142 3147 3146
f 3159 3165 3160
f 3141 3140 3158
f 3185 3159 3172
f 3167 3159 3185
f 3171 3186 3172
f 3185 3172 3186
f 3178 3170 3182
f 3169 3174 3166
f 3163 3168 3166
f 3138 3137 3155
f 3152 3157 3155
f 3187 3188 3189
f 3190 3191 3192
f 3193 3194 3195
f 3196 3197 3198
f 3196 3193 3199
f 3200 3198 3197
f 3201 3202 3203
f 3201 3203 3200
f 3192 3204 3194
f 3202 3187 3205
f 3190 3206 3191
f 3207 3208 3188
f 3209 3210 3211
f 3212 3213 3214
f 3215 3216 3217
f 3218 3219 3220
f 3221 3222 3223
f 3224 3223 3225
f 3226 3227 3228
f 3226 3229 3227
f 3230 3231 3232
f 3233 3234 3235
f 3236 3237 3238
f 3239 3235 3234
f 3240 3236 3238
f 3233 3241 3242
f 3243 3228 3222
f 3239 3244 3245
f 3230 3232 3246
f 3225 3216 3247
f 3232 3218 3246
f 3220 3219 3214
f 3219 3212 3214
f 3217 3248 3249
f 3250 3251 3211
f 3251 3250 3248
f 3207 3213 3252
f 3253 3206 3210
f 3218 3220 3246
f 3254 3237 3229
f 3212 3252 3213
f 3252 3255 3207
f 3255 3208 3207
f 3208 3189 3188
f 3189 3205 3187
f 3205 3203 3202
f 3203 3256 3200
f 3256 3198 3200
f 3196 3199 3197
f 3193 3195 3199
f 3194 3257 3195
f 3194 3204 3257
f 3192 3191 3204
f 3206 3258 3191
f 3206 3253 3258
f 3210 3209 3253
f 3211 3251 3209
f 3250 3249 3248
f 3249 3215 3217
f 3215 3247 3216
f 3247 3259 3225
f 3259 3224 3225
f 3224 3221 3223
f 3221 3243 3222
f 3243 3226 3228
f 3226 3260 3229
f 3260 3254 3229
f 3254 3238 3237
f 3236 3240 3242
f 3242 3240 3233
f 3235 3241 3233
f 3244 3239 3234
f 3245 3261 3239
f 3245 3262 3261
f 3261 3262 3231
f 3232 3231 3262
f 3263 3264 3265
f 3266 3267 3265
f 3268 3269 3270
f 3271 3272 3273
f 3271 3274 3272
f 3275 3276 3277
f 3278 3277 3276
f 3279 3277 3278
f 3279 3280 3281
f 3282 3283 3284
f 3279 3278 3280
f 3278 3285 3280
f 3286 3276 3275
f 3275 3287 3286
f 3287 3288 3286
f 3274 3288 3272
f 3271 3268 3270
f 3273 3268 3271
f 3289 3270 3269
f 3290 3291 3292
f 3289 3269 3290
f 3292 3289 3290
f 3293 3292 3294
f 3294 3292 3291
f 3263 3292 3264
f 3293 3294 3295
f 3270 3289 3296
f 3274 3297 3298
f 3276 3286 3298
f 3280 3299 3281
f 3281 3299 3300
f 3296 3289 3292
f 3271 3270 3301
f 3301 3270 3296
f 3286 3288 3274
f 3286 3274 3298
f 3278 3276 3302
f 3302 3276 3298
f 3285 3278 3302
f 3299 3280 3303
f 3293 3264 3292
f 3296 3292 3263
f 3271 3304 3274
f 3271 3301 3304
f 3297 3274 3304
f 3305 3306 3298
f 3303 3280 3285
f 3296 3307 3301
f 3263 3307 3296
f 3304 3301 3307
f 3285 3302 3306
f 3306 3302 3298
f 3303 3285 3306
f 3307 3263 3265
f 3297 3304 3308
f 3307 3308 3304
f 3298 3297 3308
f 3308 3305 3298
f 3306 3309 3303
f 3283 3303 3309
f 3303 3283 3299
f 3308 3307 3310
f 3311 3308 3312
f 3305 3308 3313
f 3305 3309 3306
f 3283 3309 3314
f 3266 3265 3264
f 3267 3315 3265
f 3315 3316 3265
f 3316 3307 3265
f 3316 3317 3307
f 3317 3318 3307
f 3318 3310 3307
f 3310 3319 3308
f 3319 3312 3308
f 3311 3313 3308
f 3313 3320 3305
f 3320 3321 3305
f 3322 3305 3321
f 3322 3323 3305
f 3323 3324 3309
f 3323 3309 3305
f 3324 3325 3309
f 3325 3314 3309
f 3314 3284 3283
f 3326 3327 3328
f 3329 3330 3331
f 3332 3331 3333
f 3332 3333 3334
f 3334 3335 3336
f 3335 3337 3336
f 3336 3337 3338
f 3337 3339 3338
f 3340 3338 3339
f 3340 3339 3341
f 3331 3332 3329
f 3333 3335 3334
f 3329 3326 3330
f 3327 3342 3343
f 3326 3328 3330
f 3343 3328 3327
f 3343 3342 3344
f 3344 3342 3345
f 3346 3347 3348
f 3349 3350 3351
f 3352 3353 3354
f 3355 3354 3353
f 3356 3357 3352
f 3358 3359 3360
f 3361 3362 3363
f 3364 3365 3366
f 3366 3361 3363
f 3364 3367 3368
f 3369 3368 3370
f 3371 3364 3372
f 3358 3362 3373
f 3358 3373 3359
f 3357 3356 3360
f 3349 3374 3350
f 3349 3354 3355
f 3375 3350 3374
f 3375 3376 3377
f 3377 3376 3378
f 3377 3378 3348
f 3378 3379 3348
f 3348 3379 3380
f 3380 3381 3348
f 3363 3364 3366
f 3365 3364 3371
f 3346 3348 3381
f 3350 3375 3377
f 3382 3352 3354
f 3354 3349 3351
f 3383 3360 3356
f 3382 3356 3352
f 3384 3362 3358
f 3383 3358 3360
f 3363 3362 3384
f 3372 3364 3369
f 3385 3386 3348
f 3386 3377 3348
f 3387 3351 3350
f 3388 3363 3384
f 3367 3364 3363
f 3347 3385 3348
f 3369 3364 3368
f 3389 3382 3354
f 3389 3356 3382
f 3354 3351 3390
f 3354 3390 3389
f 3356 3391 3383
f 3392 3347 3346
f 3392 3386 3385
f 3392 3385 3347
f 3386 3387 3377
f 3387 3350 3377
f 3387 3390 3351
f 3389 3391 3356
f 3391 3393 3358
f 3391 3358 3383
f 3393 3384 3358
f 3393 3388 3384
f 3388 3367 3363
f 3368 3367 3370
