# Exported from USD: /World/gantry/gantry_home/ur10_flattened/ur10_instanceable/shoulder_link/ur10_shoulder/ID461_001
mtllib ID461_001.mtl

g ID461_001
v 3.34401493 -0.28419284 0.19929991
v 3.34417582 -0.28454457 0.19927615
v 3.34373223 -0.28240774 0.19929990
v 3.31438531 -0.35537578 0.19927135
v 3.31396713 -0.35551434 0.19929990
v 3.31249183 -0.35655903 0.19929990
v 3.31683943 -0.23668164 0.19929991
v 3.31777656 -0.23727080 0.19927154
v 3.31541653 -0.23556664 0.19929990
v 3.31823493 -0.23783044 0.19929990
v 3.31960223 -0.23901264 0.19929991
v 3.31960233 -0.35098844 0.19929990
v 3.32159146 -0.34928713 0.19928762
v 3.32094073 -0.34977354 0.19929990
v 3.31333936 -0.23386965 0.19927129
v 3.31249213 -0.23344174 0.19929991
v 3.31396713 -0.23448654 0.19929991
v 3.31099213 -0.23243284 0.19929991
v 3.30883935 -0.23091664 0.19927106
v 3.30946833 -0.23146064 0.19929991
v 3.30792143 -0.23052554 0.19929991
v 3.30432387 -0.22838932 0.19927095
v 3.30476213 -0.22876883 0.19929991
v 3.30635223 -0.22962804 0.19929991
v 3.30152153 -0.22716654 0.19929991
v 3.30315153 -0.22794824 0.19929991
v 3.29910719 -0.22600267 0.19928830
v 3.29987333 -0.22642464 0.19929991
v 3.29820753 -0.22572274 0.19929991
v 3.29311523 -0.22386154 0.19929991
v 3.29482743 -0.22444084 0.19929991
v 3.29469228 -0.22430196 0.19928766
v 3.29652503 -0.22506124 0.19929991
v 3.29138758 -0.22332283 0.19930437
v 3.28824730 -0.22237261 0.19928782
v 3.28965123 -0.22282784 0.19929991
v 3.28790143 -0.22237404 0.19929991
v 3.28222532 -0.22110217 0.19928576
v 3.28259364 -0.22126794 0.19929991
v 3.28436106 -0.22159127 0.19930638
v 3.28614113 -0.22196254 0.19929991
v 3.28080803 -0.22098524 0.19929991
v 3.27259443 -0.22014624 0.19928226
v 3.27361418 -0.22028753 0.19929991
v 3.27599798 -0.22035001 0.19928590
v 3.27901662 -0.22074574 0.19929991
v 3.27721967 -0.22054944 0.19929991
v 3.27541832 -0.22039674 0.19929991
v 3.27274739 -0.22002997 0.19910113
v 3.27619670 -0.22027113 0.19919584
v 3.26999993 -0.22003323 0.19922779
v 3.26999994 -0.22000013 0.19909991
v 3.32046283 -0.23958393 0.19925435
v 3.32225292 -0.24147594 0.19931525
v 3.32094063 -0.24022764 0.19929991
v 3.32352733 -0.24275264 0.19929991
v 3.32561321 -0.24483948 0.19928757
v 3.32477433 -0.24406134 0.19929991
v 3.32598913 -0.24539974 0.19929991
v 3.32717133 -0.24676704 0.19929991
v 3.32832582 -0.24816703 0.19931527
v 3.32943493 -0.24958554 0.19929991
v 3.33053751 -0.25082990 0.19926241
v 3.33051493 -0.25103494 0.19929990
v 3.33155973 -0.25251014 0.19929991
v 3.33254532 -0.25397150 0.19931570
v 3.33574159 -0.25901044 0.19925573
v 3.33356557 -0.25557061 0.19931605
v 3.33447572 -0.25708073 0.19929990
v 3.33537303 -0.25864974 0.19929990
v 3.33623233 -0.26023994 0.19929991
v 3.33705193 -0.26184518 0.19931525
v 3.33783433 -0.26348044 0.19929990
v 3.33859956 -0.26490985 0.19927642
v 3.33857613 -0.26512874 0.19929990
v 3.33927793 -0.26679464 0.19929991
v 3.33992573 -0.26843654 0.19931559
v 3.34055983 -0.27017444 0.19929991
v 3.34107372 -0.27121568 0.19925552
v 3.34113923 -0.27188664 0.19929990
v 3.34169308 -0.27365983 0.19931617
v 3.34217263 -0.27535044 0.19929990
v 3.34289679 -0.27775585 0.19927655
v 3.34262633 -0.27710024 0.19929990
v 3.34303763 -0.27886014 0.19929990
v 3.34361329 -0.28112842 0.19927636
v 3.34340643 -0.28062984 0.19929990
v 3.34425442 -0.28598454 0.19929990
v 3.34458096 -0.28799399 0.19927594
v 3.34445073 -0.28778143 0.19929990
v 3.34460342 -0.28958225 0.19929990
v 3.34482602 -0.29146635 0.19927582
v 3.34471243 -0.29138663 0.19929990
v 3.34477792 -0.29319260 0.19929990
v 3.34490949 -0.29494937 0.19927575
v 3.34477823 -0.29680772 0.19929990
v 3.34479993 -0.29500014 0.19929990
v 3.34483080 -0.29843420 0.19927572
v 3.34471263 -0.29861407 0.19929990
v 3.34460353 -0.30041806 0.19929990
v 3.34425473 -0.30401621 0.19929990
v 3.34418993 -0.30535610 0.19927603
v 3.34459045 -0.30190587 0.19927584
v 3.34363227 -0.30877146 0.19927624
v 3.34340673 -0.30937094 0.19929990
v 3.34303803 -0.31114034 0.19929990
v 3.34401513 -0.30580754 0.19929990
v 3.34292077 -0.31214309 0.19927647
v 3.34217283 -0.31465024 0.19929990
v 3.34170433 -0.31630324 0.19931674
v 3.34262663 -0.31290064 0.19929990
v 3.34056013 -0.31982634 0.19929990
v 3.33993193 -0.32196039 0.19925478
v 3.34113526 -0.31813247 0.19931544
v 3.33993973 -0.32152394 0.19929990
v 3.33783473 -0.32652033 0.19929990
v 3.33705313 -0.32815034 0.19929990
v 3.33725718 -0.32807326 0.19925484
v 3.33256852 -0.33599074 0.19929990
v 3.33239310 -0.33652557 0.19925575
v 3.33354062 -0.33446694 0.19929990
v 3.32775161 -0.34268445 0.19928739
v 3.32832023 -0.34183824 0.19929990
v 3.32717143 -0.34323374 0.19929990
v 3.33052213 -0.33895865 0.19931500
v 3.32943503 -0.34041513 0.19929990
v 3.32224943 -0.34852644 0.19929990
v 3.32352753 -0.34724834 0.19929990
v 3.31824482 -0.35216436 0.19931488
v 3.31541653 -0.35443423 0.19929990
v 3.31099203 -0.35756774 0.19929990
v 3.30987640 -0.35844371 0.19927118
v 3.30946813 -0.35853994 0.19929990
v 3.30792113 -0.35947524 0.19929990
v 3.30533909 -0.36107822 0.19927097
v 3.30315123 -0.36205284 0.19929990
v 3.30152250 -0.36293009 0.19928755
v 3.30635223 -0.36037274 0.19929990
v 3.30476193 -0.36123215 0.19929990
v 3.29987293 -0.36357614 0.19929990
v 3.30152143 -0.36283433 0.19929990
v 3.29482713 -0.36555974 0.19929990
v 3.29269642 -0.36636224 0.19928837
v 3.29706787 -0.36482248 0.19928826
v 3.29311473 -0.36613914 0.19929990
v 3.29138913 -0.36667694 0.19929990
v 3.28842801 -0.36758199 0.19928781
v 3.28965073 -0.36717294 0.19929990
v 3.28790093 -0.36762664 0.19929990
v 3.28351606 -0.36867341 0.19928234
v 3.28614093 -0.36803794 0.19929990
v 3.28437123 -0.36840664 0.19929990
v 3.28259314 -0.36873244 0.19929990
v 3.28080794 -0.36901525 0.19929990
v 3.28100353 -0.36912063 0.19926942
v 3.27901608 -0.36925484 0.19929990
v 3.27644951 -0.36961922 0.19928367
v 3.27541808 -0.36960363 0.19929990
v 3.27721904 -0.36945104 0.19929990
v 3.27249420 -0.36985046 0.19928503
v 3.26999994 -0.36994877 0.19924142
v 3.27254022 -0.36994235 0.19919555
v 3.27361359 -0.36971274 0.19929990
v 3.27180755 -0.36977824 0.19929990
v 3.26999993 -0.36980052 0.19930485
v 3.29652493 -0.36493924 0.19929990
v 3.29820713 -0.36427794 0.19929990
v 3.31683943 -0.35331954 0.19929990
v 3.32477550 -0.34594066 0.19931501
v 3.32598933 -0.34460113 0.19929990
v 3.33444980 -0.33296762 0.19931614
v 3.33155963 -0.33749073 0.19929990
v 3.33623253 -0.32976083 0.19929990
v 3.33539659 -0.33131262 0.19931560
v 3.33858090 -0.32486594 0.19931506
v 3.33927833 -0.32320634 0.19929990
v 3.34373243 -0.30759304 0.19929990
v 3.34445093 -0.30221933 0.19929990
v 3.30483907 -0.36142075 0.19910013
v 3.30833923 -0.35948054 0.19909842
v 3.30707759 -0.36017310 0.19919237
v 3.31611352 -0.23587530 0.19919251
v 3.27180766 -0.22022204 0.19929991
v 3.26999993 -0.22019984 0.19930364
v 3.28617725 -0.36821307 0.19921733
v 3.33060607 -0.33913624 0.19920495
v 3.32870585 -0.34164551 0.19919212
v 3.33576781 -0.33101175 0.19919074
v 3.33996113 -0.26791615 0.19910055
v 3.33242278 -0.25346027 0.19919177
v 3.32678564 -0.24597644 0.19909958
v 3.32470066 -0.24372703 0.19920495
v 3.29153391 -0.22319095 0.19922523
v 3.28524158 -0.22159786 0.19922507
v 3.34430969 -0.30523502 0.19909893
v 3.34375354 -0.30867909 0.19909842
v 3.30373843 -0.22799881 0.19910048
v 3.30711200 -0.22984710 0.19919278
v 3.28025517 -0.22074184 0.19923374
v 3.27813366 -0.36954334 0.19919637
v 3.29050425 -0.36712412 0.19920527
v 3.29479167 -0.36577372 0.19919376
v 3.29925636 -0.36404073 0.19920521
v 3.30255438 -0.36254634 0.19919244
v 3.31160307 -0.35738125 0.19919274
v 3.31608550 -0.35414724 0.19919211
v 3.31830956 -0.35233502 0.19920477
v 3.32047246 -0.35045104 0.19919177
v 3.32262086 -0.34840545 0.19920502
v 3.32470929 -0.34626406 0.19920491
v 3.32673208 -0.34402828 0.19919122
v 3.33413695 -0.33384282 0.19919076
v 3.33868019 -0.32508943 0.19918970
v 3.34109835 -0.31881795 0.19918991
v 3.34211394 -0.31554069 0.19919007
v 3.34470253 -0.30180019 0.19909945
v 3.34493572 -0.29837126 0.19909995
v 3.34501049 -0.29504200 0.19910083
v 3.34493885 -0.29170281 0.19910000
v 3.34212270 -0.27449075 0.19919018
v 3.33729615 -0.26193220 0.19919032
v 3.33833302 -0.26403385 0.19909900
v 3.33420896 -0.25620531 0.19909957
v 3.32872687 -0.24838138 0.19919215
v 3.32261181 -0.24158581 0.19920494
v 3.31275305 -0.23334897 0.19909793
v 3.31163290 -0.23263910 0.19919294
v 3.30833034 -0.23051114 0.19909841
v 3.30258971 -0.22747136 0.19919292
v 3.29921467 -0.22594185 0.19920516
v 3.29483143 -0.22424061 0.19919390
v 3.28826813 -0.22227385 0.19919922
v 3.27553288 -0.36981066 0.19910068
v 3.31272138 -0.35666995 0.19909771
v 3.32365765 -0.34743577 0.19909781
v 3.32370014 -0.24260554 0.19909808
v 3.31708307 -0.23658982 0.19909868
v 3.28329782 -0.36882190 0.19909966
v 3.31704360 -0.35343696 0.19909836
v 3.34302690 -0.31214067 0.19909800
v 3.34470843 -0.28826505 0.19909949
v 3.34431796 -0.28482372 0.19909895
v 3.34376076 -0.28135795 0.19909849
v 3.34303373 -0.27788574 0.19909811
v 3.32965303 -0.24949489 0.19909876
v 3.28338010 -0.22119331 0.19909965
v 3.26999993 -0.37000380 0.19910020
v 3.27299888 -0.36994745 0.19909988
v 3.27990396 -0.36935273 0.19909996
v 3.32049308 -0.23953215 0.19909858
v 3.27691929 -0.22031399 0.19909996
v 3.28004052 -0.22066503 0.19909990
v 3.29044923 -0.36716726 0.19910062
v 3.29771181 -0.36470049 0.19910023
v 3.30134370 -0.36315618 0.19909813
v 3.32050203 -0.35045766 0.19909851
v 3.32676809 -0.34402688 0.19909815
v 3.32960789 -0.34055748 0.19909845
v 3.33418564 -0.33381627 0.19909792
v 3.33593970 -0.33075230 0.19909854
v 3.34213742 -0.31556433 0.19909775
v 3.34213900 -0.27443979 0.19909785
v 3.34106971 -0.27100522 0.19909820
v 3.33232334 -0.25326113 0.19909864
v 3.29930045 -0.22595119 0.19910107
v 3.28815423 -0.22221071 0.19909939
v 3.28697445 -0.36805961 0.19909971
v 3.29415829 -0.36600993 0.19909945
v 3.33232438 -0.33673645 0.19909859
v 3.33801946 -0.32664486 0.19909898
v 3.33984598 -0.32234599 0.19909878
v 3.34107239 -0.31898450 0.19909810
v 3.33594441 -0.25925414 0.19909864
v 3.29399886 -0.22391233 0.19909824
v 3.34500121 -0.29574635 0.20129990
v 3.34499726 -0.29606399 0.19954990
v 3.34493734 -0.29160824 0.19954990
v 3.32223414 -0.34883909 0.19954990
v 3.32315257 -0.34792031 0.20129990
v 3.31990953 -0.35100135 0.20129990
v 3.31748391 -0.35308831 0.19954990
v 3.31637661 -0.35394879 0.20129990
v 3.31165747 -0.35739926 0.19954990
v 3.31279934 -0.35660618 0.20129990
v 3.30822896 -0.35954197 0.20129990
v 3.30625970 -0.36066816 0.19954990
v 3.30267203 -0.36253944 0.20129990
v 3.30228322 -0.36270164 0.19954990
v 3.29807450 -0.36456242 0.19954990
v 3.29599463 -0.36537978 0.20129990
v 3.29207694 -0.36670500 0.19954990
v 3.28992137 -0.36732045 0.20129990
v 3.28505292 -0.36850125 0.19954990
v 3.28377793 -0.36875094 0.20129990
v 3.27788967 -0.36961079 0.19954990
v 3.27747206 -0.36964109 0.20129990
v 3.27000044 -0.37003772 0.19954990
v 3.27000061 -0.37004950 0.20129990
v 3.32599855 -0.34491225 0.19954990
v 3.32692725 -0.34387043 0.20129990
v 3.32894331 -0.34138333 0.19954990
v 3.33137610 -0.33815077 0.20129990
v 3.33160590 -0.33779951 0.19954990
v 3.33410586 -0.33393793 0.19954990
v 3.33427031 -0.33366619 0.20129990
v 3.33652419 -0.32966454 0.20129990
v 3.33673217 -0.32928975 0.19954990
v 3.33924033 -0.32389282 0.20129990
v 3.33973029 -0.32268856 0.19954990
v 3.34141530 -0.31795571 0.20129990
v 3.34156173 -0.31746471 0.19954990
v 3.34299969 -0.31232089 0.19954990
v 3.34264506 -0.31366643 0.20129990
v 3.34365988 -0.30918860 0.20129990
v 3.34405587 -0.30689353 0.19954990
v 3.34436369 -0.30478649 0.20129990
v 3.34473647 -0.30159198 0.19954990
v 3.34483251 -0.30021439 0.20129990
v 3.34491452 -0.29113831 0.20129990
v 3.34449438 -0.28618499 0.19954990
v 3.34380503 -0.28163644 0.19954990
v 3.34374901 -0.28121325 0.20129990
v 3.34039601 -0.26911322 0.20129990
v 3.34207767 -0.27417260 0.20129990
v 3.34083672 -0.27031642 0.19954991
v 3.34268868 -0.27641582 0.19954990
v 3.33886354 -0.26525214 0.19954990
v 3.33690353 -0.26109312 0.19954990
v 3.33868655 -0.26484642 0.20129990
v 3.32808364 -0.24750990 0.19954991
v 3.32775331 -0.24710907 0.20129990
v 3.33210733 -0.25290841 0.20129991
v 3.32323257 -0.24212921 0.19954991
v 3.32287022 -0.24176742 0.20129991
v 3.31917767 -0.23836662 0.19954991
v 3.31749290 -0.23691899 0.20129990
v 3.31057615 -0.23189227 0.19954990
v 3.30428998 -0.22826745 0.19954991
v 3.30867536 -0.23073532 0.20129990
v 3.29256043 -0.22344558 0.19954991
v 3.29719953 -0.22507734 0.20129991
v 3.29849513 -0.22560886 0.19954990
v 3.29033497 -0.22278181 0.20129990
v 3.28555557 -0.22160366 0.19954991
v 3.28328154 -0.22115844 0.20129991
v 3.27840176 -0.22044528 0.19954990
v 3.27703051 -0.22031637 0.20129990
v 3.27000061 -0.21995074 0.19954991
v 3.27000045 -0.21996240 0.20129991
v 3.30382494 -0.22803069 0.20129991
v 3.31243768 -0.23314444 0.20129991
v 3.31572996 -0.23553654 0.19954991
v 3.33186374 -0.25257382 0.19954990
v 3.33588741 -0.25911329 0.20129991
v 3.33477683 -0.25717050 0.19954990
v 3.34454236 -0.28668229 0.20129990
v 3.23008004 -0.23372425 0.36524188
v 3.20937704 -0.25401734 0.35820791
v 3.23286654 -0.23200105 0.36583891
v 3.21123104 -0.25140885 0.35911190
v 3.21750034 -0.24405514 0.36166091
v 3.22225874 -0.23958415 0.36321090
v 3.21983014 -0.24176644 0.36245392
v 3.21529104 -0.24642684 0.36083890
v 3.22477664 -0.23751645 0.36392790
v 3.22738364 -0.23556304 0.36460491
v 3.21320184 -0.24887835 0.35998891
v 3.20763864 -0.25670295 0.35727688
v 3.23574444 -0.23039504 0.36639590
v 3.20601624 -0.25946625 0.35631890
v 3.20451304 -0.26230554 0.35533490
v 3.20314305 -0.26519364 0.35433390
v 3.20190744 -0.26812035 0.35331889
v 3.24174894 -0.22755943 0.36737890
v 3.23871474 -0.22890914 0.36691090
v 3.24483084 -0.22635244 0.36779691
v 3.24796034 -0.22528725 0.36816689
v 3.25113714 -0.22436345 0.36848691
v 3.20080324 -0.27108455 0.35229191
v 3.19982984 -0.27408624 0.35125090
v 3.19827715 -0.28020245 0.34913091
v 3.19898764 -0.27712554 0.35019791
v 3.19769845 -0.28331775 0.34805090
v 3.25436164 -0.22358194 0.36875790
v 3.19725324 -0.28646411 0.34695990
v 3.25763444 -0.22294475 0.36897891
v 3.26095536 -0.22245425 0.36914889
v 3.26428985 -0.22211644 0.36926591
v 3.26761872 -0.22193244 0.36932989
v 3.19694515 -0.28961164 0.34586890
v 3.19677305 -0.29275507 0.34477990
v 3.27094226 -0.22189985 0.36934092
v 3.19673684 -0.29589437 0.34369090
v 3.19683624 -0.29902959 0.34260490
v 3.19707024 -0.30216072 0.34151890
v 3.27426057 -0.22201716 0.36929991
v 3.19743844 -0.30528784 0.34043490
v 3.27757356 -0.22228535 0.36920690
v 3.28088114 -0.22270574 0.36906190
v 3.28418313 -0.22327943 0.36886291
v 3.19794265 -0.30841075 0.33935290
v 3.19858454 -0.31152585 0.33827289
v 3.28745313 -0.22400275 0.36861188
v 3.20026545 -0.31763224 0.33615589
v 3.29381223 -0.22587124 0.36796390
v 3.29066243 -0.22486775 0.36831191
v 3.19936014 -0.31460324 0.33720590
v 3.30291033 -0.22970125 0.36663688
v 3.29993593 -0.22828855 0.36712589
v 3.20374595 -0.32643895 0.33310391
v 3.29690333 -0.22701185 0.36756890
v 3.20129845 -0.32061444 0.33512291
v 3.20245855 -0.32355004 0.33410491
v 3.20839474 -0.33481774 0.33019891
v 3.21019864 -0.33748904 0.32927291
v 3.31143163 -0.23473354 0.36489190
v 3.20671164 -0.33207354 0.33114990
v 3.30867813 -0.23293515 0.36551588
v 3.30582613 -0.23125054 0.36609989
v 3.21413274 -0.34256224 0.32751490
v 3.31907823 -0.24076055 0.36280289
v 3.31663033 -0.23864764 0.36353492
v 3.21211134 -0.34007063 0.32837790
v 3.31408183 -0.23663825 0.36423189
v 3.32582683 -0.24771205 0.36039291
v 3.22085004 -0.34949525 0.32511091
v 3.22330994 -0.35162324 0.32437390
v 3.32142683 -0.24297585 0.36203488
v 3.21626274 -0.34496364 0.32668191
v 3.21850164 -0.34727484 0.32588090
v 3.32979393 -0.25282224 0.35862191
v 3.22855534 -0.35557884 0.32300190
v 3.33158703 -0.25547534 0.35770192
v 3.22588384 -0.35365665 0.32366891
v 3.32787303 -0.25023134 0.35951989
v 3.23700654 -0.36057904 0.32126890
v 3.33621432 -0.26379874 0.35481691
v 3.33479633 -0.26096374 0.35579989
v 3.23411684 -0.35903974 0.32180289
v 3.33325413 -0.25818925 0.35676190
v 3.23129984 -0.35737294 0.32238090
v 3.33972613 -0.27266344 0.35174390
v 3.24611504 -0.36442505 0.31993590
v 3.24930014 -0.36544245 0.31958291
v 3.33750873 -0.26669374 0.35381390
v 3.24300474 -0.36327305 0.32033491
v 3.33867973 -0.26964875 0.35278891
v 3.34204813 -0.28186084 0.34855589
v 3.25579634 -0.36703774 0.31902989
v 3.34255123 -0.28496094 0.34748090
v 3.25253174 -0.36631475 0.31928090
v 3.34141123 -0.27877775 0.34962490
v 3.34063802 -0.27571194 0.35068790
v 3.26911529 -0.36842204 0.31854990
v 3.34315933 -0.29121172 0.34531490
v 3.26577551 -0.36830574 0.31859090
v 3.34292163 -0.28807792 0.34640090
v 3.26242524 -0.36803494 0.31868490
v 3.34274842 -0.30384199 0.34093689
v 3.34305553 -0.30069906 0.34202590
v 3.27576101 -0.36820075 0.31862691
v 3.34322793 -0.29753131 0.34312391
v 3.34326233 -0.29436265 0.34422190
v 3.28890243 -0.36594714 0.31940791
v 3.34173643 -0.31005314 0.33878290
v 3.34230853 -0.30695994 0.33985590
v 3.27906701 -0.36786423 0.31874390
v 3.28236183 -0.36737723 0.31891290
v 3.29209753 -0.36501564 0.31973090
v 3.29522993 -0.36394654 0.32010190
v 3.33810343 -0.32217324 0.33458191
v 3.34019133 -0.31616415 0.33666490
v 3.34103103 -0.31312124 0.33771988
v 3.30130903 -0.36140084 0.32098390
v 3.33686023 -0.32511964 0.33356091
v 3.33066223 -0.33624545 0.32970391
v 3.30714293 -0.35831445 0.32205390
v 3.30995513 -0.35657394 0.32265791
v 3.33400633 -0.33081444 0.33158691
v 3.33549463 -0.32800004 0.33256191
v 3.33239543 -0.33356285 0.33063390
v 3.31778383 -0.35070045 0.32469390
v 3.32880563 -0.33886164 0.32879690
v 3.32250423 -0.34626125 0.32623191
v 3.32019343 -0.34853265 0.32544490
v 3.31266613 -0.35472254 0.32329890
v 3.31527513 -0.35276414 0.32397790
v 3.32682323 -0.34141084 0.32791391
v 3.32471613 -0.34388594 0.32705590
v 3.30425653 -0.35992564 0.32149590
v 3.29830023 -0.36274125 0.32051990
v 3.33921583 -0.31918165 0.33561891
v 3.28564523 -0.36673775 0.31913390
v 3.27244377 -0.36838674 0.31856291
v 3.25909414 -0.36761133 0.31883190
v 3.23996904 -0.36199035 0.32077990
v 3.32367663 -0.24529265 0.36123189
v 3.20516274 -0.32928045 0.33211891
v 3.33850863 -0.32223299 0.33431045
v 3.33833328 -0.32213753 0.33455997
v 3.33724652 -0.32519175 0.33331741
v 3.34319202 -0.30379353 0.34067708
v 3.34355695 -0.30074653 0.34150357
v 3.34342954 -0.30065563 0.34187205
v 3.34215814 -0.31003860 0.33855253
v 3.34274809 -0.30692926 0.33959367
v 3.34255913 -0.30690800 0.33981724
v 3.34160557 -0.31179978 0.33812290
v 3.34060097 -0.31618595 0.33642870
v 3.34146483 -0.31314725 0.33742609
v 3.34297789 -0.30374281 0.34093205
v 3.34360359 -0.29747127 0.34297429
v 3.34372680 -0.29425369 0.34393493
v 3.34354438 -0.29320212 0.34453803
v 3.34300661 -0.28480101 0.34722898
v 3.34276058 -0.28479663 0.34749546
v 3.34313647 -0.28792582 0.34641085
v 3.34360023 -0.29109161 0.34509325
v 3.34337609 -0.28793485 0.34614960
v 3.34250227 -0.28168134 0.34830597
v 3.34232157 -0.28175330 0.34850740
v 3.34108729 -0.27549291 0.35044108
v 3.34083678 -0.27553475 0.35070282
v 3.34161185 -0.27859871 0.34964188
v 3.34186339 -0.27857947 0.34937649
v 3.34017191 -0.27242507 0.35149966
v 3.33991045 -0.27245727 0.35176995
v 3.33885841 -0.26943444 0.35281647
v 3.33912118 -0.26939274 0.35254685
v 3.33794370 -0.26641582 0.35357397
v 3.33768397 -0.26647720 0.35384020
v 3.33532625 -0.26069941 0.35528968
v 3.33515282 -0.26071343 0.35567773
v 3.33664440 -0.26350390 0.35457772
v 3.33647103 -0.26362325 0.35478304
v 3.33199155 -0.25512280 0.35746963
v 3.33171967 -0.25521825 0.35774123
v 3.33359876 -0.25791925 0.35664659
v 3.32378099 -0.24502669 0.36127178
v 3.32622276 -0.24736081 0.36020447
v 3.32403642 -0.24487035 0.36100628
v 3.32151811 -0.24270211 0.36207641
v 3.32177209 -0.24253693 0.36181232
v 3.31925940 -0.24048486 0.36279410
v 3.31943474 -0.24030893 0.36255405
v 3.29217163 -0.22511539 0.36819714
v 3.29381223 -0.22587124 0.36796390
v 3.29690333 -0.22701185 0.36756890
v 3.29066243 -0.22486775 0.36831191
v 3.31170428 -0.23424973 0.36471307
v 3.31158247 -0.23447742 0.36489202
v 3.31433593 -0.23624335 0.36413408
v 3.30306107 -0.22935952 0.36661118
v 3.29992936 -0.22799255 0.36717191
v 3.30469594 -0.23040906 0.36636449
v 3.30882215 -0.23263057 0.36551079
v 3.30602906 -0.23081803 0.36600813
v 3.30625472 -0.23073144 0.36560487
v 3.30894405 -0.23242363 0.36530059
v 3.29251184 -0.22473256 0.36767305
v 3.29083398 -0.22425717 0.36799302
v 3.29400341 -0.22526924 0.36764511
v 3.29394594 -0.22540577 0.36787942
v 3.32908334 -0.33897678 0.32864539
v 3.32713635 -0.34154348 0.32772238
v 3.32908165 -0.33919232 0.32826913
v 3.32492756 -0.34391960 0.32701435
v 3.32275808 -0.34642458 0.32604804
v 3.32503534 -0.34406111 0.32677644
v 3.31287976 -0.35485938 0.32318849
v 3.31553564 -0.35298854 0.32369320
v 3.31672814 -0.35187557 0.32423871
v 3.31015041 -0.35674265 0.32251970
v 3.30731117 -0.35855996 0.32185024
v 3.31021704 -0.35685870 0.32218709
v 3.29537320 -0.36413164 0.31997874
v 3.29858137 -0.36302225 0.32006566
v 3.29844892 -0.36293834 0.32037529
v 3.29224672 -0.36522171 0.31959030
v 3.29516890 -0.36435690 0.31960570
v 3.28894984 -0.36629988 0.31893770
v 3.28902861 -0.36614156 0.31928289
v 3.28575517 -0.36693849 0.31900666
v 3.27583230 -0.36841304 0.31849634
v 3.27249036 -0.36863540 0.31839014
v 3.27574581 -0.36855092 0.31816263
v 3.25910304 -0.36783369 0.31869702
v 3.25579627 -0.36703859 0.31903202
v 3.25573873 -0.36727518 0.31887412
v 3.25851646 -0.36787957 0.31839226
v 3.26202833 -0.36834919 0.31823107
v 3.26244718 -0.36825612 0.31855095
v 3.25569888 -0.36737072 0.31856736
v 3.25909433 -0.36761194 0.31883329
v 3.26556880 -0.36864774 0.31812888
v 3.26579384 -0.36855671 0.31841829
v 3.26577595 -0.36830759 0.31859538
v 3.26242515 -0.36803554 0.31868641
v 3.26908081 -0.36877633 0.31808443
v 3.26919151 -0.36864517 0.31842301
v 3.27277633 -0.36872890 0.31809984
v 3.26911529 -0.36842204 0.31854990
v 3.27244438 -0.36838853 0.31856733
v 3.27912561 -0.36815810 0.31847783
v 3.27863905 -0.36826931 0.31825769
v 3.28083829 -0.36779891 0.31873656
v 3.27576110 -0.36820134 0.31862841
v 3.28243781 -0.36766840 0.31864692
v 3.28231256 -0.36775027 0.31843860
v 3.27906726 -0.36786482 0.31874540
v 3.28597620 -0.36703309 0.31868481
v 3.28236145 -0.36737791 0.31891436
v 3.28564551 -0.36673842 0.31913580
v 3.29171767 -0.36550423 0.31920856
v 3.28890263 -0.36594780 0.31940968
v 3.29209789 -0.36501624 0.31973269
v 3.30697125 -0.35885760 0.32150125
v 3.29830127 -0.36274277 0.32052473
v 3.29523021 -0.36394717 0.32010369
v 3.30141702 -0.36175229 0.32050304
v 3.30146105 -0.36162780 0.32079158
v 3.30131420 -0.36140533 0.32100044
v 3.30392096 -0.36050697 0.32092784
v 3.30445402 -0.36014075 0.32131411
v 3.30425611 -0.35992768 0.32150015
v 3.30714404 -0.35831581 0.32205893
v 3.32044889 -0.34875397 0.32519029
v 3.31804777 -0.35093503 0.32438293
v 3.31812352 -0.35091059 0.32422944
v 3.30995465 -0.35657625 0.32266257
v 3.31284466 -0.35506153 0.32280634
v 3.31509307 -0.35337844 0.32338129
v 3.32175593 -0.34754193 0.32538688
v 3.32305587 -0.34627040 0.32583145
v 3.31266654 -0.35472302 0.32330086
v 3.31778510 -0.35070151 0.32469913
v 3.31527559 -0.35276453 0.32397979
v 3.32156535 -0.34741430 0.32581676
v 3.32019343 -0.34853265 0.32544490
v 3.32540854 -0.34370984 0.32671251
v 3.32250423 -0.34626125 0.32623191
v 3.32725549 -0.34151688 0.32746824
v 3.32471613 -0.34388594 0.32705590
v 3.32682364 -0.34141526 0.32792483
v 3.32993798 -0.33750774 0.32925629
v 3.33099476 -0.33635479 0.32951480
v 3.33135009 -0.33598427 0.32937042
v 3.32880563 -0.33886164 0.32879690
v 3.33418480 -0.33136624 0.33096152
v 3.33273437 -0.33370833 0.33038930
v 3.33239781 -0.33356868 0.33065356
v 3.33066223 -0.33624545 0.32970391
v 3.33435117 -0.33087522 0.33143661
v 3.33400664 -0.33081652 0.33159250
v 3.33586141 -0.32807954 0.33234971
v 3.33578974 -0.32838724 0.33198766
v 3.33656401 -0.32619101 0.33316673
v 3.33732584 -0.32517436 0.33309313
v 3.34058694 -0.31645167 0.33609621
v 3.34150052 -0.31320076 0.33721573
v 3.33549463 -0.32800004 0.33256191
v 3.33686058 -0.32512185 0.33356678
v 3.33867394 -0.32195590 0.33420188
v 3.33968214 -0.31921598 0.33514517
v 3.33961855 -0.31921866 0.33538168
v 3.34227086 -0.30982618 0.33837744
v 3.33998608 -0.31763634 0.33609849
v 3.33810343 -0.32217324 0.33458191
v 3.33921619 -0.31918392 0.33562478
v 3.34019179 -0.31616612 0.33667120
v 3.34103149 -0.31312332 0.33772666
v 3.34304862 -0.30542062 0.33989450
v 3.34173672 -0.31005326 0.33878560
v 3.34230880 -0.30695990 0.33985827
v 3.34333703 -0.29896852 0.34260569
v 3.34274842 -0.30384199 0.34093689
v 3.34374391 -0.29736935 0.34266614
v 3.34305553 -0.30069906 0.34202590
v 3.34375766 -0.29282826 0.34422902
v 3.34326283 -0.29436195 0.34423017
v 3.34322793 -0.29753131 0.34312391
v 3.34315982 -0.29121330 0.34532165
v 3.34344331 -0.28802921 0.34588094
v 3.34304924 -0.28468753 0.34703165
v 3.34292163 -0.28807792 0.34640090
v 3.34230567 -0.28028181 0.34854862
v 3.34204808 -0.28185998 0.34856450
v 3.34255123 -0.28496094 0.34748090
v 3.34118040 -0.27560797 0.35015830
v 3.34141123 -0.27877775 0.34962490
v 3.34022491 -0.27239372 0.35126399
v 3.34063802 -0.27571194 0.35068790
v 3.33912296 -0.26922071 0.35235604
v 3.33972613 -0.27266344 0.35174390
v 3.33739867 -0.26496704 0.35382075
v 3.33867973 -0.26964875 0.35278891
v 3.33621332 -0.26379801 0.35482650
v 3.33750873 -0.26669374 0.35381390
v 3.33412500 -0.25933011 0.35634088
v 3.33373330 -0.25782342 0.35627965
v 3.33479633 -0.26096374 0.35579989
v 3.33183635 -0.25476176 0.35733512
v 3.32707725 -0.24824315 0.35957944
v 3.32826233 -0.24987699 0.35933607
v 3.33325413 -0.25818925 0.35676190
v 3.32984125 -0.25184277 0.35834020
v 3.33017717 -0.25246430 0.35842677
v 3.32381685 -0.24453586 0.36085523
v 3.33000480 -0.25263544 0.35860760
v 3.32979399 -0.25282417 0.35863070
v 3.33158703 -0.25547534 0.35770192
v 3.32691294 -0.24871650 0.36002008
v 3.32787303 -0.25023134 0.35951989
v 3.31795143 -0.23892129 0.36278870
v 3.31268952 -0.23481952 0.36420005
v 3.31440772 -0.23612209 0.36390601
v 3.32582683 -0.24771205 0.36039291
v 3.32139746 -0.24206735 0.36170518
v 3.32367663 -0.24529265 0.36123189
v 3.31907823 -0.24076283 0.36281226
v 3.32142683 -0.24297585 0.36203488
v 3.31693672 -0.23819210 0.36335183
v 3.31568480 -0.23758410 0.36386492
v 3.31662793 -0.23864806 0.36354544
v 3.30424643 -0.22964300 0.36598405
v 3.30317794 -0.22916840 0.36639597
v 3.31408183 -0.23663825 0.36423189
v 3.31142905 -0.23473421 0.36490249
v 3.30931917 -0.23257522 0.36497327
v 3.29969981 -0.22746407 0.36673267
v 3.30867583 -0.23293592 0.36552576
v 3.30582644 -0.23125287 0.36610886
v 3.28428499 -0.22260592 0.36840504
v 3.28428389 -0.22269993 0.36866398
v 3.28831815 -0.22351490 0.36809013
v 3.30014217 -0.22774132 0.36691558
v 3.30291033 -0.22970125 0.36663688
v 3.29623487 -0.22603482 0.36722296
v 3.29709150 -0.22645532 0.36735737
v 3.29689610 -0.22671902 0.36761185
v 3.29993593 -0.22828855 0.36712589
v 3.29077659 -0.22439563 0.36822813
v 3.28754882 -0.22352615 0.36852949
v 3.28739570 -0.22380042 0.36865323
v 3.28418328 -0.22328142 0.36887073
v 3.28745313 -0.22400275 0.36861188
v 3.28424788 -0.22295270 0.36886706
v 3.23411202 -0.35904395 0.32181964
v 3.23108804 -0.35759315 0.32218431
v 3.23395938 -0.35926679 0.32160593
v 3.21387728 -0.34272590 0.32732796
v 3.21176170 -0.34021133 0.32811468
v 3.21376303 -0.34276272 0.32703952
v 3.20485643 -0.32939108 0.33193889
v 3.20343623 -0.32657407 0.33292429
v 3.20463976 -0.32923126 0.33169809
v 3.19671377 -0.28968331 0.34580315
v 3.19701549 -0.28651924 0.34689846
v 3.19648957 -0.28949249 0.34561149
v 3.19860296 -0.27699144 0.35005277
v 3.19937909 -0.27386783 0.35100232
v 3.19850426 -0.27676877 0.34975790
v 3.20900660 -0.25364210 0.35803721
v 3.20722414 -0.25636828 0.35704058
v 3.20737014 -0.25665984 0.35724151
v 3.22150790 -0.23937823 0.36263009
v 3.22196641 -0.23922441 0.36310456
v 3.22446373 -0.23709206 0.36377561
v 3.23549593 -0.22991654 0.36625309
v 3.23204197 -0.23171783 0.36526775
v 3.23263112 -0.23158899 0.36574289
v 3.26424415 -0.22152227 0.36905950
v 3.26414629 -0.22185616 0.36929705
v 3.26758416 -0.22144573 0.36924928
v 3.27104737 -0.22122190 0.36887952
v 3.27093550 -0.22141116 0.36925987
v 3.27427069 -0.22152893 0.36921998
v 3.28428390 -0.22270616 0.36868178
v 3.28117291 -0.22206339 0.36858892
v 3.28093725 -0.22221939 0.36897866
v 3.27760376 -0.22179727 0.36912599
v 3.27777382 -0.22162679 0.36874014
v 3.28428176 -0.22261864 0.36839954
v 3.28424383 -0.22297464 0.36887058
v 3.27912814 -0.22225619 0.36918675
v 3.28418340 -0.22328213 0.36887371
v 3.27437940 -0.22134705 0.36883665
v 3.26091409 -0.22184344 0.36891990
v 3.26087242 -0.22212054 0.36915001
v 3.25757037 -0.22233652 0.36874990
v 3.25754048 -0.22261399 0.36897878
v 3.24779843 -0.22472021 0.36795711
v 3.24488489 -0.22562000 0.36736483
v 3.24466202 -0.22590134 0.36770936
v 3.23834788 -0.22834163 0.36642873
v 3.23851190 -0.22847667 0.36682012
v 3.24154501 -0.22703074 0.36720375
v 3.25095874 -0.22412993 0.36850845
v 3.25425161 -0.22310865 0.36867392
v 3.25100110 -0.22378722 0.36827781
v 3.24782378 -0.22497393 0.36816209
v 3.22981221 -0.23316509 0.36492553
v 3.22982630 -0.23332773 0.36514401
v 3.21950302 -0.24128775 0.36221446
v 3.21959120 -0.24154040 0.36242634
v 3.21088640 -0.25112794 0.35899323
v 3.21281661 -0.24848956 0.35975755
v 3.21086649 -0.25086469 0.35867479
v 3.21492721 -0.24606592 0.36067672
v 3.21292819 -0.24881086 0.35996109
v 3.20559344 -0.25915052 0.35608056
v 3.20391966 -0.26216877 0.35478647
v 3.20414332 -0.26208752 0.35520489
v 3.20574702 -0.25943747 0.35627941
v 3.20164280 -0.26813087 0.35326865
v 3.20035616 -0.27084734 0.35204470
v 3.20054165 -0.27110243 0.35223883
v 3.20273247 -0.26489614 0.35415197
v 3.20146535 -0.26786292 0.35307507
v 3.19957554 -0.27410235 0.35119964
v 3.19821470 -0.27941530 0.34936878
v 3.19782221 -0.28002387 0.34887935
v 3.19724252 -0.28315866 0.34779734
v 3.19741339 -0.28328630 0.34797731
v 3.19679701 -0.28632335 0.34670437
v 3.19693337 -0.30286309 0.34124624
v 3.19640198 -0.29897760 0.34237234
v 3.19662534 -0.30211680 0.34125362
v 3.20641320 -0.33219398 0.33096914
v 3.20803800 -0.33495349 0.32991939
v 3.20826999 -0.33497377 0.33011265
v 3.22027240 -0.34950338 0.32471856
v 3.22064628 -0.34968240 0.32494172
v 3.21820952 -0.34747565 0.32559752
v 3.21841399 -0.34743778 0.32579518
v 3.21601663 -0.34513605 0.32649308
v 3.23400614 -0.35940331 0.32131129
v 3.23693441 -0.36079678 0.32113394
v 3.23695123 -0.36096805 0.32077264
v 3.23969417 -0.36226396 0.32032737
v 3.24228451 -0.36336689 0.31994360
v 3.24560383 -0.36464064 0.31951142
v 3.24597378 -0.36467862 0.31973463
v 3.28088114 -0.22270574 0.36906190
v 3.27249638 -0.22173180 0.36936923
v 3.27757356 -0.22228535 0.36920690
v 3.25956355 -0.22195412 0.36862832
v 3.27426057 -0.22201716 0.36929991
v 3.26747768 -0.22125533 0.36886739
v 3.26750244 -0.22175105 0.36936290
v 3.27094226 -0.22189985 0.36934092
v 3.26353230 -0.22150083 0.36878430
v 3.25426402 -0.22295238 0.36844497
v 3.25575627 -0.22260234 0.36840656
v 3.26761872 -0.22193244 0.36932989
v 3.26428985 -0.22211644 0.36926591
v 3.26095412 -0.22245695 0.36915864
v 3.25763078 -0.22294796 0.36898878
v 3.25188491 -0.22347431 0.36810563
v 3.25422168 -0.22342308 0.36878336
v 3.25436164 -0.22358194 0.36875790
v 3.24837852 -0.22446190 0.36776557
v 3.24795978 -0.22528996 0.36817651
v 3.25113714 -0.22436345 0.36848691
v 3.24271956 -0.22690994 0.36756429
v 3.24024855 -0.22747392 0.36672851
v 3.24483084 -0.22635244 0.36779691
v 3.24174858 -0.22756204 0.36738845
v 3.23697292 -0.22952131 0.36666531
v 3.23871174 -0.22891304 0.36692020
v 3.23484495 -0.23012941 0.36581420
v 3.22698774 -0.23504259 0.36412210
v 3.22827891 -0.23414625 0.36443242
v 3.23120726 -0.23275796 0.36554421
v 3.23286380 -0.23200512 0.36584812
v 3.23574444 -0.23039504 0.36639590
v 3.22711803 -0.23517694 0.36450403
v 3.22579739 -0.23646422 0.36425881
v 3.23008004 -0.23372425 0.36524188
v 3.22738116 -0.23556695 0.36461344
v 3.22394617 -0.23735722 0.36332607
v 3.22207078 -0.23950710 0.36320979
v 3.22477664 -0.23751645 0.36392790
v 3.21762012 -0.24302517 0.36137607
v 3.21982804 -0.24177078 0.36246289
v 3.22225874 -0.23958415 0.36321090
v 3.21718355 -0.24372774 0.36155065
v 3.21610163 -0.24523088 0.36122329
v 3.21749840 -0.24405933 0.36166952
v 3.21544613 -0.24532676 0.36058345
v 3.20962019 -0.25259498 0.35808216
v 3.21310077 -0.24803737 0.35965028
v 3.20707163 -0.25649253 0.35673888
v 3.21529104 -0.24642684 0.36083890
v 3.21008046 -0.25266260 0.35865101
v 3.21320184 -0.24887835 0.35998891
v 3.21123104 -0.25140885 0.35911190
v 3.20937704 -0.25401734 0.35820791
v 3.20532888 -0.25948924 0.35570785
v 3.20763864 -0.25670295 0.35727688
v 3.20360480 -0.26374011 0.35481299
v 3.20601624 -0.25946625 0.35631890
v 3.20162164 -0.26729424 0.35302147
v 3.20451304 -0.26230554 0.35533490
v 3.20314305 -0.26519364 0.35433390
v 3.19980735 -0.27224267 0.35131596
v 3.20190744 -0.26812035 0.35331889
v 3.20080324 -0.27108455 0.35229191
v 3.19982984 -0.27408624 0.35125090
v 3.19774916 -0.28008379 0.34861683
v 3.19898764 -0.27712554 0.35019791
v 3.19694796 -0.28460430 0.34706014
v 3.19827715 -0.28020245 0.34913091
v 3.19769767 -0.28332198 0.34805786
v 3.19644610 -0.28930552 0.34544172
v 3.19725324 -0.28646411 0.34695990
v 3.19625532 -0.29263330 0.34429688
v 3.19639388 -0.29270349 0.34462283
v 3.19654425 -0.29480270 0.34404517
v 3.19694515 -0.28961164 0.34586890
v 3.19624180 -0.29714097 0.34274484
v 3.19629942 -0.29582742 0.34346029
v 3.19694223 -0.30527805 0.33994311
v 3.19702003 -0.30523463 0.34025423
v 3.19654518 -0.30184895 0.34112380
v 3.19677305 -0.29275507 0.34477990
v 3.19749145 -0.30861148 0.33879533
v 3.19665387 -0.29911210 0.34254686
v 3.19673684 -0.29589437 0.34369090
v 3.19683624 -0.29902959 0.34260490
v 3.19707024 -0.30216072 0.34151890
v 3.19975843 -0.31756587 0.33571271
v 3.20091549 -0.32089731 0.33456681
v 3.20088266 -0.32064761 0.33486941
v 3.19753864 -0.30842473 0.33913990
v 3.19815078 -0.31044146 0.33862212
v 3.19743844 -0.30528784 0.34043490
v 3.19809298 -0.31147958 0.33780874
v 3.19817042 -0.31154507 0.33803065
v 3.19794265 -0.30841075 0.33935290
v 3.19858448 -0.31152974 0.33827871
v 3.19895398 -0.31464134 0.33696234
v 3.19879555 -0.31430326 0.33683624
v 3.20198055 -0.32355300 0.33365234
v 3.19956969 -0.31620690 0.33659380
v 3.19935954 -0.31460473 0.33721223
v 3.19986502 -0.31768142 0.33591166
v 3.20026560 -0.31763627 0.33616171
v 3.20116526 -0.32074720 0.33505113
v 3.20211433 -0.32365528 0.33390572
v 3.20129845 -0.32061444 0.33512291
v 3.20245928 -0.32355849 0.33411540
v 3.20311250 -0.32612027 0.33276741
v 3.20374543 -0.32644072 0.33310949
v 3.21153434 -0.34000805 0.32798850
v 3.20981448 -0.33765717 0.32879692
v 3.20584195 -0.33085664 0.33155572
v 3.20632810 -0.33227837 0.33064845
v 3.20516274 -0.32928045 0.33211891
v 3.20825081 -0.33537245 0.32958282
v 3.20671164 -0.33207354 0.33114990
v 3.20986905 -0.33764248 0.32901848
v 3.21105696 -0.33898444 0.32872843
v 3.20839474 -0.33481774 0.33019891
v 3.21019934 -0.33749258 0.32927806
v 3.22306002 -0.35181783 0.32418149
v 3.22296171 -0.35184975 0.32391302
v 3.21515025 -0.34395859 0.32701450
v 3.21211134 -0.34007063 0.32837790
v 3.21584331 -0.34510206 0.32623572
v 3.21413274 -0.34256224 0.32751490
v 3.21776918 -0.34709246 0.32554604
v 3.22579330 -0.35407211 0.32314676
v 3.21626274 -0.34496364 0.32668191
v 3.21850164 -0.34727484 0.32588090
v 3.22085266 -0.34950215 0.32512047
v 3.23198737 -0.35820195 0.32171562
v 3.22331112 -0.35162642 0.32437858
v 3.22568739 -0.35386409 0.32347452
v 3.22720557 -0.35480079 0.32325837
v 3.22879759 -0.35619686 0.32241304
v 3.22835137 -0.35581753 0.32276520
v 3.22588384 -0.35365665 0.32366891
v 3.23129970 -0.35737474 0.32238519
v 3.22855534 -0.35557884 0.32300190
v 3.24921387 -0.36579528 0.31911039
v 3.25569910 -0.36736929 0.31856726
v 3.25573676 -0.36728348 0.31886933
v 3.25279742 -0.36674805 0.31878243
v 3.23984184 -0.36222909 0.32058204
v 3.23996985 -0.36199745 0.32079535
v 3.23700717 -0.36058013 0.32127066
v 3.24289553 -0.36353901 0.32011836
v 3.24300500 -0.36327709 0.32034434
v 3.24611515 -0.36442694 0.31994050
v 3.24922871 -0.36568241 0.31940727
v 3.24930445 -0.36544761 0.31959185
v 3.25246005 -0.36656664 0.31908349
v 3.25252698 -0.36631997 0.31929655
v 3.25579629 -0.36703837 0.31903150
v 3.27099847 -0.21397534 0.36098819
v 3.26832130 -0.21286574 0.36098092
v 3.26838369 -0.21312484 0.36098292
v 3.27151516 -0.21337255 0.36098489
v 3.27161741 -0.21312584 0.36098289
v 3.26862472 -0.21359864 0.36098691
v 3.26879772 -0.21380185 0.36098989
v 3.27137515 -0.21359965 0.36098690
v 3.27120162 -0.21380235 0.36098989
v 3.27169994 -0.21260014 0.36098092
v 3.27167962 -0.21286624 0.36098091
v 3.26999993 -0.21430015 0.36099992
v 3.26973385 -0.21427985 0.36099889
v 3.27052468 -0.21421644 0.36099690
v 3.27026551 -0.21427884 0.36099891
v 3.27077096 -0.21411444 0.36099490
v 3.27162636 -0.21210715 0.36098189
v 3.27168325 -0.21235052 0.36098083
v 3.26947421 -0.21421755 0.36099690
v 3.26922756 -0.21411535 0.36099489
v 3.27153831 -0.21187332 0.36098439
v 3.26900044 -0.21397534 0.36099290
v 3.27126162 -0.21145813 0.36098879
v 3.27101445 -0.21123353 0.36099243
v 3.27141327 -0.21165634 0.36098688
v 3.26848566 -0.21337114 0.36098489
v 3.27072823 -0.21106102 0.36099538
v 3.26829994 -0.21260014 0.36097991
v 3.27041356 -0.21094831 0.36099860
v 3.27008344 -0.21089958 0.36099949
v 3.26975015 -0.21091725 0.36099889
v 3.26942719 -0.21099829 0.36099688
v 3.26912568 -0.21114052 0.36099451
v 3.26885643 -0.21133955 0.36099088
v 3.26863172 -0.21158775 0.36098737
v 3.26850011 -0.21179825 0.36098490
v 3.26839670 -0.21202672 0.36098292
v 3.26831580 -0.21235068 0.36098092
v 3.27290681 -0.36875324 0.31578290
v 3.26999994 -0.36876355 0.31808491
v 3.26999994 -0.36880404 0.31576490
v 3.28035273 -0.36803973 0.31833458
v 3.28418369 -0.36743456 0.31624367
v 3.28318804 -0.36757535 0.31849390
v 3.27848128 -0.36832088 0.31593406
v 3.28135773 -0.36792464 0.31607191
v 3.28784488 -0.36662029 0.31652818
v 3.28969605 -0.36609188 0.31900492
v 3.28606817 -0.36699840 0.31869259
v 3.29153257 -0.36559921 0.31688377
v 3.29332296 -0.36498599 0.31938581
v 3.30032180 -0.36229364 0.31803718
v 3.30116053 -0.36185904 0.32046191
v 3.29863486 -0.36298548 0.32007463
v 3.29774053 -0.36339204 0.31765391
v 3.31770133 -0.35127202 0.32410754
v 3.31622021 -0.35254510 0.32143905
v 3.31837323 -0.35073945 0.32206890
v 3.32242343 -0.34694894 0.32339190
v 3.32305359 -0.34625734 0.32583370
v 3.32042667 -0.34884351 0.32494418
v 3.32431310 -0.34497741 0.32407984
v 3.32554527 -0.34354672 0.32676765
v 3.33218753 -0.33468203 0.32981912
v 3.33112639 -0.33636406 0.32708627
v 3.33352522 -0.33259463 0.32840156
v 3.33572029 -0.32859020 0.32979919
v 3.33728242 -0.32533736 0.33093458
v 3.33617912 -0.32761565 0.33225271
v 3.33404299 -0.33161394 0.33087603
v 3.33837820 -0.32270823 0.33394238
v 3.34226598 -0.31010269 0.33625087
v 3.34266805 -0.30782811 0.33906511
v 3.34150056 -0.31316224 0.33722853
v 3.34101441 -0.31510848 0.33450338
v 3.34327793 -0.30386882 0.33842530
v 3.34348784 -0.30154246 0.34122934
v 3.34378387 -0.29751413 0.34064318
v 3.34374199 -0.29707801 0.34276634
v 3.34368153 -0.29036170 0.34313870
v 3.34371598 -0.29162106 0.34464487
v 3.34310949 -0.28490199 0.34504379
v 3.34302982 -0.28442414 0.34712336
v 3.34236764 -0.28045687 0.34659507
v 3.34165661 -0.27736715 0.34955281
v 3.34111628 -0.27522324 0.34842135
v 3.33976647 -0.27092378 0.34992221
v 3.34020983 -0.27235405 0.35127888
v 3.33817234 -0.26670070 0.35139594
v 3.33683432 -0.26376699 0.35423512
v 3.33861913 -0.26789014 0.35281543
v 3.33589922 -0.26174566 0.35312521
v 3.33528441 -0.26064299 0.35531067
v 3.33325530 -0.25695759 0.35479752
v 3.33358929 -0.25759816 0.35635872
v 3.33164653 -0.25447719 0.35743363
v 3.33068862 -0.25300078 0.35617850
v 3.32898197 -0.25067309 0.35874327
v 3.32624539 -0.24721526 0.35819756
v 3.32613236 -0.24712689 0.35996328
v 3.32315064 -0.24377974 0.35939678
v 3.32365832 -0.24436988 0.36091327
v 3.32117656 -0.24186207 0.36177635
v 3.31987006 -0.24059424 0.36050789
v 3.31842868 -0.23934540 0.36264297
v 3.31706909 -0.23815338 0.36135992
v 3.31418605 -0.23588456 0.36215171
v 3.31630623 -0.23757444 0.36325290
v 3.31117869 -0.23375185 0.36289590
v 3.31412242 -0.23587294 0.36383821
v 3.31108717 -0.23372521 0.36457721
v 3.30872283 -0.23217695 0.36344590
v 3.30628899 -0.23073356 0.36394897
v 3.30793960 -0.23172768 0.36526565
v 3.30545053 -0.23030695 0.36575491
v 3.30382903 -0.22941214 0.36441090
v 3.30136112 -0.22819053 0.36483690
v 3.30288413 -0.22895895 0.36621823
v 3.30041313 -0.22779124 0.36662091
v 3.29790774 -0.22667575 0.36536586
v 3.29784267 -0.22667980 0.36700271
v 3.29438049 -0.22533918 0.36583209
v 3.29433605 -0.22535362 0.36745992
v 3.29081607 -0.22419253 0.36623263
v 3.29079256 -0.22421469 0.36785145
v 3.28707834 -0.22319894 0.36658003
v 3.28799993 -0.22345984 0.36811190
v 3.28342244 -0.22242701 0.36684879
v 3.28511853 -0.22279005 0.36834225
v 3.27985774 -0.22185728 0.36704726
v 3.28134577 -0.22210294 0.36857899
v 3.27771198 -0.22162956 0.36874256
v 3.27628782 -0.22146440 0.36718386
v 3.27413087 -0.22134160 0.36884169
v 3.27273537 -0.22124732 0.36726050
v 3.27000013 -0.22121962 0.36888369
v 3.26999994 -0.22120214 0.36727690
v 3.32868118 -0.25024456 0.35714036
v 3.34025048 -0.31754650 0.33571903
v 3.33994214 -0.31856553 0.33329786
v 3.33869126 -0.32199405 0.33210077
v 3.33014599 -0.33771282 0.32877591
v 3.32903431 -0.33929974 0.32606187
v 3.32790582 -0.34070489 0.32774630
v 3.32673378 -0.34221156 0.32504488
v 3.32041703 -0.34890564 0.32270924
v 3.31488820 -0.35354067 0.32332630
v 3.31326072 -0.35480222 0.32065135
v 3.31178237 -0.35579678 0.32254892
v 3.31018544 -0.35691069 0.31991621
v 3.30862398 -0.35785046 0.32184290
v 3.30696549 -0.35888541 0.31922635
v 3.30617133 -0.35928635 0.32134790
v 3.30373405 -0.36060470 0.32089445
v 3.30363551 -0.36069962 0.31859389
v 3.29507898 -0.36441843 0.31729646
v 3.29597173 -0.36404055 0.31971091
v 3.27659465 -0.36847456 0.31818460
v 3.27285875 -0.36871430 0.31810137
v 3.27569787 -0.36858395 0.31584191
v 3.20135254 -0.26792765 0.35280260
v 3.20352279 -0.26301274 0.35449481
v 3.20339660 -0.26320356 0.35261696
v 3.19905693 -0.27468568 0.35047601
v 3.20122521 -0.26816335 0.35088615
v 3.20504488 -0.25995797 0.35375007
v 3.20518356 -0.25976783 0.35561189
v 3.20727466 -0.25609143 0.35509884
v 3.20697830 -0.25665034 0.35668507
v 3.19759055 -0.28084320 0.34835602
v 3.19890662 -0.27509525 0.34846726
v 3.19730353 -0.28213614 0.34601052
v 3.20894208 -0.25359510 0.35773721
v 3.20977161 -0.25234547 0.35640674
v 3.21099200 -0.25072058 0.35872675
v 3.21203426 -0.24931672 0.35746406
v 3.19685666 -0.28540543 0.34678494
v 3.21328244 -0.24782154 0.35972498
v 3.19648168 -0.28842600 0.34381541
v 3.19640148 -0.28983772 0.34525948
v 3.21441884 -0.24644256 0.35846707
v 3.19619440 -0.29385215 0.34192116
v 3.19621429 -0.29608187 0.34310945
v 3.21568997 -0.24506915 0.36067217
v 3.21693526 -0.24370448 0.35942250
v 3.21830952 -0.24236265 0.36160391
v 3.21954197 -0.24113883 0.36031806
v 3.22094949 -0.23989374 0.36245375
v 3.22230875 -0.23867431 0.36117845
v 3.22378090 -0.23749763 0.36327873
v 3.22524082 -0.23631688 0.36200100
v 3.22598194 -0.23580274 0.36386290
v 3.22831807 -0.23412846 0.36443869
v 3.22748164 -0.23468085 0.36257189
v 3.22977287 -0.23312256 0.36311537
v 3.23147384 -0.23208358 0.36514294
v 3.23218004 -0.23162945 0.36363691
v 3.23451710 -0.23028563 0.36410582
v 3.23468731 -0.23022519 0.36578270
v 3.23797930 -0.22853579 0.36636435
v 3.23711614 -0.22893325 0.36457791
v 3.23968324 -0.22770989 0.36500391
v 3.24054164 -0.22736734 0.36676689
v 3.24315375 -0.22625163 0.36551326
v 3.24318665 -0.22626935 0.36714389
v 3.24662913 -0.22499439 0.36595208
v 3.24580654 -0.22531024 0.36747491
v 3.24939664 -0.22413664 0.36625190
v 3.24851859 -0.22442094 0.36778028
v 3.25211597 -0.22339566 0.36651007
v 3.25120874 -0.22366345 0.36804191
v 3.25490974 -0.22276133 0.36673191
v 3.25406470 -0.22296573 0.36828193
v 3.25764554 -0.22223775 0.36691448
v 3.25777125 -0.22224491 0.36852979
v 3.26144664 -0.22169356 0.36710490
v 3.26052212 -0.22184164 0.36866891
v 3.26339339 -0.22152040 0.36877937
v 3.26430257 -0.22142224 0.36719989
v 3.26716828 -0.22125025 0.36725930
v 3.26718326 -0.22127778 0.36886295
v 3.26999994 -0.22120214 0.36727690
v 3.26999994 -0.22123015 0.36887888
v 3.19635205 -0.30014183 0.33972744
v 3.19667982 -0.30332449 0.34061613
v 3.19692655 -0.30536263 0.33790545
v 3.19768216 -0.30961446 0.33844998
v 3.19771306 -0.30994429 0.33630619
v 3.19895992 -0.31492193 0.33662314
v 3.19876349 -0.31430957 0.33478342
v 3.19977246 -0.31770343 0.33359922
v 3.20030959 -0.31919126 0.33515320
v 3.20193196 -0.32346134 0.33368274
v 3.20096310 -0.32109895 0.33241397
v 3.20234241 -0.32449196 0.33122961
v 3.20377727 -0.32750574 0.33229053
v 3.20384473 -0.32772636 0.33010062
v 3.20548422 -0.33077514 0.33116459
v 3.20595282 -0.33170032 0.32871311
v 3.20726623 -0.33381277 0.33011870
v 3.20977581 -0.33761896 0.32880851
v 3.20833250 -0.33555399 0.32736863
v 3.21038965 -0.33852120 0.32633239
v 3.21258700 -0.34132230 0.32753270
v 3.21332970 -0.34229639 0.32501509
v 3.21554262 -0.34477830 0.32634368
v 3.21616183 -0.34548971 0.32390151
v 3.21875374 -0.34806386 0.32521157
v 3.21813594 -0.34750704 0.32319690
v 3.22016253 -0.34944196 0.32252223
v 3.22143291 -0.35052623 0.32436423
v 3.22364924 -0.35238224 0.32372491
v 3.22296003 -0.35187696 0.32167235
v 3.22589254 -0.35413177 0.32312338
v 3.22511914 -0.35358885 0.32107490
v 3.22894519 -0.35629068 0.32237936
v 3.22742097 -0.35528949 0.32048179
v 3.23044877 -0.35731816 0.31977351
v 3.23206133 -0.35826722 0.32169862
v 3.23286574 -0.35878105 0.31926290
v 3.23523171 -0.36006343 0.32108026
v 3.23541256 -0.36020365 0.31876704
v 3.23780654 -0.36136854 0.32063090
v 3.23873296 -0.36185978 0.31818896
v 3.24034075 -0.36254503 0.32022629
v 3.24377923 -0.36395243 0.31974163
v 3.24126084 -0.36297874 0.31779789
v 3.24393574 -0.36405480 0.31742268
v 3.24740580 -0.36522449 0.31930320
v 3.24750146 -0.36529741 0.31698928
v 3.25101341 -0.36628449 0.31893815
v 3.25017024 -0.36609034 0.31671190
v 3.25383754 -0.36697145 0.31870190
v 3.25293765 -0.36681110 0.31646087
v 3.25658590 -0.36753969 0.31850645
v 3.25657185 -0.36757812 0.31619264
v 3.26010806 -0.36810274 0.31831194
v 3.26013605 -0.36814755 0.31599402
v 3.26282346 -0.36841383 0.31820491
v 3.26554672 -0.36863474 0.31812970
v 3.26282132 -0.36845425 0.31588690
v 3.26553945 -0.36867468 0.31581075
v 3.26999961 -0.36878100 0.31807965
v 3.26999971 -0.36881494 0.31575985
v 3.27078606 -0.21412005 0.36099497
v 3.26999975 -0.21433093 0.36164993
v 3.27094287 -0.21403390 0.36164988
v 3.26999718 -0.21431754 0.36100020
v 3.26921450 -0.21412187 0.36099499
v 3.26911510 -0.21406433 0.36164990
v 3.26856637 -0.21354299 0.36164988
v 3.26854270 -0.21352142 0.36098593
v 3.26826948 -0.21260193 0.36164993
v 3.26828282 -0.21260110 0.36097952
v 3.27145942 -0.21351968 0.36098587
v 3.27146476 -0.21348467 0.36164988
v 3.27173077 -0.21260188 0.36164990
v 3.27171766 -0.21260109 0.36098016
v 3.26942216 -0.21099032 0.36099708
v 3.27016637 -0.21089225 0.36099980
v 3.26947629 -0.21096957 0.36164990
v 3.26870549 -0.21145390 0.36164990
v 3.26891370 -0.21128609 0.36099199
v 3.27015677 -0.21089822 0.36164991
v 3.26844170 -0.21186466 0.36098396
v 3.26829370 -0.21259985 0.36098024
v 3.26832990 -0.21223600 0.36164990
v 3.26829994 -0.21260014 0.36164990
v 3.27087797 -0.21113121 0.36099393
v 3.27095423 -0.21116236 0.36164990
v 3.27137613 -0.21158654 0.36098715
v 3.27150586 -0.21179220 0.36164990
v 3.27165564 -0.21217629 0.36098127
v 3.27172561 -0.21259874 0.36164988
v 3.27169994 -0.21260014 0.36098092
v 3.20781714 -0.33492812 0.32729934
v 3.20822387 -0.33536605 0.32742975
v 3.20607042 -0.33214398 0.32821923
v 3.20961367 -0.33762278 0.32633946
v 3.20980771 -0.33768636 0.32662084
v 3.21151427 -0.33999412 0.32581500
v 3.21156369 -0.34023313 0.32545353
v 3.21617723 -0.34548689 0.32389803
v 3.21360727 -0.34275260 0.32458010
v 3.21575295 -0.34517541 0.32373720
v 3.21801572 -0.34751266 0.32292617
v 3.21816437 -0.34752202 0.32318845
v 3.22038384 -0.34975460 0.32214711
v 3.22020963 -0.34946599 0.32250860
v 3.22589139 -0.35416286 0.32087047
v 3.22279230 -0.35190484 0.32134020
v 3.22544453 -0.35396299 0.32066325
v 3.22816202 -0.35590161 0.32001073
v 3.22826345 -0.35585810 0.32027980
v 3.23094505 -0.35770683 0.31940342
v 3.23052559 -0.35735182 0.31975720
v 3.23375263 -0.35940203 0.31877400
v 3.23669094 -0.36095108 0.31825696
v 3.23716424 -0.36108735 0.31845438
v 3.23968209 -0.36237782 0.31776091
v 3.24038305 -0.36259600 0.31792754
v 3.24273873 -0.36367297 0.31730777
v 3.24289741 -0.36363870 0.31756459
v 3.25569950 -0.36740744 0.31625294
v 3.25296536 -0.36680795 0.31645895
v 3.25566348 -0.36748580 0.31595178
v 3.25229277 -0.36699889 0.31604205
v 3.25560368 -0.36773193 0.31578853
v 3.25231424 -0.36675745 0.31619702
v 3.20525190 -0.33043091 0.32915404
v 3.20311032 -0.32646266 0.33021770
v 3.20447859 -0.32930230 0.32918566
v 3.20365974 -0.32733916 0.33023363
v 3.20189054 -0.32355216 0.33132416
v 3.20089568 -0.32087718 0.33248810
v 3.19973166 -0.31764482 0.33342465
v 3.20066241 -0.32058537 0.33228117
v 3.19799233 -0.31142350 0.33554370
v 3.19842430 -0.31357820 0.33468581
v 3.19906335 -0.31536044 0.33441418
v 3.19747549 -0.30860887 0.33676959
v 3.19678109 -0.30511516 0.33765997
v 3.19728585 -0.30826288 0.33656497
v 3.19641175 -0.30195659 0.33875764
v 3.19663044 -0.30294546 0.33874678
v 3.19617724 -0.29879378 0.33985582
v 3.19631630 -0.29910675 0.34008571
v 3.19608009 -0.29563211 0.34095510
v 3.19619501 -0.29253796 0.34212428
v 3.19620361 -0.29507822 0.34149135
v 3.19629662 -0.28929411 0.34315948
v 3.19636214 -0.29012828 0.34321978
v 3.19668234 -0.28616875 0.34436851
v 3.19723860 -0.28272316 0.34580391
v 3.19764881 -0.27979565 0.34646001
v 3.19706154 -0.28293961 0.34536634
v 3.19646271 -0.28597063 0.34417384
v 3.19836852 -0.27669025 0.34753933
v 3.19828506 -0.27759780 0.34759277
v 3.19922109 -0.27362497 0.34860521
v 3.19916512 -0.27431649 0.34873774
v 3.20020537 -0.27059650 0.34965701
v 3.20029088 -0.27079292 0.34996707
v 3.20132225 -0.26761083 0.35069647
v 3.20140082 -0.26777074 0.35091553
v 3.20257194 -0.26465684 0.35172289
v 3.20553166 -0.25896625 0.35384161
v 3.20396955 -0.26176952 0.35276035
v 3.20406181 -0.26187939 0.35308063
v 3.20714431 -0.25626113 0.35480310
v 3.20537604 -0.25868012 0.35364030
v 3.21066356 -0.25054382 0.35646256
v 3.21079325 -0.25084673 0.35666808
v 3.21266297 -0.24798732 0.35735009
v 3.21478217 -0.24550918 0.35820966
v 3.21277939 -0.24830133 0.35755705
v 3.22191026 -0.23894076 0.36081626
v 3.21942287 -0.24103987 0.35993431
v 3.21940073 -0.24128829 0.36026927
v 3.21707158 -0.24334653 0.35913228
v 3.21488666 -0.24583109 0.35841701
v 3.22438918 -0.23652138 0.36132852
v 3.22183256 -0.23861052 0.36060282
v 3.22976311 -0.23293835 0.36275154
v 3.22704291 -0.23479092 0.36210711
v 3.22692540 -0.23508914 0.36243301
v 3.22444734 -0.23685935 0.36154194
v 3.23259828 -0.23130831 0.36347663
v 3.23548403 -0.22934337 0.36381724
v 3.23257753 -0.23095913 0.36325703
v 3.23549487 -0.22969325 0.36403912
v 3.23849011 -0.22784585 0.36433653
v 3.23849091 -0.22819457 0.36455905
v 3.24153182 -0.22672917 0.36491131
v 3.24784509 -0.22420089 0.36560133
v 3.24461577 -0.22537184 0.36525163
v 3.24465076 -0.22562264 0.36545652
v 3.25422276 -0.22289592 0.36655947
v 3.25753924 -0.22223285 0.36670824
v 3.25427241 -0.22265674 0.36624892
v 3.27090960 -0.22119588 0.36715303
v 3.26755288 -0.22123254 0.36714506
v 3.27081652 -0.22118630 0.36727893
v 3.26760673 -0.22106624 0.36688074
v 3.26424766 -0.22135943 0.36694143
v 3.27426698 -0.22131519 0.36711738
v 3.27435391 -0.22131047 0.36723497
v 3.27783884 -0.22160888 0.36713322
v 3.28138175 -0.22207600 0.36697092
v 3.28092412 -0.22194985 0.36673992
v 3.28427787 -0.22259668 0.36678978
v 3.28427553 -0.22250739 0.36649855
v 3.25105224 -0.22327489 0.36592316
v 3.25100011 -0.22362203 0.36615493
v 3.24780249 -0.22455110 0.36583068
v 3.28110789 -0.22164744 0.36648748
v 3.28437508 -0.22193931 0.36631512
v 3.28104233 -0.22136304 0.36652690
v 3.24937872 -0.36585513 0.31679035
v 3.24910084 -0.36586502 0.31654873
v 3.24901998 -0.36611029 0.31633427
v 3.24586108 -0.36481982 0.31690177
v 3.24579785 -0.36508624 0.31670136
v 3.24543523 -0.36459149 0.31723344
v 3.23360664 -0.35919647 0.31911349
v 3.23534750 -0.36018412 0.31877563
v 3.24118771 -0.36322102 0.31736671
v 3.23955564 -0.36261694 0.31756290
v 3.24264024 -0.36391964 0.31711091
v 3.23655581 -0.36118182 0.31804192
v 3.22297462 -0.35188584 0.32159428
v 3.22438750 -0.35304664 0.32126672
v 3.23362338 -0.35962328 0.31858959
v 3.22958865 -0.35704410 0.31951363
v 3.22152510 -0.35067809 0.32209391
v 3.22797654 -0.35611455 0.31981690
v 3.23076464 -0.35793654 0.31918490
v 3.22527155 -0.35416451 0.32048152
v 3.21361603 -0.34260270 0.32490450
v 3.21493188 -0.34416838 0.32436513
v 3.22265809 -0.35210395 0.32120508
v 3.21910451 -0.34881738 0.32236246
v 3.21778454 -0.34769875 0.32273390
v 3.22017084 -0.34995395 0.32195191
v 3.21550661 -0.34533945 0.32353182
v 3.20624458 -0.33218451 0.32845987
v 3.20724977 -0.33387822 0.32795506
v 3.21245267 -0.34164655 0.32485131
v 3.21334966 -0.34291543 0.32438995
v 3.20935814 -0.33776490 0.32616500
v 3.21129984 -0.34039044 0.32526691
v 3.20752994 -0.33505398 0.32709553
v 3.20584209 -0.33231133 0.32806138
v 3.20427340 -0.32948838 0.32904402
v 3.20025963 -0.31917575 0.33308464
v 3.20283108 -0.32659565 0.33003580
v 3.20151202 -0.32364243 0.33106645
v 3.20107903 -0.32218811 0.33160261
v 3.20225459 -0.32429509 0.33129899
v 3.19898877 -0.31618652 0.33368158
v 3.19927424 -0.31760834 0.33316490
v 3.20032504 -0.32064295 0.33211290
v 3.19835764 -0.31453764 0.33422890
v 3.19757567 -0.31142750 0.33529996
v 3.19818524 -0.31204246 0.33557444
v 3.19706171 -0.30624357 0.33759593
v 3.19679401 -0.30673444 0.33695319
v 3.19692824 -0.30829094 0.33639389
v 3.19641704 -0.30512874 0.33748990
v 3.19604892 -0.30042547 0.33914130
v 3.19604154 -0.30194500 0.33859390
v 3.19580384 -0.29876730 0.33969590
v 3.19573925 -0.29242341 0.34188842
v 3.19570294 -0.29559074 0.34079690
v 3.19594941 -0.29097833 0.34241959
v 3.19591406 -0.28921604 0.34299829
v 3.19675434 -0.28595512 0.34467713
v 3.19667675 -0.28283694 0.34521791
v 3.19622634 -0.28602138 0.34411390
v 3.19774601 -0.27994117 0.34667086
v 3.19709220 -0.28130250 0.34577175
v 3.19726265 -0.27968074 0.34631191
v 3.19883100 -0.27349590 0.34844763
v 3.19798175 -0.27656415 0.34739190
v 3.19944605 -0.27203651 0.34898598
v 3.19982224 -0.27043584 0.34951590
v 3.20250870 -0.26515451 0.35193693
v 3.20168675 -0.26601139 0.35107421
v 3.20094454 -0.26742205 0.35056090
v 3.20220854 -0.26442894 0.35159891
v 3.20381389 -0.26153758 0.35263651
v 3.20359814 -0.26150194 0.35261291
v 3.20511334 -0.25864095 0.35360491
v 3.20570003 -0.25877357 0.35416351
v 3.20874684 -0.25381553 0.35589376
v 3.20776915 -0.25462374 0.35504022
v 3.20675404 -0.25584604 0.35457390
v 3.20891675 -0.25345513 0.35572084
v 3.20852642 -0.25310639 0.35551454
v 3.21090927 -0.25077990 0.35695379
v 3.21241574 -0.24788495 0.35733288
v 3.21041544 -0.25045154 0.35644391
v 3.21272557 -0.24845886 0.35776299
v 3.21452704 -0.24540864 0.35819190
v 3.21465723 -0.24617124 0.35856185
v 3.21711651 -0.24353658 0.35948421
v 3.21675554 -0.24301644 0.35902090
v 3.21801617 -0.24197978 0.35940782
v 3.21911594 -0.24069725 0.35982492
v 3.22157864 -0.23848385 0.36059190
v 3.22176278 -0.23914644 0.36101350
v 3.22413244 -0.23638614 0.36131890
v 3.22407363 -0.23722787 0.36168311
v 3.22677584 -0.23440515 0.36200588
v 3.24152287 -0.22690506 0.36516129
v 3.23804965 -0.22846718 0.36474011
v 3.24139313 -0.22695118 0.36526688
v 3.22975311 -0.23315078 0.36310926
v 3.22822537 -0.23359311 0.36231623
v 3.22951654 -0.23253594 0.36265391
v 3.23234064 -0.23078944 0.36325891
v 3.23284882 -0.23122569 0.36377833
v 3.24478427 -0.22563175 0.36572974
v 3.23526164 -0.22915934 0.36382490
v 3.23542910 -0.22979915 0.36427488
v 3.23826884 -0.22765474 0.36434590
v 3.25048809 -0.22382102 0.36636194
v 3.25402804 -0.22293063 0.36667013
v 3.24134084 -0.22628795 0.36481988
v 3.25766189 -0.22221963 0.36691799
v 3.24446529 -0.22506128 0.36523435
v 3.24150700 -0.22641787 0.36480356
v 3.24765738 -0.22466424 0.36606684
v 3.26065942 -0.22179386 0.36706930
v 3.24764264 -0.22398193 0.36561889
v 3.25087034 -0.22304304 0.36594489
v 3.26367885 -0.22146878 0.36718399
v 3.26723325 -0.22123613 0.36726206
v 3.26435055 -0.22102483 0.36670303
v 3.26089896 -0.22144553 0.36661514
v 3.26088802 -0.22170021 0.36682361
v 3.25413686 -0.22224870 0.36620905
v 3.25754477 -0.22193852 0.36644351
v 3.25746368 -0.22160074 0.36643373
v 3.26082352 -0.22110437 0.36660547
v 3.26767428 -0.22076126 0.36676561
v 3.27770069 -0.22093502 0.36666455
v 3.27259267 -0.22075272 0.36676940
v 3.27767379 -0.22127918 0.36667117
v 3.26419244 -0.22076555 0.36673390
v 3.26756907 -0.22057814 0.36679890
v 3.27095640 -0.22103368 0.36689165
v 3.27095548 -0.22054453 0.36681090
v 3.27430230 -0.22115283 0.36685113
v 3.27433246 -0.22066425 0.36676892
v 3.27762058 -0.22152904 0.36688345
v 3.28431431 -0.22224902 0.36631888
v 3.34007287 -0.31814450 0.33344180
v 3.33932104 -0.32041424 0.33243224
v 3.34040000 -0.31750284 0.33335386
v 3.34129599 -0.31448813 0.33440125
v 3.34109694 -0.31475992 0.33462058
v 3.34199511 -0.31140706 0.33555901
v 3.34271043 -0.30838650 0.33649626
v 3.34240936 -0.30925108 0.33654527
v 3.34299992 -0.30578433 0.33775439
v 3.34319421 -0.30528761 0.33760048
v 3.34349509 -0.30168220 0.33918622
v 3.34356668 -0.30216885 0.33868490
v 3.34372646 -0.28959614 0.34305429
v 3.34354713 -0.28895806 0.34362664
v 3.34384306 -0.29275762 0.34200528
v 3.34301112 -0.28339262 0.34520991
v 3.34256521 -0.28028373 0.34618920
v 3.34234857 -0.28034028 0.34645941
v 3.34343452 -0.28648973 0.34413304
v 3.34331851 -0.28652780 0.34437043
v 3.34195333 -0.27727762 0.34718924
v 3.34169899 -0.27729937 0.34745581
v 3.33551123 -0.32920471 0.32928673
v 3.33504300 -0.32986772 0.32935032
v 3.33400191 -0.33201602 0.32826528
v 3.33686165 -0.32636242 0.33034676
v 3.33824534 -0.32346471 0.33124123
v 3.33811586 -0.32342894 0.33147841
v 3.29493421 -0.36457848 0.31695893
v 3.29801193 -0.36336791 0.31741628
v 3.29856611 -0.36304641 0.31777033
v 3.30191834 -0.36155179 0.31829518
v 3.30100165 -0.36211397 0.31779763
v 3.31753940 -0.35156685 0.32151579
v 3.31999691 -0.34947912 0.32218766
v 3.31989112 -0.34936181 0.32254400
v 3.31239251 -0.35551934 0.32014103
v 3.31501811 -0.35359131 0.32081376
v 3.31472125 -0.35369895 0.32103167
v 3.32428186 -0.34498781 0.32407228
v 3.32225854 -0.34720907 0.32304397
v 3.32452575 -0.34487343 0.32384146
v 3.30967089 -0.35733585 0.31950987
v 3.31239084 -0.35540403 0.32043831
v 3.31014687 -0.35692353 0.31990794
v 3.30684913 -0.35904273 0.31891754
v 3.30398082 -0.36070700 0.31826447
v 3.30392093 -0.36055471 0.31852762
v 3.29181401 -0.36560277 0.31662152
v 3.29140280 -0.36562349 0.31687034
v 3.28860332 -0.36648130 0.31634648
v 3.33058207 -0.33737625 0.32640263
v 3.33101034 -0.33652973 0.32702639
v 3.32862568 -0.33990718 0.32563401
v 3.27549518 -0.36871873 0.31550459
v 3.27881715 -0.36833864 0.31570413
v 3.27561297 -0.36858256 0.31583894
v 3.28205322 -0.36795029 0.31575571
v 3.28239078 -0.36774686 0.31612992
v 3.26548601 -0.36865742 0.31581302
v 3.26927688 -0.36878528 0.31576414
v 3.26731605 -0.36877240 0.31577786
v 3.33289942 -0.33361585 0.32804337
v 3.33234389 -0.33470708 0.32735320
v 3.34010217 -0.27114038 0.34936353
v 3.33987804 -0.27120079 0.34964264
v 3.34095125 -0.27421136 0.34840285
v 3.33910369 -0.26821320 0.35033427
v 3.33884231 -0.26826246 0.35060210
v 3.34081313 -0.27424616 0.34876367
v 3.33745862 -0.26508615 0.35195985
v 3.33770750 -0.26528631 0.35150331
v 3.33329712 -0.25694621 0.35454465
v 3.33493103 -0.25962013 0.35347488
v 3.33356514 -0.25685354 0.35427404
v 3.33500077 -0.26007383 0.35370892
v 3.33638169 -0.26242596 0.35249826
v 3.33167481 -0.25419885 0.35535708
v 3.33150433 -0.25423068 0.35575103
v 3.32791408 -0.24901426 0.35716283
v 3.32604812 -0.24645634 0.35788178
v 3.32579498 -0.24660522 0.35814511
v 3.32363701 -0.24422427 0.35897563
v 3.32379646 -0.24405861 0.35876238
v 3.32780798 -0.24910914 0.35741741
v 3.32985566 -0.25157310 0.35627144
v 3.31998641 -0.24031627 0.36007712
v 3.31902994 -0.23976062 0.36053082
v 3.32143613 -0.24186009 0.35965031
v 3.31683065 -0.23749289 0.36099053
v 3.31657921 -0.23767842 0.36125707
v 3.31408380 -0.23561098 0.36182227
v 3.31397297 -0.23574306 0.36220456
v 3.29691856 -0.22621644 0.36524945
v 3.29997355 -0.22737692 0.36468550
v 3.29711663 -0.22595373 0.36499434
v 3.29393361 -0.22485942 0.36542955
v 3.29384556 -0.22509128 0.36564105
v 3.28431052 -0.22226939 0.36632180
v 3.28427456 -0.22252178 0.36652502
v 3.28755275 -0.22314117 0.36615842
v 3.29074113 -0.22399837 0.36586199
v 3.29067558 -0.22414531 0.36612372
v 3.28747949 -0.22329132 0.36642584
v 3.28427797 -0.22259687 0.36678978
v 3.28712150 -0.22319739 0.36657845
v 3.29637089 -0.22606956 0.36557745
v 3.29958262 -0.22737156 0.36512109
v 3.29988433 -0.22751218 0.36495318
v 3.29360139 -0.22507537 0.36592367
v 3.29078100 -0.22416742 0.36623892
v 3.30293338 -0.22894550 0.36457380
v 3.28915157 -0.22322032 0.36591213
v 3.28437517 -0.22194015 0.36631801
v 3.28762883 -0.22265984 0.36607688
v 3.29084983 -0.22352384 0.36577790
v 3.29400770 -0.22452106 0.36542116
v 3.29709993 -0.22565665 0.36503890
v 3.30014123 -0.22692664 0.36459788
v 3.30290228 -0.22884987 0.36428835
v 3.30440521 -0.22930342 0.36386582
v 3.30312413 -0.22832824 0.36410161
v 3.30015634 -0.22713526 0.36455553
v 3.30580762 -0.23037659 0.36375609
v 3.30561734 -0.23036395 0.36407795
v 3.30864824 -0.23203506 0.36317926
v 3.30877050 -0.23180391 0.36299651
v 3.30887554 -0.23151960 0.36300292
v 3.30603973 -0.22986445 0.36357988
v 3.30825854 -0.23188761 0.36354687
v 3.31128728 -0.23384307 0.36286768
v 3.31143314 -0.23373133 0.36247575
v 3.31285470 -0.23434085 0.36205562
v 3.31166163 -0.23331764 0.36238291
v 3.31431553 -0.23520014 0.36173090
v 3.31687063 -0.23718655 0.36104188
v 3.31644105 -0.23764451 0.36153732
v 3.31933803 -0.23928385 0.36031490
v 3.31869159 -0.23953746 0.36087684
v 3.32638354 -0.24737032 0.35814405
v 3.32979092 -0.25175783 0.35661454
v 3.32132833 -0.24198711 0.36002528
v 3.32171644 -0.24148950 0.35954034
v 3.31931875 -0.23950562 0.36026501
v 3.32399494 -0.24379657 0.35874080
v 3.32366310 -0.24432726 0.35920621
v 3.32616003 -0.24619055 0.35792089
v 3.32821743 -0.24867295 0.35705989
v 3.32815784 -0.24888545 0.35701376
v 3.33094684 -0.25262107 0.35571756
v 3.33016733 -0.25124584 0.35616791
v 3.33200363 -0.25390014 0.35524789
v 3.33370632 -0.25660214 0.35431191
v 3.33340923 -0.25723614 0.35470047
v 3.33527903 -0.25935355 0.35335791
v 3.33627067 -0.26250585 0.35274656
v 3.33930870 -0.26960769 0.35038253
v 3.33729827 -0.26373963 0.35186535
v 3.33673408 -0.26217145 0.35237199
v 3.33518174 -0.25953499 0.35331976
v 3.33806843 -0.26505515 0.35138191
v 3.33928203 -0.26799965 0.35036090
v 3.34235548 -0.28038016 0.34662114
v 3.34297207 -0.28402780 0.34534704
v 3.34036843 -0.27098933 0.34931570
v 3.34161833 -0.27717799 0.34773997
v 3.34214217 -0.27706063 0.34721164
v 3.34132293 -0.27401485 0.34827589
v 3.34283598 -0.28016295 0.34613612
v 3.34379419 -0.29681604 0.34088598
v 3.34380170 -0.29589707 0.34110821
v 3.34375690 -0.29227799 0.34246984
v 3.34339157 -0.28326210 0.34506185
v 3.34347980 -0.28491829 0.34452065
v 3.34373579 -0.29901363 0.33986906
v 3.34426716 -0.29263835 0.34181253
v 3.34381462 -0.28637280 0.34399190
v 3.34410773 -0.28950837 0.34290491
v 3.34416074 -0.29400145 0.34136734
v 3.34393795 -0.29588304 0.34083972
v 3.34429433 -0.29580230 0.34072290
v 3.34394131 -0.30211306 0.33852943
v 3.34418493 -0.29896931 0.33962589
v 3.34364099 -0.30363046 0.33802942
v 3.34151599 -0.31327508 0.33514295
v 3.34356433 -0.30526105 0.33744490
v 3.34305594 -0.30836578 0.33635382
v 3.33859365 -0.32226847 0.33200466
v 3.34164806 -0.31451212 0.33423264
v 3.34110481 -0.31594557 0.33375939
v 3.34241633 -0.31146504 0.33529390
v 3.33657165 -0.32685956 0.33040291
v 3.34074153 -0.31755795 0.33318190
v 3.33970470 -0.32054970 0.33212168
v 3.33854053 -0.32351287 0.33110421
v 3.33724657 -0.32643424 0.33009865
v 3.33645812 -0.32772642 0.32968339
v 3.33389316 -0.33194710 0.32854245
v 3.33429349 -0.33207796 0.32814222
v 3.33583113 -0.32929015 0.32911491
v 3.33263084 -0.33480693 0.32718953
v 3.32557519 -0.34358752 0.32456579
v 3.32676910 -0.34214672 0.32506348
v 3.33085130 -0.33746989 0.32627321
v 3.32877324 -0.33999534 0.32544098
v 3.32895211 -0.34006165 0.32537898
v 3.32902557 -0.33931306 0.32605764
v 3.32665998 -0.34243661 0.32468842
v 3.32580843 -0.34372112 0.32412867
v 3.32693043 -0.34258324 0.32450690
v 3.32478953 -0.34502605 0.32365989
v 3.31779034 -0.35122797 0.32189410
v 3.31625138 -0.35253398 0.32144355
v 3.32254078 -0.34737056 0.32283577
v 3.32172732 -0.34764308 0.32314856
v 3.32020609 -0.34960860 0.32206627
v 3.31646324 -0.35267617 0.32102596
v 3.31776643 -0.35175085 0.32132890
v 3.31522410 -0.35379107 0.32062003
v 3.30717386 -0.35874724 0.31927034
v 3.30543417 -0.35976159 0.31892243
v 3.31121579 -0.35653946 0.31968289
v 3.31259353 -0.35571934 0.31995390
v 3.30985273 -0.35754794 0.31931990
v 3.30702201 -0.35925269 0.31871056
v 3.30413232 -0.36083567 0.31817826
v 3.29531718 -0.36431627 0.31732766
v 3.29328457 -0.36505678 0.31707605
v 3.30117159 -0.36228452 0.31767605
v 3.29814871 -0.36359528 0.31720583
v 3.29506212 -0.36478400 0.31680607
v 3.29192126 -0.36582902 0.31643879
v 3.28870481 -0.36674367 0.31612160
v 3.28874965 -0.36638521 0.31661112
v 3.28535790 -0.36724765 0.31608057
v 3.28545830 -0.36751094 0.31585596
v 3.28603431 -0.36704312 0.31637902
v 3.28218413 -0.36813465 0.31564989
v 3.27888232 -0.36860122 0.31547103
v 3.27833472 -0.36832622 0.31592932
v 3.27557001 -0.36893074 0.31537240
v 3.27220131 -0.36883971 0.31550625
v 3.27225120 -0.36910432 0.31530839
v 3.27299924 -0.36874372 0.31578439
v 3.26885175 -0.36895211 0.31539896
v 3.26559047 -0.36875035 0.31554524
v 3.26556850 -0.36900191 0.31533216
v 3.26891355 -0.36913235 0.31530390
v 3.26224334 -0.36845334 0.31566093
v 3.26223205 -0.36872947 0.31543403
v 3.26188557 -0.36835088 0.31591974
v 3.25846462 -0.36788995 0.31607882
v 3.25891503 -0.36807199 0.31574702
v 3.25890647 -0.36830579 0.31558539
v 3.25566129 -0.36749494 0.31594587
v 3.25570029 -0.36740422 0.31625267
v 3.25560370 -0.36773160 0.31578777
v 3.22291804 -0.20900014 0.34649792
v 3.33578823 -0.20900014 0.25192620
v 3.22101324 -0.20900014 0.34490591
v 3.32730633 -0.20900014 0.23952412
v 3.20929654 -0.20900014 0.33212792
v 3.21078494 -0.20900014 0.33411392
v 3.33905953 -0.20900014 0.25869932
v 3.26132927 -0.20900014 0.36252289
v 3.33999733 -0.20900014 0.26102491
v 3.22688014 -0.20900014 0.34948891
v 3.33804453 -0.20900014 0.25640572
v 3.22487464 -0.20900014 0.34802690
v 3.34296023 -0.20900014 0.27060290
v 3.34233953 -0.20900014 0.26817291
v 3.26627667 -0.20900014 0.36291292
v 3.26379993 -0.20900014 0.36275690
v 3.34163832 -0.20900014 0.26576491
v 3.26875672 -0.20900014 0.36298990
v 3.34462373 -0.20900014 0.28048891
v 3.34433172 -0.20900014 0.27799790
v 3.34349963 -0.20900014 0.27305292
v 3.27371892 -0.20900014 0.36291292
v 3.34300273 -0.20900014 0.30521690
v 3.34353082 -0.20900014 0.30279290
v 3.27123834 -0.20900014 0.36298990
v 3.34495903 -0.20900014 0.29048091
v 3.34500013 -0.20900014 0.28799992
v 3.33212483 -0.20900014 0.33009392
v 3.33347863 -0.20900014 0.32801392
v 3.27619533 -0.20900014 0.36275792
v 3.34010093 -0.20900014 0.31470391
v 3.33918202 -0.20900014 0.31700891
v 3.32604423 -0.20900014 0.33793592
v 3.27866565 -0.20900014 0.36252289
v 3.32436653 -0.20900014 0.33976590
v 3.31707863 -0.20900014 0.34650090
v 3.28112743 -0.20900014 0.36220890
v 3.31512253 -0.20900014 0.34802892
v 3.32766053 -0.20900014 0.33605191
v 3.32921373 -0.20900014 0.33411592
v 3.32083453 -0.20900014 0.34325391
v 3.32262953 -0.20900014 0.34153890
v 3.33818753 -0.20900014 0.31928291
v 3.33476303 -0.20900014 0.32589092
v 3.23757544 -0.20900014 0.35575392
v 3.25641824 -0.20900014 0.36181390
v 3.23535494 -0.20900014 0.35464492
v 3.23317314 -0.20900014 0.35346290
v 3.25886784 -0.20900014 0.36220890
v 3.23103174 -0.20900014 0.35220891
v 3.25156444 -0.20900014 0.36077892
v 3.24212164 -0.20900014 0.35774290
v 3.24916694 -0.20900014 0.36013990
v 3.24444244 -0.20900014 0.35862091
v 3.24679194 -0.20900014 0.35942092
v 3.25398254 -0.20900014 0.36133691
v 3.23983204 -0.20900014 0.35678690
v 3.34395692 -0.20900014 0.27551891
v 3.34094303 -0.20900014 0.31236890
v 3.34170793 -0.20900014 0.31000891
v 3.34397863 -0.20900014 0.30035191
v 3.33070243 -0.20900014 0.33212891
v 3.33597693 -0.20900014 0.32372590
v 3.31898343 -0.20900014 0.34490892
v 3.28357743 -0.20900014 0.36181390
v 3.31311653 -0.20900014 0.34949192
v 3.31106323 -0.20900014 0.35088592
v 3.30896493 -0.20900014 0.35221090
v 3.28601243 -0.20900014 0.36133789
v 3.33711893 -0.20900014 0.32152292
v 3.29320343 -0.20900014 0.35942190
v 3.30016443 -0.20900014 0.35678791
v 3.30242063 -0.20900014 0.35575491
v 3.29082863 -0.20900014 0.36014091
v 3.30464123 -0.20900014 0.35464692
v 3.28843053 -0.20900014 0.36077991
v 3.29555283 -0.20900014 0.35862290
v 3.29787413 -0.20900014 0.35774490
v 3.30682363 -0.20900014 0.35346490
v 3.34239473 -0.20900014 0.30762392
v 3.34434563 -0.20900014 0.29789790
v 3.34483602 -0.20900014 0.29295990
v 3.34463153 -0.20900014 0.29543292
v 3.34495812 -0.20900014 0.28549191
v 3.34483263 -0.20900014 0.28298791
v 3.34085723 -0.20900014 0.26338090
v 3.22893324 -0.20900014 0.35088390
v 3.33695353 -0.20900014 0.25414701
v 3.33454973 -0.20900014 0.24974542
v 3.21916254 -0.20900014 0.34325090
v 3.33323923 -0.20900014 0.24760680
v 3.21736764 -0.20900014 0.34153690
v 3.33185793 -0.20900014 0.24551292
v 3.21563074 -0.20900014 0.33976292
v 3.21395364 -0.20900014 0.33793392
v 3.33040773 -0.20900014 0.24346671
v 3.32888993 -0.20900014 0.24146972
v 3.21233804 -0.20900014 0.33604991
v 3.32565903 -0.20900014 0.23763271
v 3.20787484 -0.20900014 0.33009392
v 3.32394973 -0.20900014 0.23579741
v 3.32217953 -0.20900014 0.23402001
v 3.20652104 -0.20900014 0.32801392
v 3.32035033 -0.20900014 0.23230242
v 3.20523644 -0.20900014 0.32588991
v 3.31846503 -0.20900014 0.23064721
v 3.20402265 -0.20900014 0.32372590
v 3.20288094 -0.20900014 0.32152292
v 3.31652523 -0.20900014 0.22905602
v 3.31453303 -0.20900014 0.22753051
v 3.20181195 -0.20900014 0.31928190
v 3.31249103 -0.20900014 0.22607291
v 3.31040173 -0.20900014 0.22468561
v 3.20081754 -0.20900014 0.31700790
v 3.30826673 -0.20900014 0.22336941
v 3.30608833 -0.20900014 0.22212591
v 3.30386953 -0.20900014 0.22095700
v 3.28248903 -0.20900014 0.21399960
v 3.30161243 -0.20900014 0.21986400
v 3.29931933 -0.20900014 0.21884820
v 3.29463583 -0.20900014 0.21705451
v 3.29225103 -0.20900014 0.21627871
v 3.28740843 -0.20900014 0.21497320
v 3.28984083 -0.20900014 0.21558472
v 3.29699263 -0.20900014 0.21791120
v 3.28495713 -0.20900014 0.21444481
v 3.28000713 -0.20900014 0.21363740
v 3.27751505 -0.20900014 0.21335720
v 3.19989885 -0.20900014 0.31470292
v 3.19905675 -0.20900014 0.31236890
v 3.19829174 -0.20900014 0.31000790
v 3.19760495 -0.20900014 0.30762291
v 3.27501517 -0.20900014 0.21315811
v 3.27250989 -0.20900014 0.21303931
v 3.19699714 -0.20900014 0.30521690
v 3.19602114 -0.20900014 0.30035090
v 3.19646894 -0.20900014 0.30279192
v 3.19565424 -0.20900014 0.29789692
v 3.19536834 -0.20900014 0.29543191
v 3.19516374 -0.20900014 0.29295891
v 3.27000198 -0.20900014 0.21299992
v 3.19504085 -0.20900014 0.29048091
v 3.19499974 -0.20900014 0.28799992
v 3.26749475 -0.20900014 0.21303931
v 3.19604305 -0.20900014 0.27551790
v 3.19566824 -0.20900014 0.27799790
v 3.25999724 -0.20900014 0.21363701
v 3.21965224 -0.20900014 0.23229991
v 3.21782344 -0.20900014 0.23401700
v 3.26498966 -0.20900014 0.21315821
v 3.20545054 -0.20900014 0.24974470
v 3.20421185 -0.20900014 0.25192582
v 3.23613374 -0.20900014 0.22095521
v 3.25259574 -0.20900014 0.21497222
v 3.25016374 -0.20900014 0.21558351
v 3.22960144 -0.20900014 0.22468342
v 3.25751584 -0.20900014 0.21399911
v 3.25504764 -0.20900014 0.21444400
v 3.24068474 -0.20900014 0.21884640
v 3.24536844 -0.20900014 0.21705302
v 3.24301094 -0.20900014 0.21790980
v 3.23839144 -0.20900014 0.21986200
v 3.24775374 -0.20900014 0.21627731
v 3.23391484 -0.20900014 0.22212411
v 3.23173674 -0.20900014 0.22336720
v 3.22751164 -0.20900014 0.22607102
v 3.22347804 -0.20900014 0.22905322
v 3.22547004 -0.20900014 0.22752801
v 3.22153794 -0.20900014 0.23064460
v 3.21605284 -0.20900014 0.23579462
v 3.21434274 -0.20900014 0.23763051
v 3.26248942 -0.20900014 0.21335701
v 3.21269514 -0.20900014 0.23952212
v 3.21111134 -0.20900014 0.24146791
v 3.20959294 -0.20900014 0.24346571
v 3.20814204 -0.20900014 0.24551280
v 3.20676104 -0.20900014 0.24760621
v 3.20304655 -0.20900014 0.25414661
v 3.20195574 -0.20900014 0.25640491
v 3.20094065 -0.20900014 0.25869860
v 3.20000254 -0.20900014 0.26102491
v 3.19914284 -0.20900014 0.26338090
v 3.19836185 -0.20900014 0.26576391
v 3.19766054 -0.20900014 0.26817191
v 3.19703975 -0.20900014 0.27060290
v 3.19650044 -0.20900014 0.27305191
v 3.19537624 -0.20900014 0.28048791
v 3.19516734 -0.20900014 0.28298691
v 3.19504175 -0.20900014 0.28549191
v 3.27168365 -0.21284951 0.36165016
v 3.27295689 -0.21306073 0.36294160
v 3.27299392 -0.21260040 0.36294107
v 3.26829994 -0.21260014 0.36164990
v 3.26700587 -0.21260040 0.36294098
v 3.26831679 -0.21284961 0.36165012
v 3.27026596 -0.21563907 0.36299952
v 3.26991668 -0.21429992 0.36165010
v 3.26990349 -0.21564987 0.36300024
v 3.26953894 -0.21561457 0.36299884
v 3.26918994 -0.21553729 0.36299505
v 3.26958684 -0.21425110 0.36164981
v 3.26853973 -0.21347500 0.36164969
v 3.26762071 -0.21445243 0.36296161
v 3.26873892 -0.21374297 0.36165003
v 3.26854589 -0.21526060 0.36298534
v 3.26883326 -0.21541097 0.36299018
v 3.26927218 -0.21413826 0.36164991
v 3.26898575 -0.21396630 0.36165027
v 3.26801672 -0.21488607 0.36297371
v 3.26738915 -0.21409363 0.36295342
v 3.26723513 -0.21376469 0.36294819
v 3.26839772 -0.21317321 0.36165013
v 3.26711831 -0.21341799 0.36294385
v 3.27024982 -0.21428345 0.36165019
v 3.27071987 -0.21556400 0.36299610
v 3.26704293 -0.21305996 0.36294159
v 3.27057287 -0.21420272 0.36165019
v 3.27113421 -0.21542020 0.36299040
v 3.27087480 -0.21406066 0.36164964
v 3.27156209 -0.21520632 0.36298362
v 3.27114266 -0.21386123 0.36165022
v 3.27201010 -0.21485721 0.36297199
v 3.27230630 -0.21454086 0.36296325
v 3.27141764 -0.21354741 0.36165034
v 3.27256163 -0.21417793 0.36295516
v 3.27276276 -0.21376977 0.36294832
v 3.27160246 -0.21317321 0.36165009
v 3.27288148 -0.21341874 0.36294385
v 3.27169994 -0.21260014 0.36164990
v 3.26875226 -0.20982678 0.36298996
v 3.26926081 -0.21106721 0.36165004
v 3.26954739 -0.21095983 0.36165004
v 3.26837315 -0.21003695 0.36298269
v 3.26899934 -0.21122380 0.36165010
v 3.26799712 -0.21033144 0.36297342
v 3.26877010 -0.21142420 0.36165006
v 3.26762989 -0.21073385 0.36296376
v 3.26857984 -0.21166270 0.36165006
v 3.26919606 -0.20966155 0.36299657
v 3.26843521 -0.21193136 0.36164998
v 3.26738278 -0.21112041 0.36295521
v 3.26719897 -0.21151906 0.36294877
v 3.26707559 -0.21195413 0.36294424
v 3.26834082 -0.21222136 0.36165004
v 3.26702026 -0.21231966 0.36294108
v 3.26829576 -0.21259966 0.36165033
v 3.26700934 -0.21260014 0.36294090
v 3.26984692 -0.21090559 0.36165007
v 3.26954222 -0.20958466 0.36299821
v 3.27000116 -0.20954628 0.36300018
v 3.27015222 -0.21090543 0.36165009
v 3.27055151 -0.20959862 0.36299797
v 3.27045329 -0.21096036 0.36165007
v 3.27099101 -0.20972057 0.36299398
v 3.27080734 -0.21110003 0.36165037
v 3.27142676 -0.20991527 0.36298644
v 3.27111976 -0.21131879 0.36164978
v 3.27200996 -0.21033654 0.36297395
v 3.27137884 -0.21159835 0.36165001
v 3.27238064 -0.21074645 0.36296340
v 3.27261458 -0.21111034 0.36295548
v 3.27159498 -0.21200119 0.36165049
v 3.27280722 -0.21153682 0.36294881
v 3.27292504 -0.21195863 0.36294409
v 3.27168593 -0.21237188 0.36164997
v 3.27297954 -0.21231862 0.36294111
v 3.27169994 -0.21260014 0.36164990
v 3.27299054 -0.21260014 0.36294090
v 3.20852614 -0.25310855 0.35552290
v 3.21041544 -0.25045154 0.35644391
v 3.20946924 -0.25110495 0.35621690
v 3.21452704 -0.24540864 0.35819190
v 3.21675554 -0.24301644 0.35902090
v 3.21578394 -0.24351825 0.35884690
v 3.20220854 -0.26442894 0.35159891
v 3.20359814 -0.26150194 0.35261291
v 3.20275124 -0.26229204 0.35233891
v 3.20424105 -0.25939694 0.35334290
v 3.20511334 -0.25864095 0.35360491
v 3.20016264 -0.26824644 0.35027490
v 3.19982224 -0.27043584 0.34951590
v 3.20094454 -0.26742205 0.35056090
v 3.31151903 -0.35729654 0.31940691
v 3.31425673 -0.35538013 0.32007090
v 3.31259353 -0.35571934 0.31995390
v 3.29972563 -0.36371624 0.31718190
v 3.29814643 -0.36360285 0.31722091
v 3.29659573 -0.36498834 0.31674090
v 3.19810604 -0.27438325 0.34814791
v 3.19798175 -0.27656415 0.34739190
v 3.19883494 -0.27348255 0.34845989
v 3.19622634 -0.28602138 0.34411390
v 3.19562294 -0.28703094 0.34376390
v 3.19591344 -0.28921999 0.34300491
v 3.19667675 -0.28283694 0.34521791
v 3.19603785 -0.28383565 0.34487190
v 3.27680451 -0.36956523 0.31515391
v 3.28018703 -0.36917855 0.31528790
v 3.27888271 -0.36860745 0.31548591
v 3.28545893 -0.36751453 0.31586490
v 3.28354614 -0.36863895 0.31547491
v 3.28687383 -0.36794765 0.31571491
v 3.19757544 -0.31143074 0.33530589
v 3.19692824 -0.30829094 0.33639389
v 3.19659034 -0.30947265 0.33598490
v 3.27225185 -0.36910614 0.31531290
v 3.27340618 -0.36979794 0.31507390
v 3.27557016 -0.36893134 0.31537391
v 3.20032504 -0.32064295 0.33211290
v 3.20016275 -0.32188554 0.33168190
v 3.20151135 -0.32364364 0.33107191
v 3.19927424 -0.31760834 0.33316490
v 3.19835764 -0.31453764 0.33422890
v 3.19810614 -0.31574854 0.33380891
v 3.20283024 -0.32660004 0.33004790
v 3.20275154 -0.32783994 0.32961790
v 3.20427364 -0.32948984 0.32904589
v 3.20753384 -0.33506954 0.32711190
v 3.20584154 -0.33231294 0.32806690
v 3.20585904 -0.33356854 0.32763192
v 3.24264024 -0.36391964 0.31711091
v 3.24340494 -0.36498865 0.31674090
v 3.24579884 -0.36508855 0.31670591
v 3.21578454 -0.34661394 0.32310991
v 3.21778454 -0.34769875 0.32273390
v 3.21551014 -0.34535155 0.32354790
v 3.21129984 -0.34039044 0.32526691
v 3.20935954 -0.33777223 0.32617490
v 3.20946974 -0.33902724 0.32573990
v 3.22574384 -0.35538094 0.32007090
v 3.22797654 -0.35611455 0.31981690
v 3.22527264 -0.35416965 0.32049091
v 3.22017084 -0.34995395 0.32195191
v 3.21811684 -0.34896074 0.32229690
v 3.22310084 -0.35334924 0.32077491
v 3.22265864 -0.35210524 0.32120691
v 3.21335014 -0.34291693 0.32439190
v 3.21145784 -0.34164163 0.32483390
v 3.22055704 -0.35120754 0.32151790
v 3.21356374 -0.34417245 0.32395590
v 3.23655444 -0.36118795 0.31805791
v 3.23362404 -0.35962774 0.31859891
v 3.23422114 -0.36076484 0.31820491
v 3.22848164 -0.35729724 0.31940691
v 3.23076464 -0.35793654 0.31918490
v 3.23955564 -0.36261694 0.31756290
v 3.23721174 -0.36230734 0.31766989
v 3.23130924 -0.35909334 0.31878390
v 3.24027504 -0.36371665 0.31718190
v 3.20760254 -0.33633435 0.32667291
v 3.24659484 -0.36611985 0.31634891
v 3.24901564 -0.36611543 0.31634990
v 3.20424134 -0.33073515 0.32861390
v 3.20139134 -0.32488824 0.33064091
v 3.24983774 -0.36710724 0.31600590
v 3.25229284 -0.36699964 0.31604391
v 3.25560364 -0.36773243 0.31578990
v 3.25312664 -0.36794785 0.31571491
v 3.25645434 -0.36863904 0.31547491
v 3.19906744 -0.31883714 0.33273890
v 3.26659373 -0.36979794 0.31507390
v 3.26999994 -0.36987564 0.31504690
v 3.26891355 -0.36913235 0.31530390
v 3.26223435 -0.36873345 0.31544290
v 3.26319565 -0.36956523 0.31515391
v 3.26556960 -0.36900824 0.31534691
v 3.19641704 -0.30512874 0.33748990
v 3.19604154 -0.30194500 0.33859390
v 3.19562294 -0.30310060 0.33819390
v 3.19603785 -0.30629595 0.33708590
v 3.19570294 -0.29559074 0.34079690
v 3.19520734 -0.29667531 0.34042090
v 3.19580384 -0.29876730 0.33969590
v 3.19534604 -0.29989195 0.33930590
v 3.19573924 -0.29240814 0.34189990
v 3.19520734 -0.29345605 0.34153690
v 3.28218413 -0.36813465 0.31564989
v 3.28870723 -0.36674684 0.31613090
v 3.29016283 -0.36710694 0.31600590
v 3.19534604 -0.29023950 0.34265190
v 3.29506353 -0.36478545 0.31681090
v 3.29340583 -0.36611953 0.31634891
v 3.29192273 -0.36583234 0.31644791
v 3.19728004 -0.27750644 0.34706491
v 3.19726265 -0.27968074 0.34631191
v 3.19659025 -0.28065905 0.34597291
v 3.30117203 -0.36228505 0.31767790
v 3.30278893 -0.36230683 0.31766989
v 3.19906734 -0.27129474 0.34921890
v 3.30577953 -0.36076423 0.31820491
v 3.30413233 -0.36083634 0.31817990
v 3.30985273 -0.35754794 0.31931990
v 3.30869153 -0.35909274 0.31878390
v 3.30702843 -0.35925594 0.31872791
v 3.31522483 -0.35379124 0.32062190
v 3.31689973 -0.35334845 0.32077591
v 3.20139115 -0.26524374 0.35131590
v 3.20675404 -0.25584604 0.35457390
v 3.20585875 -0.25656363 0.35432490
v 3.31944353 -0.35120673 0.32151790
v 3.31776643 -0.35175085 0.32132890
v 3.20760214 -0.25379774 0.35528390
v 3.32188363 -0.34895994 0.32229690
v 3.32020583 -0.34961094 0.32207091
v 3.32478953 -0.34502605 0.32365989
v 3.32421593 -0.34661305 0.32310991
v 3.32643663 -0.34417154 0.32395690
v 3.32254573 -0.34737044 0.32284790
v 3.32854253 -0.34164084 0.32483390
v 3.32693043 -0.34258324 0.32450690
v 3.21241574 -0.24788495 0.35733288
v 3.21145734 -0.24849044 0.35712391
v 3.33053063 -0.33902635 0.32573990
v 3.32895223 -0.34006233 0.32538090
v 3.21356324 -0.24595975 0.35800090
v 3.33239773 -0.33633354 0.32667392
v 3.33085183 -0.33747165 0.32627891
v 3.33414113 -0.33356765 0.32763190
v 3.33263473 -0.33480644 0.32720291
v 3.21811624 -0.24117135 0.35966089
v 3.21911594 -0.24069725 0.35982492
v 3.33575883 -0.33073434 0.32861492
v 3.33429413 -0.33207954 0.32814788
v 3.22157864 -0.23848385 0.36059190
v 3.22310014 -0.23678284 0.36118189
v 3.22055634 -0.23892455 0.36043891
v 3.33583113 -0.32929015 0.32911491
v 3.33724863 -0.32783924 0.32961790
v 3.22574314 -0.23475124 0.36188591
v 3.22413244 -0.23638614 0.36131890
v 3.33860872 -0.32488754 0.33064091
v 3.33724662 -0.32643694 0.33010390
v 3.22677584 -0.23440515 0.36200588
v 3.22848084 -0.23283474 0.36254990
v 3.33983723 -0.32188484 0.33168190
v 3.33854203 -0.32351574 0.33111691
v 3.23130834 -0.23103854 0.36317291
v 3.22951654 -0.23253594 0.36265391
v 3.34093253 -0.31883654 0.33273890
v 3.33970783 -0.32055305 0.33214390
v 3.23234064 -0.23078944 0.36325891
v 3.23422034 -0.22936705 0.36375291
v 3.34189383 -0.31574805 0.33380891
v 3.34074153 -0.31755795 0.33318190
v 3.23721094 -0.22782454 0.36428689
v 3.23526164 -0.22915934 0.36382490
v 3.34271983 -0.31262484 0.33489190
v 3.34164433 -0.31452915 0.33423191
v 3.23826884 -0.22765474 0.36434590
v 3.24027424 -0.22641505 0.36477589
v 3.34241633 -0.31146504 0.33529390
v 3.34340963 -0.30947225 0.33598490
v 3.24340414 -0.22514294 0.36521691
v 3.24134084 -0.22628795 0.36481988
v 3.34396203 -0.30629565 0.33708590
v 3.34305673 -0.30837114 0.33636690
v 3.24446424 -0.22506415 0.36524391
v 3.24659404 -0.22401175 0.36560888
v 3.34437693 -0.30310036 0.33819390
v 3.34356433 -0.30526105 0.33744490
v 3.24764264 -0.22398193 0.36561889
v 3.24983704 -0.22302434 0.36595091
v 3.34394052 -0.30212903 0.33852989
v 3.34465383 -0.29989180 0.33930590
v 3.25312604 -0.22218365 0.36624291
v 3.25087034 -0.22304304 0.36594489
v 3.34479253 -0.29667525 0.34042090
v 3.34418493 -0.29896931 0.33962589
v 3.25413454 -0.22225185 0.36621892
v 3.25645374 -0.22149235 0.36648188
v 3.34479253 -0.29345599 0.34153690
v 3.34429433 -0.29580230 0.34072290
v 3.25746104 -0.22160395 0.36644390
v 3.25981284 -0.22095275 0.36666892
v 3.34465383 -0.29023935 0.34265190
v 3.34426823 -0.29265225 0.34181490
v 3.26319537 -0.22056604 0.36680290
v 3.26082100 -0.22110754 0.36661592
v 3.34437693 -0.28703070 0.34376390
v 3.34410773 -0.28950837 0.34290491
v 3.26419244 -0.22076555 0.36673390
v 3.26659370 -0.22033334 0.36688390
v 3.34381462 -0.28637280 0.34399190
v 3.34396203 -0.28383535 0.34487190
v 3.34271972 -0.27750595 0.34706591
v 3.34214583 -0.27707455 0.34721490
v 3.34283592 -0.28016244 0.34614489
v 3.27095548 -0.22054453 0.36681090
v 3.27340615 -0.22033334 0.36688390
v 3.26999994 -0.22025564 0.36691090
v 3.34036853 -0.27099045 0.34932391
v 3.33983712 -0.26824574 0.35027590
v 3.33928203 -0.26799965 0.35036090
v 3.28018663 -0.22095265 0.36666890
v 3.28104233 -0.22136304 0.36652690
v 3.28354553 -0.22149225 0.36648189
v 3.29659493 -0.22514264 0.36521691
v 3.29340503 -0.22401145 0.36560888
v 3.29400463 -0.22452274 0.36543190
v 3.29016213 -0.22302404 0.36595091
v 3.29084983 -0.22352384 0.36577790
v 3.33053013 -0.25110404 0.35621789
v 3.33016733 -0.25124584 0.35616791
v 3.33200363 -0.25390014 0.35524789
v 3.30278813 -0.22782394 0.36428689
v 3.29972483 -0.22641464 0.36477591
v 3.30014123 -0.22692664 0.36459788
v 3.32421533 -0.24351734 0.35884690
v 3.32188303 -0.24117054 0.35966090
v 3.32171563 -0.24149084 0.35954990
v 3.31425603 -0.23475035 0.36188590
v 3.31151823 -0.23283404 0.36255091
v 3.31166163 -0.23331764 0.36238291
v 3.32616003 -0.24619055 0.35792089
v 3.32821743 -0.24867295 0.35705989
v 3.32643613 -0.24595884 0.35800090
v 3.31689903 -0.23678205 0.36118191
v 3.31687063 -0.23718655 0.36104188
v 3.31944283 -0.23892374 0.36043989
v 3.31933803 -0.23928385 0.36031490
v 3.32854203 -0.24848965 0.35712391
v 3.32399303 -0.24379674 0.35875090
v 3.31431553 -0.23520014 0.36173090
v 3.30889073 -0.23152964 0.36300291
v 3.30869063 -0.23103795 0.36317291
v 3.30577873 -0.22936645 0.36375291
v 3.30603973 -0.22986445 0.36357988
v 3.33370632 -0.25660214 0.35431191
v 3.33239733 -0.25379695 0.35528390
v 3.30312113 -0.22832915 0.36411191
v 3.33527903 -0.25935355 0.35335791
v 3.33673373 -0.26217225 0.35238090
v 3.33575853 -0.25939615 0.35334290
v 3.33414083 -0.25656274 0.35432490
v 3.33724833 -0.26229134 0.35233992
v 3.33806843 -0.26505515 0.35138191
v 3.29709993 -0.22565665 0.36503890
v 3.28687323 -0.22218345 0.36624291
v 3.28762883 -0.22265984 0.36607688
v 3.33860853 -0.26524304 0.35131590
v 3.34132293 -0.27401485 0.34827589
v 3.34093243 -0.27129415 0.34921890
v 3.28437533 -0.22194214 0.36632588
v 3.27680422 -0.22056604 0.36680290
v 3.27769475 -0.22093705 0.36667489
v 3.34189373 -0.27438274 0.34814791
v 3.34339153 -0.28326145 0.34507091
v 3.34340953 -0.28065865 0.34597291
v 3.27433246 -0.22066425 0.36676892
v 3.26756907 -0.22057814 0.36679890
v 3.19728015 -0.31262535 0.33489190
v 3.25981324 -0.36917864 0.31528790
v 3.25890724 -0.36830774 0.31558990
v 3.31867030 -0.23116791 0.23145752
v 3.31628129 -0.20900017 0.22886377
v 3.31854593 -0.20900012 0.23071611
v 3.33805378 -0.26244614 0.24814924
v 3.33800629 -0.25950311 0.25213389
v 3.33919374 -0.26191982 0.25452943
v 3.20936208 -0.23992981 0.24441022
v 3.20765198 -0.24107795 0.24684176
v 3.20949224 -0.20900012 0.24360289
v 3.33225036 -0.25198721 0.24073498
v 3.33384042 -0.25432439 0.24281214
v 3.33225511 -0.25288368 0.23891441
v 3.31630561 -0.23286696 0.22876468
v 3.31860188 -0.23276674 0.23118354
v 3.31857873 -0.23443999 0.23057012
v 3.32703106 -0.23708259 0.23985296
v 3.32691897 -0.23918692 0.23940128
v 3.32496329 -0.23749421 0.23723501
v 3.33054688 -0.24523829 0.24297563
v 3.32876705 -0.24597582 0.23871948
v 3.32876675 -0.24329007 0.24073684
v 3.33672514 -0.25915494 0.24710503
v 3.33671462 -0.25712698 0.24977880
v 3.34097317 -0.27071962 0.24988620
v 3.34124603 -0.27005696 0.25490797
v 3.34212649 -0.27370980 0.25499530
v 3.34350382 -0.27815557 0.26181104
v 3.34345569 -0.27982035 0.25556957
v 3.34274366 -0.27671064 0.25365752
v 3.34286287 -0.27543034 0.25949056
v 3.34027450 -0.26437409 0.25696066
v 3.34027272 -0.26741690 0.25265288
v 3.33919154 -0.26481254 0.25042802
v 3.34211085 -0.26937813 0.26191996
v 3.34286360 -0.26710907 0.26811025
v 3.34286365 -0.27192512 0.26443566
v 3.34350429 -0.27449435 0.26697217
v 3.34350423 -0.26947209 0.27081085
v 3.34403144 -0.28090250 0.26414447
v 3.34468180 -0.28796420 0.26069823
v 3.34447374 -0.28610458 0.25947056
v 3.34476790 -0.28915605 0.26154623
v 3.34493810 -0.29163069 0.26370502
v 3.34484583 -0.29004182 0.26223091
v 3.34489573 -0.29086407 0.26293790
v 3.34496163 -0.29231276 0.26454890
v 3.34497973 -0.29287606 0.26547590
v 3.34211393 -0.27196980 0.25848750
v 3.34124733 -0.26686104 0.25942525
v 3.33919357 -0.25792646 0.25756022
v 3.33533302 -0.25671471 0.24493801
v 3.33382653 -0.25251048 0.24520091
v 3.32689722 -0.24391474 0.23667477
v 3.32689683 -0.24139777 0.23856201
v 3.32879664 -0.24777936 0.23627762
v 3.33054723 -0.24809767 0.24082429
v 3.33055699 -0.24993586 0.23830525
v 3.32301096 -0.23401614 0.23549382
v 3.32501320 -0.23550812 0.23757954
v 3.32292303 -0.23585890 0.23514072
v 3.31632819 -0.23131455 0.22932713
v 3.31396193 -0.23136542 0.22704216
v 3.32432211 -0.24326640 0.23088766
v 3.32496038 -0.24323762 0.23295082
v 3.32691663 -0.24532832 0.23481224
v 3.30396655 -0.22509327 0.22138294
v 3.30655508 -0.22510951 0.22289689
v 3.30655907 -0.22619088 0.22278411
v 3.30131148 -0.22357522 0.22016844
v 3.30393635 -0.22409636 0.22146672
v 3.30909025 -0.22718799 0.22431877
v 3.30910559 -0.22598157 0.22441404
v 3.31158487 -0.22711644 0.22602640
v 3.29311061 -0.22199377 0.21667323
v 3.29030139 -0.22056758 0.21595894
v 3.29308718 -0.22102199 0.21684224
v 3.23344053 -0.20900005 0.22238678
v 3.23344639 -0.22491944 0.22289026
v 3.23089176 -0.22619543 0.22442199
v 3.24138969 -0.22399511 0.21860061
v 3.23869924 -0.22501384 0.21976851
v 3.24146022 -0.22265527 0.21892437
v 3.24689159 -0.22305017 0.21598055
v 3.24689844 -0.22222412 0.21657164
v 3.24970684 -0.22147714 0.21571486
v 3.26413536 -0.21997133 0.21243305
v 3.26306159 -0.22031196 0.21184240
v 3.26040003 -0.22061397 0.21216845
v 3.26709872 -0.21992969 0.21200964
v 3.23604112 -0.22494756 0.22141018
v 3.23874865 -0.22315088 0.22013312
v 3.23868278 -0.22406627 0.22007981
v 3.24412379 -0.22306473 0.21753440
v 3.24425510 -0.22183428 0.21779964
v 3.23345063 -0.22602700 0.22281436
v 3.23607117 -0.22390804 0.22145727
v 3.19971211 -0.25289749 0.26223290
v 3.19872639 -0.25425489 0.26501462
v 3.19976658 -0.20900011 0.26164768
v 3.19649392 -0.26136221 0.27333773
v 3.19597653 -0.20900013 0.27591741
v 3.19650641 -0.20900014 0.27302052
v 3.19556048 -0.20900015 0.27883312
v 3.19596768 -0.26338999 0.27617595
v 3.19525513 -0.27484591 0.27991706
v 3.19555495 -0.26543700 0.27902648
v 3.19555470 -0.27254807 0.27711360
v 3.19507020 -0.27877327 0.28206229
v 3.19525560 -0.26751313 0.28188975
v 3.19507578 -0.28872891 0.27250451
v 3.19525501 -0.28086861 0.27604594
v 3.19507048 -0.27007288 0.28478615
v 3.19512744 -0.29046092 0.28509691
v 3.19516365 -0.28989804 0.28655590
v 3.19505222 -0.28323723 0.28800004
v 3.19519923 -0.28930037 0.28799986
v 3.19509734 -0.29098858 0.28362491
v 3.19506646 -0.29148090 0.28214047
v 3.19500207 -0.28471705 0.28253605
v 3.19503664 -0.29235320 0.27913791
v 3.19499541 -0.29372910 0.27145318
v 3.19502434 -0.29273106 0.27762090
v 3.19501495 -0.29306462 0.27609291
v 3.19500815 -0.29334797 0.27455590
v 3.19500354 -0.29357439 0.27300691
v 3.19499974 -0.29378570 0.26988890
v 3.19514375 -0.29019854 0.26236290
v 3.19509594 -0.29101144 0.26307990
v 3.19521786 -0.28934178 0.26168701
v 3.19505692 -0.29176442 0.26386001
v 3.19501735 -0.29296634 0.26565890
v 3.19500774 -0.29336030 0.26667090
v 3.19500274 -0.29361262 0.26772690
v 3.19503395 -0.29242722 0.26471790
v 3.19500044 -0.29374381 0.26880391
v 3.19499989 -0.27416711 0.28800013
v 3.19499897 -0.20900014 0.28799989
v 3.19506894 -0.20900011 0.28476704
v 3.19505254 -0.29193589 0.28064491
v 3.19530298 -0.28812476 0.26081001
v 3.19555373 -0.28532709 0.26209944
v 3.19548956 -0.28634011 0.25962360
v 3.19525666 -0.20900022 0.28178522
v 3.19596807 -0.27580686 0.27074856
v 3.19649623 -0.26795100 0.27156315
v 3.19649568 -0.27327981 0.26813294
v 3.19555445 -0.27833873 0.27338519
v 3.19525500 -0.28546523 0.27059595
v 3.19596845 -0.27024848 0.27432875
v 3.19596807 -0.28003854 0.26570366
v 3.19555442 -0.28274990 0.26813768
v 3.19712491 -0.25871865 0.27055694
v 3.19713495 -0.26282229 0.26978802
v 3.19713708 -0.26703926 0.26814375
v 3.19789139 -0.26064888 0.26707558
v 3.19649562 -0.27733714 0.26329093
v 3.19620180 -0.28070130 0.25999301
v 3.19582906 -0.28376538 0.25799582
v 3.19788949 -0.26596882 0.26471561
v 3.19713624 -0.27187188 0.26449051
v 3.19713637 -0.27539767 0.25956230
v 3.19788904 -0.27030473 0.26088953
v 3.19648206 -0.28008531 0.25573215
v 3.19787147 -0.25615757 0.26776872
v 3.19971616 -0.26808956 0.25125973
v 3.19873722 -0.27079237 0.25344269
v 3.19972523 -0.26522350 0.25601622
v 3.19786659 -0.27347386 0.25579650
v 3.19720332 -0.27692876 0.25379262
v 3.19714582 -0.20900013 0.27016116
v 3.19790074 -0.20900015 0.26731148
v 3.19875508 -0.25853023 0.26433780
v 3.19875312 -0.26360778 0.26209183
v 3.19875232 -0.26775026 0.25843737
v 3.19808769 -0.27364138 0.25174381
v 3.19877196 -0.20900028 0.26447527
v 3.19972357 -0.25707418 0.26143223
v 3.19972632 -0.26127491 0.25949751
v 3.19926147 -0.27002791 0.24944229
v 3.20079049 -0.25099734 0.25953354
v 3.20080377 -0.25497573 0.25877671
v 3.20080629 -0.26098115 0.25542584
v 3.20080619 -0.26418811 0.25157876
v 3.20199335 -0.26027447 0.25127582
v 3.20084959 -0.20900012 0.25891453
v 3.20328166 -0.25087122 0.25359094
v 3.20199058 -0.25290741 0.25616138
v 3.20326257 -0.24728903 0.25426572
v 3.20197431 -0.24912796 0.25687754
v 3.20617548 -0.25013963 0.24713075
v 3.20467897 -0.25548923 0.24669358
v 3.20468120 -0.25228529 0.24951173
v 3.20079912 -0.25791303 0.25753641
v 3.20199495 -0.25670516 0.25441953
v 3.20079148 -0.26608387 0.24687844
v 3.20204216 -0.20900014 0.25621876
v 3.20328690 -0.25447460 0.25194289
v 3.20531153 -0.25700644 0.24076836
v 3.20275170 -0.26173673 0.24399452
v 3.20463239 -0.25761092 0.24340603
v 3.20198690 -0.26247699 0.24774580
v 3.21302803 -0.23632500 0.23976770
v 3.21309327 -0.23803138 0.23961055
v 3.21122436 -0.23969179 0.24186605
v 3.20333717 -0.20900011 0.25357552
v 3.20459784 -0.24551714 0.25180313
v 3.20467509 -0.24887252 0.25106791
v 3.20328504 -0.25785944 0.24896353
v 3.20323883 -0.26007491 0.24556042
v 3.20466821 -0.20900014 0.25110068
v 3.20609608 -0.24373903 0.24927056
v 3.20616853 -0.24691416 0.24859655
v 3.20776472 -0.25089627 0.24229622
v 3.20613047 -0.25515167 0.24136952
v 3.20617299 -0.25316674 0.24447006
v 3.20619430 -0.20900023 0.24850886
v 3.20775846 -0.24315674 0.24657462
v 3.20775125 -0.24548207 0.24602485
v 3.21121621 -0.24173832 0.24139471
v 3.21123581 -0.24400129 0.24032008
v 3.20945543 -0.24599450 0.24253149
v 3.20946347 -0.24269790 0.24393485
v 3.20776763 -0.24804186 0.24480287
v 3.20774756 -0.25243699 0.23991308
v 3.20779906 -0.20900007 0.24601801
v 3.21114674 -0.23787645 0.24205394
v 3.20945210 -0.24868073 0.24017474
v 3.20943343 -0.25012872 0.23793293
v 3.20753939 -0.25346090 0.23829087
v 3.21308526 -0.23994326 0.23917569
v 3.21506304 -0.24018718 0.23609119
v 3.21310597 -0.24206462 0.23817228
v 3.21504109 -0.23820404 0.23702556
v 3.21123217 -0.24652347 0.23810924
v 3.21121239 -0.24788080 0.23600428
v 3.20932046 -0.25089414 0.23646925
v 3.21128145 -0.20900015 0.24125267
v 3.21504901 -0.23642260 0.23742541
v 3.21492334 -0.23477649 0.23763221
v 3.21499505 -0.24366843 0.23226690
v 3.21515544 -0.24381484 0.23129853
v 3.21306277 -0.24577404 0.23403990
v 3.21187403 -0.24756685 0.23406805
v 3.21315858 -0.20900024 0.23897771
v 3.21699689 -0.23371000 0.23547876
v 3.21711392 -0.23584639 0.23512824
v 3.21710385 -0.23837279 0.23408003
v 3.21505870 -0.24239656 0.23415843
v 3.21310210 -0.24442746 0.23610285
v 3.21709918 -0.24043357 0.23227920
v 3.21922141 -0.23811593 0.23094275
v 3.21919869 -0.23926668 0.22942783
v 3.21703461 -0.24161861 0.23051148
v 3.21500732 -0.20899924 0.23690109
v 3.21710638 -0.20900017 0.23472115
v 3.22139813 -0.23739493 0.22776080
v 3.22164191 -0.23765414 0.22660805
v 3.21873442 -0.24022471 0.22858898
v 3.21929592 -0.20900010 0.23262566
v 3.21917651 -0.23254618 0.23338144
v 3.22137490 -0.23115588 0.23141802
v 3.21920435 -0.23426968 0.23311908
v 3.22845748 -0.22992420 0.22540443
v 3.22604577 -0.23135070 0.22704167
v 3.22843496 -0.22860214 0.22587000
v 3.21922866 -0.23606344 0.23245679
v 3.22369420 -0.23461667 0.22746819
v 3.22142100 -0.23632829 0.22916786
v 3.22370189 -0.23285081 0.22876450
v 3.22140387 -0.23275524 0.23118030
v 3.22142818 -0.23442252 0.23057069
v 3.22367222 -0.23560171 0.22616441
v 3.22361726 -0.22958167 0.22955605
v 3.22147915 -0.20900012 0.23069482
v 3.22370647 -0.20900018 0.22887311
v 3.22368500 -0.23106390 0.22937547
v 3.22602847 -0.22970232 0.22759943
v 3.23086779 -0.23078555 0.22178212
v 3.22850742 -0.23249947 0.22252749
v 3.22839359 -0.23232596 0.22315047
v 3.22600909 -0.23394371 0.22456774
v 3.22844947 -0.23143085 0.22430446
v 3.22603817 -0.23298317 0.22584615
v 3.22460324 -0.23527316 0.22474348
v 3.22601722 -0.20899976 0.22712660
v 3.22595378 -0.22832901 0.22776636
v 3.22842525 -0.20899991 0.22545155
v 3.22840448 -0.22734332 0.22604032
v 3.23091104 -0.22735591 0.22427873
v 3.23604954 -0.22728724 0.22018852
v 3.23340164 -0.22933661 0.22049306
v 3.23345917 -0.22858031 0.22147322
v 3.23093202 -0.22857594 0.22385590
v 3.23086380 -0.20900043 0.22389131
v 3.23346692 -0.22730639 0.22239847
v 3.23092416 -0.22996297 0.22284566
v 3.23869177 -0.22608547 0.21899445
v 3.24138257 -0.22497679 0.21789364
v 3.23826578 -0.22704395 0.21800539
v 3.23185224 -0.23040672 0.22082177
v 3.23602266 -0.20900010 0.22101147
v 3.23605717 -0.22611810 0.22103532
v 3.23566799 -0.22831312 0.21907913
v 3.23862389 -0.20900019 0.21975505
v 3.24126007 -0.20899999 0.21860677
v 3.24411680 -0.22396469 0.21688827
v 3.24075506 -0.22593247 0.21705262
v 3.24402508 -0.20899923 0.21752836
v 3.24696461 -0.22114920 0.21682740
v 3.25254844 -0.22082225 0.21496627
v 3.24970113 -0.22223693 0.21517208
v 3.24391573 -0.22467567 0.21595730
v 3.24672536 -0.20900008 0.21660130
v 3.24981826 -0.22049275 0.21593077
v 3.24709537 -0.22358286 0.21498503
v 3.24954086 -0.20900004 0.21575472
v 3.25253826 -0.21486475 0.21509599
v 3.25259325 -0.21997363 0.21517334
v 3.25199449 -0.22219355 0.21371531
v 3.25570847 -0.22136738 0.21293146
v 3.25393891 -0.22173559 0.21328517
v 3.24962476 -0.22282122 0.21429603
v 3.25245298 -0.20900010 0.21500562
v 3.25541356 -0.22044463 0.21423427
v 3.25254236 -0.22152588 0.21446527
v 3.25525027 -0.20900016 0.21440451
v 3.25559106 -0.21954694 0.21449121
v 3.25830008 -0.22054355 0.21322422
v 3.25540971 -0.22105183 0.21371208
v 3.25830457 -0.21997348 0.21371404
v 3.25829662 -0.21500567 0.21394013
v 3.25813939 -0.20900008 0.21390048
v 3.25834158 -0.21920908 0.21396927
v 3.26121305 -0.21960456 0.21330645
v 3.25809067 -0.22094803 0.21251403
v 3.26094875 -0.20899971 0.21352088
v 3.26128929 -0.21886927 0.21354432
v 3.26426870 -0.21863543 0.21323711
v 3.26413513 -0.21933912 0.21301332
v 3.26120915 -0.22014500 0.21284216
v 3.26706457 -0.21945296 0.21264191
v 3.27000331 -0.21927188 0.21269817
v 3.26393577 -0.20899846 0.21323000
v 3.27294044 -0.21887126 0.21297655
v 3.27001400 -0.21847712 0.21299816
v 3.27285463 -0.21836213 0.21305962
v 3.26714907 -0.21835346 0.21305949
v 3.26703946 -0.20900002 0.21305442
v 3.26706924 -0.21887050 0.21297630
v 3.27293649 -0.21945343 0.21264159
v 3.26999716 -0.21980962 0.21206561
v 3.26564029 -0.22012275 0.21161163
v 3.26999982 -0.20900014 0.21299873
v 3.27286339 -0.21992382 0.21201613
v 3.26987767 -0.21998630 0.21143501
v 3.26781716 -0.22002220 0.21148274
v 3.27296446 -0.20900002 0.21305457
v 3.27586409 -0.22004732 0.21227749
v 3.27675078 -0.22029676 0.21182312
v 3.27196266 -0.22001894 0.21147480
v 3.27607761 -0.20899844 0.21323171
v 3.27579169 -0.21849349 0.21324154
v 3.27587141 -0.21902485 0.21315759
v 3.27586813 -0.21962094 0.21281367
v 3.27422072 -0.22012248 0.21160168
v 3.27902679 -0.20899966 0.21351801
v 3.27869009 -0.21878676 0.21354262
v 3.29030063 -0.22148257 0.21571535
v 3.28746019 -0.22082738 0.21496687
v 3.28458895 -0.22092096 0.21386049
v 3.28170010 -0.22013495 0.21361108
v 3.28459191 -0.22026842 0.21432815
v 3.27879277 -0.21944638 0.21338935
v 3.28745722 -0.22152797 0.21446297
v 3.28746238 -0.22190046 0.21393879
v 3.28459235 -0.22126652 0.21337130
v 3.27945062 -0.22058774 0.21214739
v 3.28167428 -0.22075194 0.21292222
v 3.28173265 -0.22090735 0.21248191
v 3.27878981 -0.22002785 0.21297546
v 3.27878926 -0.22037751 0.21245924
v 3.28197089 -0.20900005 0.21391814
v 3.28448955 -0.21947399 0.21450652
v 3.28164526 -0.21926459 0.21397184
v 3.28481712 -0.20900012 0.21441809
v 3.28737043 -0.21994879 0.21516704
v 3.28476067 -0.22144964 0.21301464
v 3.28766837 -0.20900003 0.21503507
v 3.29029837 -0.22223936 0.21516938
v 3.29028353 -0.22265931 0.21456047
v 3.28823150 -0.22223890 0.21376249
v 3.29036448 -0.20900006 0.21572769
v 3.29030300 -0.21554364 0.21585727
v 3.29861722 -0.22498065 0.21788955
v 3.29587722 -0.22459972 0.21589030
v 3.29588230 -0.22396781 0.21688447
v 3.29330098 -0.20900008 0.21660995
v 3.30654042 -0.22858583 0.22146721
v 3.30902739 -0.23054051 0.22207116
v 3.30653834 -0.22930456 0.22046272
v 3.30409444 -0.22819275 0.21897760
v 3.30394980 -0.22729205 0.22018304
v 3.29583195 -0.22186975 0.21783174
v 3.29588460 -0.22307215 0.21753528
v 3.29310906 -0.22286912 0.21615273
v 3.29311590 -0.22336390 0.21557913
v 3.29219936 -0.22334302 0.21477595
v 3.29600830 -0.20899923 0.21754188
v 3.29855880 -0.22266139 0.21893284
v 3.29874227 -0.20900029 0.21860790
v 3.29861913 -0.22400367 0.21860172
v 3.30140631 -0.20900014 0.21976938
v 3.30130931 -0.22502341 0.21976950
v 3.30130729 -0.22608959 0.21898947
v 3.29898962 -0.22582734 0.21696079
v 3.30132068 -0.22685188 0.21784165
v 3.30398909 -0.20900012 0.22101747
v 3.30395177 -0.22612881 0.22103657
v 3.30654468 -0.20900006 0.22237781
v 3.30654179 -0.22731801 0.22239968
v 3.30911496 -0.20899902 0.22387962
v 3.30909466 -0.22820138 0.22402676
v 3.30907666 -0.22932359 0.22340577
v 3.30795154 -0.23029176 0.22072717
v 3.31137885 -0.23242419 0.22246666
v 3.31155463 -0.20899980 0.22543920
v 3.31155123 -0.22993848 0.22540554
v 3.31156541 -0.22841464 0.22591479
v 3.31403137 -0.22855583 0.22776186
v 3.31154985 -0.23143756 0.22429686
v 3.31154465 -0.23228680 0.22311355
v 3.31398406 -0.20899996 0.22712880
v 3.31398325 -0.22992886 0.22755564
v 3.31396132 -0.23299071 0.22583782
v 3.31395488 -0.23391286 0.22455452
v 3.31637635 -0.22982929 0.22955749
v 3.31529071 -0.23519102 0.22467894
v 3.31630522 -0.23462478 0.22745913
v 3.31632275 -0.23562034 0.22612384
v 3.32088401 -0.23256475 0.23343868
v 3.31840860 -0.23769331 0.22663892
v 3.32079848 -0.23926850 0.22941845
v 3.32170548 -0.24064121 0.22890670
v 3.31857876 -0.23633734 0.22915832
v 3.31859905 -0.23739648 0.22775233
v 3.32073915 -0.20900010 0.23265759
v 3.32080137 -0.23428250 0.23312244
v 3.32077800 -0.23608202 0.23245600
v 3.32292032 -0.24121657 0.23115279
v 3.32494034 -0.24191712 0.23469306
v 3.32077784 -0.23812561 0.23093170
v 3.32285459 -0.20900003 0.23468321
v 3.32289977 -0.23779071 0.23441882
v 3.32290007 -0.23998645 0.23277851
v 3.32487333 -0.20899953 0.23677344
v 3.32494024 -0.23956354 0.23645508
v 3.33235899 -0.24158730 0.24686749
v 3.33048280 -0.20900013 0.24356927
v 3.33221313 -0.20900006 0.24603551
v 3.32695016 -0.20900022 0.23910535
v 3.32643167 -0.24558424 0.23261025
v 3.32869119 -0.20900014 0.24121862
v 3.32883014 -0.23866444 0.24203838
v 3.32878782 -0.24093256 0.24163736
v 3.32944422 -0.24922584 0.23527284
v 3.33061835 -0.24031213 0.24438908
v 3.33056651 -0.24272896 0.24393910
v 3.33232064 -0.25322559 0.23812781
v 3.33225020 -0.24365341 0.24649687
v 3.33224634 -0.24594334 0.24586901
v 3.33225204 -0.24807710 0.24478009
v 3.33223477 -0.25027695 0.24298622
v 3.33379281 -0.20900023 0.24848859
v 3.33390546 -0.24374105 0.24927283
v 3.33382618 -0.24928888 0.24763213
v 3.33384266 -0.24646212 0.24872689
v 3.33384877 -0.25528066 0.24089633
v 3.33534147 -0.20899987 0.25111854
v 3.33541816 -0.24552444 0.25183195
v 3.33533469 -0.24839520 0.25120467
v 3.33532014 -0.25138603 0.25004247
v 3.33532061 -0.25479490 0.24746656
v 3.33534352 -0.25773803 0.24290655
v 3.33674218 -0.26024668 0.24498234
v 3.33517480 -0.25784244 0.24134525
v 3.33668195 -0.20900014 0.25361346
v 3.33676784 -0.24731470 0.25432656
v 3.33672673 -0.25036854 0.25373397
v 3.33671427 -0.25352692 0.25250327
v 3.33800596 -0.25570771 0.25501018
v 3.33796002 -0.20900016 0.25622392
v 3.33804367 -0.24915853 0.25691624
v 3.33801655 -0.25237710 0.25631132
v 3.33749561 -0.26223861 0.24433102
v 3.33923351 -0.25102424 0.25959266
v 3.33916081 -0.20900012 0.25893946
v 3.33920210 -0.25441995 0.25893266
v 3.34027435 -0.26017991 0.26014827
v 3.33964756 -0.26711628 0.24755689
v 3.34023550 -0.20900011 0.26165352
v 3.34030129 -0.25293153 0.26226887
v 3.34028114 -0.25649233 0.26159433
v 3.34124724 -0.26246425 0.26277174
v 3.34127437 -0.25484407 0.26501913
v 3.34121261 -0.20900037 0.26443033
v 3.34171201 -0.25962570 0.26566100
v 3.34211086 -0.26477054 0.26542964
v 3.34208634 -0.20900009 0.26726621
v 3.34213082 -0.25679187 0.26777824
v 3.34189427 -0.27357835 0.25170427
v 3.34285148 -0.20900016 0.27015162
v 3.34287689 -0.25876384 0.27056244
v 3.34321537 -0.26390475 0.27118566
v 3.34411993 -0.28350162 0.25783136
v 3.34444528 -0.28366837 0.26648548
v 3.34351487 -0.26074180 0.27338653
v 3.34349539 -0.20900014 0.27303042
v 3.34403184 -0.27184889 0.27353479
v 3.34403182 -0.27708285 0.26952809
v 3.34444543 -0.27969408 0.27208857
v 3.34402665 -0.20900013 0.27593765
v 3.34404122 -0.26409300 0.27623573
v 3.34444540 -0.27425163 0.27626522
v 3.34445151 -0.26614864 0.27908960
v 3.34444053 -0.20900014 0.27883985
v 3.34474431 -0.20900022 0.28179612
v 3.34474700 -0.26751980 0.28193995
v 3.34474487 -0.27506059 0.27982171
v 3.34492934 -0.27043524 0.28478017
v 3.34492949 -0.28081580 0.28103193
v 3.34474487 -0.28104182 0.27589238
v 3.34474481 -0.28558482 0.27039749
v 3.34499053 -0.29329620 0.26647591
v 3.34499633 -0.29357282 0.26752490
v 3.34493096 -0.20899998 0.28476882
v 3.34500665 -0.27590703 0.28799983
v 3.34492533 -0.28961864 0.27048264
v 3.34500341 -0.29327203 0.27499667
v 3.34500153 -0.29378282 0.26968255
v 3.34499913 -0.29372600 0.26859890
v 3.34500026 -0.20900014 0.28799992
v 3.34500073 -0.26397971 0.28799930
v 3.34494541 -0.28329308 0.28800013
v 3.34479999 -0.28930032 0.28799983
v 3.34483082 -0.28982033 0.28674890
v 3.34493265 -0.29143920 0.28228313
v 3.34495083 -0.29202231 0.28034490
v 3.34496413 -0.29237936 0.27903790
v 3.34497483 -0.29270626 0.27772291
v 3.34498323 -0.29300058 0.27639990
v 3.34499443 -0.29347670 0.27373191
v 3.34499772 -0.29364628 0.27238790
v 3.34499962 -0.29375483 0.27103690
v 3.34487708 -0.29055077 0.28486468
v 3.26794967 -0.21482159 0.36297988
v 3.26704438 -0.21564880 0.36293858
v 3.26818923 -0.21501585 0.36297674
v 3.34500067 -0.20900014 0.28799992
v 3.34493000 -0.27089883 0.29120589
v 3.34500072 -0.26377600 0.28799928
v 3.33391743 -0.24374605 0.32670688
v 3.33540914 -0.24552275 0.32418371
v 3.33379357 -0.20900016 0.32750931
v 3.33806119 -0.24915051 0.31904281
v 3.33665624 -0.20900016 0.32243672
v 3.33672398 -0.24729169 0.32176253
v 3.26406274 -0.21043887 0.36277182
v 3.26410335 -0.21456083 0.36276243
v 3.26707263 -0.21196715 0.36294373
v 3.26734066 -0.21119502 0.36295349
v 3.26758156 -0.21080364 0.36296254
v 3.26716708 -0.21161600 0.36294692
v 3.26780624 -0.21052522 0.36297231
v 3.26844080 -0.20999031 0.36298379
v 3.26660225 -0.20899965 0.36292248
v 3.26807479 -0.21026628 0.36297544
v 3.26702045 -0.21287534 0.36294072
v 3.26701098 -0.21241798 0.36294086
v 3.20617590 -0.25434557 0.33321133
v 3.20776833 -0.25200501 0.33529001
v 3.20617308 -0.25178157 0.33010046
v 3.21545808 -0.24350380 0.34493505
v 3.21504044 -0.24323771 0.34305162
v 3.21308295 -0.24532865 0.34118723
v 3.26863090 -0.21531390 0.36298716
v 3.26901600 -0.21548192 0.36299410
v 3.22604115 -0.23090054 0.34874784
v 3.22367131 -0.23131397 0.34667213
v 3.22369405 -0.23286785 0.34723532
v 3.21310256 -0.24391386 0.33932361
v 3.21310300 -0.24139927 0.33743867
v 3.21123278 -0.24328767 0.33526116
v 3.20945295 -0.24809776 0.33517651
v 3.20944271 -0.24993634 0.33769512
v 3.21120379 -0.24777943 0.33972451
v 3.20467962 -0.25479552 0.32853511
v 3.20324449 -0.26009655 0.33051687
v 3.20466714 -0.25671473 0.33106342
v 3.20327442 -0.25853908 0.32794833
v 3.20080761 -0.26420699 0.32446061
v 3.19972643 -0.26677916 0.32217948
v 3.20080280 -0.26577105 0.32805094
v 3.20328498 -0.25630853 0.32543653
v 3.20199337 -0.25864117 0.32304005
v 3.20080590 -0.26101348 0.32060098
v 3.20198383 -0.26098873 0.32568398
v 3.19710375 -0.27732530 0.32196264
v 3.19787331 -0.27370973 0.32100354
v 3.19713701 -0.27543023 0.31650908
v 3.19649606 -0.27815551 0.31418864
v 3.19649863 -0.27979422 0.31894891
v 3.19596803 -0.27184886 0.30246500
v 3.19596806 -0.27708282 0.30647170
v 3.19649559 -0.27449434 0.30902762
v 3.19713624 -0.26710908 0.30788943
v 3.19713621 -0.27192512 0.31156413
v 3.19788904 -0.26937804 0.31407988
v 3.19596844 -0.28090248 0.31185528
v 3.19531806 -0.28796434 0.31530149
v 3.19552311 -0.28612946 0.31651301
v 3.19523195 -0.28915627 0.31445342
v 3.19515404 -0.29004182 0.31376890
v 3.19506177 -0.29163072 0.31229475
v 3.19510415 -0.29086407 0.31306190
v 3.19502014 -0.29287606 0.31052291
v 3.19503825 -0.29231276 0.31145091
v 3.19875331 -0.26938756 0.31987001
v 3.19788598 -0.27197079 0.31751404
v 3.24688889 -0.22199117 0.35932576
v 3.24969656 -0.22094999 0.36009234
v 3.24695926 -0.22099403 0.35917225
v 3.20945357 -0.24523793 0.33302496
v 3.21123243 -0.24597530 0.33727873
v 3.21297914 -0.23708069 0.33615931
v 3.21308152 -0.23919454 0.33660143
v 3.21503755 -0.23750140 0.33876752
v 3.21707757 -0.23585909 0.34085959
v 3.21703286 -0.23400438 0.34055128
v 3.21493206 -0.23552187 0.33835978
v 3.22598868 -0.22883344 0.34824901
v 3.22844868 -0.22950799 0.35039865
v 3.21919914 -0.23892649 0.34603945
v 3.22140824 -0.23724792 0.34799844
v 3.21922026 -0.23766302 0.34462352
v 3.23092386 -0.22818829 0.35196280
v 3.22840533 -0.22760511 0.34995582
v 3.23604285 -0.22512972 0.35461525
v 3.23868495 -0.22410935 0.35591608
v 3.23605931 -0.22388883 0.35453689
v 3.23344722 -0.22489127 0.35311086
v 3.23345218 -0.22622369 0.35321339
v 3.24137187 -0.22316855 0.35711362
v 3.23871561 -0.22297748 0.35585625
v 3.26707211 -0.21837714 0.36293806
v 3.27291452 -0.21844849 0.36293941
v 3.27295906 -0.21572137 0.36293825
v 3.26999689 -0.21833307 0.36300007
v 3.26991203 -0.21565029 0.36299949
v 3.26945542 -0.21560291 0.36299940
v 3.30393840 -0.22511775 0.35462415
v 3.30124683 -0.22292803 0.35587504
v 3.30129409 -0.22409709 0.35592502
v 3.29854779 -0.22266055 0.35707271
v 3.29860908 -0.22399426 0.35739925
v 3.27586538 -0.21997105 0.36356586
v 3.27698111 -0.22031534 0.36415284
v 3.27964986 -0.22060916 0.36382693
v 3.27878602 -0.21996932 0.36295863
v 3.28169569 -0.21997316 0.36228555
v 3.27879689 -0.21945208 0.36262170
v 3.26607699 -0.22010540 0.36441938
v 3.27000211 -0.21980991 0.36393445
v 3.26706767 -0.21978466 0.36373703
v 3.27415380 -0.22011209 0.36440378
v 3.28169587 -0.22060505 0.36284680
v 3.27875615 -0.22039397 0.36358475
v 3.29310171 -0.22222677 0.35942974
v 3.29029584 -0.22148156 0.36028598
v 3.29310758 -0.22305086 0.36002048
v 3.29581074 -0.22186624 0.35817652
v 3.29587578 -0.22306702 0.35846711
v 3.32291712 -0.23651834 0.34105266
v 3.32080216 -0.23367715 0.34275949
v 3.32076822 -0.23547399 0.34327285
v 3.30392931 -0.22386672 0.35454332
v 3.30654779 -0.22602636 0.35318604
v 3.26769386 -0.21454182 0.36296291
v 3.26742745 -0.21416640 0.36295418
v 3.26719516 -0.21366555 0.36294671
v 3.33048617 -0.20900009 0.33242580
v 3.32878439 -0.20900011 0.33466491
v 3.32888107 -0.23868322 0.33389420
v 3.34500843 -0.27538580 0.28799997
v 3.34444517 -0.27254807 0.29888621
v 3.34474474 -0.27484596 0.29608276
v 3.34444492 -0.26543693 0.29697333
v 3.34474427 -0.26751308 0.29411004
v 3.34403220 -0.26338999 0.29982388
v 3.34499831 -0.28692576 0.29538576
v 3.34494766 -0.28322864 0.28799976
v 3.34487243 -0.29046091 0.29090291
v 3.34493341 -0.29148091 0.29385936
v 3.34490253 -0.29098858 0.29237491
v 3.34496323 -0.29235320 0.29686190
v 3.34500446 -0.29372910 0.30454662
v 3.34497553 -0.29273106 0.29837890
v 3.34498492 -0.29306462 0.29990691
v 3.34499173 -0.29334797 0.30144390
v 3.34492951 -0.28350304 0.29700984
v 3.34474487 -0.28546521 0.30540385
v 3.34492689 -0.29017349 0.30700472
v 3.34478201 -0.28934167 0.31431289
v 3.34485613 -0.29019855 0.31363691
v 3.34490393 -0.29101144 0.31291990
v 3.34499713 -0.29361263 0.30827291
v 3.34494296 -0.29176441 0.31213981
v 3.34499213 -0.29336031 0.30932891
v 3.34498253 -0.29296634 0.31034091
v 3.34496593 -0.29242723 0.31128190
v 3.34499943 -0.29374382 0.30719590
v 3.34500013 -0.29378571 0.30611090
v 3.34499633 -0.29357439 0.30299291
v 3.34483623 -0.28989804 0.28944391
v 3.34480098 -0.28930037 0.28799995
v 3.30654163 -0.22486927 0.35311779
v 3.30906346 -0.22738386 0.35172766
v 3.33224051 -0.24315266 0.32942594
v 3.33061662 -0.23947190 0.33162681
v 3.33055607 -0.24140555 0.33180974
v 3.33233043 -0.24105544 0.32918390
v 3.32495869 -0.23748645 0.33876848
v 3.32291060 -0.23486234 0.34068575
v 3.32495701 -0.23549156 0.33848308
v 3.32296408 -0.23333924 0.34056881
v 3.32089719 -0.23227468 0.34255558
v 3.31631407 -0.23106510 0.34662514
v 3.31859548 -0.23114911 0.34460860
v 3.31641527 -0.22956751 0.34641823
v 3.31156106 -0.22841142 0.35008755
v 3.30910901 -0.22596166 0.35158434
v 3.31396969 -0.22970031 0.34840175
v 3.31404260 -0.22832051 0.34823644
v 3.31160496 -0.22712065 0.34995937
v 3.26895326 -0.20974171 0.36299286
v 3.26997414 -0.20900031 0.36300690
v 3.26981958 -0.20955204 0.36300118
v 3.27344162 -0.20899974 0.36292037
v 3.26936109 -0.20961896 0.36299750
v 3.27098555 -0.20971858 0.36299459
v 3.27063369 -0.20961794 0.36299757
v 3.34494733 -0.29193589 0.29535490
v 3.34493094 -0.20900011 0.29123264
v 3.34469754 -0.28813140 0.31518513
v 3.34444614 -0.28532708 0.31390042
v 3.34451359 -0.28636789 0.31635862
v 3.34474347 -0.20900022 0.29421156
v 3.34403180 -0.27580690 0.30525130
v 3.34350364 -0.26795104 0.30443668
v 3.34350419 -0.27327982 0.30786687
v 3.34474487 -0.28086861 0.29995384
v 3.34444542 -0.27833878 0.30261466
v 3.34443962 -0.20900014 0.29716463
v 3.34350595 -0.26136227 0.30266207
v 3.34403142 -0.27024852 0.30167105
v 3.34403180 -0.28003855 0.31029616
v 3.34444545 -0.28274992 0.30786216
v 3.34402378 -0.20900013 0.30007952
v 3.34287496 -0.25871869 0.30544285
v 3.34286494 -0.26282238 0.30621177
v 3.34286279 -0.26703922 0.30785605
v 3.34210849 -0.26064885 0.30892422
v 3.34350425 -0.27733722 0.31270900
v 3.34379802 -0.28070118 0.31600748
v 3.34416284 -0.28371491 0.31803500
v 3.34349385 -0.20900014 0.30297741
v 3.34211038 -0.26596883 0.31128420
v 3.34124701 -0.26581962 0.31558059
v 3.34124582 -0.26115836 0.31258982
v 3.34286362 -0.27187185 0.31150931
v 3.34286354 -0.27539803 0.31643770
v 3.34211084 -0.27030441 0.31510987
v 3.34349549 -0.27997673 0.32033453
v 3.34285535 -0.20900014 0.30583365
v 3.34212839 -0.25615759 0.30823110
v 3.34213326 -0.27347310 0.32020136
v 3.34280859 -0.27697697 0.32217732
v 3.34209181 -0.20900017 0.30871543
v 3.34126242 -0.25539087 0.31101556
v 3.34028000 -0.26016137 0.31587779
v 3.34027477 -0.26338817 0.31809537
v 3.34124739 -0.26936109 0.31981988
v 3.34126179 -0.27114610 0.32376845
v 3.34179421 -0.27323139 0.32451357
v 3.33925012 -0.25102572 0.31636539
v 3.33799459 -0.20900011 0.31970259
v 3.34121863 -0.20900025 0.31155091
v 3.34028811 -0.25289781 0.31376595
v 3.34027643 -0.25707521 0.31456744
v 3.34027438 -0.26675616 0.32213522
v 3.34037570 -0.26907051 0.32717704
v 3.33919380 -0.26418777 0.32441970
v 3.34023580 -0.20900011 0.31434521
v 3.33919616 -0.25497559 0.31722281
v 3.33920093 -0.25791875 0.31846615
v 3.33919339 -0.26098034 0.32057395
v 3.33800661 -0.26027583 0.32472550
v 3.33919040 -0.20900014 0.31699037
v 3.33671852 -0.25087315 0.32240894
v 3.33800868 -0.25290392 0.31983885
v 3.33382381 -0.25013711 0.32886895
v 3.33532046 -0.25548802 0.32930630
v 3.33531838 -0.25228329 0.32648752
v 3.33800482 -0.25670467 0.32158017
v 3.33922174 -0.26583064 0.32800987
v 3.33854963 -0.26450610 0.33015786
v 3.33671311 -0.25447755 0.32405832
v 3.33801278 -0.26247557 0.32825173
v 3.33532486 -0.24887151 0.32493121
v 3.33671535 -0.25786159 0.32703685
v 3.33676103 -0.26007497 0.33043953
v 3.33666974 -0.26061396 0.33276471
v 3.33532768 -0.20900014 0.32490861
v 3.33383066 -0.24690996 0.32740333
v 3.33223537 -0.25089835 0.33370517
v 3.33384242 -0.25480314 0.33405967
v 3.33382719 -0.25316921 0.33153164
v 3.33375402 -0.25548028 0.33629371
v 3.33504726 -0.25764358 0.33479359
v 3.33533478 -0.25722204 0.33198323
v 3.33224993 -0.24548698 0.32997453
v 3.33056241 -0.24358622 0.33232121
v 3.33054429 -0.24599457 0.33346860
v 3.33223265 -0.24804588 0.33119878
v 3.33225262 -0.25243843 0.33608824
v 3.33220069 -0.20900012 0.32998138
v 3.32876177 -0.24326382 0.33525796
v 3.33054767 -0.24868025 0.33582484
v 3.33056599 -0.25012756 0.33806644
v 3.33205247 -0.25285034 0.33813980
v 3.32689139 -0.24137551 0.33743532
v 3.32876709 -0.24596003 0.33726370
v 3.32878120 -0.24769630 0.33962725
v 3.32945764 -0.24924009 0.34071677
v 3.32680803 -0.20900019 0.33706207
v 3.32692830 -0.23704985 0.33627009
v 3.32878282 -0.24091913 0.33436679
v 3.32689715 -0.24390133 0.33931113
v 3.32495603 -0.24165262 0.34103743
v 3.32496221 -0.24283663 0.34241968
v 3.32500432 -0.24366777 0.34373268
v 3.32537986 -0.24438162 0.34427726
v 3.32693810 -0.24564068 0.34164735
v 3.32691488 -0.23917785 0.33660212
v 3.32493532 -0.23954865 0.33954474
v 3.32289649 -0.23837757 0.34192216
v 3.32290120 -0.24043507 0.34372136
v 3.32296584 -0.24162090 0.34549152
v 3.32483116 -0.20900005 0.33927080
v 3.32282114 -0.20900011 0.34134900
v 3.31860022 -0.23739074 0.34823508
v 3.31895875 -0.23816203 0.34899783
v 3.32152124 -0.24048555 0.34721460
v 3.32078037 -0.20900016 0.34330432
v 3.31154340 -0.22992464 0.35059487
v 3.31395386 -0.23135148 0.34895882
v 3.31630510 -0.23461433 0.34852997
v 3.31857873 -0.23632595 0.34682983
v 3.31629882 -0.23285072 0.34723429
v 3.32077702 -0.23765108 0.34461724
v 3.32079940 -0.23892039 0.34603355
v 3.31850927 -0.20899987 0.34531462
v 3.31859817 -0.23275920 0.34481805
v 3.30403499 -0.22815208 0.35705289
v 3.30681307 -0.22965607 0.35580164
v 3.30395124 -0.22752947 0.35608333
v 3.31857307 -0.23442570 0.34542948
v 3.31632763 -0.23560174 0.34983560
v 3.31646746 -0.20900056 0.34698921
v 3.31160593 -0.23232532 0.35284817
v 3.31267550 -0.23329836 0.35282906
v 3.31399221 -0.23394606 0.35143338
v 3.31155082 -0.23143004 0.35169391
v 3.31396269 -0.23298463 0.35015353
v 3.31630147 -0.23597966 0.35070064
v 3.31402594 -0.20899935 0.34884428
v 3.31154479 -0.20899996 0.35056816
v 3.30654088 -0.22858073 0.35452701
v 3.30394421 -0.22643630 0.35513815
v 3.30909378 -0.20900013 0.35213285
v 3.30653433 -0.22730793 0.35360082
v 3.30907361 -0.22896075 0.35235309
v 3.30907604 -0.23024766 0.35347351
v 3.30938039 -0.23115732 0.35456421
v 3.30658940 -0.20900022 0.35359637
v 3.30401086 -0.20899946 0.35497152
v 3.30132180 -0.22502504 0.35623902
v 3.30130698 -0.22584422 0.35677769
v 3.30132213 -0.22649615 0.35751901
v 3.30131917 -0.20900016 0.35627239
v 3.29869688 -0.20900006 0.35741144
v 3.30160227 -0.22697082 0.35805323
v 3.29601432 -0.20900001 0.35845494
v 3.29861848 -0.22497776 0.35810622
v 3.29586810 -0.22406110 0.35921329
v 3.29887454 -0.22577396 0.35908457
v 3.29306052 -0.22119238 0.35916936
v 3.28745618 -0.22136899 0.36138685
v 3.29029987 -0.22223851 0.36082869
v 3.29288081 -0.22357543 0.36102145
v 3.29580157 -0.22456356 0.36013676
v 3.29320025 -0.20900015 0.35942307
v 3.29311504 -0.21603407 0.35927191
v 3.29014736 -0.22047644 0.36007845
v 3.29045757 -0.20900015 0.36024519
v 3.28742454 -0.22186637 0.36201177
v 3.28798248 -0.22217356 0.36229541
v 3.29038653 -0.22282437 0.36170083
v 3.28776598 -0.20900034 0.36094121
v 3.28745903 -0.21351497 0.36092990
v 3.28738631 -0.21982159 0.36083070
v 3.28744736 -0.22061686 0.36095032
v 3.28489154 -0.20899861 0.36156713
v 3.28458699 -0.21395592 0.36155399
v 3.28448058 -0.21956775 0.36149550
v 3.28458362 -0.22044015 0.36176368
v 3.28458485 -0.22111775 0.36236494
v 3.28538838 -0.22158274 0.36285752
v 3.28202442 -0.20899787 0.36207677
v 3.28169672 -0.21398103 0.36207191
v 3.28159895 -0.21917139 0.36203472
v 3.28223465 -0.22098871 0.36343771
v 3.27182985 -0.21019370 0.36299109
v 3.27595442 -0.20900025 0.36277613
v 3.27594058 -0.21054190 0.36277149
v 3.27883099 -0.20900011 0.36250518
v 3.27879101 -0.21417952 0.36247467
v 3.27063919 -0.21558073 0.36299622
v 3.27104426 -0.21545860 0.36299206
v 3.27877144 -0.21892780 0.36245948
v 3.27579995 -0.21864575 0.36275839
v 3.27586279 -0.21933837 0.36298635
v 3.27586414 -0.21487736 0.36276327
v 3.27149216 -0.21524610 0.36298429
v 3.27027665 -0.21563860 0.36300654
v 3.26705754 -0.21887288 0.36302375
v 3.26999158 -0.21881893 0.36308367
v 3.27137661 -0.20988944 0.36298738
v 3.27205277 -0.21037864 0.36297456
v 3.27295888 -0.21214626 0.36294224
v 3.27299061 -0.21250892 0.36294072
v 3.27297946 -0.21287491 0.36294072
v 3.27292602 -0.21323404 0.36294233
v 3.27207478 -0.21479327 0.36297541
v 3.27176954 -0.21505770 0.36297762
v 3.26411439 -0.21868111 0.36275741
v 3.26131878 -0.21868138 0.36245843
v 3.26120800 -0.21928238 0.36254432
v 3.27292858 -0.21918252 0.36315080
v 3.27293907 -0.21978460 0.36373627
v 3.26999844 -0.21939771 0.36341644
v 3.27027695 -0.20956113 0.36300761
v 3.27230931 -0.21065951 0.36296516
v 3.27252677 -0.21096040 0.36295843
v 3.27273356 -0.21135055 0.36295099
v 3.27288440 -0.21178802 0.36294592
v 3.27283062 -0.21358600 0.36294591
v 3.27269408 -0.21392496 0.36295112
v 3.27251909 -0.21424306 0.36295649
v 3.27230249 -0.21454551 0.36296343
v 3.26414531 -0.21997090 0.36356770
v 3.26706455 -0.21938920 0.36331123
v 3.27011229 -0.21998620 0.36456531
v 3.27221365 -0.22002289 0.36451601
v 3.26412930 -0.21933979 0.36298619
v 3.26326570 -0.22029554 0.36417815
v 3.26803671 -0.22001873 0.36452455
v 3.26402738 -0.20900027 0.36277437
v 3.26707436 -0.21323600 0.36294232
v 3.26121289 -0.22034121 0.36345791
v 3.26121050 -0.21989910 0.36290267
v 3.26102488 -0.20900008 0.36248832
v 3.25254215 -0.22137122 0.36138805
v 3.25253572 -0.22062235 0.36094674
v 3.24970974 -0.22198053 0.36058945
v 3.26049035 -0.22059517 0.36384472
v 3.25832116 -0.22078748 0.36316251
v 3.25831513 -0.22090003 0.36352527
v 3.25795078 -0.20899783 0.36207368
v 3.25830536 -0.21461888 0.36206540
v 3.25832085 -0.21927507 0.36202430
v 3.23603369 -0.22773817 0.35637214
v 3.23640576 -0.22792712 0.35724228
v 3.23888140 -0.22674953 0.35824218
v 3.24137304 -0.22535300 0.35858277
v 3.24099352 -0.22582352 0.35903847
v 3.24420020 -0.22433034 0.35963463
v 3.25830645 -0.22021388 0.36244188
v 3.25179919 -0.22223066 0.36224445
v 3.25413716 -0.22169164 0.36275656
v 3.25593528 -0.22132281 0.36311104
v 3.25515713 -0.20900210 0.36157678
v 3.25560176 -0.21931233 0.36151300
v 3.25540944 -0.22008318 0.36159557
v 3.25541121 -0.22077613 0.36200252
v 3.25540555 -0.22116208 0.36245226
v 3.25234095 -0.20899924 0.36096732
v 3.25266808 -0.21979860 0.36084385
v 3.24796858 -0.22329082 0.36127094
v 3.24972857 -0.22261194 0.36135007
v 3.24695512 -0.22339387 0.36049447
v 3.25254099 -0.22185010 0.36196660
v 3.24948368 -0.20900016 0.36022883
v 3.24978230 -0.21987918 0.36007037
v 3.24672159 -0.20900011 0.35939773
v 3.24688462 -0.22276749 0.35976767
v 3.24337848 -0.20899926 0.35824415
v 3.24401129 -0.20956815 0.35844844
v 3.24418123 -0.22127820 0.35818624
v 3.24410500 -0.22230734 0.35820722
v 3.24412872 -0.22343551 0.35866814
v 3.24412034 -0.22458458 0.36011680
v 3.23868257 -0.20899886 0.35627159
v 3.24132940 -0.20954552 0.35740585
v 3.24146225 -0.22203840 0.35709160
v 3.23867935 -0.22502871 0.35624164
v 3.24137027 -0.22400463 0.35740703
v 3.24138272 -0.22476393 0.35790407
v 3.23867955 -0.22649756 0.35752293
v 3.23869064 -0.22584972 0.35678061
v 3.23603136 -0.22613198 0.35497039
v 3.23595030 -0.20899982 0.35495072
v 3.23341403 -0.20900023 0.35359820
v 3.23344313 -0.22732753 0.35361187
v 3.23344384 -0.22907585 0.35514247
v 3.23374652 -0.22933227 0.35606646
v 3.23604872 -0.22703019 0.35556673
v 3.23089071 -0.22643715 0.35157272
v 3.23090773 -0.23050529 0.35382626
v 3.23143847 -0.23065859 0.35497218
v 3.23345814 -0.22830129 0.35426044
v 3.23092538 -0.20900012 0.35214409
v 3.23092523 -0.22965934 0.35286629
v 3.22843277 -0.23202178 0.35242524
v 3.22893843 -0.23222540 0.35369545
v 3.22847620 -0.20900008 0.35058219
v 3.22601724 -0.23362449 0.35093741
v 3.22654379 -0.23386003 0.35238109
v 3.22844833 -0.23110297 0.35138185
v 3.22604499 -0.20899898 0.34889274
v 3.22367717 -0.23562022 0.34987576
v 3.22603869 -0.23262684 0.34981483
v 3.22364435 -0.20900011 0.34707693
v 3.22360670 -0.22983039 0.34642869
v 3.22134646 -0.23145797 0.34455087
v 3.22369374 -0.23462355 0.34853787
v 3.22384419 -0.23586492 0.35079054
v 3.22144475 -0.20900006 0.34527564
v 3.22142279 -0.23389620 0.34517905
v 3.22142091 -0.23591121 0.34643433
v 3.22143643 -0.23782727 0.34925730
v 3.21921230 -0.20900017 0.34329763
v 3.21909611 -0.23180340 0.34256207
v 3.21717764 -0.20900011 0.34134784
v 3.21920963 -0.23337358 0.34272041
v 3.21922267 -0.23549689 0.34327137
v 3.21707856 -0.24121595 0.34484380
v 3.21801863 -0.24090523 0.34689253
v 3.21506038 -0.24191916 0.34131062
v 3.21922121 -0.23959160 0.34724619
v 3.21710040 -0.23779264 0.34158289
v 3.21709970 -0.23998776 0.34322246
v 3.21494453 -0.20899891 0.33903351
v 3.21506095 -0.23956808 0.33954940
v 3.21304952 -0.20900021 0.33689436
v 3.21340512 -0.24576749 0.34325371
v 3.21130999 -0.20900003 0.33478212
v 3.21118043 -0.23867434 0.33397635
v 3.21121197 -0.24093628 0.33436349
v 3.20812149 -0.25259641 0.33831949
v 3.21028346 -0.24958997 0.34046509
v 3.20948948 -0.20900015 0.33239287
v 3.20936558 -0.24031890 0.33158819
v 3.20943379 -0.24273235 0.33206224
v 3.20776677 -0.24637163 0.33030864
v 3.20776480 -0.24958919 0.33235485
v 3.20783227 -0.20900013 0.33003050
v 3.20770523 -0.24107483 0.32923683
v 3.20775444 -0.24317250 0.32942044
v 3.20615693 -0.24930187 0.32838134
v 3.20621955 -0.20900015 0.32753011
v 3.20608838 -0.24373942 0.32671673
v 3.20616248 -0.24694118 0.32739940
v 3.20465633 -0.25773798 0.33309266
v 3.20658697 -0.25492947 0.33667807
v 3.20471216 -0.20900015 0.32497698
v 3.20461473 -0.24550960 0.32422775
v 3.20467956 -0.25138301 0.32595504
v 3.20466482 -0.24839403 0.32479387
v 3.20327233 -0.25353603 0.32351538
v 3.20486457 -0.25777204 0.33470277
v 3.20334062 -0.20899981 0.32243093
v 3.20324777 -0.24732576 0.32170721
v 3.20327792 -0.25090680 0.32241109
v 3.20204235 -0.20900016 0.31978097
v 3.20196109 -0.24916799 0.31909561
v 3.20198712 -0.25294338 0.31984034
v 3.20198414 -0.25572570 0.32102246
v 3.19972554 -0.26342326 0.31812843
v 3.20195434 -0.26263949 0.32839518
v 3.20315201 -0.26096626 0.33252741
v 3.20163211 -0.26412284 0.33041366
v 3.20076565 -0.25102884 0.31640571
v 3.20083553 -0.20900015 0.31705170
v 3.20080091 -0.25501907 0.31722816
v 3.20079816 -0.25794196 0.31847599
v 3.19966955 -0.25293151 0.31364902
v 3.19973660 -0.20900009 0.31427376
v 3.19790857 -0.20900017 0.30871677
v 3.19786904 -0.25679197 0.30822153
v 3.19872563 -0.25544062 0.31098140
v 3.19971874 -0.26018827 0.31588804
v 3.19972111 -0.25711990 0.31457369
v 3.20003371 -0.26798438 0.32788053
v 3.19878375 -0.20900025 0.31155847
v 3.19875315 -0.26121287 0.31261038
v 3.19875214 -0.26586135 0.31561383
v 3.19788903 -0.26477045 0.31057018
v 3.19879180 -0.27138276 0.32568745
v 3.19874688 -0.27112711 0.32381205
v 3.19788554 -0.26072957 0.30898074
v 3.19712299 -0.25876387 0.30543746
v 3.19714990 -0.20900007 0.30585527
v 3.19678449 -0.26390472 0.30481411
v 3.19649565 -0.26947203 0.30518892
v 3.19612443 -0.28200209 0.31909293
v 3.19555459 -0.28366835 0.30951429
v 3.19782911 -0.27454907 0.32368727
v 3.19648500 -0.26074180 0.30261327
v 3.19650351 -0.20900015 0.30296442
v 3.19555444 -0.27969408 0.30391123
v 3.19597244 -0.20900013 0.30005699
v 3.19595865 -0.26409297 0.29976408
v 3.19555447 -0.27425166 0.29973459
v 3.19554837 -0.26614855 0.29691027
v 3.19555870 -0.20900014 0.29715426
v 3.19574105 -0.28440908 0.31760081
v 3.19525519 -0.20900022 0.29419905
v 3.19525286 -0.26751971 0.29405978
v 3.19525500 -0.27506058 0.29617810
v 3.19525500 -0.28104185 0.30010745
v 3.19525506 -0.28558482 0.30560231
v 3.19500934 -0.29329620 0.30952291
v 3.19500354 -0.29357283 0.30847491
v 3.19506942 -0.20899996 0.29124164
v 3.19506980 -0.26967894 0.29119756
v 3.19507038 -0.28081579 0.29496787
v 3.19500017 -0.27105196 0.28800012
v 3.19500469 -0.28617698 0.29425151
v 3.19504121 -0.28227586 0.28799991
v 3.19505332 -0.29161660 0.29429115
v 3.19507454 -0.28961864 0.30551718
v 3.19499834 -0.29378283 0.30631725
v 3.19500075 -0.29372600 0.30740091
v 3.19499970 -0.20900014 0.28799992
v 3.19520018 -0.28930031 0.28799998
v 3.19516905 -0.28982033 0.28925091
v 3.19504904 -0.29202232 0.29565490
v 3.19503574 -0.29237936 0.29696190
v 3.19502504 -0.29270627 0.29827690
v 3.19501665 -0.29300058 0.29959990
v 3.19501014 -0.29325897 0.30092990
v 3.19500544 -0.29347670 0.30226791
v 3.19500215 -0.29364628 0.30361190
v 3.19500025 -0.29375483 0.30496290
v 3.19512279 -0.29055072 0.29113504
v 3.19508515 -0.29122250 0.29306490
v 3.33798724 -0.32647526 0.33007490
v 3.33653443 -0.32953793 0.32899156
v 3.33805051 -0.32658905 0.32986882
v 3.31178895 -0.35723074 0.31940326
v 3.31187401 -0.35724085 0.31927362
v 3.31459441 -0.35527378 0.32006183
v 3.28732766 -0.36799402 0.31555543
v 3.28689050 -0.36803551 0.31566038
v 3.28354229 -0.36874039 0.31541472
v 3.27654716 -0.36974002 0.31495197
v 3.28019040 -0.36928038 0.31521706
v 3.27679767 -0.36966751 0.31508274
v 3.29019022 -0.36719188 0.31595341
v 3.29669108 -0.36508314 0.31664572
v 3.29659629 -0.36498965 0.31674456
v 3.29345867 -0.36620550 0.31628947
v 3.26999994 -0.36987576 0.31504714
v 3.26999993 -0.36997694 0.31498089
v 3.27340278 -0.36980407 0.31508614
v 3.34479539 -0.30015874 0.33913365
v 3.34465407 -0.29990450 0.33931222
v 3.34437500 -0.30314685 0.33820003
v 3.34396204 -0.28320956 0.34506860
v 3.34454793 -0.28654614 0.34371176
v 3.34409167 -0.28320298 0.34486718
v 3.34265458 -0.27645232 0.34731461
v 3.34271045 -0.27746716 0.34709922
v 3.34337383 -0.27982089 0.34621894
v 3.33940791 -0.26680577 0.35073998
v 3.34065140 -0.26999654 0.34961803
v 3.33946129 -0.26666275 0.35058313
v 3.34401898 -0.30694647 0.33678671
v 3.34396153 -0.30630426 0.33709013
v 3.34340029 -0.31029990 0.33562500
v 3.33807114 -0.26345587 0.35169371
v 3.33687804 -0.26100773 0.35254254
v 3.33656690 -0.26057114 0.35286484
v 3.33125542 -0.25182802 0.35589301
v 3.33106668 -0.25142142 0.35585489
v 3.32924869 -0.24911679 0.35685068
v 3.32718101 -0.24644984 0.35757355
v 3.32709088 -0.24643315 0.35775378
v 3.32920143 -0.24893357 0.35671503
v 3.31464292 -0.23477067 0.36175677
v 3.31426174 -0.23475784 0.36189830
v 3.31732808 -0.23691803 0.36107081
v 3.31993889 -0.23909475 0.36027798
v 3.31804709 -0.23738293 0.36071039
v 3.29973298 -0.22642113 0.36478814
v 3.30299896 -0.22780629 0.36427015
v 3.29988157 -0.22627203 0.36472669
v 3.29673529 -0.22499798 0.36518689
v 3.29350254 -0.22383854 0.36556911
v 3.29341782 -0.22401895 0.36562173
v 3.29779943 -0.22531830 0.36488196
v 3.29318855 -0.22365543 0.36545425
v 3.28021574 -0.22075778 0.36663487
v 3.28018786 -0.22095613 0.36668302
v 3.28360235 -0.22132935 0.36647027
v 3.28687770 -0.22218900 0.36626337
v 3.29024185 -0.22285469 0.36592440
v 3.28691786 -0.22194696 0.36615741
v 3.27341648 -0.22013630 0.36685003
v 3.27340026 -0.22033654 0.36689814
v 3.27684536 -0.22036600 0.36677801
v 3.27306454 -0.22004457 0.36670294
v 3.26999994 -0.22006510 0.36688506
v 3.26999992 -0.21998078 0.36672273
v 3.26999990 -0.22025784 0.36692011
v 3.27680770 -0.22056751 0.36680711
v 3.27466349 -0.22011727 0.36667674
v 3.27691889 -0.22030875 0.36661010
v 3.28016803 -0.22067654 0.36648133
v 3.28249127 -0.22102368 0.36636680
v 3.28354713 -0.22149356 0.36648574
v 3.28570753 -0.22163482 0.36615174
v 3.29016384 -0.22302665 0.36595907
v 3.28961516 -0.22258516 0.36582291
v 3.29659525 -0.22514372 0.36522075
v 3.29472848 -0.22416493 0.36527737
v 3.30278813 -0.22782394 0.36428689
v 3.29983661 -0.22617150 0.36458045
v 3.30298950 -0.22766151 0.36418071
v 3.30577873 -0.22936645 0.36375291
v 3.30602043 -0.22937371 0.36372603
v 3.30297647 -0.22762585 0.36408005
v 3.30869063 -0.23103795 0.36317291
v 3.30896779 -0.23107764 0.36313511
v 3.30602052 -0.22923264 0.36363688
v 3.30950571 -0.23122989 0.36283603
v 3.30627071 -0.22934210 0.36348831
v 3.31151823 -0.23283404 0.36255091
v 3.31183907 -0.23292035 0.36249773
v 3.30897666 -0.23093982 0.36304584
v 3.31184899 -0.23272330 0.36231596
v 3.31429226 -0.23446314 0.36171865
v 3.32188303 -0.24117054 0.35966090
v 3.32240655 -0.24152976 0.35951316
v 3.31945008 -0.23893239 0.36044621
v 3.31690108 -0.23678504 0.36118616
v 3.32001453 -0.23909225 0.36011420
v 3.32421616 -0.24351946 0.35885143
v 3.32243939 -0.24134936 0.35933406
v 3.32481808 -0.24388246 0.35863697
v 3.32486816 -0.24384891 0.35847111
v 3.32854203 -0.24848965 0.35712391
v 3.32643922 -0.24596390 0.35800516
v 3.33053943 -0.25111881 0.35622277
v 3.33239733 -0.25379695 0.35528390
v 3.33312992 -0.25473298 0.35493706
v 3.34442196 -0.28659444 0.34389719
v 3.34437693 -0.28703070 0.34376390
v 3.34465391 -0.29024012 0.34265278
v 3.33312405 -0.25444551 0.35480904
v 3.33414083 -0.25656274 0.35432490
v 3.33489569 -0.25764051 0.35392868
v 3.33577038 -0.25942054 0.35334691
v 3.33495411 -0.25745145 0.35376906
v 3.33724833 -0.26229134 0.35233992
v 3.33803498 -0.26371017 0.35182535
v 3.33860853 -0.26524304 0.35131590
v 3.33983712 -0.26824574 0.35027590
v 3.34093243 -0.27129415 0.34921890
v 3.34166290 -0.27325690 0.34851832
v 3.34007584 -0.26823865 0.35004499
v 3.34073859 -0.27003068 0.34941907
v 3.34189373 -0.27438274 0.34814791
v 3.34177277 -0.27315743 0.34833872
v 3.34272369 -0.27659065 0.34715092
v 3.34347436 -0.27984652 0.34602642
v 3.34396203 -0.28383535 0.34487190
v 3.34340954 -0.28065875 0.34597714
v 3.34478909 -0.28995934 0.34269358
v 3.34500857 -0.29332651 0.34136874
v 3.34486124 -0.29017156 0.34245871
v 3.34479519 -0.29346983 0.34155499
v 3.34494691 -0.29676498 0.34032522
v 3.34498924 -0.29703252 0.34008751
v 3.34483986 -0.30011484 0.33902154
v 3.34479273 -0.29667611 0.34042355
v 3.34455877 -0.30335361 0.33790227
v 3.34412623 -0.30654040 0.33679898
v 3.34271983 -0.31262484 0.33489190
v 3.34255262 -0.31365269 0.33451943
v 3.34340857 -0.30948189 0.33598887
v 3.34350795 -0.30998766 0.33560700
v 3.34189383 -0.31574805 0.33380891
v 3.34163961 -0.31690854 0.33338981
v 3.34272612 -0.31342724 0.33441853
v 3.34093253 -0.31883654 0.33273890
v 3.34055820 -0.32017907 0.33225651
v 3.34179090 -0.31678890 0.33325585
v 3.33983723 -0.32188484 0.33168190
v 3.33935644 -0.32335998 0.33114931
v 3.34068946 -0.32013395 0.33209952
v 3.33860872 -0.32488754 0.33064091
v 3.33724863 -0.32783924 0.32961790
v 3.33944114 -0.32339655 0.33097155
v 3.33575883 -0.33073434 0.32861492
v 3.33414744 -0.33356042 0.32764287
v 3.33645573 -0.32981495 0.32875320
v 3.33489944 -0.33252102 0.32794666
v 3.33497915 -0.33248497 0.32783162
v 3.33311709 -0.33545013 0.32694433
v 3.33239773 -0.33633354 0.32667392
v 3.33120061 -0.33829498 0.32595968
v 3.33342221 -0.33505168 0.32694262
v 3.33156435 -0.33785900 0.32597278
v 3.33053063 -0.33902635 0.32573990
v 3.32915390 -0.34102045 0.32502654
v 3.32949573 -0.34069681 0.32499179
v 3.32854253 -0.34164084 0.32483390
v 3.32701912 -0.34367297 0.32409648
v 3.32643663 -0.34417154 0.32395690
v 3.32421902 -0.34661192 0.32311621
v 3.32738973 -0.34332159 0.32408474
v 3.32475762 -0.34619319 0.32321783
v 3.32498716 -0.34603937 0.32314468
v 3.32190074 -0.34895050 0.32231798
v 3.32249766 -0.34859961 0.32225965
v 3.31944365 -0.35120754 0.32152016
v 3.31987357 -0.35096507 0.32156717
v 3.31986624 -0.35105318 0.32141080
v 3.31713506 -0.35336856 0.32061080
v 3.31689973 -0.35334845 0.32077591
v 3.31724818 -0.35318349 0.32081247
v 3.31425721 -0.35538150 0.32007542
v 3.31428744 -0.35555693 0.31985555
v 3.30893016 -0.35908306 0.31874349
v 3.31151892 -0.35729693 0.31940762
v 3.30869166 -0.35909350 0.31878596
v 3.30945264 -0.35880829 0.31873147
v 3.30578046 -0.36076449 0.31820698
v 3.30597366 -0.36078840 0.31815253
v 3.30637616 -0.36061813 0.31810621
v 3.30292671 -0.36234182 0.31763351
v 3.30315961 -0.36229861 0.31752398
v 3.29985537 -0.36378807 0.31710419
v 3.30278859 -0.36230735 0.31767071
v 3.28354614 -0.36863895 0.31547491
v 3.28018684 -0.36917941 0.31529004
v 3.29972446 -0.36371843 0.31718568
v 3.29024860 -0.36723055 0.31582011
v 3.29985486 -0.36383100 0.31699405
v 3.29302689 -0.36640294 0.31610599
v 3.29642287 -0.36522272 0.31651473
v 3.29340578 -0.36611988 0.31634968
v 3.29016300 -0.36710718 0.31600663
v 3.28687364 -0.36794802 0.31571576
v 3.28384498 -0.36873871 0.31529852
v 3.28021146 -0.36932763 0.31509402
v 3.27680212 -0.36956630 0.31515587
v 3.27342863 -0.36994223 0.31488497
v 3.26999986 -0.37000540 0.31485466
v 3.25310012 -0.22201394 0.36623233
v 3.25639079 -0.22128970 0.36644795
v 3.25271635 -0.22199977 0.36602696
v 3.24650835 -0.22383417 0.36556978
v 3.24674294 -0.22367728 0.36544679
v 3.24327238 -0.22494842 0.36514109
v 3.24977914 -0.22284882 0.36592648
v 3.20868871 -0.25177075 0.35573393
v 3.20681213 -0.25454417 0.35477477
v 3.20880442 -0.25179759 0.35593987
v 3.20200801 -0.26361892 0.35185757
v 3.20348337 -0.26053919 0.35291068
v 3.20188093 -0.26356034 0.35165771
v 3.21293521 -0.34361911 0.32411548
v 3.21052124 -0.34071948 0.32498380
v 3.21259978 -0.34331036 0.32408857
v 3.21079905 -0.34096073 0.32504664
v 3.22054162 -0.35119878 0.32153362
v 3.21809109 -0.34894331 0.32232098
v 3.22013843 -0.35106285 0.32140898
v 3.22269404 -0.35313637 0.32082904
v 3.22289011 -0.35338820 0.32060411
v 3.25978379 -0.36932693 0.31509420
v 3.26317108 -0.36966438 0.31508426
v 3.25977928 -0.36927661 0.31521785
v 3.26702886 -0.36996713 0.31487488
v 3.26999999 -0.36988196 0.31505984
v 3.26660277 -0.36980404 0.31508620
v 3.26999994 -0.37002022 0.31485860
v 3.26344521 -0.36973914 0.31495216
v 3.22537873 -0.35526307 0.32005852
v 3.22819791 -0.35730772 0.31925730
v 3.22847887 -0.35729833 0.31941439
v 3.20343995 -0.32948930 0.32900844
v 3.20504058 -0.33251992 0.32781916
v 3.20509128 -0.33250414 0.32795311
v 3.20064711 -0.32361187 0.33089891
v 3.20199090 -0.32666963 0.32983979
v 3.20195631 -0.32640918 0.33008724
v 3.19514647 -0.29003009 0.34250751
v 3.19499081 -0.29336393 0.34135638
v 3.19523885 -0.28990732 0.34272772
v 3.24004713 -0.22622524 0.36456242
v 3.23704558 -0.22768428 0.36424452
v 3.24012830 -0.22625365 0.36471956
v 3.24984026 -0.22302549 0.36595955
v 3.24659927 -0.22401343 0.36562356
v 3.25639209 -0.36872843 0.31541876
v 3.25981254 -0.36917937 0.31528994
v 3.25645434 -0.36863904 0.31547491
v 3.26319506 -0.36956607 0.31515614
v 3.25312627 -0.36794810 0.31571579
v 3.25612582 -0.36873400 0.31530022
v 3.25247171 -0.36795203 0.31557215
v 3.25306194 -0.36804029 0.31564930
v 3.24977559 -0.36723707 0.31581865
v 3.24976757 -0.36717991 0.31595766
v 3.24649901 -0.36619155 0.31629432
v 3.24983746 -0.36710743 0.31600658
v 3.24328089 -0.36503100 0.31670899
v 3.24659455 -0.36612007 0.31634965
v 3.24340494 -0.36498865 0.31674090
v 3.24698958 -0.36640777 0.31610387
v 3.24027504 -0.36371665 0.31718190
v 3.24010996 -0.36375633 0.31714141
v 3.24352677 -0.36519925 0.31652109
v 3.23721190 -0.36230779 0.31767082
v 3.24013676 -0.36382712 0.31699512
v 3.23679933 -0.36228037 0.31753066
v 3.23702180 -0.36233488 0.31762580
v 3.23421975 -0.36076487 0.31820711
v 3.23399594 -0.36077173 0.31815837
v 3.23051680 -0.35879187 0.31873749
v 3.23356624 -0.36058678 0.31811760
v 3.23130852 -0.35909380 0.31878615
v 3.23104005 -0.35906514 0.31874962
v 3.22574228 -0.35538156 0.32007569
v 3.22310084 -0.35334924 0.32077491
v 3.22575557 -0.35559031 0.31984406
v 3.21578454 -0.34661394 0.32310991
v 3.21519977 -0.34615810 0.32323694
v 3.21748785 -0.34858493 0.32226488
v 3.21356374 -0.34417245 0.32395590
v 3.21498358 -0.34600873 0.32315518
v 3.21145784 -0.34164163 0.32483390
v 3.20946974 -0.33902724 0.32573990
v 3.20874757 -0.33822177 0.32598525
v 3.20760254 -0.33633435 0.32667291
v 3.20685068 -0.33539978 0.32696196
v 3.20843241 -0.33785732 0.32597340
v 3.20657904 -0.33505574 0.32694201
v 3.20585156 -0.33355953 0.32764414
v 3.20424134 -0.33073515 0.32861390
v 3.20275154 -0.32783994 0.32961790
v 3.20355283 -0.32982923 0.32874840
v 3.20139134 -0.32488824 0.33064091
v 3.20061931 -0.32330257 0.33116838
v 3.20016275 -0.32188554 0.33168190
v 3.19941576 -0.32010494 0.33228211
v 3.19906744 -0.31883714 0.33273890
v 3.19833762 -0.31683437 0.33341530
v 3.19931554 -0.32015116 0.33209486
v 3.19810614 -0.31574854 0.33380891
v 3.19729044 -0.31268251 0.33489549
v 3.19821684 -0.31681223 0.33324855
v 3.19728407 -0.31346832 0.33440405
v 3.19659447 -0.31027368 0.33563467
v 3.19659092 -0.30947965 0.33598922
v 3.19649007 -0.30997996 0.33560951
v 3.19603785 -0.30629595 0.33708590
v 3.19601648 -0.30689406 0.33685088
v 3.19562309 -0.30313045 0.33820545
v 3.19589312 -0.30666736 0.33675500
v 3.19544985 -0.30343135 0.33787523
v 3.19534592 -0.29989344 0.33930811
v 3.19521925 -0.30013433 0.33916795
v 3.19514436 -0.29991983 0.33908815
v 3.19504486 -0.29672682 0.34032534
v 3.19520683 -0.29667473 0.34042722
v 3.19499593 -0.29641299 0.34030152
v 3.19520505 -0.29345080 0.34156163
v 3.19562294 -0.28703094 0.34376390
v 3.19558853 -0.28650016 0.34392973
v 3.19534595 -0.29024024 0.34265314
v 3.19544225 -0.28663479 0.34368152
v 3.19603785 -0.28383565 0.34487190
v 3.19605049 -0.28312863 0.34509640
v 3.19659025 -0.28065905 0.34597291
v 3.19667225 -0.27976900 0.34626168
v 3.19589901 -0.28326163 0.34484711
v 3.19728004 -0.27750644 0.34706491
v 3.19739296 -0.27642089 0.34739466
v 3.19650922 -0.27990896 0.34600558
v 3.19810604 -0.27438325 0.34814791
v 3.19833752 -0.27315320 0.34854085
v 3.19727581 -0.27659318 0.34715083
v 3.19906734 -0.27129474 0.34921890
v 3.19938482 -0.26989476 0.34965379
v 3.19821557 -0.27320911 0.34831970
v 3.20016264 -0.26824644 0.35027490
v 3.20062543 -0.26672408 0.35076865
v 3.19931578 -0.26986979 0.34947372
v 3.20139115 -0.26524374 0.35131590
v 3.20054587 -0.26664770 0.35058873
v 3.20275124 -0.26229204 0.35233891
v 3.20424105 -0.25939694 0.35334290
v 3.20514658 -0.25756469 0.35395419
v 3.20311582 -0.26101953 0.35253801
v 3.20498022 -0.25756520 0.35373049
v 3.20585875 -0.25656363 0.35432490
v 3.20692219 -0.25465012 0.35496526
v 3.20760214 -0.25379774 0.35528390
v 3.20946924 -0.25110495 0.35621690
v 3.21145429 -0.24849524 0.35712648
v 3.21078663 -0.24904260 0.35684972
v 3.21048943 -0.24933295 0.35657715
v 3.21294055 -0.24639554 0.35776630
v 3.21277685 -0.24650020 0.35755647
v 3.21356107 -0.24596346 0.35800459
v 3.21521478 -0.24384676 0.35864897
v 3.21510727 -0.24387479 0.35846240
v 3.21811624 -0.24117135 0.35966089
v 3.21765107 -0.24142829 0.35953362
v 3.21578380 -0.24351940 0.35885092
v 3.22055487 -0.23892820 0.36044707
v 3.21754275 -0.24137262 0.35932627
v 3.22005401 -0.23908940 0.36026820
v 3.22270538 -0.23688966 0.36107967
v 3.22309955 -0.23678440 0.36118571
v 3.22195622 -0.23738106 0.36071075
v 3.22539153 -0.23476873 0.36179178
v 3.21885744 -0.24012213 0.35976633
v 3.22574217 -0.23475303 0.36188958
v 3.22805330 -0.23278873 0.36229328
v 3.22567781 -0.23448292 0.36171132
v 3.22848084 -0.23283474 0.36254990
v 3.22824698 -0.23286276 0.36251799
v 3.23130839 -0.23103939 0.36317646
v 3.23105793 -0.23096082 0.36311051
v 3.23045463 -0.23125720 0.36282698
v 3.23421972 -0.22936830 0.36375643
v 3.23401381 -0.22925481 0.36370100
v 3.23367701 -0.22937130 0.36347804
v 3.23721226 -0.22782487 0.36429110
v 3.23701852 -0.22762783 0.36407914
v 3.24972565 -0.22277165 0.36575758
v 3.24027436 -0.22641789 0.36478933
v 3.24185793 -0.22545855 0.36483344
v 3.24340071 -0.22514738 0.36523006
v 3.24527420 -0.22416395 0.36527758
v 3.25312581 -0.22218466 0.36624667
v 3.25429682 -0.22163387 0.36615203
v 3.25645505 -0.22149313 0.36648598
v 3.25980810 -0.22095685 0.36668279
v 3.25979260 -0.22075664 0.36663526
v 3.25973799 -0.22068893 0.36647668
v 3.25795808 -0.22095245 0.36639164
v 3.26659566 -0.22033525 0.36689227
v 3.26320373 -0.22036155 0.36677956
v 3.26319908 -0.22056686 0.36680734
v 3.26330923 -0.22028873 0.36661761
v 3.26660124 -0.22011857 0.36684480
v 3.26718541 -0.22004171 0.36670434
v 3.26999998 -0.22025742 0.36691826
v 3.26999994 -0.22004470 0.36687453
v 3.26999989 -0.21998534 0.36672235
v 3.30075990 -0.22658535 0.21761777
v 3.30093790 -0.22665233 0.20799991
v 3.29888856 -0.22577464 0.21691974
v 3.33615493 -0.25962960 0.24256702
v 3.33839379 -0.26414435 0.24560310
v 3.33677142 -0.26076131 0.20799990
v 3.30795837 -0.23030164 0.22073468
v 3.31049842 -0.23185345 0.22200344
v 3.30670600 -0.22954975 0.20799991
v 3.31620776 -0.23590353 0.35076022
v 3.31311675 -0.23361117 0.35257917
v 3.31490873 -0.23491974 0.36156091
v 3.32880696 -0.24841614 0.34131415
v 3.32795615 -0.24736211 0.35725930
v 3.33069716 -0.25091915 0.35602854
v 3.31986861 -0.23895758 0.22761687
v 3.31729254 -0.23673916 0.20799991
v 3.31689427 -0.23644610 0.22566615
v 3.32633582 -0.24546965 0.34347364
v 3.32436645 -0.24331401 0.34507644
v 3.32507004 -0.24406281 0.35839939
v 3.31376638 -0.23407297 0.22378956
v 3.33309186 -0.25437782 0.20799990
v 3.33013616 -0.25015323 0.23593879
v 3.33229944 -0.25321064 0.23811529
v 3.31216239 -0.23294535 0.20799991
v 3.30985898 -0.23144715 0.35432662
v 3.31267815 -0.23330772 0.36211767
v 3.33429405 -0.25635002 0.24031277
v 3.30621957 -0.22931224 0.21991684
v 3.30412061 -0.22819458 0.35701653
v 3.30643709 -0.22942998 0.36345861
v 3.30688110 -0.22967783 0.35577920
v 3.29697439 -0.22500692 0.21625165
v 3.29506256 -0.22427195 0.20799991
v 3.29502751 -0.22428763 0.21561874
v 3.29304520 -0.22361655 0.21502144
v 3.34240398 -0.27533729 0.32319095
v 3.34056026 -0.26947537 0.32690924
v 3.34177838 -0.27320291 0.34832534
v 3.29104016 -0.22299954 0.21446478
v 3.29521790 -0.22435463 0.36032077
v 3.29328020 -0.22369273 0.36090972
v 3.29285984 -0.22355195 0.36548989
v 3.29127516 -0.22306927 0.36147251
v 3.34270798 -0.27654391 0.25355492
v 3.34211081 -0.27425818 0.20799991
v 3.34169202 -0.27289569 0.25127433
v 3.28930038 -0.22251111 0.36585086
v 3.28921060 -0.22249045 0.36200192
v 3.34352262 -0.28009885 0.25574112
v 3.34338971 -0.27946775 0.20799991
v 3.28695851 -0.22193031 0.21347473
v 3.28275199 -0.22105345 0.20799991
v 3.28488535 -0.22148032 0.21304438
v 3.28660776 -0.22184654 0.36260437
v 3.28277648 -0.22108497 0.21265673
v 3.28568409 -0.22164165 0.36615058
v 3.28347720 -0.22120544 0.36322209
v 3.28202937 -0.22095630 0.36638805
v 3.34415177 -0.28363520 0.25791499
v 3.34434616 -0.28483604 0.20799991
v 3.28066094 -0.22075005 0.21231812
v 3.27852492 -0.22047435 0.21202694
v 3.34448955 -0.28616589 0.25951045
v 3.34468087 -0.28796414 0.26069816
v 3.34478403 -0.28918443 0.26156790
v 3.34487518 -0.29040619 0.20799991
v 3.34484583 -0.29004182 0.26223091
v 3.34489573 -0.29086407 0.26293790
v 3.27200086 -0.22001510 0.21147554
v 3.27422865 -0.22010754 0.21160072
v 3.27094575 -0.21998167 0.20799991
v 3.27665447 -0.22028473 0.36418527
v 3.27443611 -0.22011979 0.36438438
v 3.27652349 -0.22026996 0.36662584
v 3.34496163 -0.29231276 0.26454890
v 3.34502516 -0.29500000 0.20799991
v 3.34493403 -0.29163071 0.26370490
v 3.34499053 -0.29329620 0.26647591
v 3.34497973 -0.29287606 0.26547590
v 3.34499913 -0.29372600 0.26859890
v 3.34499633 -0.29357282 0.26752490
v 3.27043972 -0.21999154 0.21144031
v 3.26548119 -0.22011196 0.20799991
v 3.26669922 -0.22006115 0.21153932
v 3.26886606 -0.21999675 0.21144825
v 3.26453865 -0.22018796 0.21170007
v 3.26235992 -0.22037886 0.21192124
v 3.26082523 -0.22054664 0.20799991
v 3.25971733 -0.22069288 0.21226000
v 3.25650192 -0.22120941 0.21278098
v 3.25546715 -0.22138618 0.20799991
v 3.25796138 -0.22095587 0.36638748
v 3.25619525 -0.22127006 0.36316031
v 3.25431336 -0.22164364 0.36615031
v 3.25387795 -0.22174176 0.21329520
v 3.25182023 -0.22222517 0.21375111
v 3.25019052 -0.22264649 0.20799991
v 3.24977838 -0.22276560 0.21425102
v 3.24777119 -0.22335766 0.21478909
v 3.24382147 -0.22470486 0.21598726
v 3.23988514 -0.22627118 0.20799991
v 3.24188824 -0.22545566 0.21664309
v 3.23998948 -0.22625403 0.21733288
v 3.23812255 -0.22709968 0.21805630
v 3.23629908 -0.22798561 0.21880670
v 3.23321934 -0.22959165 0.20799991
v 3.23449865 -0.22892137 0.21959141
v 3.23273651 -0.22989857 0.22040254
v 3.23017728 -0.23142256 0.22165446
v 3.22688067 -0.23361248 0.22342205
v 3.22699491 -0.23351015 0.20799991
v 3.22373688 -0.23594636 0.22527368
v 3.22192993 -0.23739695 0.20799991
v 3.22072892 -0.23843212 0.22721125
v 3.21789817 -0.24102826 0.22919982
v 3.21791002 -0.24100878 0.20799991
v 3.21522252 -0.24374582 0.23124652
v 3.21477638 -0.24422890 0.20799991
v 3.21269696 -0.24658591 0.23334891
v 3.21116106 -0.24842990 0.20799991
v 3.21034433 -0.24951622 0.23548039
v 3.20814467 -0.25255567 0.23765211
v 3.20686476 -0.25444519 0.20799990
v 3.20612203 -0.25566540 0.23983694
v 3.19966880 -0.26888791 0.34981726
v 3.20050516 -0.26673743 0.32869041
v 3.19837699 -0.27261154 0.32490104
v 3.19719185 -0.27693126 0.25379522
v 3.19822825 -0.27316192 0.25144210
v 3.19698566 -0.27768967 0.20799990
v 3.19629514 -0.28102666 0.25630898
v 3.19564349 -0.28491038 0.20799991
v 3.19568295 -0.28476366 0.25861820
v 3.19538777 -0.28726897 0.26023118
v 3.19527454 -0.28847179 0.26105591
v 3.19512160 -0.29045518 0.20799991
v 3.19520314 -0.28934750 0.26169191
v 3.19514375 -0.29019854 0.26236290
v 3.19521584 -0.28918444 0.31443190
v 3.19515404 -0.29004182 0.31376890
v 3.19537836 -0.28712127 0.34351363
v 3.19503664 -0.29235320 0.27913791
v 3.19503574 -0.29237936 0.29696190
v 3.19504904 -0.29202232 0.29565490
v 3.19501014 -0.29325897 0.30092990
v 3.19500815 -0.29334797 0.27455590
v 3.19500544 -0.29347670 0.30226791
v 3.19502014 -0.29287606 0.31052291
v 3.19500934 -0.29329620 0.30952291
v 3.19495750 -0.29499981 0.34079010
v 3.19531854 -0.28796414 0.31530162
v 3.19509594 -0.29101144 0.26307990
v 3.19510415 -0.29086407 0.31306190
v 3.19505964 -0.29176442 0.26385990
v 3.19506545 -0.29163635 0.29435591
v 3.19509558 -0.29101266 0.29243339
v 3.19507254 -0.29148063 0.28214090
v 3.19497553 -0.29500001 0.20799991
v 3.19501735 -0.29296634 0.26565890
v 3.19503395 -0.29242722 0.26471790
v 3.19503825 -0.29231276 0.31145091
v 3.19506584 -0.29163072 0.31229490
v 3.19501495 -0.29306462 0.27609291
v 3.19501665 -0.29300058 0.29959990
v 3.19500774 -0.29336030 0.26667090
v 3.19500075 -0.29372930 0.27145090
v 3.19500025 -0.29375483 0.30496290
v 3.19500215 -0.29364628 0.30361190
v 3.19500274 -0.29361262 0.26772690
v 3.19499974 -0.29378570 0.26988890
v 3.19499985 -0.29378283 0.30631791
v 3.19500354 -0.29357283 0.30847491
v 3.19500044 -0.29374381 0.26880391
v 3.19574105 -0.28439671 0.31760843
v 3.19550627 -0.28619534 0.31647014
v 3.19616903 -0.28170826 0.31927298
v 3.19614508 -0.28185546 0.34533399
v 3.19698702 -0.27777895 0.32168223
v 3.19706518 -0.27741671 0.34686902
v 3.19903597 -0.27061041 0.20799991
v 3.19984941 -0.26839171 0.24838761
v 3.20168114 -0.26397209 0.20799991
v 3.20209453 -0.26309018 0.24490185
v 3.20126017 -0.26496404 0.35117347
v 3.20259162 -0.26205944 0.33178846
v 3.20426392 -0.25885626 0.24203968
v 3.20409104 -0.25917642 0.20799991
v 3.20449714 -0.25843950 0.35342958
v 3.20469181 -0.25808936 0.33448606
v 3.20629981 -0.25538185 0.35448577
v 3.20666743 -0.25479435 0.33677186
v 3.20903383 -0.25127988 0.33925360
v 3.20821370 -0.25246132 0.35549657
v 3.21024263 -0.24965306 0.35646681
v 3.21122302 -0.24839218 0.34133318
v 3.21311759 -0.24608036 0.35770216
v 3.21343844 -0.24572142 0.34328670
v 3.21601773 -0.24290811 0.34538014
v 3.22126961 -0.23796919 0.34914687
v 3.21869144 -0.24027228 0.34737494
v 3.22079059 -0.23837143 0.36036741
v 3.22356925 -0.23608183 0.35061962
v 3.22434620 -0.23547618 0.36136826
v 3.22625332 -0.23405841 0.35222135
v 3.22731184 -0.23331437 0.36211520
v 3.22910376 -0.23211470 0.35378475
v 3.23163518 -0.23053783 0.35507026
v 3.23196774 -0.23034194 0.36314339
v 3.23382688 -0.22928697 0.35610389
v 3.23521127 -0.22853857 0.36376628
v 3.23560040 -0.22834155 0.35689343
v 3.23731751 -0.22748248 0.35761807
v 3.23849801 -0.22691895 0.36432611
v 3.24110313 -0.22577699 0.35907743
v 3.23914448 -0.22662828 0.35834528
v 3.24577716 -0.22399423 0.20799991
v 3.24306000 -0.22499317 0.35975944
v 3.24446234 -0.22447135 0.36517289
v 3.24493447 -0.22430051 0.36036942
v 3.24577472 -0.22400724 0.21537115
v 3.24713082 -0.22355646 0.36548873
v 3.24690777 -0.22363177 0.36096468
v 3.24941624 -0.22286424 0.36165775
v 3.25068796 -0.22251216 0.36584974
v 3.25203354 -0.22217186 0.36229801
v 3.25410639 -0.22169188 0.36275267
v 3.25830445 -0.22090587 0.36352217
v 3.26036201 -0.22061002 0.36382788
v 3.26469554 -0.22017555 0.36431366
v 3.26721291 -0.22003536 0.36670604
v 3.26687382 -0.22005385 0.36447004
v 3.26907028 -0.21999416 0.36455555
v 3.27093733 -0.21999090 0.36672188
v 3.27064526 -0.21999295 0.36455792
v 3.27225237 -0.22002216 0.36451460
v 3.27372980 -0.22008313 0.36668990
v 3.27638052 -0.22024755 0.20799991
v 3.27634688 -0.22025659 0.21178324
v 3.27877243 -0.22050284 0.36394235
v 3.27930220 -0.22056945 0.36652189
v 3.28087662 -0.22078107 0.36364984
v 3.28898534 -0.22241806 0.20799991
v 3.28901945 -0.22243884 0.21395096
v 3.29716319 -0.22507928 0.35968446
v 3.29634290 -0.22476117 0.36507236
v 3.29950794 -0.22603277 0.35885655
v 3.30176426 -0.22704634 0.35798872
v 3.29983452 -0.22617361 0.36458416
v 3.30262567 -0.22745417 0.21835857
v 3.30318475 -0.22772341 0.36404839
v 3.30443818 -0.22836112 0.21912290
v 3.30959512 -0.23128513 0.36281722
v 3.31703893 -0.23656719 0.36099150
v 3.31921305 -0.23838172 0.34882798
v 3.31980432 -0.23890336 0.36018277
v 3.32209709 -0.24102341 0.34680342
v 3.32147763 -0.24043458 0.20799991
v 3.32266675 -0.24157622 0.22961658
v 3.32465549 -0.24360768 0.20799991
v 3.32246881 -0.24138701 0.35932441
v 3.32531900 -0.24432976 0.23168212
v 3.32780398 -0.24718446 0.23378765
v 3.32878829 -0.24836615 0.20799991
v 3.33163918 -0.25223379 0.33857470
v 3.33435981 -0.25644001 0.33562237
v 3.33319541 -0.25456463 0.35476891
v 3.33666975 -0.26061043 0.33276686
v 3.33556904 -0.25855878 0.35338792
v 3.33845257 -0.26430327 0.33029370
v 3.33721460 -0.26169124 0.35230526
v 3.33981039 -0.26748278 0.20799990
v 3.33875651 -0.26500304 0.35116036
v 3.34031330 -0.26885387 0.24868563
v 3.34317102 -0.27836871 0.34653881
v 3.34347312 -0.27985759 0.32040743
v 3.34417183 -0.28376004 0.31800679
v 3.34451343 -0.28636274 0.31636190
v 3.34425963 -0.28433330 0.34447711
v 3.34483555 -0.28967431 0.34263113
v 3.34479303 -0.28930005 0.28799991
v 3.34483623 -0.28989804 0.28944391
v 3.34484839 -0.29007676 0.28611374
v 3.34487243 -0.29046091 0.29090291
v 3.34490253 -0.29098858 0.29237491
v 3.34490429 -0.29101257 0.28356670
v 3.34492733 -0.29148063 0.29385890
v 3.34496413 -0.29237936 0.27903790
v 3.34496323 -0.29235320 0.29686190
v 3.34497553 -0.29273106 0.29837890
v 3.34495083 -0.29202231 0.28034490
v 3.34493442 -0.29163635 0.28164391
v 3.34494733 -0.29193589 0.29535490
v 3.34497483 -0.29270626 0.27772291
v 3.34498323 -0.29300058 0.27639990
v 3.34498492 -0.29306462 0.29990691
v 3.34499173 -0.29334797 0.30144390
v 3.34498973 -0.29325896 0.27506990
v 3.34499772 -0.29364628 0.27238790
v 3.34499913 -0.29372931 0.30454890
v 3.34499962 -0.29375483 0.27103690
v 3.34499633 -0.29357439 0.30299291
v 3.34499443 -0.29347670 0.27373191
v 3.34500003 -0.29378283 0.26968191
v 3.34502240 -0.29500003 0.34078949
v 3.34494023 -0.29176442 0.31213989
v 3.34490393 -0.29101144 0.31291990
v 3.34485613 -0.29019855 0.31363691
v 3.34479673 -0.28934750 0.31430791
v 3.34496593 -0.29242723 0.31128190
v 3.34498253 -0.29296634 0.31034091
v 3.34499213 -0.29336031 0.30932891
v 3.34499713 -0.29361263 0.30827291
v 3.34500013 -0.29378571 0.30611090
v 3.34499943 -0.29374382 0.30719590
v 3.34469653 -0.28813103 0.31518542
v 3.34038400 -0.26903111 0.34976765
v 3.26347725 -0.22026989 0.36662584
v 3.26249824 -0.22036396 0.36409381
v 3.26069881 -0.22056924 0.36652190
v 3.24187428 -0.22545761 0.36483144
v 3.22960674 -0.23179504 0.36264091
v 3.21682539 -0.24207303 0.35908755
v 3.20277649 -0.26170908 0.35229888
v 3.19825195 -0.27310337 0.34835942
v 3.19515149 -0.29007673 0.28988599
v 3.19512744 -0.29046092 0.28509691
v 3.19505254 -0.29193589 0.28064491
v 3.19502434 -0.29273106 0.27762090
v 3.19502504 -0.29270627 0.29827690
v 3.19500354 -0.29357439 0.27300691
v 3.19500075 -0.29372600 0.30740091
v 3.19509734 -0.29098858 0.28362491
v 3.19516365 -0.28989804 0.28655590
v 3.19520684 -0.28930005 0.28799991
v 3.19508203 -0.29921104 0.33933363
v 3.19513223 -0.29970089 0.20799991
v 3.19565709 -0.30518225 0.20799991
v 3.19582166 -0.30631481 0.33687794
v 3.19698282 -0.31229305 0.20799991
v 3.19683924 -0.31157680 0.33505868
v 3.19898620 -0.31924101 0.20799991
v 3.19792468 -0.31582643 0.33359019
v 3.19961762 -0.32097965 0.33180810
v 3.20165455 -0.32597618 0.20799991
v 3.20280524 -0.32834895 0.32926072
v 3.20129231 -0.32510906 0.33038091
v 3.20497275 -0.33244454 0.20799991
v 3.20495618 -0.33238883 0.32786355
v 3.20890676 -0.33856877 0.20799990
v 3.20984016 -0.33982648 0.32529227
v 3.20729157 -0.33616964 0.32655710
v 3.21525980 -0.34630485 0.20799990
v 3.21568220 -0.34675144 0.32289810
v 3.21260445 -0.34330131 0.32409106
v 3.21978687 -0.35076070 0.20799990
v 3.22543707 -0.35537222 0.20799990
v 3.22373824 -0.35406339 0.32037061
v 3.23357585 -0.36057883 0.31811857
v 3.23394591 -0.36079381 0.20799990
v 3.23679226 -0.36226494 0.31753547
v 3.23967727 -0.36363829 0.20799990
v 3.24191005 -0.36455782 0.31674209
v 3.23931734 -0.36344765 0.31712590
v 3.24651711 -0.36626880 0.20799990
v 3.24537868 -0.36585985 0.31629224
v 3.25074472 -0.36750203 0.31572489
v 3.24797884 -0.36670454 0.31599991
v 3.25981923 -0.36932149 0.31509582
v 3.25701294 -0.36887725 0.31524890
v 3.26081690 -0.36947424 0.20799990
v 3.26723693 -0.36997434 0.20799990
v 3.26999994 -0.37001014 0.31485790
v 3.26720457 -0.36996360 0.31487386
v 3.27652050 -0.36973160 0.31495389
v 3.27279609 -0.36996363 0.31487387
v 3.27368642 -0.36994780 0.20799990
v 3.28100303 -0.36922705 0.20799990
v 3.28820321 -0.36779658 0.20799990
v 3.28663483 -0.36814225 0.31550291
v 3.28378217 -0.36873881 0.31529714
v 3.29202013 -0.36670494 0.31599991
v 3.28941067 -0.36746096 0.31573879
v 3.29521620 -0.36567410 0.20799990
v 3.29461633 -0.36586155 0.31629176
v 3.30443745 -0.36165422 0.20799990
v 3.30633237 -0.36062953 0.31810043
v 3.30318251 -0.36227742 0.31753143
v 3.30025920 -0.36364197 0.20799990
v 3.30957664 -0.35872605 0.31875896
v 3.30840500 -0.35943886 0.20799990
v 3.31307808 -0.35644039 0.20799990
v 3.31256625 -0.35676910 0.31943498
v 3.31559359 -0.35456945 0.32019583
v 3.31812516 -0.35255559 0.20799990
v 3.32149048 -0.34955291 0.20799990
v 3.31907414 -0.35174815 0.32117073
v 3.32537883 -0.34563374 0.20799990
v 3.32497435 -0.34604031 0.32314449
v 3.32244833 -0.34863277 0.32224772
v 3.32740208 -0.34329358 0.32409396
v 3.33001881 -0.34003722 0.20799990
v 3.32962501 -0.34052056 0.32505244
v 3.33173914 -0.33760945 0.32605926
v 3.33409841 -0.33401312 0.20799991
v 3.33370771 -0.33460592 0.32709708
v 3.33549317 -0.33157752 0.32814464
v 3.33757604 -0.32762024 0.20799991
v 3.33757016 -0.32760195 0.32951867
v 3.33942307 -0.32342078 0.33096450
v 3.34040927 -0.32094422 0.20799991
v 3.34095661 -0.31936763 0.33236520
v 3.34257987 -0.31404497 0.20799991
v 3.34251508 -0.31423998 0.33413821
v 3.34407569 -0.30697223 0.20799991
v 3.34370225 -0.30902201 0.33594250
v 3.34439779 -0.30460246 0.33746996
v 3.34488454 -0.29977836 0.20799991
v 3.34491802 -0.29920775 0.33933490
v 3.34500993 -0.29500014 0.20799991
v 3.34500993 -0.29500015 0.34078989
v 3.30068203 -0.36344795 0.31712590
v 3.29808110 -0.36456142 0.31674100
v 3.28018388 -0.36932111 0.31509602
v 3.26348197 -0.36973186 0.31495378
v 3.25358319 -0.36822020 0.20799990
v 3.25427917 -0.36834989 0.31543205
v 3.23040772 -0.35871637 0.31876203
v 3.23003162 -0.35848115 0.20799990
v 3.22734106 -0.35670523 0.31945759
v 3.21960310 -0.35057685 0.32157576
v 3.21228485 -0.34291942 0.20799990
v 3.19497258 -0.29500036 0.20799991
v 3.19498994 -0.29500015 0.34078989
v 3.19766514 -0.31485384 0.20799991
v 3.19792415 -0.31462514 0.20799991
v 3.19841934 -0.31636094 0.20799991
v 3.22785384 -0.23295014 0.20799991
v 3.22937464 -0.23194394 0.20799991
v 3.22906414 -0.23251524 0.20799991
v 3.21793924 -0.24099844 0.20799991
v 3.21782164 -0.24154414 0.20799991
v 3.21663684 -0.24228514 0.20799991
v 3.22183084 -0.23790504 0.20799991
v 3.22063464 -0.23852384 0.20799991
v 3.22202494 -0.23733814 0.20799991
v 3.21292624 -0.24632684 0.20799991
v 3.21412894 -0.24495084 0.20799991
v 3.21408654 -0.24546404 0.20799991
v 3.21654514 -0.24282044 0.20799991
v 3.21536594 -0.24360344 0.20799991
v 3.23408034 -0.22914974 0.20799991
v 3.23369774 -0.22971413 0.20799991
v 3.23248864 -0.23004323 0.20799991
v 3.22322444 -0.23675784 0.20799991
v 3.22344224 -0.23618784 0.20799991
v 3.21927284 -0.23974384 0.20799991
v 3.22046524 -0.23908564 0.20799991
v 3.22488704 -0.23507244 0.20799991
v 3.22464564 -0.23564454 0.20799991
v 3.22756614 -0.23352264 0.20799991
v 3.22635744 -0.23399334 0.20799991
v 3.21912854 -0.24029894 0.20799991
v 3.22609304 -0.23456594 0.20799991
v 3.23058584 -0.23154434 0.20799991
v 3.23092014 -0.23097464 0.20799991
v 3.21529974 -0.24412744 0.20799991
v 3.23213064 -0.23061054 0.20799991
v 3.21290584 -0.24682954 0.20799991
v 3.21175814 -0.24773084 0.20799991
v 3.21062524 -0.24916184 0.20799991
v 3.21064524 -0.24964424 0.20799991
v 3.20952794 -0.25061964 0.20799991
v 3.21175844 -0.24822334 0.20799991
v 3.20956664 -0.25109174 0.20799991
v 3.20846674 -0.25210304 0.20799991
v 3.23528574 -0.22885604 0.20799991
v 3.23569384 -0.22829494 0.20799991
v 3.23732914 -0.22747894 0.20799991
v 3.23689404 -0.22803654 0.20799991
v 3.20744185 -0.25361184 0.20799990
v 3.20852334 -0.25256504 0.20799991
v 3.20751604 -0.25406284 0.20799990
v 3.20645424 -0.25514494 0.20799991
v 3.23898494 -0.22670254 0.20799991
v 3.23852194 -0.22725604 0.20799991
v 3.24066074 -0.22596604 0.20799991
v 3.24016794 -0.22651524 0.20799991
v 3.20654504 -0.25558464 0.20799991
v 3.20550364 -0.25670214 0.20799991
v 3.20561104 -0.25712964 0.20799991
v 3.20459134 -0.25828214 0.20799991
v 3.24235514 -0.22527024 0.20799991
v 3.24183144 -0.22581434 0.20799991
v 3.24406504 -0.22461634 0.20799991
v 3.24351154 -0.22515384 0.20799991
v 3.20471475 -0.25869644 0.20799991
v 3.20371694 -0.25988504 0.20799991
v 3.24578864 -0.22400493 0.20799991
v 3.24520684 -0.22453433 0.20799991
v 3.20288164 -0.26150924 0.20799991
v 3.20385645 -0.26028464 0.20799990
v 3.24752494 -0.22343633 0.20799991
v 3.24691684 -0.22395583 0.20799991
v 3.20208515 -0.26315544 0.20799990
v 3.20303685 -0.26189314 0.20799991
v 3.24927364 -0.22291044 0.20799991
v 3.24864044 -0.22341894 0.20799991
v 3.20225644 -0.26352084 0.20799991
v 3.20132874 -0.26482124 0.20799990
v 3.25037614 -0.22292374 0.20799991
v 3.25103334 -0.22242764 0.20799991
v 3.20151554 -0.26516704 0.20799991
v 3.20061205 -0.26650774 0.20799991
v 3.25280414 -0.22198773 0.20799991
v 3.25212334 -0.22247054 0.20799991
v 3.20081475 -0.26683074 0.20799991
v 3.19993744 -0.26820934 0.20799991
v 3.25388134 -0.22205964 0.20799991
v 3.25458414 -0.22159134 0.20799991
v 3.20015434 -0.26851054 0.20799991
v 3.19930495 -0.26992604 0.20799991
v 3.25637374 -0.22123814 0.20799991
v 3.25564834 -0.22169154 0.20799991
v 3.19871505 -0.27165584 0.20799991
v 3.19953464 -0.27020614 0.20799991
v 3.25742394 -0.22136624 0.20799991
v 3.25817094 -0.22092874 0.20799991
v 3.19816774 -0.27339844 0.20799991
v 3.19895604 -0.27191624 0.20799991
v 3.25997604 -0.22066294 0.20799991
v 3.25920694 -0.22108384 0.20799991
v 3.19841895 -0.27363954 0.20799991
v 3.19766335 -0.27515274 0.20799991
v 3.26178735 -0.22044113 0.20799991
v 3.26099592 -0.22084464 0.20799991
v 3.19792365 -0.27537564 0.20799991
v 3.19720204 -0.27691804 0.20799991
v 3.26360489 -0.22026324 0.20799991
v 3.26279040 -0.22064863 0.20799991
v 3.19747044 -0.27712314 0.20799991
v 3.19678384 -0.27869364 0.20799990
v 3.26542704 -0.22012974 0.20799991
v 3.26458926 -0.22049634 0.20799991
v 3.19640904 -0.28047844 0.20799991
v 3.19705974 -0.27888074 0.20799991
v 3.26725375 -0.22004043 0.20799991
v 3.26639084 -0.22038724 0.20799991
v 3.19607774 -0.28227204 0.20799991
v 3.19669164 -0.28064804 0.20799991
v 3.19636615 -0.28242374 0.20799991
v 3.19579005 -0.28407314 0.20799991
v 3.26999994 -0.22030014 0.20799991
v 3.26908361 -0.21999584 0.20799991
v 3.27091496 -0.21999574 0.20799991
v 3.19608384 -0.28420664 0.20799991
v 3.19554624 -0.28588170 0.20799991
v 3.27274502 -0.22004043 0.20799991
v 3.27181421 -0.22032224 0.20799991
v 3.19584455 -0.28599605 0.20799991
v 3.19534645 -0.28769598 0.20799991
v 3.27362419 -0.22038814 0.20799991
v 3.27457225 -0.22012963 0.20799991
v 3.19519065 -0.28951617 0.20799991
v 3.19564864 -0.28779069 0.20799991
v 3.19532175 -0.29319495 0.20799991
v 3.19498994 -0.29500014 0.20799991
v 3.19501235 -0.29316841 0.20799991
v 3.27639464 -0.22026314 0.20799991
v 3.27543019 -0.22049783 0.20799991
v 3.28182833 -0.22092863 0.20799991
v 3.28081293 -0.22108694 0.20799991
v 3.28002354 -0.22066283 0.20799991
v 3.19554804 -0.30413259 0.20799991
v 3.19584474 -0.30400478 0.20799991
v 3.19608394 -0.30579384 0.20799991
v 3.28612803 -0.22206204 0.20799991
v 3.28541503 -0.22159124 0.20799991
v 3.28719573 -0.22198773 0.20799991
v 3.19641175 -0.30953503 0.20799991
v 3.19669175 -0.30935264 0.20799991
v 3.19706004 -0.31111974 0.20799991
v 3.29135473 -0.22341763 0.20799991
v 3.29072603 -0.22291044 0.20799991
v 3.29247433 -0.22343624 0.20799991
v 3.30146033 -0.22724804 0.20799991
v 3.30101433 -0.22670214 0.20799991
v 3.30267013 -0.22747864 0.20799991
v 3.29593403 -0.22461604 0.20799991
v 3.29764353 -0.22526974 0.20799991
v 3.29647223 -0.22514814 0.20799991
v 3.30629743 -0.22971174 0.20799991
v 3.30591923 -0.22914944 0.20799991
v 3.30751073 -0.23004294 0.20799991
v 3.19930274 -0.32006814 0.20799991
v 3.19953495 -0.31979444 0.20799991
v 3.20015454 -0.32148984 0.20799991
v 3.31062463 -0.23194353 0.20799991
v 3.31214583 -0.23294994 0.20799991
v 3.31095073 -0.23252524 0.20799991
v 3.20131854 -0.32515584 0.20799991
v 3.20151615 -0.32483353 0.20799991
v 3.20225705 -0.32647954 0.20799991
v 3.31655703 -0.23618744 0.20799991
v 3.31537163 -0.23565794 0.20799991
v 3.31511273 -0.23507244 0.20799991
v 3.20471525 -0.33130384 0.20799991
v 3.20370755 -0.33009744 0.20799991
v 3.20385724 -0.32971584 0.20799991
v 3.31954433 -0.23909454 0.20799991
v 3.32072673 -0.23974354 0.20799991
v 3.32087743 -0.24030494 0.20799991
v 3.20654535 -0.33441584 0.20799991
v 3.20751624 -0.33593754 0.20799991
v 3.20645925 -0.33486334 0.20799991
v 3.32463293 -0.24360234 0.20799991
v 3.32469543 -0.24412294 0.20799991
v 3.32345353 -0.24281984 0.20799991
v 3.20956724 -0.33890863 0.20799990
v 3.21064594 -0.34035594 0.20799990
v 3.20954384 -0.33940234 0.20799990
v 3.32708413 -0.24681844 0.20799991
v 3.32824143 -0.24773044 0.20799991
v 3.32823003 -0.24820964 0.20799991
v 3.21294234 -0.34369223 0.20799990
v 3.21290664 -0.34317063 0.20799990
v 3.21408734 -0.34453614 0.20799990
v 3.33042133 -0.25107564 0.20799991
v 3.33153293 -0.25210264 0.20799991
v 3.33146553 -0.25254934 0.20799991
v 3.21654584 -0.34717964 0.20799990
v 3.21782224 -0.34845604 0.20799990
v 3.21663894 -0.34771724 0.20799990
v 3.33438833 -0.25712904 0.20799991
v 3.33344923 -0.25557584 0.20799991
v 3.33449583 -0.25670164 0.20799990
v 3.22046584 -0.35091454 0.20799990
v 3.22183134 -0.35209513 0.20799990
v 3.22061864 -0.35146244 0.20799990
v 3.22633774 -0.35599293 0.20799990
v 3.22486524 -0.35491144 0.20799990
v 3.22609344 -0.35543424 0.20799990
v 3.23058634 -0.35845584 0.20799990
v 3.23091744 -0.35902393 0.20799990
v 3.22936414 -0.35804964 0.20799990
v 3.33711823 -0.26150924 0.20799991
v 3.33697103 -0.26191004 0.20799991
v 3.33614982 -0.26029744 0.20799990
v 3.23409604 -0.36085913 0.20799990
v 3.23528624 -0.36114394 0.20799990
v 3.23571604 -0.36171674 0.20799990
v 3.33938692 -0.26650574 0.20799991
v 3.33919283 -0.26685024 0.20799991
v 3.33849283 -0.26518724 0.20799991
v 3.24016854 -0.36348463 0.20799990
v 3.24068294 -0.36404364 0.20799990
v 3.23901024 -0.36330923 0.20799990
v 3.34104713 -0.27192684 0.20799991
v 3.34047023 -0.27022074 0.20799991
v 3.34128482 -0.27165554 0.20799991
v 3.24579324 -0.36599684 0.20799990
v 3.24407534 -0.36538763 0.20799990
v 3.24520744 -0.36546563 0.20799990
v 3.34252823 -0.27711944 0.20799991
v 3.34207633 -0.27537704 0.20799991
v 3.34279772 -0.27691754 0.20799990
v 3.25037654 -0.36707643 0.20799990
v 3.25102654 -0.36757073 0.20799990
v 3.24926964 -0.36708853 0.20799990
v 3.34330573 -0.28063534 0.20799991
v 3.34392202 -0.28227144 0.20799991
v 3.34363083 -0.28240744 0.20799991
v 3.25636054 -0.36875964 0.20799990
v 3.25457274 -0.36840653 0.20799990
v 3.25564884 -0.36830844 0.20799990
v 3.34415283 -0.28597548 0.20799991
v 3.34465343 -0.28769572 0.20799991
v 3.34434923 -0.28776975 0.20799991
v 3.26279088 -0.36935133 0.20799990
v 3.26177510 -0.36955783 0.20799990
v 3.26099639 -0.36915534 0.20799990
v 3.34498752 -0.29316841 0.20799991
v 3.34467783 -0.29318587 0.20799991
v 3.34461193 -0.29137601 0.20799991
v 3.27091845 -0.37000444 0.20799990
v 3.26999994 -0.36970013 0.20799990
v 3.27181008 -0.36967813 0.20799990
v 3.34492023 -0.29866745 0.20799991
v 3.34461233 -0.29861687 0.20799991
v 3.34498733 -0.29683604 0.20799991
v 3.27361655 -0.36961254 0.20799990
v 3.27458186 -0.36987004 0.20799990
v 3.27275211 -0.36995964 0.20799990
v 3.34391523 -0.30579934 0.20799991
v 3.34445203 -0.30413197 0.20799991
v 3.34420772 -0.30594094 0.20799991
v 3.28003753 -0.36933543 0.20799990
v 3.27822540 -0.36955774 0.20799990
v 3.27901129 -0.36915464 0.20799990
v 3.34358823 -0.30953464 0.20799991
v 3.34321353 -0.31131773 0.20799991
v 3.34294053 -0.31111704 0.20799991
v 3.28363943 -0.36875953 0.20799990
v 3.28435203 -0.36830844 0.20799990
v 3.28542773 -0.36840634 0.20799990
v 3.34183132 -0.31660414 0.20799991
v 3.34158332 -0.31635234 0.20799991
v 3.34233483 -0.31485344 0.20799991
v 3.28961693 -0.36707833 0.20799990
v 3.29073043 -0.36708853 0.20799990
v 3.28897403 -0.36757064 0.20799990
v 3.33984753 -0.32148404 0.20799991
v 3.34069733 -0.32006744 0.20799991
v 3.34006703 -0.32177864 0.20799991
v 3.29592513 -0.36538754 0.20799990
v 3.29420693 -0.36599673 0.20799990
v 3.29478553 -0.36546823 0.20799990
v 3.33868133 -0.32515574 0.20799991
v 3.33792633 -0.32681984 0.20799991
v 3.33774023 -0.32648554 0.20799991
v 3.29931753 -0.36404353 0.20799990
v 3.29983533 -0.36348323 0.20799990
v 3.30099013 -0.36330914 0.20799990
v 3.29762893 -0.36473633 0.20799990
v 3.29648343 -0.36484793 0.20799990
v 3.32822473 -0.34229044 0.20799990
v 3.32824673 -0.34176984 0.20799990
v 3.32935763 -0.34086044 0.20799990
v 3.33152013 -0.33791593 0.20799990
v 3.33147773 -0.33743324 0.20799991
v 3.33254873 -0.33640254 0.20799991
v 3.32462563 -0.34640564 0.20799990
v 3.32336113 -0.34771704 0.20799990
v 3.32345633 -0.34717774 0.20799990
v 3.32705793 -0.34369184 0.20799990
v 3.32585803 -0.34506374 0.20799990
v 3.32591913 -0.34452924 0.20799990
v 3.33449743 -0.33329584 0.20799991
v 3.33438573 -0.33287574 0.20799991
v 3.33541483 -0.33170694 0.20799991
v 3.31938163 -0.35146194 0.20799990
v 3.31799483 -0.35264554 0.20799990
v 3.31816263 -0.35210044 0.20799990
v 3.31676913 -0.35324724 0.20799990
v 3.31657923 -0.35379524 0.20799990
v 3.32935893 -0.34034993 0.20799990
v 3.33045643 -0.33940194 0.20799990
v 3.31952853 -0.35091974 0.20799990
v 3.32073853 -0.35024584 0.20799990
v 3.32710003 -0.34316314 0.20799990
v 3.33043593 -0.33890434 0.20799990
v 3.31390353 -0.35543654 0.20799990
v 3.31513463 -0.35491133 0.20799990
v 3.31366253 -0.35599244 0.20799990
v 3.32470413 -0.34586804 0.20799990
v 3.33248343 -0.33593783 0.20799991
v 3.33354093 -0.33486304 0.20799991
v 3.32217663 -0.34845744 0.20799990
v 3.32206533 -0.34899714 0.20799990
v 3.32086693 -0.34970514 0.20799990
v 3.31243283 -0.35647804 0.20799990
v 3.31216263 -0.35703884 0.20799990
v 3.31534953 -0.35435924 0.20799990
v 3.30908353 -0.35902334 0.20799990
v 3.30941793 -0.35845333 0.20799990
v 3.31063633 -0.35804914 0.20799990
v 3.31093703 -0.35748403 0.20799990
v 3.30590453 -0.36085883 0.20799990
v 3.30428473 -0.36171634 0.20799990
v 3.30472243 -0.36113974 0.20799990
v 3.30750573 -0.35996013 0.20799990
v 3.30787493 -0.35938634 0.20799990
v 3.30148453 -0.36274093 0.20799990
v 3.30264593 -0.36253343 0.20799990
v 3.30630993 -0.36028164 0.20799990
v 3.33345312 -0.33441814 0.20799991
v 3.30311403 -0.36195943 0.20799990
v 3.33528143 -0.33131014 0.20799991
v 3.33629283 -0.33009624 0.20799991
v 3.29816683 -0.36418614 0.20799990
v 3.33713003 -0.32846734 0.20799991
v 3.33695913 -0.32811444 0.20799991
v 3.33613913 -0.32972324 0.20799991
v 3.29247523 -0.36656374 0.20799990
v 3.29135153 -0.36658364 0.20799990
v 3.29307463 -0.36604693 0.20799990
v 3.33939503 -0.32347474 0.20799991
v 3.33918523 -0.32316894 0.20799991
v 3.33848273 -0.32483634 0.20799991
v 3.28611623 -0.36794083 0.20799990
v 3.28720583 -0.36801004 0.20799990
v 3.28787163 -0.36753073 0.20799990
v 3.34104663 -0.31807534 0.20799991
v 3.34128543 -0.31834244 0.20799991
v 3.34046783 -0.31978654 0.20799991
v 3.28079873 -0.36891544 0.20799990
v 3.28184283 -0.36906923 0.20799990
v 3.28257903 -0.36863343 0.20799990
v 3.34279563 -0.31309104 0.20799991
v 3.34253043 -0.31287234 0.20799991
v 3.34207803 -0.31461764 0.20799991
v 3.27640631 -0.36973604 0.20799990
v 3.27541936 -0.36950333 0.20799990
v 3.27721824 -0.36935054 0.20799990
v 3.34330813 -0.30935264 0.20799991
v 3.34391983 -0.30774184 0.20799991
v 3.34363303 -0.30757984 0.20799991
v 3.34415433 -0.30401214 0.20799991
v 3.34465233 -0.30231649 0.20799991
v 3.26908299 -0.37000453 0.20799990
v 3.34435033 -0.30221866 0.20799991
v 3.34480852 -0.30049438 0.20799991
v 3.34467792 -0.29681028 0.20799991
v 3.34500993 -0.29500014 0.20799991
v 3.26458930 -0.36950394 0.20799990
v 3.26541861 -0.36987013 0.20799990
v 3.26359393 -0.36973613 0.20799990
v 3.25920704 -0.36891623 0.20799990
v 3.25996264 -0.36933554 0.20799990
v 3.25815774 -0.36906943 0.20799990
v 3.34469992 -0.29500014 0.20799991
v 3.34492063 -0.29134028 0.20799991
v 3.34450242 -0.28957055 0.20799991
v 3.25742434 -0.36863383 0.20799990
v 3.25279414 -0.36801004 0.20799990
v 3.25388154 -0.36794024 0.20799990
v 3.34480913 -0.28951551 0.20799991
v 3.34391323 -0.28418744 0.20799991
v 3.34445353 -0.28588107 0.20799991
v 3.25212394 -0.36752944 0.20799990
v 3.24864054 -0.36658124 0.20799990
v 3.24752524 -0.36656394 0.20799990
v 3.34420973 -0.28407284 0.20799991
v 3.34359073 -0.28047794 0.20799991
v 3.34293813 -0.27887264 0.20799991
v 3.24691734 -0.36604433 0.20799990
v 3.24237134 -0.36473644 0.20799990
v 3.24351194 -0.36484594 0.20799990
v 3.34321593 -0.27869314 0.20799991
v 3.34158253 -0.27364584 0.20799991
v 3.34233643 -0.27515234 0.20799991
v 3.24183214 -0.36418553 0.20799990
v 3.23735444 -0.36253354 0.20799990
v 3.23852234 -0.36274384 0.20799990
v 3.34183202 -0.27339784 0.20799991
v 3.33985203 -0.26852824 0.20799991
v 3.34069473 -0.26992514 0.20799990
v 3.23689474 -0.36196354 0.20799990
v 3.23369814 -0.36028583 0.20799990
v 3.23249614 -0.35996134 0.20799990
v 3.34006233 -0.26820904 0.20799991
v 3.33775223 -0.26354044 0.20799990
v 3.33867103 -0.26482094 0.20799991
v 3.23213124 -0.35938974 0.20799990
v 3.22783734 -0.35703904 0.20799990
v 3.22906454 -0.35748494 0.20799990
v 3.33791423 -0.26315464 0.20799991
v 3.33528843 -0.25870264 0.20799991
v 3.33628253 -0.25988444 0.20799990
v 3.22756674 -0.35647764 0.20799990
v 3.22464604 -0.35435574 0.20799990
v 3.22342114 -0.35379574 0.20799990
v 3.33540842 -0.25828194 0.20799990
v 3.33354553 -0.25514464 0.20799991
v 3.33247543 -0.25404994 0.20799991
v 3.22322514 -0.35324254 0.20799990
v 3.22200514 -0.35264554 0.20799990
v 3.21926154 -0.35024594 0.20799990
v 3.21912934 -0.34970134 0.20799990
v 3.33255762 -0.25361134 0.20799991
v 3.32934233 -0.24962874 0.20799991
v 3.33047163 -0.25061914 0.20799991
v 3.21793504 -0.34899764 0.20799990
v 3.21537464 -0.34640603 0.20799990
v 3.21530074 -0.34587274 0.20799990
v 3.32937433 -0.24916144 0.20799991
v 3.32590593 -0.24545614 0.20799991
v 3.32707333 -0.24632644 0.20799991
v 3.21414214 -0.34506404 0.20799990
v 3.21175934 -0.34177704 0.20799990
v 3.21177554 -0.34229084 0.20799990
v 3.32587063 -0.24495054 0.20799991
v 3.32218063 -0.24154684 0.20799991
v 3.32336253 -0.24228454 0.20799991
v 3.21064254 -0.34086074 0.20799990
v 3.20852384 -0.33743554 0.20799991
v 3.20848004 -0.33791624 0.20799990
v 3.32205943 -0.24099734 0.20799991
v 3.31936463 -0.23852344 0.20799991
v 3.31818193 -0.23791624 0.20799991
v 3.20745164 -0.33640314 0.20799991
v 3.20550374 -0.33329803 0.20799991
v 3.20561154 -0.33287094 0.20799991
v 3.31797483 -0.23733814 0.20799991
v 3.31679083 -0.23677054 0.20799991
v 3.31364183 -0.23399294 0.20799991
v 3.31392483 -0.23457924 0.20799991
v 3.20458534 -0.33170754 0.20799991
v 3.20303764 -0.32810744 0.20799991
v 3.20286984 -0.32846744 0.20799991
v 3.31245083 -0.23353464 0.20799991
v 3.30942423 -0.23155084 0.20799991
v 3.30907953 -0.23097444 0.20799991
v 3.20207375 -0.32682044 0.20799991
v 3.20060495 -0.32347543 0.20799991
v 3.20081514 -0.32317004 0.20799991
v 3.30787333 -0.23061314 0.20799991
v 3.30470373 -0.22885074 0.20799991
v 3.30430553 -0.22829463 0.20799991
v 3.19993284 -0.32177894 0.20799991
v 3.19871454 -0.31834284 0.20799991
v 3.19895645 -0.31808454 0.20799991
v 3.30309023 -0.22802904 0.20799991
v 3.29933743 -0.22596534 0.20799991
v 3.29981313 -0.22650734 0.20799991
v 3.19816864 -0.31660474 0.20799991
v 3.19747094 -0.31287774 0.20799991
v 3.19720444 -0.31309164 0.20799991
v 3.29815043 -0.22580733 0.20799991
v 3.29477993 -0.22453004 0.20799991
v 3.29421083 -0.22400484 0.20799991
v 3.19678655 -0.31131824 0.20799991
v 3.19608025 -0.30774244 0.20799991
v 3.19636634 -0.30757694 0.20799991
v 3.29307363 -0.22395304 0.20799991
v 3.28962353 -0.22292384 0.20799991
v 3.28896583 -0.22242744 0.20799991
v 3.19579224 -0.30594134 0.20799991
v 3.19564884 -0.30221022 0.20799991
v 3.19534765 -0.30231675 0.20799991
v 3.28788113 -0.22247194 0.20799991
v 3.28436513 -0.22169443 0.20799991
v 3.28362604 -0.22123814 0.20799991
v 3.19549625 -0.30041128 0.20799991
v 3.19519154 -0.30049503 0.20799991
v 3.19538725 -0.29860955 0.20799991
v 3.19507964 -0.29866759 0.20799991
v 3.19501254 -0.29683604 0.20799991
v 3.28259323 -0.22136934 0.20799991
v 3.27821188 -0.22044093 0.20799991
v 3.27902523 -0.22084744 0.20799991
v 3.19529995 -0.29500014 0.20799991
v 3.19532175 -0.29680545 0.20799991
v 3.19507925 -0.29134042 0.20799991
v 3.19538714 -0.29139132 0.20799991
v 3.27723055 -0.22065094 0.20799991
v 3.19549614 -0.28958925 0.20799991
v 3.26724911 -0.36995964 0.20799990
v 3.26639126 -0.36961274 0.20799990
v 3.26819481 -0.36967813 0.20799990
v 3.34450303 -0.30042023 0.20799991
v 3.26819477 -0.22032184 0.20799991
v 3.20013544 -0.32172003 0.19799991
v 3.19950544 -0.32001074 0.19799991
v 3.29586893 -0.22481594 0.19799991
v 3.22647594 -0.23416644 0.19799992
v 3.20969974 -0.25074023 0.19799991
v 3.22500764 -0.23524414 0.19799991
v 3.21429014 -0.24508534 0.19799992
v 3.21552224 -0.24374344 0.19799991
v 3.21309134 -0.24645664 0.19799991
v 3.21678654 -0.24243194 0.19799991
v 3.21808224 -0.24115184 0.19799991
v 3.21940904 -0.23990344 0.19799991
v 3.21079524 -0.24928514 0.19799991
v 3.21192614 -0.24785684 0.19799991
v 3.23103274 -0.23115184 0.19799991
v 3.20662984 -0.25525984 0.19799991
v 3.22948974 -0.23211954 0.19799992
v 3.22215144 -0.23750574 0.19799991
v 3.22076574 -0.23868774 0.19799991
v 3.22356584 -0.23635744 0.19799991
v 3.22797044 -0.23312464 0.19799992
v 3.20863984 -0.25222174 0.19799991
v 3.20761624 -0.25372874 0.19799991
v 3.23259924 -0.23022164 0.19799992
v 3.20568095 -0.25681474 0.19799991
v 3.20477004 -0.25839244 0.19799990
v 3.23418784 -0.22933003 0.19799991
v 3.20389804 -0.25999153 0.19799991
v 3.23579744 -0.22847743 0.19799991
v 3.23742764 -0.22766423 0.19799991
v 3.20306514 -0.26161154 0.19799991
v 3.23907704 -0.22689104 0.19799992
v 3.20227184 -0.26325144 0.19799990
v 3.24074464 -0.22615834 0.19799991
v 3.20151884 -0.26490994 0.19799991
v 3.24242984 -0.22546634 0.19799992
v 3.20080645 -0.26658644 0.19799991
v 3.20013494 -0.26827994 0.19799990
v 3.24413134 -0.22481564 0.19799991
v 3.24584794 -0.22420654 0.19799991
v 3.19950514 -0.26998894 0.19799990
v 3.24757914 -0.22363933 0.19799992
v 3.19891705 -0.27171294 0.19799991
v 3.19837114 -0.27345104 0.19799991
v 3.24932364 -0.22311444 0.19799992
v 3.25108014 -0.22263234 0.19799991
v 3.19786774 -0.27520134 0.19799991
v 3.25284814 -0.22219303 0.19799991
v 3.19740694 -0.27696364 0.19799991
v 3.19698914 -0.27873684 0.19799991
v 3.25462624 -0.22179704 0.19799991
v 3.25641314 -0.22144444 0.19799992
v 3.19661484 -0.28051934 0.19799991
v 3.25820854 -0.22113533 0.19799991
v 3.19628404 -0.28231064 0.19799991
v 3.19599694 -0.28410954 0.19799991
v 3.26001088 -0.22087003 0.19799991
v 3.26181884 -0.22064883 0.19799992
v 3.19575364 -0.28591452 0.19799991
v 3.26363205 -0.22047164 0.19799991
v 3.19555435 -0.28772517 0.19799991
v 3.19539944 -0.28954030 0.19799991
v 3.26544888 -0.22033873 0.19799991
v 3.26726811 -0.22025003 0.19799992
v 3.19528855 -0.29135821 0.19799991
v 3.26908931 -0.22020564 0.19799991
v 3.19522195 -0.29317855 0.19799991
v 3.19519995 -0.29500014 0.19799991
v 3.27091101 -0.22020573 0.19799992
v 3.27455162 -0.22033884 0.19799991
v 3.19539944 -0.30045997 0.19799991
v 3.19528885 -0.29864163 0.19799991
v 3.27273193 -0.22025003 0.19799992
v 3.19522234 -0.29682169 0.19799991
v 3.19599714 -0.30589074 0.19799991
v 3.19575395 -0.30408528 0.19799991
v 3.27998953 -0.22087034 0.19799992
v 3.19555465 -0.30227464 0.19799991
v 3.27636845 -0.22047184 0.19799992
v 3.27818122 -0.22064904 0.19799991
v 3.19661504 -0.30948044 0.19799991
v 3.28537413 -0.22179724 0.19799992
v 3.19698954 -0.31126324 0.19799991
v 3.28179173 -0.22113554 0.19799992
v 3.28358674 -0.22144444 0.19799992
v 3.19628424 -0.30768924 0.19799991
v 3.29067673 -0.22311494 0.19799991
v 3.19837125 -0.31654924 0.19799991
v 3.19786784 -0.31479844 0.19799991
v 3.28891993 -0.22263274 0.19799991
v 3.19740714 -0.31303614 0.19799991
v 3.28715223 -0.22219344 0.19799991
v 3.29925523 -0.22615874 0.19799991
v 3.20080675 -0.32341313 0.19799991
v 3.29757043 -0.22546674 0.19799992
v 3.19891714 -0.31828684 0.19799991
v 3.29242113 -0.22363984 0.19799992
v 3.29415203 -0.22420684 0.19799991
v 3.30420233 -0.22847804 0.19799992
v 3.20306534 -0.32838814 0.19799991
v 3.30257253 -0.22766504 0.19799991
v 3.20227234 -0.32674853 0.19799991
v 3.20151924 -0.32508974 0.19799991
v 3.30092313 -0.22689174 0.19799992
v 3.20568095 -0.33318493 0.19799991
v 3.30740083 -0.23022223 0.19799992
v 3.30896703 -0.23115204 0.19799992
v 3.20389824 -0.33000813 0.19799991
v 3.30581223 -0.22933074 0.19799991
v 3.20477034 -0.33160753 0.19799991
v 3.31202973 -0.23312504 0.19799991
v 3.31352373 -0.23416684 0.19799991
v 3.20863984 -0.33777803 0.19799990
v 3.31051043 -0.23211984 0.19799992
v 3.20761644 -0.33627134 0.19799991
v 3.20662984 -0.33473983 0.19799991
v 3.31784813 -0.23750634 0.19799991
v 3.21192614 -0.34214283 0.19799990
v 3.31643413 -0.23635833 0.19799991
v 3.21079544 -0.34071493 0.19799990
v 3.20969974 -0.33925953 0.19799990
v 3.31499233 -0.23524493 0.19799991
v 3.21552224 -0.34625614 0.19799990
v 3.32059083 -0.23990434 0.19799992
v 3.32191723 -0.24115244 0.19799991
v 3.21309134 -0.34354304 0.19799990
v 3.31923413 -0.23868864 0.19799991
v 3.21429044 -0.34491454 0.19799990
v 3.32447763 -0.24374414 0.19799991
v 3.32570943 -0.24508574 0.19799991
v 3.21940904 -0.35009593 0.19799990
v 3.32321323 -0.24243274 0.19799992
v 3.21808264 -0.34884784 0.19799990
v 3.21678664 -0.34756753 0.19799990
v 3.32920443 -0.24928534 0.19799991
v 3.22356574 -0.35364194 0.19799990
v 3.32807373 -0.24785744 0.19799991
v 3.22215174 -0.35249394 0.19799990
v 3.22076574 -0.35131164 0.19799990
v 3.32690853 -0.24645724 0.19799991
v 3.22797014 -0.35687524 0.19799990
v 3.33136003 -0.25222224 0.19799991
v 3.33238343 -0.25372893 0.19799991
v 3.22500754 -0.35475534 0.19799990
v 3.33030013 -0.25074074 0.19799991
v 3.22647614 -0.35583344 0.19799990
v 3.33337003 -0.25526044 0.19799990
v 3.23103284 -0.35884824 0.19799990
v 3.22948944 -0.35788043 0.19799990
v 3.23418764 -0.36066954 0.19799990
v 3.33610163 -0.25999214 0.19799991
v 3.23579754 -0.36152223 0.19799990
v 3.33431893 -0.25681534 0.19799991
v 3.33522953 -0.25839274 0.19799991
v 3.23259904 -0.35977804 0.19799990
v 3.33848063 -0.26491054 0.19799991
v 3.24074464 -0.36384153 0.19799990
v 3.23907674 -0.36310854 0.19799990
v 3.33772753 -0.26325174 0.19799991
v 3.23742734 -0.36233523 0.19799990
v 3.33693453 -0.26161214 0.19799991
v 3.24584784 -0.36579344 0.19799990
v 3.24413094 -0.36518434 0.19799990
v 3.34049443 -0.26998954 0.19799991
v 3.24242944 -0.36453353 0.19799990
v 3.33919313 -0.26658714 0.19799991
v 3.33986443 -0.26828024 0.19799991
v 3.24932314 -0.36688533 0.19799990
v 3.34213203 -0.27520184 0.19799991
v 3.25107994 -0.36736753 0.19799990
v 3.34108273 -0.27171344 0.19799991
v 3.34162862 -0.27345104 0.19799991
v 3.24757874 -0.36636043 0.19799990
v 3.34338483 -0.28051984 0.19799991
v 3.25641314 -0.36855583 0.19799990
v 3.25462574 -0.36820303 0.19799990
v 3.34301033 -0.27873704 0.19799991
v 3.25284764 -0.36780684 0.19799990
v 3.34259273 -0.27696414 0.19799991
v 3.26181865 -0.36935124 0.19799990
v 3.26001035 -0.36912993 0.19799990
v 3.34424592 -0.28591500 0.19799991
v 3.25820814 -0.36886474 0.19799990
v 3.34371563 -0.28231104 0.19799991
v 3.34400273 -0.28410954 0.19799991
v 3.26544826 -0.36966143 0.19799990
v 3.34471103 -0.29135865 0.19799991
v 3.26726795 -0.36975024 0.19799990
v 3.34444523 -0.28772564 0.19799991
v 3.34460043 -0.28954031 0.19799991
v 3.26363142 -0.36952843 0.19799990
v 3.34477792 -0.29682173 0.19799991
v 3.27273177 -0.36975024 0.19799990
v 3.27091056 -0.36979464 0.19799990
v 3.34479993 -0.29500014 0.19799991
v 3.26908887 -0.36979454 0.19799990
v 3.34477753 -0.29317859 0.19799991
v 3.27818103 -0.36935144 0.19799990
v 3.27636783 -0.36952863 0.19799990
v 3.34444552 -0.30227511 0.19799991
v 3.27455100 -0.36966154 0.19799990
v 3.34471132 -0.29864207 0.19799991
v 3.34460043 -0.30045998 0.19799991
v 3.28179133 -0.36886494 0.19799990
v 3.34371583 -0.30768964 0.19799991
v 3.28358674 -0.36855583 0.19799990
v 3.34424623 -0.30408576 0.19799991
v 3.34400293 -0.30589074 0.19799991
v 3.27998899 -0.36913024 0.19799990
v 3.34259293 -0.31303664 0.19799991
v 3.28891973 -0.36736794 0.19799990
v 3.28715173 -0.36780724 0.19799990
v 3.34301073 -0.31126344 0.19799991
v 3.28537363 -0.36820324 0.19799990
v 3.34338503 -0.30948094 0.19799991
v 3.29415193 -0.36579373 0.19799990
v 3.29242073 -0.36636094 0.19799990
v 3.34108282 -0.31828733 0.19799991
v 3.29067623 -0.36688583 0.19799990
v 3.34213213 -0.31479894 0.19799991
v 3.34162873 -0.31654924 0.19799991
v 3.29757003 -0.36453394 0.19799990
v 3.33919342 -0.32341383 0.19799991
v 3.29925523 -0.36384193 0.19799990
v 3.34049473 -0.32001134 0.19799991
v 3.33986493 -0.32172034 0.19799991
v 3.29586853 -0.36518463 0.19799990
v 3.33610183 -0.33000874 0.19799991
v 3.30420243 -0.36152284 0.19799990
v 3.30257223 -0.36233604 0.19799990
v 3.30092283 -0.36310924 0.19799990
v 3.33772803 -0.32674883 0.19799991
v 3.33136003 -0.33777854 0.19799990
v 3.31051013 -0.35788073 0.19799990
v 3.33431893 -0.33318554 0.19799991
v 3.30740063 -0.35977863 0.19799990
v 3.31643403 -0.35364284 0.19799990
v 3.32920463 -0.34071514 0.19799990
v 3.32690853 -0.34354363 0.19799990
v 3.31352393 -0.35583383 0.19799990
v 3.33693473 -0.32838874 0.19799991
v 3.32191763 -0.34884843 0.19799990
v 3.31923413 -0.35131253 0.19799990
v 3.32321333 -0.34756833 0.19799990
v 3.32059083 -0.35009684 0.19799990
v 3.33238363 -0.33627154 0.19799991
v 3.33337003 -0.33474044 0.19799991
v 3.32570973 -0.34491493 0.19799990
v 3.33030013 -0.33926004 0.19799990
v 3.31784843 -0.35249454 0.19799990
v 3.32807373 -0.34214343 0.19799990
v 3.33522983 -0.33160783 0.19799991
v 3.32447763 -0.34625684 0.19799990
v 3.31499223 -0.35475613 0.19799990
v 3.30896713 -0.35884844 0.19799990
v 3.31202943 -0.35687563 0.19799990
v 3.30581203 -0.36067024 0.19799990
v 3.33848103 -0.32509033 0.19799991
v 3.34499993 -0.29500014 0.19819990
v 3.34497783 -0.29682660 0.19819990
v 3.34477792 -0.29682173 0.19799991
v 3.34464453 -0.30229456 0.19819990
v 3.34444552 -0.30227511 0.19799991
v 3.34479993 -0.30047458 0.19819990
v 3.34460043 -0.30045998 0.19799991
v 3.34471132 -0.29864207 0.19799991
v 3.34491103 -0.29865180 0.19819990
v 3.34371583 -0.30768964 0.19799991
v 3.34420083 -0.30591984 0.19819990
v 3.34391293 -0.30772364 0.19819990
v 3.34424623 -0.30408576 0.19799991
v 3.34444473 -0.30411006 0.19819990
v 3.34400293 -0.30589074 0.19799991
v 3.34278713 -0.31308484 0.19819990
v 3.34213213 -0.31479894 0.19799991
v 3.34259293 -0.31303664 0.19799991
v 3.34358132 -0.30951974 0.19819990
v 3.34301073 -0.31126344 0.19799991
v 3.34338503 -0.30948094 0.19799991
v 3.34049473 -0.32001134 0.19799991
v 3.34108282 -0.31828733 0.19799991
v 3.34127293 -0.31834954 0.19819990
v 3.34162873 -0.31654924 0.19799991
v 3.34232503 -0.31485184 0.19819990
v 3.34182023 -0.31660694 0.19819990
v 3.33937843 -0.32348984 0.19819990
v 3.33866413 -0.32517084 0.19819990
v 3.33848103 -0.32509033 0.19799991
v 3.34005173 -0.32179183 0.19819990
v 3.33919342 -0.32341383 0.19799991
v 3.33986493 -0.32172034 0.19799991
v 3.33522983 -0.33160783 0.19799991
v 3.33610183 -0.33000874 0.19799991
v 3.33627863 -0.33010233 0.19819990
v 3.33693473 -0.32838874 0.19799991
v 3.33790913 -0.32683373 0.19819990
v 3.33711373 -0.32847803 0.19819990
v 3.33353942 -0.33484664 0.19819990
v 3.33255043 -0.33638193 0.19819990
v 3.33238363 -0.33627154 0.19799991
v 3.33449092 -0.33328763 0.19819990
v 3.33337003 -0.33474044 0.19799991
v 3.33431893 -0.33318554 0.19799991
v 3.32807373 -0.34214343 0.19799990
v 3.32920463 -0.34071514 0.19799990
v 3.32936293 -0.34083734 0.19819990
v 3.33030013 -0.33926004 0.19799990
v 3.33152413 -0.33789293 0.19819990
v 3.33046133 -0.33937844 0.19819990
v 3.32462333 -0.34639393 0.19819990
v 3.32321333 -0.34756833 0.19799990
v 3.32447763 -0.34625684 0.19799990
v 3.32706073 -0.34367344 0.19819990
v 3.32570973 -0.34491493 0.19799990
v 3.32690853 -0.34354363 0.19799990
v 3.31923413 -0.35131253 0.19799990
v 3.32072613 -0.35024413 0.19819990
v 3.31936583 -0.35146303 0.19819990
v 3.32191763 -0.34884843 0.19799990
v 3.32335563 -0.34770884 0.19819990
v 3.32205643 -0.34899234 0.19819990
v 3.31511253 -0.35491594 0.19819990
v 3.31352393 -0.35583383 0.19799990
v 3.31499223 -0.35475613 0.19799990
v 3.31797643 -0.35264834 0.19819990
v 3.31643403 -0.35364284 0.19799990
v 3.31784843 -0.35249454 0.19799990
v 3.30896713 -0.35884844 0.19799990
v 3.31061843 -0.35804894 0.19819990
v 3.30907133 -0.35901923 0.19819990
v 3.31202943 -0.35687563 0.19799990
v 3.31214183 -0.35704113 0.19819990
v 3.31051013 -0.35788073 0.19799990
v 3.30429393 -0.36170064 0.19819990
v 3.30257223 -0.36233604 0.19799990
v 3.30420243 -0.36152284 0.19799990
v 3.30590783 -0.36084583 0.19819990
v 3.30581203 -0.36067024 0.19799990
v 3.30750063 -0.35995184 0.19819990
v 3.29757003 -0.36453394 0.19799990
v 3.29933343 -0.36402604 0.19819990
v 3.29764373 -0.36471984 0.19819990
v 3.30092283 -0.36310924 0.19799990
v 3.30100543 -0.36329134 0.19819990
v 3.29925523 -0.36384193 0.19799990
v 3.29248063 -0.36655173 0.19819990
v 3.29067623 -0.36688583 0.19799990
v 3.29242073 -0.36636094 0.19799990
v 3.29421653 -0.36598304 0.19819990
v 3.29415193 -0.36579373 0.19799990
v 3.29593773 -0.36537223 0.19819990
v 3.28537363 -0.36820324 0.19799990
v 3.28719753 -0.36800194 0.19819990
v 3.28541474 -0.36839904 0.19819990
v 3.28891973 -0.36736794 0.19799990
v 3.29073153 -0.36707803 0.19819990
v 3.28897033 -0.36756144 0.19819990
v 3.28182283 -0.36906244 0.19819990
v 3.28001573 -0.36932844 0.19819990
v 3.27998899 -0.36913024 0.19799990
v 3.28362303 -0.36875254 0.19819990
v 3.28179133 -0.36886494 0.19799990
v 3.28358674 -0.36855583 0.19799990
v 3.27456317 -0.36986124 0.19819990
v 3.27455100 -0.36966154 0.19799990
v 3.27638486 -0.36972794 0.19819990
v 3.27636783 -0.36952863 0.19799990
v 3.27818103 -0.36935144 0.19799990
v 3.27820290 -0.36955023 0.19819990
v 3.26908887 -0.36979454 0.19799990
v 3.27091300 -0.36999453 0.19819990
v 3.26908643 -0.36999453 0.19819990
v 3.27273177 -0.36975024 0.19799990
v 3.27273907 -0.36995003 0.19819990
v 3.27091056 -0.36979464 0.19799990
v 3.26543609 -0.36986113 0.19819990
v 3.26361439 -0.36972774 0.19819990
v 3.26363142 -0.36952843 0.19799990
v 3.26726065 -0.36995003 0.19819990
v 3.26544826 -0.36966143 0.19799990
v 3.26726795 -0.36975024 0.19799990
v 3.25817654 -0.36906224 0.19819990
v 3.25820814 -0.36886474 0.19799990
v 3.25998364 -0.36932824 0.19819990
v 3.26001035 -0.36912993 0.19799990
v 3.26181865 -0.36935124 0.19799990
v 3.26179677 -0.36955003 0.19819990
v 3.25284764 -0.36780684 0.19799990
v 3.25462574 -0.36820303 0.19799990
v 3.25458464 -0.36839873 0.19819990
v 3.25641314 -0.36855583 0.19799990
v 3.25637684 -0.36875243 0.19819990
v 3.24932314 -0.36688533 0.19799990
v 3.24926784 -0.36707754 0.19819990
v 3.24757874 -0.36636043 0.19799990
v 3.25280174 -0.36800153 0.19819990
v 3.25102934 -0.36756103 0.19819990
v 3.25107994 -0.36736753 0.19799990
v 3.24578334 -0.36598273 0.19819990
v 3.24406174 -0.36537204 0.19819990
v 3.24413094 -0.36518434 0.19799990
v 3.24751884 -0.36655134 0.19819990
v 3.24584784 -0.36579344 0.19799990
v 3.24066634 -0.36402564 0.19819990
v 3.23907674 -0.36310854 0.19799990
v 3.24074464 -0.36384153 0.19799990
v 3.24235574 -0.36471943 0.19819990
v 3.24242944 -0.36453353 0.19799990
v 3.23734024 -0.36251534 0.19819990
v 3.23579754 -0.36152223 0.19799990
v 3.23742734 -0.36233523 0.19799990
v 3.23899404 -0.36329064 0.19819990
v 3.23249904 -0.35995123 0.19819990
v 3.23259904 -0.35977804 0.19799990
v 3.23409184 -0.36084513 0.19819990
v 3.23418764 -0.36066954 0.19799990
v 3.23570604 -0.36170003 0.19819990
v 3.22797014 -0.35687524 0.19799990
v 3.22948944 -0.35788043 0.19799990
v 3.22938114 -0.35804853 0.19819990
v 3.23103284 -0.35884824 0.19799990
v 3.23092864 -0.35901903 0.19819990
v 3.22500754 -0.35475534 0.19799990
v 3.22647614 -0.35583344 0.19799990
v 3.22635974 -0.35599614 0.19819990
v 3.22785784 -0.35704063 0.19819990
v 3.22215174 -0.35249394 0.19799990
v 3.22356574 -0.35364194 0.19799990
v 3.22344164 -0.35379874 0.19819990
v 3.22488724 -0.35491513 0.19819990
v 3.21940904 -0.35009593 0.19799990
v 3.22076574 -0.35131164 0.19799990
v 3.22063414 -0.35146213 0.19819990
v 3.22202374 -0.35264764 0.19819990
v 3.21678664 -0.34756753 0.19799990
v 3.21794384 -0.34899183 0.19819990
v 3.21664434 -0.34770804 0.19819990
v 3.21927384 -0.35024323 0.19819990
v 3.21808264 -0.34884784 0.19799990
v 3.21537664 -0.34639313 0.19819990
v 3.21552224 -0.34625614 0.19799990
v 3.21414144 -0.34504803 0.19819990
v 3.21429044 -0.34491454 0.19799990
v 3.21309134 -0.34354304 0.19799990
v 3.21293914 -0.34367283 0.19819990
v 3.21177084 -0.34226894 0.19819990
v 3.21192614 -0.34214283 0.19799990
v 3.21063714 -0.34083714 0.19819990
v 3.21079544 -0.34071493 0.19799990
v 3.20969974 -0.33925953 0.19799990
v 3.20953844 -0.33937793 0.19819990
v 3.20847574 -0.33789243 0.19819990
v 3.20863984 -0.33777803 0.19799990
v 3.20744965 -0.33638174 0.19819990
v 3.20761644 -0.33627134 0.19799991
v 3.20662984 -0.33473983 0.19799991
v 3.20646045 -0.33484613 0.19819990
v 3.20550905 -0.33328704 0.19819990
v 3.20568095 -0.33318493 0.19799991
v 3.20459595 -0.33170544 0.19819990
v 3.20477034 -0.33160753 0.19799991
v 3.20389824 -0.33000813 0.19799991
v 3.20372144 -0.33010174 0.19819990
v 3.20288634 -0.32847734 0.19819990
v 3.20306534 -0.32838814 0.19799991
v 3.20209124 -0.32683334 0.19819990
v 3.20227234 -0.32674853 0.19799991
v 3.20151924 -0.32508974 0.19799991
v 3.20133615 -0.32517014 0.19819990
v 3.20062175 -0.32348914 0.19819990
v 3.20080675 -0.32341313 0.19799991
v 3.19994865 -0.32179154 0.19819990
v 3.20013544 -0.32172003 0.19799991
v 3.19950544 -0.32001074 0.19799991
v 3.19931694 -0.32007763 0.19819990
v 3.19872715 -0.31834904 0.19819990
v 3.19891714 -0.31828684 0.19799991
v 3.19817975 -0.31660684 0.19819990
v 3.19837125 -0.31654924 0.19799991
v 3.19786784 -0.31479844 0.19799991
v 3.19767495 -0.31485144 0.19819990
v 3.19721305 -0.31308434 0.19819990
v 3.19740714 -0.31303614 0.19799991
v 3.19679435 -0.31130674 0.19819990
v 3.19698954 -0.31126324 0.19799991
v 3.19661504 -0.30948044 0.19799991
v 3.19641885 -0.30951914 0.19819990
v 3.19608715 -0.30772314 0.19819990
v 3.19628424 -0.30768924 0.19799991
v 3.19579925 -0.30591984 0.19819990
v 3.19599714 -0.30589074 0.19799991
v 3.19575395 -0.30408528 0.19799991
v 3.19555544 -0.30410957 0.19819990
v 3.19535554 -0.30229409 0.19819990
v 3.19555465 -0.30227464 0.19799991
v 3.19520004 -0.30047457 0.19819990
v 3.19539944 -0.30045997 0.19799991
v 3.19528885 -0.29864163 0.19799991
v 3.19508904 -0.29865137 0.19819990
v 3.19502235 -0.29682656 0.19819990
v 3.19522234 -0.29682169 0.19799991
v 3.19499994 -0.29500014 0.19819990
v 3.19519995 -0.29500014 0.19799991
v 3.33136003 -0.33777854 0.19799990
v 3.28715173 -0.36780724 0.19799990
v 3.32822903 -0.34226953 0.19819990
v 3.31364023 -0.35599654 0.19819990
v 3.29586853 -0.36518463 0.19799990
v 3.30265933 -0.36251613 0.19819990
v 3.30740063 -0.35977863 0.19799990
v 3.31655823 -0.35379963 0.19819990
v 3.32059083 -0.35009684 0.19799990
v 3.32585873 -0.34504834 0.19819990
v 3.33540423 -0.33170574 0.19819990
v 3.33772803 -0.32674883 0.19799991
v 3.34068323 -0.32007824 0.19819990
v 3.34320603 -0.31130694 0.19819990
v 3.34479993 -0.29500014 0.19799991
v 3.33849273 -0.26518694 0.20129990
v 3.33802433 -0.26341404 0.20129990
v 3.33775203 -0.26353974 0.20129991
v 3.32824703 -0.34176934 0.20129990
v 3.32959723 -0.34053203 0.20129990
v 3.32935903 -0.34034973 0.20129990
v 3.32492383 -0.34607224 0.20129990
v 3.32470493 -0.34586713 0.20129990
v 3.32345723 -0.34717683 0.20129990
v 3.33248383 -0.33593723 0.20129990
v 3.33370793 -0.33457643 0.20129990
v 3.33345312 -0.33441813 0.20129990
v 3.32367103 -0.34738734 0.20129990
v 3.32217753 -0.34845653 0.20129990
v 3.31952903 -0.35091933 0.20129990
v 3.31816293 -0.35210024 0.20129990
v 3.31972753 -0.35114424 0.20129990
v 3.32086783 -0.34970434 0.20129990
v 3.32107123 -0.34992483 0.20129990
v 3.33043633 -0.33890374 0.20129990
v 3.33067873 -0.33908063 0.20129990
v 3.32238613 -0.34867203 0.20129990
v 3.33147783 -0.33743304 0.20129990
v 3.33172463 -0.33760364 0.20129990
v 3.32732933 -0.34335653 0.20129990
v 3.32710023 -0.34316283 0.20129990
v 3.32591953 -0.34452873 0.20129990
v 3.32614373 -0.34472823 0.20129990
v 3.32848063 -0.34195773 0.20129990
v 3.31835603 -0.35232973 0.20129990
v 3.31695693 -0.35348114 0.20129990
v 3.33273443 -0.33610223 0.20129990
v 3.31676963 -0.35324694 0.20129990
v 3.31553163 -0.35459763 0.20129990
v 3.33438613 -0.33287513 0.20129990
v 3.33464433 -0.33302784 0.20129990
v 3.31534973 -0.35435913 0.20129990
v 3.31407993 -0.35567924 0.20129990
v 3.33554363 -0.33145593 0.20129990
v 3.33528143 -0.33131014 0.20129990
v 3.31260323 -0.35672493 0.20129990
v 3.31390413 -0.35543613 0.20129990
v 3.33613953 -0.32972263 0.20129990
v 3.33640472 -0.32986264 0.20129990
v 3.33722803 -0.32824743 0.20129990
v 3.33695923 -0.32811424 0.20129990
v 3.31110143 -0.35773504 0.20129990
v 3.31243303 -0.35647793 0.20129990
v 3.31093763 -0.35748364 0.20129990
v 3.30957623 -0.35870824 0.20129990
v 3.33801233 -0.32661194 0.20129990
v 3.33774072 -0.32648474 0.20129990
v 3.33875773 -0.32495613 0.20129990
v 3.33848303 -0.32483554 0.20129990
v 3.30802703 -0.35964484 0.20129990
v 3.30941793 -0.35845333 0.20129990
v 3.30787553 -0.35938594 0.20129990
v 3.30645573 -0.36054384 0.20129990
v 3.33946303 -0.32328204 0.20129990
v 3.33918593 -0.32316704 0.20129990
v 3.34012813 -0.32159044 0.20129990
v 3.33984773 -0.32148364 0.20129990
v 3.30630993 -0.36028164 0.20129990
v 3.30486183 -0.36140533 0.20129990
v 3.30324703 -0.36222833 0.20129990
v 3.30472303 -0.36113933 0.20129990
v 3.34075083 -0.31988604 0.20129990
v 3.34046802 -0.31978574 0.20129990
v 3.34133193 -0.31816794 0.20129990
v 3.34104673 -0.31807484 0.20129990
v 3.30311423 -0.36195934 0.20129990
v 3.30161103 -0.36301294 0.20129990
v 3.29995513 -0.36375823 0.20129990
v 3.30148533 -0.36274043 0.20129990
v 3.34187083 -0.31643803 0.20129990
v 3.34158343 -0.31635174 0.20129990
v 3.29828003 -0.36446404 0.20129990
v 3.29983613 -0.36348294 0.20129990
v 3.34207812 -0.31461714 0.20129990
v 3.34236743 -0.31469634 0.20129990
v 3.29658973 -0.36512843 0.20129990
v 3.29816873 -0.36418544 0.20129990
v 3.34282173 -0.31294414 0.20129990
v 3.34253052 -0.31287184 0.20129990
v 3.29648383 -0.36484773 0.20129990
v 3.29488503 -0.36575124 0.20129990
v 3.34294063 -0.31111644 0.20129990
v 3.34323353 -0.31118174 0.20129990
v 3.29478633 -0.36546804 0.20129990
v 3.29316733 -0.36633224 0.20129990
v 3.34360253 -0.30941024 0.20129990
v 3.34330823 -0.30935224 0.20129990
v 3.29307513 -0.36604684 0.20129990
v 3.29143733 -0.36687113 0.20129990
v 3.34363323 -0.30757924 0.20129990
v 3.34392883 -0.30763034 0.20129990
v 3.29135213 -0.36658353 0.20129990
v 3.28969563 -0.36736774 0.20129990
v 3.34421203 -0.30584264 0.20129990
v 3.34391523 -0.30579894 0.20129990
v 3.28794343 -0.36782203 0.20129990
v 3.28961743 -0.36707824 0.20129990
v 3.34415443 -0.30401150 0.20129990
v 3.34445213 -0.30404833 0.20129990
v 3.28787213 -0.36753064 0.20129990
v 3.28618103 -0.36823384 0.20129990
v 3.34464893 -0.30224765 0.20129990
v 3.34435033 -0.30221844 0.20129990
v 3.28611683 -0.36794074 0.20129990
v 3.28440963 -0.36860283 0.20129990
v 3.34450312 -0.30041956 0.20129990
v 3.34480223 -0.30044200 0.20129990
v 3.28435244 -0.36830833 0.20129990
v 3.28262953 -0.36892913 0.20129990
v 3.34491192 -0.29863140 0.20129990
v 3.34461233 -0.29861675 0.20129990
v 3.28084214 -0.36921234 0.20129990
v 3.28257963 -0.36863324 0.20129990
v 3.27904748 -0.36945244 0.20129990
v 3.28079913 -0.36891544 0.20129990
v 3.34499993 -0.29500014 0.20129990
v 3.34469992 -0.29500014 0.20129990
v 3.34467792 -0.29681028 0.20129990
v 3.27901193 -0.36915453 0.20129990
v 3.27724723 -0.36964913 0.20129990
v 3.34497773 -0.29317859 0.20129990
v 3.34467783 -0.29318587 0.20129990
v 3.27721846 -0.36935054 0.20129990
v 3.27544112 -0.36980253 0.20129990
v 3.34461193 -0.29137589 0.20129990
v 3.34491163 -0.29136146 0.20129990
v 3.34480163 -0.28954874 0.20129990
v 3.34450223 -0.28956989 0.20129990
v 3.34415263 -0.28597484 0.20129990
v 3.34421003 -0.28414404 0.20129990
v 3.34391313 -0.28418714 0.20129990
v 3.27181008 -0.36967813 0.20129990
v 3.26999994 -0.37000014 0.20129990
v 3.27181735 -0.36997804 0.20129990
v 3.34323103 -0.27880784 0.20129990
v 3.34293803 -0.27887204 0.20129990
v 3.34330563 -0.28063494 0.20129990
v 3.26818567 -0.36967803 0.20129990
v 3.26637581 -0.36961213 0.20129990
v 3.26637677 -0.36991244 0.20129990
v 3.34187003 -0.27356004 0.20129991
v 3.34158243 -0.27364534 0.20129990
v 3.34207623 -0.27537654 0.20129990
v 3.26276955 -0.36934943 0.20129990
v 3.26096023 -0.36945313 0.20129990
v 3.26276192 -0.36964994 0.20129990
v 3.33985193 -0.26852784 0.20129990
v 3.34047003 -0.27022014 0.20129990
v 3.34013263 -0.26842194 0.20129990
v 3.25737384 -0.36892964 0.20129990
v 3.25740724 -0.36863103 0.20129990
v 3.25559114 -0.36860283 0.20129990
v 3.24692664 -0.36604734 0.20129990
v 3.24510784 -0.36574863 0.20129990
v 3.24682464 -0.36632964 0.20129990
v 3.25029774 -0.36736584 0.20129990
v 3.25205214 -0.36782074 0.20129990
v 3.25211924 -0.36752844 0.20129990
v 3.24004874 -0.36375964 0.20129990
v 3.24171904 -0.36446334 0.20129990
v 3.24185004 -0.36419304 0.20129990
v 3.33614933 -0.26029634 0.20129990
v 3.33555063 -0.25855694 0.20129991
v 3.33528833 -0.25870264 0.20129990
v 3.23676184 -0.36223244 0.20129990
v 3.23690984 -0.36197124 0.20129990
v 3.23514684 -0.36140963 0.20129990
v 3.33344923 -0.25557584 0.20129990
v 3.33272633 -0.25388553 0.20129990
v 3.33247483 -0.25404934 0.20129991
v 3.23212884 -0.35938854 0.20129990
v 3.23042804 -0.35871073 0.20129990
v 3.23197914 -0.35964834 0.20129990
v 3.32934213 -0.24962844 0.20129991
v 3.33042083 -0.25107524 0.20129991
v 3.32958063 -0.24944644 0.20129990
v 3.22754914 -0.35646574 0.20129990
v 3.22591714 -0.35567704 0.20129990
v 3.22739624 -0.35672454 0.20129990
v 3.32708383 -0.24681814 0.20129991
v 3.32613043 -0.24525724 0.20129991
v 3.32590553 -0.24545574 0.20129991
v 3.22320944 -0.35323024 0.20129990
v 3.22163794 -0.35232444 0.20129990
v 3.22303724 -0.35347643 0.20129990
v 3.32218023 -0.24154654 0.20129991
v 3.32345323 -0.24281944 0.20129991
v 3.32239023 -0.24133224 0.20129991
v 3.21781964 -0.34845374 0.20129990
v 3.21892494 -0.34992103 0.20129990
v 3.21912274 -0.34969564 0.20129990
v 3.31837543 -0.23768694 0.20129991
v 3.31818163 -0.23791594 0.20129991
v 3.31954393 -0.23909414 0.20129991
v 3.21530474 -0.34587763 0.20129990
v 3.21409434 -0.34454454 0.20129990
v 3.21508104 -0.34607714 0.20129990
v 3.31555383 -0.23541964 0.20129991
v 3.31410123 -0.23433664 0.20129991
v 3.31392443 -0.23457874 0.20129991
v 3.21065774 -0.34037183 0.20129990
v 3.21152544 -0.34196494 0.20129990
v 3.21177034 -0.34179103 0.20129990
v 3.30958263 -0.23129603 0.20129990
v 3.30942423 -0.23155084 0.20129991
v 3.31111513 -0.23227434 0.20129990
v 3.30644323 -0.22944953 0.20129991
v 3.30484313 -0.22858514 0.20129990
v 3.30470263 -0.22885024 0.20129991
v 3.29993283 -0.22623224 0.20129991
v 3.29981283 -0.22650723 0.20129990
v 3.30158663 -0.22697593 0.20129990
v 3.20853444 -0.33745104 0.20129990
v 3.20752504 -0.33595094 0.20129990
v 3.20827694 -0.33760594 0.20129990
v 3.29477933 -0.22452983 0.20129990
v 3.29657853 -0.22486754 0.20129990
v 3.29487943 -0.22424704 0.20129990
v 3.20471154 -0.33129764 0.20129990
v 3.20535295 -0.33302304 0.20129990
v 3.20561294 -0.33287354 0.20129990
v 3.29144053 -0.22313014 0.20129990
v 3.28970233 -0.22263434 0.20129991
v 3.28962303 -0.22292374 0.20129991
v 3.20302884 -0.32809044 0.20129990
v 3.20224784 -0.32646054 0.20129990
v 3.20276874 -0.32824044 0.20129990
v 3.28436474 -0.22169434 0.20129990
v 3.28619283 -0.22176914 0.20129990
v 3.28442283 -0.22140004 0.20129990
v 3.20014794 -0.32147244 0.20129990
v 3.20053735 -0.32328314 0.20129990
v 3.20080714 -0.32315063 0.20129990
v 3.27902459 -0.22084724 0.20129990
v 3.28085633 -0.22079014 0.20129991
v 3.27906147 -0.22054964 0.20129991
v 3.19867114 -0.31817724 0.20129990
v 3.19895285 -0.31807384 0.20129990
v 3.19841744 -0.31635494 0.20129990
v 3.27545200 -0.22019864 0.20129991
v 3.27363874 -0.22008844 0.20129990
v 3.27362407 -0.22038814 0.20129991
v 3.19747175 -0.31288134 0.20129990
v 3.19706185 -0.31112824 0.20129990
v 3.19717965 -0.31294954 0.20129990
v 3.26818752 -0.22002184 0.20129991
v 3.26818980 -0.22032214 0.20129991
v 3.26999994 -0.22000013 0.20129990
v 3.19607064 -0.30762744 0.20129990
v 3.19636914 -0.30759344 0.20129990
v 3.19608674 -0.30581314 0.20129990
v 3.26098794 -0.22084574 0.20129991
v 3.26276145 -0.22035004 0.20129991
v 3.26095976 -0.22054684 0.20129991
v 3.19499994 -0.29500014 0.20129990
v 3.19502185 -0.29681270 0.20129990
v 3.19529995 -0.29500014 0.20129990
v 3.25737344 -0.22107044 0.20129990
v 3.25559064 -0.22139714 0.20129991
v 3.25564744 -0.22169194 0.20129990
v 3.19502185 -0.29318770 0.20129990
v 3.19532195 -0.29319000 0.20129990
v 3.19538754 -0.29138353 0.20129990
v 3.25029724 -0.22263424 0.20129991
v 3.25038244 -0.22292204 0.20129991
v 3.25205154 -0.22217924 0.20129990
v 3.19564954 -0.28778184 0.20129990
v 3.19519694 -0.28956752 0.20129990
v 3.19549675 -0.28958072 0.20129990
v 3.24521354 -0.22453223 0.20129990
v 3.24682414 -0.22367054 0.20129991
v 3.24510734 -0.22425134 0.20129991
v 3.19578695 -0.28416324 0.20129990
v 3.19608464 -0.28420134 0.20129990
v 3.19636665 -0.28242104 0.20129990
v 3.24171834 -0.22553653 0.20129991
v 3.24004804 -0.22624023 0.20129990
v 3.24016374 -0.22651734 0.20129990
v 3.19705925 -0.27888384 0.20129990
v 3.19746935 -0.27712844 0.20129990
v 3.19676685 -0.27881604 0.20129990
v 3.23527684 -0.22886094 0.20129991
v 3.23676114 -0.22776763 0.20129990
v 3.23514624 -0.22859044 0.20129991
v 3.19895315 -0.27192544 0.20129990
v 3.19813144 -0.27355374 0.20129990
v 3.19841644 -0.27364854 0.20129990
v 3.20151685 -0.26516474 0.20129990
v 3.20225915 -0.26351554 0.20129991
v 3.20124054 -0.26504724 0.20129990
v 3.23355194 -0.22945193 0.20129991
v 3.23368994 -0.22971863 0.20129991
v 3.22739574 -0.23327584 0.20129991
v 3.22591674 -0.23432323 0.20129990
v 3.22609574 -0.23456414 0.20129991
v 3.20304065 -0.26188604 0.20129991
v 3.20198444 -0.26339443 0.20129991
v 3.21892424 -0.24007924 0.20129991
v 3.21913204 -0.24029594 0.20129991
v 3.22047084 -0.23908094 0.20129990
v 3.20445255 -0.25855064 0.20129990
v 3.20471844 -0.25869014 0.20129991
v 3.20561374 -0.25712514 0.20129990
v 3.20956354 -0.25109654 0.20129991
v 3.20827644 -0.25239454 0.20129990
v 3.20852204 -0.25256724 0.20129991
v 3.21267654 -0.24663604 0.20129991
v 3.21289964 -0.24683744 0.20129990
v 3.21408034 -0.24547154 0.20129990
v 3.21529494 -0.24413314 0.20129991
v 3.21386194 -0.24526504 0.20129990
v 3.21633044 -0.24261094 0.20129991
v 3.21654264 -0.24282344 0.20129990
v 3.21782234 -0.24154374 0.20129991
v 3.21508014 -0.24392314 0.20129991
v 3.21175284 -0.24823094 0.20129990
v 3.21040684 -0.24946204 0.20129991
v 3.21064084 -0.24965054 0.20129991
v 3.20751604 -0.25406304 0.20129990
v 3.20629025 -0.25542644 0.20129990
v 3.20654675 -0.25558214 0.20129990
v 3.22323024 -0.23675333 0.20129991
v 3.22446344 -0.23540614 0.20129991
v 3.22303664 -0.23652394 0.20129991
v 3.22183694 -0.23790004 0.20129990
v 3.22026634 -0.23886104 0.20129991
v 3.21761204 -0.24132944 0.20129991
v 3.21152454 -0.24803544 0.20129991
v 3.20932394 -0.25091544 0.20129991
v 3.22163734 -0.23767574 0.20129991
v 3.20726504 -0.25389844 0.20129990
v 3.22465014 -0.23564114 0.20129990
v 3.20535244 -0.25697754 0.20129990
v 3.22756684 -0.23352234 0.20129991
v 3.22889974 -0.23226424 0.20129990
v 3.20359084 -0.26014524 0.20129991
v 3.20386034 -0.26027764 0.20129990
v 3.22906224 -0.23251664 0.20129991
v 3.23042754 -0.23128954 0.20129990
v 3.20276795 -0.26176024 0.20129990
v 3.20053695 -0.26671754 0.20129990
v 3.20081394 -0.26683324 0.20129990
v 3.23197854 -0.23035193 0.20129991
v 3.23058194 -0.23154694 0.20129990
v 3.20015215 -0.26851664 0.20129990
v 3.19987384 -0.26840424 0.20129990
v 3.23212434 -0.23061434 0.20129990
v 3.23839554 -0.22698394 0.20129990
v 3.23688564 -0.22804094 0.20129990
v 3.19925165 -0.27010654 0.20129990
v 3.19953185 -0.27021454 0.20129990
v 3.23851454 -0.22725984 0.20129991
v 3.19867075 -0.27182354 0.20129990
v 3.19792175 -0.27538314 0.20129990
v 3.19717924 -0.27705134 0.20129990
v 3.19763424 -0.27529684 0.20129990
v 3.24340514 -0.22487334 0.20129990
v 3.24351604 -0.22515254 0.20129990
v 3.24183114 -0.22581484 0.20129990
v 3.19607044 -0.28237324 0.20129990
v 3.19669164 -0.28064804 0.20129990
v 3.19639714 -0.28059044 0.20129990
v 3.24855464 -0.22313143 0.20129990
v 3.24864774 -0.22341674 0.20129991
v 3.24692474 -0.22395344 0.20129991
v 3.19584544 -0.28598878 0.20129990
v 3.19535004 -0.28776173 0.20129990
v 3.19554675 -0.28595989 0.20129990
v 3.25388304 -0.22205953 0.20129990
v 3.25381654 -0.22176673 0.20129991
v 3.25212774 -0.22246964 0.20129991
v 3.19508755 -0.29137682 0.20129990
v 3.25742024 -0.22136703 0.20129990
v 3.25916364 -0.22078704 0.20129990
v 3.25920074 -0.22108483 0.20129990
v 3.26456753 -0.22019714 0.20129991
v 3.26278142 -0.22064974 0.20129990
v 3.19535025 -0.30223918 0.20129990
v 3.19565074 -0.30223075 0.20129990
v 3.19549764 -0.30043039 0.20129990
v 3.26637634 -0.22008763 0.20129990
v 3.26638321 -0.22038774 0.20129991
v 3.26999994 -0.22030014 0.20129990
v 3.27182149 -0.22002234 0.20129990
v 3.19554695 -0.30404094 0.20129990
v 3.19584724 -0.30402544 0.20129990
v 3.19639734 -0.30941024 0.20129990
v 3.19669424 -0.30936534 0.20129990
v 3.27181421 -0.22032224 0.20129990
v 3.27542953 -0.22049764 0.20129990
v 3.27725959 -0.22035234 0.20129990
v 3.19676704 -0.31118444 0.20129990
v 3.19792365 -0.31462374 0.20129990
v 3.19763474 -0.31470394 0.20129990
v 3.27723033 -0.22065084 0.20129990
v 3.28081263 -0.22108684 0.20129991
v 3.28264383 -0.22107364 0.20129991
v 3.19813194 -0.31644664 0.20129990
v 3.19925194 -0.31989404 0.20129990
v 3.19952984 -0.31978014 0.20129990
v 3.28259263 -0.22136924 0.20129990
v 3.28612743 -0.22206193 0.20129990
v 3.28795293 -0.22218064 0.20129990
v 3.19987404 -0.32159623 0.20129990
v 3.20124114 -0.32495334 0.20129990
v 3.20150714 -0.32481334 0.20129990
v 3.28788063 -0.22247183 0.20129990
v 3.29135423 -0.22341754 0.20129990
v 3.29316633 -0.22366774 0.20129991
v 3.20198505 -0.32660593 0.20129990
v 3.29307323 -0.22395294 0.20129990
v 3.20385055 -0.32970393 0.20129990
v 3.20445314 -0.33144963 0.20129990
v 3.20359154 -0.32985523 0.20129990
v 3.29826353 -0.22552943 0.20129990
v 3.29814983 -0.22580724 0.20129990
v 3.29647183 -0.22514804 0.20129990
v 3.20655064 -0.33442444 0.20129990
v 3.20726534 -0.33610193 0.20129990
v 3.20629054 -0.33457413 0.20129990
v 3.30322313 -0.22776014 0.20129990
v 3.30309003 -0.22802904 0.20129991
v 3.30145963 -0.22724784 0.20129990
v 3.20957904 -0.33892503 0.20129990
v 3.21040754 -0.34053814 0.20129990
v 3.20932454 -0.33908494 0.20129990
v 3.30787103 -0.23061174 0.20129991
v 3.30802543 -0.23035453 0.20129990
v 3.30629743 -0.22971164 0.20129990
v 3.21291604 -0.34318213 0.20129990
v 3.21386274 -0.34473504 0.20129990
v 3.21267744 -0.34336413 0.20129990
v 3.31262133 -0.23328784 0.20129991
v 3.31245073 -0.23353454 0.20129991
v 3.31095013 -0.23252463 0.20129990
v 3.21654664 -0.34718083 0.20129990
v 3.21761274 -0.34867073 0.20129990
v 3.21633124 -0.34738913 0.20129990
v 3.31697883 -0.23653664 0.20129990
v 3.31679043 -0.23677004 0.20129990
v 3.31537133 -0.23565774 0.20129990
v 3.22181824 -0.35208434 0.20129990
v 3.22045594 -0.35090613 0.20129990
v 3.22026694 -0.35113913 0.20129990
v 3.32087713 -0.24030464 0.20129990
v 3.32108173 -0.24008533 0.20129990
v 3.31974323 -0.23887004 0.20129991
v 3.22446384 -0.35459404 0.20129990
v 3.22607544 -0.35542153 0.20129990
v 3.22462854 -0.35434253 0.20129990
v 3.32491503 -0.24391864 0.20129991
v 3.32469513 -0.24412264 0.20129991
v 3.32366823 -0.24261024 0.20129991
v 3.22890014 -0.35773594 0.20129990
v 3.23057564 -0.35844944 0.20129990
v 3.22904974 -0.35747564 0.20129990
v 3.32822953 -0.24820924 0.20129991
v 3.32846383 -0.24802174 0.20129990
v 3.32731343 -0.24662494 0.20129991
v 3.23529724 -0.36115003 0.20129990
v 3.23355234 -0.36054803 0.20129990
v 3.23370244 -0.36028863 0.20129990
v 3.33171243 -0.25237884 0.20129990
v 3.33146543 -0.25254924 0.20129991
v 3.33066393 -0.25089924 0.20129991
v 3.23839594 -0.36301584 0.20129990
v 3.24018704 -0.36349304 0.20129990
v 3.23854024 -0.36275244 0.20129990
v 3.33438693 -0.25712673 0.20129990
v 3.33464683 -0.25697694 0.20129991
v 3.33370403 -0.25541754 0.20129990
v 3.24340554 -0.36512644 0.20129990
v 3.24522054 -0.36547044 0.20129990
v 3.24352804 -0.36485223 0.20129990
v 3.33697103 -0.26190984 0.20129990
v 3.33724003 -0.26177714 0.20129991
v 3.33641543 -0.26015814 0.20129990
v 3.25037684 -0.36707654 0.20129990
v 3.24855474 -0.36686873 0.20129990
v 3.24864564 -0.36658273 0.20129990
v 3.33947073 -0.26673714 0.20129990
v 3.33919273 -0.26684964 0.20129990
v 3.33876793 -0.26506754 0.20129991
v 3.25563514 -0.36830593 0.20129990
v 3.25381684 -0.36823314 0.20129990
v 3.25387244 -0.36793834 0.20129990
v 3.34133243 -0.27183424 0.20129990
v 3.34104702 -0.27192644 0.20129990
v 3.34075323 -0.27012124 0.20129991
v 3.26097528 -0.36915304 0.20129990
v 3.25916374 -0.36921304 0.20129990
v 3.25918724 -0.36891343 0.20129990
v 3.34281952 -0.27704764 0.20129990
v 3.34252813 -0.27711894 0.20129990
v 3.34236583 -0.27529824 0.20129990
v 3.26456757 -0.36980314 0.20129990
v 3.26457035 -0.36950263 0.20129990
v 3.34363073 -0.28240684 0.20129990
v 3.34392652 -0.28235684 0.20129990
v 3.34360013 -0.28057764 0.20129990
v 3.34434913 -0.28776953 0.20129990
v 3.34445063 -0.28593923 0.20129990
v 3.26999994 -0.36970013 0.20129990
v 3.26818756 -0.36997804 0.20129990
v 3.34464783 -0.28774071 0.20129990
v 3.27363108 -0.36991224 0.20129990
v 3.27361667 -0.36961254 0.20129990
v 3.27542003 -0.36950324 0.20129990
v 3.19508755 -0.29862405 0.20129990
v 3.19538795 -0.29862439 0.20129990
v 3.19532205 -0.29681441 0.20129990
v 3.26457985 -0.22049704 0.20129991
v 3.19578714 -0.30583714 0.20129990
v 3.34497783 -0.29681755 0.20129990
v 3.19519705 -0.30043301 0.20129990
v 3.34497753 -0.29317372 0.19819990
v 3.34479993 -0.29500014 0.19799991
v 3.34477753 -0.29317859 0.19799991
v 3.34471103 -0.29135865 0.19799991
v 3.34479983 -0.28952571 0.19819990
v 3.34491083 -0.29134891 0.19819990
v 3.34444443 -0.28589071 0.19819990
v 3.34424592 -0.28591500 0.19799991
v 3.34420062 -0.28408044 0.19819990
v 3.34444523 -0.28772564 0.19799991
v 3.34464433 -0.28770619 0.19819990
v 3.34460043 -0.28954031 0.19799991
v 3.34338483 -0.28051984 0.19799991
v 3.34320552 -0.27869354 0.19819990
v 3.34358103 -0.28048114 0.19819990
v 3.34371563 -0.28231104 0.19799991
v 3.34391273 -0.28227714 0.19819990
v 3.34400273 -0.28410954 0.19799991
v 3.34182013 -0.27339344 0.19819990
v 3.34213203 -0.27520184 0.19799991
v 3.34162862 -0.27345104 0.19799991
v 3.34278682 -0.27691594 0.19819990
v 3.34259273 -0.27696414 0.19799991
v 3.34232493 -0.27514884 0.19819990
v 3.33986443 -0.26828024 0.19799991
v 3.33937812 -0.26651114 0.19819990
v 3.34005122 -0.26820874 0.19819990
v 3.34108273 -0.27171344 0.19799991
v 3.34068293 -0.26992264 0.19819990
v 3.34127272 -0.27165124 0.19819990
v 3.33711353 -0.26152293 0.19819990
v 3.33772753 -0.26325174 0.19799991
v 3.33693453 -0.26161214 0.19799991
v 3.33866373 -0.26483014 0.19819990
v 3.33919313 -0.26658714 0.19799991
v 3.33848063 -0.26491054 0.19799991
v 3.33431893 -0.25681534 0.19799991
v 3.33353942 -0.25515414 0.19819990
v 3.33449083 -0.25671323 0.19819990
v 3.33610163 -0.25999214 0.19799991
v 3.33540392 -0.25829484 0.19819990
v 3.33627843 -0.25989854 0.19819990
v 3.33046143 -0.25062234 0.19819991
v 3.33136003 -0.25222224 0.19799991
v 3.33030013 -0.25074074 0.19799991
v 3.33255023 -0.25361854 0.19819991
v 3.33337003 -0.25526044 0.19799990
v 3.33238343 -0.25372893 0.19799991
v 3.32690853 -0.24645724 0.19799991
v 3.32585843 -0.24495224 0.19819991
v 3.32706073 -0.24632743 0.19819991
v 3.32920443 -0.24928534 0.19799991
v 3.32822903 -0.24773134 0.19819990
v 3.32936273 -0.24916314 0.19819991
v 3.32205603 -0.24100844 0.19819991
v 3.32321323 -0.24243274 0.19799992
v 3.32191723 -0.24115244 0.19799991
v 3.32462323 -0.24360714 0.19819991
v 3.32447763 -0.24374414 0.19799991
v 3.32335553 -0.24229224 0.19819991
v 3.31784813 -0.23750634 0.19799991
v 3.31655823 -0.23620154 0.19819991
v 3.31797613 -0.23735264 0.19819991
v 3.31923413 -0.23868864 0.19799991
v 3.31936573 -0.23853814 0.19819991
v 3.32059083 -0.23990434 0.19799992
v 3.31214203 -0.23295964 0.19819990
v 3.31202973 -0.23312504 0.19799991
v 3.31061873 -0.23195174 0.19819990
v 3.31511263 -0.23508514 0.19819990
v 3.31499233 -0.23524493 0.19799991
v 3.31364013 -0.23400414 0.19819991
v 3.30581223 -0.22933074 0.19799991
v 3.30590803 -0.22915514 0.19819991
v 3.30740083 -0.23022223 0.19799992
v 3.30896703 -0.23115204 0.19799992
v 3.30907123 -0.23098124 0.19819990
v 3.31051043 -0.23211984 0.19799992
v 3.30100583 -0.22670964 0.19819991
v 3.30092313 -0.22689174 0.19799992
v 3.29933353 -0.22597464 0.19819991
v 3.30429383 -0.22830024 0.19819990
v 3.30420233 -0.22847804 0.19799992
v 3.30265963 -0.22748494 0.19819990
v 3.29415203 -0.22420684 0.19799991
v 3.29421653 -0.22401754 0.19819990
v 3.29586893 -0.22481594 0.19799991
v 3.29757043 -0.22546674 0.19799992
v 3.29764413 -0.22528084 0.19819991
v 3.29925523 -0.22615874 0.19799991
v 3.28897053 -0.22243924 0.19819990
v 3.29067673 -0.22311494 0.19799991
v 3.28891993 -0.22263274 0.19799991
v 3.29248103 -0.22344893 0.19819991
v 3.29242113 -0.22363984 0.19799992
v 3.29073203 -0.22292274 0.19819990
v 3.28358674 -0.22144444 0.19799992
v 3.28182333 -0.22093804 0.19819990
v 3.28362303 -0.22124784 0.19819991
v 3.28537413 -0.22179724 0.19799992
v 3.28541524 -0.22160154 0.19819990
v 3.28715223 -0.22219344 0.19799991
v 3.27638549 -0.22027254 0.19819990
v 3.27820310 -0.22045024 0.19819991
v 3.27818122 -0.22064904 0.19799991
v 3.28001623 -0.22067204 0.19819990
v 3.28179173 -0.22113554 0.19799992
v 3.27998953 -0.22087034 0.19799992
v 3.27273923 -0.22005024 0.19819990
v 3.27273193 -0.22025003 0.19799992
v 3.27091344 -0.22000574 0.19819991
v 3.27636845 -0.22047184 0.19799992
v 3.27455162 -0.22033884 0.19799991
v 3.27456379 -0.22013914 0.19819990
v 3.26726811 -0.22025003 0.19799992
v 3.26543671 -0.22013904 0.19819990
v 3.26726081 -0.22005024 0.19819990
v 3.26908931 -0.22020564 0.19799991
v 3.26908687 -0.22000574 0.19819991
v 3.27091101 -0.22020573 0.19799992
v 3.25998414 -0.22067183 0.19819991
v 3.26179697 -0.22045004 0.19819990
v 3.26181884 -0.22064883 0.19799992
v 3.26361502 -0.22027233 0.19819991
v 3.26544888 -0.22033873 0.19799991
v 3.26363205 -0.22047164 0.19799991
v 3.25637684 -0.22124773 0.19819991
v 3.25641314 -0.22144444 0.19799992
v 3.25458514 -0.22160123 0.19819991
v 3.26001088 -0.22087003 0.19799991
v 3.25820854 -0.22113533 0.19799991
v 3.25817704 -0.22093783 0.19819991
v 3.25284814 -0.22219303 0.19799991
v 3.25108014 -0.22263234 0.19799991
v 3.25102954 -0.22243884 0.19819990
v 3.25462624 -0.22179704 0.19799991
v 3.25280234 -0.22199834 0.19819991
v 3.24757914 -0.22363933 0.19799992
v 3.24578334 -0.22401723 0.19819991
v 3.24751924 -0.22344854 0.19819990
v 3.24926834 -0.22292224 0.19819991
v 3.24932364 -0.22311444 0.19799992
v 3.24242984 -0.22546634 0.19799992
v 3.24235614 -0.22528044 0.19819991
v 3.24413134 -0.22481564 0.19799991
v 3.24406214 -0.22462804 0.19819990
v 3.24584794 -0.22420654 0.19799991
v 3.23734054 -0.22748414 0.19819991
v 3.23899444 -0.22670894 0.19819991
v 3.23907704 -0.22689104 0.19799992
v 3.24066644 -0.22597423 0.19819991
v 3.24074464 -0.22615834 0.19799991
v 3.23409204 -0.22915444 0.19819991
v 3.23579744 -0.22847743 0.19799991
v 3.23418784 -0.22933003 0.19799991
v 3.23742764 -0.22766423 0.19799991
v 3.23570594 -0.22829963 0.19819991
v 3.23092854 -0.23098104 0.19819991
v 3.23259924 -0.23022164 0.19799992
v 3.23103274 -0.23115184 0.19799991
v 3.23249924 -0.23004843 0.19819991
v 3.22785804 -0.23295914 0.19819991
v 3.22797044 -0.23312464 0.19799992
v 3.22635964 -0.23400374 0.19819991
v 3.22948974 -0.23211954 0.19799992
v 3.22938144 -0.23195134 0.19819990
v 3.22488734 -0.23508434 0.19819991
v 3.22500764 -0.23524414 0.19799991
v 3.22344164 -0.23620064 0.19819991
v 3.22647594 -0.23416644 0.19799992
v 3.22202344 -0.23735194 0.19819991
v 3.22215144 -0.23750574 0.19799991
v 3.22063404 -0.23853724 0.19819991
v 3.22356584 -0.23635744 0.19799991
v 3.21927374 -0.23975614 0.19819991
v 3.21940904 -0.23990344 0.19799991
v 3.21794344 -0.24100794 0.19819991
v 3.22076574 -0.23868774 0.19799991
v 3.21664424 -0.24229144 0.19819991
v 3.21678654 -0.24243194 0.19799991
v 3.21537654 -0.24360634 0.19819990
v 3.21808224 -0.24115184 0.19799991
v 3.21414114 -0.24495193 0.19819991
v 3.21552224 -0.24374344 0.19799991
v 3.21429014 -0.24508534 0.19799992
v 3.21293914 -0.24632684 0.19819991
v 3.21309134 -0.24645664 0.19799991
v 3.21177084 -0.24773074 0.19819991
v 3.21063694 -0.24916294 0.19819990
v 3.21192614 -0.24785684 0.19799991
v 3.21079524 -0.24928514 0.19799991
v 3.20953854 -0.25062184 0.19819991
v 3.20969974 -0.25074023 0.19799991
v 3.20847574 -0.25210734 0.19819991
v 3.20744944 -0.25361834 0.19819990
v 3.20863984 -0.25222174 0.19799991
v 3.20761624 -0.25372874 0.19799991
v 3.20646045 -0.25515363 0.19819990
v 3.20662984 -0.25525984 0.19799991
v 3.20550895 -0.25671264 0.19819990
v 3.20459564 -0.25829453 0.19819991
v 3.20568095 -0.25681474 0.19799991
v 3.20477004 -0.25839244 0.19799990
v 3.20372124 -0.25989794 0.19819990
v 3.20389804 -0.25999153 0.19799991
v 3.20288614 -0.26152224 0.19819990
v 3.20209074 -0.26316654 0.19819990
v 3.20306514 -0.26161154 0.19799991
v 3.20227184 -0.26325144 0.19799990
v 3.20133574 -0.26482944 0.19819990
v 3.20151884 -0.26490994 0.19799991
v 3.20062144 -0.26651044 0.19819990
v 3.19994814 -0.26820844 0.19819990
v 3.20080645 -0.26658644 0.19799991
v 3.20013494 -0.26827994 0.19799990
v 3.19931664 -0.26992204 0.19819990
v 3.19950514 -0.26998894 0.19799990
v 3.19872695 -0.27165074 0.19819990
v 3.19817964 -0.27339334 0.19819990
v 3.19891705 -0.27171294 0.19799991
v 3.19837114 -0.27345104 0.19799991
v 3.19767484 -0.27514844 0.19819990
v 3.19786774 -0.27520134 0.19799991
v 3.19721274 -0.27691544 0.19819990
v 3.19679384 -0.27869334 0.19819990
v 3.19740694 -0.27696364 0.19799991
v 3.19698914 -0.27873684 0.19799991
v 3.19641855 -0.28048054 0.19819990
v 3.19661484 -0.28051934 0.19799991
v 3.19608694 -0.28227664 0.19819990
v 3.19579905 -0.28408044 0.19819990
v 3.19628404 -0.28231064 0.19799991
v 3.19599694 -0.28410954 0.19799991
v 3.19555514 -0.28589022 0.19819990
v 3.19575364 -0.28591452 0.19799991
v 3.19535534 -0.28770572 0.19819990
v 3.19519995 -0.28952570 0.19819990
v 3.19555435 -0.28772517 0.19799991
v 3.19539944 -0.28954030 0.19799991
v 3.19508884 -0.29134848 0.19819990
v 3.19528855 -0.29135821 0.19799991
v 3.19502204 -0.29317368 0.19819990
v 3.19499994 -0.29500014 0.19819990
v 3.19522195 -0.29317855 0.19799991
v 3.19519995 -0.29500014 0.19799991
v 3.28719813 -0.22199874 0.19819991
v 3.30257253 -0.22766504 0.19799991
v 3.29593813 -0.22462823 0.19819990
v 3.30750083 -0.23004904 0.19819990
v 3.31352373 -0.23416684 0.19799991
v 3.31643413 -0.23635833 0.19799991
v 3.32072603 -0.23975704 0.19819991
v 3.32570943 -0.24508574 0.19799991
v 3.32807373 -0.24785744 0.19799991
v 3.33152413 -0.25210784 0.19819990
v 3.33790863 -0.26316694 0.19819990
v 3.33522953 -0.25839274 0.19799991
v 3.34049443 -0.26998954 0.19799991
v 3.34301033 -0.27873704 0.19799991
v 3.34499993 -0.29500014 0.19819990
v 3.34490447 -0.29928269 0.19909990
v 3.34501768 -0.29500037 0.19819991
v 3.34499993 -0.29500014 0.19909990
v 3.34443360 -0.30431599 0.19819990
v 3.34485645 -0.29971960 0.19819990
v 3.34413934 -0.30650573 0.19909990
v 3.34337926 -0.31063968 0.19819991
v 3.34267939 -0.31362078 0.19909990
v 3.34082443 -0.31971879 0.19909990
v 3.33897623 -0.32451978 0.19819990
v 3.34151408 -0.31769022 0.19819990
v 3.32757729 -0.34310410 0.19819990
v 3.33132107 -0.33822965 0.19909990
v 3.32685238 -0.34395788 0.19909990
v 3.32263712 -0.34846498 0.19819990
v 3.30413328 -0.36181319 0.19909990
v 3.30584811 -0.36089506 0.19819990
v 3.31043622 -0.35819833 0.19909990
v 3.30095495 -0.36333042 0.19819990
v 3.29916397 -0.36410335 0.19909990
v 3.29503320 -0.36572843 0.19819990
v 3.28533794 -0.36844308 0.19909990
v 3.27816181 -0.36958226 0.19909990
v 3.28179953 -0.36908109 0.19819990
v 3.28805258 -0.36782369 0.19819990
v 3.25194271 -0.36779944 0.19819990
v 3.25025566 -0.36736987 0.19909990
v 3.24756035 -0.36657977 0.19819990
v 3.25555874 -0.36861186 0.19909990
v 3.24504983 -0.36574426 0.19909990
v 3.23495616 -0.36134035 0.19819990
v 3.23914110 -0.36338793 0.19909990
v 3.23267255 -0.36008319 0.19909990
v 3.23020293 -0.35857691 0.19819990
v 3.22654993 -0.35616568 0.19909990
v 3.22569075 -0.35554597 0.19819990
v 3.22083759 -0.35167640 0.19909990
v 3.22002421 -0.35095990 0.19819990
v 3.21558568 -0.34665511 0.19909990
v 3.21015335 -0.34024923 0.19819990
v 3.21482704 -0.34584332 0.19819990
v 3.21084480 -0.34115014 0.19909990
v 3.20665900 -0.33521239 0.19909990
v 3.20604590 -0.33422967 0.19819991
v 3.20306640 -0.32889729 0.19909990
v 3.20254143 -0.32783919 0.19819990
v 3.19967122 -0.32113308 0.19819990
v 3.20010202 -0.32226495 0.19909990
v 3.19779237 -0.31537549 0.19909990
v 3.19746833 -0.31418939 0.19819990
v 3.19616014 -0.30829500 0.19909990
v 3.19594803 -0.30705697 0.19819990
v 3.19512762 -0.29981510 0.19819990
v 3.19522073 -0.30109279 0.19909990
v 3.19498891 -0.29500028 0.19909990
v 3.19499994 -0.29500014 0.19819990
v 3.24156323 -0.36442983 0.19819990
v 3.25730004 -0.36894505 0.19819990
v 3.26094523 -0.36946647 0.19909990
v 3.26362844 -0.36974373 0.19819990
v 3.26637607 -0.36992732 0.19909990
v 3.26999815 -0.37002773 0.19819990
v 3.27181887 -0.36999273 0.19909990
v 3.27637140 -0.36974387 0.19819990
v 3.29060971 -0.36711824 0.19909990
v 3.29494908 -0.36574422 0.19909990
v 3.31131758 -0.35762609 0.19819990
v 3.31636008 -0.35399005 0.19909990
v 3.31719997 -0.35332120 0.19819990
v 3.32184875 -0.34922879 0.19909990
v 3.33197289 -0.33729062 0.19819990
v 3.33521353 -0.33209784 0.19909990
v 3.33578553 -0.33107492 0.19819990
v 3.33849581 -0.32561609 0.19909990
v 3.26572101 -0.36990470 0.20129990
v 3.26999994 -0.37000014 0.19954990
v 3.26999994 -0.37000014 0.20129990
v 3.25990193 -0.36932232 0.19954990
v 3.25938087 -0.36925859 0.20129990
v 3.25536531 -0.36857283 0.19954990
v 3.25317788 -0.36811645 0.20129990
v 3.25007156 -0.36731878 0.19954990
v 3.24580761 -0.36599653 0.19954990
v 3.24783836 -0.36665636 0.20129990
v 3.24279089 -0.36491889 0.20129990
v 3.23571011 -0.36173286 0.19954990
v 3.23695690 -0.36234415 0.20129990
v 3.23140522 -0.35933857 0.20129990
v 3.21616184 -0.34723612 0.19954990
v 3.21461995 -0.34561649 0.20129990
v 3.21251998 -0.34319956 0.19954990
v 3.21053377 -0.34072588 0.20129990
v 3.20303437 -0.32883295 0.19954990
v 3.20615853 -0.33438792 0.19954990
v 3.20368385 -0.33006054 0.20129990
v 3.19889898 -0.31888390 0.19954990
v 3.20043715 -0.32307452 0.19954990
v 3.19844815 -0.31756830 0.20129990
v 3.19609548 -0.30785418 0.20129990
v 3.19550507 -0.30381140 0.19954990
v 3.19619431 -0.30836086 0.19954990
v 3.19506246 -0.29838999 0.19954990
v 3.19535849 -0.30246646 0.20129990
v 3.19498213 -0.29616374 0.20129990
v 3.19500259 -0.29393689 0.19954990
v 3.19522011 -0.28891736 0.20129990
v 3.19594387 -0.28310749 0.19954990
v 3.19526319 -0.28841058 0.19954990
v 3.19589342 -0.28342508 0.20129990
v 3.19688359 -0.27817683 0.20129990
v 3.19858647 -0.27203843 0.20129990
v 3.19700059 -0.27767757 0.19954990
v 3.20026966 -0.26731166 0.19954990
v 3.19843833 -0.27253504 0.19954990
v 3.20043961 -0.26692023 0.20129991
v 3.20303483 -0.26116636 0.20129990
v 3.20615786 -0.25561357 0.20129991
v 3.20869892 -0.25178017 0.20129990
v 3.20688748 -0.25443158 0.19954990
v 3.21137190 -0.24820360 0.20129991
v 3.21462079 -0.24438270 0.19954990
v 3.21053270 -0.24927567 0.19954991
v 3.21805983 -0.24085889 0.20129991
v 3.21837828 -0.24058604 0.19954991
v 3.22285039 -0.23665596 0.20129991
v 3.22180175 -0.23751982 0.19954990
v 3.22791687 -0.23288696 0.20129991
v 3.22684750 -0.23362537 0.19954991
v 3.23216154 -0.23022875 0.19954991
v 3.23410817 -0.22911525 0.20129990
v 3.23695628 -0.22765645 0.19954990
v 3.23983274 -0.22631911 0.20129991
v 3.24192512 -0.22543798 0.19954990
v 3.24488656 -0.22431445 0.20129990
v 3.24792151 -0.22329572 0.19954991
v 3.25007772 -0.22267986 0.20129990
v 3.25454318 -0.22160483 0.20129991
v 3.25494850 -0.22149866 0.19954991
v 3.25893434 -0.22080667 0.20129990
v 3.26118502 -0.22050593 0.19954990
v 3.26433521 -0.22020025 0.20129991
v 3.26563113 -0.22012250 0.19954991
v 3.26999971 -0.21998251 0.20129991
v 3.26999980 -0.21998923 0.19954990
v 3.21435454 -0.24470711 0.20129991
v 3.20326728 -0.26071129 0.19954990
v 3.19731060 -0.31358234 0.19954990
v 3.19699950 -0.31222424 0.20129990
v 3.20095839 -0.32436434 0.20129990
v 3.20688785 -0.33556949 0.20129990
v 3.20918036 -0.33891023 0.19954990
v 3.21837717 -0.34941335 0.20129990
v 3.22073584 -0.35158742 0.19954990
v 3.22251657 -0.35308897 0.20129990
v 3.22572267 -0.35555316 0.19954990
v 3.22678017 -0.35630087 0.20129990
v 3.23022647 -0.35860189 0.19954990
v 3.24150020 -0.36438951 0.19954990
v 3.26521256 -0.36987404 0.19954990
v 3.34499993 -0.29500014 0.19954990
v 3.34495563 -0.29772519 0.19954995
v 3.34477823 -0.29680772 0.19929990
v 3.34456216 -0.30314091 0.19954987
v 3.34436419 -0.30311444 0.19929992
v 3.34480293 -0.30043251 0.19954990
v 3.34388455 -0.30670155 0.19929995
v 3.34260277 -0.31383125 0.19954992
v 3.34193729 -0.31551535 0.19929992
v 3.34284346 -0.31202070 0.19929993
v 3.34342751 -0.31030283 0.19954993
v 3.34340673 -0.30937094 0.19929990
v 3.34026149 -0.32067532 0.19929991
v 3.34113933 -0.31811414 0.19929990
v 3.34160834 -0.31731709 0.19954995
v 3.34044552 -0.32075273 0.19954993
v 3.33893878 -0.32404039 0.19929992
v 3.33537333 -0.33135093 0.19929990
v 3.33665351 -0.32895855 0.19929994
v 3.33598827 -0.33065569 0.19954989
v 3.33418726 -0.33380442 0.19954996
v 3.33223683 -0.33686125 0.19954996
v 3.33207770 -0.33674003 0.19929991
v 3.32775870 -0.34253748 0.19929993
v 3.32998828 -0.33969093 0.19929992
v 3.33014376 -0.33981654 0.19954993
v 3.32430179 -0.34674070 0.19954992
v 3.32290121 -0.34789005 0.19929992
v 3.32539445 -0.34527272 0.19929992
v 3.32673680 -0.34405831 0.19954990
v 3.31892781 -0.35158602 0.19929993
v 3.32173541 -0.34930665 0.19954992
v 3.31905499 -0.35173960 0.19954990
v 3.31481407 -0.35514566 0.19954990
v 3.31396713 -0.35551434 0.19929990
v 3.31613948 -0.35388171 0.19929993
v 3.30870120 -0.35901628 0.19929996
v 3.31185662 -0.35724017 0.19954993
v 3.30880184 -0.35918900 0.19954994
v 3.30565096 -0.36099082 0.19954993
v 3.30635223 -0.36037274 0.19929990
v 3.30152143 -0.36283433 0.19929990
v 3.30242525 -0.36263428 0.19954987
v 3.29904551 -0.36393651 0.19929994
v 3.29403567 -0.36604997 0.19954994
v 3.29052520 -0.36693479 0.19929992
v 3.29397735 -0.36585873 0.19929994
v 3.29659603 -0.36512603 0.19954990
v 3.28351749 -0.36877738 0.19954996
v 3.27993476 -0.36934458 0.19954993
v 3.27991720 -0.36914535 0.19929991
v 3.27632511 -0.36953774 0.19929990
v 3.26727993 -0.36995621 0.19954994
v 3.26456732 -0.36980314 0.19954990
v 3.26368511 -0.36953855 0.19929991
v 3.25916304 -0.36921313 0.19954990
v 3.26008740 -0.36914569 0.19929994
v 3.26185532 -0.36956203 0.19954996
v 3.25740754 -0.36873244 0.19929990
v 3.25647596 -0.36877638 0.19954991
v 3.25474849 -0.36823414 0.19929992
v 3.25122651 -0.36741124 0.19929994
v 3.25116933 -0.36760340 0.19954993
v 3.24861194 -0.36667713 0.19929990
v 3.25381584 -0.36823323 0.19954990
v 3.24855354 -0.36686864 0.19954990
v 3.24603123 -0.36586158 0.19929989
v 3.24255466 -0.36480404 0.19954992
v 3.24012854 -0.36357634 0.19929990
v 3.24263401 -0.36461987 0.19929993
v 3.24595485 -0.36604699 0.19954993
v 3.23766506 -0.36245578 0.19929992
v 3.24004704 -0.36375954 0.19954990
v 3.23275579 -0.36010554 0.19954992
v 3.23285994 -0.35993416 0.19929995
v 3.23514504 -0.36140924 0.19954990
v 3.23523974 -0.36123253 0.19929990
v 3.23756835 -0.36263174 0.19954995
v 3.22825659 -0.35707521 0.19929993
v 3.23053354 -0.35854083 0.19929990
v 3.22965034 -0.35822776 0.19954993
v 3.22530590 -0.35498563 0.19929992
v 3.22664603 -0.35620705 0.19954993
v 3.22316244 -0.35332044 0.19929990
v 3.22446184 -0.35459324 0.19954990
v 3.22232506 -0.35290505 0.19954993
v 3.22108004 -0.35159209 0.19929993
v 3.22026484 -0.35113814 0.19954990
v 3.21825554 -0.34929905 0.19954995
v 3.21906114 -0.34977453 0.19929990
v 3.21461367 -0.34528093 0.19929993
v 3.21710807 -0.34789852 0.19929994
v 3.21569375 -0.34673684 0.19954993
v 3.21325706 -0.34405205 0.19954993
v 3.21225175 -0.34254951 0.19929993
v 3.21095340 -0.34125318 0.19954990
v 3.21056644 -0.34041674 0.19929990
v 3.20895603 -0.33823748 0.19929994
v 3.20878995 -0.33834953 0.19954989
v 3.20693960 -0.33523979 0.19929994
v 3.20726404 -0.33610033 0.19954990
v 3.20506928 -0.33214619 0.19929992
v 3.20580915 -0.33379929 0.19954992
v 3.20445174 -0.33144813 0.19954990
v 3.20335186 -0.32896824 0.19929993
v 3.20316854 -0.32905013 0.19954995
v 3.20216634 -0.32652174 0.19929990
v 3.20198374 -0.32660454 0.19954990
v 3.20106479 -0.32404806 0.19929993
v 3.20087706 -0.32411862 0.19954991
v 3.20006105 -0.32152524 0.19929990
v 3.19987314 -0.32159494 0.19954990
v 3.19914147 -0.31897734 0.19929993
v 3.19894844 -0.31903196 0.19954995
v 3.19832354 -0.31638954 0.19929990
v 3.19787040 -0.31557093 0.19954993
v 3.19759147 -0.31378410 0.19929993
v 3.19717904 -0.31294854 0.19954990
v 3.19676850 -0.31026444 0.19929993
v 3.19657065 -0.31029674 0.19954993
v 3.19626775 -0.30759384 0.19929990
v 3.19607025 -0.30762664 0.19954990
v 3.19585505 -0.30491793 0.19929992
v 3.19565520 -0.30493399 0.19954995
v 3.19554924 -0.30221987 0.19929991
v 3.19534984 -0.30223863 0.19954990
v 3.19533108 -0.29951784 0.19929990
v 3.19513082 -0.29952057 0.19954991
v 3.19522184 -0.29680786 0.19929990
v 3.19502165 -0.29681256 0.19954990
v 3.19519995 -0.29500014 0.19929990
v 3.19499994 -0.29500014 0.19954990
v 3.26729230 -0.36975631 0.19929995
v 3.26999994 -0.36980013 0.19929990
v 3.27090275 -0.37000020 0.19954989
v 3.27271447 -0.36975621 0.19929994
v 3.27362385 -0.36991253 0.19954990
v 3.27633188 -0.36973770 0.19954993
v 3.29057459 -0.36712826 0.19954989
v 3.28702516 -0.36784246 0.19929993
v 3.28348958 -0.36857924 0.19929993
v 3.28706498 -0.36803836 0.19954994
v 3.29652493 -0.36493924 0.19929990
v 3.29911875 -0.36412239 0.19954993
v 3.30396685 -0.36164947 0.19929993
v 3.31174828 -0.35707220 0.19929994
v 3.31696473 -0.35347464 0.19954990
v 3.32094073 -0.34977354 0.19929990
v 3.32847623 -0.34196284 0.19954990
v 3.33401993 -0.33369508 0.19929994
v 3.33763206 -0.32742942 0.19954995
v 3.33783473 -0.32652033 0.19929990
v 3.33911975 -0.32412419 0.19954992
v 3.34408092 -0.30673902 0.19954998
v 3.34466909 -0.29951388 0.19929993
v 3.34479993 -0.29500014 0.19929990
v 3.34337929 -0.27936297 0.19819990
v 3.34439711 -0.28529810 0.19909990
v 3.34455108 -0.28656325 0.19819990
v 3.33897593 -0.26548133 0.19819990
v 3.33849706 -0.26438546 0.19909990
v 3.34113596 -0.27115126 0.19909990
v 3.33578576 -0.25892668 0.19819990
v 3.32685101 -0.24604010 0.19909990
v 3.32263641 -0.24153551 0.19819990
v 3.32184943 -0.24077119 0.19909991
v 3.31719908 -0.23667927 0.19819991
v 3.30413481 -0.22818726 0.19909990
v 3.29843812 -0.22557106 0.19819991
v 3.29834757 -0.22554781 0.19909991
v 3.29243825 -0.22342008 0.19819990
v 3.29407643 -0.22396386 0.19909991
v 3.28975080 -0.22263218 0.19909990
v 3.28355529 -0.22120726 0.19909990
v 3.28090223 -0.22079124 0.19819990
v 3.27725408 -0.22033704 0.19909991
v 3.27636943 -0.22025637 0.19819990
v 3.27181252 -0.22000735 0.19909990
v 3.26636103 -0.22007390 0.19909990
v 3.26726413 -0.22003537 0.19819991
v 3.26181177 -0.22043357 0.19819990
v 3.26003070 -0.22063808 0.19909991
v 3.25550560 -0.22138578 0.19819991
v 3.25288893 -0.22195015 0.19909991
v 3.24765220 -0.22340128 0.19909991
v 3.25017429 -0.22266210 0.19819990
v 3.23904584 -0.22666943 0.19819991
v 3.23415224 -0.22910494 0.19819991
v 3.23586809 -0.22818627 0.19909991
v 3.22956529 -0.23180102 0.19909990
v 3.22280044 -0.23667863 0.19819991
v 3.22364122 -0.23600900 0.19909991
v 3.22868284 -0.23237384 0.19819990
v 3.21736357 -0.24153447 0.19819990
v 3.21815355 -0.24076905 0.19909991
v 3.21314909 -0.24604068 0.19909991
v 3.21242334 -0.24689527 0.19819991
v 3.20802733 -0.25270915 0.19819990
v 3.20867906 -0.25177024 0.19909991
v 3.20421451 -0.25892508 0.19819991
v 3.20575430 -0.25629258 0.19909990
v 3.20306631 -0.26110444 0.19909990
v 3.20102394 -0.26547979 0.19819991
v 3.20010109 -0.26773816 0.19909990
v 3.19848599 -0.27230953 0.19819990
v 3.19779256 -0.27462576 0.19909990
v 3.19662076 -0.27935970 0.19819990
v 3.19616087 -0.28170209 0.19909990
v 3.19544904 -0.28655901 0.19819990
v 3.19522079 -0.28890827 0.19909990
v 3.19495009 -0.29499946 0.19819991
v 3.19498898 -0.29500000 0.19909990
v 3.24248990 -0.22519850 0.19909990
v 3.24496686 -0.22427180 0.19819990
v 3.27182242 -0.22001680 0.19819990
v 3.28627595 -0.22175929 0.19819991
v 3.30504340 -0.22865974 0.19819990
v 3.31043808 -0.23180294 0.19909991
v 3.31131641 -0.23237369 0.19819991
v 3.31636211 -0.23601103 0.19909991
v 3.32757586 -0.24689503 0.19819991
v 3.33132075 -0.25176976 0.19909991
v 3.33197350 -0.25271101 0.19819991
v 3.33521574 -0.25790561 0.19909990
v 3.34151578 -0.27231630 0.19819991
v 3.34310969 -0.27814625 0.19909990
v 3.34487777 -0.29063360 0.19909990
v 3.34504957 -0.29499947 0.19819990
v 3.34501109 -0.29499999 0.19909991
v 3.34497823 -0.29318772 0.19954990
v 3.34479993 -0.29500014 0.19929990
v 3.34475589 -0.29228609 0.19929994
v 3.34373223 -0.28240774 0.19929990
v 3.34392962 -0.28237364 0.19954990
v 3.34414463 -0.28508090 0.19929991
v 3.34212953 -0.27442971 0.19954996
v 3.34240940 -0.27622040 0.19929994
v 3.34167693 -0.27361214 0.19929990
v 3.34282083 -0.27705174 0.19954990
v 3.33961725 -0.26762804 0.19929993
v 3.33912283 -0.26588176 0.19954993
v 3.34012673 -0.26840534 0.19954990
v 3.33857613 -0.26512874 0.19929990
v 3.33623233 -0.26023994 0.19929991
v 3.33554813 -0.25855214 0.19954990
v 3.33683144 -0.26095028 0.19954992
v 3.33120996 -0.25165081 0.19954990
v 3.33207132 -0.25325126 0.19929991
v 3.32998146 -0.25030080 0.19929994
v 3.33273583 -0.25389994 0.19954990
v 3.33354062 -0.25553374 0.19929990
v 3.31335393 -0.23379329 0.19954995
v 3.31323171 -0.23395226 0.19929993
v 3.31034949 -0.23177246 0.19954993
v 3.31553803 -0.23540704 0.19954991
v 3.31541653 -0.23556664 0.19929990
v 3.30243166 -0.22736864 0.19954999
v 3.30152153 -0.22716654 0.19929991
v 3.29995283 -0.22624073 0.19954990
v 3.30485483 -0.22859103 0.19954990
v 3.30396209 -0.22834906 0.19929996
v 3.29397038 -0.22413935 0.19929992
v 3.29404457 -0.22395313 0.19954996
v 3.29652503 -0.22506124 0.19929991
v 3.28883091 -0.22239692 0.19954991
v 3.29138933 -0.22332373 0.19929991
v 3.28877745 -0.22259001 0.19929995
v 3.29144633 -0.22313164 0.19954990
v 3.28525740 -0.22176728 0.19929994
v 3.28618403 -0.22176704 0.19954991
v 3.28083683 -0.22078714 0.19954991
v 3.28259364 -0.22126794 0.19929991
v 3.27991109 -0.22085438 0.19929994
v 3.27721967 -0.22054944 0.19929991
v 3.27451067 -0.22033087 0.19929992
v 3.27543256 -0.22019714 0.19954990
v 3.26819236 -0.22022183 0.19929991
v 3.26637603 -0.22008774 0.19954991
v 3.26909725 -0.22000015 0.19954996
v 3.26006496 -0.22065570 0.19954993
v 3.26366799 -0.22026258 0.19954995
v 3.26187820 -0.22063670 0.19929993
v 3.25737264 -0.22107084 0.19954990
v 3.25829195 -0.22111654 0.19929994
v 3.25470384 -0.22157096 0.19954991
v 3.24947847 -0.22306460 0.19929995
v 3.24596468 -0.22395010 0.19954992
v 3.24942501 -0.22287212 0.19954991
v 3.24688594 -0.22386073 0.19929991
v 3.24431793 -0.22474112 0.19929994
v 3.24256197 -0.22519355 0.19954996
v 3.24095333 -0.22606398 0.19929993
v 3.23922060 -0.22660125 0.19954993
v 3.23847974 -0.22716534 0.19929991
v 3.23603550 -0.22834963 0.19929994
v 3.23675964 -0.22776894 0.19954990
v 3.23364914 -0.22962674 0.19929991
v 3.23434892 -0.22900948 0.19954996
v 3.23129917 -0.23098368 0.19929996
v 3.22814312 -0.23276017 0.19954992
v 3.23119811 -0.23081122 0.19954996
v 3.22825442 -0.23292621 0.19929995
v 3.22518569 -0.23485471 0.19954991
v 3.22245721 -0.23724579 0.19929994
v 3.22303514 -0.23652564 0.19954991
v 3.22530361 -0.23501593 0.19929995
v 3.21972228 -0.23961029 0.19929995
v 3.22094498 -0.23826064 0.19954994
v 3.21710482 -0.24210410 0.19929995
v 3.21696261 -0.24196420 0.19954988
v 3.21507904 -0.24392514 0.19954991
v 3.21326314 -0.24594193 0.19954994
v 3.21522654 -0.24405934 0.19929991
v 3.21340942 -0.24607758 0.19929992
v 3.21152364 -0.24803744 0.19954990
v 3.20985610 -0.25018374 0.19954994
v 3.21111414 -0.24886600 0.19929993
v 3.20948574 -0.25103293 0.19929991
v 3.20776290 -0.25313921 0.19954996
v 3.20792409 -0.25325737 0.19929992
v 3.20581266 -0.25619580 0.19954998
v 3.20598026 -0.25630467 0.19929994
v 3.20401165 -0.25934450 0.19954989
v 3.20462734 -0.25864784 0.19929991
v 3.20334750 -0.26103935 0.19929994
v 3.20236776 -0.26257095 0.19954995
v 3.20216575 -0.26347864 0.19929990
v 3.20088004 -0.26587634 0.19954994
v 3.20106091 -0.26596080 0.19929992
v 3.19955433 -0.26924763 0.19954994
v 3.20006085 -0.26847514 0.19929991
v 3.19913904 -0.27102961 0.19929996
v 3.19839171 -0.27268271 0.19954998
v 3.19806337 -0.27448156 0.19929991
v 3.19739699 -0.27616927 0.19954989
v 3.19657232 -0.27969760 0.19954993
v 3.19715607 -0.27798145 0.19929993
v 3.19641963 -0.28151739 0.19929997
v 3.19591902 -0.28326101 0.19955000
v 3.19585378 -0.28508982 0.19929990
v 3.19543772 -0.28685950 0.19954989
v 3.19519694 -0.28956777 0.19954990
v 3.19546183 -0.28868193 0.19929997
v 3.19504421 -0.29227525 0.19954993
v 3.19524357 -0.29229246 0.19929990
v 3.19499994 -0.29500014 0.19954990
v 3.19519995 -0.29500014 0.19929990
v 3.21892294 -0.24008124 0.19954991
v 3.25205054 -0.22217984 0.19954990
v 3.25297274 -0.22215814 0.19929993
v 3.25562914 -0.22159334 0.19929991
v 3.26547989 -0.22033137 0.19929994
v 3.27090112 -0.22020020 0.19929994
v 3.27272020 -0.22004402 0.19954990
v 3.28352384 -0.22122393 0.19954995
v 3.27814453 -0.22043822 0.19954996
v 3.29744534 -0.22519626 0.19954991
v 3.29904162 -0.22606234 0.19929992
v 3.30713994 -0.23006605 0.19929994
v 3.30724411 -0.22989475 0.19954993
v 3.31023378 -0.23193603 0.19929991
v 3.31754401 -0.23724761 0.19929995
v 3.31767466 -0.23709510 0.19954993
v 3.32027549 -0.23960912 0.19929994
v 3.31973503 -0.23886214 0.19954990
v 3.32174421 -0.24070110 0.19954996
v 3.32289341 -0.24210335 0.19929994
v 3.32430618 -0.24326344 0.19954991
v 3.32477433 -0.24406134 0.19929991
v 3.32658740 -0.24607508 0.19929995
v 3.32674268 -0.24594808 0.19954995
v 3.32832023 -0.24816264 0.19929991
v 3.32904661 -0.24874735 0.19954995
v 3.33419075 -0.25620100 0.19954992
v 3.33493059 -0.25785417 0.19929992
v 3.33745267 -0.26265923 0.19929993
v 3.33801613 -0.26339573 0.19954990
v 3.34085903 -0.27102457 0.19929992
v 3.34105136 -0.27096805 0.19954993
v 3.34323249 -0.27974190 0.19929995
v 3.34342925 -0.27970346 0.19954990
v 3.34434466 -0.28506627 0.19954996
v 3.34453767 -0.28867796 0.19929996
v 3.34465003 -0.28776165 0.19954990
v 3.34486901 -0.29047995 0.19954996
v 3.34499993 -0.29500014 0.19954990
v 3.25899647 -0.22087961 0.19926942
v 3.25919254 -0.22098494 0.19929991
v 3.26098387 -0.22074533 0.19929991
v 3.24293206 -0.22517773 0.19928824
v 3.24517374 -0.22443994 0.19929991
v 3.24730344 -0.22363802 0.19928837
v 3.26999993 -0.22005151 0.19924144
v 3.26745926 -0.22005777 0.19919529
v 3.26750563 -0.22014980 0.19928502
v 3.25648347 -0.22132690 0.19928233
v 3.25562914 -0.22159334 0.19929991
v 3.25740704 -0.22126763 0.19929991
v 3.25385974 -0.22196204 0.19929991
v 3.25034984 -0.22282724 0.19929991
v 3.25209944 -0.22237344 0.19929991
v 3.25157194 -0.22241824 0.19928781
v 3.24861184 -0.22332314 0.19929991
v 3.24688594 -0.22386073 0.19929991
v 3.24012794 -0.22642353 0.19929991
v 3.23847740 -0.22707018 0.19928755
v 3.23847974 -0.22716534 0.19929991
v 3.23466084 -0.22892203 0.19927098
v 3.23012351 -0.23155654 0.19927119
v 3.23207994 -0.23052434 0.19929991
v 3.23523924 -0.22876754 0.19929991
v 3.23364914 -0.22962674 0.19929991
v 3.22603424 -0.23448504 0.19929990
v 3.22750934 -0.23344044 0.19929991
v 3.22561485 -0.23462432 0.19927138
v 3.22900934 -0.23243154 0.19929991
v 3.21282944 -0.24676504 0.19929990
v 3.21401164 -0.24539774 0.19929990
v 3.21224825 -0.24731573 0.19928736
v 3.20844104 -0.25250824 0.19929990
v 3.20947859 -0.25104020 0.19931497
v 3.20760729 -0.25347403 0.19925577
v 3.21056584 -0.24958354 0.19929991
v 3.20376794 -0.26023814 0.19929990
v 3.20462734 -0.25864784 0.19929991
v 3.20425879 -0.25900856 0.19925541
v 3.20216575 -0.26347864 0.19929990
v 3.20293409 -0.26187194 0.19931520
v 3.20135702 -0.26500830 0.19927625
v 3.19944035 -0.27017294 0.19929990
v 3.19892526 -0.27121745 0.19925533
v 3.19886094 -0.27188534 0.19929990
v 3.19636762 -0.28122901 0.19927630
v 3.19626764 -0.28240694 0.19929990
v 3.19659344 -0.28062884 0.19929991
v 3.19707910 -0.27785731 0.19927649
v 3.19737344 -0.27709914 0.19929990
v 3.19783326 -0.27531948 0.19931578
v 3.19540946 -0.28809450 0.19927588
v 3.19574525 -0.28598400 0.19929990
v 3.19580998 -0.28464424 0.19927607
v 3.19598484 -0.28419214 0.19929991
v 3.19539645 -0.28958200 0.19929990
v 3.19516912 -0.29156641 0.19927578
v 3.19528734 -0.29138649 0.19929990
v 3.19509039 -0.29505038 0.19927576
v 3.19517385 -0.29853418 0.19927581
v 3.19522184 -0.29680786 0.19929990
v 3.19519995 -0.29500014 0.19929990
v 3.19554924 -0.30221987 0.19929991
v 3.19539654 -0.30041852 0.19929990
v 3.19541890 -0.30200618 0.19927595
v 3.19574554 -0.30401683 0.19929990
v 3.19582401 -0.30545564 0.19927613
v 3.19696234 -0.31114134 0.19929990
v 3.19638653 -0.30887183 0.19927632
v 3.19710305 -0.31224446 0.19927652
v 3.19659364 -0.30937184 0.19929990
v 3.19626775 -0.30759384 0.19929990
v 3.19886135 -0.31811544 0.19929990
v 3.19830692 -0.31634029 0.19931623
v 3.19892606 -0.31878459 0.19925547
v 3.20216634 -0.32652174 0.19929990
v 3.20142444 -0.32487354 0.19929990
v 3.20140027 -0.32509048 0.19927637
v 3.20294880 -0.32815671 0.19931527
v 3.20376864 -0.32976234 0.19929990
v 3.20425826 -0.33098975 0.19925574
v 3.20743264 -0.33599233 0.19929990
v 3.20760732 -0.33652592 0.19925592
v 3.20844154 -0.33749233 0.19929990
v 3.21283024 -0.34323513 0.19929990
v 3.21168144 -0.34183964 0.19929990
v 3.21131666 -0.34162087 0.19925620
v 3.20949702 -0.33898464 0.19931517
v 3.21056644 -0.34041674 0.19929990
v 3.21438671 -0.34516082 0.19928757
v 3.21522744 -0.34594084 0.19929990
v 3.21401244 -0.34460243 0.19929990
v 3.21906114 -0.34977453 0.19929990
v 3.22071948 -0.35139238 0.19928777
v 3.22039954 -0.35098934 0.19929990
v 3.22176684 -0.35217154 0.19929990
v 3.22316244 -0.35332044 0.19929990
v 3.22576739 -0.35548633 0.19927165
v 3.22458534 -0.35443513 0.19929990
v 3.22603474 -0.35551513 0.19929990
v 3.22750994 -0.35655993 0.19929990
v 3.22900974 -0.35756864 0.19929990
v 3.23028234 -0.35854199 0.19927145
v 3.23053354 -0.35854083 0.19929990
v 3.23208054 -0.35947594 0.19929990
v 3.23414756 -0.36074771 0.19928810
v 3.23523974 -0.36123253 0.19929990
v 3.23364954 -0.36037324 0.19929990
v 3.23865227 -0.36301082 0.19928761
v 3.23685044 -0.36205314 0.19929990
v 3.24012854 -0.36357634 0.19929990
v 3.23848024 -0.36283454 0.19929990
v 3.24311099 -0.36489150 0.19928831
v 3.24179444 -0.36427814 0.19929990
v 3.24347654 -0.36493943 0.19929990
v 3.24748558 -0.36641990 0.19928837
v 3.24688644 -0.36613944 0.19929990
v 3.24517424 -0.36556004 0.19929990
v 3.24861194 -0.36667713 0.19929990
v 3.25035024 -0.36717284 0.19929990
v 3.25175260 -0.36762766 0.19928782
v 3.25210004 -0.36762655 0.19929990
v 3.25563998 -0.36840916 0.19930639
v 3.25385994 -0.36803783 0.19929990
v 3.25777446 -0.36889808 0.19928576
v 3.25740754 -0.36873244 0.19929990
v 3.25919264 -0.36901514 0.19929990
v 3.26098434 -0.36925463 0.19929990
v 3.26458205 -0.36960363 0.19929990
v 3.26278123 -0.36945094 0.19929990
v 3.26400191 -0.36965027 0.19928590
v 3.26740547 -0.36985402 0.19928226
v 3.26638643 -0.36971263 0.19929990
v 3.26725409 -0.36997041 0.19910116
v 3.26380278 -0.36972907 0.19919589
v 3.26999994 -0.36996704 0.19922778
v 3.26999994 -0.37000014 0.19909990
v 3.21774874 -0.34852613 0.19931524
v 3.21647434 -0.34724944 0.19929990
v 3.20643555 -0.33443174 0.19931605
v 3.20462784 -0.33135244 0.19929990
v 3.20552535 -0.33292163 0.19929990
v 3.19696214 -0.27885914 0.19929991
v 3.20072255 -0.32320774 0.19929990
v 3.20007436 -0.32156496 0.19931552
v 3.19944064 -0.31982764 0.19929990
v 3.19782765 -0.31465144 0.19929990
v 3.19737385 -0.31290164 0.19929990
v 3.19528734 -0.29861438 0.19929990
v 3.19598504 -0.30580824 0.19929990
v 3.19522184 -0.29319253 0.19929990
v 3.19554904 -0.28778104 0.19929990
v 3.20142394 -0.26512714 0.19929991
v 3.19832315 -0.27361094 0.19929990
v 3.20006243 -0.26846642 0.19931523
v 3.20072214 -0.26679294 0.19929991
v 3.20555055 -0.25703183 0.19931613
v 3.20646014 -0.25553194 0.19929990
v 3.20743235 -0.25400804 0.19929990
v 3.21168054 -0.24816064 0.19929990
v 3.21522523 -0.24405846 0.19931497
v 3.21840840 -0.24071319 0.19928764
v 3.21775174 -0.24147254 0.19929991
v 3.21906044 -0.24022574 0.19929990
v 3.21647364 -0.24275063 0.19929990
v 3.22175644 -0.23783500 0.19931496
v 3.22039894 -0.23901074 0.19929991
v 3.22316184 -0.23667983 0.19929991
v 3.22458494 -0.23556504 0.19929991
v 3.23053314 -0.23145944 0.19929991
v 3.23684974 -0.22794694 0.19929991
v 3.24179374 -0.22572173 0.19929991
v 3.24347614 -0.22506034 0.19929991
v 3.26355038 -0.22038103 0.19928367
v 3.26278075 -0.22054914 0.19929991
v 3.26458202 -0.22039654 0.19929991
v 3.26638601 -0.22028744 0.19929991
v 3.26819236 -0.22022183 0.19929991
v 3.26999994 -0.22019974 0.19930486
v 3.23516070 -0.22857955 0.19910014
v 3.23166722 -0.23051589 0.19909841
v 3.23292194 -0.22982738 0.19919239
v 3.26819240 -0.36977814 0.19929990
v 3.26999994 -0.36980044 0.19930364
v 3.25382336 -0.22178690 0.19921720
v 3.20939380 -0.25086404 0.19920496
v 3.21129419 -0.24835447 0.19919206
v 3.20003349 -0.32196272 0.19919001
v 3.21321636 -0.34402663 0.19909965
v 3.21529922 -0.34627324 0.19920495
v 3.22170004 -0.35234318 0.19920481
v 3.21949663 -0.35047439 0.19909959
v 3.25379579 -0.36820692 0.19921791
v 3.20271851 -0.26190161 0.19919013
v 3.19568983 -0.28476740 0.19909894
v 3.19624657 -0.28131925 0.19909845
v 3.25974470 -0.36925843 0.19923373
v 3.26186590 -0.22045695 0.19919635
v 3.24949563 -0.22287614 0.19920527
v 3.24520663 -0.22422707 0.19919372
v 3.24074351 -0.22595954 0.19920522
v 3.23744574 -0.22745381 0.19919246
v 3.22839704 -0.23261879 0.19919268
v 3.22391455 -0.23585293 0.19919215
v 3.22169031 -0.23766525 0.19920477
v 3.21952745 -0.23954925 0.19919184
v 3.21737901 -0.24159482 0.19920503
v 3.21529058 -0.24373621 0.19920492
v 3.21326774 -0.24597199 0.19919118
v 3.20586278 -0.25615773 0.19919078
v 3.20006829 -0.26784048 0.19910036
v 3.19788601 -0.27445918 0.19919003
v 3.19529703 -0.28820303 0.19909943
v 3.19506394 -0.29163280 0.19909998
v 3.19498938 -0.29495730 0.19910083
v 3.19506120 -0.29830056 0.19909997
v 3.19787703 -0.31550902 0.19919018
v 3.20270360 -0.32806777 0.19919038
v 3.20166912 -0.32597168 0.19909897
v 3.20579082 -0.33379466 0.19909956
v 3.20940084 -0.33914593 0.19920493
v 3.21738806 -0.34841445 0.19920493
v 3.22725231 -0.35665500 0.19909786
v 3.22388623 -0.35412505 0.19919233
v 3.22836623 -0.35736070 0.19919291
v 3.23166433 -0.35948598 0.19909843
v 3.23288796 -0.36015323 0.19919275
v 3.23507434 -0.36139783 0.19910263
v 3.23740945 -0.36252856 0.19919292
v 3.24078521 -0.36405842 0.19920515
v 3.24516914 -0.36575974 0.19919411
v 3.24953739 -0.36713606 0.19920517
v 3.26446556 -0.22018972 0.19910072
v 3.22727207 -0.23333506 0.19909773
v 3.21635136 -0.24255525 0.19909781
v 3.21629976 -0.34739479 0.19909809
v 3.22290408 -0.35339944 0.19909859
v 3.25669817 -0.22117908 0.19909966
v 3.22295920 -0.23656092 0.19909840
v 3.20166227 -0.26404888 0.19909882
v 3.19697262 -0.27786023 0.19909802
v 3.19529182 -0.30173814 0.19909945
v 3.19568277 -0.30518202 0.19909895
v 3.19623948 -0.30864351 0.19909846
v 3.19696661 -0.31211571 0.19909808
v 3.21035883 -0.34052226 0.19909889
v 3.25662548 -0.36880804 0.19909967
v 3.26999994 -0.21999651 0.19910020
v 3.26699751 -0.22005305 0.19909987
v 3.26009346 -0.22064790 0.19909993
v 3.26307248 -0.36968548 0.19909997
v 3.25996254 -0.36933571 0.19909991
v 3.24954574 -0.22283442 0.19910066
v 3.24230864 -0.22529177 0.19910019
v 3.23864649 -0.22684869 0.19909811
v 3.21949848 -0.23954172 0.19909854
v 3.21323181 -0.24597369 0.19909815
v 3.21039247 -0.24944246 0.19909844
v 3.20581606 -0.25618074 0.19909793
v 3.20406096 -0.25924670 0.19909852
v 3.19786184 -0.27443911 0.19909771
v 3.19786218 -0.31556539 0.19909787
v 3.19893109 -0.31899657 0.19909816
v 3.20015862 -0.32236095 0.19909885
v 3.20768115 -0.33674630 0.19909863
v 3.23862480 -0.36314148 0.19909817
v 3.24225843 -0.36468975 0.19910033
v 3.24937702 -0.36711790 0.19910072
v 3.25304018 -0.22193739 0.19909970
v 3.24583614 -0.22399193 0.19909942
v 3.20767501 -0.25326431 0.19909861
v 3.19893045 -0.27100688 0.19909809
v 3.20405577 -0.33074687 0.19909864
v 3.24587552 -0.36602197 0.19909948
v 3.25302282 -0.36805954 0.19909969
usemtl GrayCastMetal
f 1 2 3
f 4 5 6
f 7 8 9
f 10 11 8
f 12 13 14
f 7 10 8
f 15 9 8
f 15 16 17
f 16 15 18
f 15 17 9
f 19 20 18
f 21 20 19
f 22 23 24
f 21 19 24
f 24 19 22
f 22 25 26
f 23 22 26
f 25 22 27
f 25 27 28
f 29 28 27
f 30 31 32
f 32 33 27
f 33 32 31
f 32 34 30
f 29 27 33
f 34 35 36
f 37 36 35
f 38 39 40
f 35 41 37
f 41 35 40
f 42 39 38
f 43 44 45
f 42 38 46
f 47 45 48
f 46 45 47
f 44 48 45
f 15 19 18
f 49 45 50
f 51 49 52
f 8 11 53
f 54 53 55
f 11 55 53
f 54 56 57
f 57 58 59
f 57 56 58
f 57 59 60
f 57 60 61
f 62 63 61
f 63 62 64
f 64 65 63
f 66 63 65
f 67 68 69
f 69 70 67
f 71 67 70
f 67 71 72
f 73 74 72
f 74 73 75
f 75 76 74
f 77 74 76
f 77 78 79
f 80 79 78
f 79 80 81
f 81 82 83
f 84 85 83
f 84 83 82
f 85 86 83
f 86 85 87
f 87 3 86
f 2 86 3
f 88 89 2
f 88 2 1
f 89 90 91
f 91 92 89
f 88 90 89
f 93 94 92
f 95 92 94
f 93 92 91
f 96 95 97
f 95 96 98
f 95 94 97
f 99 100 98
f 101 102 103
f 104 105 106
f 101 107 102
f 108 109 110
f 106 111 108
f 112 113 114
f 112 115 113
f 116 117 118
f 119 120 121
f 122 123 124
f 125 126 122
f 127 13 128
f 129 13 12
f 5 4 130
f 6 131 132
f 4 6 132
f 133 134 132
f 135 136 137
f 138 139 135
f 140 137 141
f 137 136 141
f 142 143 144
f 145 146 143
f 147 148 149
f 146 148 143
f 150 151 152
f 149 151 147
f 153 154 155
f 155 150 153
f 156 155 154
f 155 156 157
f 158 157 159
f 160 161 162
f 157 158 163
f 164 160 163
f 157 163 160
f 160 164 165
f 159 157 156
f 153 150 152
f 151 150 147
f 148 147 143
f 143 142 145
f 166 142 144
f 144 167 166
f 140 144 137
f 140 167 144
f 136 135 139
f 138 135 134
f 132 134 135
f 132 131 133
f 168 130 4
f 4 129 168
f 14 13 127
f 13 169 128
f 122 170 169
f 170 122 124
f 171 121 120
f 126 123 122
f 120 172 125
f 172 120 119
f 118 173 174
f 116 118 175
f 117 173 118
f 175 113 176
f 98 96 99
f 113 115 176
f 108 111 109
f 104 106 108
f 177 105 104
f 102 107 177
f 104 102 177
f 100 178 103
f 103 98 100
f 101 103 178
f 179 180 181
f 8 182 15
f 38 45 46
f 44 43 183
f 183 43 184
f 161 160 165
f 150 185 147
f 186 122 187
f 118 174 188
f 74 77 189
f 63 66 190
f 191 192 57
f 193 34 32
f 194 40 35
f 34 193 35
f 38 40 194
f 51 184 43
f 195 104 196
f 197 22 198
f 199 45 38
f 200 155 157
f 185 201 147
f 201 202 143
f 201 143 147
f 202 203 144
f 144 143 202
f 203 204 137
f 204 135 137
f 137 144 203
f 181 132 135
f 205 4 132
f 206 207 4
f 207 208 129
f 208 209 13
f 129 4 207
f 209 210 13
f 13 129 208
f 210 211 169
f 211 187 122
f 169 13 210
f 122 169 211
f 186 120 125
f 122 186 125
f 212 188 171
f 171 120 212
f 171 188 174
f 213 113 175
f 118 213 175
f 214 215 114
f 215 108 110
f 113 214 114
f 110 114 215
f 216 102 195
f 217 103 216
f 218 98 217
f 219 95 218
f 220 79 81
f 81 83 220
f 221 74 222
f 79 189 77
f 221 67 72
f 74 221 72
f 223 190 68
f 68 67 223
f 68 190 66
f 224 191 61
f 61 63 224
f 192 225 57
f 61 191 57
f 225 53 54
f 226 15 182
f 54 57 225
f 227 228 19
f 227 19 15
f 198 22 19
f 229 230 22
f 230 231 27
f 230 27 22
f 231 193 32
f 32 27 231
f 232 194 35
f 232 35 193
f 45 199 50
f 157 233 200
f 162 157 160
f 162 233 157
f 180 234 205
f 209 208 235
f 192 191 236
f 8 53 237
f 150 238 185
f 238 150 155
f 206 234 239
f 108 240 196
f 108 215 240
f 104 108 196
f 102 104 195
f 103 102 216
f 98 103 217
f 92 219 241
f 95 98 218
f 89 241 242
f 92 95 219
f 2 242 243
f 89 92 241
f 86 243 244
f 2 89 242
f 83 244 220
f 86 2 243
f 244 83 86
f 74 189 222
f 245 63 190
f 246 199 38
f 246 38 194
f 43 49 51
f 45 49 43
f 247 162 161
f 162 248 233
f 200 249 155
f 250 53 236
f 251 50 199
f 252 251 199
f 155 249 238
f 201 185 253
f 201 253 202
f 203 202 254
f 203 254 255
f 203 255 204
f 135 204 179
f 135 179 181
f 132 181 180
f 132 180 205
f 4 205 234
f 4 234 206
f 207 206 239
f 207 239 208
f 208 256 235
f 210 209 235
f 210 235 211
f 211 257 187
f 186 187 258
f 258 120 186
f 212 259 188
f 188 260 118
f 240 215 261
f 220 262 79
f 79 263 189
f 190 264 245
f 245 224 63
f 225 192 236
f 225 236 53
f 53 250 237
f 8 237 182
f 182 237 226
f 15 226 227
f 227 226 228
f 19 228 198
f 198 228 197
f 22 197 229
f 230 229 265
f 230 265 231
f 232 193 266
f 199 246 252
f 247 248 162
f 233 249 200
f 238 267 185
f 267 253 185
f 253 268 202
f 268 254 202
f 255 179 204
f 256 208 239
f 257 211 235
f 257 258 187
f 269 120 258
f 259 120 269
f 259 212 120
f 259 260 188
f 260 270 118
f 270 213 118
f 271 213 270
f 271 113 213
f 272 113 271
f 272 214 113
f 261 214 272
f 261 215 214
f 262 220 244
f 262 263 79
f 273 221 222
f 273 67 221
f 223 67 273
f 223 264 190
f 191 224 245
f 197 265 229
f 265 274 231
f 274 193 231
f 266 193 274
f 266 246 194
f 266 194 232
f 251 49 50
f 275 276 277
f 278 279 280
f 278 280 281
f 281 280 282
f 283 281 284
f 282 284 281
f 284 285 283
f 285 286 283
f 285 287 286
f 287 288 286
f 289 288 287
f 289 287 290
f 291 289 290
f 292 291 290
f 292 293 291
f 294 293 292
f 293 294 295
f 294 296 295
f 297 295 298
f 296 298 295
f 279 299 300
f 299 279 278
f 301 300 299
f 302 300 301
f 302 301 303
f 304 305 302
f 302 303 304
f 306 305 307
f 304 307 305
f 308 306 307
f 308 307 309
f 309 310 308
f 311 310 309
f 312 313 310
f 310 311 312
f 314 313 312
f 315 314 312
f 316 314 315
f 316 315 317
f 316 317 318
f 318 276 275
f 276 318 317
f 319 277 320
f 320 321 322
f 323 324 325
f 324 326 325
f 325 327 323
f 328 329 327
f 330 331 332
f 333 334 331
f 334 335 336
f 337 338 339
f 340 341 342
f 341 340 343
f 343 340 344
f 345 343 344
f 346 345 344
f 346 347 345
f 346 348 347
f 348 349 347
f 342 350 338
f 341 350 342
f 338 350 339
f 339 351 337
f 336 352 351
f 352 337 351
f 336 335 352
f 334 333 335
f 333 331 330
f 353 330 332
f 332 354 355
f 332 355 353
f 355 354 328
f 328 354 329
f 323 327 329
f 326 324 322
f 321 326 322
f 356 320 322
f 356 319 320
f 275 277 319
f 357 358 359
f 360 358 361
f 358 362 363
f 364 360 361
f 365 362 366
f 358 357 362
f 357 366 362
f 364 367 360
f 361 358 363
f 358 368 369
f 359 358 369
f 368 370 371
f 372 368 371
f 372 373 369
f 368 372 369
f 374 375 373
f 373 375 369
f 376 373 377
f 376 374 373
f 378 377 379
f 373 379 377
f 380 381 379
f 380 382 381
f 379 381 378
f 378 383 384
f 383 378 381
f 385 386 383
f 384 383 386
f 387 385 388
f 387 386 385
f 389 388 390
f 385 390 388
f 391 392 389
f 389 390 391
f 393 394 392
f 393 392 391
f 392 395 396
f 395 392 394
f 397 398 395
f 396 395 398
f 399 397 400
f 399 398 397
f 401 402 403
f 397 401 400
f 404 405 406
f 406 403 407
f 408 409 410
f 411 412 413
f 414 415 416
f 417 418 419
f 420 421 422
f 423 424 415
f 425 426 427
f 428 429 430
f 431 432 433
f 434 431 435
f 436 437 438
f 439 440 441
f 442 443 444
f 445 446 447
f 448 449 450
f 451 452 453
f 454 455 456
f 457 450 458
f 459 460 461
f 462 463 454
f 464 465 466
f 467 468 466
f 469 470 471
f 472 473 465
f 471 474 475
f 476 477 478
f 479 480 481
f 482 476 478
f 483 476 482
f 484 483 485
f 486 482 478
f 486 487 482
f 483 484 488
f 484 489 488
f 477 476 490
f 485 483 482
f 476 481 475
f 475 481 480
f 475 474 490
f 490 476 475
f 491 471 470
f 474 471 491
f 464 469 492
f 492 469 471
f 492 465 464
f 472 465 492
f 468 493 466
f 493 464 466
f 459 461 467
f 466 459 467
f 460 462 494
f 461 460 494
f 455 454 463
f 462 454 494
f 456 457 458
f 456 455 457
f 449 495 450
f 495 458 450
f 452 451 448
f 448 451 449
f 442 444 453
f 453 444 451
f 447 446 443
f 442 447 443
f 445 437 496
f 446 445 496
f 438 439 436
f 437 436 496
f 440 433 441
f 438 440 439
f 432 431 434
f 441 433 432
f 425 427 435
f 435 427 434
f 497 430 426
f 425 497 426
f 421 429 428
f 428 430 497
f 422 423 420
f 421 420 429
f 424 416 415
f 422 424 423
f 417 414 418
f 418 414 416
f 408 498 419
f 419 498 417
f 413 410 409
f 410 498 408
f 405 412 411
f 411 413 409
f 406 407 404
f 405 404 412
f 401 403 400
f 402 407 403
f 499 500 501
f 502 503 504
f 505 506 507
f 508 509 510
f 502 511 507
f 512 513 514
f 515 516 517
f 517 518 519
f 516 520 521
f 522 523 524
f 524 521 525
f 526 527 523
f 528 527 529
f 528 530 531
f 532 533 534
f 535 531 534
f 536 537 538
f 539 540 541
f 542 539 543
f 544 542 545
f 546 547 548
f 549 547 546
f 550 551 552
f 553 554 555
f 556 557 555
f 558 557 559
f 560 561 562
f 562 561 563
f 564 565 566
f 567 568 569
f 570 571 572
f 573 574 575
f 576 577 578
f 579 580 576
f 581 582 583
f 584 585 586
f 587 588 589
f 589 590 587
f 591 592 587
f 593 590 589
f 591 587 590
f 587 592 594
f 588 587 594
f 591 595 596
f 596 592 591
f 597 598 592
f 596 597 592
f 594 592 598
f 596 599 600
f 600 597 596
f 595 599 596
f 600 601 585
f 602 600 603
f 585 603 600
f 597 600 602
f 599 601 600
f 584 603 585
f 601 586 585
f 604 586 605
f 606 584 604
f 604 584 586
f 606 607 584
f 603 584 607
f 608 604 609
f 604 608 606
f 607 606 610
f 609 604 605
f 608 611 583
f 606 608 583
f 583 612 606
f 610 606 612
f 611 608 609
f 583 611 581
f 583 582 613
f 612 583 613
f 581 614 579
f 579 582 581
f 579 615 582
f 613 582 615
f 579 576 616
f 615 579 616
f 617 575 574
f 614 580 579
f 577 576 580
f 618 619 576
f 578 618 576
f 616 576 619
f 620 621 578
f 578 577 620
f 622 578 621
f 618 578 622
f 574 623 617
f 623 624 620
f 624 621 620
f 624 622 621
f 622 624 625
f 574 625 624
f 625 574 626
f 623 574 624
f 627 628 629
f 573 626 574
f 573 630 626
f 631 570 573
f 573 575 631
f 630 573 570
f 628 632 629
f 632 571 631
f 633 634 627
f 571 570 631
f 570 572 635
f 630 570 635
f 572 571 628
f 572 636 637
f 635 572 637
f 632 628 571
f 633 627 629
f 638 572 627
f 638 636 572
f 628 627 572
f 627 634 568
f 568 638 627
f 636 638 639
f 640 569 634
f 569 568 634
f 567 638 568
f 638 567 641
f 639 638 641
f 565 569 642
f 567 569 565
f 643 567 644
f 565 644 567
f 641 567 643
f 640 642 569
f 564 645 644
f 566 565 642
f 646 566 647
f 646 564 566
f 565 564 644
f 644 645 648
f 649 650 647
f 651 646 650
f 564 646 645
f 652 645 651
f 648 645 652
f 647 650 646
f 649 653 650
f 646 651 645
f 653 651 650
f 651 653 654
f 655 653 656
f 657 653 655
f 657 654 653
f 649 656 653
f 501 655 658
f 510 659 660
f 657 655 501
f 661 657 662
f 654 657 661
f 658 655 656
f 499 501 663
f 662 657 500
f 657 501 500
f 663 501 658
f 664 665 499
f 666 510 660
f 667 500 665
f 499 665 500
f 668 500 669
f 667 669 500
f 662 500 668
f 663 664 499
f 509 665 659
f 667 665 509
f 669 667 670
f 664 659 665
f 508 670 667
f 667 509 508
f 508 671 670
f 510 509 659
f 505 510 666
f 508 510 505
f 672 506 505
f 508 505 507
f 507 673 508
f 671 508 673
f 666 672 505
f 502 506 672
f 507 506 502
f 511 674 507
f 674 673 507
f 511 504 675
f 511 502 504
f 511 675 676
f 674 511 676
f 503 502 672
f 504 677 512
f 677 504 503
f 512 675 504
f 676 675 678
f 679 513 677
f 512 677 513
f 675 512 514
f 680 675 514
f 675 680 681
f 678 675 681
f 679 518 513
f 518 514 513
f 680 514 682
f 519 518 683
f 682 514 517
f 518 517 514
f 679 683 518
f 515 519 684
f 517 519 515
f 685 517 516
f 517 685 682
f 684 519 683
f 520 515 686
f 516 515 520
f 516 521 687
f 516 687 688
f 685 516 688
f 686 515 684
f 686 525 520
f 524 687 521
f 520 525 521
f 522 525 689
f 525 522 524
f 690 524 523
f 687 524 690
f 686 689 525
f 526 522 691
f 522 526 523
f 690 523 692
f 692 523 527
f 691 522 689
f 529 526 693
f 527 526 529
f 694 527 528
f 527 694 692
f 693 526 691
f 695 530 529
f 528 529 530
f 528 531 696
f 694 528 696
f 693 695 529
f 534 530 695
f 530 534 531
f 697 531 535
f 531 697 698
f 696 531 698
f 535 533 699
f 699 697 535
f 534 533 535
f 532 534 695
f 533 700 538
f 700 533 532
f 699 533 538
f 697 699 701
f 702 536 700
f 703 540 704
f 538 700 536
f 699 538 537
f 701 699 705
f 705 699 537
f 706 707 536
f 708 540 703
f 709 537 707
f 537 536 707
f 709 710 537
f 711 537 710
f 537 711 705
f 702 706 536
f 703 704 706
f 709 704 712
f 712 710 709
f 707 704 709
f 704 707 706
f 712 704 540
f 710 712 713
f 714 715 716
f 541 540 708
f 712 540 539
f 717 712 539
f 713 712 717
f 718 543 541
f 541 543 539
f 717 539 719
f 719 539 542
f 708 718 541
f 714 545 718
f 542 543 545
f 544 720 542
f 721 542 720
f 542 721 719
f 718 545 543
f 722 545 714
f 723 544 722
f 723 720 544
f 544 545 722
f 720 723 724
f 716 552 722
f 722 552 723
f 716 722 714
f 715 550 716
f 725 726 558
f 552 716 550
f 723 552 551
f 727 723 728
f 728 723 551
f 724 723 727
f 559 550 729
f 730 726 725
f 556 550 559
f 728 551 556
f 550 556 551
f 728 556 731
f 715 729 550
f 731 556 555
f 557 556 559
f 731 555 732
f 558 559 729
f 557 726 553
f 557 558 726
f 555 557 553
f 733 734 735
f 736 726 730
f 553 726 736
f 736 554 553
f 555 554 737
f 732 555 737
f 738 739 736
f 736 739 554
f 739 740 554
f 554 740 741
f 737 554 741
f 730 738 736
f 560 562 738
f 739 563 740
f 562 563 739
f 740 563 546
f 548 740 546
f 741 740 548
f 562 739 738
f 735 561 560
f 561 742 563
f 742 546 563
f 735 743 742
f 735 742 561
f 743 744 546
f 743 546 742
f 745 746 744
f 549 546 744
f 734 743 735
f 743 734 747
f 747 744 743
f 744 747 745
f 549 744 746
f 748 749 750
f 751 752 753
f 754 755 756
f 757 758 759
f 760 761 762
f 763 764 765
f 766 767 768
f 769 770 771
f 772 773 774
f 775 776 777
f 778 779 780
f 781 780 782
f 783 779 778
f 780 784 778
f 784 780 785
f 785 786 784
f 781 787 777
f 773 788 789
f 789 790 791
f 792 793 794
f 795 796 797
f 798 799 800
f 801 798 792
f 802 803 771
f 804 805 767
f 806 807 808
f 809 807 810
f 811 812 813
f 765 811 814
f 815 816 817
f 818 819 815
f 820 817 761
f 821 760 822
f 823 824 821
f 825 758 824
f 826 827 828
f 829 830 831
f 832 833 834
f 835 836 834
f 749 837 750
f 838 750 839
f 840 838 839
f 841 842 843
f 782 780 779
f 781 785 780
f 785 844 786
f 787 781 782
f 845 785 777
f 777 785 781
f 846 785 845
f 785 846 844
f 790 788 847
f 775 777 787
f 776 845 777
f 846 845 848
f 849 774 776
f 776 775 849
f 850 845 774
f 774 845 776
f 845 850 851
f 848 845 851
f 852 772 849
f 853 790 854
f 772 774 849
f 773 850 774
f 855 851 850
f 855 850 773
f 847 788 852
f 773 772 788
f 856 773 857
f 789 857 773
f 855 773 856
f 852 788 772
f 854 790 847
f 791 857 789
f 789 788 790
f 858 857 791
f 859 853 854
f 790 853 799
f 860 791 799
f 860 858 791
f 791 790 799
f 859 800 853
f 800 799 853
f 860 799 798
f 861 858 860
f 861 860 798
f 792 800 862
f 800 792 798
f 863 798 801
f 798 863 864
f 861 798 864
f 859 862 800
f 865 801 794
f 863 801 865
f 792 794 801
f 793 792 862
f 797 793 866
f 794 797 865
f 797 794 793
f 867 865 868
f 865 867 863
f 865 796 869
f 869 868 865
f 865 797 796
f 870 868 869
f 866 795 797
f 871 769 795
f 872 802 873
f 769 796 795
f 869 796 769
f 874 869 771
f 771 869 769
f 875 869 874
f 869 875 876
f 870 869 876
f 871 770 769
f 873 802 770
f 802 771 770
f 874 771 803
f 872 877 803
f 803 802 872
f 874 877 878
f 874 803 877
f 879 874 880
f 878 880 874
f 875 874 879
f 881 768 872
f 768 877 872
f 878 877 768
f 878 767 882
f 878 768 767
f 883 878 882
f 880 878 883
f 881 766 768
f 884 804 766
f 804 767 766
f 882 767 805
f 882 805 885
f 882 885 886
f 883 882 886
f 884 887 804
f 805 887 888
f 885 805 888
f 804 887 805
f 889 885 888
f 890 809 884
f 891 763 808
f 809 887 884
f 888 887 809
f 807 809 892
f 893 763 891
f 888 809 810
f 888 810 894
f 889 888 894
f 890 892 809
f 810 806 895
f 807 806 810
f 896 810 895
f 894 810 896
f 808 807 892
f 763 806 808
f 895 806 763
f 895 897 896
f 893 764 763
f 895 763 765
f 895 765 898
f 897 895 898
f 899 811 764
f 764 811 765
f 900 765 814
f 898 765 900
f 893 899 764
f 901 814 813
f 811 813 814
f 814 901 902
f 900 814 902
f 812 811 899
f 903 818 812
f 818 813 812
f 901 813 818
f 902 901 904
f 819 818 903
f 901 818 815
f 905 901 815
f 904 901 905
f 906 816 819
f 819 816 815
f 815 817 907
f 905 815 907
f 903 906 819
f 761 816 906
f 816 761 817
f 908 817 820
f 907 817 908
f 820 760 821
f 820 761 760
f 909 820 821
f 820 909 908
f 762 761 906
f 822 762 910
f 760 762 822
f 909 821 911
f 912 823 822
f 822 823 821
f 913 821 914
f 914 821 824
f 911 821 913
f 910 912 822
f 825 823 912
f 758 914 824
f 824 823 825
f 759 825 915
f 758 825 759
f 914 758 916
f 916 758 757
f 915 825 912
f 759 917 918
f 919 757 918
f 759 918 757
f 757 919 920
f 916 757 920
f 917 759 915
f 921 922 917
f 923 924 925
f 918 922 919
f 918 917 922
f 920 919 926
f 921 827 922
f 927 924 923
f 919 827 928
f 922 827 919
f 919 928 929
f 926 919 929
f 828 827 925
f 827 826 928
f 930 929 928
f 930 928 826
f 925 827 921
f 826 828 924
f 930 826 931
f 924 828 925
f 932 933 934
f 935 924 927
f 936 924 935
f 826 936 937
f 931 826 937
f 938 939 935
f 936 935 939
f 924 936 826
f 940 936 941
f 937 936 940
f 927 938 935
f 942 939 943
f 944 934 933
f 936 942 945
f 941 936 945
f 936 939 942
f 946 941 945
f 938 943 939
f 947 942 932
f 942 947 945
f 948 946 945
f 932 942 943
f 949 945 934
f 949 948 945
f 947 934 945
f 934 947 932
f 944 950 934
f 949 934 950
f 948 949 951
f 950 952 949
f 951 949 952
f 755 950 953
f 755 954 952
f 944 953 950
f 955 752 956
f 957 755 754
f 954 755 957
f 950 755 952
f 756 755 953
f 753 752 955
f 754 958 829
f 958 754 756
f 829 957 754
f 954 957 959
f 960 830 958
f 829 958 830
f 831 957 829
f 961 959 957
f 961 957 831
f 956 962 830
f 963 831 962
f 831 830 962
f 961 831 964
f 831 963 965
f 964 831 965
f 960 956 830
f 963 962 752
f 752 962 956
f 966 832 967
f 968 963 751
f 963 752 751
f 963 968 969
f 965 963 969
f 970 836 751
f 751 753 970
f 836 968 751
f 969 968 971
f 972 834 970
f 973 966 967
f 834 836 970
f 835 968 836
f 968 835 974
f 971 968 974
f 835 834 833
f 975 974 835
f 833 976 835
f 975 835 976
f 972 832 834
f 837 749 977
f 966 833 832
f 976 966 978
f 973 979 966
f 980 966 979
f 978 966 980
f 833 966 976
f 981 982 973
f 979 973 982
f 982 980 979
f 978 980 983
f 977 749 981
f 749 980 982
f 984 980 749
f 980 984 985
f 983 980 985
f 981 749 982
f 748 984 749
f 986 843 842
f 750 837 839
f 748 750 838
f 987 988 989
f 840 990 838
f 991 992 838
f 838 990 991
f 748 838 992
f 840 993 990
f 841 993 840
f 990 993 991
f 993 994 991
f 993 843 994
f 995 994 843
f 843 993 841
f 986 996 843
f 997 995 843
f 996 997 843
f 989 998 996
f 989 996 986
f 998 999 996
f 999 997 996
f 988 998 989
f 988 999 998
f 999 988 1000
f 1001 1002 1003
f 1004 1005 1001
f 1006 1007 1001
f 1008 1001 1009
f 1010 1001 1011
f 1012 1001 1013
f 1014 1001 1015
f 1001 1005 1011
f 1004 1001 1008
f 1012 1015 1001
f 1016 1001 1014
f 1017 1001 1018
f 1019 1013 1001
f 1018 1001 1010
f 1019 1001 1020
f 1017 1021 1001
f 1022 1020 1001
f 1023 1024 1001
f 1025 1023 1001
f 1006 1001 1026
f 1024 1027 1001
f 1003 1026 1001
f 1001 1028 1002
f 1029 1001 1027
f 1001 1029 1030
f 1031 1001 1030
f 1031 1032 1001
f 1001 1032 1033
f 1033 1034 1001
f 1034 1035 1001
f 1001 1035 1036
f 1001 1036 1037
f 1037 1038 1001
f 1038 1028 1001
f 1001 1007 1022
f 1001 1021 1025
f 1039 1040 1041
f 1042 1043 1044
f 1045 1046 1042
f 1047 1048 1049
f 1047 1049 1043
f 1048 1050 1051
f 1052 1053 1054
f 1052 1054 1055
f 1056 1057 1058
f 1059 1060 1061
f 1060 1062 1063
f 1064 1065 1066
f 1067 1068 1069
f 1067 1069 1070
f 1071 1069 1068
f 1072 1073 1074
f 1072 1074 1075
f 1076 1073 1072
f 1077 1076 1078
f 1073 1076 1077
f 1078 1079 1077
f 1080 1081 1078
f 1082 1083 1080
f 1083 1084 1085
f 1086 1087 1088
f 1089 1090 1091
f 1092 1093 1090
f 1094 1095 1093
f 1094 1096 1095
f 1097 1098 1096
f 1098 1099 1100
f 1100 1101 1102
f 1102 1101 1103
f 1103 1104 1105
f 1106 1107 1108
f 1109 1110 1107
f 1111 1110 1109
f 1111 1109 1112
f 1113 1114 1112
f 1111 1112 1114
f 1115 1113 1116
f 1113 1115 1114
f 1117 1118 1116
f 1115 1116 1118
f 1119 1117 1120
f 1117 1119 1118
f 1119 1120 1121
f 1120 1122 1121
f 1122 1123 1121
f 1124 1123 1122
f 1125 1123 1124
f 1125 1124 1126
f 1125 1126 1127
f 1126 1128 1129
f 1129 1127 1126
f 1130 1131 1128
f 1129 1128 1131
f 1132 1130 1133
f 1130 1132 1131
f 1133 1134 1132
f 1135 1134 1133
f 1136 1134 1135
f 1136 1135 1137
f 1107 1110 1108
f 1105 1106 1108
f 1106 1105 1104
f 1101 1104 1103
f 1099 1101 1100
f 1138 1099 1098
f 1097 1138 1098
f 1094 1097 1096
f 1092 1094 1093
f 1089 1092 1090
f 1087 1089 1091
f 1088 1087 1091
f 1085 1086 1088
f 1085 1084 1086
f 1083 1082 1084
f 1080 1083 1081
f 1081 1079 1078
f 1074 1139 1075
f 1075 1139 1140
f 1140 1139 1071
f 1141 1140 1071
f 1141 1071 1068
f 1067 1070 1066
f 1066 1070 1064
f 1065 1064 1142
f 1143 1142 1144
f 1143 1065 1142
f 1143 1144 1145
f 1145 1144 1063
f 1062 1145 1063
f 1062 1060 1059
f 1146 1059 1061
f 1058 1146 1056
f 1056 1146 1061
f 1057 1056 1147
f 1148 1057 1147
f 1149 1148 1147
f 1150 1149 1151
f 1150 1148 1149
f 1150 1151 1152
f 1152 1153 1154
f 1152 1151 1153
f 1155 1152 1154
f 1155 1053 1052
f 1155 1154 1053
f 1156 1055 1157
f 1157 1055 1054
f 1156 1157 1051
f 1050 1156 1051
f 1050 1048 1047
f 1044 1043 1049
f 1042 1046 1043
f 1042 1158 1045
f 1158 1159 1160
f 1045 1158 1160
f 1159 1039 1160
f 1039 1159 1040
f 1161 1162 1163
f 1164 1161 1165
f 1166 1162 1167
f 1168 1167 1169
f 1170 1171 1172
f 1166 1163 1162
f 1161 1163 1165
f 1167 1168 1166
f 1165 1171 1164
f 1173 1168 1169
f 1174 1168 1173
f 1175 1174 1173
f 1175 1176 1174
f 1170 1164 1171
f 1172 1177 1170
f 1175 1178 1176
f 1179 1180 1177
f 1172 1179 1177
f 1176 1178 1181
f 1180 1179 1182
f 1183 1180 1182
f 1184 1181 1178
f 1181 1184 1185
f 1186 1185 1184
f 1187 1185 1186
f 1187 1186 1188
f 1187 1188 1189
f 1188 1190 1189
f 1190 1191 1189
f 1192 1191 1190
f 1192 1193 1194
f 1194 1191 1192
f 1193 1195 1194
f 1196 1195 1193
f 1197 1195 1196
f 1198 1196 1199
f 1196 1198 1197
f 1199 1200 1201
f 1201 1198 1199
f 1200 1202 1201
f 1203 1202 1200
f 1204 1202 1203
f 1203 1205 1204
f 1205 1206 1204
f 1207 1206 1205
f 1208 1206 1209
f 1207 1209 1206
f 1209 1210 1208
f 1211 1210 1209
f 1212 1210 1213
f 1211 1213 1210
f 1213 1214 1212
f 1215 1214 1213
f 1216 1214 1215
f 1216 1215 1217
f 1216 1218 1219
f 1218 1216 1217
f 1220 1219 1218
f 1220 1218 1221
f 1220 1221 1222
f 1222 1221 1223
f 1224 1183 1182
f 1225 1183 1224
f 1224 1226 1225
f 1226 1227 1225
f 1228 1227 1226
f 1228 1229 1227
f 1230 1229 1228
f 1231 1232 1229
f 1229 1230 1231
f 1233 1232 1234
f 1231 1234 1232
f 1235 1233 1234
f 1236 1233 1235
f 1236 1235 1237
f 1236 1237 1238
f 1237 1239 1238
f 1239 1240 1238
f 1241 1240 1242
f 1239 1242 1240
f 1243 1241 1242
f 1244 1241 1243
f 1244 1243 1245
f 1244 1245 1246
f 1246 1245 1247
f 1246 1247 1248
f 1247 1249 1248
f 1250 1251 1248
f 1248 1249 1250
f 1252 1251 1253
f 1250 1253 1251
f 1253 1254 1252
f 1255 1254 1253
f 1256 1254 1257
f 1255 1257 1254
f 1256 1258 1259
f 1258 1256 1257
f 1260 1261 1259
f 1259 1258 1260
f 1262 1261 1260
f 1263 1261 1262
f 1264 1265 1263
f 1263 1262 1264
f 1266 1265 1267
f 1264 1267 1265
f 1266 1267 1268
f 1266 1268 1269
f 1268 1270 1269
f 1270 1271 1269
f 1272 1271 1270
f 1273 1271 1274
f 1272 1274 1271
f 1274 1275 1273
f 1276 1275 1274
f 1277 1275 1276
f 1277 1276 1278
f 1277 1278 1279
f 1280 1279 1281
f 1278 1281 1279
f 1280 1281 1282
f 1280 1282 1283
f 1282 1284 1283
f 1285 1286 1287
f 1285 1288 1286
f 1289 1286 1288
f 1289 1290 1286
f 1291 1290 1292
f 1289 1292 1290
f 1293 1291 1292
f 1294 1293 1292
f 1287 1295 1285
f 1295 1287 1296
f 1297 1295 1296
f 1297 1298 1295
f 1299 1300 1301
f 1299 1301 1302
f 1303 1299 1302
f 1300 1304 1301
f 1302 1305 1303
f 1306 1305 1307
f 1308 1306 1307
f 1307 1305 1302
f 1309 1310 1300
f 1304 1300 1310
f 1311 1310 1309
f 1311 1312 1310
f 1312 1311 1313
f 1314 1312 1313
f 1313 1315 1314
f 1316 1317 1318
f 1316 1319 1320
f 1321 1319 1322
f 1323 1324 1325
f 1325 1326 1327
f 1326 1328 1329
f 1330 1331 1332
f 1333 1334 1332
f 1333 1335 1336
f 1337 1338 1339
f 1340 1341 1338
f 1342 1343 1340
f 1344 1345 1346
f 1347 1348 1346
f 1349 1347 1346
f 1350 1351 1352
f 1353 1354 1351
f 1355 1356 1357
f 1358 1359 1360
f 1361 1362 1363
f 1364 1365 1366
f 1366 1367 1368
f 1369 1368 1370
f 1371 1372 1373
f 1374 1375 1376
f 1377 1373 1376
f 1378 1379 1380
f 1381 1382 1380
f 1383 1384 1382
f 1384 1385 1386
f 1387 1388 1389
f 1387 1390 1391
f 1392 1393 1394
f 1395 1394 1396
f 1397 1398 1399
f 1400 1395 1401
f 1397 1402 1403
f 1404 1405 1406
f 1402 1407 1405
f 1408 1409 1410
f 1409 1411 1412
f 1413 1414 1412
f 1415 1416 1417
f 1418 1419 1420
f 1421 1422 1423
f 1422 1424 1425
f 1423 1426 1421
f 1426 1427 1428
f 1429 1430 1428
f 1431 1430 1429
f 1432 1430 1431
f 1420 1433 1434
f 1415 1435 1433
f 1436 1437 1438
f 1345 1349 1346
f 1345 1439 1349
f 1440 1349 1439
f 1441 1347 1349
f 1442 1440 1439
f 1443 1441 1442
f 1440 1441 1349
f 1441 1440 1442
f 1442 1439 1444
f 1343 1442 1444
f 1445 1339 1446
f 1342 1442 1343
f 1340 1343 1341
f 1342 1447 1442
f 1448 1449 1447
f 1442 1447 1443
f 1449 1443 1447
f 1338 1341 1339
f 1340 1447 1342
f 1447 1340 1450
f 1450 1448 1447
f 1451 1330 1452
f 1337 1339 1445
f 1450 1337 1453
f 1338 1450 1340
f 1450 1338 1337
f 1335 1337 1445
f 1335 1445 1336
f 1337 1335 1454
f 1453 1337 1454
f 1329 1451 1455
f 1335 1333 1454
f 1333 1336 1334
f 1456 1457 1454
f 1457 1453 1454
f 1332 1334 1330
f 1458 1454 1332
f 1454 1333 1332
f 1458 1456 1454
f 1455 1451 1452
f 1459 1323 1460
f 1331 1330 1451
f 1331 1458 1332
f 1458 1331 1461
f 1328 1331 1451
f 1328 1451 1329
f 1331 1462 1461
f 1326 1329 1327
f 1328 1462 1331
f 1463 1464 1462
f 1464 1461 1462
f 1325 1327 1323
f 1326 1462 1328
f 1462 1326 1465
f 1462 1465 1463
f 1466 1317 1467
f 1324 1323 1459
f 1325 1465 1326
f 1465 1325 1468
f 1465 1468 1469
f 1322 1324 1459
f 1322 1459 1321
f 1324 1468 1325
f 1319 1321 1320
f 1468 1319 1470
f 1322 1468 1324
f 1319 1468 1322
f 1468 1470 1471
f 1471 1469 1468
f 1316 1320 1317
f 1472 1470 1319
f 1350 1466 1467
f 1318 1317 1466
f 1473 1472 1318
f 1316 1472 1319
f 1318 1472 1316
f 1466 1352 1318
f 1350 1352 1466
f 1473 1352 1474
f 1475 1356 1355
f 1351 1350 1353
f 1476 1352 1351
f 1352 1476 1474
f 1318 1352 1473
f 1477 1476 1478
f 1478 1351 1354
f 1476 1351 1478
f 1479 1354 1353
f 1354 1479 1355
f 1478 1354 1357
f 1357 1354 1355
f 1360 1356 1475
f 1480 1357 1356
f 1478 1357 1480
f 1478 1481 1482
f 1482 1477 1478
f 1480 1356 1359
f 1359 1356 1360
f 1478 1480 1481
f 1483 1481 1480
f 1359 1484 1480
f 1484 1483 1480
f 1485 1358 1360
f 1358 1485 1361
f 1359 1358 1363
f 1363 1358 1361
f 1362 1361 1486
f 1363 1487 1359
f 1487 1488 1484
f 1359 1487 1484
f 1489 1488 1487
f 1364 1362 1486
f 1364 1486 1365
f 1362 1487 1363
f 1490 1487 1362
f 1491 1489 1487
f 1366 1365 1367
f 1364 1490 1362
f 1490 1492 1491
f 1491 1487 1490
f 1368 1367 1370
f 1366 1490 1364
f 1493 1490 1366
f 1494 1492 1490
f 1372 1369 1370
f 1368 1493 1366
f 1493 1368 1495
f 1494 1490 1493
f 1371 1369 1372
f 1369 1495 1368
f 1495 1496 1493
f 1371 1373 1377
f 1371 1495 1369
f 1377 1495 1371
f 1497 1373 1372
f 1373 1497 1374
f 1376 1373 1374
f 1377 1498 1499
f 1495 1377 1496
f 1499 1496 1377
f 1379 1500 1374
f 1375 1374 1500
f 1376 1501 1377
f 1377 1501 1498
f 1502 1498 1501
f 1500 1378 1375
f 1379 1378 1500
f 1375 1501 1376
f 1501 1375 1503
f 1504 1502 1501
f 1380 1379 1381
f 1378 1503 1375
f 1503 1378 1505
f 1504 1501 1503
f 1382 1381 1383
f 1380 1505 1378
f 1506 1503 1505
f 1507 1385 1383
f 1384 1383 1385
f 1382 1505 1380
f 1508 1505 1382
f 1509 1506 1505
f 1386 1385 1507
f 1384 1508 1382
f 1510 1509 1508
f 1509 1505 1508
f 1388 1386 1507
f 1388 1507 1389
f 1386 1508 1384
f 1511 1386 1388
f 1508 1386 1511
f 1508 1512 1510
f 1388 1391 1511
f 1387 1391 1388
f 1511 1513 1512
f 1512 1508 1511
f 1514 1387 1389
f 1515 1390 1514
f 1387 1514 1390
f 1391 1390 1516
f 1391 1513 1511
f 1517 1513 1391
f 1390 1518 1516
f 1516 1517 1391
f 1519 1517 1516
f 1518 1390 1515
f 1518 1515 1393
f 1516 1518 1392
f 1393 1392 1518
f 1393 1515 1520
f 1396 1393 1520
f 1396 1394 1393
f 1392 1521 1522
f 1516 1392 1519
f 1522 1519 1392
f 1523 1396 1520
f 1396 1523 1401
f 1401 1395 1396
f 1394 1524 1521
f 1521 1392 1394
f 1525 1401 1523
f 1401 1525 1526
f 1400 1401 1526
f 1395 1527 1524
f 1524 1394 1395
f 1526 1398 1400
f 1398 1526 1399
f 1400 1528 1395
f 1528 1527 1395
f 1529 1527 1528
f 1398 1397 1403
f 1398 1528 1400
f 1403 1528 1398
f 1530 1529 1528
f 1531 1397 1399
f 1407 1397 1531
f 1407 1402 1397
f 1532 1530 1403
f 1530 1528 1403
f 1533 1407 1531
f 1407 1533 1406
f 1405 1407 1406
f 1402 1534 1532
f 1532 1403 1402
f 1535 1536 1537
f 1404 1406 1538
f 1405 1539 1402
f 1539 1540 1534
f 1534 1402 1539
f 1408 1404 1538
f 1404 1408 1410
f 1404 1539 1405
f 1539 1404 1410
f 1541 1540 1539
f 1542 1408 1538
f 1411 1408 1542
f 1543 1535 1537
f 1408 1411 1409
f 1410 1541 1539
f 1544 1541 1410
f 1545 1411 1542
f 1411 1545 1413
f 1413 1412 1411
f 1546 1544 1409
f 1544 1410 1409
f 1536 1413 1545
f 1413 1536 1535
f 1418 1547 1548
f 1414 1413 1535
f 1412 1549 1546
f 1546 1409 1412
f 1548 1550 1419
f 1417 1414 1535
f 1417 1416 1414
f 1551 1552 1416
f 1414 1552 1412
f 1552 1414 1416
f 1552 1551 1549
f 1549 1412 1552
f 1417 1535 1543
f 1435 1417 1543
f 1419 1418 1548
f 1417 1435 1415
f 1553 1435 1543
f 1435 1553 1434
f 1554 1419 1550
f 1435 1434 1433
f 1415 1555 1551
f 1416 1415 1551
f 1556 1555 1415
f 1547 1434 1553
f 1434 1547 1418
f 1557 1558 1422
f 1559 1560 1561
f 1420 1434 1418
f 1562 1433 1420
f 1433 1556 1415
f 1562 1556 1433
f 1423 1422 1558
f 1420 1419 1563
f 1563 1564 1420
f 1560 1563 1419
f 1561 1560 1419
f 1560 1565 1563
f 1420 1564 1562
f 1554 1561 1419
f 1426 1423 1427
f 1561 1554 1425
f 1561 1425 1559
f 1563 1565 1564
f 1557 1425 1554
f 1557 1422 1425
f 1566 1559 1424
f 1567 1568 1569
f 1559 1425 1424
f 1559 1570 1565
f 1560 1559 1565
f 1571 1570 1559
f 1422 1421 1572
f 1422 1572 1424
f 1424 1572 1568
f 1568 1566 1424
f 1566 1571 1559
f 1573 1571 1566
f 1421 1426 1574
f 1421 1574 1572
f 1572 1574 1568
f 1575 1573 1568
f 1573 1566 1568
f 1576 1574 1426
f 1574 1576 1569
f 1569 1568 1574
f 1567 1436 1438
f 1568 1567 1575
f 1428 1576 1426
f 1576 1436 1569
f 1576 1430 1436
f 1569 1436 1567
f 1428 1430 1576
f 1430 1432 1436
f 1577 1436 1432
f 1437 1436 1577
f 1578 1579 1580
f 1581 1582 1580
f 1583 1584 1585
f 1586 1584 1587
f 1588 1587 1589
f 1590 1591 1592
f 1593 1594 1595
f 1590 1596 1597
f 1598 1599 1594
f 1600 1601 1602
f 1603 1604 1605
f 1606 1607 1608
f 1609 1607 1610
f 1611 1612 1613
f 1614 1615 1616
f 1617 1618 1619
f 1620 1614 1621
f 1622 1623 1620
f 1624 1625 1610
f 1626 1627 1628
f 1629 1630 1631
f 1632 1633 1634
f 1633 1635 1636
f 1637 1638 1639
f 1640 1629 1641
f 1642 1643 1644
f 1642 1645 1646
f 1644 1647 1599
f 1648 1646 1649
f 1650 1651 1652
f 1653 1654 1651
f 1650 1655 1656
f 1657 1658 1659
f 1660 1658 1661
f 1662 1663 1657
f 1664 1665 1666
f 1664 1667 1668
f 1669 1670 1668
f 1671 1672 1673
f 1674 1675 1673
f 1676 1677 1678
f 1679 1680 1675
f 1681 1678 1677
f 1682 1683 1681
f 1684 1685 1686
f 1687 1680 1688
f 1682 1681 1677
f 1683 1688 1681
f 1688 1680 1681
f 1686 1685 1689
f 1681 1679 1678
f 1680 1679 1681
f 1678 1690 1676
f 1691 1690 1692
f 1676 1690 1691
f 1693 1692 1690
f 1675 1674 1679
f 1674 1694 1690
f 1679 1690 1678
f 1674 1690 1679
f 1690 1694 1693
f 1687 1675 1680
f 1675 1687 1671
f 1675 1671 1673
f 1684 1671 1687
f 1671 1684 1686
f 1672 1671 1686
f 1694 1673 1695
f 1674 1673 1694
f 1696 1695 1673
f 1686 1697 1672
f 1698 1699 1700
f 1672 1700 1673
f 1698 1672 1697
f 1698 1700 1672
f 1700 1699 1696
f 1696 1673 1700
f 1697 1686 1689
f 1701 1697 1689
f 1698 1697 1701
f 1702 1701 1689
f 1701 1702 1703
f 1698 1701 1704
f 1704 1705 1698
f 1704 1701 1703
f 1705 1706 1699
f 1698 1705 1699
f 1707 1703 1702
f 1703 1707 1708
f 1704 1703 1709
f 1709 1703 1708
f 1669 1709 1708
f 1669 1708 1670
f 1709 1710 1704
f 1705 1710 1711
f 1704 1710 1705
f 1712 1711 1710
f 1669 1668 1667
f 1669 1710 1709
f 1667 1710 1669
f 1710 1713 1712
f 1714 1668 1670
f 1668 1714 1665
f 1668 1665 1664
f 1710 1667 1713
f 1715 1713 1667
f 1716 1665 1714
f 1662 1717 1718
f 1665 1716 1719
f 1666 1665 1719
f 1664 1720 1721
f 1664 1721 1667
f 1667 1721 1715
f 1720 1715 1721
f 1660 1666 1719
f 1666 1660 1661
f 1661 1722 1664
f 1661 1664 1666
f 1660 1719 1723
f 1659 1660 1723
f 1660 1659 1658
f 1664 1722 1720
f 1717 1659 1723
f 1659 1717 1662
f 1657 1659 1662
f 1658 1724 1722
f 1661 1658 1722
f 1725 1724 1658
f 1663 1662 1718
f 1657 1726 1658
f 1726 1657 1727
f 1658 1726 1725
f 1728 1725 1726
f 1655 1663 1718
f 1655 1718 1656
f 1663 1727 1657
f 1727 1728 1726
f 1729 1728 1727
f 1650 1652 1655
f 1655 1727 1663
f 1652 1727 1655
f 1730 1729 1727
f 1731 1650 1656
f 1650 1731 1653
f 1651 1650 1653
f 1652 1730 1727
f 1732 1730 1652
f 1648 1733 1653
f 1734 1647 1643
f 1654 1653 1733
f 1735 1736 1737
f 1651 1737 1652
f 1737 1651 1735
f 1652 1737 1732
f 1736 1732 1737
f 1649 1654 1733
f 1649 1733 1648
f 1654 1735 1651
f 1649 1646 1645
f 1649 1735 1654
f 1645 1735 1649
f 1736 1735 1738
f 1739 1738 1735
f 1734 1646 1648
f 1646 1734 1643
f 1740 1741 1595
f 1646 1643 1642
f 1642 1742 1645
f 1645 1739 1735
f 1742 1739 1645
f 1647 1644 1643
f 1595 1743 1740
f 1644 1599 1598
f 1644 1744 1642
f 1744 1644 1598
f 1742 1744 1745
f 1642 1744 1742
f 1743 1599 1647
f 1595 1599 1743
f 1595 1594 1599
f 1746 1598 1594
f 1746 1744 1598
f 1747 1748 1749
f 1593 1595 1741
f 1750 1594 1751
f 1591 1597 1741
f 1741 1596 1593
f 1597 1596 1741
f 1593 1751 1594
f 1594 1750 1746
f 1747 1752 1748
f 1590 1597 1591
f 1596 1751 1593
f 1751 1596 1753
f 1750 1751 1754
f 1755 1754 1751
f 1590 1753 1596
f 1753 1590 1756
f 1751 1753 1755
f 1749 1592 1591
f 1592 1749 1748
f 1757 1592 1748
f 1592 1756 1590
f 1757 1756 1592
f 1758 1753 1756
f 1588 1752 1747
f 1748 1752 1757
f 1759 1756 1757
f 1760 1758 1756
f 1589 1752 1588
f 1752 1759 1757
f 1761 1759 1752
f 1756 1759 1760
f 1582 1583 1762
f 1587 1588 1586
f 1589 1761 1752
f 1763 1759 1761
f 1584 1586 1585
f 1764 1761 1584
f 1587 1761 1589
f 1761 1587 1584
f 1764 1763 1761
f 1762 1583 1585
f 1605 1579 1765
f 1766 1764 1584
f 1581 1583 1582
f 1583 1766 1584
f 1767 1766 1583
f 1764 1766 1768
f 1769 1605 1765
f 1580 1582 1578
f 1581 1767 1583
f 1770 1766 1767
f 1765 1579 1578
f 1580 1767 1581
f 1767 1580 1771
f 1771 1770 1767
f 1771 1604 1772
f 1604 1579 1605
f 1579 1771 1580
f 1771 1579 1604
f 1773 1772 1774
f 1604 1603 1774
f 1772 1604 1774
f 1769 1603 1605
f 1601 1603 1769
f 1603 1600 1774
f 1600 1603 1601
f 1640 1775 1601
f 1602 1601 1775
f 1776 1774 1602
f 1602 1774 1600
f 1774 1777 1773
f 1776 1777 1774
f 1775 1641 1602
f 1640 1641 1775
f 1778 1602 1641
f 1779 1617 1780
f 1629 1640 1630
f 1629 1781 1778
f 1629 1778 1641
f 1602 1778 1776
f 1782 1629 1631
f 1783 1781 1782
f 1784 1631 1630
f 1631 1784 1780
f 1782 1631 1785
f 1785 1631 1780
f 1786 1783 1782
f 1629 1782 1781
f 1619 1785 1780
f 1619 1780 1617
f 1785 1786 1782
f 1783 1786 1787
f 1788 1787 1786
f 1616 1789 1790
f 1786 1618 1791
f 1619 1786 1785
f 1786 1619 1618
f 1791 1788 1786
f 1792 1618 1617
f 1618 1792 1613
f 1613 1612 1618
f 1793 1791 1612
f 1791 1618 1612
f 1611 1613 1789
f 1615 1611 1789
f 1615 1789 1616
f 1611 1794 1612
f 1794 1795 1793
f 1612 1794 1793
f 1796 1795 1794
f 1625 1797 1798
f 1614 1616 1621
f 1615 1794 1611
f 1799 1796 1794
f 1799 1794 1615
f 1620 1621 1622
f 1614 1799 1615
f 1796 1799 1800
f 1801 1800 1799
f 1623 1622 1797
f 1620 1799 1614
f 1802 1799 1620
f 1802 1801 1799
f 1609 1625 1798
f 1625 1623 1797
f 1625 1624 1623
f 1623 1802 1620
f 1624 1802 1623
f 1803 1802 1624
f 1627 1804 1805
f 1610 1625 1609
f 1806 1803 1624
f 1806 1624 1610
f 1607 1609 1608
f 1807 1806 1610
f 1606 1608 1804
f 1808 1807 1606
f 1607 1807 1610
f 1807 1607 1606
f 1626 1606 1804
f 1626 1804 1627
f 1606 1626 1809
f 1626 1628 1810
f 1810 1809 1626
f 1606 1809 1808
f 1811 1628 1627
f 1628 1811 1812
f 1813 1628 1812
f 1813 1810 1628
f 1814 1812 1811
f 1814 1636 1812
f 1812 1636 1635
f 1635 1813 1812
f 1813 1635 1815
f 1816 1815 1635
f 1817 1633 1636
f 1634 1633 1817
f 1633 1816 1635
f 1632 1816 1633
f 1818 1816 1632
f 1819 1632 1634
f 1819 1820 1632
f 1820 1818 1632
f 1821 1819 1634
f 1638 1819 1821
f 1819 1638 1822
f 1638 1637 1823
f 1638 1823 1822
f 1822 1823 1824
f 1820 1822 1825
f 1819 1822 1820
f 1824 1825 1822
f 1826 1823 1637
f 1826 1824 1823
f 1824 1826 1827
f 1828 1826 1637
f 1826 1829 1830
f 1826 1830 1827
f 1830 1831 1827
f 1832 1829 1833
f 1828 1829 1826
f 1829 1832 1830
f 1830 1832 1831
f 1834 1831 1832
f 1835 1836 1837
f 1838 1839 1840
f 1841 1842 1843
f 1844 1845 1846
f 1847 1848 1849
f 1850 1848 1851
f 1852 1853 1854
f 1855 1847 1849
f 1856 1857 1858
f 1859 1860 1861
f 1862 1863 1864
f 1865 1856 1866
f 1867 1868 1869
f 1870 1871 1872
f 1873 1874 1868
f 1868 1875 1876
f 1856 1864 1877
f 1878 1864 1863
f 1852 1859 1861
f 1859 1856 1858
f 1879 1880 1881
f 1882 1883 1884
f 1885 1886 1887
f 1886 1888 1889
f 1890 1879 1891
f 1891 1886 1885
f 1887 1886 1889
f 1880 1879 1890
f 1890 1891 1885
f 1881 1883 1882
f 1881 1880 1883
f 1855 1849 1892
f 1842 1884 1883
f 1893 1894 1856
f 1895 1859 1858
f 1864 1896 1862
f 1897 1864 1878
f 1873 1868 1867
f 1864 1868 1896
f 1871 1875 1868
f 1868 1876 1869
f 1898 1871 1870
f 1871 1898 1875
f 1896 1868 1874
f 1899 1872 1871
f 1900 1899 1901
f 1899 1900 1872
f 1902 1899 1903
f 1904 1864 1897
f 1905 1906 1907
f 1908 1909 1910
f 1906 1905 1911
f 1912 1906 1911
f 1907 1909 1908
f 1905 1907 1908
f 1903 1909 1913
f 1903 1910 1909
f 1902 1901 1899
f 1913 1902 1903
f 1866 1856 1877
f 1864 1904 1877
f 1894 1914 1856
f 1865 1893 1856
f 1915 1859 1895
f 1914 1857 1856
f 1916 1859 1917
f 1859 1915 1917
f 1918 1852 1861
f 1859 1916 1860
f 1852 1919 1853
f 1918 1919 1852
f 1852 1892 1849
f 1852 1854 1892
f 1851 1920 1850
f 1850 1849 1848
f 1842 1850 1920
f 1884 1842 1841
f 1843 1842 1920
f 1921 1841 1845
f 1841 1921 1884
f 1846 1845 1922
f 1921 1845 1844
f 1922 1836 1835
f 1835 1846 1922
f 1837 1923 1924
f 1837 1836 1923
f 1925 1926 1923
f 1924 1923 1926
f 1925 1927 1928
f 1928 1926 1925
f 1929 1927 1930
f 1927 1929 1928
f 1931 1932 1930
f 1929 1930 1932
f 1931 1838 1840
f 1840 1932 1931
f 1933 1839 1838
f 1934 1933 1935
f 1933 1934 1839
f 1936 1937 1935
f 1934 1935 1937
f 1936 1938 1939
f 1939 1937 1936
f 1939 1940 1941
f 1940 1939 1938
f 1942 1941 1943
f 1940 1943 1941
f 1944 1945 1942
f 1942 1943 1944
f 1946 1947 1945
f 1946 1945 1944
f 1948 1947 1949
f 1947 1948 1945
f 1950 1951 1952
f 1951 1953 1952
f 1954 1955 1956
f 1957 1953 1954
f 1954 1956 1958
f 1954 1959 1955
f 1953 1957 1960
f 1954 1958 1957
f 1950 1952 1961
f 1953 1960 1952
f 1949 1961 1948
f 1949 1950 1961
f 1962 1963 1961
f 1948 1961 1963
f 1964 1962 1965
f 1964 1963 1962
f 1966 1965 1967
f 1962 1967 1965
f 1967 1968 1969
f 1969 1966 1967
f 1970 1971 1968
f 1968 1971 1969
f 1972 1968 1973
f 1972 1970 1968
f 1974 1973 1975
f 1968 1975 1973
f 1976 1975 1977
f 1976 1974 1975
f 1978 1979 1980
f 1981 1982 1983
f 1984 1985 1986
f 1987 1988 1989
f 1990 1991 1992
f 1993 1994 1995
f 1993 1996 1994
f 1996 1987 1997
f 1994 1996 1997
f 1987 1998 1988
f 1987 1989 1997
f 1999 1992 1998
f 1988 1998 1992
f 1991 1990 2000
f 1992 1999 1990
f 2001 1991 2002
f 1991 2000 2002
f 2003 1981 1991
f 1991 2001 2003
f 1981 1983 2004
f 1982 1981 2003
f 2005 2006 1981
f 1981 2004 2005
f 2007 2008 2006
f 2007 2006 2005
f 2009 2010 2006
f 2009 2006 2008
f 2011 1985 2006
f 2011 2006 2010
f 2012 1984 1986
f 1985 1984 2006
f 2013 2014 1984
f 2013 1984 2012
f 2015 2016 1984
f 2015 1984 2014
f 1984 2017 1978
f 2017 1984 2016
f 1978 2018 2019
f 2017 2018 1978
f 1978 2020 1979
f 2019 2020 1978
f 1978 2021 1975
f 1978 1980 2021
f 1975 2022 2023
f 2021 2022 1975
f 1975 2023 1977
f 2024 2025 2026
f 2027 2028 2029
f 2030 2031 2032
f 2032 2031 2033
f 2034 2033 2035
f 2036 2037 2038
f 2039 2040 2041
f 2039 2042 2043
f 2042 2039 2041
f 2043 2042 2038
f 2037 2043 2038
f 2040 2035 2041
f 2034 2035 2040
f 2044 2037 2036
f 2033 2031 2035
f 2036 2045 2044
f 2045 2036 2046
f 2047 2045 2046
f 2029 2047 2046
f 2031 2030 2048
f 2049 2048 2030
f 2050 2047 2029
f 2050 2029 2028
f 2051 2048 2049
f 2049 2052 2051
f 2052 2053 2051
f 2052 2054 2053
f 2055 2053 2056
f 2054 2056 2053
f 2057 2055 2056
f 2057 2058 2055
f 2058 2057 2059
f 2059 2060 2058
f 2058 2060 2061
f 2061 2060 2062
f 2062 2024 2061
f 2062 2025 2024
f 2063 2024 2026
f 2064 2065 2066
f 2065 2067 2068
f 2069 2068 2067
f 2067 2065 2064
f 2070 2068 2069
f 2069 2071 2070
f 2070 2071 2072
f 2064 2066 2073
f 2074 2072 2075
f 2075 2072 2071
f 2076 2077 2078
f 2074 2076 2078
f 2078 2077 2079
f 2078 2079 2080
f 2081 2080 2079
f 2074 2075 2076
f 2066 2082 2083
f 2083 2073 2066
f 2082 2084 2083
f 2085 2084 2082
f 2085 2086 2084
f 2087 2086 2085
f 2088 2086 2087
f 2089 2090 2088
f 2088 2087 2089
f 2089 2091 2090
f 2090 2091 2092
f 2092 2093 2094
f 2093 2092 2091
f 2093 2095 2094
f 2095 2096 2097
f 2096 2095 2093
f 2098 2096 2099
f 2096 2098 2097
f 2098 2099 2100
f 2099 2101 2100
f 2101 2102 2100
f 2103 2104 2105
f 2106 2107 2108
f 2109 2110 2111
f 2112 2110 2113
f 2114 2115 2116
f 2117 2118 2119
f 2120 2121 2122
f 2123 2124 2125
f 2126 2127 2128
f 2126 2129 2130
f 2131 2132 2133
f 2134 2135 2136
f 2137 2138 2139
f 2140 2141 2142
f 2143 2144 2145
f 2146 2147 2148
f 2149 2150 2151
f 2152 2153 2154
f 2155 2156 2157
f 2158 2159 2160
f 2161 2162 2163
f 2164 2165 2166
f 2167 2159 2168
f 2169 2166 2170
f 2171 2161 2172
f 2170 2167 2173
f 2160 2171 2174
f 2175 2176 2177
f 2165 2178 2179
f 2180 2175 2181
f 2179 2182 2176
f 2155 2180 2183
f 2184 2162 2152
f 2185 2186 2157
f 2153 2151 2187
f 2145 2188 2149
f 2189 2190 2186
f 2191 2190 2192
f 2190 2189 2192
f 2191 2192 2193
f 2143 2146 2194
f 2195 2196 2197
f 2198 2199 2200
f 2201 2202 2203
f 2204 2138 2201
f 2205 2206 2207
f 2202 2207 2208
f 2205 2209 2210
f 2211 2132 2135
f 2212 2136 2213
f 2209 2128 2214
f 2215 2216 2122
f 2217 2213 2216
f 2218 2219 2124
f 2219 2220 2129
f 2221 2120 2222
f 2115 2223 2125
f 2222 2224 2225
f 2226 2227 2117
f 2228 2224 2227
f 2229 2118 2230
f 2116 2109 2231
f 2232 2233 2113
f 2230 2234 2235
f 2236 2232 2103
f 2237 2238 2234
f 2239 2240 2241
f 2240 2242 2237
f 2243 2244 2241
f 2104 2245 2246
f 2247 2248 2243
f 2106 2249 2245
f 2247 2250 2251
f 2250 2252 2253
f 2254 2107 2255
f 2252 2256 2257
f 2258 2259 2260
f 2261 2256 2262
f 2263 2259 2264
f 2265 2266 2262
f 2263 2267 2268
f 2269 2270 2265
f 2271 2268 2272
f 2273 2274 2269
f 2271 2275 2276
f 2277 2278 2273
f 2279 2276 2280
f 2281 2282 2277
f 2283 2284 2279
f 2285 2281 2286
f 2287 2284 2288
f 2289 2290 2286
f 2291 2292 2287
f 2289 2293 2294
f 2292 2295 2296
f 2297 2293 2298
f 2299 2296 2300
f 2298 2301 2302
f 2303 2304 2299
f 2301 2305 2306
f 2304 2307 2308
f 2305 2309 2310
f 2311 2308 2312
f 2309 2313 2314
f 2315 2316 2311
f 2317 2313 2318
f 2319 2320 2321
f 2322 2323 2324
f 2325 2326 2327
f 2328 2329 2330
f 2331 2332 2333
f 2332 2334 2335
f 2336 2337 2338
f 2339 2340 2341
f 2342 2343 2344
f 2345 2346 2347
f 2348 2349 2350
f 2351 2352 2353
f 2353 2354 2343
f 2349 2337 2355
f 2356 2350 2342
f 2345 2357 2351
f 2358 2346 2359
f 2360 2361 2359
f 2338 2362 2363
f 2360 2339 2364
f 2365 2366 2367
f 2362 2365 2368
f 2369 2366 2370
f 2371 2340 2331
f 2334 2372 2373
f 2370 2327 2374
f 2375 2376 2325
f 2330 2377 2372
f 2378 2379 2328
f 2320 2380 2375
f 2321 2381 2382
f 2383 2378 2323
f 2384 2324 2316
f 2318 2382 2381
f 2147 2137 2385
f 2386 2387 2193
f 2140 2197 2196
f 2189 2186 2185
f 2185 2157 2156
f 2156 2155 2183
f 2183 2180 2181
f 2181 2175 2177
f 2177 2176 2182
f 2182 2179 2178
f 2178 2165 2164
f 2164 2166 2169
f 2169 2170 2173
f 2173 2167 2168
f 2168 2159 2158
f 2158 2160 2174
f 2174 2171 2172
f 2172 2161 2163
f 2163 2162 2184
f 2184 2152 2154
f 2154 2153 2187
f 2187 2151 2150
f 2150 2149 2188
f 2188 2145 2144
f 2144 2143 2194
f 2194 2146 2148
f 2148 2147 2385
f 2385 2137 2139
f 2139 2138 2204
f 2204 2201 2203
f 2203 2202 2208
f 2208 2207 2206
f 2206 2205 2210
f 2210 2209 2214
f 2214 2128 2127
f 2127 2126 2130
f 2130 2129 2220
f 2220 2219 2218
f 2218 2124 2123
f 2123 2125 2223
f 2223 2115 2114
f 2114 2116 2231
f 2231 2109 2111
f 2111 2110 2112
f 2112 2113 2233
f 2233 2232 2236
f 2236 2103 2105
f 2105 2104 2246
f 2246 2245 2249
f 2249 2106 2108
f 2108 2107 2254
f 2260 2255 2258
f 2254 2255 2260
f 2259 2258 2264
f 2263 2264 2267
f 2268 2267 2272
f 2271 2272 2275
f 2276 2275 2280
f 2279 2280 2283
f 2284 2283 2288
f 2287 2288 2291
f 2292 2291 2295
f 2296 2295 2300
f 2299 2300 2303
f 2304 2303 2307
f 2308 2307 2312
f 2311 2312 2315
f 2316 2315 2384
f 2324 2384 2322
f 2323 2322 2383
f 2378 2383 2379
f 2328 2379 2329
f 2330 2329 2377
f 2372 2377 2373
f 2334 2373 2335
f 2332 2335 2333
f 2331 2333 2371
f 2340 2371 2341
f 2339 2341 2364
f 2360 2364 2361
f 2359 2361 2358
f 2346 2358 2347
f 2345 2347 2357
f 2351 2357 2352
f 2353 2352 2354
f 2343 2354 2344
f 2342 2344 2356
f 2350 2356 2348
f 2350 2349 2355
f 2355 2337 2336
f 2336 2338 2363
f 2363 2362 2368
f 2368 2365 2367
f 2367 2366 2369
f 2369 2370 2374
f 2374 2327 2326
f 2326 2325 2376
f 2376 2375 2380
f 2380 2320 2319
f 2319 2321 2382
f 2381 2317 2318
f 2317 2314 2313
f 2314 2310 2309
f 2310 2306 2305
f 2306 2302 2301
f 2302 2297 2298
f 2297 2294 2293
f 2294 2290 2289
f 2290 2285 2286
f 2285 2282 2281
f 2282 2278 2277
f 2278 2274 2273
f 2274 2270 2269
f 2270 2266 2265
f 2266 2261 2262
f 2261 2257 2256
f 2257 2253 2252
f 2253 2251 2250
f 2251 2248 2247
f 2248 2244 2243
f 2244 2239 2241
f 2239 2242 2240
f 2242 2238 2237
f 2238 2235 2234
f 2235 2229 2230
f 2229 2119 2118
f 2119 2226 2117
f 2226 2228 2227
f 2228 2225 2224
f 2225 2221 2222
f 2221 2121 2120
f 2121 2215 2122
f 2215 2217 2216
f 2217 2212 2213
f 2212 2134 2136
f 2134 2211 2135
f 2211 2133 2132
f 2131 2142 2141
f 2133 2142 2131
f 2141 2140 2196
f 2197 2200 2195
f 2199 2198 2386
f 2195 2200 2199
f 2193 2387 2191
f 2386 2198 2387
f 2388 2389 2390
f 2391 2392 2393
f 2394 2395 2396
f 2397 2398 2399
f 2400 2401 2402
f 2403 2404 2405
f 2406 2407 2408
f 2409 2410 2392
f 2411 2412 2413
f 2414 2415 2416
f 2416 2417 2414
f 2418 2419 2420
f 2421 2422 2423
f 2424 2423 2425
f 2426 2415 2414
f 2427 2428 2429
f 2429 2430 2431
f 2431 2430 2432
f 2433 2430 2434
f 2412 2435 2413
f 2419 2418 2436
f 2417 2416 2413
f 2437 2393 2392
f 2393 2418 2420
f 2438 2410 2409
f 2397 2439 2398
f 2440 2441 2408
f 2442 2443 2444
f 2445 2446 2447
f 2448 2400 2449
f 2450 2451 2452
f 2453 2454 2455
f 2456 2457 2453
f 2458 2459 2460
f 2461 2462 2463
f 2464 2465 2466
f 2467 2468 2469
f 2470 2471 2472
f 2473 2474 2475
f 2473 2476 2474
f 2477 2478 2479
f 2480 2467 2481
f 2482 2483 2477
f 2484 2485 2486
f 2487 2488 2489
f 2490 2488 2491
f 2492 2493 2494
f 2492 2495 2496
f 2491 2494 2493
f 2493 2492 2496
f 2497 2495 2498
f 2496 2495 2499
f 2500 2501 2502
f 2503 2502 2501
f 2504 2500 2505
f 2506 2505 2502
f 2507 2508 2509
f 2508 2510 2509
f 2508 2511 2510
f 2506 2497 2508
f 2508 2512 2511
f 2508 2497 2513
f 2514 2515 2516
f 2517 2518 2519
f 2515 2517 2516
f 2517 2519 2520
f 2518 2517 2521
f 2522 2497 2520
f 2497 2517 2520
f 2505 2500 2502
f 2523 2499 2495
f 2523 2524 2525
f 2502 2523 2506
f 2505 2506 2526
f 2507 2526 2506
f 2523 2525 2499
f 2506 2523 2495
f 2508 2507 2506
f 2497 2506 2495
f 2527 2528 2529
f 2517 2497 2516
f 2522 2513 2497
f 2530 2499 2525
f 2493 2530 2490
f 2496 2530 2493
f 2496 2499 2530
f 2531 2532 2533
f 2498 2534 2535
f 2495 2492 2498
f 2516 2528 2527
f 2535 2516 2497
f 2487 2532 2536
f 2494 2491 2536
f 2536 2532 2531
f 2494 2536 2534
f 2531 2537 2538
f 2498 2494 2534
f 2498 2535 2497
f 2516 2538 2528
f 2491 2493 2490
f 2539 2540 2487
f 2541 2532 2540
f 2542 2540 2539
f 2494 2498 2492
f 2533 2543 2537
f 2534 2536 2531
f 2534 2538 2535
f 2538 2534 2531
f 2535 2538 2516
f 2528 2544 2545
f 2528 2537 2544
f 2528 2545 2529
f 2488 2487 2491
f 2542 2546 2541
f 2532 2541 2533
f 2536 2491 2487
f 2547 2548 2543
f 2547 2549 2548
f 2548 2544 2543
f 2531 2533 2537
f 2537 2543 2544
f 2538 2537 2528
f 2545 2544 2550
f 2489 2539 2487
f 2539 2551 2542
f 2541 2546 2547
f 2532 2487 2540
f 2552 2553 2554
f 2555 2548 2549
f 2547 2533 2541
f 2543 2533 2547
f 2544 2556 2550
f 2557 2539 2489
f 2539 2558 2551
f 2539 2557 2558
f 2542 2485 2559
f 2560 2546 2559
f 2560 2549 2546
f 2542 2541 2540
f 2561 2553 2555
f 2546 2549 2547
f 2555 2556 2548
f 2556 2555 2562
f 2544 2548 2556
f 2485 2558 2563
f 2551 2558 2485
f 2559 2484 2564
f 2542 2551 2485
f 2560 2565 2561
f 2559 2546 2542
f 2560 2561 2549
f 2553 2552 2566
f 2549 2561 2555
f 2553 2562 2555
f 2486 2485 2563
f 2564 2567 2568
f 2559 2485 2484
f 2569 2554 2565
f 2560 2564 2565
f 2569 2570 2554
f 2569 2571 2570
f 2561 2554 2553
f 2562 2553 2566
f 2484 2572 2567
f 2484 2486 2572
f 2573 2574 2575
f 2576 2574 2568
f 2577 2578 2579
f 2580 2581 2569
f 2564 2560 2559
f 2567 2564 2484
f 2565 2568 2580
f 2565 2554 2561
f 2569 2565 2580
f 2582 2566 2552
f 2576 2567 2583
f 2572 2583 2567
f 2568 2565 2564
f 2576 2568 2567
f 2584 2571 2581
f 2580 2574 2581
f 2585 2586 2587
f 2588 2582 2570
f 2554 2570 2552
f 2570 2571 2588
f 2582 2588 2586
f 2552 2570 2582
f 2589 2590 2591
f 2576 2592 2575
f 2583 2592 2576
f 2593 2594 2573
f 2574 2580 2568
f 2575 2574 2576
f 2584 2579 2595
f 2584 2581 2573
f 2581 2571 2569
f 2596 2588 2595
f 2586 2588 2596
f 2597 2593 2592
f 2592 2593 2575
f 2598 2599 2594
f 2573 2581 2574
f 2575 2593 2573
f 2584 2594 2579
f 2600 2601 2602
f 2584 2595 2571
f 2585 2587 2601
f 2571 2595 2588
f 2587 2596 2578
f 2587 2586 2596
f 2597 2603 2593
f 2598 2593 2603
f 2598 2395 2604
f 2599 2604 2605
f 2604 2395 2394
f 2599 2605 2577
f 2606 2607 2608
f 2594 2584 2573
f 2593 2598 2594
f 2609 2608 2610
f 2610 2600 2602
f 2577 2579 2599
f 2579 2578 2595
f 2600 2611 2601
f 2595 2578 2596
f 2601 2587 2602
f 2612 2395 2603
f 2598 2603 2395
f 2394 2613 2591
f 2591 2606 2609
f 2613 2589 2591
f 2608 2609 2606
f 2605 2609 2610
f 2599 2579 2594
f 2598 2604 2599
f 2608 2614 2600
f 2610 2577 2605
f 2577 2602 2578
f 2602 2577 2610
f 2615 2611 2614
f 2578 2602 2587
f 2601 2611 2616
f 2616 2585 2601
f 2612 2396 2395
f 2590 2617 2606
f 2604 2394 2609
f 2618 2619 2620
f 2607 2617 2619
f 2605 2604 2609
f 2607 2621 2614
f 2621 2615 2614
f 2600 2610 2608
f 2600 2614 2611
f 2622 2615 2621
f 2616 2615 2623
f 2615 2616 2611
f 2394 2624 2613
f 2624 2394 2396
f 2620 2617 2625
f 2590 2589 2626
f 2606 2617 2607
f 2394 2591 2609
f 2627 2628 2629
f 2614 2608 2607
f 2623 2622 2630
f 2615 2622 2623
f 2589 2613 2631
f 2624 2631 2613
f 2626 2589 2631
f 2625 2626 2632
f 2617 2620 2619
f 2618 2633 2634
f 2590 2606 2591
f 2618 2635 2636
f 2636 2621 2619
f 2627 2635 2637
f 2637 2638 2639
f 2640 2628 2627
f 2621 2607 2619
f 2621 2636 2622
f 2622 2636 2629
f 2622 2629 2630
f 2631 2641 2626
f 2625 2590 2626
f 2625 2617 2590
f 2636 2619 2618
f 2636 2635 2629
f 2629 2628 2630
f 2629 2635 2627
f 2642 2626 2641
f 2642 2632 2626
f 2633 2625 2632
f 2620 2633 2618
f 2620 2625 2633
f 2637 2635 2634
f 2643 2644 2645
f 2634 2635 2618
f 2645 2640 2639
f 2646 2647 2632
f 2646 2648 2647
f 2633 2647 2649
f 2650 2651 2652
f 2633 2653 2634
f 2654 2655 2656
f 2632 2647 2633
f 2633 2649 2653
f 2654 2643 2655
f 2638 2637 2634
f 2637 2639 2640
f 2643 2639 2655
f 2645 2628 2640
f 2627 2637 2640
f 2632 2642 2646
f 2657 2649 2648
f 2648 2649 2647
f 2653 2658 2638
f 2657 2658 2653
f 2653 2638 2634
f 2638 2655 2639
f 2659 2643 2654
f 2639 2643 2645
f 2660 2661 2662
f 2646 2661 2648
f 2660 2648 2661
f 2648 2660 2663
f 2657 2653 2649
f 2663 2657 2648
f 2656 2664 2651
f 2658 2663 2656
f 2665 2666 2667
f 2658 2655 2638
f 2667 2666 2668
f 2656 2655 2658
f 2668 2669 2667
f 2670 2668 2659
f 2644 2659 2671
f 2643 2659 2644
f 2672 2673 2662
f 2660 2662 2673
f 2663 2673 2664
f 2663 2658 2657
f 2660 2673 2663
f 2670 2654 2651
f 2651 2654 2656
f 2654 2670 2659
f 2671 2659 2668
f 2674 2675 2673
f 2676 2652 2466
f 2652 2664 2675
f 2664 2656 2663
f 2664 2673 2675
f 2677 2678 2679
f 2680 2650 2676
f 2669 2670 2650
f 2650 2670 2651
f 2670 2669 2668
f 2668 2666 2671
f 2673 2672 2674
f 2674 2466 2675
f 2681 2466 2674
f 2652 2651 2664
f 2652 2675 2466
f 2682 2680 2482
f 2683 2669 2680
f 2680 2669 2650
f 2669 2683 2667
f 2665 2667 2683
f 2466 2681 2464
f 2466 2465 2482
f 2684 2685 2686
f 2676 2650 2652
f 2676 2466 2482
f 2682 2482 2477
f 2679 2683 2682
f 2680 2682 2683
f 2683 2679 2665
f 2687 2665 2678
f 2665 2687 2666
f 2678 2665 2679
f 2483 2464 2688
f 2464 2483 2465
f 2689 2682 2477
f 2477 2483 2478
f 2482 2680 2676
f 2465 2483 2482
f 2682 2689 2679
f 2690 2687 2678
f 2483 2688 2691
f 2468 2689 2479
f 2689 2468 2677
f 2689 2477 2479
f 2689 2677 2679
f 2677 2684 2690
f 2684 2686 2690
f 2678 2677 2690
f 2478 2483 2691
f 2691 2692 2478
f 2692 2469 2478
f 2479 2478 2469
f 2468 2467 2684
f 2468 2479 2469
f 2685 2693 2694
f 2468 2684 2677
f 2694 2686 2685
f 2481 2692 2695
f 2481 2469 2692
f 2480 2696 2471
f 2697 2698 2472
f 2693 2480 2471
f 2685 2467 2480
f 2469 2481 2467
f 2467 2685 2684
f 2699 2694 2693
f 2481 2695 2700
f 2481 2700 2696
f 2701 2696 2700
f 2471 2701 2472
f 2481 2696 2480
f 2698 2470 2472
f 2480 2693 2685
f 2693 2470 2699
f 2702 2699 2470
f 2701 2700 2703
f 2701 2704 2705
f 2706 2707 2708
f 2471 2696 2701
f 2471 2470 2693
f 2709 2702 2698
f 2704 2703 2710
f 2705 2697 2472
f 2697 2711 2712
f 2701 2705 2472
f 2697 2712 2698
f 2470 2698 2702
f 2706 2709 2712
f 2710 2713 2704
f 2704 2713 2714
f 2701 2703 2704
f 2697 2705 2714
f 2697 2714 2711
f 2715 2716 2717
f 2716 2707 2706
f 2698 2712 2709
f 2718 2713 2719
f 2713 2718 2714
f 2705 2704 2714
f 2718 2720 2714
f 2717 2721 2715
f 2716 2711 2717
f 2720 2717 2711
f 2711 2716 2712
f 2712 2716 2706
f 2722 2707 2715
f 2719 2723 2718
f 2718 2723 2724
f 2718 2724 2720
f 2724 2725 2721
f 2720 2711 2714
f 2726 2727 2721
f 2721 2717 2724
f 2476 2728 2729
f 2716 2715 2707
f 2722 2727 2475
f 2723 2730 2725
f 2723 2725 2724
f 2731 2732 2733
f 2724 2717 2720
f 2725 2726 2721
f 2728 2476 2473
f 2721 2727 2715
f 2715 2727 2722
f 2725 2730 2734
f 2734 2730 2735
f 2736 2725 2734
f 2725 2736 2726
f 2729 2728 2736
f 2732 2729 2736
f 2726 2473 2727
f 2736 2728 2726
f 2737 2738 2729
f 2726 2728 2473
f 2476 2739 2474
f 2727 2473 2475
f 2735 2740 2734
f 2732 2734 2740
f 2736 2734 2732
f 2741 2738 2737
f 2729 2738 2476
f 2741 2742 2738
f 2476 2742 2743
f 2739 2476 2743
f 2733 2740 2744
f 2740 2733 2732
f 2732 2731 2729
f 2731 2737 2729
f 2741 2745 2746
f 2742 2741 2747
f 2476 2738 2742
f 2748 2733 2744
f 2749 2733 2748
f 2750 2731 2749
f 2750 2737 2731
f 2731 2733 2749
f 2741 2751 2745
f 2737 2750 2751
f 2751 2741 2737
f 2746 2752 2741
f 2752 2747 2741
f 2748 2753 2754
f 2754 2749 2748
f 2755 2756 2462
f 2757 2758 2759
f 2750 2760 2751
f 2750 2749 2754
f 2760 2750 2754
f 2761 2762 2763
f 2764 2765 2766
f 2767 2745 2751
f 2745 2767 2768
f 2764 2746 2768
f 2745 2768 2746
f 2769 2754 2753
f 2770 2771 2769
f 2754 2769 2771
f 2760 2758 2767
f 2767 2758 2765
f 2760 2767 2751
f 2771 2758 2760
f 2767 2765 2768
f 2768 2765 2764
f 2769 2772 2770
f 2771 2759 2758
f 2771 2760 2754
f 2759 2773 2756
f 2771 2770 2759
f 2757 2765 2758
f 2765 2763 2774
f 2757 2763 2765
f 2765 2774 2766
f 2775 2770 2772
f 2775 2773 2770
f 2761 2757 2756
f 2759 2756 2757
f 2757 2761 2763
f 2776 2777 2762
f 2774 2762 2778
f 2763 2762 2774
f 2775 2779 2780
f 2773 2775 2780
f 2780 2462 2773
f 2773 2759 2770
f 2781 2782 2783
f 2776 2761 2755
f 2756 2755 2761
f 2761 2776 2762
f 2762 2777 2778
f 2784 2780 2779
f 2463 2462 2780
f 2780 2784 2463
f 2785 2786 2787
f 2785 2788 2789
f 2462 2756 2773
f 2790 2791 2461
f 2792 2776 2755
f 2776 2793 2777
f 2777 2793 2794
f 2792 2793 2776
f 2778 2777 2794
f 2790 2784 2795
f 2784 2790 2463
f 2461 2755 2462
f 2461 2791 2792
f 2796 2791 2790
f 2461 2463 2790
f 2783 2792 2791
f 2461 2792 2755
f 2793 2782 2794
f 2782 2793 2783
f 2797 2796 2795
f 2795 2796 2790
f 2798 2791 2796
f 2791 2798 2783
f 2792 2783 2793
f 2796 2797 2799
f 2796 2799 2456
f 2800 2798 2456
f 2798 2800 2781
f 2798 2796 2456
f 2798 2781 2783
f 2781 2801 2802
f 2802 2801 2803
f 2782 2781 2802
f 2799 2804 2457
f 2456 2799 2457
f 2805 2800 2453
f 2800 2805 2801
f 2800 2456 2453
f 2800 2801 2781
f 2801 2789 2803
f 2788 2803 2789
f 2454 2457 2804
f 2804 2806 2454
f 2807 2805 2455
f 2454 2453 2457
f 2805 2807 2789
f 2453 2455 2805
f 2805 2789 2801
f 2787 2788 2785
f 2808 2454 2806
f 2459 2454 2808
f 2809 2807 2458
f 2455 2454 2458
f 2807 2810 2785
f 2455 2458 2807
f 2785 2810 2786
f 2807 2785 2789
f 2809 2810 2807
f 2811 2786 2812
f 2811 2787 2786
f 2811 2788 2787
f 2459 2808 2813
f 2460 2459 2813
f 2458 2454 2459
f 2814 2809 2815
f 2460 2816 2815
f 2809 2814 2810
f 2458 2815 2809
f 2810 2817 2786
f 2812 2786 2818
f 2818 2786 2817
f 2813 2819 2816
f 2460 2813 2816
f 2815 2458 2460
f 2449 2814 2820
f 2814 2449 2817
f 2820 2814 2815
f 2814 2817 2810
f 2817 2821 2818
f 2812 2818 2822
f 2818 2821 2822
f 2823 2816 2389
f 2389 2816 2819
f 2820 2815 2816
f 2820 2823 2448
f 2823 2388 2448
f 2820 2816 2823
f 2449 2400 2821
f 2820 2448 2449
f 2449 2821 2817
f 2822 2824 2812
f 2822 2825 2826
f 2826 2824 2822
f 2388 2823 2389
f 2401 2448 2388
f 2827 2401 2388
f 2402 2825 2400
f 2401 2400 2448
f 2400 2825 2821
f 2828 2829 2830
f 2825 2402 2831
f 2832 2828 2824
f 2821 2825 2822
f 2831 2832 2826
f 2826 2832 2824
f 2390 2833 2827
f 2827 2388 2390
f 2834 2401 2827
f 2834 2835 2402
f 2445 2834 2827
f 2402 2835 2831
f 2401 2834 2402
f 2836 2451 2830
f 2836 2837 2451
f 2835 2838 2831
f 2825 2831 2826
f 2838 2829 2832
f 2829 2828 2832
f 2827 2839 2445
f 2827 2833 2839
f 2447 2834 2445
f 2447 2840 2835
f 2840 2838 2835
f 2835 2834 2447
f 2838 2840 2841
f 2831 2838 2832
f 2836 2829 2841
f 2836 2830 2829
f 2842 2445 2839
f 2842 2446 2445
f 2446 2405 2447
f 2405 2843 2840
f 2840 2843 2841
f 2405 2840 2447
f 2843 2837 2841
f 2450 2830 2451
f 2838 2841 2829
f 2844 2845 2846
f 2842 2847 2403
f 2842 2403 2446
f 2405 2446 2403
f 2843 2405 2404
f 2441 2837 2843
f 2441 2843 2404
f 2442 2848 2452
f 2440 2837 2441
f 2848 2450 2452
f 2841 2837 2836
f 2451 2440 2452
f 2403 2847 2849
f 2849 2850 2403
f 2403 2850 2404
f 2404 2851 2441
f 2851 2404 2850
f 2408 2441 2851
f 2442 2452 2407
f 2408 2407 2440
f 2837 2440 2451
f 2852 2848 2442
f 2452 2440 2407
f 2849 2853 2850
f 2849 2845 2853
f 2850 2853 2851
f 2851 2854 2408
f 2851 2853 2854
f 2408 2854 2406
f 2444 2397 2399
f 2443 2407 2406
f 2855 2852 2399
f 2407 2443 2442
f 2442 2444 2852
f 2853 2845 2844
f 2853 2856 2854
f 2406 2854 2857
f 2853 2844 2856
f 2857 2854 2856
f 2406 2857 2858
f 2397 2444 2859
f 2859 2443 2858
f 2859 2444 2443
f 2444 2399 2852
f 2860 2844 2846
f 2844 2860 2861
f 2844 2861 2856
f 2857 2862 2858
f 2856 2861 2863
f 2858 2443 2406
f 2862 2857 2863
f 2859 2858 2862
f 2398 2438 2864
f 2859 2862 2439
f 2859 2439 2397
f 2855 2399 2864
f 2864 2399 2398
f 2865 2866 2860
f 2861 2860 2866
f 2863 2861 2866
f 2863 2857 2856
f 2862 2863 2867
f 2863 2866 2867
f 2862 2868 2439
f 2862 2867 2868
f 2438 2398 2869
f 2869 2439 2868
f 2870 2871 2872
f 2869 2398 2439
f 2872 2864 2870
f 2864 2438 2870
f 2872 2855 2864
f 2865 2873 2866
f 2866 2873 2874
f 2867 2866 2874
f 2867 2874 2875
f 2868 2876 2869
f 2868 2875 2876
f 2877 2392 2410
f 2869 2876 2410
f 2410 2438 2869
f 2870 2409 2871
f 2874 2873 2878
f 2878 2879 2874
f 2875 2868 2867
f 2879 2875 2874
f 2880 2875 2879
f 2410 2876 2877
f 2876 2880 2877
f 2391 2409 2392
f 2438 2409 2870
f 2881 2872 2871
f 2871 2391 2881
f 2882 2878 2883
f 2879 2878 2882
f 2884 2880 2882
f 2880 2876 2875
f 2884 2437 2877
f 2882 2880 2879
f 2884 2877 2880
f 2392 2877 2437
f 2418 2393 2885
f 2437 2885 2393
f 2420 2391 2393
f 2886 2420 2419
f 2420 2886 2881
f 2409 2391 2871
f 2420 2881 2391
f 2882 2883 2887
f 2888 2882 2887
f 2889 2884 2888
f 2889 2885 2437
f 2888 2884 2882
f 2889 2437 2884
f 2436 2418 2890
f 2435 2412 2421
f 2419 2412 2886
f 2886 2412 2411
f 2891 2887 2892
f 2891 2888 2887
f 2893 2889 2891
f 2891 2889 2888
f 2893 2885 2889
f 2436 2894 2421
f 2885 2890 2418
f 2419 2436 2412
f 2436 2421 2412
f 2895 2896 2891
f 2895 2891 2892
f 2893 2890 2885
f 2896 2893 2891
f 2890 2894 2436
f 2897 2411 2413
f 2898 2899 2896
f 2898 2896 2895
f 2900 2893 2899
f 2893 2894 2890
f 2896 2899 2893
f 2894 2900 2422
f 2900 2894 2893
f 2422 2421 2894
f 2423 2417 2435
f 2901 2426 2902
f 2435 2421 2423
f 2417 2413 2435
f 2413 2416 2897
f 2899 2898 2903
f 2904 2903 2898
f 2900 2899 2903
f 2425 2422 2900
f 2905 2906 2424
f 2425 2423 2422
f 2906 2907 2426
f 2424 2414 2417
f 2414 2906 2426
f 2424 2417 2423
f 2908 2909 2904
f 2904 2909 2903
f 2903 2909 2900
f 2900 2909 2425
f 2909 2905 2425
f 2905 2910 2906
f 2906 2910 2907
f 2424 2425 2905
f 2414 2424 2906
f 2415 2426 2901
f 2908 2911 2909
f 2912 2911 2908
f 2909 2911 2905
f 2911 2910 2905
f 2902 2426 2907
f 2901 2902 2428
f 2912 2913 2911
f 2913 2914 2911
f 2915 2916 2917
f 2911 2915 2910
f 2914 2915 2911
f 2910 2918 2907
f 2910 2915 2918
f 2902 2907 2919
f 2918 2919 2907
f 2428 2902 2429
f 2920 2430 2921
f 2919 2429 2902
f 2916 2913 2922
f 2914 2913 2916
f 2917 2916 2923
f 2915 2917 2918
f 2919 2918 2917
f 2917 2924 2919
f 2429 2919 2924
f 2430 2429 2924
f 2915 2914 2916
f 2917 2925 2924
f 2926 2924 2925
f 2921 2924 2927
f 2921 2430 2924
f 2434 2430 2920
f 2922 2928 2916
f 2928 2929 2916
f 2929 2923 2916
f 2930 2931 2932
f 2933 2925 2930
f 2917 2923 2925
f 2934 2925 2933
f 2935 2936 2925
f 2936 2937 2925
f 2925 2938 2926
f 2939 2926 2938
f 2939 2940 2926
f 2926 2927 2924
f 2925 2923 2930
f 2932 2941 2930
f 2941 2933 2930
f 2935 2925 2934
f 2942 2943 2944
f 2945 2946 2947
f 2948 2949 2950
f 2951 2952 2953
f 2954 2955 2956
f 2954 2957 2958
f 2957 2954 2959
f 2954 2958 2960
f 2961 2962 2963
f 2955 2964 2965
f 2966 2967 2968
f 2969 2970 2971
f 2972 2943 2973
f 2974 2975 2976
f 2977 2978 2979
f 2980 2981 2982
f 2983 2966 2968
f 2984 2985 2986
f 2987 2988 2989
f 2990 2991 2986
f 2992 2987 2993
f 2994 2995 2996
f 2994 2997 2998
f 2997 2994 2996
f 2999 3000 3001
f 3002 3003 3004
f 2997 3005 2998
f 3006 3007 3008
f 3009 3008 3010
f 3010 3011 3009
f 3010 3012 3013
f 3014 3015 2995
f 3016 3017 3018
f 2944 2943 2972
f 2979 3019 3020
f 3021 3022 3023
f 3024 3025 3026
f 3027 2974 3028
f 3029 3030 3031
f 3032 3033 3028
f 3034 3035 3036
f 3034 3037 3038
f 3039 3040 3035
f 3041 2943 2955
f 3042 3043 3044
f 2943 3045 3046
f 3047 3048 3049
f 3050 3051 3049
f 3052 3053 3054
f 3055 3056 3057
f 3058 3059 3060
f 3052 3061 3053
f 3062 3055 3063
f 3064 3065 3066
f 3067 3068 3051
f 3069 3070 3071
f 3072 3047 3073
f 3074 3075 2955
f 3076 2955 3075
f 3077 3078 3079
f 2947 2946 3080
f 3081 3082 3083
f 3084 3082 2946
f 3081 3083 3085
f 3084 3083 3082
f 3086 3087 3080
f 3088 3089 3090
f 3087 3086 3089
f 3091 3092 3093
f 3092 3094 3093
f 3092 3095 3094
f 3086 3096 3092
f 3097 3098 3096
f 3099 3100 3101
f 3102 3103 3104
f 3099 3101 3103
f 3103 3105 3104
f 3105 3103 3106
f 3102 3107 3098
f 3098 3103 3102
f 3092 3098 3108
f 3109 3095 3092
f 3088 3087 3089
f 3110 3087 3088
f 3087 3110 3111
f 3112 3073 3113
f 3114 3115 3116
f 3117 3114 2948
f 3118 3119 3069
f 3119 3120 3121
f 3119 3122 3070
f 3123 3124 3125
f 3113 3126 3127
f 3128 3123 3129
f 3130 3126 3128
f 2956 2955 2965
f 2963 2962 2960
f 3131 2962 2961
f 3132 3133 3134
f 3135 2962 3131
f 3133 2962 3135
f 3136 3134 3137
f 3089 3086 3138
f 3091 3138 3086
f 3139 2946 2945
f 2946 3096 3080
f 3096 3086 3080
f 3092 3091 3086
f 3092 3096 3098
f 3140 3141 3142
f 3103 3098 3099
f 3107 3108 3098
f 2946 3139 3143
f 2946 3143 3084
f 3144 3145 3146
f 3147 3148 3097
f 3082 3096 2946
f 3096 3082 3147
f 3099 3141 3140
f 3097 3099 3098
f 3083 3143 3149
f 3150 3145 3151
f 3081 3085 3151
f 3151 3145 3144
f 3081 3151 3148
f 3144 3152 3153
f 3147 3081 3148
f 3147 3097 3096
f 3099 3153 3141
f 3149 3085 3083
f 3084 3143 3083
f 3149 3154 3085
f 3155 3156 3150
f 3157 3145 3156
f 3158 3156 3155
f 3081 3147 3082
f 3146 3159 3152
f 3148 3151 3144
f 3148 3153 3097
f 3153 3148 3144
f 3097 3153 3099
f 3141 3160 3161
f 3141 3152 3160
f 3141 3161 3142
f 3154 3150 3085
f 3154 3162 3150
f 3158 3163 3157
f 3145 3157 3146
f 3151 3085 3150
f 3164 3163 3165
f 3166 3167 3159
f 3166 3168 3167
f 3167 3160 3159
f 3144 3146 3152
f 3152 3159 3160
f 3153 3152 3141
f 3161 3160 3169
f 3162 3155 3150
f 3170 3155 3162
f 3155 3171 3158
f 3157 3163 3166
f 3145 3150 3156
f 3172 3167 3168
f 3166 3146 3157
f 3159 3146 3166
f 3160 3173 3169
f 3155 3170 3174
f 3174 3171 3155
f 3175 3165 3158
f 3164 3168 3163
f 3158 3157 3156
f 3176 3177 3164
f 3164 3178 3168
f 3163 3168 3166
f 3172 3173 3167
f 3179 3172 3178
f 3173 3172 3180
f 3160 3167 3173
f 3181 3182 2951
f 3171 3174 3175
f 3175 3174 3183
f 3175 3184 3185
f 3165 3176 3164
f 3158 3171 3175
f 3165 3163 3158
f 3177 3186 3178
f 3187 3186 3188
f 3186 3179 3178
f 3168 3178 3172
f 3179 3180 3172
f 3175 3183 3189
f 3189 3184 3175
f 3185 3181 3190
f 3176 3191 3177
f 3185 3165 3175
f 3165 3185 3176
f 3192 3188 3186
f 3192 3193 3188
f 3178 3164 3177
f 3179 3187 3180
f 3189 3194 3181
f 3184 3189 3181
f 3195 3196 2953
f 2951 3196 3190
f 3197 3198 3199
f 3191 3200 3192
f 3181 3185 3184
f 3176 3190 3191
f 3192 3177 3191
f 3192 3186 3177
f 3187 3201 3202
f 3179 3186 3187
f 3181 3194 3182
f 3190 3176 3185
f 2951 3190 3181
f 3203 3193 3200
f 3191 3196 3200
f 3204 3201 3188
f 3188 3193 3204
f 3201 3204 3202
f 3187 3188 3201
f 2951 3182 2952
f 2949 3205 3195
f 3196 3191 3190
f 2953 3196 2951
f 3203 3199 3206
f 3203 3200 3195
f 3200 3193 3192
f 3207 3204 3206
f 3202 3207 3208
f 3202 3204 3207
f 3209 2949 2952
f 2952 2949 2953
f 2948 3210 3205
f 3195 3200 3196
f 2953 2949 3195
f 3203 3205 3199
f 3211 3212 3213
f 3203 3206 3193
f 3212 3214 3215
f 3193 3206 3204
f 3216 3212 3215
f 3216 3207 3198
f 3215 3208 3207
f 2949 3209 2950
f 3210 3114 3217
f 3114 3117 3115
f 3210 3217 3197
f 3205 3203 3195
f 2949 2948 3205
f 3218 3219 3220
f 3220 3211 3213
f 3197 3199 3210
f 3199 3198 3206
f 3211 3221 3212
f 3206 3198 3207
f 3212 3216 3213
f 3207 3216 3215
f 3117 2948 3222
f 2948 2950 3222
f 3219 3218 3223
f 3217 3218 3220
f 3210 3199 3205
f 2948 3114 3210
f 3219 3224 3211
f 3220 3197 3217
f 3197 3213 3198
f 3213 3197 3220
f 3225 3221 3224
f 3198 3213 3216
f 3214 3221 3226
f 3221 3214 3212
f 3117 3222 3077
f 3115 3117 3077
f 3218 3217 3116
f 3115 3079 3116
f 3223 3227 3228
f 3217 3114 3116
f 3229 3225 3224
f 3211 3220 3219
f 3211 3224 3221
f 3226 3225 3230
f 3225 3226 3221
f 3079 3231 3232
f 3115 3077 3079
f 3116 3079 3233
f 3218 3116 3233
f 3234 3235 3236
f 3223 3218 3233
f 3237 3238 3239
f 3224 3219 3228
f 3230 3239 3238
f 3229 3224 3228
f 3225 3229 3230
f 3231 3079 3078
f 3233 3232 3240
f 3241 3242 3235
f 3227 3241 3234
f 3233 3079 3232
f 3241 3069 3242
f 3227 3223 3240
f 3237 3236 3243
f 3223 3228 3219
f 3244 3238 3237
f 3239 3229 3234
f 3229 3239 3230
f 3245 3232 3231
f 3240 3120 3118
f 3240 3223 3233
f 3240 3232 3120
f 3118 3241 3227
f 3227 3234 3228
f 3228 3234 3229
f 3239 3236 3237
f 3246 3121 3245
f 3120 3232 3245
f 3245 3121 3120
f 3119 3121 3122
f 3118 3227 3240
f 3119 3118 3120
f 3243 3235 3242
f 3241 3235 3234
f 3247 3248 3249
f 3234 3236 3239
f 3236 3235 3243
f 3250 3122 3246
f 3246 3122 3121
f 3251 3252 3126
f 3069 3071 3242
f 3253 3254 3255
f 3069 3241 3118
f 3070 3069 3119
f 3253 3247 3254
f 3242 3071 3256
f 3256 3243 3242
f 3243 3257 3244
f 3247 3257 3254
f 3243 3256 3257
f 3249 3238 3244
f 3237 3243 3244
f 3250 3258 3122
f 3259 3070 3124
f 3260 3261 3262
f 3122 3124 3070
f 3071 3263 3256
f 3259 3071 3070
f 3259 3263 3071
f 3247 3249 3257
f 3264 3247 3253
f 3244 3257 3249
f 3258 3265 3125
f 3124 3122 3258
f 3258 3125 3124
f 3123 3259 3124
f 3255 3128 3252
f 3263 3123 3255
f 3263 3254 3256
f 3266 3267 3268
f 3255 3254 3263
f 3268 3269 3266
f 3256 3254 3257
f 3270 3268 3264
f 3248 3264 3271
f 3247 3264 3248
f 3125 3272 3129
f 3123 3263 3259
f 3125 3129 3123
f 3270 3253 3252
f 3252 3253 3255
f 3253 3270 3264
f 3271 3264 3268
f 3272 3125 3265
f 3129 3272 3273
f 3273 3130 3129
f 3274 3275 3262
f 3128 3255 3123
f 3128 3129 3130
f 3262 3261 3274
f 3269 3270 3251
f 3251 3270 3252
f 3270 3269 3268
f 3268 3267 3271
f 3130 3273 3127
f 3273 3276 3127
f 3126 3252 3128
f 3126 3130 3127
f 3277 3113 3073
f 3269 3278 3279
f 3278 3251 3113
f 3279 3278 3274
f 3278 3269 3251
f 3269 3279 3266
f 3266 3279 3280
f 3266 3280 3267
f 3276 3281 3112
f 3127 3276 3112
f 3113 3277 3278
f 3113 3251 3126
f 3127 3112 3113
f 3277 3073 3047
f 3274 3278 3277
f 3279 3261 3280
f 3261 3279 3274
f 3282 3072 3112
f 3282 3112 3281
f 3047 3072 3048
f 3112 3072 3073
f 3277 3275 3274
f 3283 3275 3049
f 3275 3277 3047
f 3262 3275 3284
f 3285 3262 3284
f 3282 3286 3048
f 3048 3072 3282
f 3050 3048 3287
f 3050 3049 3048
f 3283 3284 3275
f 3260 3285 3288
f 3262 3285 3260
f 3287 3048 3286
f 3050 3289 3067
f 3051 3284 3283
f 3049 3275 3047
f 3290 3291 3292
f 3285 3292 3288
f 3292 3285 3290
f 3287 3289 3050
f 3068 3293 3064
f 3294 3295 3065
f 3291 3068 3064
f 3290 3051 3068
f 3051 3283 3049
f 3050 3067 3051
f 3296 3297 3291
f 3051 3290 3284
f 3297 3292 3291
f 3284 3290 3285
f 3298 3299 3289
f 3289 3299 3067
f 3293 3067 3299
f 3064 3300 3065
f 3067 3293 3068
f 3295 3066 3065
f 3068 3291 3290
f 3296 3291 3066
f 3301 3299 3298
f 3301 3300 3299
f 3299 3300 3293
f 3064 3293 3300
f 3302 3303 3304
f 3064 3066 3291
f 3304 3296 3295
f 3305 3306 3301
f 3300 3301 3306
f 3306 3307 3300
f 3300 3307 3308
f 3300 3308 3065
f 3295 3294 3302
f 3294 3065 3308
f 3066 3295 3296
f 3305 3309 3306
f 3306 3309 3310
f 3306 3310 3311
f 3307 3306 3311
f 3294 3308 3312
f 3311 3308 3307
f 3308 3311 3312
f 3062 3313 3056
f 3313 3314 3303
f 3295 3302 3304
f 3313 3302 3294
f 3302 3313 3303
f 3310 3309 3315
f 3310 3315 3316
f 3310 3316 3311
f 3311 3316 3317
f 3056 3055 3062
f 3313 3312 3056
f 3317 3056 3312
f 3312 3313 3294
f 3314 3313 3062
f 3062 3318 3314
f 3134 3319 3320
f 3320 3321 3322
f 3322 3323 3315
f 3316 3315 3323
f 3317 3316 3323
f 3324 3043 3325
f 3326 3317 3323
f 3326 3327 3057
f 3057 3328 3055
f 3317 3312 3311
f 3057 3056 3326
f 3318 3062 3063
f 3320 3319 3321
f 3323 3322 3321
f 3321 3329 3323
f 3043 3330 3325
f 3327 3323 3329
f 3045 3043 3331
f 3332 3333 3041
f 3323 3327 3326
f 3326 3056 3317
f 3327 3328 3057
f 3063 3054 3318
f 3055 3052 3063
f 3054 3063 3052
f 3319 3134 3334
f 3321 3319 3335
f 3336 3337 3329
f 3336 3329 3321
f 3337 3338 3329
f 3338 3339 3329
f 3043 3340 3341
f 3043 3329 3340
f 3330 3043 3341
f 3329 3043 3327
f 3331 3043 3324
f 3342 3343 3344
f 3042 3327 3043
f 3042 3044 3333
f 3327 3345 3328
f 3042 3345 3327
f 3346 3052 3345
f 3328 3052 3055
f 3060 3059 3347
f 3328 3345 3052
f 3059 3061 3346
f 3061 3052 3346
f 3137 3134 3348
f 3134 3136 3334
f 3335 3349 3321
f 3350 3321 3349
f 3350 3351 3321
f 3351 3352 3321
f 3352 3336 3321
f 3339 3353 3329
f 3353 3354 3329
f 3354 3355 3329
f 3329 3355 3356
f 3356 3340 3329
f 2973 2943 3046
f 3044 3043 3045
f 3357 3060 3358
f 3345 3333 3347
f 3347 3059 3346
f 3346 3345 3347
f 3058 3359 3059
f 3061 3359 3360
f 3133 3348 3134
f 3045 2943 3044
f 3044 2943 3041
f 3333 3345 3042
f 3332 3347 3333
f 3333 3044 3041
f 3342 3361 3332
f 3347 3358 3060
f 3332 3358 3347
f 3058 3357 3362
f 3359 3058 3363
f 3061 3059 3359
f 3132 2962 3133
f 2962 3364 2954
f 2956 2959 2954
f 2955 3365 2964
f 3076 3365 2955
f 2943 2942 2955
f 2955 2942 3074
f 3361 3358 3332
f 3332 3041 3342
f 3357 3358 3361
f 3366 3357 3367
f 3357 3058 3060
f 3364 3368 2954
f 2962 2954 2960
f 3368 2955 2954
f 3368 3343 2955
f 2955 3343 3342
f 3369 3370 3371
f 3342 3041 2955
f 3342 3344 3361
f 3344 3367 3361
f 3357 3361 3367
f 3372 3373 3374
f 3372 3362 3366
f 3357 3366 3362
f 3368 3375 3376
f 3368 3376 3343
f 3377 3343 3376
f 3378 3379 3380
f 3381 3382 3383
f 3344 3384 3367
f 3343 3377 3344
f 3377 3384 3344
f 3385 3386 3387
f 3384 3373 3366
f 3366 3373 3372
f 3388 3376 3375
f 3376 3388 3389
f 3376 3389 3377
f 3390 3377 3389
f 3377 3390 3384
f 3367 3384 3366
f 3391 3392 3373
f 3373 3387 3374
f 3393 3389 3388
f 3370 3390 3394
f 3390 3370 3391
f 3389 3394 3390
f 3390 3391 3384
f 3395 3396 3397
f 3398 3387 3392
f 3384 3391 3373
f 3369 3398 3392
f 3387 3398 3385
f 3373 3392 3387
f 3394 3389 3393
f 3399 3394 3393
f 3394 3399 3400
f 3394 3400 3017
f 3017 3370 3394
f 3370 3369 3391
f 3371 3370 3017
f 3391 3369 3392
f 3371 3396 3398
f 3398 3396 3385
f 3018 3400 3399
f 3401 3018 3399
f 3016 3371 3017
f 3400 3018 3017
f 3397 3371 3402
f 3369 3371 3398
f 3385 3396 3395
f 3401 3403 3404
f 3405 3018 3401
f 3404 3405 3401
f 3406 3018 3405
f 3016 3407 3402
f 3016 3018 3406
f 3016 3402 3371
f 3406 3407 3016
f 3397 3407 3383
f 3371 3397 3396
f 3402 3407 3397
f 3408 3397 3383
f 3397 3408 3395
f 3409 3404 3403
f 3410 3404 3409
f 3404 3410 3411
f 3404 3411 3405
f 3039 3406 3411
f 3039 3411 3040
f 3411 3406 3405
f 3035 3412 3413
f 3039 3413 3407
f 3414 3407 3413
f 3415 3381 3416
f 3383 3407 3414
f 3408 3383 3382
f 3414 3381 3383
f 3411 3410 3409
f 3411 3409 3040
f 3036 3035 3040
f 3412 3414 3413
f 3039 3407 3406
f 3417 3412 3034
f 3416 3414 3412
f 3382 3415 3380
f 3381 3415 3382
f 3037 3418 3419
f 3409 3418 3036
f 3040 3409 3036
f 3036 3037 3034
f 3417 3416 3412
f 3035 3413 3039
f 3420 3417 3038
f 3379 3421 3422
f 3423 3416 3417
f 3415 3378 3380
f 3414 3416 3381
f 3423 3378 3415
f 3036 3418 3037
f 3424 3038 3037
f 3420 3423 3417
f 3034 3412 3035
f 3422 3425 3426
f 3423 3420 3427
f 3378 3421 3379
f 3416 3423 3415
f 3421 3378 3427
f 3428 3037 3419
f 3424 3037 3428
f 3032 3038 3424
f 3028 3429 3032
f 3032 3427 3420
f 3038 3417 3034
f 3426 3430 3431
f 3032 3429 3427
f 3421 3425 3422
f 3423 3427 3378
f 3425 3421 3429
f 3432 3033 3424
f 3432 3424 3428
f 3032 3420 3038
f 3033 3032 3424
f 3431 3433 3434
f 3028 3435 3429
f 3425 3430 3426
f 3427 3429 3421
f 3430 3425 3435
f 3436 3027 3033
f 3436 3033 3432
f 2974 3435 3028
f 3027 3028 3033
f 3437 3434 3433
f 3435 2974 3438
f 3430 3433 3431
f 3429 3435 3425
f 3430 3438 3433
f 3436 3439 3440
f 3027 3436 3440
f 3440 2975 3027
f 2975 3440 3441
f 2976 3438 2974
f 3027 2975 2974
f 3435 3438 3430
f 3438 3442 3433
f 3433 3442 3437
f 3437 3443 3434
f 3440 3439 3444
f 3444 3441 3440
f 3441 3445 2975
f 3446 3442 2976
f 3445 2976 2975
f 2976 3442 3438
f 3030 3442 3446
f 3445 3446 2976
f 3030 3447 3443
f 3437 3030 3443
f 3444 3448 3449
f 3449 3441 3444
f 3450 3025 3449
f 3451 3452 3445
f 3445 3452 3446
f 3451 3445 3441
f 3453 2970 3454
f 3453 3455 2970
f 3031 3446 3452
f 3030 3029 3456
f 3442 3030 3437
f 3446 3031 3030
f 3456 3447 3030
f 3449 3448 3450
f 3451 3441 3449
f 3025 3024 3451
f 3457 3452 3024
f 3025 3451 3449
f 3452 3457 3031
f 3451 3024 3452
f 3031 3457 3458
f 3029 3453 3456
f 3453 3454 3456
f 3031 3458 3029
f 3453 3029 3458
f 3447 3456 3454
f 3459 3026 3450
f 3450 3026 3025
f 3024 3026 3023
f 3023 3460 3457
f 3457 3460 3458
f 3023 3457 3024
f 3460 3455 3458
f 2969 3454 2970
f 3461 3026 3459
f 3461 3021 3026
f 3023 3026 3021
f 3460 3023 3022
f 2978 3455 3460
f 2978 3460 3022
f 2982 3462 2971
f 2977 3455 2978
f 3462 2969 2971
f 3458 3455 3453
f 2970 2977 2971
f 3463 3021 3461
f 3463 3464 3021
f 3021 3464 3022
f 3022 3465 2978
f 3465 3022 3464
f 3466 2967 2966
f 2979 2978 3465
f 2982 2971 3020
f 2979 3020 2977
f 2982 3467 3462
f 3455 2977 2970
f 2971 2977 3020
f 3468 3469 3463
f 3463 3469 3464
f 3464 3469 3465
f 3465 3470 2979
f 3470 3465 3469
f 2979 3470 3019
f 3471 3472 3019
f 2980 3020 3019
f 3020 2980 2982
f 2982 2981 3467
f 3469 3468 3473
f 3473 3474 3469
f 3469 3475 3470
f 3470 3471 3019
f 3469 3474 3475
f 3471 3470 3475
f 2980 3019 3472
f 2968 3472 3476
f 2967 2980 3472
f 2968 2967 3472
f 2967 3466 3467
f 2967 2981 2980
f 2981 2967 3467
f 3477 3478 3473
f 3473 3478 3474
f 3474 3478 3475
f 3475 3478 3479
f 3476 3472 3471
f 3471 3479 3476
f 3480 3481 2966
f 3481 3466 2966
f 3478 3477 3482
f 3482 3483 3478
f 3478 3483 3479
f 3479 3471 3475
f 3479 3484 3476
f 3479 3483 3485
f 3476 3484 2968
f 3484 3479 3485
f 3484 3486 2990
f 2985 2966 2983
f 2983 2968 3484
f 3480 2984 3487
f 3487 3481 3480
f 2966 2985 3480
f 3482 3488 3483
f 3483 3488 3489
f 3483 3489 3485
f 3484 3485 3490
f 3485 3489 3490
f 3484 2990 2983
f 3484 3490 3486
f 2986 2985 2983
f 3491 3492 3489
f 3489 3488 3491
f 3486 3490 3493
f 3492 3490 3489
f 3490 3492 3493
f 2990 3486 3494
f 3493 3494 3486
f 3495 2988 2987
f 2990 3494 2991
f 3496 2984 2993
f 2990 2986 2983
f 3497 3496 3498
f 2985 2984 3480
f 2993 2984 2986
f 3497 3487 2984
f 2984 3496 3497
f 3499 3491 3500
f 3492 3491 3499
f 3499 3493 3492
f 3501 3502 3494
f 3494 3493 3501
f 3502 2991 3494
f 2991 3502 2992
f 2991 2993 2986
f 2992 2993 2991
f 2987 2989 3496
f 2993 2987 3496
f 2989 3498 3496
f 3503 3500 3504
f 3505 3506 3507
f 3499 3500 3503
f 3499 3501 3493
f 3503 3501 3499
f 3508 3502 3509
f 3495 2992 3508
f 3502 3501 3509
f 3508 2992 3502
f 3015 3014 3004
f 2987 2992 3495
f 3510 2989 2988
f 3510 3498 2989
f 3511 3503 3504
f 3507 3503 3511
f 3503 3509 3501
f 3507 3512 3509
f 3507 3509 3503
f 3513 3495 3512
f 3512 3508 3509
f 3513 3514 3004
f 3508 3512 3495
f 3014 2988 3513
f 3513 2988 3495
f 2988 3014 3510
f 3515 3510 3516
f 3510 3014 3516
f 3507 3511 3505
f 3517 3514 3512
f 3517 3512 3507
f 3513 3512 3514
f 3014 3513 3004
f 3515 3516 2995
f 3518 3506 3519
f 3506 3505 3519
f 3506 3517 3507
f 3520 3002 3514
f 3518 3517 3506
f 3520 3514 3517
f 3001 3003 3521
f 3002 3004 3514
f 3003 2996 3015
f 3522 3005 3523
f 3015 3004 3003
f 3014 2995 3516
f 2996 2995 3015
f 3524 3515 2995
f 2995 2994 3524
f 3518 3519 3525
f 3525 3519 3526
f 3518 3520 3517
f 3520 3521 3002
f 3002 3521 3003
f 3000 3527 3005
f 3001 2997 2996
f 2997 3000 3005
f 3001 2996 3003
f 3528 3529 3526
f 3526 3529 3525
f 3518 3525 3520
f 3520 3529 3521
f 3529 2999 3521
f 3530 3000 2999
f 3000 3530 3527
f 3001 3521 2999
f 2997 3001 3000
f 2998 3005 3522
f 3522 2994 2998
f 3528 3531 3529
f 3528 3532 3531
f 3525 3529 3520
f 2999 3529 3531
f 3531 3530 2999
f 3523 3005 3527
f 3533 3522 3007
f 3522 3523 3007
f 3531 3532 3534
f 3531 3534 3535
f 3530 3531 3536
f 3535 3536 3531
f 3530 3537 3527
f 3530 3536 3537
f 3523 3527 3538
f 3537 3538 3527
f 3007 3523 3008
f 3539 3010 3540
f 3538 3008 3523
f 3535 3534 3541
f 3541 3542 3535
f 3543 3542 3544
f 3536 3542 3543
f 3536 3543 3537
f 3545 3546 3547
f 3538 3537 3543
f 3543 3548 3538
f 3008 3538 3548
f 3010 3008 3548
f 3536 3535 3542
f 3543 3544 3545
f 3543 3545 3548
f 3549 3548 3545
f 3540 3548 3550
f 3540 3010 3548
f 3012 3010 3539
f 3551 3544 3541
f 3541 3544 3542
f 3544 3546 3545
f 3552 3547 3546
f 3547 3552 3553
f 3554 3545 3547
f 3555 3556 3545
f 3556 3557 3545
f 3557 3558 3545
f 3558 3559 3549
f 3558 3549 3545
f 3560 3549 3559
f 3560 3561 3549
f 3549 3550 3548
f 3553 3562 3547
f 3563 3547 3562
f 3555 3545 3554
f 3564 3565 3566
f 3567 3568 3569
f 3570 3571 3572
f 3573 3574 3575
f 3570 3576 3571
f 3577 3578 3579
f 3580 3581 3582
f 3583 3584 3585
f 3586 3587 3588
f 3589 3590 3591
f 3592 3593 3594
f 3595 3596 3597
f 3598 3599 3600
f 3601 3602 3603
f 3604 3605 3606
f 3607 3608 3609
f 3610 3611 3609
f 3612 3613 3614
f 3615 3616 3617
f 3618 3619 3615
f 3620 3621 3622
f 3623 3624 3625
f 3615 3619 3616
f 3626 3627 3628
f 3626 3629 3630
f 3631 3630 3629
f 3628 3629 3626
f 3627 3626 3630
f 3630 3632 3627
f 3627 3633 3628
f 3634 3629 3635
f 3628 3635 3629
f 3628 3621 3620
f 3620 3636 3628
f 3637 3636 3620
f 3621 3628 3633
f 3621 3638 3622
f 3623 3625 3622
f 3622 3637 3620
f 3625 3639 3637
f 3625 3637 3622
f 3628 3636 3635
f 3623 3622 3638
f 3624 3623 3640
f 3624 3641 3625
f 3619 3641 3624
f 3641 3639 3625
f 3640 3617 3624
f 3624 3617 3616
f 3616 3619 3624
f 3617 3642 3615
f 3643 3619 3618
f 3644 3613 3612
f 3615 3612 3614
f 3614 3645 3615
f 3646 3645 3614
f 3647 3613 3644
f 3647 3648 3613
f 3612 3615 3642
f 3646 3614 3613
f 3615 3645 3618
f 3646 3649 3645
f 3650 3648 3647
f 3650 3651 3648
f 3613 3652 3646
f 3652 3653 3654
f 3652 3613 3648
f 3646 3654 3649
f 3652 3654 3646
f 3655 3651 3650
f 3655 3656 3651
f 3648 3657 3652
f 3653 3657 3658
f 3657 3648 3651
f 3657 3653 3652
f 3608 3656 3655
f 3657 3651 3658
f 3656 3658 3651
f 3658 3656 3607
f 3656 3608 3607
f 3659 3658 3607
f 3609 3611 3607
f 3611 3659 3607
f 3660 3661 3662
f 3663 3609 3608
f 3609 3663 3662
f 3609 3662 3610
f 3610 3664 3611
f 3665 3661 3660
f 3662 3661 3610
f 3666 3610 3661
f 3666 3661 3667
f 3610 3666 3664
f 3667 3668 3666
f 3669 3603 3670
f 3665 3667 3661
f 3605 3667 3665
f 3667 3604 3668
f 3605 3604 3667
f 3671 3603 3669
f 3670 3605 3665
f 3670 3603 3605
f 3603 3602 3606
f 3603 3606 3605
f 3672 3673 3671
f 3674 3675 3676
f 3601 3603 3671
f 3677 3602 3601
f 3678 3673 3672
f 3678 3679 3673
f 3601 3671 3673
f 3677 3601 3673
f 3680 3679 3678
f 3673 3681 3677
f 3673 3679 3681
f 3682 3683 3680
f 3681 3679 3600
f 3600 3679 3680
f 3600 3599 3681
f 3684 3683 3682
f 3684 3592 3683
f 3683 3600 3680
f 3598 3600 3683
f 3685 3592 3684
f 3685 3593 3592
f 3598 3683 3592
f 3592 3594 3598
f 3686 3593 3685
f 3686 3687 3593
f 3688 3594 3689
f 3593 3689 3594
f 3690 3687 3686
f 3690 3590 3687
f 3589 3687 3590
f 3691 3593 3687
f 3593 3691 3689
f 3691 3687 3589
f 3589 3692 3691
f 3589 3693 3692
f 3694 3586 3695
f 3674 3586 3694
f 3695 3591 3590
f 3591 3693 3589
f 3588 3591 3586
f 3591 3588 3693
f 3675 3674 3694
f 3586 3591 3695
f 3696 3697 3698
f 3587 3586 3674
f 3674 3696 3587
f 3696 3698 3587
f 3676 3696 3674
f 3676 3699 3696
f 3697 3696 3699
f 3699 3700 3697
f 3701 3700 3702
f 3700 3701 3697
f 3703 3700 3699
f 3700 3703 3584
f 3584 3583 3700
f 3702 3700 3583
f 3704 3583 3585
f 3585 3595 3704
f 3595 3585 3596
f 3583 3704 3702
f 3705 3704 3595
f 3706 3707 3708
f 3597 3596 3708
f 3709 3705 3595
f 3709 3595 3597
f 3710 3707 3706
f 3710 3711 3707
f 3597 3708 3707
f 3712 3597 3707
f 3712 3709 3597
f 3713 3711 3710
f 3713 3714 3711
f 3712 3707 3715
f 3715 3707 3711
f 3716 3714 3713
f 3716 3717 3714
f 3715 3711 3718
f 3718 3711 3714
f 3719 3717 3716
f 3719 3564 3717
f 3718 3714 3717
f 3720 3564 3719
f 3720 3565 3564
f 3717 3721 3718
f 3566 3717 3564
f 3717 3566 3721
f 3722 3565 3720
f 3722 3723 3565
f 3565 3724 3566
f 3725 3565 3723
f 3725 3726 3565
f 3727 3726 3725
f 3565 3726 3724
f 3728 3727 3723
f 3728 3729 3727
f 3727 3725 3723
f 3730 3727 3731
f 3727 3730 3726
f 3732 3729 3728
f 3732 3733 3729
f 3731 3729 3734
f 3729 3731 3727
f 3735 3733 3732
f 3735 3736 3733
f 3733 3734 3729
f 3736 3734 3733
f 3737 3736 3735
f 3737 3738 3736
f 3739 3734 3736
f 3738 3740 3736
f 3741 3739 3736
f 3742 3740 3738
f 3740 3741 3736
f 3743 3740 3742
f 3740 3743 3741
f 3744 3745 3742
f 3743 3742 3745
f 3745 3746 3743
f 3747 3746 3745
f 3748 3749 3744
f 3748 3750 3749
f 3749 3747 3745
f 3569 3747 3749
f 3749 3745 3744
f 3749 3750 3569
f 3751 3747 3569
f 3567 3569 3750
f 3752 3568 3567
f 3753 3567 3750
f 3754 3567 3753
f 3754 3752 3567
f 3569 3568 3751
f 3752 3755 3568
f 3756 3757 3754
f 3758 3755 3752
f 3758 3752 3757
f 3757 3752 3754
f 3759 3760 3757
f 3760 3759 3761
f 3757 3760 3758
f 3762 3759 3756
f 3572 3763 3764
f 3759 3757 3756
f 3765 3759 3762
f 3765 3577 3761
f 3576 3766 3579
f 3759 3765 3761
f 3761 3767 3760
f 3765 3578 3577
f 3768 3769 3577
f 3761 3577 3767
f 3768 3577 3579
f 3769 3767 3577
f 3770 3579 3578
f 3579 3770 3576
f 3570 3766 3576
f 3771 3576 3770
f 3771 3571 3576
f 3579 3766 3768
f 3772 3571 3771
f 3763 3572 3772
f 3772 3572 3571
f 3572 3773 3570
f 3572 3574 3774
f 3582 3575 3775
f 3575 3574 3764
f 3764 3574 3572
f 3764 3775 3575
f 3774 3574 3573
f 3572 3774 3773
f 3575 3582 3776
f 3573 3575 3776
f 3582 3581 3776
f 3581 3777 3776
f 3778 3779 3780
f 3781 3782 3783
f 3778 3780 3784
f 3785 3786 3787
f 3788 3789 3790
f 3791 3792 3793
f 3792 3791 3794
f 3795 3796 3797
f 3798 3797 3799
f 3800 3801 3802
f 3803 3804 3805
f 3803 3806 3804
f 3801 3807 3803
f 3808 3809 3810
f 3811 3812 3813
f 3814 3815 3816
f 3817 3818 3819
f 3820 3821 3822
f 3823 3784 3824
f 3825 3826 3827
f 3805 3828 3801
f 3803 3805 3801
f 3828 3826 3802
f 3829 3825 3827
f 3802 3801 3828
f 3801 3800 3807
f 3825 3830 3800
f 3825 3802 3826
f 3831 3832 3833
f 3825 3831 3830
f 3802 3825 3800
f 3832 3831 3825
f 3829 3832 3825
f 3829 3834 3832
f 3834 3833 3832
f 3835 3833 3834
f 3836 3834 3829
f 3837 3838 3839
f 3836 3835 3834
f 3840 3833 3835
f 3838 3835 3836
f 3841 3837 3839
f 3841 3842 3837
f 3838 3837 3835
f 3837 3843 3835
f 3843 3837 3842
f 3844 3842 3841
f 3835 3843 3840
f 3842 3845 3843
f 3842 3846 3845
f 3847 3846 3842
f 3844 3847 3842
f 3844 3848 3847
f 3847 3848 3849
f 3849 3850 3851
f 3847 3851 3846
f 3849 3851 3847
f 3848 3852 3853
f 3850 3853 3809
f 3853 3850 3849
f 3853 3849 3848
f 3853 3810 3809
f 3854 3855 3798
f 3810 3853 3852
f 3808 3810 3854
f 3856 3809 3808
f 3795 3798 3855
f 3854 3798 3808
f 3797 3798 3795
f 3798 3799 3808
f 3799 3856 3808
f 3857 3858 3796
f 3859 3797 3796
f 3860 3858 3857
f 3860 3791 3858
f 3859 3796 3858
f 3858 3861 3859
f 3862 3791 3860
f 3862 3794 3791
f 3858 3793 3861
f 3791 3793 3858
f 3863 3794 3862
f 3863 3864 3794
f 3864 3792 3794
f 3865 3864 3863
f 3865 3866 3864
f 3867 3864 3868
f 3864 3867 3792
f 3869 3866 3865
f 3866 3868 3864
f 3870 3811 3869
f 3813 3866 3869
f 3813 3812 3866
f 3812 3868 3866
f 3871 3811 3870
f 3871 3816 3811
f 3811 3813 3869
f 3872 3812 3811
f 3873 3816 3871
f 3873 3874 3816
f 3816 3815 3811
f 3815 3872 3811
f 3875 3874 3873
f 3875 3876 3874
f 3877 3876 3875
f 3877 3878 3876
f 3874 3814 3816
f 3879 3874 3876
f 3874 3879 3814
f 3880 3878 3877
f 3880 3881 3878
f 3879 3876 3882
f 3882 3876 3878
f 3882 3878 3883
f 3883 3878 3881
f 3883 3881 3884
f 3885 3884 3881
f 3884 3886 3883
f 3887 3888 3885
f 3889 3888 3887
f 3888 3884 3885
f 3888 3890 3884
f 3891 3890 3888
f 3884 3890 3886
f 3891 3888 3889
f 3892 3893 3889
f 3889 3893 3891
f 3894 3891 3893
f 3895 3893 3896
f 3897 3895 3818
f 3895 3897 3894
f 3896 3893 3892
f 3896 3898 3895
f 3818 3895 3898
f 3893 3895 3894
f 3899 3900 3901
f 3898 3819 3818
f 3902 3817 3819
f 3901 3819 3898
f 3903 3900 3899
f 3903 3904 3900
f 3901 3900 3819
f 3902 3819 3900
f 3905 3904 3903
f 3905 3906 3904
f 3900 3907 3902
f 3907 3900 3904
f 3908 3906 3905
f 3908 3909 3906
f 3907 3904 3910
f 3910 3904 3906
f 3911 3909 3908
f 3911 3912 3909
f 3910 3906 3909
f 3909 3913 3910
f 3914 3912 3911
f 3914 3915 3912
f 3912 3916 3909
f 3916 3912 3915
f 3909 3916 3913
f 3917 3915 3914
f 3917 3918 3915
f 3915 3919 3916
f 3920 3918 3917
f 3920 3788 3918
f 3918 3921 3915
f 3790 3921 3918
f 3915 3921 3919
f 3922 3788 3920
f 3922 3789 3788
f 3790 3918 3788
f 3923 3789 3922
f 3923 3924 3789
f 3789 3925 3790
f 3926 3925 3789
f 3927 3924 3923
f 3927 3928 3924
f 3926 3789 3924
f 3929 3928 3927
f 3929 3787 3928
f 3924 3786 3926
f 3786 3924 3928
f 3930 3787 3929
f 3930 3931 3787
f 3928 3787 3786
f 3932 3785 3787
f 3933 3785 3932
f 3931 3932 3787
f 3931 3934 3932
f 3935 3933 3932
f 3935 3932 3934
f 3936 3934 3931
f 3936 3937 3934
f 3938 3935 3934
f 3937 3938 3934
f 3939 3940 3941
f 3942 3940 3939
f 3941 3937 3936
f 3940 3943 3937
f 3943 3940 3944
f 3937 3943 3938
f 3940 3937 3941
f 3940 3942 3944
f 3945 3944 3942
f 3946 3945 3942
f 3945 3947 3944
f 3948 3947 3945
f 3944 3949 3943
f 3947 3949 3944
f 3950 3948 3946
f 3948 3951 3952
f 3948 3952 3947
f 3953 3954 3950
f 3953 3955 3954
f 3948 3945 3946
f 3951 3948 3954
f 3954 3948 3950
f 3955 3956 3954
f 3951 3954 3956
f 3956 3957 3951
f 3958 3959 3955
f 3960 3957 3956
f 3960 3956 3959
f 3959 3956 3955
f 3961 3821 3958
f 3959 3962 3960
f 3821 3962 3959
f 3821 3959 3958
f 3784 3963 3781
f 3822 3821 3964
f 3783 3965 3820
f 3964 3821 3961
f 3783 3822 3964
f 3964 3966 3783
f 3782 3967 3783
f 3821 3820 3962
f 3781 3783 3966
f 3824 3781 3966
f 3963 3782 3781
f 3822 3783 3820
f 3967 3965 3783
f 3784 3781 3824
f 3780 3963 3784
f 3778 3784 3823
f 3968 3778 3823
f 3968 3779 3778
f 3969 3780 3779
f 3970 3779 3968
f 3779 3971 3972
f 3970 3971 3779
f 3779 3972 3973
f 3974 3779 3973
f 3969 3779 3974
f 3975 3976 3977
f 3971 3977 3976
f 3976 3972 3971
f 3976 3973 3972
f 3976 3978 3973
f 3976 3975 3979
f 3976 3980 3978
f 3979 3980 3976
f 3981 3982 3975
f 3975 3982 3979
f 3982 3983 3979
f 3979 3983 3980
f 3984 3985 3986
f 3987 3988 3989
f 3990 3991 3992
f 3993 3994 3995
f 3996 3997 3998
f 3999 4000 4001
f 4002 4003 4004
f 4000 4005 4001
f 4006 4007 4008
f 4005 4009 3991
f 3994 4010 4011
f 4012 4006 4008
f 4013 3990 3992
f 3989 4012 3987
f 4014 4015 4016
f 4017 3986 4018
f 4017 4018 4019
f 4018 4020 4019
f 4021 4022 4023
f 4024 4020 4018
f 4025 4026 4027
f 4026 4028 4027
f 4029 4030 4031
f 4032 4028 4033
f 4029 4034 4035
f 4036 4037 4038
f 4032 4033 4039
f 4038 4037 4040
f 4041 4042 4043
f 4034 4044 4045
f 4046 4040 4037
f 4037 4047 4046
f 4044 4048 4045
f 4048 4049 4045
f 4049 4050 4051
f 4052 4053 4051
f 4052 4051 4050
f 4054 4055 4056
f 4057 4058 4059
f 4060 4061 4051
f 4062 4051 4053
f 4063 4061 4064
f 4065 4061 4066
f 4054 4056 4067
f 4068 4069 4070
f 4069 4068 4071
f 4072 4071 4068
f 4072 4073 4074
f 4075 4074 4076
f 4077 4078 4079
f 4075 4076 4080
f 4081 4080 4076
f 4082 4083 4081
f 4084 4083 4082
f 4085 4086 4087
f 4086 4088 4087
f 4088 4086 4089
f 4090 4089 4086
f 4091 4092 4090
f 4093 4092 4091
f 4091 4094 4093
f 4095 4096 4097
f 4098 4099 4097
f 4100 4099 4101
f 4100 4101 4102
f 4103 4104 4102
f 4105 4106 4104
f 4107 4106 4105
f 4107 4108 4109
f 4110 4111 4112
f 4113 4114 4115
f 4113 4115 4116
f 4117 4118 4116
f 4119 4118 4117
f 4117 4120 4119
f 4121 4120 4117
f 4122 4121 4123
f 4124 4125 4126
f 4127 4128 4129
f 4130 4131 4132
f 4133 4134 4135
f 4136 4124 4126
f 4137 4123 4121
f 4138 4126 4125
f 4137 4121 4139
f 4140 4141 4142
f 4143 4144 4145
f 4139 4121 4145
f 4146 4135 4147
f 4138 4147 4135
f 4148 4130 4149
f 4146 4133 4135
f 4143 4150 4144
f 4151 4152 4153
f 4154 4150 4143
f 4155 4156 4152
f 4143 4135 4155
f 4135 4134 4157
f 4143 4155 4158
f 4143 4158 4154
f 4121 4143 4145
f 4121 4122 4120
f 4159 4160 4126
f 4161 4159 4162
f 4117 4116 4115
f 4163 4161 4164
f 4112 4163 4164
f 4115 4114 4165
f 4165 4114 4166
f 4167 4165 4166
f 4167 4166 4168
f 4111 4169 4170
f 4171 4172 4168
f 4172 4167 4168
f 4170 4173 4174
f 4109 4108 4171
f 4108 4172 4171
f 4174 4175 4176
f 4177 4176 4178
f 4105 4108 4107
f 4177 4178 4179
f 4180 4181 4182
f 4103 4105 4104
f 4181 4183 4182
f 4101 4103 4102
f 4098 4101 4099
f 4184 4185 4186
f 4184 4186 4187
f 4187 4188 4189
f 4096 4098 4097
f 4189 4190 4191
f 4096 4095 4094
f 4091 4096 4094
f 4192 4193 4194
f 4194 4195 4196
f 4086 4091 4090
f 4195 4197 4196
f 4198 4199 4200
f 4086 4085 4201
f 4202 4203 4204
f 4201 4085 4205
f 4204 4206 4207
f 4084 4201 4205
f 4208 4207 4206
f 4206 4209 4208
f 4082 4201 4084
f 4076 4082 4081
f 4210 4079 4211
f 4078 4211 4079
f 4078 4077 4212
f 4212 4077 4213
f 4073 4076 4074
f 4068 4073 4072
f 4214 4215 4216
f 4216 4215 4217
f 4217 4218 4219
f 4056 4068 4070
f 4056 4070 4067
f 4220 4221 4058
f 4222 4056 4055
f 4222 4055 4223
f 4057 4059 4224
f 4047 4222 4223
f 4224 4225 4226
f 4037 4222 4047
f 4042 4041 4039
f 4227 4037 4036
f 4227 4036 4228
f 4024 4227 4228
f 4032 4027 4028
f 4018 4227 4024
f 4229 4230 4231
f 3985 4018 3986
f 4232 4231 4233
f 3985 3984 4234
f 4014 4232 4235
f 4236 3992 4234
f 3992 3985 4234
f 4013 3992 4236
f 4016 4015 4237
f 4009 3992 3991
f 4000 4009 4005
f 3993 4238 4239
f 4239 4238 4240
f 4241 4239 4240
f 4000 3999 4242
f 4242 3999 4243
f 4244 4242 4243
f 4241 4245 4003
f 4246 4244 4243
f 4247 4248 4246
f 4248 4244 4246
f 4007 4248 4247
f 3996 3998 4249
f 4006 4248 4007
f 4250 4249 4251
f 4006 4012 3989
f 4252 4250 4253
f 4254 4252 4255
f 3989 3988 4256
f 4254 4257 4022
f 4256 3988 4258
f 4030 4256 4031
f 4256 4258 4031
f 4021 4259 4260
f 4035 4030 4029
f 4260 4259 4261
f 4045 4035 4034
f 4262 4261 4263
f 4262 4263 4264
f 4051 4045 4049
f 4265 4266 4267
f 4268 4269 4270
f 4267 4266 4268
f 4269 4271 4270
f 4272 4273 4274
f 4051 4062 4060
f 4275 4276 4277
f 4278 4274 4279
f 4280 4281 4282
f 4061 4060 4064
f 4283 4284 4285
f 4061 4063 4066
f 4281 4286 4287
f 4065 4288 4061
f 4283 4286 4284
f 4289 4061 4288
f 4287 4286 4283
f 4282 4279 4280
f 4275 4273 4272
f 4276 4271 4277
f 4264 4290 4291
f 4264 4292 4293
f 4292 4264 4291
f 4270 4267 4268
f 4290 4264 4294
f 4276 4270 4271
f 4289 4295 4294
f 4275 4277 4273
f 4272 4274 4278
f 4279 4274 4280
f 4289 4296 4295
f 4289 4297 4296
f 4287 4282 4281
f 4288 4285 4298
f 4284 4298 4285
f 4289 4298 4299
f 4289 4288 4298
f 4289 4299 4297
f 4264 4289 4294
f 4264 4293 4300
f 4264 4300 4262
f 4259 4263 4261
f 4023 4259 4021
f 4023 4022 4301
f 4257 4301 4022
f 4255 4257 4254
f 4253 4255 4252
f 4251 4253 4250
f 3998 4251 4249
f 4002 3997 3996
f 4004 3997 4002
f 4245 4004 4003
f 4245 4241 4240
f 3995 4238 3993
f 4011 3995 3994
f 4237 4011 4010
f 4237 4010 4016
f 4235 4015 4014
f 4235 4232 4233
f 4230 4233 4231
f 4025 4230 4229
f 4027 4230 4025
f 4041 4032 4039
f 4226 4043 4042
f 4225 4043 4226
f 4059 4225 4224
f 4221 4059 4058
f 4218 4221 4220
f 4218 4220 4219
f 4215 4218 4217
f 4302 4215 4214
f 4302 4214 4303
f 4213 4304 4303
f 4304 4302 4303
f 4077 4304 4213
f 4209 4079 4210
f 4209 4210 4208
f 4203 4206 4204
f 4305 4203 4202
f 4305 4202 4199
f 4198 4305 4199
f 4197 4198 4200
f 4195 4198 4197
f 4193 4195 4194
f 4191 4306 4192
f 4306 4193 4192
f 4190 4306 4191
f 4188 4190 4189
f 4186 4188 4187
f 4307 4186 4185
f 4183 4307 4185
f 4181 4307 4183
f 4179 4181 4180
f 4179 4180 4177
f 4175 4178 4176
f 4173 4175 4174
f 4308 4173 4170
f 4169 4308 4170
f 4169 4111 4110
f 4309 4110 4112
f 4164 4309 4112
f 4162 4164 4161
f 4162 4159 4126
f 4126 4160 4136
f 4141 4310 4311
f 4126 4138 4135
f 4312 4129 4140
f 4129 4312 4127
f 4128 4313 4314
f 4313 4149 4314
f 4149 4313 4148
f 4132 4315 4153
f 4131 4315 4132
f 4135 4316 4156
f 4135 4157 4316
f 4153 4315 4151
f 4155 4135 4156
f 4155 4152 4151
f 4148 4131 4130
f 4313 4128 4127
f 4142 4312 4140
f 4317 4142 4141
f 4311 4317 4141
f 4318 4311 4310
f 4319 4318 4310
f 4320 4321 4322
f 4323 4324 4325
f 4326 4327 4324
f 4327 4325 4324
f 4327 4326 4328
f 4329 4330 4331
f 4330 4332 4333
f 4334 4335 4336
f 4332 4336 4333
f 4337 4338 4339
f 4340 4341 4342
f 4343 4344 4345
f 4346 4347 4348
f 4347 4349 4350
f 4349 4351 4352
f 4353 4354 4355
f 4356 4357 4358
f 4359 4360 4361
f 4361 4362 4359
f 4363 4364 4365
f 4366 4367 4363
f 4366 4368 4369
f 4370 4371 4372
f 4370 4372 4373
f 4374 4375 4376
f 4377 4376 4378
f 4379 4380 4381
f 4382 4383 4384
f 4385 4383 4382
f 4385 4382 4386
f 4385 4386 4387
f 4386 4388 4387
f 4389 4388 4386
f 4390 4388 4389
f 4390 4389 4391
f 4389 4392 4391
f 4392 4393 4391
f 4394 4392 4395
f 4392 4394 4393
f 4396 4394 4395
f 4397 4396 4395
f 4398 4396 4397
f 4397 4399 4400
f 4400 4398 4397
f 4401 4400 4399
f 4401 4399 4402
f 4401 4402 4403
f 4404 4403 4402
f 4405 4403 4404
f 4380 4382 4384
f 4381 4380 4384
f 4320 4322 4323
f 4378 4379 4381
f 4378 4376 4379
f 4377 4374 4376
f 4374 4371 4375
f 4375 4371 4370
f 4373 4372 4406
f 4373 4406 4407
f 4368 4373 4407
f 4369 4368 4407
f 4366 4363 4368
f 4367 4364 4363
f 4363 4365 4362
f 4362 4365 4408
f 4359 4362 4408
f 4360 4357 4361
f 4361 4357 4356
f 4356 4358 4409
f 4355 4356 4409
f 4353 4355 4409
f 4354 4410 4355
f 4354 4411 4410
f 4351 4410 4411
f 4349 4410 4351
f 4350 4349 4352
f 4347 4346 4349
f 4346 4348 4345
f 4344 4346 4345
f 4412 4344 4343
f 4412 4413 4344
f 4412 4414 4413
f 4413 4414 4341
f 4341 4414 4342
f 4415 4340 4342
f 4415 4338 4340
f 4340 4338 4337
f 4416 4337 4339
f 4335 4416 4339
f 4335 4334 4416
f 4332 4334 4336
f 4329 4332 4330
f 4326 4329 4328
f 4328 4329 4331
f 4323 4322 4324
f 4417 4321 4320
f 4320 4418 4417
f 4419 4420 4421
f 4422 4423 4424
f 4425 4426 4427
f 4428 4429 4430
f 4431 4432 4433
f 4427 4434 4435
f 4436 4437 4438
f 4439 4430 4440
f 4441 4429 4442
f 4443 4444 4440
f 4422 4445 4446
f 4425 4441 4447
f 4443 4446 4448
f 4449 4423 4450
f 4432 4435 4451
f 4450 4438 4452
f 4431 4453 4454
f 4455 4456 4457
f 4455 4454 4458
f 4457 4459 4460
f 4461 4436 4462
f 4462 4463 4464
f 4465 4460 4466
f 4467 4468 4465
f 4469 4470 4463
f 4469 4471 4472
f 4468 4473 4474
f 4475 4476 4474
f 4471 4477 4478
f 4477 4479 4480
f 4476 4481 4482
f 4483 4484 4479
f 4485 4482 4486
f 4483 4487 4488
f 4489 4485 4490
f 4491 4492 4487
f 4489 4493 4494
f 4495 4491 4496
f 4494 4497 4498
f 4499 4500 4496
f 4501 4502 4498
f 4503 4499 4504
f 4505 4506 4502
f 4507 4508 4504
f 4509 4506 4510
f 4511 4507 4512
f 4513 4509 4514
f 4515 4516 4512
f 4513 4517 4518
f 4515 4519 4520
f 4518 4521 4522
f 4523 4524 4519
f 4525 4526 4522
f 4523 4527 4528
f 4529 4526 4530
f 4531 4532 4527
f 4533 4529 4534
f 4533 4535 4536
f 4537 4538 4539
f 4540 4541 4536
f 4539 4542 4543
f 4544 4545 4541
f 4546 4542 4547
f 4548 4545 4549
f 4550 4551 4552
f 4553 4554 4547
f 4555 4556 4557
f 4558 4559 4560
f 4561 4562 4563
f 4564 4565 4566
f 4567 4568 4569
f 4570 4571 4572
f 4573 4574 4575
f 4576 4577 4578
f 4579 4580 4581
f 4582 4583 4584
f 4585 4586 4587
f 4588 4589 4590
f 4591 4592 4593
f 4594 4595 4596
f 4597 4598 4599
f 4600 4601 4602
f 4603 4604 4605
f 4606 4607 4608
f 4609 4610 4611
f 4612 4613 4614
f 4615 4616 4617
f 4618 4619 4620
f 4621 4622 4623
f 4624 4625 4626
f 4627 4628 4629
f 4630 4631 4632
f 4633 4634 4635
f 4636 4637 4638
f 4639 4640 4641
f 4642 4643 4644
f 4645 4646 4647
f 4648 4649 4650
f 4651 4652 4653
f 4654 4655 4656
f 4657 4658 4659
f 4660 4661 4662
f 4663 4664 4665
f 4666 4667 4668
f 4669 4670 4671
f 4672 4673 4674
f 4675 4676 4677
f 4678 4679 4680
f 4681 4682 4683
f 4684 4685 4686
f 4687 4688 4689
f 4690 4691 4692
f 4693 4694 4695
f 4696 4697 4698
f 4699 4700 4701
f 4702 4703 4704
f 4705 4706 4707
f 4708 4699 4709
f 4710 4711 4712
f 4713 4714 4715
f 4716 4717 4718
f 4719 4720 4721
f 4722 4723 4724
f 4725 4726 4727
f 4728 4726 4729
f 4730 4731 4712
f 4732 4733 4725
f 4710 4719 4734
f 4731 4735 4713
f 4736 4737 4738
f 4720 4716 4739
f 4715 4740 4741
f 4742 4717 4743
f 4743 4733 4744
f 4745 4738 4746
f 4729 4737 4747
f 4748 4749 4750
f 4746 4750 4751
f 4752 4753 4754
f 4755 4756 4748
f 4707 4757 4758
f 4755 4752 4759
f 4722 4741 4760
f 4758 4761 4753
f 4762 4763 4724
f 4764 4705 4708
f 4765 4766 4703
f 4767 4765 4763
f 4768 4694 4769
f 4768 4770 4700
f 4698 4771 4772
f 4773 4771 4702
f 4774 4775 4689
f 4695 4775 4776
f 4777 4690 4778
f 4697 4779 4778
f 4681 4780 4781
f 4782 4687 4781
f 4783 4784 4685
f 4783 4692 4785
f 4786 4676 4787
f 4786 4788 4682
f 4789 4790 4684
f 4675 4677 4671
f 4680 4790 4791
f 4792 4793 4679
f 4669 4671 4677
f 4670 4669 4794
f 4795 4796 4793
f 4674 4797 4798
f 4799 4800 4801
f 4802 4803 4804
f 4805 4667 4798
f 4806 4668 4807
f 4808 4804 4657
f 4809 4810 4658
f 4811 4807 4662
f 4812 4813 4660
f 4652 4814 4809
f 4815 4653 4816
f 4656 4817 4812
f 4818 4654 4819
f 4820 4816 4645
f 4821 4822 4646
f 4648 4823 4819
f 4649 4824 4825
f 4640 4826 4821
f 4641 4827 4828
f 4824 4642 4829
f 4830 4831 4643
f 4827 4635 4832
f 4833 4633 4834
f 4835 4830 4637
f 4836 4837 4638
f 4628 4838 4834
f 4629 4839 4840
f 4841 4836 4631
f 4842 4843 4632
f 4839 4624 4844
f 4845 4625 4846
f 4847 4842 4618
f 4848 4619 4849
f 4622 4850 4851
f 4852 4853 4621
f 4849 4614 4854
f 4612 4855 4856
f 4616 4853 4857
f 4615 4858 4859
f 4608 4860 4855
f 4606 4861 4862
f 4859 4863 4611
f 4864 4610 4865
f 4866 4861 4601
f 4867 4868 4602
f 4604 4864 4869
f 4870 4603 4871
f 4867 4596 4872
f 4873 4594 4874
f 4598 4870 4875
f 4597 4876 4877
f 4588 4878 4879
f 4880 4590 4881
f 4877 4882 4591
f 4883 4593 4884
f 4885 4583 4880
f 4886 4887 4582
f 4587 4883 4888
f 4586 4889 4890
f 4887 4891 4578
f 4577 4892 4893
f 4894 4581 4890
f 4895 4896 4580
f 4572 4893 4897
f 4898 4571 4899
f 4421 4896 4900
f 4901 4420 4902
f 4903 4574 4898
f 4904 4905 4573
f 4566 4901 4906
f 4907 4908 4565
f 4905 4909 4569
f 4568 4910 4911
f 4908 4912 4560
f 4913 4559 4914
f 4563 4911 4915
f 4562 4916 4917
f 4918 4913 4919
f 4920 4921 4922
f 4555 4917 4923
f 4924 4557 4925
f 4926 4927 4551
f 4928 4929 4552
f 4553 4924 4930
f 4928 4548 4931
f 4932 4933 4934
f 4935 4672 4796
f 4665 4664 4803
f 4675 4787 4676
f 4787 4788 4786
f 4788 4683 4682
f 4683 4780 4681
f 4780 4782 4781
f 4782 4688 4687
f 4688 4774 4689
f 4774 4776 4775
f 4776 4693 4695
f 4693 4769 4694
f 4769 4770 4768
f 4770 4701 4700
f 4701 4709 4699
f 4709 4764 4708
f 4764 4706 4705
f 4706 4757 4707
f 4757 4761 4758
f 4761 4754 4753
f 4754 4759 4752
f 4759 4756 4755
f 4756 4749 4748
f 4749 4751 4750
f 4751 4745 4746
f 4745 4736 4738
f 4736 4747 4737
f 4747 4728 4729
f 4728 4727 4726
f 4727 4732 4725
f 4732 4744 4733
f 4744 4742 4743
f 4742 4718 4717
f 4718 4739 4716
f 4739 4721 4720
f 4721 4734 4719
f 4734 4711 4710
f 4711 4730 4712
f 4730 4735 4731
f 4735 4714 4713
f 4714 4740 4715
f 4740 4760 4741
f 4760 4723 4722
f 4723 4762 4724
f 4762 4767 4763
f 4767 4766 4765
f 4766 4704 4703
f 4704 4773 4702
f 4773 4772 4771
f 4772 4696 4698
f 4696 4779 4697
f 4779 4777 4778
f 4777 4691 4690
f 4691 4785 4692
f 4785 4784 4783
f 4784 4686 4685
f 4686 4789 4684
f 4789 4791 4790
f 4791 4678 4680
f 4678 4792 4679
f 4792 4795 4793
f 4795 4935 4796
f 4935 4673 4672
f 4673 4797 4674
f 4797 4805 4798
f 4667 4666 4798
f 4668 4806 4666
f 4807 4811 4806
f 4662 4661 4811
f 4660 4813 4661
f 4812 4817 4813
f 4656 4655 4817
f 4654 4818 4655
f 4819 4823 4818
f 4648 4650 4823
f 4649 4825 4650
f 4824 4829 4825
f 4642 4644 4829
f 4643 4831 4644
f 4830 4835 4831
f 4637 4636 4835
f 4638 4837 4636
f 4836 4841 4837
f 4631 4630 4841
f 4632 4843 4630
f 4842 4847 4843
f 4618 4620 4847
f 4619 4848 4620
f 4849 4854 4848
f 4614 4613 4854
f 4612 4856 4613
f 4855 4860 4856
f 4608 4607 4860
f 4606 4862 4607
f 4861 4866 4862
f 4601 4600 4866
f 4602 4868 4600
f 4867 4872 4868
f 4596 4595 4872
f 4594 4873 4595
f 4874 4879 4878
f 4874 4878 4873
f 4879 4589 4588
f 4589 4881 4590
f 4881 4885 4880
f 4885 4584 4583
f 4584 4886 4582
f 4886 4891 4887
f 4891 4576 4578
f 4576 4892 4577
f 4892 4897 4893
f 4897 4570 4572
f 4570 4899 4571
f 4899 4903 4898
f 4903 4575 4574
f 4575 4904 4573
f 4904 4909 4905
f 4909 4567 4569
f 4567 4910 4568
f 4910 4915 4911
f 4915 4561 4563
f 4561 4916 4562
f 4916 4923 4917
f 4923 4556 4555
f 4556 4925 4557
f 4925 4930 4924
f 4930 4554 4553
f 4554 4546 4547
f 4546 4543 4542
f 4543 4537 4539
f 4537 4936 4538
f 4936 4532 4531
f 4936 4531 4538
f 4532 4528 4527
f 4528 4524 4523
f 4524 4520 4519
f 4520 4516 4515
f 4516 4511 4512
f 4511 4508 4507
f 4508 4503 4504
f 4503 4500 4499
f 4500 4495 4496
f 4495 4492 4491
f 4492 4488 4487
f 4488 4484 4483
f 4484 4480 4479
f 4480 4478 4477
f 4478 4472 4471
f 4472 4470 4469
f 4470 4464 4463
f 4464 4461 4462
f 4461 4437 4436
f 4437 4452 4438
f 4452 4449 4450
f 4449 4424 4423
f 4424 4445 4422
f 4445 4448 4446
f 4448 4444 4443
f 4444 4439 4440
f 4439 4428 4430
f 4428 4442 4429
f 4442 4447 4441
f 4447 4426 4425
f 4426 4434 4427
f 4434 4451 4435
f 4451 4433 4432
f 4433 4453 4431
f 4453 4458 4454
f 4458 4456 4455
f 4456 4459 4457
f 4459 4466 4460
f 4466 4467 4465
f 4467 4473 4468
f 4473 4475 4474
f 4475 4481 4476
f 4481 4486 4482
f 4486 4490 4485
f 4490 4493 4489
f 4493 4497 4494
f 4497 4501 4498
f 4501 4505 4502
f 4505 4510 4506
f 4510 4514 4509
f 4514 4517 4513
f 4517 4521 4518
f 4521 4525 4522
f 4525 4530 4526
f 4530 4534 4529
f 4534 4535 4533
f 4535 4540 4536
f 4540 4544 4541
f 4544 4549 4545
f 4549 4931 4548
f 4931 4929 4928
f 4929 4550 4552
f 4550 4926 4551
f 4927 4922 4551
f 4920 4922 4927
f 4918 4919 4921
f 4918 4921 4920
f 4913 4914 4919
f 4559 4558 4914
f 4560 4912 4558
f 4908 4907 4912
f 4565 4564 4907
f 4566 4906 4564
f 4901 4902 4906
f 4420 4419 4902
f 4421 4900 4419
f 4896 4895 4900
f 4580 4579 4895
f 4581 4894 4579
f 4890 4889 4894
f 4586 4585 4889
f 4587 4888 4585
f 4883 4884 4888
f 4593 4592 4884
f 4591 4882 4592
f 4877 4876 4882
f 4597 4599 4876
f 4598 4875 4599
f 4870 4871 4875
f 4603 4605 4871
f 4604 4869 4605
f 4864 4865 4869
f 4610 4609 4865
f 4611 4863 4609
f 4859 4858 4863
f 4615 4617 4858
f 4616 4857 4617
f 4853 4852 4857
f 4621 4623 4852
f 4622 4851 4623
f 4850 4845 4846
f 4850 4846 4851
f 4845 4626 4625
f 4626 4844 4624
f 4844 4840 4839
f 4840 4627 4629
f 4627 4838 4628
f 4838 4833 4834
f 4833 4634 4633
f 4634 4832 4635
f 4832 4828 4827
f 4828 4639 4641
f 4639 4826 4640
f 4826 4822 4821
f 4822 4647 4646
f 4647 4820 4645
f 4820 4815 4816
f 4815 4651 4653
f 4651 4814 4652
f 4814 4810 4809
f 4810 4659 4658
f 4659 4808 4657
f 4808 4802 4804
f 4802 4665 4803
f 4663 4801 4664
f 4799 4933 4800
f 4663 4799 4801
f 4932 4934 4794
f 4800 4933 4932
f 4670 4794 4934
f 4937 4938 4939
f 4940 4941 4942
f 4943 4944 4945
f 4946 4947 4948
f 4941 4949 4950
f 4944 4950 4945
f 4951 4952 4953
f 4954 4946 4948
f 4944 4946 4954
f 4948 4955 4954
f 4954 4956 4942
f 4942 4950 4944
f 4942 4944 4954
f 4957 4941 4940
f 4942 4941 4950
f 4958 4957 4953
f 4957 4958 4941
f 4953 4952 4959
f 4958 4953 4959
f 4960 4961 4952
f 4951 4960 4952
f 4962 4960 4963
f 4960 4962 4961
f 4964 4962 4965
f 4963 4965 4962
f 4965 4966 4967
f 4967 4964 4965
f 4967 4968 4969
f 4968 4967 4966
f 4970 4971 4968
f 4969 4968 4971
f 4970 4972 4973
f 4973 4971 4970
f 4974 4972 4975
f 4972 4974 4973
f 4976 4977 4975
f 4974 4975 4977
f 4976 4978 4979
f 4979 4977 4976
f 4980 4978 4981
f 4978 4980 4979
f 4982 4983 4981
f 4980 4981 4983
f 4982 4984 4985
f 4985 4983 4982
f 4986 4984 4987
f 4984 4986 4985
f 4988 4989 4987
f 4986 4987 4989
f 4988 4990 4991
f 4991 4989 4988
f 4992 4990 4993
f 4990 4992 4991
f 4994 4995 4993
f 4992 4993 4995
f 4994 4996 4997
f 4997 4995 4994
f 4998 4996 4999
f 4996 4998 4997
f 5000 5001 4999
f 4998 4999 5001
f 5000 5002 5003
f 5003 5001 5000
f 5004 5002 5005
f 5002 5004 5003
f 5006 5007 5008
f 5009 5010 5005
f 5011 5012 5013
f 5014 5015 5016
f 5017 5018 5019
f 5020 5021 5022
f 5023 5024 5025
f 5026 5027 5028
f 5029 5030 5031
f 5032 5033 5034
f 5035 5036 5037
f 5038 5039 5040
f 5041 5042 5043
f 5044 5045 5046
f 5047 5048 5049
f 5050 5051 5052
f 5053 5054 5055
f 5056 5057 5058
f 5059 5060 5061
f 5062 5063 5064
f 5065 5066 5067
f 5068 5069 5070
f 5071 5072 5073
f 5074 5075 5076
f 5077 5078 5079
f 5080 5081 5082
f 5083 5084 5085
f 5086 5087 5088
f 5089 5090 5091
f 5092 5093 5094
f 5095 5096 5097
f 5098 5099 5100
f 5101 5102 5103
f 5104 5105 5106
f 5107 5108 5109
f 5110 5111 5112
f 5113 5114 5115
f 5116 5117 5118
f 5119 5120 5121
f 5122 5123 5124
f 5125 5126 5127
f 5128 5129 5130
f 5131 5132 5133
f 5134 5135 5136
f 5137 5138 5139
f 5140 5141 5142
f 5143 5144 5145
f 5146 5147 5148
f 5149 5150 5151
f 5152 5153 5154
f 5155 5156 5157
f 5158 5159 5160
f 5161 5162 5163
f 5164 5165 5166
f 5167 5160 5168
f 5169 5170 5171
f 5171 5172 5164
f 5173 5174 5175
f 5176 5169 5174
f 5177 5164 5168
f 5178 5179 5180
f 5179 5178 5181
f 5182 5169 5183
f 5179 5184 5180
f 5185 5174 5169
f 5183 5169 5171
f 5186 5173 5179
f 5174 5187 5175
f 5164 5188 5171
f 5179 5175 5184
f 5184 5189 5180
f 5173 5176 5174
f 5175 5179 5173
f 5170 5169 5176
f 5190 5176 5173
f 5172 5170 5191
f 5192 5170 5176
f 5165 5172 5193
f 5171 5170 5172
f 5168 5164 5166
f 5164 5172 5165
f 5194 5168 5160
f 5167 5168 5166
f 5158 5162 5159
f 5160 5159 5194
f 5163 5152 5161
f 5158 5163 5162
f 5154 5153 5157
f 5161 5152 5154
f 5156 5155 5147
f 5157 5153 5155
f 5149 5146 5148
f 5146 5156 5147
f 5142 5151 5150
f 5150 5149 5148
f 5140 5144 5141
f 5142 5141 5151
f 5145 5134 5143
f 5140 5145 5144
f 5143 5134 5136
f 5135 5137 5139
f 5136 5135 5139
f 5138 5129 5128
f 5138 5137 5129
f 5131 5130 5132
f 5131 5128 5130
f 5123 5133 5124
f 5124 5133 5132
f 5127 5126 5122
f 5122 5126 5123
f 5116 5118 5125
f 5127 5116 5125
f 5117 5119 5121
f 5118 5117 5121
f 5120 5111 5110
f 5120 5119 5111
f 5113 5112 5114
f 5113 5110 5112
f 5105 5115 5106
f 5106 5115 5114
f 5109 5108 5104
f 5104 5108 5105
f 5098 5100 5107
f 5109 5098 5107
f 5099 5101 5103
f 5100 5099 5103
f 5102 5093 5092
f 5102 5101 5093
f 5095 5094 5096
f 5095 5092 5094
f 5087 5097 5088
f 5088 5097 5096
f 5091 5090 5086
f 5086 5090 5087
f 5084 5083 5089
f 5091 5084 5089
f 5085 5077 5079
f 5083 5085 5079
f 5078 5082 5081
f 5078 5077 5082
f 5071 5080 5072
f 5071 5081 5080
f 5076 5073 5074
f 5074 5073 5072
f 5067 5066 5075
f 5075 5066 5076
f 5069 5068 5065
f 5067 5069 5065
f 5070 5059 5061
f 5068 5070 5061
f 5060 5064 5063
f 5060 5059 5064
f 5053 5062 5054
f 5053 5063 5062
f 5058 5055 5056
f 5056 5055 5054
f 5049 5048 5057
f 5057 5048 5058
f 5051 5050 5047
f 5049 5051 5047
f 5052 5041 5043
f 5050 5052 5043
f 5042 5046 5045
f 5042 5041 5046
f 5035 5044 5036
f 5035 5045 5044
f 5040 5037 5038
f 5038 5037 5036
f 5030 5029 5039
f 5039 5029 5040
f 4937 4939 5031
f 5030 4937 5031
f 4938 5032 5034
f 4939 4938 5034
f 5033 5024 5023
f 5033 5032 5024
f 5026 5025 5027
f 5026 5023 5025
f 5018 5028 5019
f 5019 5028 5027
f 5022 5021 5017
f 5017 5021 5018
f 5011 5013 5020
f 5022 5011 5020
f 5012 5014 5016
f 5013 5012 5016
f 5015 5007 5006
f 5015 5014 5007
f 5009 5008 5010
f 5009 5006 5008
f 5010 5004 5005
f 5195 5196 5197
f 5198 5199 5200
f 5201 5202 5203
f 5204 5205 5206
f 5207 5208 5209
f 5210 5211 5212
f 5213 5214 5215
f 5216 5217 5218
f 5219 5220 5221
f 5222 5223 5224
f 5225 5226 5227
f 5228 5229 5230
f 5231 5232 5233
f 5234 5235 5236
f 5237 5238 5239
f 5240 5241 5242
f 5243 5244 5245
f 5246 5247 5248
f 5249 5250 5251
f 5252 5253 5254
f 5255 5256 5257
f 5258 5259 5260
f 5261 5262 5263
f 5264 5265 5266
f 5267 5268 5269
f 5270 5271 5272
f 5273 5274 5275
f 5276 5277 5278
f 5279 5280 5281
f 5282 5283 5284
f 5285 5286 5287
f 5288 5289 5290
f 5291 5292 5293
f 5294 5295 5296
f 5297 5298 5299
f 5300 5301 5302
f 5303 5304 5305
f 5306 5307 5308
f 5309 5310 5311
f 5312 5313 5314
f 5315 5316 5317
f 5318 5319 5320
f 5321 5322 5323
f 5324 5325 5326
f 5327 5328 5325
f 5329 5330 5331
f 5332 5333 5334
f 5335 5336 5337
f 5338 5339 5331
f 5340 5341 5342
f 5343 5344 5336
f 5345 5346 5347
f 5347 5341 5348
f 5349 5350 5351
f 5352 5353 5351
f 5354 5355 5356
f 5357 5349 5358
f 5359 5360 5361
f 5354 5362 5360
f 5363 5364 5365
f 5359 5366 5364
f 5367 5368 5369
f 5363 5370 5368
f 5371 5372 5373
f 5367 5374 5375
f 5376 5377 5373
f 5371 5373 5377
f 5376 5378 5379
f 5379 5377 5376
f 5380 5378 5381
f 5378 5380 5379
f 5382 5383 5381
f 5380 5381 5383
f 5382 5384 5385
f 5385 5383 5382
f 5386 5384 5387
f 5384 5386 5385
f 5388 5389 5387
f 5386 5387 5389
f 5388 5390 5391
f 5391 5389 5388
f 5392 5390 5393
f 5390 5392 5391
f 5394 5395 5393
f 5392 5393 5395
f 5394 5396 5397
f 5397 5395 5394
f 5398 5396 5399
f 5396 5398 5397
f 5400 5401 5399
f 5398 5399 5401
f 5400 5402 5403
f 5403 5401 5400
f 5404 5402 5405
f 5402 5404 5403
f 5406 5407 5405
f 5404 5405 5407
f 5406 5408 5409
f 5409 5407 5406
f 5410 5408 5411
f 5408 5410 5409
f 5412 5413 5411
f 5410 5411 5413
f 5412 5414 5415
f 5415 5413 5412
f 5416 5414 5417
f 5414 5416 5415
f 5418 5419 5417
f 5416 5417 5419
f 5418 5420 5421
f 5421 5419 5418
f 5422 5420 5423
f 5420 5422 5421
f 5424 5425 5423
f 5422 5423 5425
f 5424 5426 5427
f 5427 5425 5424
f 5428 5426 5429
f 5426 5428 5427
f 5430 5431 5429
f 5428 5429 5431
f 5430 5432 5433
f 5433 5431 5430
f 5434 5432 5435
f 5432 5434 5433
f 5436 5437 5435
f 5434 5435 5437
f 5436 5438 5439
f 5439 5437 5436
f 5372 5375 5374
f 5375 5372 5371
f 5369 5374 5367
f 5362 5354 5356
f 5365 5370 5363
f 5368 5370 5369
f 5346 5353 5352
f 5359 5361 5366
f 5364 5366 5365
f 5362 5361 5360
f 5355 5357 5358
f 5356 5355 5358
f 5352 5351 5350
f 5357 5350 5349
f 5326 5325 5328
f 5353 5346 5345
f 5345 5347 5348
f 5341 5340 5348
f 5344 5343 5342
f 5340 5342 5343
f 5344 5337 5336
f 5338 5335 5339
f 5335 5337 5339
f 5333 5330 5329
f 5330 5338 5331
f 5334 5333 5329
f 5324 5326 5332
f 5324 5332 5334
f 5328 5327 5318
f 5319 5321 5320
f 5327 5319 5318
f 5322 5313 5323
f 5320 5321 5323
f 5440 5235 5244
f 5314 5316 5312
f 5313 5322 5314
f 5292 5291 5283
f 5308 5315 5317
f 5315 5312 5316
f 5307 5306 5311
f 5306 5308 5317
f 5310 5307 5311
f 5309 5301 5300
f 5309 5300 5310
f 5305 5302 5303
f 5301 5303 5302
f 5305 5304 5295
f 5295 5304 5296
f 5298 5297 5294
f 5294 5296 5298
f 5297 5299 5290
f 5289 5288 5441
f 5288 5290 5299
f 5251 5442 5249
f 5441 5291 5293
f 5441 5293 5289
f 5443 5267 5259
f 5292 5283 5282
f 5285 5284 5286
f 5284 5285 5282
f 5286 5444 5287
f 5276 5278 5444
f 5278 5287 5444
f 5277 5281 5280
f 5281 5277 5276
f 5279 5445 5280
f 5279 5271 5445
f 5265 5264 5269
f 5272 5273 5270
f 5445 5271 5270
f 5274 5446 5275
f 5273 5272 5274
f 5264 5266 5446
f 5266 5275 5446
f 5269 5268 5265
f 5443 5268 5267
f 5443 5259 5258
f 5258 5260 5447
f 5447 5260 5262
f 5254 5261 5263
f 5261 5447 5262
f 5252 5254 5263
f 5448 5257 5253
f 5448 5253 5252
f 5255 5247 5256
f 5448 5255 5257
f 5256 5247 5246
f 5250 5449 5248
f 5246 5248 5449
f 5249 5449 5250
f 5240 5242 5442
f 5240 5442 5251
f 5244 5243 5440
f 5241 5243 5245
f 5241 5245 5242
f 5234 5238 5237
f 5236 5238 5234
f 5235 5440 5236
f 5237 5239 5450
f 5223 5232 5451
f 5228 5450 5239
f 5233 5230 5229
f 5228 5230 5450
f 5451 5232 5231
f 5229 5231 5233
f 5223 5451 5224
f 5225 5222 5226
f 5224 5226 5222
f 5225 5227 5452
f 5216 5218 5452
f 5216 5452 5227
f 5217 5219 5221
f 5217 5221 5218
f 5220 5211 5210
f 5219 5211 5220
f 5453 5212 5214
f 5210 5212 5453
f 5204 5206 5215
f 5213 5215 5206
f 5213 5453 5214
f 5209 5205 5204
f 5198 5208 5207
f 5209 5208 5205
f 5199 5201 5200
f 5207 5199 5198
f 5202 5196 5203
f 5200 5201 5203
f 5195 5197 5454
f 5196 5202 5197
f 5455 5456 5457
f 5458 5459 5460
f 5461 5462 5463
f 5464 5465 5466
f 5467 5463 5468
f 5469 5470 5471
f 5472 5469 5473
f 5474 5460 5475
f 5476 5468 5472
f 5477 5474 5478
f 5479 5480 5481
f 5462 5482 5481
f 5458 5480 5483
f 5484 5470 5485
f 5486 5464 5477
f 5487 5488 5485
f 5489 5466 5490
f 5491 5492 5488
f 5489 5493 5494
f 5495 5492 5496
f 5497 5494 5498
f 5499 5500 5497
f 5501 5495 5502
f 5501 5503 5504
f 5505 5506 5500
f 5507 5508 5506
f 5509 5504 5510
f 5511 5512 5509
f 5513 5514 5508
f 5514 5515 5516
f 5512 5517 5518
f 5519 5518 5520
f 5516 5521 5522
f 5522 5523 5524
f 5525 5526 5519
f 5527 5526 5528
f 5524 5529 5530
f 5531 5527 5532
f 5533 5530 5534
f 5535 5531 5536
f 5533 5537 5538
f 5535 5539 5540
f 5541 5538 5542
f 5540 5543 5544
f 5541 5545 5546
f 5547 5548 5544
f 5549 5546 5550
f 5551 5552 5548
f 5549 5553 5554
f 5555 5552 5556
f 5557 5554 5558
f 5555 5559 5560
f 5561 5562 5557
f 5560 5563 5564
f 5565 5562 5566
f 5567 5568 5564
f 5569 5570 5565
f 5571 5568 5572
f 5573 5571 5574
f 5575 5576 5577
f 5573 5578 5579
f 5576 5580 5581
f 5582 5583 5579
f 5584 5581 5585
f 5584 5586 5587
f 5588 5589 5590
f 5591 5592 5593
f 5594 5595 5596
f 5597 5598 5599
f 5600 5601 5602
f 5603 5604 5605
f 5606 5607 5608
f 5609 5610 5611
f 5612 5613 5614
f 5615 5616 5617
f 5618 5619 5620
f 5621 5622 5623
f 5624 5625 5626
f 5627 5628 5629
f 5630 5631 5632
f 5633 5634 5635
f 5636 5637 5638
f 5639 5640 5641
f 5642 5643 5644
f 5645 5646 5647
f 5648 5649 5650
f 5651 5652 5653
f 5654 5655 5656
f 5657 5658 5659
f 5660 5661 5662
f 5663 5664 5665
f 5666 5667 5668
f 5669 5670 5671
f 5672 5673 5674
f 5675 5676 5677
f 5678 5679 5680
f 5681 5682 5683
f 5684 5685 5686
f 5687 5688 5689
f 5690 5691 5692
f 5693 5694 5695
f 5696 5697 5698
f 5699 5700 5701
f 5702 5703 5704
f 5705 5706 5707
f 5708 5709 5710
f 5711 5712 5713
f 5714 5715 5716
f 5717 5718 5719
f 5720 5721 5722
f 5723 5724 5725
f 5726 5727 5728
f 5729 5730 5731
f 5732 5733 5734
f 5735 5736 5737
f 5738 5739 5740
f 5741 5742 5743
f 5744 5745 5746
f 5747 5748 5749
f 5743 5750 5751
f 5752 5753 5754
f 5748 5755 5756
f 5757 5758 5759
f 5760 5761 5762
f 5763 5764 5765
f 5766 5767 5768
f 5769 5770 5768
f 5771 5772 5773
f 5772 5774 5769
f 5775 5776 5777
f 5778 5779 5780
f 5781 5782 5783
f 5784 5785 5759
f 5773 5758 5786
f 5775 5767 5787
f 5788 5763 5777
f 5784 5783 5789
f 5778 5765 5790
f 5791 5753 5782
f 5762 5780 5792
f 5793 5794 5752
f 5761 5795 5796
f 5797 5798 5794
f 5799 5755 5796
f 5800 5801 5747
f 5802 5798 5803
f 5804 5801 5805
f 5750 5802 5806
f 5807 5742 5808
f 5809 5810 5804
f 5736 5807 5811
f 5744 5810 5812
f 5739 5813 5814
f 5746 5815 5813
f 5816 5817 5731
f 5816 5735 5818
f 5819 5734 5820
f 5820 5738 5821
f 5723 5822 5823
f 5824 5822 5730
f 5825 5826 5726
f 5827 5825 5733
f 5828 5718 5829
f 5725 5830 5829
f 5728 5831 5722
f 5717 5832 5833
f 5831 5720 5722
f 5721 5720 5714
f 5833 5834 5713
f 5835 5712 5836
f 5714 5716 5721
f 5837 5838 5839
f 5705 5840 5841
f 5842 5843 5707
f 5838 5844 5845
f 5709 5846 5847
f 5848 5700 5843
f 5699 5849 5850
f 5847 5851 5703
f 5852 5702 5853
f 5850 5854 5695
f 5855 5856 5694
f 5698 5852 5857
f 5858 5859 5697
f 5860 5689 5856
f 5861 5862 5688
f 5863 5690 5859
f 5692 5864 5865
f 5866 5682 5862
f 5867 5868 5681
f 5865 5869 5685
f 5677 5868 5870
f 5871 5872 5678
f 5871 5684 5873
f 5874 5875 5669
f 5876 5874 5676
f 5673 5877 5878
f 5879 5877 5680
f 5880 5881 5667
f 5882 5880 5671
f 5883 5884 5660
f 5672 5885 5883
f 5886 5663 5887
f 5888 5887 5666
f 5655 5889 5890
f 5891 5889 5662
f 5658 5892 5893
f 5892 5665 5894
f 5648 5895 5896
f 5895 5654 5897
f 5651 5898 5899
f 5898 5657 5900
f 5643 5901 5902
f 5903 5902 5650
f 5904 5645 5905
f 5653 5904 5906
f 5907 5637 5908
f 5909 5644 5907
f 5641 5910 5911
f 5912 5646 5911
f 5913 5631 5914
f 5915 5638 5913
f 5916 5633 5917
f 5639 5916 5918
f 5626 5919 5920
f 5632 5920 5921
f 5922 5923 5629
f 5924 5634 5923
f 5925 5618 5926
f 5624 5925 5927
f 5928 5623 5929
f 5928 5930 5627
f 5931 5613 5932
f 5933 5619 5931
f 5934 5457 5935
f 5621 5934 5936
f 5937 5938 5615
f 5939 5614 5938
f 5940 5941 5606
f 5942 5455 5941
f 5611 5943 5944
f 5944 5945 5616
f 5601 5946 5947
f 5947 5948 5607
f 5949 5950 5604
f 5951 5609 5950
f 5595 5952 5953
f 5602 5953 5954
f 5605 5955 5956
f 5957 5590 5958
f 5596 5957 5959
f 5588 5960 5961
f 5592 5962 5963
f 5964 5960 5587
f 5593 5965 5966
f 5583 5967 5965
f 5968 5969 5970
f 5971 5840 5835
f 5710 5845 5972
f 5728 5727 5831
f 5726 5826 5727
f 5825 5827 5826
f 5733 5732 5827
f 5734 5819 5732
f 5820 5821 5819
f 5738 5740 5821
f 5739 5814 5740
f 5813 5815 5814
f 5746 5745 5815
f 5744 5812 5745
f 5810 5809 5812
f 5804 5805 5809
f 5801 5800 5805
f 5747 5749 5800
f 5748 5756 5749
f 5755 5799 5756
f 5796 5795 5799
f 5761 5760 5795
f 5762 5792 5760
f 5780 5779 5792
f 5778 5790 5779
f 5765 5764 5790
f 5763 5788 5764
f 5777 5776 5788
f 5775 5787 5776
f 5767 5766 5787
f 5768 5770 5766
f 5769 5774 5770
f 5772 5771 5774
f 5773 5786 5771
f 5758 5757 5786
f 5759 5785 5757
f 5784 5789 5785
f 5784 5781 5783
f 5781 5791 5782
f 5791 5754 5753
f 5754 5793 5752
f 5793 5797 5794
f 5797 5803 5798
f 5803 5806 5802
f 5806 5751 5750
f 5751 5741 5743
f 5741 5808 5742
f 5808 5811 5807
f 5811 5737 5736
f 5737 5818 5735
f 5818 5817 5816
f 5817 5729 5731
f 5729 5824 5730
f 5824 5823 5822
f 5823 5724 5723
f 5724 5830 5725
f 5830 5828 5829
f 5828 5719 5718
f 5719 5832 5717
f 5832 5834 5833
f 5834 5711 5713
f 5711 5836 5712
f 5836 5971 5835
f 5971 5841 5840
f 5841 5706 5705
f 5706 5842 5707
f 5842 5848 5843
f 5848 5701 5700
f 5701 5849 5699
f 5849 5854 5850
f 5854 5693 5695
f 5693 5855 5694
f 5855 5860 5856
f 5860 5687 5689
f 5687 5861 5688
f 5861 5866 5862
f 5866 5683 5682
f 5683 5867 5681
f 5867 5870 5868
f 5870 5675 5677
f 5675 5876 5676
f 5876 5875 5874
f 5875 5670 5669
f 5670 5882 5671
f 5882 5881 5880
f 5881 5668 5667
f 5668 5888 5666
f 5888 5886 5887
f 5886 5664 5663
f 5664 5894 5665
f 5894 5893 5892
f 5893 5659 5658
f 5659 5900 5657
f 5900 5899 5898
f 5899 5652 5651
f 5653 5906 5651
f 5904 5905 5906
f 5645 5647 5905
f 5646 5912 5647
f 5911 5910 5912
f 5641 5640 5910
f 5639 5918 5640
f 5916 5917 5918
f 5633 5635 5917
f 5634 5924 5635
f 5923 5922 5924
f 5629 5628 5922
f 5627 5930 5628
f 5928 5929 5930
f 5623 5622 5929
f 5621 5936 5622
f 5934 5935 5936
f 5457 5456 5935
f 5455 5942 5456
f 5941 5940 5942
f 5606 5608 5940
f 5607 5948 5608
f 5947 5946 5948
f 5601 5600 5946
f 5602 5954 5600
f 5953 5952 5954
f 5595 5594 5952
f 5596 5959 5594
f 5957 5958 5959
f 5590 5589 5958
f 5588 5961 5589
f 5960 5964 5961
f 5587 5586 5964
f 5584 5585 5586
f 5581 5580 5585
f 5576 5575 5580
f 5577 5973 5575
f 5570 5569 5973
f 5570 5973 5577
f 5565 5566 5569
f 5562 5561 5566
f 5557 5558 5561
f 5554 5553 5558
f 5549 5550 5553
f 5546 5545 5550
f 5541 5542 5545
f 5538 5537 5542
f 5533 5534 5537
f 5530 5529 5534
f 5524 5523 5529
f 5522 5521 5523
f 5516 5515 5521
f 5514 5513 5515
f 5508 5507 5513
f 5506 5505 5507
f 5500 5499 5505
f 5497 5498 5499
f 5494 5493 5498
f 5489 5490 5493
f 5466 5465 5490
f 5464 5486 5465
f 5477 5478 5486
f 5474 5475 5478
f 5460 5459 5475
f 5458 5483 5459
f 5480 5479 5483
f 5481 5482 5479
f 5462 5461 5482
f 5463 5467 5461
f 5468 5476 5467
f 5472 5473 5476
f 5469 5471 5473
f 5470 5484 5471
f 5470 5487 5485
f 5487 5491 5488
f 5491 5496 5492
f 5496 5502 5495
f 5502 5503 5501
f 5503 5510 5504
f 5510 5511 5509
f 5511 5517 5512
f 5517 5520 5518
f 5520 5525 5519
f 5525 5528 5526
f 5528 5532 5527
f 5532 5536 5531
f 5536 5539 5535
f 5539 5543 5540
f 5543 5547 5544
f 5547 5551 5548
f 5551 5556 5552
f 5556 5559 5555
f 5559 5563 5560
f 5563 5567 5564
f 5567 5572 5568
f 5572 5574 5571
f 5574 5578 5573
f 5578 5582 5579
f 5582 5967 5583
f 5967 5966 5965
f 5966 5591 5593
f 5591 5962 5592
f 5962 5597 5963
f 5597 5599 5963
f 5598 5956 5955
f 5598 5955 5599
f 5956 5603 5605
f 5603 5949 5604
f 5949 5951 5950
f 5951 5610 5609
f 5610 5943 5611
f 5943 5945 5944
f 5945 5617 5616
f 5617 5937 5615
f 5937 5939 5938
f 5939 5612 5614
f 5612 5932 5613
f 5932 5933 5931
f 5933 5620 5619
f 5620 5926 5618
f 5926 5927 5925
f 5927 5625 5624
f 5625 5919 5626
f 5919 5921 5920
f 5921 5630 5632
f 5630 5914 5631
f 5914 5915 5913
f 5915 5636 5638
f 5636 5908 5637
f 5908 5909 5907
f 5909 5642 5644
f 5642 5901 5643
f 5902 5903 5643
f 5650 5649 5903
f 5648 5896 5649
f 5895 5897 5896
f 5654 5656 5897
f 5655 5890 5656
f 5889 5891 5890
f 5662 5661 5891
f 5660 5884 5661
f 5883 5885 5884
f 5672 5674 5885
f 5673 5878 5674
f 5877 5879 5878
f 5680 5679 5879
f 5678 5872 5679
f 5871 5873 5872
f 5684 5686 5873
f 5685 5869 5686
f 5865 5864 5869
f 5692 5691 5864
f 5690 5863 5691
f 5859 5858 5863
f 5697 5696 5858
f 5698 5857 5696
f 5852 5853 5857
f 5702 5704 5853
f 5703 5851 5704
f 5847 5846 5851
f 5709 5708 5846
f 5710 5972 5708
f 5838 5837 5844
f 5845 5844 5972
f 5839 5974 5837
f 5968 5974 5969
f 5839 5969 5974
f 5968 5970 5715
f 5716 5715 5970
f 5975 5976 5977
f 5978 5979 5980
f 5981 5982 5983
f 5984 5985 5986
f 5987 5988 5989
f 5990 5991 5992
f 5993 5994 5995
f 5996 5997 5998
f 5999 6000 6001
f 6002 6003 6004
f 6005 6006 6007
f 6008 6009 6010
f 6011 6012 6013
f 6014 6015 6016
f 6017 6018 6019
f 6020 6021 6022
f 6023 6024 6025
f 6026 6027 6028
f 6029 6030 6031
f 6032 6033 6034
f 6035 6036 6037
f 6038 6039 6040
f 6041 6042 6043
f 6044 6045 6046
f 6047 6048 6049
f 6050 6051 6052
f 6053 6054 6055
f 6056 6057 6058
f 6059 6060 6061
f 6062 6063 6064
f 6065 6066 6067
f 6068 6069 6070
f 6071 6072 6073
f 6074 6075 6076
f 6077 6078 6079
f 6080 6081 6082
f 6083 6084 6085
f 6086 6087 6088
f 6089 6090 6091
f 6092 6093 6094
f 6095 6096 6097
f 6098 6099 6100
f 6101 6102 6103
f 6104 6105 6106
f 6107 6108 6109
f 6110 6111 6103
f 6112 6113 6114
f 6114 6115 6116
f 6117 6118 6119
f 6120 6121 6119
f 6122 6123 6124
f 6125 6126 6123
f 6127 6128 6129
f 6122 6130 6131
f 6132 6133 6134
f 6129 6133 6135
f 6136 6137 6138
f 6139 6136 6140
f 6141 6142 6143
f 6144 6141 6138
f 6145 6146 6147
f 6148 6145 6143
f 6149 6150 6151
f 6152 6149 6147
f 6153 6154 6155
f 6154 6153 6156
f 6157 6155 6158
f 6154 6158 6155
f 6159 6160 6157
f 6157 6158 6159
f 6160 6161 6162
f 6161 6160 6159
f 6163 6162 6164
f 6161 6164 6162
f 6165 6166 6163
f 6163 6164 6165
f 6166 6167 6168
f 6167 6166 6165
f 6169 6168 6170
f 6167 6170 6168
f 6171 6172 6169
f 6169 6170 6171
f 6172 6173 6174
f 6173 6172 6171
f 6175 6174 6176
f 6173 6176 6174
f 6177 6178 6175
f 6175 6176 6177
f 6178 6179 6180
f 6179 6178 6177
f 6181 6180 6182
f 6179 6182 6180
f 6183 6184 6181
f 6181 6182 6183
f 6184 6185 6186
f 6185 6184 6183
f 6187 6186 6188
f 6185 6188 6186
f 6189 6190 6187
f 6187 6188 6189
f 6190 6191 6192
f 6191 6190 6189
f 6193 6192 6194
f 6191 6194 6192
f 6195 6196 6193
f 6193 6194 6195
f 6196 6197 6198
f 6197 6196 6195
f 6199 6198 6200
f 6197 6200 6198
f 6201 6202 6199
f 6199 6200 6201
f 6202 6203 6204
f 6203 6202 6201
f 6205 6204 6206
f 6203 6206 6204
f 6207 6208 6205
f 6205 6206 6207
f 6208 6209 6210
f 6209 6208 6207
f 6211 6210 6212
f 6209 6212 6210
f 6213 6214 6211
f 6211 6212 6213
f 6214 6215 6216
f 6215 6214 6213
f 6217 6216 6218
f 6215 6218 6216
f 6151 6156 6153
f 6217 6218 6219
f 6093 6085 6094
f 6151 6150 6156
f 6149 6152 6150
f 6146 6152 6147
f 6139 6137 6136
f 6142 6148 6143
f 6145 6148 6146
f 6131 6128 6127
f 6137 6144 6138
f 6141 6144 6142
f 6139 6140 6134
f 6132 6135 6133
f 6140 6132 6134
f 6127 6129 6135
f 6128 6131 6130
f 6130 6122 6124
f 6125 6117 6126
f 6123 6126 6124
f 6118 6120 6119
f 6117 6125 6118
f 6113 6112 6121
f 6121 6120 6113
f 6112 6114 6116
f 6115 6109 6108
f 6108 6116 6115
f 6111 6107 6109
f 6102 6110 6103
f 6111 6110 6107
f 6098 6100 6096
f 6105 6101 6106
f 6101 6105 6102
f 6095 6104 6106
f 6096 6100 6097
f 6104 6095 6097
f 6089 6099 6090
f 6099 6098 6090
f 6093 6092 6091
f 6092 6089 6091
f 6087 6084 6083
f 6084 6094 6085
f 6083 6088 6087
f 6078 6080 6082
f 6077 6086 6088
f 6078 6082 6079
f 6086 6077 6079
f 6073 6074 6071
f 6080 6072 6081
f 6071 6081 6072
f 6220 6076 6075
f 6075 6074 6073
f 6220 6067 6076
f 6053 6058 6221
f 6065 6070 6066
f 6220 6065 6067
f 6068 6059 6069
f 6066 6070 6069
f 6061 6222 6062
f 6060 6222 6061
f 6059 6068 6060
f 6064 6063 6055
f 6063 6062 6222
f 6221 6054 6053
f 6055 6054 6064
f 6056 6047 6057
f 6221 6058 6057
f 6049 6048 6223
f 6047 6056 6048
f 6051 6050 6223
f 6050 6049 6223
f 6052 6043 6042
f 6043 6052 6051
f 6224 6042 6041
f 6224 6046 6045
f 6041 6046 6224
f 6039 6038 6037
f 6036 6225 6044
f 6045 6044 6225
f 6035 6037 6038
f 6035 6225 6036
f 6226 6031 6040
f 6226 6040 6039
f 6023 6227 6024
f 6034 6030 6029
f 6226 6029 6031
f 6012 6021 6020
f 6033 6032 6227
f 6030 6034 6033
f 6227 6032 6024
f 6023 6025 6228
f 6027 6026 6228
f 6027 6228 6025
f 6019 6026 6028
f 6229 6018 6017
f 6028 6017 6019
f 6005 6230 6006
f 6022 6229 6020
f 6018 6229 6022
f 6011 6013 6231
f 6011 6021 6012
f 6015 6014 6231
f 6015 6231 6013
f 6016 6005 6007
f 6016 6007 6014
f 6006 6230 6010
f 6008 6000 6009
f 6010 6230 6008
f 6232 5999 6001
f 5999 6009 6000
f 6003 6232 6001
f 6004 5995 6002
f 6003 6002 6232
f 5998 5994 5993
f 6004 5993 5995
f 5997 5996 6233
f 5994 5998 5997
f 5988 5987 6233
f 6233 5996 5988
f 5990 5987 5989
f 5992 5991 5983
f 5991 5990 5989
f 5983 5982 5992
f 5984 5982 5981
f 5976 5975 6234
f 5979 5986 5985
f 5981 5985 5984
f 5978 5980 5977
f 5986 5979 5978
f 5977 5980 5975
f 6235 6236 6237
f 6238 6239 6235
f 6238 6240 6241
f 6242 6241 6240
f 6243 6244 6245
f 6246 6247 6248
f 6248 6249 6246
f 6250 6251 6252
f 6253 6254 6255
f 6256 6257 6258
f 6256 6258 6259
f 6260 6261 6262
f 6263 6261 6260
f 6264 6262 6261
f 6265 6266 6267
f 6265 6267 6268
f 6268 6269 6270
f 6270 6269 6271
f 6272 6271 6273
f 6274 6275 6276
f 6273 6276 6275
f 6277 6278 6274
f 6274 6276 6277
f 6278 6279 6280
f 6279 6278 6277
f 6281 6280 6282
f 6279 6282 6280
f 6283 6284 6281
f 6281 6282 6283
f 6284 6285 6286
f 6285 6284 6283
f 6287 6286 6288
f 6285 6288 6286
f 6289 6290 6287
f 6287 6288 6289
f 6272 6273 6275
f 6270 6271 6272
f 6267 6269 6268
f 6291 6266 6265
f 6266 6291 6264
f 6264 6291 6262
f 6292 6263 6260
f 6292 6293 6263
f 6292 6294 6293
f 6293 6294 6295
f 6295 6294 6296
f 6297 6295 6296
f 6298 6257 6297
f 6298 6297 6296
f 6298 6258 6257
f 6259 6299 6256
f 6300 6299 6255
f 6259 6255 6299
f 6254 6300 6255
f 6253 6250 6254
f 6253 6251 6250
f 6252 6251 6301
f 6301 6302 6252
f 6301 6303 6302
f 6304 6302 6303
f 6249 6304 6303
f 6248 6304 6249
f 6305 6247 6246
f 6306 6305 6307
f 6247 6305 6306
f 6308 6307 6244
f 6307 6308 6306
f 6243 6308 6244
f 6245 6242 6243
f 6245 6241 6242
f 6238 6235 6240
f 6239 6236 6235
f 6309 6310 6311
f 6312 6313 6314
f 6315 6316 6314
f 6317 6318 6319
f 6320 6321 6322
f 6323 6324 6325
f 6326 6325 6324
f 6327 6328 6329
f 6330 6331 6332
f 6333 6334 6335
f 6336 6334 6337
f 6336 6338 6339
f 6340 6339 6338
f 6341 6342 6343
f 6343 6344 6341
f 6344 6345 6346
f 6345 6347 6348
f 6347 6349 6350
f 6351 6352 6353
f 6354 6355 6356
f 6357 6358 6355
f 6357 6359 6360
f 6360 6358 6357
f 6359 6361 6362
f 6362 6360 6359
f 6363 6361 6364
f 6361 6363 6362
f 6364 6365 6363
f 6366 6365 6364
f 6366 6367 6365
f 6368 6367 6366
f 6368 6369 6367
f 6370 6369 6368
f 6371 6372 6370
f 6369 6370 6372
f 6372 6371 6373
f 6374 6372 6373
f 6374 6373 6375
f 6376 6374 6375
f 6376 6375 6377
f 6376 6377 6378
f 6379 6357 6355
f 6379 6355 6354
f 6353 6352 6356
f 6352 6354 6356
f 6351 6353 6380
f 6380 6350 6351
f 6380 6347 6350
f 6349 6347 6345
f 6345 6348 6346
f 6341 6344 6346
f 6342 6340 6343
f 6340 6342 6339
f 6336 6337 6338
f 6337 6334 6333
f 6333 6335 6381
f 6382 6333 6381
f 6382 6381 6332
f 6381 6330 6332
f 6332 6331 6383
f 6327 6383 6331
f 6383 6327 6329
f 6329 6328 6384
f 6385 6384 6328
f 6385 6326 6384
f 6385 6325 6326
f 6323 6386 6324
f 6323 6387 6386
f 6386 6387 6388
f 6389 6388 6387
f 6389 6390 6388
f 6322 6390 6391
f 6389 6391 6390
f 6322 6391 6320
f 6319 6321 6392
f 6320 6392 6321
f 6319 6392 6317
f 6316 6318 6317
f 6316 6315 6318
f 6313 6315 6314
f 6393 6309 6313
f 6393 6313 6312
f 6310 6309 6393
f 6394 6395 6396
f 6397 6398 6399
f 6398 6397 6400
f 6401 6402 6403
f 6404 6403 6405
f 6406 6407 6408
f 6402 6401 6408
f 6409 6410 6406
f 6411 6412 6413
f 6414 6415 6416
f 6417 6418 6419
f 6418 6415 6419
f 6420 6421 6422
f 6423 6422 6417
f 6424 6425 6426
f 6421 6420 6425
f 6427 6428 6429
f 6426 6429 6424
f 6430 6431 6432
f 6433 6434 6432
f 6435 6436 6437
f 6438 6439 6440
f 6438 6440 6441
f 6442 6443 6444
f 6445 6444 6443
f 6446 6447 6448
f 6449 6450 6451
f 6450 6448 6451
f 6452 6453 6454
f 6455 6456 6457
f 6458 6456 6455
f 6459 6460 6457
f 6461 6462 6463
f 6461 6463 6464
f 6465 6462 6466
f 6467 6468 6469
f 6470 6471 6469
f 6472 6473 6474
f 6468 6467 6473
f 6475 6472 6476
f 6477 6478 6479
f 6476 6478 6475
f 6480 6479 6481
f 6481 6482 6483
f 6484 6485 6486
f 6482 6486 6485
f 6484 6487 6488
f 6487 6484 6486
f 6489 6490 6488
f 6488 6487 6489
f 6490 6489 6491
f 6489 6492 6491
f 6492 6493 6491
f 6494 6493 6492
f 6495 6493 6496
f 6494 6496 6493
f 6495 6497 6498
f 6497 6495 6496
f 6497 6499 6498
f 6499 6500 6498
f 6500 6501 6502
f 6501 6500 6499
f 6501 6503 6502
f 6503 6504 6502
f 6504 6505 6506
f 6505 6504 6503
f 6505 6507 6506
f 6507 6508 6506
f 6508 6509 6510
f 6509 6508 6507
f 6511 6512 6510
f 6510 6509 6511
f 6513 6512 6511
f 6514 6512 6513
f 6515 6516 6514
f 6514 6513 6515
f 6517 6516 6515
f 6518 6516 6517
f 6519 6520 6518
f 6518 6517 6519
f 6521 6520 6519
f 6522 6520 6521
f 6523 6524 6522
f 6522 6521 6523
f 6525 6524 6523
f 6462 6461 6466
f 6482 6485 6483
f 6480 6481 6483
f 6478 6477 6475
f 6479 6480 6477
f 6474 6476 6472
f 6473 6467 6474
f 6468 6470 6469
f 6465 6471 6470
f 6460 6464 6463
f 6471 6465 6466
f 6459 6464 6460
f 6456 6459 6457
f 6454 6458 6455
f 6454 6453 6458
f 6453 6452 6449
f 6452 6450 6449
f 6451 6448 6447
f 6526 6527 6528
f 6446 6448 6526
f 6446 6526 6528
f 6528 6529 6530
f 6529 6528 6527
f 6529 6531 6530
f 6529 6445 6531
f 6531 6445 6443
f 6532 6533 6439
f 6444 6534 6442
f 6534 6533 6535
f 6535 6442 6534
f 6533 6532 6535
f 6532 6439 6438
f 6440 6536 6441
f 6536 6437 6537
f 6537 6441 6536
f 6437 6436 6537
f 6435 6538 6436
f 6538 6433 6436
f 6434 6430 6432
f 6433 6538 6434
f 6539 6431 6430
f 6427 6539 6428
f 6539 6427 6431
f 6429 6540 6427
f 6429 6426 6540
f 6425 6424 6541
f 6425 6541 6421
f 6423 6420 6422
f 6423 6417 6542
f 6417 6419 6542
f 6416 6415 6418
f 6416 6543 6414
f 6543 6411 6413
f 6413 6414 6543
f 6544 6413 6412
f 6545 6544 6412
f 6546 6545 6410
f 6544 6545 6546
f 6410 6409 6546
f 6406 6408 6409
f 6408 6407 6402
f 6403 6404 6401
f 6547 6404 6405
f 6400 6547 6405
f 6400 6397 6547
f 6548 6399 6398
f 6399 6548 6395
f 6394 6396 6549
f 6395 6548 6396
f 6550 6551 6552
f 6553 6554 6555
f 6554 6553 6556
f 6557 6558 6559
f 6560 6559 6558
f 6561 6562 6563
f 6564 6565 6562
f 6565 6564 6566
f 6567 6568 6569
f 6570 6571 6569
f 6572 6571 6573
f 6572 6574 6575
f 6575 6576 6577
f 6578 6577 6579
f 6580 6581 6582
f 6581 6583 6582
f 6584 6585 6586
f 6587 6588 6584
f 6589 6587 6590
f 6587 6589 6588
f 6591 6592 6590
f 6589 6590 6592
f 6591 6593 6594
f 6594 6592 6591
f 6594 6593 6595
f 6595 6593 6596
f 6597 6595 6596
f 6598 6597 6596
f 6598 6599 6597
f 6598 6600 6599
f 6599 6600 6601
f 6601 6600 6602
f 6603 6601 6602
f 6604 6603 6602
f 6604 6605 6603
f 6584 6588 6585
f 6586 6585 6583
f 6583 6581 6586
f 6582 6606 6580
f 6580 6606 6607
f 6607 6606 6578
f 6579 6607 6578
f 6579 6577 6576
f 6575 6574 6576
f 6574 6572 6573
f 6608 6573 6571
f 6571 6570 6608
f 6570 6569 6568
f 6609 6568 6567
f 6566 6609 6567
f 6566 6564 6609
f 6562 6565 6563
f 6561 6610 6562
f 6610 6561 6611
f 6612 6610 6611
f 6611 6613 6612
f 6612 6613 6560
f 6613 6559 6560
f 6558 6557 6614
f 6615 6616 6614
f 6615 6614 6557
f 6556 6616 6617
f 6616 6615 6617
f 6617 6554 6556
f 6618 6553 6555
f 6555 6619 6618
f 6618 6619 6550
f 6551 6550 6619
f 6552 6620 6621
f 6551 6620 6552
f 6621 6620 6622
f 6623 6624 6625
f 6626 6627 6628
f 6629 6630 6631
f 6632 6630 6629
f 6633 6634 6635
f 6634 6633 6636
f 6637 6638 6639
f 6640 6641 6642
f 6643 6644 6641
f 6645 6646 6647
f 6648 6649 6645
f 6650 6651 6652
f 6653 6654 6650
f 6655 6656 6657
f 6658 6659 6660
f 6656 6655 6661
f 6662 6663 6660
f 6664 6665 6666
f 6667 6668 6669
f 6670 6671 6672
f 6673 6674 6675
f 6676 6677 6678
f 6675 6677 6673
f 6679 6680 6681
f 6680 6682 6683
f 6684 6685 6686
f 6687 6688 6689
f 6688 6690 6691
f 6692 6693 6694
f 6695 6696 6693
f 6697 6698 6699
f 6700 6701 6697
f 6702 6703 6700
f 6703 6702 6704
f 6705 6704 6706
f 6702 6706 6704
f 6705 6706 6707
f 6705 6707 6708
f 6709 6708 6710
f 6707 6710 6708
f 6709 6711 6712
f 6711 6709 6710
f 6711 6713 6712
f 6713 6714 6712
f 6715 6714 6713
f 6716 6714 6715
f 6716 6715 6717
f 6716 6718 6719
f 6718 6716 6717
f 6720 6721 6719
f 6719 6718 6720
f 6722 6721 6720
f 6723 6721 6722
f 6723 6722 6724
f 6723 6725 6726
f 6725 6723 6724
f 6727 6728 6726
f 6726 6725 6727
f 6729 6728 6730
f 6727 6730 6728
f 6729 6731 6732
f 6731 6729 6730
f 6733 6734 6732
f 6732 6731 6733
f 6735 6734 6736
f 6733 6736 6734
f 6736 6737 6735
f 6738 6737 6736
f 6739 6737 6738
f 6739 6738 6740
f 6700 6703 6741
f 6701 6698 6697
f 6701 6700 6741
f 6691 6690 6694
f 6696 6699 6698
f 6696 6695 6699
f 6687 6686 6685
f 6693 6692 6695
f 6690 6692 6694
f 6686 6687 6689
f 6691 6689 6688
f 6679 6682 6680
f 6685 6684 6683
f 6742 6743 6681
f 6683 6684 6680
f 6679 6681 6743
f 6744 6678 6677
f 6743 6742 6678
f 6678 6744 6743
f 6676 6673 6677
f 6674 6745 6675
f 6670 6745 6671
f 6745 6674 6671
f 6746 6670 6672
f 6747 6668 6746
f 6747 6746 6672
f 6669 6668 6747
f 6664 6748 6665
f 6667 6749 6666
f 6669 6749 6667
f 6666 6749 6664
f 6662 6665 6748
f 6659 6658 6661
f 6660 6663 6658
f 6663 6662 6748
f 6659 6661 6655
f 6656 6750 6657
f 6751 6657 6750
f 6751 6652 6651
f 6652 6751 6750
f 6654 6651 6650
f 6653 6752 6654
f 6646 6645 6649
f 6752 6653 6753
f 6753 6647 6754
f 6754 6752 6753
f 6647 6646 6754
f 6648 6755 6649
f 6756 6757 6755
f 6755 6648 6756
f 6758 6757 6756
f 6757 6758 6759
f 6759 6760 6757
f 6761 6760 6759
f 6762 6761 6763
f 6760 6761 6762
f 6763 6761 6764
f 6763 6764 6765
f 6765 6766 6642
f 6766 6765 6764
f 6766 6640 6642
f 6640 6643 6641
f 6643 6767 6644
f 6768 6644 6767
f 6768 6638 6637
f 6638 6768 6767
f 6769 6637 6639
f 6769 6639 6770
f 6636 6770 6634
f 6769 6770 6636
f 6633 6635 6771
f 6772 6771 6635
f 6772 6629 6631
f 6772 6631 6771
f 6773 6630 6632
f 6632 6774 6773
f 6773 6774 6626
f 6628 6775 6776
f 6775 6628 6627
f 6627 6626 6774
f 6775 6777 6776
f 6777 6778 6776
f 6779 6624 6623
f 6776 6778 6625
f 6625 6778 6623
f 6780 6781 6782
f 6783 6784 6785
f 6786 6787 6788
f 6789 6790 6791
f 6792 6790 6789
f 6793 6794 6795
f 6796 6785 6797
f 6795 6785 6793
f 6798 6799 6800
f 6801 6802 6803
f 6804 6801 6805
f 6806 6807 6808
f 6809 6802 6807
f 6810 6811 6812
f 6813 6814 6815
f 6816 6812 6814
f 6817 6818 6819
f 6820 6821 6822
f 6817 6819 6821
f 6823 6824 6825
f 6826 6827 6828
f 6829 6830 6831
f 6832 6833 6834
f 6835 6834 6833
f 6836 6837 6838
f 6839 6840 6841
f 6841 6842 6839
f 6843 6844 6845
f 6846 6845 6847
f 6848 6849 6850
f 6849 6851 6852
f 6853 6854 6855
f 6856 6857 6858
f 6856 6858 6859
f 6860 6859 6861
f 6862 6863 6864
f 6865 6866 6867
f 6868 6867 6869
f 6867 6870 6865
f 6870 6871 6872
f 6873 6874 6875
f 6874 6876 6875
f 6877 6874 6878
f 6879 6877 6878
f 6880 6878 6881
f 6882 6881 6883
f 6879 6878 6880
f 6882 6883 6884
f 6885 6884 6883
f 6883 6886 6885
f 6886 6887 6888
f 6886 6889 6890
f 6886 6890 6887
f 6891 6892 6889
f 6893 6891 6889
f 6894 6893 6895
f 6894 6891 6893
f 6896 6897 6898
f 6897 6896 6899
f 6893 6896 6898
f 6900 6896 6901
f 6896 6900 6899
f 6900 6901 6902
f 6903 6904 6901
f 6903 6905 6906
f 6907 6906 6905
f 6908 6907 6905
f 6909 6910 6911
f 6911 6912 6913
f 6908 6911 6910
f 6909 6911 6913
f 6914 6911 6915
f 6916 6914 6917
f 6895 6893 6898
f 6901 6904 6902
f 6886 6888 6885
f 6892 6890 6889
f 6883 6881 6878
f 6874 6873 6918
f 6874 6877 6876
f 6870 6919 6871
f 6918 6919 6870
f 6863 6868 6864
f 6872 6865 6870
f 6867 6866 6869
f 6863 6862 6920
f 6861 6921 6860
f 6861 6920 6922
f 6921 6861 6922
f 6829 6826 6923
f 6857 6924 6858
f 6858 6924 6925
f 6926 6855 6925
f 6853 6855 6926
f 6850 6854 6927
f 6928 6850 6927
f 6848 6850 6928
f 6848 6851 6849
f 6929 6841 6840
f 6846 6847 6930
f 6852 6847 6849
f 6930 6847 6852
f 6843 6845 6846
f 6845 6844 6840
f 6844 6929 6840
f 6837 6839 6931
f 6839 6842 6931
f 6836 6832 6837
f 6837 6931 6838
f 6836 6932 6832
f 6833 6832 6932
f 6827 6826 6834
f 6835 6827 6834
f 6933 6820 6822
f 6826 6828 6923
f 6830 6829 6923
f 6934 6824 6831
f 6825 6824 6934
f 6824 6823 6935
f 6822 6935 6936
f 6822 6936 6933
f 6937 6819 6818
f 6815 6937 6938
f 6939 6813 6815
f 6939 6815 6938
f 6816 6940 6812
f 6940 6810 6812
f 6811 6941 6812
f 6942 6943 6944
f 6942 6941 6945
f 6942 6945 6943
f 6946 6942 6947
f 6944 6947 6942
f 6808 6946 6948
f 6948 6949 6808
f 6807 6802 6808
f 6949 6806 6808
f 6802 6950 6803
f 6802 6809 6950
f 6801 6804 6951
f 6801 6803 6805
f 6799 6801 6951
f 6800 6799 6951
f 6783 6798 6952
f 6799 6798 6783
f 6784 6783 6953
f 6952 6953 6783
f 6785 6796 6793
f 6797 6785 6784
f 6789 6795 6792
f 6794 6792 6795
f 6781 6780 6791
f 6789 6791 6780
f 6954 6782 6955
f 6954 6955 6956
f 6954 6780 6782
f 6957 6954 6956
f 6788 6957 6958
f 6957 6788 6954
f 6788 6958 6959
f 6960 6961 6962
f 6905 6911 6908
f 6913 6912 6963
f 6963 6912 6964
f 6786 6788 6959
f 6789 6965 6795
f 6966 6812 6967
f 6858 6925 6968
f 6969 6970 6870
f 6971 6874 6972
f 6973 6903 6901
f 6905 6903 6973
f 6916 6964 6912
f 6821 6974 6822
f 6975 6826 6976
f 6977 6911 6905
f 6978 6780 6954
f 6965 6979 6795
f 6979 6980 6785
f 6979 6785 6795
f 6980 6981 6783
f 6783 6785 6980
f 6981 6982 6799
f 6982 6801 6799
f 6799 6783 6981
f 6962 6802 6801
f 6983 6808 6802
f 6984 6985 6808
f 6985 6986 6946
f 6986 6987 6942
f 6946 6808 6985
f 6987 6988 6942
f 6942 6946 6986
f 6988 6989 6941
f 6989 6967 6812
f 6941 6942 6988
f 6812 6941 6989
f 6966 6815 6814
f 6812 6966 6814
f 6990 6819 6937
f 6937 6815 6990
f 6819 6974 6821
f 6991 6824 6935
f 6822 6991 6935
f 6992 6829 6831
f 6831 6824 6992
f 6993 6834 6975
f 6994 6832 6993
f 6995 6837 6994
f 6996 6839 6995
f 6997 6855 6854
f 6854 6850 6997
f 6998 6858 6999
f 6855 6968 6925
f 6998 6861 6859
f 6858 6998 6859
f 7000 6863 6920
f 6920 6861 7000
f 7001 6867 6868
f 6868 6863 7001
f 6970 7002 6870
f 6867 6969 6870
f 7002 6972 6918
f 7003 6878 7004
f 6918 6870 7002
f 6971 7004 6874
f 6874 6918 6972
f 7005 7006 6883
f 6878 6874 7004
f 7005 6883 6878
f 7007 7008 6886
f 7008 7009 6886
f 6886 6883 7007
f 7009 7010 6889
f 6889 6886 7009
f 7010 7011 6893
f 7010 6893 6889
f 7011 7012 6896
f 6896 6893 7011
f 7012 6973 6901
f 7012 6901 6896
f 6911 6977 6915
f 6954 7013 6978
f 6787 6954 6788
f 6787 7013 6954
f 6961 7014 6983
f 6987 6986 7015
f 6970 6969 7016
f 6971 6972 7017
f 6789 7018 6965
f 7018 6789 6780
f 6984 7014 7019
f 6822 7020 6991
f 6822 6974 7020
f 6829 7021 6976
f 6829 6992 7021
f 6826 6829 6976
f 6834 6826 6975
f 6832 6834 6993
f 6837 6832 6994
f 6840 6996 7022
f 6839 6837 6995
f 6845 7022 7023
f 6840 6839 6996
f 6847 7023 7024
f 6845 6840 7022
f 6849 7024 7025
f 6847 6845 7023
f 6850 7025 6997
f 6849 6847 7024
f 7025 6850 6849
f 6858 6968 6999
f 7026 7001 6863
f 7027 6977 6905
f 7027 6905 6973
f 6912 6914 6916
f 6911 6914 6912
f 7028 6787 6786
f 6787 7029 7013
f 6978 7030 6780
f 7031 6915 6977
f 7032 7031 6977
f 6780 7030 7018
f 6979 6965 7033
f 6979 7033 6980
f 6981 6980 7034
f 6981 7034 7035
f 6981 7035 6982
f 6801 6982 6960
f 6801 6960 6962
f 6802 6962 6961
f 6802 6961 6983
f 6808 6983 7014
f 6808 7014 6984
f 6985 6984 7019
f 6985 7019 6986
f 6986 7036 7015
f 6988 6987 7015
f 6988 7015 6989
f 6989 7037 6967
f 6966 6967 7038
f 7038 6815 6966
f 6990 7039 6819
f 6819 7040 6974
f 7021 6992 7041
f 6997 7042 6855
f 6855 7043 6968
f 6968 7044 6999
f 6863 7045 7026
f 7026 6867 7001
f 7002 6970 7016
f 7002 7016 6972
f 6971 7017 7004
f 7004 7017 7003
f 6878 7003 7005
f 7005 7003 7006
f 6883 7006 7007
f 7007 7006 7008
f 7010 7009 7046
f 7046 7047 7010
f 7010 7047 7011
f 7012 7011 7048
f 7012 7048 6973
f 6977 7027 7032
f 7028 7029 6787
f 7013 7030 6978
f 7018 7049 6965
f 7049 7033 6965
f 7033 7050 6980
f 7050 7034 6980
f 7035 6960 6982
f 7036 6986 7019
f 7037 6989 7015
f 7037 7038 6967
f 7051 6815 7038
f 7039 6815 7051
f 7039 6990 6815
f 7039 7040 6819
f 7040 7020 6974
f 7052 6824 6991
f 7041 6824 7052
f 7041 6992 6824
f 7042 6997 7025
f 7042 7043 6855
f 7043 7044 6968
f 7053 6998 6999
f 7053 6861 6998
f 7000 6861 7053
f 7000 7045 6863
f 6969 6867 7026
f 7008 7046 7009
f 7047 7054 7011
f 7054 7048 7011
f 7048 7055 6973
f 7055 7027 6973
f 7031 6914 6915
