# Exported from USD: /World/gantry/gantry_home/ur10_flattened/ur10_instanceable/forearm_link/ur10_forearm/ID71_001SVM
mtllib ID71_001SVM.mtl

g ID71_001SVM
v 3.94456597 -0.30445944 0.28873970
v 3.94495740 -0.30379640 0.28922462
v 3.94493326 -0.30445944 0.28919852
v 3.94462504 -0.30380320 0.28882825
v 3.94439646 -0.30380933 0.28821931
v 3.94439146 -0.30445944 0.28807188
v 3.94446012 -0.30445944 0.28755370
v 3.94445697 -0.30380736 0.28756029
v 3.94467171 -0.30445944 0.28709045
v 3.94472500 -0.30380100 0.28701137
v 3.94527640 -0.30445945 0.28654549
v 3.94541461 -0.30378972 0.28648375
v 3.94599958 -0.30445944 0.28639462
v 3.94599983 -0.30378698 0.28639994
v 3.94541748 -0.30445944 0.28950263
v 3.94540121 -0.30379034 0.28948784
v 3.94599899 -0.30378660 0.28961519
v 3.94599952 -0.30445944 0.28960539
v 3.94440010 -0.30380938 0.28792255
v 3.94759979 -0.30380943 0.28800021
v 3.94758568 -0.30380901 0.28822615
v 3.94440582 -0.30380908 0.28814780
v 3.94444212 -0.30380781 0.28837574
v 3.94758560 -0.30380901 0.28777554
v 3.94442782 -0.30380837 0.28770651
v 3.94743276 -0.30380497 0.28728722
v 3.94468083 -0.30380200 0.28709182
v 3.94732035 -0.30380225 0.28709306
v 3.94456782 -0.30380454 0.28728744
v 3.94751902 -0.30380720 0.28749366
v 3.94497224 -0.30379631 0.28677162
v 3.94701834 -0.30379602 0.28676353
v 3.94718381 -0.30379927 0.28692331
v 3.94481779 -0.30379924 0.28692222
v 3.94521770 -0.30379252 0.28660112
v 3.94677766 -0.30379224 0.28659979
v 3.94650813 -0.30378920 0.28648088
v 3.94577959 -0.30378743 0.28641305
v 3.94629479 -0.30378773 0.28642698
v 3.94607635 -0.30378752 0.28640000
v 3.94549299 -0.30378950 0.28647995
v 3.94448104 -0.30380672 0.28749489
v 3.94751813 -0.30380717 0.28851010
v 3.94453283 -0.30380533 0.28864557
v 3.94731989 -0.30380226 0.28890686
v 3.94743182 -0.30380498 0.28871362
v 3.94476493 -0.30380022 0.28901975
v 3.94463881 -0.30380292 0.28884251
v 3.94718281 -0.30379926 0.28907744
v 3.94701847 -0.30379610 0.28923587
v 3.94492181 -0.30379717 0.28918239
v 3.94509401 -0.30379427 0.28932061
v 3.94684281 -0.30379322 0.28936020
v 3.94664881 -0.30379063 0.28946409
v 3.94549181 -0.30378940 0.28951821
v 3.94528677 -0.30379172 0.28943191
v 3.94622101 -0.30378724 0.28958642
v 3.94643781 -0.30378866 0.28953905
v 3.94577732 -0.30378728 0.28958588
v 3.94599982 -0.30378698 0.28959993
v 3.94727476 -0.30380113 0.28898860
v 3.94756713 -0.30380848 0.28836841
v 3.94726076 -0.30445944 0.28901620
v 3.94758978 -0.30445944 0.28827523
v 3.94757462 -0.30380874 0.28763142
v 3.94676658 -0.30379198 0.28941391
v 3.94600006 -0.30445944 0.28960531
v 3.94600119 -0.30378626 0.28962446
v 3.94660339 -0.30445944 0.28949619
v 3.94754571 -0.30445944 0.28753812
v 3.94729066 -0.30380153 0.28704665
v 3.94726691 -0.30445944 0.28701580
v 3.94692500 -0.30379431 0.28668424
v 3.94688949 -0.30445944 0.28666011
v 3.94636716 -0.30378793 0.28643232
v 3.94636739 -0.30445944 0.28643563
v 3.94599983 -0.30445944 0.28639994
v 3.94599983 -0.30378698 0.28639994
v 3.94599982 -0.30472384 0.28484994
v 3.94899984 -0.30445944 0.28484993
v 3.94599982 -0.30445944 0.28484994
v 3.94899984 -0.30472384 0.28484993
v 3.94541778 -0.30445944 0.28490425
v 3.94556077 -0.30445944 0.28646118
v 3.94513580 -0.30445944 0.28497095
v 3.94317880 -0.30445944 0.28659749
v 3.94450780 -0.30445944 0.28742153
v 3.94306281 -0.30445944 0.28686217
v 3.94331976 -0.30445944 0.28634431
v 3.94460388 -0.30445944 0.28721493
v 3.94297078 -0.30445944 0.28713619
v 3.94444099 -0.30445944 0.28763446
v 3.94290378 -0.30445944 0.28741910
v 3.94367078 -0.30445944 0.28587904
v 3.94477011 -0.30445944 0.28697377
v 3.94348380 -0.30445944 0.28610455
v 3.94286379 -0.30445944 0.28770695
v 3.94440683 -0.30445944 0.28785095
v 3.94387778 -0.30445944 0.28567244
v 3.94497890 -0.30445944 0.28676575
v 3.94410380 -0.30445944 0.28548448
v 3.94284978 -0.30445944 0.28800141
v 3.94439974 -0.30445944 0.28807050
v 3.94297078 -0.30445944 0.28886440
v 3.94442680 -0.30445944 0.28829496
v 3.94448003 -0.30445944 0.28850591
v 3.94286379 -0.30445944 0.28829326
v 3.94459679 -0.30445944 0.28517973
v 3.94515880 -0.30445944 0.28663878
v 3.94434281 -0.30445944 0.28532066
v 3.94486078 -0.30445944 0.28506304
v 3.94535467 -0.30445944 0.28653406
v 3.94317981 -0.30445944 0.28940341
v 3.94306281 -0.30445944 0.28913867
v 3.94467982 -0.30445944 0.28890705
v 3.94367078 -0.30445944 0.29012102
v 3.94348481 -0.30445944 0.28989690
v 3.94331977 -0.30445944 0.28965619
v 3.94456681 -0.30445944 0.28871229
v 3.94410381 -0.30445944 0.29051558
v 3.94503679 -0.30445944 0.28927763
v 3.94434479 -0.30445944 0.29067973
v 3.94513681 -0.30445944 0.29102936
v 3.94486179 -0.30445944 0.29093721
v 3.94542082 -0.30445944 0.28949170
v 3.94578500 -0.30445944 0.28485572
v 3.94599983 -0.30445944 0.28639994
v 3.94577750 -0.30445944 0.28641385
v 3.94650805 -0.30445944 0.28648114
v 3.94622159 -0.30445944 0.28641373
v 3.94678075 -0.30445944 0.28660127
v 3.94899984 -0.30445944 0.28484993
v 3.94758565 -0.30445944 0.28822529
v 3.94899986 -0.30445944 0.29114993
v 3.94751855 -0.30445944 0.28850913
v 3.94607254 -0.30445944 0.28959997
v 3.94636424 -0.30445944 0.28955954
v 3.94578566 -0.30445944 0.29114418
v 3.94657779 -0.30445944 0.28949199
v 3.94677689 -0.30445944 0.28940046
v 3.94713343 -0.30445944 0.28913092
v 3.94696381 -0.30445944 0.28927705
v 3.94727681 -0.30445944 0.28896432
v 3.94739999 -0.30445944 0.28877738
v 3.94759979 -0.30445944 0.28792981
v 3.94751771 -0.30445944 0.28748885
v 3.94757279 -0.30445944 0.28770596
v 3.94739822 -0.30445944 0.28722002
v 3.94723048 -0.30445944 0.28697461
v 3.94702335 -0.30445944 0.28676835
v 3.94290378 -0.30445944 0.28858220
v 3.94486632 -0.30445944 0.28913154
v 3.94387981 -0.30445944 0.29032925
v 3.94522383 -0.30445944 0.28940102
v 3.94459780 -0.30445944 0.29082049
v 3.94563385 -0.30445944 0.28955924
v 3.94541778 -0.30445944 0.29109584
v 3.94585081 -0.30445944 0.28959288
v 3.94599982 -0.30472384 0.29114994
v 3.94599982 -0.30445944 0.29114994
v 3.94899986 -0.30445944 0.29114993
v 3.94899986 -0.30472384 0.29114993
v 3.94599946 -0.30472338 0.29115672
v 3.94504466 -0.30473105 0.29101794
v 3.94599929 -0.30445943 0.29116063
v 3.94496109 -0.30445946 0.29099076
v 3.94416347 -0.30475285 0.29056961
v 3.94396594 -0.30445954 0.29042477
v 3.94283548 -0.30445942 0.28784604
v 3.94299719 -0.30445948 0.28900217
v 3.94283995 -0.30479879 0.28808162
v 3.94304821 -0.30478876 0.28915093
v 3.94339344 -0.30445942 0.28977671
v 3.94355729 -0.30477382 0.29000211
v 3.94295069 -0.30479257 0.28715657
v 3.94306257 -0.30445946 0.28684072
v 3.94330778 -0.30478085 0.28635726
v 3.94354918 -0.30445946 0.28599706
v 3.94383778 -0.30476441 0.28569098
v 3.94443061 -0.30445947 0.28524980
v 3.94477626 -0.30473605 0.28508011
v 3.94525434 -0.30445944 0.28493637
v 3.94599864 -0.30472250 0.28482757
v 3.94599929 -0.30445944 0.28483929
v 3.88394035 -0.22130381 0.23001307
v 3.88337583 -0.22169766 0.23000386
v 3.88382179 -0.22124666 0.23001076
v 3.88355781 -0.22133437 0.23000626
v 3.88363177 -0.22126956 0.23000746
v 3.88372380 -0.22123676 0.23000897
v 3.88429744 -0.22166299 0.23002197
v 3.88489343 -0.22249750 0.23004052
v 3.88308973 -0.22354047 0.22999892
v 3.88317580 -0.22273817 0.23000196
v 3.88327337 -0.22211606 0.23000249
v 3.88705129 -0.22402652 0.23016337
v 3.88618446 -0.22548691 0.23010219
v 3.88666058 -0.22412403 0.23013529
v 3.89002091 -0.24460951 0.23002562
v 3.88652075 -0.24508946 0.23012584
v 3.88587702 -0.24337352 0.23008695
v 3.88539452 -0.24195679 0.23006223
v 3.88470686 -0.23969553 0.23003468
v 3.88431031 -0.23821370 0.23002218
v 3.88612295 -0.23575901 0.23000733
v 3.88370026 -0.23549552 0.23000857
v 3.88394333 -0.23665685 0.23001289
v 3.88328201 -0.23308871 0.23000290
v 3.88347561 -0.23429084 0.23000540
v 3.88284791 -0.22813016 0.22999224
v 3.88731474 -0.23077750 0.23010218
v 3.88311351 -0.23184532 0.23000161
v 3.88298262 -0.23063589 0.23000051
v 3.88638968 -0.22415800 0.23011748
v 3.88551975 -0.22338676 0.23006856
v 3.88300491 -0.22480750 0.23000224
v 3.88348437 -0.22144029 0.23000525
v 3.88409556 -0.22143610 0.23001670
v 3.88294465 -0.22621632 0.22999784
v 3.88607056 -0.22409192 0.23009791
v 3.88287497 -0.22722676 0.23000007
v 3.88619090 -0.22414714 0.23010318
v 3.89038480 -0.23020503 0.23032143
v 3.88944126 -0.22306203 0.23038863
v 3.89171393 -0.22427677 0.23066127
v 3.88503892 -0.24083155 0.23004698
v 3.88723338 -0.24680942 0.23017740
v 3.89074994 -0.24680924 0.23008008
v 3.89321512 -0.24318148 0.23001020
v 3.89059258 -0.23638553 0.23010213
v 3.89520968 -0.23634271 0.23032041
v 3.89549495 -0.24061315 0.23010213
v 3.90336818 -0.24343512 0.23009784
v 3.89575524 -0.24680875 0.23000867
v 3.90450752 -0.24680940 0.22999829
v 3.90586067 -0.24076726 0.23031884
v 3.90051598 -0.23954437 0.23032049
v 3.91716725 -0.22026821 0.23632917
v 3.91805334 -0.21767865 0.23758972
v 3.92068303 -0.21839721 0.23758283
v 3.93024875 -0.19895884 0.25331196
v 3.93168403 -0.19756311 0.25547447
v 3.93135591 -0.19986527 0.25332194
v 3.92564476 -0.20384493 0.24728360
v 3.92767818 -0.20253422 0.24921537
v 3.92745239 -0.20514094 0.24728557
v 3.93781867 -0.19025619 0.26974826
v 3.93677117 -0.19088126 0.26701279
v 3.93737622 -0.19033397 0.26867283
v 3.93951484 -0.18833612 0.27614100
v 3.94008287 -0.18772578 0.27964766
v 3.93976286 -0.18830541 0.27745268
v 3.94061955 -0.18717282 0.28485294
v 3.94070163 -0.18710906 0.28799994
v 3.94076839 -0.18757607 0.28799994
v 3.94066682 -0.18710917 0.28604546
v 3.93984379 -0.18797817 0.27807349
v 3.93927487 -0.18899424 0.27487111
v 3.93904408 -0.18876383 0.27423615
v 3.93862768 -0.18917068 0.27262974
v 3.93869909 -0.18982224 0.27226864
v 3.93598343 -0.19206120 0.26478707
v 3.93642439 -0.19277374 0.26477120
v 3.93519641 -0.19359952 0.26236320
v 3.92996360 -0.20145062 0.25123097
v 3.92873002 -0.20044300 0.25122028
v 3.92016334 -0.21262730 0.24044109
v 3.92231829 -0.21356844 0.24042469
v 3.92064399 -0.21574286 0.23895601
v 3.91633297 -0.22555274 0.23412823
v 3.91439885 -0.22229643 0.23518689
v 3.91790539 -0.22311845 0.23516984
v 3.92394174 -0.21145626 0.24199406
v 3.92257697 -0.21092236 0.24199437
v 3.94369996 -0.20364809 0.24925264
v 3.93457706 -0.20401392 0.24917339
v 3.93581171 -0.20225795 0.25118985
v 3.93794973 -0.19758534 0.25768583
v 3.93886485 -0.19623142 0.25997446
v 3.94369997 -0.19735883 0.25768704
v 3.94369979 -0.19266048 0.26721199
v 3.94040730 -0.19381804 0.26475052
v 3.94107546 -0.19277599 0.26721674
v 3.94206019 -0.19038403 0.27483544
v 3.94370087 -0.18979704 0.27731898
v 3.94369980 -0.19033333 0.27478515
v 3.93334425 -0.20773531 0.24540127
v 3.94370002 -0.20937980 0.24369258
v 3.93139334 -0.20975488 0.24363911
v 3.92595274 -0.22074593 0.23632056
v 3.94369996 -0.22041334 0.23635467
v 3.92664672 -0.22311087 0.23516737
v 3.90935428 -0.23558652 0.23111517
v 3.91136337 -0.23307389 0.23169030
v 3.94369984 -0.23546793 0.23112389
v 3.94369978 -0.24342579 0.23009827
v 3.94369978 -0.24680943 0.22999859
v 3.88288713 -0.22936142 0.23000028
v 3.89373380 -0.22947029 0.23066002
v 3.89497400 -0.22479302 0.23112030
v 3.89751310 -0.23397037 0.23065984
v 3.88765378 -0.22382397 0.23021186
v 3.88839859 -0.22352859 0.23028133
v 3.89782298 -0.22962111 0.23111974
v 3.90207100 -0.23324712 0.23111970
v 3.90592987 -0.23490005 0.23111799
v 3.90257377 -0.23701443 0.23065984
v 3.90807158 -0.23824822 0.23065336
v 3.94369978 -0.24073797 0.23031917
v 3.89187349 -0.22185121 0.23072863
v 3.89053423 -0.22253339 0.23053093
v 3.89954496 -0.21952704 0.23238967
v 3.89864874 -0.22521618 0.23169967
v 3.89703054 -0.22139231 0.23169239
v 3.94369978 -0.23801321 0.23066780
v 3.89404786 -0.22068589 0.23111932
v 3.90203435 -0.21766501 0.23320754
v 3.90106727 -0.22311024 0.23239821
v 3.90429050 -0.22693902 0.23239743
v 3.90661788 -0.23199531 0.23169974
v 3.90205634 -0.22926324 0.23169932
v 3.89633633 -0.21940538 0.23162605
v 3.89863969 -0.21806707 0.23223051
v 3.90860445 -0.22951902 0.23239815
v 3.90649266 -0.22464016 0.23321232
v 3.94369984 -0.23284898 0.23170495
v 3.90448267 -0.21580616 0.23414215
v 3.90687759 -0.21394036 0.23519162
v 3.90531755 -0.21802815 0.23413597
v 3.90709628 -0.22080063 0.23414245
v 3.90345473 -0.22103494 0.23321286
v 3.91325456 -0.23057312 0.23238230
v 3.91453451 -0.22799819 0.23320157
v 3.91353840 -0.22499564 0.23413518
v 3.94369978 -0.23022708 0.23241936
v 3.90176655 -0.21618329 0.23320804
v 3.90970356 -0.21363283 0.23633563
v 3.90811558 -0.21696480 0.23518651
v 3.91093845 -0.21581468 0.23633023
v 3.91080059 -0.22015128 0.23518542
v 3.91056544 -0.22707291 0.23321338
v 3.92545229 -0.22800485 0.23319821
v 3.94369983 -0.22774541 0.23322123
v 3.94369984 -0.22523258 0.23416073
v 3.90631229 -0.21332520 0.23500721
v 3.91289241 -0.21796613 0.23633950
v 3.91047866 -0.22367703 0.23414257
v 3.92789168 -0.22550789 0.23412936
v 3.91427184 -0.21521278 0.23760141
v 3.91262192 -0.21306869 0.23759066
v 3.91948104 -0.22073430 0.23632307
v 3.94369978 -0.22281392 0.23519562
v 3.90923608 -0.21142146 0.23642302
v 3.91476078 -0.21115329 0.23897237
v 3.91693867 -0.21374274 0.23896976
v 3.91641438 -0.21687278 0.23759013
v 3.91533375 -0.21955198 0.23632914
v 3.92771256 -0.21842301 0.23757666
v 3.94369984 -0.21802679 0.23764423
v 3.91179032 -0.21131195 0.23759814
v 3.91170431 -0.20978117 0.23776066
v 3.91415227 -0.20811528 0.23927009
v 3.91621489 -0.20668996 0.24066388
v 3.92077166 -0.20973970 0.24201066
v 3.91777659 -0.21060062 0.24044034
v 3.91891027 -0.20752885 0.24201309
v 3.91905350 -0.21512212 0.23895579
v 3.92271531 -0.21615640 0.23894900
v 3.92885608 -0.21614407 0.23894642
v 3.94369984 -0.21578128 0.23899822
v 3.91651017 -0.20864485 0.24042666
v 3.91823668 -0.20526830 0.24216156
v 3.92424226 -0.21395080 0.24041863
v 3.93073708 -0.21393586 0.24040947
v 3.94369991 -0.21356253 0.24047264
v 3.92017270 -0.20388517 0.24372847
v 3.92088712 -0.20579955 0.24367954
v 3.92251272 -0.20361317 0.24541990
v 3.92350388 -0.20513344 0.24543587
v 3.92259861 -0.20783348 0.24367649
v 3.92535622 -0.20670634 0.24543634
v 3.92426015 -0.20892348 0.24365913
v 3.92566777 -0.21180185 0.24198906
v 3.93189830 -0.21182084 0.24195978
v 3.94369978 -0.21148078 0.24199955
v 3.92206741 -0.20250905 0.24540332
v 3.92463017 -0.20253606 0.24726806
v 3.92551244 -0.20941333 0.24365907
v 3.92701799 -0.20970980 0.24366273
v 3.94369990 -0.20734736 0.24549237
v 3.92395491 -0.20111265 0.24724156
v 3.92638130 -0.20099622 0.24921924
v 3.92702556 -0.20744017 0.24541856
v 3.92854238 -0.20774006 0.24541619
v 3.92956907 -0.20580326 0.24726457
v 3.93326164 -0.20583224 0.24725379
v 3.94369996 -0.20547736 0.24731422
v 3.92600633 -0.19957688 0.24940310
v 3.92805726 -0.19954021 0.25121427
v 3.92941392 -0.20357280 0.24921818
v 3.93102617 -0.20396395 0.24920404
v 3.94369972 -0.20194384 0.25124104
v 3.93724383 -0.20059806 0.25327109
v 3.92900433 -0.19726964 0.25306306
v 3.92762155 -0.19858225 0.25123910
v 3.92953570 -0.19796441 0.25331245
v 3.93104352 -0.19667371 0.25547463
v 3.93121172 -0.20200605 0.25121364
v 3.93231536 -0.20222865 0.25121648
v 3.93247624 -0.20036728 0.25330468
v 3.93352063 -0.20057217 0.25331504
v 3.94370014 -0.20033741 0.25329034
v 3.93061288 -0.19600267 0.25530520
v 3.93267204 -0.19837238 0.25548334
v 3.93366773 -0.19881891 0.25546971
v 3.93461068 -0.19900594 0.25548316
v 3.93791617 -0.19903996 0.25543777
v 3.94369979 -0.19878512 0.25547434
v 3.93197353 -0.19491151 0.25739625
v 3.93245650 -0.19545543 0.25770859
v 3.93314011 -0.19636579 0.25771508
v 3.93419130 -0.19712693 0.25771615
v 3.93543614 -0.19752640 0.25771084
v 3.93348397 -0.19367486 0.25998498
v 3.93599822 -0.19155927 0.26510119
v 3.93400730 -0.19469123 0.26001078
v 3.93481136 -0.19549566 0.26001249
v 3.93556316 -0.19591781 0.25999827
v 3.93640651 -0.19616006 0.26000946
v 3.94370003 -0.19599051 0.26003947
v 3.93483950 -0.19254277 0.26260729
v 3.93580009 -0.19422679 0.26235793
v 3.93656196 -0.19468204 0.26236640
v 3.93762149 -0.19492761 0.26238629
v 3.94035401 -0.19494536 0.26233489
v 3.94369973 -0.19479857 0.26232841
v 3.93711467 -0.19145883 0.26723796
v 3.93708731 -0.19334358 0.26477255
v 3.93789889 -0.19369383 0.26477631
v 3.93868442 -0.19378950 0.26477842
v 3.94370033 -0.19368448 0.26471452
v 3.93766465 -0.19211812 0.26722722
v 3.93830659 -0.19252653 0.26722774
v 3.93915440 -0.19273967 0.26725347
v 3.93819775 -0.18957640 0.27117867
v 3.93810828 -0.19082861 0.26972274
v 3.93848975 -0.19125292 0.26972773
v 3.93904020 -0.19160961 0.26973006
v 3.93970628 -0.19179858 0.26975282
v 3.94111230 -0.19187040 0.26971910
v 3.94370003 -0.19178128 0.26966301
v 3.93901165 -0.19029271 0.27226862
v 3.93944307 -0.19067162 0.27226695
v 3.94005324 -0.19095049 0.27227762
v 3.94125774 -0.19107662 0.27225545
v 3.94370015 -0.19098279 0.27226007
v 3.93957605 -0.18958057 0.27485017
v 3.94002881 -0.19000182 0.27483925
v 3.94055810 -0.19025738 0.27485216
v 3.94118567 -0.19036049 0.27483291
v 3.93994900 -0.18881748 0.27743983
v 3.94026830 -0.18924867 0.27744825
v 3.94070258 -0.18956718 0.27743652
v 3.94116499 -0.18974025 0.27744296
v 3.94204416 -0.18982720 0.27743680
v 3.94035878 -0.18841131 0.28007407
v 3.94082072 -0.18897012 0.28007983
v 3.94143441 -0.18928783 0.28005955
v 3.94221851 -0.18938711 0.28006069
v 3.94369992 -0.18935806 0.28002559
v 3.94023879 -0.18758117 0.28070505
v 3.94040944 -0.18740003 0.28222379
v 3.94058218 -0.18795358 0.28270237
v 3.94085064 -0.18840682 0.28270724
v 3.94124456 -0.18876343 0.28270402
v 3.94181773 -0.18901712 0.28269066
v 3.94269844 -0.18907393 0.28269883
v 3.94369992 -0.18905865 0.28258467
v 3.94070127 -0.18759730 0.28534549
v 3.94095644 -0.18814484 0.28535614
v 3.94147464 -0.18862219 0.28534914
v 3.94203475 -0.18883825 0.28533799
v 3.94274863 -0.18888591 0.28534406
v 3.94370046 -0.18886675 0.28534003
v 3.94051483 -0.18728817 0.28336532
v 3.94112733 -0.18823308 0.28799994
v 3.94178959 -0.18869459 0.28799993
v 3.94246879 -0.18881613 0.28799993
v 3.94369974 -0.18880786 0.28799991
v 3.94172624 -0.30463326 0.28268973
v 3.94218507 -0.30423031 0.28005798
v 3.94238802 -0.30454591 0.28269446
v 3.94177612 -0.30493328 0.28799993
v 3.94193032 -0.30479574 0.28533807
v 3.94232508 -0.30481326 0.28799993
v 3.94282409 -0.30473102 0.28530854
v 3.94284990 -0.30479811 0.28799993
v 3.94286385 -0.30479000 0.28770906
v 3.94290980 -0.30479358 0.28736311
v 3.94369974 -0.30383460 0.27740034
v 3.94370081 -0.30425479 0.27996745
v 3.94218161 -0.30379267 0.27743712
v 3.94304767 -0.30478882 0.28689623
v 3.94334909 -0.30474628 0.28538133
v 3.94320216 -0.30478388 0.28655423
v 3.94335940 -0.30478102 0.28628704
v 3.94369962 -0.30455573 0.28257339
v 3.94354459 -0.30477308 0.28603031
v 3.94120928 -0.30530853 0.28799994
v 3.94142934 -0.30503381 0.28534607
v 3.94082620 -0.30524319 0.28270467
v 3.94123521 -0.30485949 0.28270522
v 3.94106176 -0.30534563 0.28535299
v 3.94079885 -0.30593309 0.28799994
v 3.94074669 -0.30587369 0.28534700
v 3.94064077 -0.30648076 0.28545781
v 3.94055476 -0.30573100 0.28270090
v 3.94069984 -0.30655129 0.28799986
v 3.94057783 -0.30640265 0.28423571
v 3.94048282 -0.30629605 0.28298699
v 3.94068584 -0.30653315 0.28674332
v 3.93680723 -0.30047424 0.26477038
v 3.93620242 -0.29911499 0.26236293
v 3.93755622 -0.30003639 0.26477234
v 3.93937357 -0.30299518 0.27226543
v 3.93895461 -0.30205066 0.26972796
v 3.93987127 -0.30272895 0.27226605
v 3.93143989 -0.29634134 0.25548204
v 3.92997898 -0.29497688 0.25332031
v 3.93115462 -0.29387846 0.25331841
v 3.93427129 -0.29860570 0.26001079
v 3.93401535 -0.29658590 0.25771509
v 3.93515005 -0.29790193 0.26001069
v 3.92903639 -0.29286694 0.25122910
v 3.93011529 -0.29208128 0.25121402
v 3.92712267 -0.29161943 0.24921439
v 3.92867834 -0.29039157 0.24921544
v 3.91855836 -0.28219492 0.24043880
v 3.91997183 -0.28465111 0.24201000
v 3.91667337 -0.28464639 0.24044228
v 3.91457284 -0.28281005 0.23895735
v 3.91393096 -0.27876467 0.23760109
v 3.91600049 -0.28078266 0.23896909
v 3.90841902 -0.27620182 0.23517736
v 3.91180868 -0.27670183 0.23633935
v 3.91016842 -0.27904122 0.23633056
v 3.90502335 -0.27618282 0.23414509
v 3.90518922 -0.27023971 0.23321201
v 3.90743501 -0.27243196 0.23414198
v 3.90936018 -0.28094431 0.23633749
v 3.90719236 -0.27868293 0.23519568
v 3.90264941 -0.27416511 0.23321362
v 3.89952517 -0.27412714 0.23239382
v 3.90081370 -0.27102770 0.23239422
v 3.89159954 -0.27162428 0.23068863
v 3.89450074 -0.27037917 0.23112245
v 3.89460570 -0.27323752 0.23122604
v 3.89273805 -0.26610513 0.23066005
v 3.89006365 -0.27085393 0.23046899
v 3.88895625 -0.27033445 0.23033808
v 3.88890243 -0.26889697 0.23032075
v 3.88763887 -0.26204561 0.23010215
v 3.88621903 -0.26818088 0.23010637
v 3.88287265 -0.26636994 0.22999536
v 3.88784129 -0.26986316 0.23022584
v 3.88704217 -0.26958966 0.23016222
v 3.88662065 -0.26948692 0.23013282
v 3.88633204 -0.26945929 0.23011392
v 3.88619477 -0.26947346 0.23010536
v 3.88609881 -0.26950896 0.23009965
v 3.88602162 -0.26958327 0.23009512
v 3.88559253 -0.27013169 0.23007213
v 3.88327248 -0.27150211 0.23000275
v 3.88317276 -0.27085916 0.23000186
v 3.88432563 -0.27191956 0.23002286
v 3.88370479 -0.27237876 0.23000867
v 3.88354577 -0.27226905 0.23000617
v 3.88347114 -0.27215417 0.23000520
v 3.88380278 -0.27237686 0.23001046
v 3.88337083 -0.27190344 0.23000386
v 3.88389380 -0.27234056 0.23001227
v 3.88361580 -0.27233776 0.23000716
v 3.88400061 -0.27226922 0.23001458
v 3.88414902 -0.27212781 0.23001804
v 3.88309200 -0.27009672 0.22999932
v 3.88300843 -0.26887522 0.22999423
v 3.88498152 -0.27099291 0.23004463
v 3.88293374 -0.26721685 0.23000085
v 3.91239709 -0.28094747 0.23759085
v 3.91165132 -0.28269743 0.23759758
v 3.93356389 -0.28391023 0.24364158
v 3.94369990 -0.28219475 0.24204395
v 3.94369984 -0.28427829 0.24372438
v 3.93110115 -0.28181185 0.24197720
v 3.93093825 -0.27968703 0.24040980
v 3.94038030 -0.30618679 0.28193024
v 3.94011923 -0.30453541 0.27745536
v 3.93950155 -0.30413959 0.27485964
v 3.94007273 -0.30358513 0.27485139
v 3.94128772 -0.30437559 0.28007190
v 3.94369933 -0.30478668 0.28584669
v 3.94015565 -0.30593028 0.27987984
v 3.94016506 -0.30581964 0.28003921
v 3.94029858 -0.30533147 0.28007052
v 3.94067260 -0.30478386 0.28007084
v 3.93983980 -0.30563715 0.27804715
v 3.93963423 -0.30543773 0.27694568
v 3.93983700 -0.30504885 0.27743771
v 3.93923511 -0.30475574 0.27485723
v 3.94055125 -0.30414281 0.27743788
v 3.94111772 -0.30388343 0.27745232
v 3.93924436 -0.30504353 0.27502021
v 3.93782850 -0.30338339 0.26977960
v 3.93858656 -0.30413214 0.27231222
v 3.93757095 -0.30344586 0.26915785
v 3.93887748 -0.30349091 0.27228001
v 3.93806173 -0.30285833 0.26972241
v 3.94076988 -0.30330813 0.27485618
v 3.94195296 -0.30323275 0.27483531
v 3.94370022 -0.30330117 0.27484297
v 3.93879082 -0.30460756 0.27324194
v 3.93831947 -0.30413749 0.27148738
v 3.93500818 -0.30121533 0.26292896
v 3.93493606 -0.30043790 0.26235443
v 3.93607815 -0.30213470 0.26531531
v 3.93820115 -0.30114329 0.26722812
v 3.93842527 -0.30242429 0.26972705
v 3.94052192 -0.30258983 0.27227193
v 3.94179388 -0.30255583 0.27226066
v 3.94370004 -0.30261232 0.27217498
v 3.93687930 -0.30283953 0.26732071
v 3.93758728 -0.30157131 0.26722836
v 3.93622210 -0.30111169 0.26477300
v 3.93958028 -0.30183816 0.26974170
v 3.94048371 -0.30082232 0.26721185
v 3.93912120 -0.29979994 0.26476025
v 3.94111259 -0.29982968 0.26475236
v 3.94094171 -0.30174077 0.26971669
v 3.94369986 -0.30184945 0.26970120
v 3.93716862 -0.30207337 0.26722087
v 3.93891866 -0.30091153 0.26724150
v 3.94370010 -0.30095208 0.26719248
v 3.93543072 -0.29973337 0.26236238
v 3.93818344 -0.29986890 0.26476483
v 3.93665643 -0.29300093 0.25326957
v 3.93667943 -0.29138944 0.25119428
v 3.94370015 -0.29166884 0.25123176
v 3.94369967 -0.29995343 0.26476226
v 3.93380668 -0.30020685 0.26056354
v 3.93367555 -0.29949710 0.26001665
v 3.93226667 -0.29894567 0.25787247
v 3.93246539 -0.29814623 0.25770043
v 3.93078865 -0.29776216 0.25559178
v 3.93301923 -0.29737812 0.25771361
v 3.92422397 -0.29189096 0.24727407
v 3.92248703 -0.29011401 0.24544850
v 3.92477621 -0.29084798 0.24726718
v 3.93719853 -0.29873629 0.26236548
v 3.93926241 -0.29863837 0.26233749
v 3.93593325 -0.29757043 0.25999852
v 3.93676515 -0.29743404 0.26002754
v 3.93954958 -0.29741854 0.25998410
v 3.93892176 -0.29606403 0.25768848
v 3.94369997 -0.29630204 0.25775462
v 3.94370020 -0.29883893 0.26236223
v 3.94369979 -0.29761223 0.26001296
v 3.92933543 -0.29608247 0.25331549
v 3.93248744 -0.29536670 0.25548467
v 3.93490227 -0.29621664 0.25770293
v 3.93581624 -0.29606916 0.25772746
v 3.92894084 -0.29629784 0.25296309
v 3.92792828 -0.29437832 0.25126943
v 3.93344862 -0.29487602 0.25547107
v 3.93441565 -0.29462646 0.25547373
v 3.93722220 -0.29456562 0.25544567
v 3.94369997 -0.29482235 0.25545614
v 3.93223174 -0.29333300 0.25330353
v 3.93331088 -0.29306098 0.25330709
v 3.94369972 -0.29329715 0.25331384
v 3.92620970 -0.29419844 0.24964528
v 3.92626311 -0.29282737 0.24920036
v 3.93115921 -0.29162741 0.25121979
v 3.93250901 -0.29138100 0.25122499
v 3.93006039 -0.28983334 0.24919869
v 3.93119765 -0.28963669 0.24920163
v 3.93482961 -0.28962073 0.24918023
v 3.94369979 -0.28995175 0.24923420
v 3.92204924 -0.29109424 0.24537187
v 3.92471553 -0.29307116 0.24801021
v 3.91844589 -0.28849574 0.24231209
v 3.92052300 -0.28847964 0.24366400
v 3.92582698 -0.28959469 0.24728145
v 3.92765338 -0.28838075 0.24728320
v 3.92972852 -0.28779925 0.24726450
v 3.93486131 -0.28780219 0.24724100
v 3.94369985 -0.28621848 0.24544257
v 3.94369996 -0.28814717 0.24731216
v 3.93384391 -0.28586594 0.24538059
v 3.92368633 -0.28827724 0.24543492
v 3.92556960 -0.28678931 0.24543565
v 3.92724235 -0.28611658 0.24541762
v 3.92860646 -0.28588081 0.24541659
v 3.92186261 -0.28649750 0.24367626
v 3.92391665 -0.28487442 0.24367706
v 3.92733163 -0.28387433 0.24365842
v 3.92574501 -0.28414191 0.24366019
v 3.94369996 -0.27782742 0.23898934
v 3.94369984 -0.28009190 0.24049725
v 3.91847742 -0.28678063 0.24196901
v 3.92220838 -0.28288403 0.24200969
v 3.92419642 -0.28209103 0.24199380
v 3.92580498 -0.28181191 0.24198988
v 3.91544926 -0.28639539 0.24012002
v 3.91088964 -0.28328967 0.23728854
v 3.91385693 -0.28449010 0.23896239
v 3.92113907 -0.28048390 0.24044128
v 3.92403633 -0.27966916 0.24041702
v 3.91861886 -0.27871600 0.23896977
v 3.92094386 -0.27779284 0.23895618
v 3.92286790 -0.27745926 0.23895010
v 3.92970157 -0.27748038 0.23894348
v 3.91674728 -0.27654109 0.23760171
v 3.91971511 -0.27543166 0.23759421
v 3.92198325 -0.27517746 0.23758467
v 3.93258536 -0.27526367 0.23757427
v 3.94369978 -0.27551087 0.23759778
v 3.94369984 -0.27323117 0.23636637
v 3.90688366 -0.28066246 0.23527162
v 3.91482937 -0.27431346 0.23633936
v 3.91751683 -0.27325252 0.23632883
v 3.91958398 -0.27289269 0.23632626
v 3.92610765 -0.27286382 0.23631669
v 3.94369984 -0.27076467 0.23517588
v 3.92553204 -0.27048552 0.23516349
v 3.91037054 -0.27384987 0.23518466
v 3.91380233 -0.27157125 0.23518578
v 3.91747707 -0.27053859 0.23517220
v 3.90436626 -0.27905832 0.23419584
v 3.91087390 -0.26971420 0.23414198
v 3.91393483 -0.26851185 0.23413495
v 3.91679901 -0.26802186 0.23412301
v 3.94369978 -0.26836656 0.23415497
v 3.90136940 -0.27719278 0.23307747
v 3.90059108 -0.26577787 0.23169941
v 3.89774710 -0.27017455 0.23170016
v 3.90884156 -0.26735317 0.23321225
v 3.91209430 -0.26607870 0.23320683
v 3.91522610 -0.26554130 0.23319336
v 3.94369990 -0.26585623 0.23321502
v 3.89769114 -0.27499299 0.23196349
v 3.89593018 -0.26686177 0.23111830
v 3.89825297 -0.26350733 0.23111950
v 3.90290690 -0.26801906 0.23239721
v 3.90677626 -0.26495877 0.23239744
v 3.91022558 -0.26360940 0.23239361
v 3.91357297 -0.26303253 0.23238050
v 3.94369984 -0.26078307 0.23170743
v 3.91168070 -0.26053051 0.23168925
v 3.94369978 -0.26331536 0.23239754
v 3.90042407 -0.25762354 0.23065977
v 3.89588810 -0.26122956 0.23065984
v 3.90468497 -0.26253370 0.23169929
v 3.90833337 -0.26110868 0.23169681
v 3.89019657 -0.26407490 0.23032064
v 3.89350409 -0.25893919 0.23032040
v 3.90256667 -0.26008641 0.23111956
v 3.90642572 -0.25857929 0.23111797
v 3.90992040 -0.25797761 0.23111264
v 3.94369978 -0.25817401 0.23112375
v 3.90680617 -0.25541990 0.23065506
v 3.94369978 -0.25558051 0.23066605
v 3.89826423 -0.25514557 0.23032042
v 3.90503020 -0.25281551 0.23031766
v 3.94369978 -0.25288099 0.23031728
v 3.88390292 -0.25714117 0.23001287
v 3.88876433 -0.25390704 0.23000917
v 3.88358266 -0.25872581 0.23000705
v 3.89328332 -0.25425077 0.23010269
v 3.90384621 -0.25015796 0.23009891
v 3.94369978 -0.25013910 0.23009310
v 3.89264722 -0.24680909 0.23003317
v 3.88674868 -0.24796200 0.23014223
v 3.88723577 -0.24680946 0.23017766
v 3.90249974 -0.24680944 0.22999731
v 3.94369978 -0.24680948 0.22999900
v 3.88284976 -0.26556635 0.23000017
v 3.88286478 -0.26475905 0.23000017
v 3.88293065 -0.26358151 0.23000024
v 3.88309468 -0.26192118 0.23000104
v 3.88331569 -0.26029867 0.23000349
v 3.88416881 -0.25598666 0.23001856
v 3.88446409 -0.25481174 0.23002747
v 3.88489968 -0.25325090 0.23004146
v 3.88563115 -0.25094906 0.23007353
v 3.88525380 -0.25209866 0.23005616
v 3.88617612 -0.24942632 0.23010492
v 3.88551760 -0.27023333 0.34593100
v 3.88300556 -0.26882322 0.34600333
v 3.88479054 -0.27127103 0.34596164
v 3.88316882 -0.27082666 0.34599806
v 3.88429064 -0.27196483 0.34597777
v 3.88308919 -0.27006217 0.34600057
v 3.88326824 -0.27147635 0.34599725
v 3.88408000 -0.27219842 0.34598352
v 3.88346672 -0.27214539 0.34599483
v 3.88353783 -0.27225946 0.34599387
v 3.88369882 -0.27237786 0.34599136
v 3.88379985 -0.27237755 0.34598957
v 3.88392181 -0.27232741 0.34598708
v 3.88336009 -0.27186701 0.34599618
v 3.88621873 -0.26829333 0.34589311
v 3.88667041 -0.26949571 0.34586383
v 3.88706184 -0.26959472 0.34583638
v 3.88285083 -0.26546146 0.34599976
v 3.88286901 -0.26632802 0.34599976
v 3.88293809 -0.26728198 0.34600336
v 3.89315248 -0.24680914 0.34597684
v 3.88577283 -0.25054666 0.34591856
v 3.88539505 -0.25165864 0.34593710
v 3.88469619 -0.25396042 0.34596645
v 3.88646102 -0.25693310 0.34599231
v 3.88502372 -0.25284019 0.34595618
v 3.88617480 -0.24943365 0.34589514
v 3.88675172 -0.24795617 0.34585751
v 3.89350414 -0.25893920 0.34567951
v 3.89328331 -0.25425083 0.34589723
v 3.89019662 -0.26407493 0.34567928
v 3.88763887 -0.26204578 0.34589776
v 3.88890291 -0.26889430 0.34567917
v 3.88607204 -0.26952591 0.34590210
v 3.88360787 -0.27233286 0.34599287
v 3.88619292 -0.26947105 0.34589464
v 3.88639611 -0.26946040 0.34588197
v 3.88767982 -0.26980466 0.34578576
v 3.88288242 -0.26429656 0.34599944
v 3.88301140 -0.26267659 0.34599890
v 3.88320852 -0.26103588 0.34599781
v 3.93916629 -0.30496186 0.30133835
v 3.93979391 -0.30518837 0.29852720
v 3.93922517 -0.30477364 0.30116003
v 3.89187110 -0.27176657 0.34526934
v 3.88375026 -0.25787198 0.34599091
v 3.88345415 -0.25945132 0.34599543
v 3.88408071 -0.25635494 0.34598405
v 3.88437581 -0.25515646 0.34597576
v 3.88723553 -0.24680945 0.34583065
v 3.89521206 -0.24943064 0.34599274
v 3.90382272 -0.25015243 0.34590157
v 3.90481740 -0.24680954 0.34600334
v 3.91503149 -0.26827275 0.34186467
v 3.91760867 -0.26802426 0.34187648
v 3.91522633 -0.26554137 0.34280651
v 3.91925131 -0.27554949 0.33841062
v 3.91861909 -0.27871599 0.33703010
v 3.92094343 -0.27779307 0.33704365
v 3.92867844 -0.29039162 0.32678440
v 3.92712276 -0.29161897 0.32678571
v 3.92903642 -0.29286709 0.32477067
v 3.93115471 -0.29387849 0.32268144
v 3.92997925 -0.29497666 0.32267953
v 3.93143992 -0.29634135 0.32051784
v 3.93366400 -0.29949456 0.31599950
v 3.93427132 -0.29860578 0.31598906
v 3.93301945 -0.29737833 0.31828596
v 3.93493644 -0.30043802 0.31364489
v 3.93543069 -0.29973332 0.31363760
v 3.93775163 -0.30363131 0.30621759
v 3.93797836 -0.30299830 0.30627606
v 3.93707016 -0.30229976 0.30870040
v 3.94046310 -0.30627424 0.29323860
v 3.94020447 -0.30564146 0.29590775
v 3.94025460 -0.30607245 0.29503871
v 3.94063625 -0.30647669 0.29062035
v 3.94068584 -0.30653255 0.28929365
v 3.94069871 -0.30655124 0.28800000
v 3.94056979 -0.30639426 0.29187491
v 3.93999985 -0.30579615 0.29698156
v 3.93969724 -0.30547440 0.29889541
v 3.93859348 -0.30443263 0.30342770
v 3.94369994 -0.28216275 0.33398133
v 3.94369983 -0.28002678 0.33554766
v 3.93072520 -0.27967074 0.33559694
v 3.93110477 -0.28181192 0.33402268
v 3.93356019 -0.28391013 0.33235834
v 3.94369982 -0.29761226 0.31598688
v 3.94369999 -0.29630209 0.31824516
v 3.93859855 -0.29738543 0.31601936
v 3.93989073 -0.29865920 0.31366154
v 3.94370023 -0.29883895 0.31363761
v 3.94080452 -0.30083188 0.30878799
v 3.94173167 -0.30176751 0.30627999
v 3.94370011 -0.30095206 0.30880745
v 3.92735498 -0.27519970 0.33841990
v 3.94369989 -0.27555194 0.33837629
v 3.92610758 -0.27286383 0.33968319
v 3.94369882 -0.24680949 0.34600105
v 3.94369882 -0.25013903 0.34590677
v 3.88842905 -0.27010284 0.34571631
v 3.89273805 -0.26610512 0.34533987
v 3.89449960 -0.27038023 0.34487760
v 3.89593023 -0.26686207 0.34488159
v 3.89588815 -0.26122968 0.34534005
v 3.89826435 -0.25514554 0.34567948
v 3.90503007 -0.25281551 0.34568224
v 3.90690816 -0.25539033 0.34534594
v 3.94369882 -0.25288127 0.34568257
v 3.88953054 -0.27059911 0.34559656
v 3.89825290 -0.26350732 0.34488042
v 3.90042419 -0.25762350 0.34534014
v 3.89059145 -0.27111358 0.34546178
v 3.90059113 -0.26577792 0.34430050
v 3.90081381 -0.27102780 0.34360566
v 3.90290702 -0.26801910 0.34360268
v 3.90256631 -0.26008664 0.34488034
v 3.90468520 -0.26253359 0.34430062
v 3.90833354 -0.26110866 0.34430309
v 3.90642578 -0.25857926 0.34488193
v 3.90992147 -0.25797768 0.34488725
v 3.91138417 -0.26057654 0.34430685
v 3.89459682 -0.27323215 0.34477599
v 3.90264952 -0.27416501 0.34278628
v 3.89953207 -0.27421054 0.34359773
v 3.94369882 -0.25812690 0.34488626
v 3.94369882 -0.25553015 0.34534161
v 3.89772570 -0.27501252 0.34402901
v 3.89774709 -0.27017441 0.34429977
v 3.90518928 -0.27023996 0.34278786
v 3.90677631 -0.26495872 0.34360247
v 3.91022562 -0.26360938 0.34360629
v 3.94369876 -0.26076735 0.34429190
v 3.90155225 -0.27730485 0.34286037
v 3.90474337 -0.27675138 0.34187834
v 3.90612900 -0.27416344 0.34186377
v 3.90820401 -0.27165402 0.34185790
v 3.90884202 -0.26735301 0.34278764
v 3.91357338 -0.26303256 0.34361938
v 3.91209435 -0.26607867 0.34279308
v 3.91037070 -0.27384969 0.34081526
v 3.90785884 -0.27710936 0.34081382
v 3.91186243 -0.26922065 0.34185737
v 3.91747736 -0.27053870 0.34082763
v 3.91380238 -0.27157131 0.34081410
v 3.94369995 -0.26585646 0.34278476
v 3.94369983 -0.26331544 0.34360231
v 3.90453428 -0.27916428 0.34173658
v 3.90696490 -0.28071710 0.34067694
v 3.90937686 -0.28092306 0.33965895
v 3.91163551 -0.28272864 0.33840432
v 3.91016864 -0.27904112 0.33966930
v 3.91180884 -0.27670170 0.33966055
v 3.91482949 -0.27431351 0.33966051
v 3.91751676 -0.27325239 0.33967115
v 3.91958403 -0.27289270 0.33967363
v 3.94369983 -0.26836655 0.34184489
v 3.91386687 -0.28445428 0.33703903
v 3.91239750 -0.28094666 0.33840911
v 3.91600078 -0.28078260 0.33703076
v 3.91393101 -0.27876460 0.33839882
v 3.91457295 -0.28281005 0.33704253
v 3.92553388 -0.27048543 0.34083645
v 3.94369989 -0.27323149 0.33963334
v 3.94369989 -0.27076434 0.34082411
v 3.90972340 -0.28251600 0.33933626
v 3.91667347 -0.28464636 0.33555761
v 3.91674732 -0.27654106 0.33839819
v 3.94370001 -0.27782748 0.33701051
v 3.92968993 -0.27748015 0.33705644
v 3.91374665 -0.28522241 0.33700686
v 3.91855823 -0.28219536 0.33556100
v 3.92125665 -0.27519938 0.33841595
v 3.91910963 -0.28577295 0.33400420
v 3.92047220 -0.28414545 0.33399000
v 3.92286604 -0.27745958 0.33704963
v 3.91693329 -0.28742979 0.33483476
v 3.91838174 -0.28708784 0.33401554
v 3.92073398 -0.28809019 0.33233849
v 3.92186319 -0.28649703 0.33232356
v 3.92113893 -0.28048403 0.33555857
v 3.92398321 -0.27967822 0.33558282
v 3.92046057 -0.28994051 0.33202565
v 3.92246042 -0.29139852 0.33022573
v 3.92265205 -0.28973559 0.33058020
v 3.92368656 -0.28827729 0.33056483
v 3.92391711 -0.28487407 0.33232290
v 3.92285316 -0.28256375 0.33398868
v 3.92548298 -0.28181837 0.33401300
v 3.92449634 -0.29131514 0.32873292
v 3.92544340 -0.28998419 0.32871743
v 3.92574506 -0.28414185 0.33233974
v 3.92733162 -0.28387427 0.33234152
v 3.94369989 -0.28427851 0.33227532
v 3.92424785 -0.29272235 0.32846902
v 3.92626350 -0.29282590 0.32679978
v 3.92557006 -0.28678912 0.33056418
v 3.92724257 -0.28611661 0.33058222
v 3.92860656 -0.28588082 0.33058329
v 3.93384563 -0.28586619 0.33061909
v 3.94369988 -0.28621882 0.33055696
v 3.92591624 -0.29397594 0.32668257
v 3.92792420 -0.29437673 0.32473459
v 3.92715900 -0.28862886 0.32871723
v 3.92868095 -0.28801659 0.32873382
v 3.92998081 -0.28779647 0.32873158
v 3.93485997 -0.28780215 0.32875890
v 3.93482928 -0.28962073 0.32681963
v 3.94369982 -0.28995175 0.32676566
v 3.93086575 -0.29732777 0.32051869
v 3.92935197 -0.29607816 0.32267036
v 3.93089507 -0.29784052 0.32029084
v 3.93006043 -0.28983333 0.32680119
v 3.93119775 -0.28963670 0.32679824
v 3.93667887 -0.29138943 0.32480559
v 3.94370001 -0.28814696 0.32868791
v 3.92811858 -0.29565809 0.32409780
v 3.93248741 -0.29536659 0.32051534
v 3.93115924 -0.29162746 0.32478007
v 3.93011539 -0.29208121 0.32478589
v 3.93250899 -0.29138100 0.32477490
v 3.94370018 -0.29166896 0.32476795
v 3.93331091 -0.29306098 0.32269279
v 3.93223188 -0.29333295 0.32269638
v 3.93665669 -0.29300093 0.32273031
v 3.94369976 -0.29329716 0.32268604
v 3.93235658 -0.29836190 0.31828498
v 3.93344865 -0.29487602 0.32052879
v 3.93441574 -0.29462647 0.32052613
v 3.93722240 -0.29456562 0.32055422
v 3.94370000 -0.29482242 0.32054362
v 3.93282942 -0.29940427 0.31717250
v 3.93401562 -0.29658604 0.31828449
v 3.93490230 -0.29621668 0.31829692
v 3.93581621 -0.29606917 0.31827242
v 3.93892131 -0.29606400 0.31831143
v 3.93438063 -0.30068525 0.31434380
v 3.93622211 -0.30111170 0.31122688
v 3.93567256 -0.30178535 0.31160903
v 3.93515001 -0.29790184 0.31598934
v 3.93628881 -0.29747586 0.31599001
v 3.93620245 -0.29911505 0.31363685
v 3.93688653 -0.29882125 0.31364717
v 3.93758420 -0.29869986 0.31361550
v 3.94111261 -0.29982969 0.31124748
v 3.93680725 -0.30047413 0.31122962
v 3.93755618 -0.30003637 0.31122759
v 3.93818335 -0.29986895 0.31123498
v 3.93912080 -0.29980001 0.31123947
v 3.94369969 -0.29995341 0.31123765
v 3.93680540 -0.30276971 0.30890617
v 3.93758760 -0.30157108 0.30877150
v 3.93828962 -0.30109926 0.30876413
v 3.93911080 -0.30088973 0.30874766
v 3.93830863 -0.30254142 0.30627310
v 3.93880865 -0.30213238 0.30627273
v 3.93940762 -0.30187424 0.30627068
v 3.94026789 -0.30176098 0.30627860
v 3.94369987 -0.30184955 0.30629834
v 3.93857614 -0.30415950 0.30369354
v 3.93891761 -0.30343538 0.30370870
v 3.93948762 -0.30291975 0.30373178
v 3.94009039 -0.30266104 0.30371778
v 3.94131772 -0.30254343 0.30373959
v 3.94369999 -0.30261238 0.30382474
v 3.93950155 -0.30413952 0.30114047
v 3.94007275 -0.30358508 0.30114870
v 3.94076983 -0.30330812 0.30114376
v 3.94195304 -0.30323274 0.30116459
v 3.94370022 -0.30330132 0.30115631
v 3.94008770 -0.30457924 0.29855092
v 3.94055346 -0.30413794 0.29855307
v 3.94117346 -0.30387283 0.29855284
v 3.94218168 -0.30379267 0.29856274
v 3.94282469 -0.30473070 0.29069374
v 3.94369998 -0.30456391 0.29334497
v 3.94247695 -0.30454717 0.29330581
v 3.94369975 -0.30383455 0.29859973
v 3.94043359 -0.30508177 0.29592517
v 3.94092998 -0.30456786 0.29592243
v 3.94146767 -0.30432626 0.29594318
v 3.94218508 -0.30423031 0.29594187
v 3.94370082 -0.30425481 0.29603219
v 3.94055477 -0.30573098 0.29329884
v 3.94082615 -0.30524320 0.29329531
v 3.94123521 -0.30485949 0.29329465
v 3.94178781 -0.30461325 0.29331139
v 3.94074669 -0.30587366 0.29065310
v 3.94079885 -0.30593308 0.28799993
v 3.94106176 -0.30534564 0.29064688
v 3.94142935 -0.30503379 0.29065381
v 3.94118240 -0.30533939 0.28799994
v 3.94193032 -0.30479575 0.29066167
v 3.94174006 -0.30494575 0.28799994
v 3.94232508 -0.30481326 0.28799994
v 3.94284990 -0.30479811 0.28799994
v 3.94286421 -0.30478931 0.28828396
v 3.94328716 -0.30479484 0.28960640
v 3.94309410 -0.30478726 0.28921777
v 3.94349065 -0.30477427 0.28991300
v 3.94289687 -0.30479548 0.28854364
v 3.94296816 -0.30479189 0.28885664
v 3.94369981 -0.30476945 0.29015226
v 3.89191383 -0.22183016 0.34526489
v 3.89170564 -0.22426824 0.34533946
v 3.89462114 -0.22037316 0.34477103
v 3.90449321 -0.21578423 0.34185196
v 3.90345478 -0.22103495 0.34278705
v 3.90531761 -0.21802814 0.34186392
v 3.94369888 -0.23287114 0.34430318
v 3.94369918 -0.23022669 0.34358038
v 3.91163295 -0.23312847 0.34431544
v 3.90685546 -0.21392653 0.34081479
v 3.90811557 -0.21696482 0.34081342
v 3.91259819 -0.21304846 0.33839654
v 3.91524165 -0.21188288 0.33704303
v 3.91413091 -0.20993322 0.33704202
v 3.91289251 -0.21796613 0.33966037
v 3.91038293 -0.21498721 0.33965880
v 3.91080063 -0.22015128 0.34081447
v 3.94274863 -0.18888591 0.29065583
v 3.94246885 -0.18881613 0.28799994
v 3.94203475 -0.18883825 0.29066186
v 3.94369974 -0.18880786 0.28799995
v 3.94269845 -0.18907392 0.29330101
v 3.94369993 -0.18905772 0.29340342
v 3.94370046 -0.18886675 0.29065984
v 3.94178959 -0.18869459 0.28799994
v 3.94147470 -0.18862220 0.29065067
v 3.94181773 -0.18901713 0.29330930
v 3.94062135 -0.18717131 0.29111049
v 3.94070163 -0.18710906 0.28799993
v 3.94066682 -0.18710917 0.28995441
v 3.88294280 -0.22624885 0.34600174
v 3.88606823 -0.22409115 0.34590155
v 3.88558382 -0.22347286 0.34592816
v 3.94112733 -0.18823306 0.28799993
v 3.94070128 -0.18759735 0.29065399
v 3.94076839 -0.18757607 0.28799993
v 3.94095644 -0.18814482 0.29064386
v 3.94078329 -0.18893714 0.29592849
v 3.94070253 -0.18956716 0.29856334
v 3.94138768 -0.18927658 0.29593921
v 3.93830661 -0.19252652 0.30877206
v 3.93766455 -0.19211808 0.30877276
v 3.93708740 -0.19334363 0.31122733
v 3.93267201 -0.19837240 0.32051658
v 3.93302779 -0.19624579 0.31829161
v 3.93168394 -0.19756349 0.32052579
v 3.92996363 -0.20145065 0.32476894
v 3.93011473 -0.19880607 0.32267738
v 3.92873023 -0.20044305 0.32477954
v 3.92166113 -0.20689125 0.33232257
v 3.92057955 -0.20522564 0.33233752
v 3.91891032 -0.20752878 0.33398677
v 3.89059270 -0.23638559 0.34589779
v 3.89371950 -0.24358230 0.34599207
v 3.89549494 -0.24061312 0.34589778
v 3.89955443 -0.21952463 0.34360768
v 3.90106731 -0.22311020 0.34360168
v 3.90204507 -0.21765211 0.34278813
v 3.89703340 -0.22139989 0.34430736
v 3.89864873 -0.22521625 0.34430026
v 3.89373386 -0.22947029 0.34533989
v 3.89428264 -0.22240302 0.34487843
v 3.89560575 -0.22612400 0.34488138
v 3.89054561 -0.22252793 0.34546737
v 3.88731480 -0.23077750 0.34589774
v 3.88618529 -0.22548665 0.34589772
v 3.88286895 -0.22730855 0.34600679
v 3.88841433 -0.22352169 0.34571690
v 3.88765782 -0.22382186 0.34578765
v 3.88666159 -0.22412366 0.34586444
v 3.88639516 -0.22415761 0.34588211
v 3.88619835 -0.22414843 0.34589349
v 3.88509864 -0.22279110 0.34595192
v 3.88361782 -0.22127836 0.34599266
v 3.88354582 -0.22134816 0.34599376
v 3.88370985 -0.22123896 0.34599116
v 3.88347114 -0.22146335 0.34599476
v 3.88380981 -0.22124396 0.34598936
v 3.88338840 -0.22166706 0.34599602
v 3.88390184 -0.22128236 0.34598746
v 3.88329477 -0.22200448 0.34599742
v 3.88401574 -0.22136206 0.34598505
v 3.88415248 -0.22149551 0.34598175
v 3.88434655 -0.22172650 0.34597663
v 3.88317085 -0.22277396 0.34599806
v 3.88308764 -0.22357388 0.34600097
v 3.88300682 -0.22478267 0.34599731
v 3.88705176 -0.22402642 0.34583655
v 3.88945306 -0.22305676 0.34561005
v 3.91631375 -0.20815901 0.33554991
v 3.91777669 -0.21060052 0.33555949
v 3.89333254 -0.24680917 0.34597771
v 3.88559842 -0.24257474 0.34594272
v 3.88723582 -0.24680946 0.34582226
v 3.92077183 -0.20973965 0.33398916
v 3.92350368 -0.20513356 0.33056423
v 3.92368715 -0.20861262 0.33232252
v 3.93135588 -0.19986530 0.32267798
v 3.93848977 -0.19125287 0.30627206
v 3.93904028 -0.19160963 0.30626980
v 3.94041714 -0.18739148 0.29368859
v 3.94031254 -0.18832914 0.29591439
v 3.94058213 -0.18795364 0.29329823
v 3.94085065 -0.18840680 0.29329231
v 3.94124463 -0.18876348 0.29329586
v 3.94369993 -0.18935837 0.29597643
v 3.94052079 -0.18728118 0.29255172
v 3.94025979 -0.18756017 0.29513070
v 3.94009575 -0.18772642 0.29634402
v 3.93965671 -0.18967717 0.30114871
v 3.94026825 -0.18924867 0.29855176
v 3.93987027 -0.18866527 0.29854119
v 3.94221857 -0.18938711 0.29593914
v 3.93966076 -0.18815745 0.29892663
v 3.93988583 -0.18793617 0.29768322
v 3.93930182 -0.18909416 0.30115365
v 3.93837408 -0.18941832 0.30427916
v 3.93860624 -0.18957037 0.30370695
v 3.93883816 -0.19006731 0.30373391
v 3.93921396 -0.19049566 0.30373207
v 3.94024459 -0.19013319 0.30114934
v 3.94116500 -0.18974022 0.29855684
v 3.94204423 -0.18982721 0.29856313
v 3.93940184 -0.18841217 0.30020063
v 3.93901107 -0.18881518 0.30199662
v 3.94093112 -0.19033679 0.30115941
v 3.94206021 -0.19038403 0.30116442
v 3.94370088 -0.18979876 0.29869091
v 3.94369975 -0.19033510 0.30122101
v 3.93400751 -0.19469121 0.31598889
v 3.93450306 -0.19282512 0.31407348
v 3.93330572 -0.19382074 0.31632819
v 3.93968693 -0.19080928 0.30372989
v 3.94036523 -0.19101009 0.30371137
v 3.94174294 -0.19106524 0.30374331
v 3.93757490 -0.19016115 0.30679367
v 3.93796907 -0.19056071 0.30619248
v 3.93656252 -0.19106154 0.30951782
v 3.93711482 -0.19145872 0.30876165
v 3.93599609 -0.19208193 0.31120928
v 3.93519632 -0.19359972 0.31363700
v 3.93642441 -0.19277374 0.31122867
v 3.93970630 -0.19179855 0.30624700
v 3.94111231 -0.19187041 0.30628076
v 3.94370017 -0.19098271 0.30373986
v 3.94370005 -0.19177957 0.30633163
v 3.93580017 -0.19422673 0.31364188
v 3.93915437 -0.19273967 0.30874644
v 3.94042067 -0.19381960 0.31125318
v 3.94107554 -0.19277599 0.30878313
v 3.94370035 -0.19369210 0.31130521
v 3.94369981 -0.19266140 0.30879033
v 3.93526099 -0.19218726 0.31251919
v 3.93481139 -0.19549563 0.31598731
v 3.93789897 -0.19369388 0.31122362
v 3.93868540 -0.19378971 0.31122183
v 3.93656198 -0.19468207 0.31363353
v 3.93762151 -0.19492760 0.31361357
v 3.94035433 -0.19494534 0.31366498
v 3.94369976 -0.19479986 0.31367370
v 3.93193046 -0.19494538 0.31867008
v 3.93245654 -0.19545542 0.31829128
v 3.92944573 -0.19778926 0.32269325
v 3.92793839 -0.19933260 0.32477794
v 3.93390248 -0.19696525 0.31828314
v 3.93640653 -0.19616005 0.31599041
v 3.93556319 -0.19591779 0.31600159
v 3.93886487 -0.19623142 0.31602543
v 3.94370006 -0.19599039 0.31596016
v 3.93478624 -0.19736718 0.31829691
v 3.93558542 -0.19753513 0.31828672
v 3.93794970 -0.19758534 0.31831404
v 3.94370000 -0.19735901 0.31831315
v 3.93104361 -0.19667368 0.32052518
v 3.93366776 -0.19881888 0.32053014
v 3.93461071 -0.19900592 0.32051671
v 3.93791608 -0.19903993 0.32056206
v 3.94369982 -0.19878503 0.32052540
v 3.94370018 -0.20033824 0.32271061
v 3.93054019 -0.19605946 0.32079879
v 3.93247633 -0.20036734 0.32269526
v 3.93352066 -0.20057216 0.32268483
v 3.93724380 -0.20059807 0.32272879
v 3.93581186 -0.20225797 0.32481005
v 3.94369976 -0.20194396 0.32475896
v 3.92909120 -0.19720172 0.32281897
v 3.92758541 -0.19837003 0.32474006
v 3.92638146 -0.20099661 0.32678076
v 3.92767809 -0.20253385 0.32678431
v 3.93121181 -0.20200603 0.32478622
v 3.93231533 -0.20222863 0.32478339
v 3.93457739 -0.20401391 0.32682650
v 3.94370001 -0.20547735 0.32868565
v 3.94370000 -0.20364829 0.32674746
v 3.92597853 -0.19959653 0.32661934
v 3.92941390 -0.20357280 0.32678171
v 3.93102621 -0.20396399 0.32679587
v 3.92437081 -0.20206415 0.32873398
v 3.92407219 -0.20102847 0.32865739
v 3.91831826 -0.20521088 0.33377616
v 3.92026411 -0.20381939 0.33219411
v 3.92527287 -0.20343819 0.32871529
v 3.92696201 -0.20487580 0.32871604
v 3.92848467 -0.20554737 0.32873429
v 3.92982029 -0.20581462 0.32873496
v 3.93325888 -0.20583218 0.32874599
v 3.93273144 -0.20776213 0.33060768
v 3.94369989 -0.20734436 0.33050603
v 3.92210804 -0.20247913 0.33055897
v 3.92251300 -0.20361289 0.33057975
v 3.92535602 -0.20670608 0.33056353
v 3.92840838 -0.20771504 0.33057831
v 3.92702632 -0.20744102 0.33058175
v 3.90957707 -0.21119664 0.33939306
v 3.90699250 -0.21288721 0.34068268
v 3.92551255 -0.20941327 0.33234076
v 3.92701822 -0.20970979 0.33233714
v 3.93139350 -0.20975482 0.33236073
v 3.93073689 -0.21393592 0.33559045
v 3.94369989 -0.21578131 0.33700167
v 3.94369995 -0.21356251 0.33552723
v 3.94370007 -0.20937992 0.33230740
v 3.92257695 -0.21092246 0.33400559
v 3.92394178 -0.21145628 0.33400586
v 3.92566782 -0.21180183 0.33401082
v 3.93190389 -0.21182070 0.33404004
v 3.94369983 -0.21148097 0.33400047
v 3.91581422 -0.20697122 0.33563442
v 3.91693872 -0.21374262 0.33703008
v 3.92016339 -0.21262730 0.33555879
v 3.92424230 -0.21395072 0.33558120
v 3.92231857 -0.21356844 0.33557517
v 3.91213548 -0.20948891 0.33797677
v 3.92064457 -0.21574300 0.33704387
v 3.91905354 -0.21512215 0.33704410
v 3.92271661 -0.21615655 0.33705096
v 3.92886292 -0.21614396 0.33705345
v 3.91494023 -0.21582982 0.33839824
v 3.91721808 -0.21731170 0.33841050
v 3.91892689 -0.21797871 0.33841044
v 3.92108851 -0.21841287 0.33841637
v 3.92771023 -0.21842304 0.33842324
v 3.94369989 -0.21802678 0.33835564
v 3.91533386 -0.21955194 0.33967073
v 3.91716735 -0.22026823 0.33967073
v 3.91948151 -0.22073453 0.33967691
v 3.92595899 -0.22074567 0.33967921
v 3.92579442 -0.22312360 0.34083398
v 3.94370001 -0.22041285 0.33964493
v 3.91439885 -0.22229647 0.34081302
v 3.91784072 -0.22310732 0.34082907
v 3.94369983 -0.22281407 0.34080433
v 3.90262491 -0.21565277 0.34248581
v 3.89955014 -0.21752554 0.34350218
v 3.90709620 -0.22080075 0.34185751
v 3.91047871 -0.22367706 0.34185733
v 3.91577225 -0.22545422 0.34186454
v 3.91353839 -0.22499567 0.34186473
v 3.91967815 -0.22559787 0.34187950
v 3.94369989 -0.22523109 0.34183792
v 3.90649276 -0.22464012 0.34278757
v 3.90429049 -0.22693908 0.34360250
v 3.91056549 -0.22707291 0.34278651
v 3.91453450 -0.22799802 0.34279829
v 3.92545831 -0.22800474 0.34280166
v 3.89782303 -0.22962110 0.34488015
v 3.90205646 -0.22926319 0.34430058
v 3.90860468 -0.22951920 0.34360177
v 3.91325420 -0.23057313 0.34361761
v 3.94369989 -0.22774544 0.34277864
v 3.89729536 -0.21885531 0.34413933
v 3.89751321 -0.23397040 0.34534007
v 3.90661806 -0.23199534 0.34430016
v 3.94369888 -0.23546798 0.34487600
v 3.89038486 -0.23020505 0.34567848
v 3.89520979 -0.23634272 0.34567951
v 3.90207112 -0.23324710 0.34488020
v 3.90592993 -0.23490001 0.34488190
v 3.90935432 -0.23558652 0.34488472
v 3.88310922 -0.23181232 0.34600688
v 3.90257382 -0.23701441 0.34534006
v 3.90807140 -0.23824818 0.34534653
v 3.94369882 -0.23801304 0.34533205
v 3.90051598 -0.23954444 0.34567943
v 3.90294307 -0.24338357 0.34589921
v 3.90604406 -0.24079589 0.34568159
v 3.94369882 -0.24073651 0.34568197
v 3.94369882 -0.24342954 0.34590258
v 3.88407582 -0.23724128 0.34598370
v 3.88377333 -0.23586355 0.34598968
v 3.90336340 -0.24680940 0.34600365
v 3.94369882 -0.24680944 0.34600053
v 3.88286847 -0.22900220 0.34599989
v 3.88284982 -0.22800287 0.34599976
v 3.88296360 -0.23042799 0.34599916
v 3.88352150 -0.23455229 0.34599443
v 3.88329995 -0.23320999 0.34599691
v 3.88450188 -0.23895419 0.34597166
v 3.88508380 -0.24098719 0.34595080
v 3.88607586 -0.24392143 0.34590227
v 3.88668645 -0.24550699 0.34586303
v 3.92733974 -0.18710917 0.25097014
v 3.92630679 -0.18710917 0.24975874
v 3.92524077 -0.18710917 0.24857645
v 3.89841980 -0.18710917 0.34382915
v 3.82647482 -0.18710917 0.27376139
v 3.89688182 -0.18710917 0.34423965
v 3.92301381 -0.18710917 0.24630165
v 3.92185480 -0.18710917 0.24521105
v 3.91944778 -0.18710917 0.24312705
v 3.91820181 -0.18710917 0.24213554
v 3.91692979 -0.18710917 0.24117855
v 3.93112882 -0.18710917 0.25608454
v 3.91430975 -0.18710917 0.23937084
v 3.91296280 -0.18710917 0.23852165
v 3.92414279 -0.18710917 0.24742384
v 3.92833979 -0.18710917 0.25220924
v 3.92930479 -0.18710917 0.25347524
v 3.92066479 -0.18710917 0.24415255
v 3.91563178 -0.18710917 0.24025664
v 3.93023480 -0.18710917 0.25476754
v 3.91159381 -0.18710917 0.23770964
v 3.93198682 -0.18710917 0.25742565
v 3.91020281 -0.18710917 0.23693575
v 3.93280680 -0.18710917 0.25878994
v 3.93433477 -0.18710918 0.26158314
v 3.93358977 -0.18710917 0.26017594
v 3.90879077 -0.18710917 0.23620005
v 3.93503977 -0.18710916 0.26301035
v 3.90735978 -0.18710917 0.23550345
v 3.90590979 -0.18710917 0.23484645
v 3.93633183 -0.18710917 0.26591975
v 3.93570580 -0.18710917 0.26445614
v 3.90444178 -0.18710917 0.23422945
v 3.93691780 -0.18710917 0.26740024
v 3.90295780 -0.18710917 0.23365305
v 3.90145881 -0.18710917 0.23311775
v 3.93746283 -0.18710917 0.26889584
v 3.89994580 -0.18710917 0.23262365
v 3.93796678 -0.18710917 0.27040604
v 3.89841974 -0.18710917 0.23217115
v 3.93842878 -0.18710917 0.27192964
v 3.93884881 -0.18710917 0.27346504
v 3.89688177 -0.18710917 0.23176076
v 3.89533276 -0.18710917 0.23139256
v 3.93922683 -0.18710917 0.27501164
v 3.89377481 -0.18710917 0.23106726
v 3.93956181 -0.18710917 0.27656804
v 3.93985381 -0.18710917 0.27813276
v 3.89220781 -0.18710917 0.23078486
v 3.89063377 -0.18710917 0.23054546
v 3.94010379 -0.18710917 0.27970512
v 3.88905478 -0.18710917 0.23034926
v 3.94030979 -0.18710917 0.28128393
v 3.94047180 -0.18710917 0.28286738
v 3.88746977 -0.18710917 0.23019646
v 3.88588179 -0.18710917 0.23008746
v 3.94059178 -0.18710917 0.28445499
v 3.88429178 -0.18710917 0.23002196
v 3.94066682 -0.18710917 0.28604546
v 3.88269980 -0.18710917 0.22999996
v 3.87791081 -0.18710917 0.23019806
v 3.94059178 -0.18710917 0.29154474
v 3.87950481 -0.18710917 0.23008797
v 3.88110180 -0.18710917 0.23002176
v 3.94066682 -0.18710917 0.28995441
v 3.94010380 -0.18710917 0.29629405
v 3.87473382 -0.18710917 0.23054947
v 3.87315382 -0.18710917 0.23079087
v 3.94047180 -0.18710917 0.29313183
v 3.87631978 -0.18710917 0.23035176
v 3.94030979 -0.18710917 0.29471566
v 3.87001676 -0.18710917 0.23140347
v 3.86846180 -0.18710917 0.23177427
v 3.93922684 -0.18710917 0.30098773
v 3.87158079 -0.18710917 0.23107557
v 3.93956182 -0.18710917 0.29943163
v 3.93985483 -0.18710917 0.29786652
v 3.86386777 -0.18710917 0.23314228
v 3.93796782 -0.18710917 0.30559323
v 3.86538579 -0.18710917 0.23264418
v 3.93842880 -0.18710917 0.30407004
v 3.93884883 -0.18710917 0.30253433
v 3.86691780 -0.18710917 0.23218807
v 3.93633280 -0.18710917 0.31007964
v 3.86087479 -0.18710917 0.23426298
v 3.85940178 -0.18710917 0.23488457
v 3.93746380 -0.18710917 0.30710354
v 3.86236377 -0.18710917 0.23368208
v 3.93691883 -0.18710917 0.30859953
v 3.85651178 -0.18710917 0.23624857
v 3.85509582 -0.18710917 0.23698967
v 3.93433479 -0.18710917 0.31441634
v 3.85794778 -0.18710917 0.23554668
v 3.93504081 -0.18710917 0.31298933
v 3.93570683 -0.18710917 0.31154344
v 3.85097780 -0.18710917 0.23944348
v 3.93198780 -0.18710917 0.31857404
v 3.85232677 -0.18710917 0.23858788
v 3.93280784 -0.18710917 0.31720994
v 3.93359081 -0.18710917 0.31582364
v 3.85369976 -0.18710917 0.23776977
v 3.92930584 -0.18710917 0.32252444
v 3.84835079 -0.18710917 0.24126478
v 3.84707578 -0.18710917 0.24222889
v 3.93112980 -0.18710917 0.31991533
v 3.84965178 -0.18710917 0.24033608
v 3.93023585 -0.18710917 0.32123243
v 3.84460880 -0.18710917 0.24426099
v 3.84341778 -0.18710917 0.24532699
v 3.92630784 -0.18710917 0.32624074
v 3.84582778 -0.18710917 0.24322798
v 3.92734085 -0.18710917 0.32502964
v 3.92833982 -0.18710917 0.32379063
v 3.84002879 -0.18710917 0.24871669
v 3.92301481 -0.18710917 0.32969815
v 3.84112682 -0.18710917 0.24755598
v 3.92414384 -0.18710917 0.32857604
v 3.92524181 -0.18710917 0.32742335
v 3.84225681 -0.18710917 0.24642578
v 3.91944884 -0.18710917 0.33287294
v 3.83792880 -0.18710917 0.25112739
v 3.83692977 -0.18710917 0.25237479
v 3.92185484 -0.18710917 0.33078905
v 3.83896181 -0.18710917 0.24990758
v 3.92066585 -0.18710917 0.33184745
v 3.83503679 -0.18710917 0.25495049
v 3.83414480 -0.18710917 0.25627609
v 3.91563283 -0.18710917 0.33574345
v 3.83596578 -0.18710917 0.25364959
v 3.91693084 -0.18710917 0.33482175
v 3.91820281 -0.18710917 0.33386465
v 3.83169082 -0.18710917 0.26039419
v 3.91159486 -0.18710917 0.33829044
v 3.83247080 -0.18710917 0.25899939
v 3.91296386 -0.18710917 0.33747855
v 3.91430979 -0.18710917 0.33662945
v 3.83328882 -0.18710917 0.25762629
v 3.90735984 -0.18710917 0.34049654
v 3.83024684 -0.18710917 0.26324649
v 3.82958481 -0.18710917 0.26470099
v 3.91020286 -0.18710917 0.33906465
v 3.83094881 -0.18710917 0.26181049
v 3.90879184 -0.18710917 0.33980005
v 3.82838182 -0.18710917 0.26766259
v 3.82784281 -0.18710917 0.26916690
v 3.90295881 -0.18710917 0.34234685
v 3.82896284 -0.18710917 0.26617359
v 3.90444284 -0.18710917 0.34177035
v 3.90590983 -0.18710917 0.34115355
v 3.82688782 -0.18710917 0.27221780
v 3.89994687 -0.18710917 0.34337665
v 3.90145981 -0.18710917 0.34288244
v 3.82734380 -0.18710917 0.27068579
v 3.89377487 -0.18710917 0.34493285
v 3.82577585 -0.18710917 0.27688069
v 3.82549082 -0.18710917 0.27845323
v 3.82610385 -0.18710917 0.27531629
v 3.89533383 -0.18710917 0.34460756
v 3.82505183 -0.18710917 0.28161966
v 3.82489781 -0.18710917 0.28321035
v 3.88905483 -0.18710917 0.34565095
v 3.82524983 -0.18710917 0.28003349
v 3.89063483 -0.18710917 0.34545485
v 3.89220786 -0.18710917 0.34521535
v 3.82469980 -0.18710917 0.28799999
v 3.88429183 -0.18710917 0.34597826
v 3.82472180 -0.18710917 0.28640209
v 3.88588286 -0.18710917 0.34591266
v 3.88746983 -0.18710917 0.34580345
v 3.82478784 -0.18710917 0.28480511
v 3.87791086 -0.18710917 0.34580187
v 3.87950486 -0.18710917 0.34591176
v 3.82478784 -0.18710917 0.29119554
v 3.88269985 -0.18710917 0.34599996
v 3.82472180 -0.18710917 0.28959845
v 3.88110185 -0.18710917 0.34597776
v 3.82524984 -0.18710917 0.29596711
v 3.82549082 -0.18710917 0.29754686
v 3.87473387 -0.18710917 0.34545006
v 3.82505183 -0.18710917 0.29438101
v 3.87631983 -0.18710917 0.34564786
v 3.82647484 -0.18710917 0.30223869
v 3.87001682 -0.18710917 0.34459617
v 3.82610386 -0.18710917 0.30068419
v 3.87158186 -0.18710917 0.34492417
v 3.87315387 -0.18710917 0.34520876
v 3.82577585 -0.18710918 0.29911979
v 3.86538685 -0.18710917 0.34335548
v 3.82734483 -0.18710917 0.30531470
v 3.82784283 -0.18710917 0.30683319
v 3.86846286 -0.18710917 0.34422507
v 3.82688885 -0.18710917 0.30378279
v 3.86691887 -0.18710917 0.34381147
v 3.82896381 -0.18710917 0.30982678
v 3.82958585 -0.18710916 0.31129898
v 3.86087484 -0.18710917 0.34173698
v 3.82838284 -0.18710917 0.30833779
v 3.86236382 -0.18710917 0.34231788
v 3.86386782 -0.18710917 0.34285748
v 3.83169085 -0.18710917 0.31560568
v 3.85509587 -0.18710917 0.33900968
v 3.85651183 -0.18710917 0.33975107
v 3.85940284 -0.18710917 0.34111507
v 3.83024782 -0.18710917 0.31275389
v 3.83414483 -0.18710917 0.31972369
v 3.84965284 -0.18710917 0.33566358
v 3.85232783 -0.18710917 0.33741168
v 3.83328980 -0.18710917 0.31837389
v 3.84002883 -0.18710917 0.32728308
v 3.84460981 -0.18710917 0.33173878
v 3.83792985 -0.18710917 0.32487289
v 3.83596683 -0.18710917 0.32235059
v 3.84707684 -0.18710917 0.33377058
v 3.84341885 -0.18710917 0.33067259
v 3.84225786 -0.18710917 0.32957418
v 3.84112782 -0.18710917 0.32844398
v 3.83503783 -0.18710917 0.32104969
v 3.83896286 -0.18710917 0.32609258
v 3.83094984 -0.18710917 0.31418989
v 3.83693081 -0.18710917 0.32362508
v 3.83247083 -0.18710917 0.31700089
v 3.84835185 -0.18710917 0.33473488
v 3.84582884 -0.18710917 0.33277179
v 3.85097785 -0.18710917 0.33655598
v 3.85370082 -0.18710917 0.33822978
v 3.85794784 -0.18710917 0.34045297
v 3.82489781 -0.18710917 0.29278988
v 3.94070282 -0.18710917 0.28799994
v 3.88667047 -0.26949571 0.34586397
v 3.88632917 -0.28410211 0.34588814
v 3.88706178 -0.26959471 0.34583581
v 3.89405632 -0.22068151 0.34488069
v 3.89546388 -0.18710917 0.34459285
v 3.89065391 -0.18710917 0.34546741
v 3.88269991 -0.18710917 0.34600723
v 3.88286883 -0.22730937 0.34599976
v 3.88294292 -0.22624682 0.34599940
v 3.88639611 -0.26946040 0.34588205
v 3.88619292 -0.26947106 0.34589469
v 3.88607204 -0.26952590 0.34590155
v 3.88551689 -0.27023429 0.34593159
v 3.88577283 -0.25054666 0.34591856
v 3.88549859 -0.24228246 0.34593260
v 3.88539523 -0.25165815 0.34593749
v 3.88486702 -0.24026326 0.34595979
v 3.88502485 -0.25283656 0.34595336
v 3.88469631 -0.25396017 0.34596561
v 3.88429058 -0.27196487 0.34597797
v 3.88408000 -0.27219842 0.34598350
v 3.88269991 -0.28253747 0.34600679
v 3.88392181 -0.27232742 0.34598701
v 3.88360787 -0.27233286 0.34599287
v 3.88353783 -0.27225946 0.34599387
v 3.88336009 -0.27186701 0.34599629
v 3.88346672 -0.27214539 0.34599492
v 3.88326824 -0.27147635 0.34599726
v 3.88301140 -0.26267658 0.34599925
v 3.88311154 -0.23183155 0.34599845
v 3.88296360 -0.23042799 0.34599934
v 3.88284982 -0.22800287 0.34599976
v 3.88300687 -0.22478251 0.34599899
v 3.88308776 -0.22357236 0.34599875
v 3.88329477 -0.22200450 0.34599697
v 3.88317085 -0.22277396 0.34599806
v 3.88338840 -0.22166705 0.34599591
v 3.88347114 -0.22146335 0.34599486
v 3.88361782 -0.22127836 0.34599266
v 3.88370985 -0.22123896 0.34599116
v 3.88354582 -0.22134816 0.34599376
v 3.88401574 -0.22136207 0.34598513
v 3.88415248 -0.22149551 0.34598177
v 3.88390184 -0.22128236 0.34598746
v 3.88380981 -0.22124396 0.34598936
v 3.89628274 -0.21943671 0.34438914
v 3.89932656 -0.21766384 0.34358040
v 3.88950390 -0.22303267 0.34560016
v 3.89054209 -0.22252965 0.34546789
v 3.88765782 -0.22382186 0.34578765
v 3.88665122 -0.18710917 0.34586714
v 3.88705176 -0.22402642 0.34583658
v 3.88841248 -0.22352252 0.34571838
v 3.88666159 -0.22412366 0.34586447
v 3.88639516 -0.22415761 0.34588212
v 3.88619841 -0.22414843 0.34589436
v 3.89191634 -0.22182892 0.34526508
v 3.88767982 -0.26980466 0.34578576
v 3.90307516 -0.18710917 0.34231828
v 3.89930254 -0.18710917 0.34357921
v 3.88928831 -0.28537765 0.34562959
v 3.89058793 -0.27111190 0.34546165
v 3.88953156 -0.27059958 0.34559670
v 3.90807593 -0.18710917 0.34018174
v 3.90372079 -0.21496889 0.34207203
v 3.90804845 -0.21220296 0.34018286
v 3.89293051 -0.28694703 0.34510199
v 3.89194024 -0.27180247 0.34526085
v 3.91215628 -0.20947756 0.33797926
v 3.91556083 -0.18710917 0.33580994
v 3.91221100 -0.18710917 0.33793811
v 3.89457238 -0.27321880 0.34477843
v 3.91591852 -0.20689881 0.33556198
v 3.91949843 -0.20437168 0.33284720
v 3.91877126 -0.18710917 0.33342664
v 3.89720297 -0.28878860 0.34417136
v 3.89737034 -0.27480790 0.34411736
v 3.92198454 -0.20257021 0.33067477
v 3.92179989 -0.18710917 0.33085837
v 3.90046114 -0.27663872 0.34322798
v 3.92367552 -0.20132256 0.32905103
v 3.92464982 -0.18710917 0.32806119
v 3.92530231 -0.20010733 0.32736259
v 3.92730872 -0.18710917 0.32509011
v 3.90152156 -0.29065001 0.34287490
v 3.90430570 -0.27901926 0.34183236
v 3.92684619 -0.19893577 0.32562039
v 3.92833398 -0.19779188 0.32380417
v 3.92974351 -0.19668885 0.32192775
v 3.93019919 -0.18710917 0.32130971
v 3.90503287 -0.29216347 0.34153385
v 3.90788733 -0.28131106 0.34026025
v 3.93108938 -0.19562200 0.31998224
v 3.93277894 -0.18710917 0.31728838
v 3.93233202 -0.19462015 0.31801463
v 3.93354629 -0.19362648 0.31591194
v 3.91038602 -0.29447126 0.33896948
v 3.91189282 -0.28396429 0.33813220
v 3.93470792 -0.18710917 0.31368720
v 3.93468271 -0.19267792 0.31372995
v 3.93572680 -0.19179055 0.31150641
v 3.93638293 -0.18710917 0.30999673
v 3.91389387 -0.29598288 0.33691316
v 3.91524308 -0.28625355 0.33601915
v 3.93644783 -0.19116417 0.30979833
v 3.93712214 -0.19056821 0.30806330
v 3.93773643 -0.18710917 0.30631913
v 3.93793878 -0.18982676 0.30569493
v 3.91841291 -0.28847216 0.33371852
v 3.91663896 -0.29716578 0.33503985
v 3.93868909 -0.18911089 0.30314739
v 3.93904970 -0.18710917 0.30184819
v 3.91915678 -0.29825136 0.33311833
v 3.92101644 -0.29034249 0.33154521
v 3.93912080 -0.18868817 0.30144323
v 3.93940184 -0.18841217 0.30020063
v 3.93965784 -0.18816117 0.29894683
v 3.92310684 -0.29995397 0.32961025
v 3.92430853 -0.29276640 0.32841184
v 3.92270170 -0.29157550 0.33000125
v 3.93999168 -0.18710919 0.29707446
v 3.93988583 -0.18793617 0.29768322
v 3.94025979 -0.18756017 0.29513070
v 3.94049004 -0.18710922 0.29307966
v 3.94008681 -0.18773618 0.29641080
v 3.94040480 -0.18740816 0.29384410
v 3.94052079 -0.18728118 0.29255172
v 3.92589216 -0.29395719 0.32671248
v 3.92470066 -0.30064118 0.32800300
v 3.94060883 -0.18718117 0.29125484
v 3.92739503 -0.29510203 0.32497001
v 3.92680680 -0.30154813 0.32567319
v 3.94069978 -0.30655135 0.28799994
v 3.94068584 -0.30653255 0.28929365
v 3.94068244 -0.30752995 0.28960040
v 3.94066682 -0.18710917 0.28995441
v 3.88606829 -0.22409116 0.34590208
v 3.88558382 -0.22347286 0.34592816
v 3.88510162 -0.22279540 0.34595152
v 3.88434655 -0.22172648 0.34597654
v 3.92148678 -0.29925596 0.33112537
v 3.92884944 -0.29622934 0.32313482
v 3.92875223 -0.30238654 0.32326877
v 3.93023454 -0.29731663 0.32123948
v 3.93155555 -0.29837137 0.31926263
v 3.93054746 -0.30316122 0.32078935
v 3.93279080 -0.29937139 0.31724560
v 3.93380860 -0.30456602 0.31543425
v 3.93395130 -0.30032798 0.31515890
v 3.93521801 -0.30517445 0.31262483
v 3.93605105 -0.30210796 0.31076109
v 3.93504027 -0.30124175 0.31299741
v 3.93738398 -0.30328373 0.30734249
v 3.93673484 -0.30270672 0.30907593
v 3.93647425 -0.30571554 0.30974768
v 3.93757663 -0.30619101 0.30678977
v 3.93816206 -0.30400146 0.30497695
v 3.93930307 -0.30693531 0.30067404
v 3.93928579 -0.30509255 0.30073043
v 3.93886569 -0.30467966 0.30248700
v 3.93954978 -0.30535215 0.29949084
v 3.93977181 -0.30713705 0.29833483
v 3.93978879 -0.30558645 0.29824073
v 3.94015459 -0.30730224 0.29596830
v 3.94018480 -0.30598175 0.29571434
v 3.93999985 -0.30579615 0.29698156
v 3.94034079 -0.30614395 0.29444018
v 3.94046978 -0.30628185 0.29316005
v 3.94050851 -0.30745413 0.29278499
v 3.94056979 -0.30639426 0.29187491
v 3.94064179 -0.30647895 0.29058575
v 3.94069382 -0.30753485 0.28720031
v 3.94068584 -0.30653315 0.28674332
v 3.94042471 -0.18710920 0.28210720
v 3.94039180 -0.18742117 0.28203218
v 3.94023879 -0.18758117 0.28070505
v 3.94051483 -0.18728817 0.28336532
v 3.93960281 -0.18821517 0.27677144
v 3.93933280 -0.18848018 0.27548024
v 3.93944766 -0.18710918 0.27588057
v 3.93818130 -0.18959885 0.27108676
v 3.93776699 -0.18710918 0.26970413
v 3.93870880 -0.18909118 0.27293544
v 3.93256100 -0.19443401 0.25836640
v 3.93246086 -0.18710917 0.25815251
v 3.93375964 -0.19345061 0.26047960
v 3.93123759 -0.19550402 0.25624186
v 3.92838437 -0.19775267 0.25226002
v 3.92686123 -0.19892500 0.25039655
v 3.92682655 -0.18710917 0.25035131
v 3.92201120 -0.29106803 0.24535008
v 3.92028779 -0.29873887 0.24382361
v 3.92036659 -0.28987307 0.24389333
v 3.91810126 -0.18710917 0.24203943
v 3.91923995 -0.20455743 0.24293794
v 3.91541684 -0.20724763 0.24009025
v 3.91148551 -0.20992973 0.23762926
v 3.91422064 -0.18710917 0.23929626
v 3.89923328 -0.27590015 0.23239300
v 3.90299828 -0.27820035 0.23366170
v 3.90074361 -0.29031458 0.23287236
v 3.89832968 -0.18710917 0.23213109
v 3.89968616 -0.21744394 0.23253909
v 3.89746214 -0.21875702 0.23190804
v 3.89457864 -0.22039682 0.23121952
v 3.89187563 -0.22185013 0.23072850
v 3.89053178 -0.22253462 0.23053062
v 3.88980729 -0.18710917 0.23043190
v 3.88949210 -0.22303800 0.23039841
v 3.88839680 -0.22352940 0.23027999
v 3.88664550 -0.18710917 0.23013237
v 3.88489510 -0.22249991 0.23004057
v 3.88269986 -0.18710917 0.22999277
v 3.88607055 -0.22409191 0.23009848
v 3.88551975 -0.22338676 0.23006856
v 3.90367497 -0.18710917 0.23389442
v 3.90297402 -0.21543590 0.23364142
v 3.90735508 -0.21265277 0.23548683
v 3.90949834 -0.18710917 0.23653411
v 3.92121226 -0.18710917 0.24462436
v 3.92187256 -0.20265229 0.24522218
v 3.92527337 -0.20012962 0.24860571
v 3.92362852 -0.20135729 0.24690216
v 3.92411966 -0.18710917 0.24737999
v 3.92359484 -0.29223629 0.24686837
v 3.92513580 -0.29338639 0.24845834
v 3.92473794 -0.30065728 0.24803512
v 3.92936302 -0.18710917 0.25352953
v 3.92984451 -0.19661007 0.25421172
v 3.93542220 -0.18710917 0.26376326
v 3.93490930 -0.19248815 0.26272963
v 3.93693026 -0.19074101 0.26741962
v 3.93597176 -0.19157897 0.26505601
v 3.93757280 -0.19016118 0.26921404
v 3.93903478 -0.18877216 0.27420124
v 3.94005683 -0.18776616 0.27938510
v 3.93984379 -0.18797817 0.27807349
v 3.94035276 -0.30738763 0.28162084
v 3.94003483 -0.30725025 0.27923985
v 3.94013169 -0.30592808 0.27988032
v 3.94060579 -0.18718316 0.28470346
v 3.94064578 -0.30648245 0.28548817
v 3.94061705 -0.30750137 0.28480425
v 3.94048282 -0.30629605 0.28298699
v 3.94057783 -0.30640265 0.28423571
v 3.94066682 -0.18710917 0.28604546
v 3.94036182 -0.30616515 0.28174289
v 3.93983980 -0.30563715 0.27804715
v 3.93962898 -0.30707611 0.27688312
v 3.93961379 -0.30541565 0.27683064
v 3.93936380 -0.30517015 0.27562364
v 3.93908979 -0.30490064 0.27442714
v 3.93893435 -0.30677606 0.27377612
v 3.93867644 -0.30449461 0.27280095
v 3.93806918 -0.30640323 0.27071495
v 3.93794419 -0.30379653 0.27032186
v 3.93716069 -0.30308456 0.26804212
v 3.93705108 -0.30596385 0.26773424
v 3.93629905 -0.30232329 0.26582879
v 3.93431230 -0.30062841 0.26153087
v 3.93534358 -0.30150101 0.26365095
v 3.93453200 -0.30487870 0.26196349
v 3.93304963 -0.30423916 0.25919860
v 3.93202187 -0.29874684 0.25747606
v 3.93320889 -0.29971441 0.25948423
v 3.93078013 -0.29775097 0.25555682
v 3.92966235 -0.30277935 0.25395165
v 3.92945327 -0.29670174 0.25367231
v 3.92806835 -0.29562182 0.25186021
v 3.92776914 -0.30196313 0.25148771
v 3.92663236 -0.29451977 0.25012927
v 3.92627682 -0.30131963 0.24972465
v 3.92256577 -0.29972073 0.24586285
v 3.91782064 -0.28805247 0.24182551
v 3.91428865 -0.28559388 0.23934077
v 3.91543300 -0.29664643 0.24011575
v 3.91247297 -0.29536986 0.23821324
v 3.91048778 -0.28302374 0.23707598
v 3.90905726 -0.29389847 0.23633550
v 3.90648760 -0.28040588 0.23508784
v 3.90365411 -0.29156951 0.23391274
v 3.89614285 -0.27410296 0.23157700
v 3.89720733 -0.28879056 0.23183062
v 3.89403749 -0.27292722 0.23111550
v 3.89363921 -0.18710917 0.23102545
v 3.89295996 -0.28695968 0.23090322
v 3.89160586 -0.27162711 0.23068419
v 3.88932270 -0.28539238 0.23037376
v 3.88784051 -0.26986295 0.23022798
v 3.88895631 -0.27033446 0.23033769
v 3.88623197 -0.28406024 0.23010434
v 3.88704211 -0.26958967 0.23016266
v 3.88765378 -0.22382397 0.23021186
v 3.88705135 -0.22402651 0.23016335
v 3.88666058 -0.22412403 0.23013527
v 3.88617629 -0.24942570 0.23010408
v 3.88587732 -0.24337440 0.23008674
v 3.88652134 -0.24509094 0.23012562
v 3.88638968 -0.22415801 0.23011749
v 3.88619084 -0.22414713 0.23010515
v 3.88431037 -0.23821394 0.23002221
v 3.88470579 -0.23969176 0.23003470
v 3.88446409 -0.25481169 0.23002676
v 3.88416881 -0.25598666 0.23001856
v 3.88429744 -0.22166297 0.23002198
v 3.88409556 -0.22143610 0.23001677
v 3.88394339 -0.23665711 0.23001319
v 3.88394035 -0.22130381 0.23001319
v 3.88382179 -0.22124666 0.23001076
v 3.88372380 -0.22123676 0.23000897
v 3.88363177 -0.22126956 0.23000746
v 3.88355781 -0.22133437 0.23000626
v 3.88358266 -0.25872582 0.23000670
v 3.88370032 -0.23549556 0.23000857
v 3.88390292 -0.25714121 0.23001246
v 3.88348437 -0.22144029 0.23000523
v 3.88347561 -0.23429085 0.23000518
v 3.88337583 -0.22169766 0.23000388
v 3.88331569 -0.26029864 0.23000325
v 3.88327337 -0.22211611 0.23000276
v 3.88309468 -0.26192118 0.23000136
v 3.88328201 -0.23308871 0.23000292
v 3.88308985 -0.22353886 0.23000152
v 3.88317580 -0.22273817 0.23000196
v 3.88300497 -0.22480657 0.23000088
v 3.88311351 -0.23184532 0.23000149
v 3.88298262 -0.23063588 0.23000050
v 3.88294471 -0.22620987 0.23000051
v 3.88293065 -0.26358153 0.23000021
v 3.88288713 -0.22936142 0.23000009
v 3.88284785 -0.22813081 0.22999948
v 3.88287277 -0.22727846 0.23000026
v 3.88286478 -0.26475905 0.23000017
v 3.88269986 -0.28253758 0.22999385
v 3.88489927 -0.25325229 0.23004156
v 3.88503892 -0.24083150 0.23004705
v 3.88525380 -0.25209866 0.23005616
v 3.88563145 -0.25094826 0.23007388
v 3.88539470 -0.24195747 0.23006251
v 3.88674916 -0.24796081 0.23014123
v 3.88723452 -0.24681217 0.23017773
v 3.88609881 -0.26950896 0.23009965
v 3.88619477 -0.26947346 0.23010536
v 3.88559205 -0.27013228 0.23007193
v 3.88602162 -0.26958328 0.23009517
v 3.88498110 -0.27099358 0.23004399
v 3.88432557 -0.27191959 0.23002278
v 3.88414902 -0.27212782 0.23001813
v 3.88317276 -0.27085916 0.23000186
v 3.88309188 -0.27009606 0.23000158
v 3.88287277 -0.26637345 0.23000026
v 3.88293279 -0.26720760 0.23000045
v 3.88284976 -0.26556635 0.23000017
v 3.88300789 -0.26886888 0.23000090
v 3.88327248 -0.27150210 0.23000272
v 3.88337083 -0.27190344 0.23000380
v 3.88347114 -0.27215417 0.23000503
v 3.88354577 -0.27226905 0.23000617
v 3.88370479 -0.27237876 0.23000867
v 3.88361580 -0.27233776 0.23000716
v 3.88389380 -0.27234056 0.23001227
v 3.88380278 -0.27237686 0.23001046
v 3.88400061 -0.27226922 0.23001444
v 3.88633204 -0.26945929 0.23011382
v 3.88662071 -0.26948692 0.23013256
v 3.89006633 -0.27085521 0.23046904
v 3.90638316 -0.29274565 0.23505061
v 3.91800547 -0.29775507 0.24197542
v 3.93142099 -0.30353763 0.25652183
v 3.93586470 -0.30545318 0.26480212
v 3.93852506 -0.30659935 0.30375540
v 3.93225281 -0.30389599 0.31815018
v 3.90773707 -0.29332916 0.34032291
v 3.88842845 -0.27010254 0.34571690
v 3.88723582 -0.24680946 0.34582226
v 3.88668704 -0.24550856 0.34586317
v 3.88675243 -0.24795434 0.34585851
v 3.88617528 -0.24943229 0.34589599
v 3.88607598 -0.24392168 0.34590175
v 3.88478780 -0.27127508 0.34596257
v 3.88439906 -0.23855554 0.34597518
v 3.88437581 -0.25515646 0.34597576
v 3.88408077 -0.25635456 0.34598365
v 3.88407582 -0.23724136 0.34598366
v 3.88377339 -0.23586365 0.34599015
v 3.88375026 -0.25787186 0.34599048
v 3.88352150 -0.23455231 0.34599412
v 3.88345415 -0.25945123 0.34599516
v 3.88329995 -0.23321002 0.34599695
v 3.88320852 -0.26103585 0.34599786
v 3.88379985 -0.27237755 0.34598957
v 3.88369882 -0.27237786 0.34599136
v 3.88316882 -0.27082666 0.34599806
v 3.88288242 -0.26429651 0.34599928
v 3.88308907 -0.27006136 0.34599872
v 3.88300598 -0.26883224 0.34599907
v 3.88285083 -0.26546146 0.34599976
v 3.88286847 -0.22900221 0.34599960
v 3.88293809 -0.26728216 0.34599949
v 3.88286901 -0.26632801 0.34599977
v 3.90836580 -0.29360023 0.23598805
v 3.90969677 -0.29417391 0.23666626
v 3.91101176 -0.29474069 0.23737956
v 3.82710383 -0.25857336 0.27147489
v 3.89868581 -0.28942754 0.34375355
v 3.82667182 -0.25838736 0.27300379
v 3.91852379 -0.29797870 0.24238635
v 3.91609777 -0.29693300 0.24058115
v 3.91732181 -0.29746054 0.24146715
v 3.92919077 -0.30257659 0.25332225
v 3.92086281 -0.29898660 0.24432385
v 3.92310578 -0.29995351 0.24639045
v 3.92727782 -0.30175169 0.25089434
v 3.92524678 -0.30087627 0.24858205
v 3.91231079 -0.29530053 0.23812815
v 3.91359180 -0.29585264 0.23891135
v 3.91970480 -0.29848772 0.24333885
v 3.91485477 -0.29639711 0.23972925
v 3.92824979 -0.30217070 0.25209425
v 3.92199678 -0.29947549 0.24534145
v 3.92418976 -0.30042070 0.24747104
v 3.92627580 -0.30132018 0.24972354
v 3.93010176 -0.30296914 0.25457795
v 3.93098082 -0.30334785 0.25586024
v 3.93182577 -0.30371241 0.25716854
v 3.93263878 -0.30406244 0.25850204
v 3.93341578 -0.30439751 0.25985954
v 3.93486383 -0.30502155 0.26264374
v 3.93415780 -0.30471739 0.26124064
v 3.90702081 -0.29302029 0.23534546
v 3.93616278 -0.30558175 0.26551334
v 3.93553282 -0.30530985 0.26406864
v 3.90566082 -0.29243428 0.23473866
v 3.90428878 -0.29184267 0.23416765
v 3.93730880 -0.30607565 0.26845964
v 3.93675579 -0.30583725 0.26697784
v 3.90150780 -0.29064404 0.23313416
v 3.90290380 -0.29124581 0.23363275
v 3.93782278 -0.30629705 0.26995924
v 3.93829580 -0.30650086 0.27147354
v 3.90010077 -0.29003775 0.23267195
v 3.93872782 -0.30668705 0.27300334
v 3.89868481 -0.28942724 0.23224626
v 3.93911781 -0.30685525 0.27454534
v 3.89725978 -0.28881300 0.23185726
v 3.89582581 -0.28819517 0.23150496
v 3.93946579 -0.30700535 0.27610014
v 3.93977179 -0.30713705 0.27766474
v 3.89438576 -0.28757437 0.23118946
v 3.94003483 -0.30725035 0.27923929
v 3.89293880 -0.28695066 0.23091096
v 3.89148677 -0.28632471 0.23066946
v 3.94025382 -0.30734495 0.28082093
v 3.88856876 -0.28506679 0.23029767
v 3.89002980 -0.28569650 0.23046497
v 3.94042977 -0.30742085 0.28240975
v 3.88710381 -0.28443546 0.23016747
v 3.88563777 -0.28380335 0.23007436
v 3.94056180 -0.30747775 0.28400295
v 3.94064977 -0.30751575 0.28560031
v 3.88416881 -0.28317065 0.23001856
v 3.94069382 -0.30753485 0.28719937
v 3.88269980 -0.28253726 0.22999996
v 3.94069382 -0.30753485 0.28879952
v 3.94064978 -0.30751586 0.29039867
v 3.88122977 -0.28190376 0.23001857
v 3.87536980 -0.27937755 0.23046507
v 3.87683077 -0.28000756 0.23029767
v 3.94025383 -0.30734506 0.29517773
v 3.87829478 -0.28063866 0.23016747
v 3.94056180 -0.30747786 0.29199581
v 3.94042977 -0.30742085 0.29358931
v 3.87245978 -0.27812346 0.23091107
v 3.93946579 -0.30700545 0.29989914
v 3.87101282 -0.27749986 0.23118957
v 3.94003483 -0.30725045 0.29675989
v 3.93977180 -0.30713726 0.29833393
v 3.87391276 -0.27874955 0.23066957
v 3.93872783 -0.30668715 0.30299613
v 3.93829582 -0.30650105 0.30452504
v 3.86671377 -0.27564685 0.23224638
v 3.86957277 -0.27687896 0.23150507
v 3.93911782 -0.30685535 0.30145324
v 3.93675582 -0.30583735 0.30902174
v 3.86249479 -0.27382826 0.23363298
v 3.93730978 -0.30607595 0.30753903
v 3.86389079 -0.27443006 0.23313428
v 3.93782279 -0.30629705 0.30604044
v 3.85837878 -0.27205386 0.23534558
v 3.93486480 -0.30502186 0.31335503
v 3.85703279 -0.27147375 0.23598828
v 3.93616382 -0.30558205 0.31048543
v 3.93553284 -0.30531005 0.31193074
v 3.85973777 -0.27263976 0.23473878
v 3.93263881 -0.30406268 0.31749724
v 3.85308881 -0.26977376 0.23812847
v 3.85438682 -0.27033335 0.23737999
v 3.93341682 -0.30439787 0.31613934
v 3.85570182 -0.27090036 0.23666638
v 3.93415783 -0.30471759 0.31475874
v 3.84930082 -0.26814096 0.24058168
v 3.85054477 -0.26867726 0.23972948
v 3.93010281 -0.30296946 0.32142123
v 3.85180678 -0.26922135 0.23891188
v 3.93182681 -0.30371276 0.31883044
v 3.93098084 -0.30334814 0.32013904
v 3.84687479 -0.26709526 0.24238688
v 3.92727785 -0.30175202 0.32510484
v 3.84569379 -0.26658656 0.24333918
v 3.92919182 -0.30257689 0.32267694
v 3.92824982 -0.30217099 0.32390494
v 3.84807779 -0.26761375 0.24146738
v 3.92418979 -0.30042095 0.32852844
v 3.84229281 -0.26512056 0.24639108
v 3.84340282 -0.26559876 0.24534178
v 3.92524682 -0.30087663 0.32741714
v 3.84453680 -0.26608746 0.24432448
v 3.92627685 -0.30132045 0.32627574
v 3.83912280 -0.26375396 0.24972409
v 3.84015282 -0.26419776 0.24858279
v 3.92086386 -0.29898702 0.33167555
v 3.84120979 -0.26465346 0.24747147
v 3.92310684 -0.29995391 0.32960885
v 3.92199682 -0.29947572 0.33065815
v 3.83714976 -0.26290346 0.25209498
v 3.91732185 -0.29746067 0.33453264
v 3.83620783 -0.26249756 0.25332299
v 3.91970586 -0.29848790 0.33266085
v 3.91852485 -0.29797913 0.33361315
v 3.83812180 -0.26332235 0.25089508
v 3.91359280 -0.29585304 0.33708815
v 3.83357284 -0.26136166 0.25716939
v 3.83441881 -0.26172626 0.25586089
v 3.91485482 -0.29639721 0.33627045
v 3.83529678 -0.26210496 0.25457869
v 3.91609882 -0.29693342 0.33541834
v 3.83124182 -0.26035686 0.26124129
v 3.83198282 -0.26067656 0.25986059
v 3.90969783 -0.29417409 0.33933345
v 3.83276078 -0.26101176 0.25850269
v 3.91231083 -0.29530067 0.33787155
v 3.91101282 -0.29474108 0.33861994
v 3.82986680 -0.25976446 0.26406918
v 3.90566182 -0.29243464 0.34126105
v 3.82923583 -0.25949236 0.26551459
v 3.90836686 -0.29360060 0.34001155
v 3.90702087 -0.29302052 0.34065425
v 3.83053580 -0.26005256 0.26264489
v 3.90150786 -0.29064432 0.34286566
v 3.82757680 -0.25877736 0.26995949
v 3.82808981 -0.25899856 0.26846089
v 3.90290487 -0.29124615 0.34236705
v 3.82864383 -0.25923706 0.26697819
v 3.90428883 -0.29184294 0.34183216
v 3.89725983 -0.28881326 0.34414265
v 3.89582682 -0.28819548 0.34449495
v 3.90010184 -0.29003806 0.34332785
v 3.82593379 -0.25806906 0.27610079
v 3.89293981 -0.28695098 0.34508885
v 3.82562785 -0.25793726 0.27766599
v 3.82628183 -0.25821906 0.27454669
v 3.88856882 -0.28506690 0.34570226
v 3.82496981 -0.25765356 0.28241061
v 3.82514582 -0.25772936 0.28082220
v 3.89002985 -0.28569681 0.34553486
v 3.82536481 -0.25782396 0.27924003
v 3.89148683 -0.28632488 0.34533046
v 3.82470582 -0.25753956 0.28720041
v 3.82474981 -0.25755856 0.28560126
v 3.88416982 -0.28317066 0.34598137
v 3.82483785 -0.25759656 0.28400412
v 3.88710481 -0.28443576 0.34583247
v 3.88563782 -0.28380345 0.34592556
v 3.82474982 -0.25755866 0.29039962
v 3.87976283 -0.28127105 0.34592557
v 3.82483785 -0.25759666 0.29199698
v 3.88269985 -0.28253725 0.34599997
v 3.82470582 -0.25753956 0.28880056
v 3.87391282 -0.27874975 0.34533047
v 3.82514583 -0.25772946 0.29517899
v 3.87536985 -0.27937795 0.34553497
v 3.87829584 -0.28063895 0.34583256
v 3.82496982 -0.25765366 0.29359018
v 3.82593380 -0.25806906 0.29989979
v 3.87101383 -0.27750006 0.34481037
v 3.86957384 -0.27687925 0.34449497
v 3.82536482 -0.25782406 0.29676064
v 3.87246085 -0.27812376 0.34508897
v 3.82667183 -0.25838736 0.30299659
v 3.86671484 -0.27564716 0.34375367
v 3.82710384 -0.25857366 0.30452639
v 3.86813981 -0.27626146 0.34414267
v 3.82628184 -0.25821926 0.30145459
v 3.86111087 -0.27323176 0.34183227
v 3.82809084 -0.25899876 0.30754029
v 3.86249585 -0.27382866 0.34236717
v 3.86389185 -0.27443036 0.34286577
v 3.82986683 -0.25976446 0.31193129
v 3.82923585 -0.25949266 0.31048669
v 3.83053583 -0.26005286 0.31335618
v 3.85973883 -0.27264015 0.34126128
v 3.83198386 -0.26067696 0.31614038
v 3.85438782 -0.27033376 0.33862028
v 3.83276081 -0.26101196 0.31749789
v 3.83124184 -0.26035696 0.31475928
v 3.83812284 -0.26332276 0.32510548
v 3.83714980 -0.26290376 0.32390558
v 3.83620882 -0.26249785 0.32267759
v 3.85180784 -0.26922175 0.33708848
v 3.83441883 -0.26172656 0.32013968
v 3.84340287 -0.26559896 0.33065848
v 3.84229386 -0.26512096 0.32960949
v 3.84453685 -0.26608786 0.33167608
v 3.84687585 -0.26709565 0.33361369
v 3.84569484 -0.26658666 0.33266109
v 3.84930182 -0.26814136 0.33541887
v 3.83357382 -0.26136206 0.31883138
v 3.84807784 -0.26761386 0.33453288
v 3.85308886 -0.26977396 0.33787168
v 3.84015286 -0.26419816 0.32741779
v 3.85054482 -0.26867726 0.33627068
v 3.83912385 -0.26375426 0.32627638
v 3.84120984 -0.26465376 0.32852889
v 3.83529783 -0.26210526 0.32142199
v 3.85570282 -0.27090056 0.33933357
v 3.85703385 -0.27147416 0.34001178
v 3.85837883 -0.27205416 0.34065437
v 3.82864385 -0.25923716 0.30902209
v 3.86529888 -0.27503665 0.34332798
v 3.82757681 -0.25877736 0.30604069
v 3.82562785 -0.25793736 0.29833519
v 3.87683082 -0.28000765 0.34570237
v 3.88122982 -0.28190375 0.34598136
v 3.89438683 -0.28757459 0.34481035
v 3.86111082 -0.27323146 0.23416777
v 3.86529781 -0.27503635 0.23267208
v 3.86813975 -0.27626115 0.23185737
v 3.87976176 -0.28127096 0.23007437
v 3.87239201 -0.18710917 0.23089694
v 3.87860007 -0.18710917 0.23011904
v 3.87760175 -0.28033916 0.23019960
v 3.86734218 -0.27591747 0.23206542
v 3.86314918 -0.18710917 0.23336247
v 3.86776425 -0.18710917 0.23195029
v 3.87156833 -0.27773928 0.23105299
v 3.85908188 -0.27235708 0.23502019
v 3.85561993 -0.27086471 0.23669463
v 3.85715522 -0.18710917 0.23589866
v 3.84622695 -0.26681617 0.24289467
v 3.84841653 -0.18710917 0.24120008
v 3.84872361 -0.26789258 0.24098739
v 3.84043857 -0.18710917 0.24823808
v 3.84229281 -0.26512045 0.24638968
v 3.84070881 -0.26443777 0.24798537
v 3.83485446 -0.26191457 0.25520549
v 3.83634981 -0.18710917 0.25308825
v 3.83665522 -0.26269119 0.25272114
v 3.83282033 -0.18710917 0.25834983
v 3.83159814 -0.26051117 0.26055425
v 3.83018306 -0.25990091 0.26337008
v 3.83057932 -0.18710917 0.26254155
v 3.82863793 -0.18710917 0.26691631
v 3.82710687 -0.18710917 0.27144281
v 3.82782296 -0.25888339 0.26921010
v 3.82687709 -0.25847614 0.27223616
v 3.82590381 -0.18710917 0.27610956
v 3.82524477 -0.25777220 0.28003116
v 3.82494156 -0.18710917 0.28241564
v 3.82489274 -0.25762056 0.28320768
v 3.82489281 -0.25762060 0.29279257
v 3.82467781 -0.18710917 0.28880016
v 3.82471655 -0.25754425 0.28958812
v 3.82576983 -0.25799828 0.29911677
v 3.82590698 -0.18710917 0.29990565
v 3.82524447 -0.25777221 0.29597003
v 3.83160418 -0.26051361 0.31545492
v 3.83202302 -0.18710917 0.31626629
v 3.83018678 -0.25990231 0.31263706
v 3.83485234 -0.26191330 0.32079183
v 3.83664286 -0.26268581 0.32326198
v 3.83496755 -0.18710917 0.32097350
v 3.83834076 -0.18710917 0.32540746
v 3.83861720 -0.26353694 0.32569952
v 3.84067452 -0.26442295 0.32797986
v 3.84284610 -0.26535828 0.33014554
v 3.84457481 -0.18710917 0.33173046
v 3.84160805 -0.18710917 0.32893882
v 3.84509588 -0.26632873 0.33216294
v 3.84687382 -0.26709496 0.33361468
v 3.84862352 -0.26784934 0.33493842
v 3.84908177 -0.18710917 0.33529458
v 3.85117794 -0.26895017 0.33669308
v 3.85371334 -0.18710917 0.33825209
v 3.85443223 -0.27035297 0.33865144
v 3.85856623 -0.18710917 0.34076949
v 3.85769708 -0.27176013 0.34033745
v 3.86044020 -0.27294234 0.34156419
v 3.86313851 -0.27410541 0.34260424
v 3.86313892 -0.18710917 0.34260883
v 3.86585564 -0.27527686 0.34350534
v 3.86702776 -0.18710917 0.34385622
v 3.86876536 -0.27653081 0.34430586
v 3.87237758 -0.18710917 0.34510024
v 3.87310780 -0.27840284 0.34522604
v 3.87913376 -0.28099936 0.34591527
v 3.88269985 -0.28253725 0.34599997
v 3.88269985 -0.18710917 0.34599996
v 3.87859130 -0.18710917 0.34588013
v 3.83315712 -0.26118281 0.31816787
v 3.82923424 -0.18710917 0.31055116
v 3.82923585 -0.25949226 0.31048578
v 3.82835590 -0.25911350 0.30828329
v 3.82732969 -0.18710917 0.30531477
v 3.82733016 -0.25867130 0.30528623
v 3.82646363 -0.25829766 0.30221693
v 3.82503592 -0.18710917 0.29436940
v 3.82471685 -0.25754445 0.28640037
v 3.82562785 -0.25793736 0.27766509
v 3.82609676 -0.25813938 0.27532278
v 3.82892671 -0.25935935 0.26624951
v 3.83314904 -0.26117928 0.25784676
v 3.83860430 -0.26353131 0.25031315
v 3.84459450 -0.18710917 0.24425079
v 3.84391179 -0.26581774 0.24487700
v 3.85235943 -0.18710917 0.23855317
v 3.85147537 -0.26907836 0.23910626
v 3.86183276 -0.27354276 0.23387905
v 3.86450918 -0.27469630 0.23292264
v 3.88269968 -0.28253699 0.22999021
v 3.88269980 -0.18710917 0.22999996
v 3.94369980 -0.30476949 0.28584761
v 3.94369980 -0.30460681 0.28315718
v 3.94418480 -0.30475218 0.28542441
v 3.94474782 -0.30473732 0.28510932
v 3.94535979 -0.30472732 0.28491495
v 3.94599982 -0.30472384 0.28484994
v 3.94369978 -0.29707049 0.25902451
v 3.94899984 -0.29791476 0.26054058
v 3.94369979 -0.29953859 0.26380520
v 3.94899983 -0.30022356 0.26535672
v 3.94369980 -0.30155289 0.26879306
v 3.94369979 -0.29416981 0.25449257
v 3.94369978 -0.29086292 0.25025031
v 3.94899982 -0.29202015 0.25164437
v 3.94899983 -0.29517263 0.25595688
v 3.94899982 -0.28459734 0.24397958
v 3.94899982 -0.28848522 0.24764082
v 3.94369978 -0.28717711 0.24633233
v 3.94369978 -0.26931582 0.23452856
v 3.94899981 -0.27115941 0.23534307
v 3.94369978 -0.27417526 0.23684484
v 3.94899982 -0.26621427 0.23332731
v 3.94369978 -0.26426425 0.23267317
v 3.94369977 -0.25906362 0.23129413
v 3.94899982 -0.26110527 0.23177488
v 3.94369978 -0.25375410 0.23040244
v 3.94899982 -0.25587630 0.23069882
v 3.94899981 -0.25056978 0.23010792
v 3.94369978 -0.24950416 0.23006243
v 3.94369977 -0.24680946 0.22999993
v 3.94899982 -0.24680946 0.22999993
v 3.94899982 -0.27589598 0.23780375
v 3.94369978 -0.27879632 0.23959984
v 3.94899982 -0.28038917 0.24069133
v 3.94369978 -0.28314350 0.24277199
v 3.94899983 -0.30207991 0.27036558
v 3.94369979 -0.30309662 0.27394632
v 3.94899984 -0.30346758 0.27552379
v 3.94899984 -0.30437488 0.28078765
v 3.94369980 -0.30415648 0.27922038
v 3.94899984 -0.30472384 0.28484993
v 3.94899984 -0.18880787 0.28734179
v 3.94369980 -0.18878509 0.28857356
v 3.94899984 -0.18889488 0.29140510
v 3.94369981 -0.18920058 0.29495497
v 3.94899985 -0.18927221 0.29534843
v 3.94899985 -0.19006774 0.30014548
v 3.94369981 -0.19015627 0.30049317
v 3.94369982 -0.19138474 0.30513836
v 3.94899985 -0.19150295 0.30551664
v 3.94369982 -0.19326548 0.31036349
v 3.94899985 -0.19282600 0.30922173
v 3.94899985 -0.19477929 0.31368980
v 3.94369982 -0.19535570 0.31477916
v 3.94369982 -0.19767802 0.31887484
v 3.94899986 -0.19792103 0.31925692
v 3.94369982 -0.20090289 0.32347149
v 3.94899986 -0.20063324 0.32310445
v 3.94369983 -0.20450827 0.32772111
v 3.94899986 -0.20373077 0.32687589
v 3.94369983 -0.20913473 0.33213363
v 3.94899986 -0.20766486 0.33081696
v 3.94899986 -0.21133592 0.33390443
v 3.94369983 -0.21358737 0.33556015
v 3.94899987 -0.21593560 0.33713126
v 3.94369989 -0.21830030 0.33854099
v 3.94899987 -0.22003499 0.33945554
v 3.94899987 -0.22369354 0.34120962
v 3.94369882 -0.22402547 0.34136689
v 3.94899987 -0.22893994 0.34320661
v 3.94369882 -0.23003898 0.34355083
v 3.94899987 -0.23348642 0.34445394
v 3.94369882 -0.23548784 0.34489877
v 3.94899987 -0.23745620 0.34525485
v 3.94369882 -0.24099141 0.34573456
v 3.94899987 -0.24303932 0.34590414
v 3.94369882 -0.24680920 0.34601766
v 3.94899987 -0.24680946 0.34599993
v 3.94899985 -0.18897715 0.28340385
v 3.94369980 -0.18907363 0.28219488
v 3.94899984 -0.18944922 0.27937301
v 3.94899984 -0.19015627 0.27550665
v 3.94369980 -0.19006775 0.27585433
v 3.94899984 -0.19138476 0.27086143
v 3.94369980 -0.19150296 0.27048321
v 3.94899982 -0.19326548 0.26563637
v 3.94369980 -0.19282600 0.26677809
v 3.94369979 -0.19477929 0.26231007
v 3.94899983 -0.19535571 0.26122070
v 3.94899983 -0.19767803 0.25712501
v 3.94369979 -0.19792103 0.25674295
v 3.94899983 -0.20090295 0.25252829
v 3.94369979 -0.20063330 0.25289534
v 3.94899982 -0.20450829 0.24827874
v 3.94369979 -0.20319232 0.24974849
v 3.94369979 -0.20708973 0.24569826
v 3.94899982 -0.20913475 0.24386623
v 3.94369978 -0.21133590 0.24209544
v 3.94899983 -0.21358736 0.24043973
v 3.94369978 -0.21593563 0.23886858
v 3.94899981 -0.21699547 0.23824297
v 3.94899983 -0.22043579 0.23632680
v 3.94369978 -0.22003496 0.23654433
v 3.94369978 -0.22369351 0.23479026
v 3.94899982 -0.22479124 0.23432640
v 3.94369977 -0.22893995 0.23279326
v 3.94899982 -0.23003895 0.23244905
v 3.94899982 -0.23548789 0.23110110
v 3.94369978 -0.23348644 0.23154594
v 3.94369978 -0.23745624 0.23074502
v 3.94899981 -0.24099140 0.23026531
v 3.94369978 -0.24303929 0.23009572
v 3.94899982 -0.24680920 0.22998220
v 3.94369977 -0.24680946 0.22999993
v 3.94899986 -0.30472384 0.29114993
v 3.94899985 -0.30437471 0.29521096
v 3.94369981 -0.30460706 0.29284277
v 3.94369982 -0.29707064 0.31697568
v 3.94369982 -0.29953855 0.31219568
v 3.94899985 -0.29791465 0.31545886
v 3.94899986 -0.29517248 0.32004286
v 3.94899986 -0.29202072 0.32435478
v 3.94369982 -0.29417036 0.32150672
v 3.94370001 -0.28313868 0.33323172
v 3.94899986 -0.28038947 0.33530844
v 3.94369869 -0.27879631 0.33639983
v 3.94899987 -0.27589792 0.33819527
v 3.94369882 -0.26931705 0.34147031
v 3.94899987 -0.26621426 0.34267315
v 3.94369882 -0.26426589 0.34332560
v 3.94899987 -0.27115982 0.34065705
v 3.94899987 -0.26110803 0.34422492
v 3.94369882 -0.25906320 0.34470520
v 3.94369882 -0.25375472 0.34559683
v 3.94899987 -0.25587782 0.34530140
v 3.94899987 -0.25057100 0.34589215
v 3.94369881 -0.24950406 0.34593724
v 3.94369882 -0.24680946 0.34599993
v 3.94369882 -0.27417456 0.33915500
v 3.94899987 -0.24680946 0.34599993
v 3.94899986 -0.28459705 0.33202053
v 3.94369983 -0.28717617 0.32966848
v 3.94899986 -0.28848529 0.32835893
v 3.94369982 -0.29086287 0.32574965
v 3.94899985 -0.30022304 0.31064327
v 3.94899985 -0.30207949 0.30563399
v 3.94369982 -0.30155300 0.30720804
v 3.94369981 -0.30309690 0.30205482
v 3.94899985 -0.30346725 0.30047534
v 3.94369981 -0.30415674 0.29678088
v 3.94599982 -0.30472384 0.29114994
v 3.94474377 -0.30473751 0.29088870
v 3.94418380 -0.30475230 0.29057470
v 3.94369981 -0.30476949 0.29015226
v 3.94535877 -0.30472739 0.29108459
v 4.49902960 -0.18640917 0.29034401
v 4.49918410 -0.18638826 0.28916277
v 4.49909850 -0.18636536 0.29156889
v 4.48647199 -0.18637683 0.31935271
v 4.48758969 -0.18640917 0.31797220
v 4.48831508 -0.18637535 0.31734093
v 4.48999641 -0.18639072 0.31521269
v 4.48910961 -0.18640917 0.31618889
v 4.48426948 -0.18641305 0.32128807
v 4.48460672 -0.18634464 0.32119425
v 4.48596964 -0.18640917 0.31967326
v 4.47814665 -0.18636621 0.32608851
v 4.47579716 -0.18637710 0.32744035
v 4.47669969 -0.18640917 0.32679197
v 4.48034428 -0.18637317 0.32460745
v 4.48062966 -0.18640917 0.32423803
v 4.48246084 -0.18638753 0.32297035
v 4.48248968 -0.18640917 0.32281073
v 4.47463964 -0.18640917 0.32791122
v 4.47869967 -0.18640917 0.32556626
v 4.47253512 -0.18642097 0.32891449
v 4.47106837 -0.18638288 0.32965967
v 4.47034965 -0.18640917 0.32981810
v 4.46814607 -0.18641914 0.33059975
v 4.46361016 -0.18641881 0.33181498
v 4.46382748 -0.18633540 0.33193109
v 4.46140288 -0.18632377 0.33239886
v 4.46625970 -0.18634852 0.33131787
v 4.46589218 -0.18641881 0.33126709
v 4.46869419 -0.18632839 0.33059391
v 4.45899211 -0.18634796 0.33269367
v 4.45660816 -0.18620202 0.33294282
v 4.45662509 -0.18634787 0.33287952
v 4.45429967 -0.18632884 0.33295987
v 4.45429967 -0.18620338 0.33299706
v 4.49053965 -0.18640916 0.31432791
v 4.49157104 -0.18638249 0.31305309
v 4.49186966 -0.18640917 0.31239523
v 4.49308810 -0.18641974 0.31040021
v 4.49546251 -0.18633467 0.30607613
v 4.49521908 -0.18641378 0.30622061
v 4.49612090 -0.18641293 0.30404927
v 4.49689969 -0.18640917 0.30184098
v 4.49723503 -0.18637437 0.30122353
v 4.49756965 -0.18640917 0.29959215
v 4.49792573 -0.18636671 0.29877670
v 4.49845644 -0.18636816 0.29634018
v 4.49810967 -0.18640917 0.29731162
v 4.49640116 -0.18636968 0.30365385
v 4.49853965 -0.18640917 0.29500581
v 4.49883660 -0.18636831 0.29398121
v 4.49884960 -0.18640917 0.29268093
v 4.49921461 -0.18637310 0.28687622
v 4.49908968 -0.18640917 0.28799965
v 4.49903961 -0.18640917 0.28573068
v 4.49905129 -0.18639354 0.28455426
v 4.49885966 -0.18640917 0.28346743
v 4.49858077 -0.18641587 0.28122045
v 4.49105961 -0.18640918 0.26240917
v 4.48973412 -0.18642575 0.26059612
v 4.49165673 -0.18638363 0.26307817
v 4.48347969 -0.18640917 0.25400993
v 4.48265964 -0.18637720 0.25316664
v 4.48471076 -0.18637612 0.25493749
v 4.46882898 -0.18638396 0.24550971
v 4.46984965 -0.18640917 0.24599287
v 4.46770960 -0.18640918 0.24525878
v 4.45658320 -0.18620195 0.24305437
v 4.45912320 -0.18620134 0.24325821
v 4.45902199 -0.18629796 0.24327133
v 4.46332270 -0.18642043 0.24412415
v 4.46107966 -0.18640917 0.24372182
v 4.46149045 -0.18639238 0.24369356
v 4.45884174 -0.18642496 0.24343488
v 4.45665735 -0.18634859 0.24312214
v 4.45429963 -0.18632095 0.24303404
v 4.46390492 -0.18632781 0.24407706
v 4.46556163 -0.18642837 0.24464402
v 4.47124058 -0.18636951 0.24638066
v 4.47400684 -0.18642641 0.24777403
v 4.47195965 -0.18640917 0.24683455
v 4.47598404 -0.18637418 0.24866578
v 4.47603029 -0.18641133 0.24883255
v 4.48828966 -0.18640917 0.25882044
v 4.48841316 -0.18638560 0.25880464
v 4.48171968 -0.18640917 0.25257584
v 4.47988958 -0.18640917 0.25123307
v 4.48051292 -0.18637766 0.25152209
v 4.47798926 -0.18641424 0.24998328
v 4.48515958 -0.18640917 0.25553157
v 4.48676128 -0.18641385 0.25713762
v 4.49230964 -0.18640918 0.26430400
v 4.49307246 -0.18639196 0.26538487
v 4.49345965 -0.18640917 0.26625963
v 4.49451740 -0.18641911 0.26826532
v 4.49796434 -0.18633841 0.27729888
v 4.49766083 -0.18641575 0.27677454
v 4.49704071 -0.18641352 0.27459200
v 4.49817963 -0.18640918 0.27898206
v 4.49846764 -0.18636811 0.27972855
v 4.49726041 -0.18636881 0.27488490
v 4.49631085 -0.18641813 0.27244277
v 4.49646659 -0.18633697 0.27241291
v 4.49305913 -0.18633935 0.31076522
v 4.47351275 -0.18632131 0.32865414
v 4.45656175 -0.18641861 0.24326251
v 4.45429963 -0.18641960 0.24320541
v 4.47361941 -0.18630502 0.24738881
v 4.47827167 -0.18632958 0.24995824
v 4.48663170 -0.18635739 0.25678988
v 4.49883421 -0.18637073 0.28214122
v 4.49420998 -0.18642503 0.30833800
v 4.49433097 -0.18632634 0.30847021
v 4.49320657 -0.18620408 0.26536735
v 4.49179764 -0.18620012 0.26311918
v 4.49439855 -0.18633650 0.26768078
v 4.49545999 -0.18642554 0.27033086
v 4.49644730 -0.18620141 0.30376800
v 4.49014828 -0.18620066 0.31520738
v 4.46130775 -0.18641855 0.33224282
v 4.45663772 -0.18641863 0.33273289
v 4.45897745 -0.18641855 0.33254931
v 4.45429967 -0.18641766 0.33279369
v 4.46633232 -0.18629888 0.24466369
v 4.47595925 -0.18620379 0.24855014
v 4.48042256 -0.18620235 0.25135633
v 4.49015171 -0.18632006 0.26086267
v 4.49551077 -0.18632840 0.27002855
v 4.49656387 -0.18620209 0.27255799
v 4.49914988 -0.18627731 0.28448583
v 4.46143157 -0.18620447 0.24355922
v 4.47141916 -0.18620110 0.24638471
v 4.46882373 -0.18620133 0.24540553
v 4.48250193 -0.18620222 0.25293072
v 4.48456079 -0.18620194 0.25468763
v 4.48661370 -0.18620224 0.25667091
v 4.49804135 -0.18620278 0.27741744
v 4.49737735 -0.18620328 0.27496918
v 4.49927767 -0.18620269 0.28673722
v 4.49888548 -0.18620228 0.29411347
v 4.48843227 -0.18620223 0.31732811
v 4.48655424 -0.18620274 0.31939216
v 4.47384137 -0.18620258 0.24746248
v 4.48847885 -0.18620020 0.25872376
v 4.49442752 -0.18620332 0.26763763
v 4.49852343 -0.18620357 0.27967866
v 4.49890675 -0.18620164 0.28203185
v 4.49929317 -0.18620201 0.28892298
v 4.49542150 -0.18620333 0.30627079
v 4.49426338 -0.18620278 0.30869122
v 4.49172733 -0.18620240 0.31298919
v 4.48247860 -0.18620069 0.32308968
v 4.47823797 -0.18620287 0.32610222
v 4.48033843 -0.18620155 0.32470473
v 4.47130690 -0.18620170 0.32966634
v 4.46624218 -0.18620107 0.33138964
v 4.45910452 -0.18620159 0.33274541
v 4.49019773 -0.18620126 0.26086505
v 4.49732539 -0.18620113 0.30119379
v 4.49312327 -0.18620319 0.31075682
v 4.48458550 -0.18620080 0.32128926
v 4.47605894 -0.18620470 0.32739326
v 4.46388124 -0.18620310 0.33196732
v 4.45429963 -0.18620339 0.24300239
v 4.46375782 -0.18620279 0.24400470
v 4.48935766 -0.18620609 0.25979253
v 4.49546303 -0.18620240 0.26982559
v 4.49915477 -0.18620059 0.28452666
v 4.49914810 -0.18620158 0.29162605
v 4.49851617 -0.18620379 0.29636402
v 4.49803349 -0.18620126 0.29860158
v 4.47371863 -0.18620345 0.32859358
v 4.46879063 -0.18620073 0.33060250
v 4.46163474 -0.18620365 0.33239815
v 4.46624881 -0.18620086 0.24461559
v 4.47793252 -0.18620257 0.24970767
v 4.49926897 -0.18769315 0.28698684
v 4.49926897 -0.18772618 0.28901245
v 4.49916717 -0.18772616 0.28479619
v 4.49897977 -0.18769316 0.28278835
v 4.49867507 -0.18772618 0.28062792
v 4.49815829 -0.18769315 0.27794869
v 4.49763222 -0.18772618 0.27587684
v 4.49679287 -0.18769318 0.27324899
v 4.49604447 -0.18772616 0.27123054
v 4.49560364 -0.18769322 0.27020009
v 4.49449213 -0.18772609 0.26781203
v 4.49435933 -0.18769309 0.26754792
v 4.49305971 -0.18772683 0.26519962
v 4.49316163 -0.18769293 0.26534804
v 4.49076850 -0.18769328 0.26165028
v 4.49098046 -0.18772611 0.26194557
v 4.48747618 -0.18772616 0.25760098
v 4.48722489 -0.18769319 0.25732937
v 4.48397935 -0.18772616 0.25420132
v 4.48373277 -0.18769319 0.25398728
v 4.48079903 -0.18772662 0.25165566
v 4.48094661 -0.18769386 0.25177237
v 4.47793323 -0.18769313 0.24972602
v 4.47767646 -0.18772621 0.24957665
v 4.47405345 -0.18772618 0.24757305
v 4.47432453 -0.18769330 0.24772063
v 4.46984202 -0.18769315 0.24577388
v 4.46894211 -0.18772616 0.24545345
v 4.46587140 -0.18769319 0.24454090
v 4.46424133 -0.18772616 0.24412969
v 4.46245271 -0.18769318 0.24376306
v 4.46009547 -0.18772618 0.24339262
v 4.45759350 -0.18769316 0.24312601
v 4.45653981 -0.18772618 0.24308238
v 4.45429963 -0.18772617 0.24303172
v 4.45429963 -0.18769317 0.24303172
v 4.49916717 -0.18769318 0.29120369
v 4.49897989 -0.18772617 0.29320975
v 4.49867507 -0.18769315 0.29537137
v 4.49815830 -0.18772618 0.29805066
v 4.49763223 -0.18769315 0.30012246
v 4.49679288 -0.18772615 0.30275036
v 4.49604449 -0.18769318 0.30476876
v 4.49560365 -0.18772611 0.30579932
v 4.49435935 -0.18772625 0.30845149
v 4.49449215 -0.18769324 0.30818732
v 4.49305973 -0.18769251 0.31079968
v 4.49316165 -0.18772640 0.31065132
v 4.49098060 -0.18769322 0.31405355
v 4.49076829 -0.18772607 0.31434937
v 4.48747621 -0.18769318 0.31839838
v 4.48722491 -0.18772614 0.31867005
v 4.48373280 -0.18772614 0.32201203
v 4.48397944 -0.18769318 0.32179805
v 4.48094664 -0.18772548 0.32422694
v 4.48079906 -0.18769271 0.32434364
v 4.47793327 -0.18772620 0.32627341
v 4.47767649 -0.18769312 0.32642266
v 4.47405325 -0.18769315 0.32842645
v 4.47432433 -0.18772603 0.32827887
v 4.46984206 -0.18772618 0.33022556
v 4.46894227 -0.18769318 0.33054587
v 4.46587120 -0.18772614 0.33145854
v 4.46424149 -0.18769318 0.33186969
v 4.46245287 -0.18772615 0.33223626
v 4.46009563 -0.18769315 0.33260677
v 4.45759355 -0.18772617 0.33287344
v 4.45653985 -0.18769315 0.33291707
v 4.45429967 -0.18769317 0.33296773
v 4.45429967 -0.18772617 0.33296773
v 4.41603966 -0.29311905 0.26652753
v 4.47546969 -0.26910696 0.32659861
v 4.47331963 -0.26997526 0.32769540
v 4.41871960 -0.29203405 0.26231056
v 4.48153971 -0.26665426 0.32260158
v 4.47957967 -0.26744625 0.32405242
v 4.48343966 -0.26588875 0.32102873
v 4.42184968 -0.29077039 0.25844716
v 4.41486962 -0.29359285 0.26877254
v 4.48856971 -0.26381536 0.31568899
v 4.48695967 -0.26446616 0.31756582
v 4.42537958 -0.28934624 0.25497716
v 4.48524962 -0.26515736 0.31934538
v 4.42356963 -0.29007454 0.25665402
v 4.43122966 -0.28697942 0.25063275
v 4.43332965 -0.28613100 0.24940895
v 4.49277970 -0.26211216 0.30946829
v 4.42920966 -0.28779822 0.25196825
v 4.49148962 -0.26263665 0.31163992
v 4.49007962 -0.26320536 0.31371428
v 4.43768961 -0.28436945 0.24733101
v 4.49498960 -0.26122026 0.30492951
v 4.49394962 -0.26163966 0.30722971
v 4.43549961 -0.28525780 0.24830531
v 4.49730965 -0.26028426 0.29765524
v 4.44684965 -0.28067065 0.24468486
v 4.49779960 -0.26008576 0.29513343
v 4.49666962 -0.26054156 0.30014320
v 4.43992967 -0.28346645 0.24648265
v 4.44219965 -0.28254896 0.24575840
v 4.45158965 -0.27875526 0.24412022
v 4.45395965 -0.27779875 0.24403135
v 4.49837967 -0.25985186 0.28749622
v 4.44921965 -0.27971285 0.24433772
v 4.49832960 -0.25986996 0.29005386
v 4.49813970 -0.25994786 0.29259957
v 4.46104962 -0.27493526 0.24453363
v 4.49801966 -0.25999766 0.28235532
v 4.45867962 -0.27588886 0.24423841
v 4.45631963 -0.27684325 0.24407104
v 4.49705966 -0.26038416 0.27730473
v 4.46339959 -0.27398326 0.24495849
v 4.47025961 -0.27121065 0.24698749
v 4.49456961 -0.26139146 0.27008750
v 4.49226959 -0.26232006 0.26563539
v 4.49347968 -0.26183066 0.26782550
v 4.47246963 -0.27032086 0.24790802
v 4.47880966 -0.26775825 0.25141999
v 4.47673959 -0.26859375 0.25012180
v 4.47462959 -0.26944836 0.24895158
v 4.49092967 -0.26285936 0.26351668
v 4.48791964 -0.26407896 0.25952520
v 4.48947961 -0.26344835 0.26147058
v 4.48626966 -0.26474556 0.25769081
v 4.48079962 -0.26695366 0.25282934
v 4.48270959 -0.26618325 0.25434389
v 4.48452968 -0.26544716 0.25596430
v 4.46801967 -0.27211745 0.24618831
v 4.49552961 -0.26100286 0.27242203
v 4.49635966 -0.26066616 0.27483060
v 4.46572966 -0.27304165 0.24551150
v 4.49760969 -0.26016116 0.27981372
v 4.49826964 -0.25989406 0.28492655
v 4.44450969 -0.28161705 0.24515895
v 4.49589965 -0.26085396 0.30256762
v 4.42725963 -0.28858731 0.25341581
v 4.42022963 -0.29142445 0.26033496
v 4.41732962 -0.29259912 0.26437431
v 4.47755967 -0.26826395 0.32538422
v 4.47110961 -0.27086886 0.32867458
v 4.46885966 -0.27177946 0.32952884
v 4.41381963 -0.29401555 0.27109211
v 4.41213961 -0.29469305 0.27587735
v 4.41290970 -0.29438232 0.27346056
v 4.46426962 -0.27363085 0.33084962
v 4.46657966 -0.27270016 0.33025333
v 4.46194969 -0.27457146 0.33131901
v 4.41150959 -0.29494764 0.27834278
v 4.41101964 -0.29514541 0.28085750
v 4.45958970 -0.27552196 0.33166263
v 4.45721970 -0.27648236 0.33188001
v 4.41067966 -0.29528448 0.28341424
v 4.41048964 -0.29536247 0.28597241
v 4.41043969 -0.29538008 0.28852623
v 4.45482968 -0.27744825 0.33196840
v 4.45244966 -0.27840865 0.33192644
v 4.41054961 -0.29533799 0.29107576
v 4.45008968 -0.27936335 0.33175681
v 4.41079971 -0.29523571 0.29362088
v 4.41119966 -0.29507264 0.29616153
v 4.44773970 -0.28031225 0.33146039
v 4.44077967 -0.28312385 0.32980315
v 4.44539963 -0.28125545 0.33103744
v 4.44307969 -0.28219276 0.33048610
v 4.41174969 -0.29485043 0.29867136
v 4.41326961 -0.29423924 0.30351173
v 4.41243967 -0.29457222 0.30112105
v 4.43203972 -0.28665330 0.32585572
v 4.43629966 -0.28493315 0.32806681
v 4.43413971 -0.28580441 0.32702105
v 4.41787974 -0.29237649 0.31246864
v 4.41653964 -0.29291838 0.31033635
v 4.42999981 -0.28747961 0.32456963
v 4.42800973 -0.28828302 0.32316111
v 4.42424963 -0.28980331 0.31999211
v 4.42607961 -0.28906153 0.32162862
v 4.42250965 -0.29050585 0.31825822
v 4.41931961 -0.29179311 0.31449824
v 4.42085967 -0.29116933 0.31642752
v 4.41530964 -0.29341245 0.30811941
v 4.41421971 -0.29385261 0.30584442
v 4.43850969 -0.28403965 0.32899420
v 4.47762368 -0.26819636 0.32551231
v 4.47966717 -0.26733915 0.32421174
v 4.47772191 -0.26794559 0.32558265
v 4.46192168 -0.27449797 0.33153001
v 4.46427344 -0.27347542 0.33110383
v 4.46211682 -0.27420511 0.33158526
v 4.46886836 -0.27168737 0.32974508
v 4.46659170 -0.27253751 0.33050284
v 4.46562181 -0.27306430 0.33066067
v 4.45709132 -0.27622258 0.33219168
v 4.45716189 -0.27644546 0.33207140
v 4.45953785 -0.27550466 0.33183775
v 4.44763641 -0.28026200 0.33167658
v 4.44533668 -0.28093852 0.33136986
v 4.44527696 -0.28127134 0.33117537
v 4.44295596 -0.28189168 0.33081083
v 4.44299935 -0.28214138 0.33068667
v 4.43206738 -0.28626409 0.32630025
v 4.43187891 -0.28660580 0.32605337
v 4.43395673 -0.28561670 0.32730244
v 4.43400930 -0.28576589 0.32720797
v 4.43616389 -0.28495008 0.32819168
v 4.43836854 -0.28395390 0.32923089
v 4.43611739 -0.28474548 0.32834838
v 4.42404960 -0.28974586 0.32018345
v 4.42584131 -0.28896991 0.32184343
v 4.42396794 -0.28951198 0.32026898
v 4.41761563 -0.29232034 0.31262033
v 4.41902009 -0.29163230 0.31470674
v 4.41751347 -0.29209989 0.31266176
v 4.41243967 -0.29457222 0.30112105
v 4.41268417 -0.29445599 0.30227583
v 4.41162583 -0.29488184 0.29863727
v 4.41701517 -0.29270342 0.31138658
v 4.41912184 -0.29178776 0.31461578
v 4.42063604 -0.29110943 0.31660723
v 4.41207239 -0.29438272 0.30125516
v 4.41300997 -0.29390831 0.30401760
v 4.41251871 -0.29410581 0.30270069
v 4.41452966 -0.29330326 0.30744433
v 4.41387102 -0.29356198 0.30607628
v 4.41497443 -0.29326805 0.30827975
v 4.41299221 -0.29420076 0.30360776
v 4.41137084 -0.29466319 0.29877191
v 4.41109964 -0.29467758 0.29769134
v 4.41079017 -0.29479972 0.29621929
v 4.41162196 -0.29446568 0.29986220
v 4.48699901 -0.26440835 0.31772806
v 4.48866329 -0.26372477 0.31582953
v 4.48708735 -0.26418705 0.31775184
v 4.49512002 -0.26096457 0.30515434
v 4.49511132 -0.26110266 0.30503847
v 4.49604306 -0.26071217 0.30264916
v 4.49853536 -0.25970750 0.28752561
v 4.49852654 -0.25959613 0.29029210
v 4.49844846 -0.25979015 0.29010470
v 4.49812635 -0.25992455 0.28233214
v 4.49773451 -0.26007524 0.27978338
v 4.49817940 -0.25973366 0.28204699
v 4.49761089 -0.26016287 0.27981426
v 4.49779387 -0.25988844 0.27975769
v 4.49829348 -0.25968335 0.28318466
v 4.49847599 -0.25961502 0.28506459
v 4.49842115 -0.25977708 0.28489806
v 4.49801954 -0.25999712 0.28235652
v 4.49827190 -0.25989702 0.28493632
v 4.49748537 -0.26012412 0.29764320
v 4.49807283 -0.25978137 0.29473628
v 4.49751278 -0.26000385 0.29770894
v 4.49858268 -0.25957822 0.28739347
v 4.49838480 -0.25986252 0.28747000
v 4.49833103 -0.25987366 0.29005517
v 4.49677953 -0.26029686 0.30051638
v 4.49833580 -0.25967140 0.29253735
v 4.49827155 -0.25984754 0.29264315
v 4.49814102 -0.25995375 0.29261251
v 4.49796006 -0.25992817 0.29518761
v 4.49780544 -0.26009628 0.29513593
v 4.49731490 -0.26028833 0.29764326
v 4.49681160 -0.26041747 0.30022235
v 4.49666855 -0.26054741 0.30015452
v 4.49596366 -0.26062279 0.30296828
v 4.49590489 -0.26086213 0.30256643
v 4.49500212 -0.26122557 0.30490942
v 4.49410758 -0.26137467 0.30741812
v 4.49408552 -0.26151817 0.30732228
v 4.49395260 -0.26164754 0.30722966
v 4.49299631 -0.26181105 0.30949672
v 4.49292645 -0.26197304 0.30956085
v 4.49277482 -0.26212331 0.30948313
v 4.49162528 -0.26236469 0.31181200
v 4.49157665 -0.26255536 0.31176950
v 4.49026511 -0.26291096 0.31383290
v 4.49016080 -0.26314127 0.31382348
v 4.49148986 -0.26263707 0.31163986
v 4.48857734 -0.26359111 0.31604524
v 4.49007962 -0.26320536 0.31371428
v 4.48857031 -0.26381665 0.31568905
v 4.48695681 -0.26446956 0.31757017
v 4.48533378 -0.26503886 0.31951304
v 4.48556755 -0.26479895 0.31936099
v 4.48525385 -0.26516380 0.31934609
v 4.48354653 -0.26560487 0.32124933
v 4.48351453 -0.26581989 0.32115223
v 4.48344002 -0.26588860 0.32102837
v 4.48156152 -0.26640380 0.32288983
v 4.48159657 -0.26657001 0.32277586
v 4.48154161 -0.26665794 0.32260134
v 4.47965584 -0.26716741 0.32429203
v 4.47957311 -0.26745443 0.32405868
v 4.47756086 -0.26826485 0.32538393
v 4.47545884 -0.26885041 0.32689848
v 4.47550915 -0.26899663 0.32680305
v 4.47547720 -0.26911839 0.32659891
v 4.47337250 -0.26968905 0.32795646
v 4.47334991 -0.26989207 0.32789078
v 4.47332070 -0.26997766 0.32769557
v 4.47125672 -0.27053824 0.32889834
v 4.47113918 -0.27076031 0.32888594
v 4.47108839 -0.27089126 0.32868716
v 4.46886168 -0.27150009 0.32981953
v 4.46886001 -0.27177997 0.32952890
v 4.46601711 -0.27264097 0.33071211
v 4.46658026 -0.27270018 0.33025321
v 4.46196519 -0.27457243 0.33131716
v 4.46426962 -0.27363085 0.33084962
v 4.45943902 -0.27528006 0.33198050
v 4.45721863 -0.27648365 0.33188019
v 4.45958970 -0.27552196 0.33166263
v 4.45476340 -0.27737426 0.33220289
v 4.45471691 -0.27717564 0.33227298
v 4.45483361 -0.27744839 0.33196858
v 4.45237695 -0.27831694 0.33217249
v 4.45231746 -0.27813602 0.33223454
v 4.45243691 -0.27842339 0.33192656
v 4.45001100 -0.27906176 0.33206955
v 4.44999431 -0.27931357 0.33197228
v 4.45009218 -0.27936625 0.33175740
v 4.44790004 -0.27991319 0.33181397
v 4.44774114 -0.28031570 0.33146081
v 4.44308506 -0.28220136 0.33048741
v 4.44539963 -0.28125545 0.33103744
v 4.43498026 -0.28509924 0.32783918
v 4.44050310 -0.28287836 0.33007155
v 4.44064329 -0.28301754 0.33005283
v 4.43974326 -0.28351073 0.32961319
v 4.44078110 -0.28312585 0.32980345
v 4.43796562 -0.28390013 0.32915769
v 4.43850730 -0.28404284 0.32899318
v 4.43412731 -0.28582236 0.32701300
v 4.43629966 -0.28493315 0.32806681
v 4.43204389 -0.28666301 0.32585697
v 4.43006287 -0.28706911 0.32505600
v 4.42980502 -0.28737999 0.32480245
v 4.42989169 -0.28748505 0.32468198
v 4.42781399 -0.28796926 0.32348417
v 4.42783568 -0.28827736 0.32331156
v 4.43000112 -0.28748163 0.32457011
v 4.42801056 -0.28828529 0.32316117
v 4.42565225 -0.28883706 0.32176201
v 4.42499051 -0.28948234 0.32085507
v 4.42607913 -0.28906436 0.32162767
v 4.42225251 -0.29041687 0.31845944
v 4.42228780 -0.29018885 0.31858264
v 4.42151908 -0.29088367 0.31738310
v 4.42424963 -0.28980331 0.31999211
v 4.42053340 -0.29088862 0.31665026
v 4.42250965 -0.29050585 0.31825822
v 4.42085824 -0.29117335 0.31642448
v 4.41877792 -0.29159811 0.31442618
v 4.41629670 -0.29259140 0.31072342
v 4.41553244 -0.29290144 0.30940598
v 4.41931663 -0.29180067 0.31449234
v 4.41626439 -0.29285192 0.31049692
v 4.41787974 -0.29237649 0.31246864
v 4.41085502 -0.29498468 0.29622066
v 4.41513583 -0.29343154 0.30817764
v 4.41531036 -0.29341510 0.30811905
v 4.41653964 -0.29291838 0.31033635
v 4.41397712 -0.29384570 0.30592840
v 4.41421888 -0.29386038 0.30583769
v 4.41216061 -0.29453736 0.30119383
v 4.41326961 -0.29423924 0.30351173
v 4.41146073 -0.29481379 0.29873544
v 4.41120002 -0.29507404 0.29616129
v 4.41174969 -0.29485043 0.29867136
v 4.41104171 -0.29509406 0.29619324
v 4.49095340 -0.26286578 0.26354273
v 4.48961730 -0.26332362 0.26138928
v 4.49105103 -0.26273979 0.26340135
v 4.46806795 -0.27203957 0.24602029
v 4.46569532 -0.27277238 0.24520490
v 4.46820671 -0.27176183 0.24595848
v 4.47028441 -0.27093243 0.24670783
v 4.47033364 -0.27110906 0.24681380
v 4.44919938 -0.27964977 0.24412552
v 4.45149213 -0.27859234 0.24383972
v 4.45156712 -0.27871622 0.24395410
v 4.42707069 -0.28852287 0.25321208
v 4.42891843 -0.28752741 0.25171142
v 4.42910630 -0.28776915 0.25177400
v 4.41364451 -0.29401851 0.27098822
v 4.41257580 -0.29428457 0.27334350
v 4.41346558 -0.29388756 0.27098000
v 4.41032322 -0.29519186 0.28336960
v 4.41053923 -0.29490031 0.28118652
v 4.41071399 -0.29510148 0.28082847
v 4.41003546 -0.29518354 0.28852480
v 4.41018650 -0.29523422 0.29117554
v 4.41005060 -0.29509905 0.28990060
v 4.41054961 -0.29489955 0.29476124
v 4.41026386 -0.29501103 0.29274350
v 4.41042849 -0.29512618 0.29367262
v 4.41084835 -0.29497387 0.29622101
v 4.41079327 -0.29479971 0.29621857
v 4.41001400 -0.29510975 0.28716320
v 4.41011831 -0.29525749 0.28597271
v 4.41101023 -0.29508386 0.29619836
v 4.41066131 -0.29526559 0.29360938
v 4.41120180 -0.29507926 0.29616165
v 4.41013726 -0.29534121 0.28850841
v 4.41126259 -0.29493655 0.27824849
v 4.41179450 -0.29439892 0.27558285
v 4.41184171 -0.29464796 0.27581542
v 4.42510510 -0.28919620 0.25474953
v 4.42705179 -0.28827732 0.25309222
v 4.42526037 -0.28932878 0.25481867
v 4.42333932 -0.28996492 0.25642686
v 4.44680947 -0.28060895 0.24447642
v 4.44442183 -0.28152415 0.24490927
v 4.44676119 -0.28036902 0.24436466
v 4.43786115 -0.28394158 0.24687849
v 4.43757195 -0.28429279 0.24710374
v 4.43531961 -0.28513948 0.24805187
v 4.43310077 -0.28598572 0.24916081
v 4.43325192 -0.28610262 0.24923735
v 4.43102784 -0.28686112 0.25038784
v 4.46107418 -0.27483120 0.24431262
v 4.46336085 -0.27370707 0.24465660
v 4.46342957 -0.27389531 0.24476621
v 4.46575207 -0.27298429 0.24534854
v 4.47683806 -0.26851625 0.25000772
v 4.47468561 -0.26936451 0.24878809
v 4.47677619 -0.26832744 0.24984970
v 4.47237760 -0.27008834 0.24757305
v 4.47253985 -0.27026678 0.24779793
v 4.49111636 -0.26257211 0.26340600
v 4.48461265 -0.26537528 0.25585248
v 4.48280997 -0.26609373 0.25422343
v 4.48464257 -0.26516951 0.25574674
v 4.48627252 -0.26451202 0.25736036
v 4.48632390 -0.26468607 0.25755724
v 4.49779447 -0.25988853 0.27975758
v 4.49720581 -0.26025648 0.27721866
v 4.49733360 -0.26007980 0.27750726
v 4.41036734 -0.29535567 0.29107248
v 4.41079971 -0.29523571 0.29362088
v 4.41055151 -0.29534414 0.29107487
v 4.41111477 -0.29475440 0.27828014
v 4.41077526 -0.29480675 0.27979248
v 4.41033026 -0.29540676 0.28848123
v 4.41017564 -0.29504648 0.28416270
v 4.41031715 -0.29538474 0.28595584
v 4.41043969 -0.29538008 0.28852623
v 4.41049048 -0.29536467 0.28597116
v 4.41141911 -0.29454709 0.27689594
v 4.41052278 -0.29530433 0.28335136
v 4.41091975 -0.29516796 0.28078699
v 4.41068038 -0.29528653 0.28341406
v 4.41101964 -0.29514541 0.28085750
v 4.41151150 -0.29495339 0.27834230
v 4.41389234 -0.29355955 0.26987969
v 4.41448803 -0.29340529 0.26865458
v 4.41204711 -0.29471180 0.27579623
v 4.41273256 -0.29401956 0.27270597
v 4.41569109 -0.29301452 0.26641571
v 4.41517599 -0.29303994 0.26723456
v 4.41280516 -0.29439780 0.27334708
v 4.41213961 -0.29469305 0.27587735
v 4.41290970 -0.29438232 0.27346056
v 4.41382153 -0.29402106 0.27109128
v 4.41465469 -0.29357698 0.26863116
v 4.41487224 -0.29359783 0.26877009
v 4.41661854 -0.29246073 0.26473242
v 4.41593583 -0.29313324 0.26642560
v 4.41702349 -0.29252034 0.26422518
v 4.41796227 -0.29232446 0.26317715
v 4.41603966 -0.29311905 0.26652753
v 4.41830165 -0.29178625 0.26221549
v 4.41849191 -0.29199004 0.26215636
v 4.41732962 -0.29259912 0.26437431
v 4.42008288 -0.29107130 0.25989639
v 4.41997523 -0.29133299 0.26013207
v 4.42592401 -0.28872939 0.25399380
v 4.42290432 -0.28993926 0.25677495
v 4.42024083 -0.29144197 0.26032715
v 4.41871960 -0.29203405 0.26231056
v 4.42148681 -0.29051010 0.25827526
v 4.42157562 -0.29066133 0.25824916
v 4.42178197 -0.29077324 0.25832491
v 4.42348821 -0.29007313 0.25652652
v 4.42184968 -0.29077039 0.25844716
v 4.42357332 -0.29007600 0.25665115
v 4.42538328 -0.28934979 0.25497465
v 4.43307549 -0.28585880 0.24914603
v 4.43089754 -0.28673089 0.25040882
v 4.42725224 -0.28861042 0.25342446
v 4.43556506 -0.28485840 0.24787437
v 4.43116326 -0.28697034 0.25049763
v 4.42920799 -0.28780174 0.25196998
v 4.43334425 -0.28613267 0.24940185
v 4.43123156 -0.28698220 0.25063233
v 4.43545336 -0.28523941 0.24816196
v 4.43770582 -0.28438349 0.24732594
v 4.43549818 -0.28525911 0.24830608
v 4.43966753 -0.28321128 0.24620382
v 4.43988258 -0.28342127 0.24628143
v 4.44211561 -0.28223125 0.24543236
v 4.44211632 -0.28247274 0.24551640
v 4.44220335 -0.28255329 0.24575750
v 4.43993062 -0.28346829 0.24648242
v 4.44914705 -0.27940785 0.24402199
v 4.45289964 -0.27790384 0.24373356
v 4.44432837 -0.28134364 0.24486087
v 4.44451779 -0.28162423 0.24515687
v 4.44684512 -0.28067687 0.24468563
v 4.45159310 -0.27875886 0.24411992
v 4.44922215 -0.27971495 0.24433748
v 4.45393938 -0.27770815 0.24379764
v 4.45396275 -0.27780214 0.24403105
v 4.45628649 -0.27672838 0.24382160
v 4.45617432 -0.27658791 0.24376062
v 4.45761639 -0.27631066 0.24404583
v 4.45868206 -0.27558201 0.24393657
v 4.45866639 -0.27580183 0.24402324
v 4.45631963 -0.27684325 0.24407104
v 4.46118516 -0.27458044 0.24426148
v 4.45867962 -0.27588886 0.24423841
v 4.46104628 -0.27494008 0.24453274
v 4.46340627 -0.27399093 0.24495891
v 4.46573252 -0.27304510 0.24551174
v 4.46802241 -0.27212059 0.24618849
v 4.47026772 -0.27121665 0.24698868
v 4.47483153 -0.26910433 0.24876418
v 4.47246963 -0.27032086 0.24790802
v 4.47463209 -0.26945031 0.24895206
v 4.47888578 -0.26762722 0.25123062
v 4.47852249 -0.26762220 0.25093588
v 4.47879845 -0.26777424 0.25140884
v 4.47673899 -0.26859367 0.25012156
v 4.48080701 -0.26670497 0.25252714
v 4.48087794 -0.26685711 0.25267365
v 4.48081643 -0.26695394 0.25283935
v 4.48285229 -0.26588531 0.25415643
v 4.48271019 -0.26618258 0.25434455
v 4.49239225 -0.26214835 0.26547625
v 4.49232109 -0.26209080 0.26527514
v 4.48453624 -0.26544720 0.25596925
v 4.49370254 -0.26153241 0.26778026
v 4.48801810 -0.26398080 0.25939645
v 4.48808427 -0.26378426 0.25937291
v 4.48627002 -0.26474481 0.25769152
v 4.48985214 -0.26307972 0.26158734
v 4.48947568 -0.26345840 0.26146122
v 4.48792119 -0.26408115 0.25952568
v 4.49235613 -0.26225706 0.26556553
v 4.49356539 -0.26176710 0.26772054
v 4.49226923 -0.26232026 0.26563473
v 4.49471159 -0.26113052 0.26990326
v 4.49467929 -0.26131351 0.27003612
v 4.49456997 -0.26139171 0.27008768
v 4.49348040 -0.26183028 0.26782693
v 4.49568065 -0.26089780 0.27241947
v 4.49557622 -0.26078286 0.27194794
v 4.49652763 -0.26039483 0.27467133
v 4.49650796 -0.26054348 0.27478536
v 4.49636288 -0.26067379 0.27483113
v 4.49552973 -0.26100276 0.27242221
v 4.49706193 -0.26038941 0.27730544
v 4.49773641 -0.26007180 0.27978321
v 4.49761196 -0.26016581 0.27981474
v 4.40329965 -0.29029283 0.28799975
v 4.40338942 -0.29027661 0.28630000
v 4.40370568 -0.29027878 0.28634810
v 4.40465948 -0.29029720 0.28901660
v 4.40442678 -0.29029095 0.28927582
v 4.40414866 -0.29028511 0.28652692
v 4.40442606 -0.29029085 0.28672302
v 4.40492960 -0.29030551 0.28750586
v 4.40497812 -0.29030770 0.28771096
v 4.40500023 -0.29030903 0.28804398
v 4.40495464 -0.29030644 0.28841251
v 4.40320977 -0.29027670 0.28969950
v 4.40289351 -0.29027885 0.28965139
v 4.40414723 -0.29028512 0.28947413
v 4.40482315 -0.29030188 0.28875846
v 4.40394970 -0.29028190 0.28957093
v 4.40370592 -0.29027889 0.28965217
v 4.40346965 -0.29027707 0.28969187
v 4.40264961 -0.29028189 0.28956997
v 4.40482351 -0.29030192 0.28724074
v 4.40245053 -0.29028513 0.28947258
v 4.40465947 -0.29029717 0.28698212
v 4.40217325 -0.29029086 0.28927648
v 4.40193983 -0.29029717 0.28901738
v 4.40394970 -0.29028184 0.28642952
v 4.40177580 -0.29030191 0.28875876
v 4.40166971 -0.29030550 0.28849363
v 4.40162119 -0.29030769 0.28828853
v 4.40159913 -0.29030903 0.28795552
v 4.40164467 -0.29030646 0.28758699
v 4.40177616 -0.29030190 0.28724098
v 4.40193983 -0.29029721 0.28698284
v 4.40217247 -0.29029095 0.28672367
v 4.40245219 -0.29028510 0.28652531
v 4.40264961 -0.29028186 0.28642851
v 4.40289327 -0.29027882 0.28634733
v 4.40312966 -0.29027698 0.28630757
v 4.49854573 -0.25798153 0.29026009
v 4.49856969 -0.25957776 0.28799970
v 4.49859961 -0.25796066 0.28799970
v 4.49781128 -0.25988014 0.29616769
v 4.49719199 -0.25853265 0.29909434
v 4.49733969 -0.26007226 0.29837258
v 4.49532184 -0.25929204 0.30472483
v 4.49582753 -0.26067860 0.30335875
v 4.49635610 -0.25887387 0.30193938
v 4.49675891 -0.26030422 0.30055209
v 4.49471030 -0.26112757 0.30609812
v 4.49411473 -0.25978494 0.30743392
v 4.49341914 -0.26164531 0.30873974
v 4.49040112 -0.26129419 0.31367858
v 4.49194143 -0.26223571 0.31130340
v 4.49156961 -0.26081686 0.31193169
v 4.48356769 -0.26407479 0.32125815
v 4.48565934 -0.26476017 0.31925865
v 4.48514966 -0.26342855 0.31978311
v 4.48239825 -0.26606659 0.32221474
v 4.48140452 -0.26495069 0.32303604
v 4.48003755 -0.26701382 0.32402375
v 4.48406968 -0.26539436 0.32075944
v 4.47413979 -0.26937953 0.32757875
v 4.47425030 -0.26786403 0.32755377
v 4.47182749 -0.26884841 0.32868322
v 4.47599981 -0.26863346 0.32658389
v 4.46559779 -0.27280960 0.33081916
v 4.46863220 -0.27014823 0.32992604
v 4.46522997 -0.27153052 0.33092859
v 4.46174465 -0.27435641 0.33165601
v 4.46240549 -0.27268162 0.33155051
v 4.45910786 -0.27402127 0.33204589
v 4.45408474 -0.27606379 0.33231995
v 4.45810167 -0.27581545 0.33211097
v 4.45164488 -0.27840620 0.33220432
v 4.45517407 -0.27699251 0.33226654
v 4.44992505 -0.27775623 0.33208159
v 4.44541548 -0.28090739 0.33137522
v 4.44827388 -0.27976218 0.33186267
v 4.44737290 -0.27879514 0.33175299
v 4.44381140 -0.28024455 0.33104817
v 4.44042204 -0.28162093 0.33006911
v 4.44185148 -0.28233731 0.33050070
v 4.43859206 -0.28364653 0.32939540
v 4.43722080 -0.28292415 0.32888315
v 4.43544946 -0.28490901 0.32807057
v 4.43248020 -0.28485071 0.32655726
v 4.43164824 -0.28643280 0.32605420
v 4.43015383 -0.28579925 0.32514005
v 4.42898892 -0.28749850 0.32433091
v 4.42784403 -0.28673731 0.32353346
v 4.42725966 -0.28819478 0.32305162
v 4.42563031 -0.28764020 0.32176607
v 4.42539499 -0.28894210 0.32154184
v 4.42342697 -0.28853701 0.31976699
v 4.42341516 -0.28973444 0.31973087
v 4.42143951 -0.28934251 0.31771289
v 4.42047713 -0.29091356 0.31657898
v 4.42004965 -0.28991164 0.31607943
v 4.41868899 -0.29046161 0.31435400
v 4.41783211 -0.29197471 0.31311929
v 4.41915963 -0.29144522 0.31492542
v 4.41703424 -0.29113476 0.31195729
v 4.41666970 -0.29244289 0.31132376
v 4.41552243 -0.29290323 0.30937516
v 4.41553364 -0.29174724 0.30943560
v 4.41419861 -0.29229039 0.30682003
v 4.41452966 -0.29330326 0.30744433
v 4.41358897 -0.29367871 0.30541527
v 4.41330967 -0.29265297 0.30477464
v 4.41251537 -0.29297421 0.30271679
v 4.41252241 -0.29410857 0.30266386
v 4.41162023 -0.29333977 0.29986167
v 4.41163084 -0.29446400 0.29984116
v 4.41093442 -0.29474532 0.29693669
v 4.41107961 -0.29355950 0.29768300
v 4.41065475 -0.29373249 0.29556995
v 4.41042778 -0.29494860 0.29396873
v 4.41026637 -0.29389074 0.29281676
v 4.41014024 -0.29506369 0.29121822
v 4.41004869 -0.29397794 0.29006743
v 4.41003957 -0.29510199 0.28928143
v 4.41000971 -0.29399525 0.28799975
v 4.41002961 -0.29510838 0.28799975
v 4.42194972 -0.29032519 0.31822144
v 4.43445967 -0.28404945 0.32759921
v 4.46873592 -0.27155016 0.32985464
v 4.47156261 -0.27041506 0.32876965
v 4.47671638 -0.26686000 0.32620921
v 4.47774528 -0.26793452 0.32555708
v 4.47904036 -0.26591467 0.32474663
v 4.48667309 -0.26281061 0.31824281
v 4.48712967 -0.26416785 0.31769671
v 4.48860178 -0.26202502 0.31603434
v 4.48853478 -0.26360415 0.31607481
v 4.49030850 -0.26289225 0.31376006
v 4.49275038 -0.26034023 0.31001182
v 4.49783560 -0.25827004 0.29620321
v 4.49826523 -0.25969942 0.29323180
v 4.49829265 -0.25808369 0.29321803
v 4.49851569 -0.25959871 0.29028006
v 4.49859961 -0.25796066 0.28799970
v 4.49856969 -0.25957776 0.28799970
v 4.49855610 -0.25797754 0.28595485
v 4.45166606 -0.27840083 0.24378119
v 4.44664222 -0.28041593 0.24438159
v 4.44916147 -0.27806876 0.24400095
v 4.43320907 -0.28580714 0.24906932
v 4.43389428 -0.28427936 0.24867235
v 4.43560082 -0.28484415 0.24786346
v 4.43073375 -0.28556537 0.25049268
v 4.44057221 -0.28156108 0.24587242
v 4.43857998 -0.28365226 0.24659996
v 4.43732065 -0.28288477 0.24708651
v 4.44268906 -0.28200165 0.24526344
v 4.43069059 -0.28681506 0.25054013
v 4.44365365 -0.28030779 0.24499897
v 4.42845172 -0.28649191 0.25202494
v 4.42836566 -0.28775170 0.25211506
v 4.44641203 -0.27918443 0.24440877
v 4.42666967 -0.28721550 0.25337862
v 4.42605162 -0.28867891 0.25390511
v 4.42512459 -0.28784495 0.25466471
v 4.45270819 -0.27662435 0.24372289
v 4.42397005 -0.28951205 0.25573825
v 4.42344959 -0.28852841 0.25622093
v 4.42196305 -0.28913119 0.25772148
v 4.42192538 -0.29033496 0.25779515
v 4.42004580 -0.28991180 0.25991064
v 4.42001052 -0.29110211 0.25998449
v 4.41827161 -0.29063509 0.26223134
v 4.41870953 -0.29162533 0.26167064
v 4.41742213 -0.29213961 0.26348698
v 4.41662057 -0.29130655 0.26471203
v 4.41588922 -0.29275460 0.26596456
v 4.41516323 -0.29189517 0.26723587
v 4.41418965 -0.29229515 0.26922023
v 4.41451247 -0.29331034 0.26857852
v 4.41328676 -0.29265977 0.27125167
v 4.41328915 -0.29380014 0.27130729
v 4.45594400 -0.27668149 0.24375484
v 4.41226848 -0.29307652 0.27402103
v 4.41226824 -0.29420862 0.27406674
v 4.41141840 -0.29342153 0.27689069
v 4.41163965 -0.29446260 0.27616942
v 4.41108187 -0.29468490 0.27836144
v 4.41077002 -0.29368620 0.27980137
v 4.41052648 -0.29490685 0.28130734
v 4.41040965 -0.29383025 0.28202373
v 4.41016456 -0.29393289 0.28424608
v 4.41017684 -0.29504759 0.28426355
v 4.41002961 -0.29398492 0.28650057
v 4.41004964 -0.29509837 0.28650796
v 4.41000971 -0.29399525 0.28799975
v 4.41002961 -0.29510838 0.28799975
v 4.45711416 -0.27483411 0.24377964
v 4.45872861 -0.27556416 0.24394784
v 4.46054054 -0.27344025 0.24414108
v 4.46138007 -0.27450177 0.24429581
v 4.46324176 -0.27234181 0.24461136
v 4.46467060 -0.27318192 0.24494657
v 4.46649659 -0.27101776 0.24540249
v 4.46832139 -0.27171550 0.24600390
v 4.46985448 -0.26965276 0.24651960
v 4.47094232 -0.27066634 0.24697068
v 4.47240073 -0.26861469 0.24756864
v 4.47318274 -0.26976484 0.24795434
v 4.47491128 -0.26759258 0.24878916
v 4.47573883 -0.26873912 0.24926248
v 4.47739071 -0.26658730 0.25019094
v 4.47781963 -0.26790386 0.25049683
v 4.47980959 -0.26560072 0.25178250
v 4.47958845 -0.26719480 0.25165787
v 4.48132963 -0.26649525 0.25294181
v 4.48202092 -0.26470246 0.25344994
v 4.48290522 -0.26586288 0.25420829
v 4.48410840 -0.26385408 0.25522479
v 4.48502583 -0.26501234 0.25612315
v 4.48562963 -0.26323335 0.25668909
v 4.48719133 -0.26260095 0.25831845
v 4.48659963 -0.26437895 0.25773253
v 4.48805494 -0.26379650 0.25935139
v 4.48904974 -0.26184495 0.26051672
v 4.48988743 -0.26306236 0.26165744
v 4.49075974 -0.26114969 0.26282801
v 4.49154253 -0.26239902 0.26405050
v 4.49234731 -0.26050159 0.26530840
v 4.49303205 -0.26180094 0.26654335
v 4.49376614 -0.25992702 0.26786597
v 4.49435528 -0.26126862 0.26913561
v 4.49501009 -0.25941842 0.27053018
v 4.49553473 -0.26079651 0.27186908
v 4.49609180 -0.25897919 0.27329840
v 4.49651773 -0.26039935 0.27467270
v 4.49698837 -0.25861595 0.27613808
v 4.49732633 -0.26007744 0.27754720
v 4.49751969 -0.25839856 0.27829154
v 4.49795242 -0.25822188 0.28044994
v 4.49778970 -0.25988826 0.27975829
v 4.49815913 -0.25973992 0.28198768
v 4.49833640 -0.25806538 0.28318103
v 4.49845119 -0.25962418 0.28472556
v 4.49854966 -0.25958416 0.28671457
v 4.40195736 -0.29045925 0.28691274
v 4.40196630 -0.29029596 0.28692025
v 4.40163871 -0.29030675 0.28758568
v 4.40160068 -0.29045949 0.28775585
v 4.40269955 -0.29045946 0.28639305
v 4.40264788 -0.29028146 0.28641343
v 4.40329953 -0.29045941 0.28629625
v 4.40329930 -0.29027629 0.28629315
v 4.40161356 -0.29030790 0.28832758
v 4.40164896 -0.29045943 0.28843653
v 4.40195819 -0.29045927 0.28908801
v 4.40196594 -0.29029592 0.28907943
v 4.40269872 -0.29045944 0.28960592
v 4.40264770 -0.29028148 0.28958505
v 4.40329930 -0.29027640 0.28970611
v 4.40329954 -0.29045942 0.28970313
v 4.40499863 -0.29045950 0.28824383
v 4.40496060 -0.29030673 0.28841382
v 4.40498563 -0.29030791 0.28767168
v 4.40495035 -0.29045943 0.28756255
v 4.40463337 -0.29029592 0.28692013
v 4.40464124 -0.29045927 0.28691155
v 4.40395161 -0.29028143 0.28641444
v 4.40390059 -0.29045944 0.28639358
v 4.40330001 -0.29027631 0.28629339
v 4.40329977 -0.29045942 0.28629631
v 4.40464195 -0.29045925 0.28908676
v 4.40463301 -0.29029595 0.28907931
v 4.40395161 -0.29028151 0.28958601
v 4.40389975 -0.29045946 0.28960651
v 4.40330001 -0.29027638 0.28970629
v 4.40329977 -0.29045941 0.28970325
v 4.48809392 -0.26223227 0.25937231
v 4.48639120 -0.26278570 0.25741532
v 4.48810084 -0.26202686 0.25922920
v 4.48463792 -0.26363641 0.25572886
v 4.48277850 -0.26420886 0.25398245
v 4.48463924 -0.26343405 0.25560971
v 4.48965819 -0.26140863 0.26117637
v 4.48962576 -0.26160771 0.26128974
v 4.49247904 -0.26027890 0.26540073
v 4.49243016 -0.26046359 0.26547762
v 4.49111206 -0.26083285 0.26325997
v 4.49660559 -0.25861955 0.27470292
v 4.49732049 -0.25831572 0.27718248
v 4.49735041 -0.25846106 0.27759923
v 4.49478121 -0.25936698 0.26991745
v 4.49576624 -0.25894525 0.27224149
v 4.49547096 -0.25923300 0.27163370
v 4.49656518 -0.25874871 0.27473940
v 4.49784406 -0.25815386 0.27974101
v 4.49609943 -0.25897490 0.27329631
v 4.49781986 -0.25827495 0.27975501
v 4.49699672 -0.25861445 0.27611639
v 4.49799486 -0.25799450 0.27970071
v 4.49744661 -0.25822591 0.27714951
v 4.47462565 -0.26749520 0.24854603
v 4.47677261 -0.26661773 0.24971565
v 4.47679097 -0.26678111 0.24983808
v 4.47236985 -0.26862499 0.24756661
v 4.47026652 -0.26938554 0.24667612
v 4.47242910 -0.26842260 0.24752149
v 4.46563441 -0.27136758 0.24518517
v 4.46328646 -0.27211126 0.24454901
v 4.46567077 -0.27116339 0.24512473
v 4.46091670 -0.27307228 0.24412540
v 4.46328360 -0.27232296 0.24463043
v 4.46066803 -0.27338537 0.24416790
v 4.45852000 -0.27403558 0.24382183
v 4.45374352 -0.27595695 0.24360768
v 4.45612318 -0.27499088 0.24364195
v 4.45615894 -0.27522179 0.24375097
v 4.45356506 -0.27627526 0.24371503
v 4.45135498 -0.27693568 0.24371074
v 4.44420380 -0.27983067 0.24477611
v 4.44656283 -0.27886262 0.24427692
v 4.44718570 -0.27886849 0.24428068
v 4.44893414 -0.27787001 0.24387757
v 4.44905585 -0.27800668 0.24400781
v 4.43545002 -0.28364460 0.24792092
v 4.43305237 -0.28450275 0.24911784
v 4.43513042 -0.28351466 0.24795716
v 4.43731159 -0.28259573 0.24694537
v 4.43757529 -0.28278189 0.24700330
v 4.43291003 -0.28436338 0.24902521
v 4.43085606 -0.28528647 0.25033443
v 4.42873312 -0.28637902 0.25183766
v 4.42686666 -0.28694562 0.25316267
v 4.42872936 -0.28606334 0.25165527
v 4.42308469 -0.28837087 0.25639015
v 4.42318911 -0.28863604 0.25647973
v 4.42141993 -0.28911698 0.25821155
v 4.41824765 -0.29038692 0.26211190
v 4.41836245 -0.29060040 0.26211148
v 4.41683836 -0.29095798 0.26419305
v 4.41560884 -0.29154977 0.26636034
v 4.41701217 -0.29114863 0.26411509
v 4.41544266 -0.29142664 0.26632952
v 4.41430934 -0.29192002 0.26861500
v 4.41240020 -0.29275792 0.27333319
v 4.41264351 -0.29292496 0.27295392
v 4.41161676 -0.29308491 0.27581644
v 4.41173013 -0.29329706 0.27579289
v 4.41106482 -0.29343629 0.27828270
v 4.41001722 -0.29399504 0.28815609
v 4.41006204 -0.29397691 0.28998983
v 4.41014537 -0.29394237 0.29145443
v 4.41038879 -0.29384100 0.29380876
v 4.41031798 -0.29366677 0.29366320
v 4.41092046 -0.29329243 0.27827936
v 4.41067525 -0.29327029 0.27820730
v 4.41143485 -0.29300487 0.27580648
v 4.41029139 -0.29345967 0.28081327
v 4.41053256 -0.29355836 0.28080481
v 4.41003772 -0.29361336 0.28340262
v 4.40982237 -0.29368694 0.28598189
v 4.40963765 -0.29369704 0.28593886
v 4.49673768 -0.25850988 0.27464946
v 4.49589844 -0.25885165 0.27221091
v 4.49491735 -0.25924549 0.26983740
v 4.49471570 -0.25954002 0.26986911
v 4.49390431 -0.25986893 0.26815220
v 4.49369259 -0.25979842 0.26763036
v 4.49381871 -0.25968958 0.26754929
v 4.49258537 -0.26018406 0.26532288
v 4.49122984 -0.26073780 0.26317181
v 4.49073906 -0.26115637 0.26280870
v 4.48976583 -0.26132706 0.26111360
v 4.48651905 -0.26262571 0.25729432
v 4.48819966 -0.26196526 0.25915178
v 4.48591823 -0.26311840 0.25697365
v 4.47465379 -0.26765233 0.24865487
v 4.47591359 -0.26718701 0.24931934
v 4.48299820 -0.26430044 0.25427076
v 4.48288877 -0.26410572 0.25387117
v 4.48473961 -0.26336226 0.25551292
v 4.48086066 -0.26501128 0.25249406
v 4.48095233 -0.26488299 0.25233188
v 4.48083610 -0.26518207 0.25254169
v 4.47349590 -0.26816816 0.24806627
v 4.47883714 -0.26582987 0.25106325
v 4.47893036 -0.26570265 0.25089809
v 4.47843856 -0.26616029 0.25085553
v 4.46965003 -0.26973645 0.24643949
v 4.47685886 -0.26654600 0.24959770
v 4.46799225 -0.27035325 0.24587259
v 4.46695954 -0.27082820 0.24554083
v 4.47471804 -0.26740956 0.24841246
v 4.47249717 -0.26829289 0.24733987
v 4.47027666 -0.26918414 0.24641487
v 4.46794123 -0.27019402 0.24575082
v 4.46797949 -0.27013284 0.24559161
v 4.46565247 -0.27105903 0.24490759
v 4.46330494 -0.27201392 0.24434904
v 4.46091730 -0.27297660 0.24391851
v 4.45799011 -0.27447438 0.24385819
v 4.45850045 -0.27395239 0.24361596
v 4.45613462 -0.27491378 0.24344841
v 4.45372015 -0.27588952 0.24340788
v 4.45098895 -0.27732128 0.24383084
v 4.45132083 -0.27685316 0.24349765
v 4.44891894 -0.27783160 0.24371860
v 4.44652188 -0.27879688 0.24406980
v 4.44414956 -0.27975676 0.24454997
v 4.44433934 -0.28002652 0.24483220
v 4.43314213 -0.28458623 0.24907761
v 4.44190425 -0.28102259 0.24548290
v 4.44187171 -0.28076361 0.24536882
v 4.44180709 -0.28070190 0.24515794
v 4.43958396 -0.28170610 0.24612348
v 4.43950350 -0.28163339 0.24589418
v 4.43972475 -0.28190576 0.24617235
v 4.43092305 -0.28548972 0.25037788
v 4.43721766 -0.28255492 0.24676012
v 4.43496866 -0.28345711 0.24775790
v 4.42502505 -0.28773254 0.25472604
v 4.42679388 -0.28716508 0.25327866
v 4.42509145 -0.28785921 0.25468450
v 4.43279857 -0.28433967 0.24886756
v 4.43068249 -0.28518332 0.25010382
v 4.42861766 -0.28603452 0.25146567
v 4.42672712 -0.28683830 0.25305914
v 4.42663700 -0.28683501 0.25293653
v 4.42482359 -0.28760664 0.25464075
v 4.42474074 -0.28760120 0.25451200
v 4.42290504 -0.28833770 0.25621819
v 4.42149288 -0.28932236 0.25824343
v 4.41445930 -0.29210383 0.26863056
v 4.41578324 -0.29164504 0.26611047
v 4.41449840 -0.29216678 0.26852428
v 4.41979606 -0.28979469 0.26012420
v 4.42116089 -0.28902889 0.25803428
v 4.41959186 -0.28970792 0.26007562
v 4.41952963 -0.28970901 0.25994092
v 4.41993530 -0.28995856 0.26004391
v 4.41799886 -0.29032538 0.26194482
v 4.41739602 -0.29060116 0.26301014
v 4.41354402 -0.29255669 0.27065920
v 4.41526051 -0.29142676 0.26624256
v 4.41656764 -0.29090366 0.26406091
v 4.41105839 -0.29356845 0.27834117
v 4.41407652 -0.29190485 0.26851189
v 4.41332229 -0.29239337 0.27095973
v 4.41061767 -0.29374622 0.28065794
v 4.41263969 -0.29251040 0.27206003
v 4.41209968 -0.29270917 0.27325433
v 4.41301961 -0.29233704 0.27085131
v 4.41131969 -0.29302426 0.27570516
v 4.41018971 -0.29348335 0.28076005
v 4.41020032 -0.29373084 0.28339719
v 4.40969762 -0.29367184 0.29113012
v 4.40973481 -0.29369230 0.28855741
v 4.40997144 -0.29368565 0.29110944
v 4.40983792 -0.29361785 0.28334242
v 4.41027614 -0.29388690 0.28312319
v 4.40999552 -0.29378898 0.28596484
v 4.41004297 -0.29397855 0.28580767
v 4.40991446 -0.29377304 0.28856230
v 4.40959963 -0.29372106 0.28853804
v 4.41012093 -0.29355129 0.29370326
v 4.40995893 -0.29357214 0.29370916
v 4.41077968 -0.29368222 0.29621845
v 4.41066155 -0.29343204 0.29622209
v 4.41036758 -0.29340265 0.29627502
v 4.45465432 -0.27559015 0.33239010
v 4.45427130 -0.27598679 0.33229355
v 4.45708655 -0.27466146 0.33225313
v 4.47299687 -0.26836923 0.32815036
v 4.47553537 -0.26713276 0.32696601
v 4.47335337 -0.26801068 0.32808199
v 4.46420811 -0.27178054 0.33121327
v 4.46187912 -0.27262640 0.33179012
v 4.46185349 -0.27277467 0.33166978
v 4.45948397 -0.27386781 0.33198318
v 4.45949314 -0.27362999 0.33208189
v 4.46892415 -0.27002495 0.32979622
v 4.47109519 -0.26895746 0.32905254
v 4.46886550 -0.26980485 0.32996061
v 4.47967682 -0.26546379 0.32437673
v 4.47764287 -0.26626641 0.32576176
v 4.47758732 -0.26644613 0.32568147
v 4.48715780 -0.26242251 0.31782128
v 4.48707686 -0.26260168 0.31779577
v 4.48873219 -0.26181058 0.31594684
v 4.48365674 -0.26403466 0.32115873
v 4.48538277 -0.26315895 0.31963315
v 4.48357914 -0.26387703 0.32134553
v 4.49022779 -0.26131787 0.31391473
v 4.49170587 -0.26058244 0.31186869
v 4.49027250 -0.26117657 0.31395300
v 4.49159536 -0.26080634 0.31189217
v 4.49298951 -0.26007737 0.30970128
v 4.49298862 -0.26024070 0.30956675
v 4.49402842 -0.25981388 0.30756428
v 4.49861892 -0.25778576 0.29011472
v 4.49873825 -0.25770358 0.29008855
v 4.49853858 -0.25778034 0.29266025
v 4.49524781 -0.25915806 0.30506791
v 4.49419496 -0.25957461 0.30743696
v 4.49610051 -0.25886282 0.30272247
v 4.49523053 -0.25932387 0.30490197
v 4.49849960 -0.25800196 0.29099597
v 4.49854704 -0.25792059 0.29009439
v 4.49836453 -0.25805511 0.29253359
v 4.49797055 -0.25821545 0.29541279
v 4.49818965 -0.25812566 0.29397686
v 4.49860676 -0.25795582 0.28872730
v 4.49858936 -0.25796215 0.28725715
v 4.49845859 -0.25801064 0.28463967
v 4.49826904 -0.25795000 0.28229351
v 4.49854179 -0.25782878 0.28488697
v 4.44283937 -0.28055331 0.33079288
v 4.44514655 -0.27943578 0.33145014
v 4.44279145 -0.28037636 0.33090935
v 4.44986795 -0.27756029 0.33214924
v 4.44749604 -0.27852454 0.33184574
v 4.44725154 -0.27884121 0.33172403
v 4.44475137 -0.27986049 0.33125124
v 4.43593977 -0.28310858 0.32852410
v 4.43599890 -0.28326338 0.32837330
v 4.43818889 -0.28229289 0.32935153
v 4.43808149 -0.28257477 0.32921032
v 4.44049130 -0.28133464 0.33018677
v 4.42962645 -0.28580930 0.32485502
v 4.42758666 -0.28652713 0.32351260
v 4.42772685 -0.28678721 0.32343059
v 4.42207799 -0.28884330 0.31849646
v 4.42039380 -0.28951159 0.31664907
v 4.42046950 -0.28974210 0.31659137
v 4.41487965 -0.29188755 0.30822777
v 4.41600523 -0.29123463 0.31054383
v 4.41471550 -0.29170576 0.30834913
v 4.41613028 -0.29142877 0.31047725
v 4.41743443 -0.29075774 0.31265598
v 4.41367135 -0.29217707 0.30601501
v 4.41379211 -0.29233864 0.30596596
v 4.41269586 -0.29255201 0.30367839
v 4.41279730 -0.29286358 0.30343574
v 4.41073462 -0.29353157 0.29621547
v 4.41126558 -0.29325067 0.29876679
v 4.41058978 -0.29340290 0.29623317
v 4.41186389 -0.29289053 0.30126226
v 4.41200313 -0.29310708 0.30116522
v 4.41202727 -0.29316901 0.30130559
v 4.41077730 -0.29368277 0.29621923
v 4.41131732 -0.29346271 0.29871451
v 4.41104683 -0.29315451 0.29883951
v 4.41161987 -0.29290239 0.30128145
v 4.41091964 -0.29318642 0.29879772
v 4.41036805 -0.29340453 0.29627514
v 4.41559133 -0.29172648 0.30950784
v 4.41245839 -0.29256423 0.30371522
v 4.41342661 -0.29216700 0.30609583
v 4.41377625 -0.29246363 0.30589151
v 4.41893599 -0.29028713 0.31468122
v 4.41869555 -0.29045778 0.31438219
v 4.41454074 -0.29172233 0.30840998
v 4.41728411 -0.29103472 0.31232642
v 4.41576627 -0.29122183 0.31064188
v 4.41880880 -0.29007625 0.31477063
v 4.41714332 -0.29065120 0.31282770
v 4.41858897 -0.29008601 0.31485730
v 4.42013309 -0.28944264 0.31679767
v 4.42181967 -0.28876956 0.31868022
v 4.42229054 -0.28899851 0.31862484
v 4.42385409 -0.28818596 0.32022469
v 4.42372129 -0.28805305 0.32035028
v 4.42360161 -0.28806245 0.32044666
v 4.42392455 -0.28833334 0.32024079
v 4.42566512 -0.28762796 0.32178550
v 4.42561839 -0.28732137 0.32195215
v 4.42544840 -0.28731476 0.32209771
v 4.42738865 -0.28652921 0.32364546
v 4.42954717 -0.28568412 0.32501208
v 4.42962180 -0.28601562 0.32477956
v 4.43167744 -0.28490793 0.32619731
v 4.43148695 -0.28487020 0.32638542
v 4.42942957 -0.28570924 0.32508724
v 4.43162308 -0.28520162 0.32605086
v 4.43399296 -0.28424016 0.32736377
v 4.43378709 -0.28407892 0.32735692
v 4.43361829 -0.28399625 0.32756846
v 4.43591796 -0.28345302 0.32830177
v 4.43808840 -0.28219212 0.32958422
v 4.43580971 -0.28312895 0.32863180
v 4.44036202 -0.28128598 0.33039652
v 4.44087933 -0.28143434 0.33021806
v 4.44268690 -0.28034789 0.33108519
v 4.44504701 -0.27939397 0.33164684
v 4.44945131 -0.27794776 0.33202473
v 4.44740902 -0.27842708 0.33207408
v 4.45094727 -0.27702735 0.33239744
v 4.45226441 -0.27660637 0.33230773
v 4.45219968 -0.27650936 0.33254943
v 4.44979964 -0.27747716 0.33237753
v 4.45184027 -0.27697546 0.33222834
v 4.45460783 -0.27553093 0.33259199
v 4.45692728 -0.27491064 0.33221743
v 4.45943056 -0.27358322 0.33228413
v 4.45702110 -0.27454411 0.33250252
v 4.46777604 -0.27049427 0.33020195
v 4.46647106 -0.27092008 0.33059874
v 4.46182905 -0.27261810 0.33193389
v 4.46224712 -0.27274646 0.33157733
v 4.46419512 -0.27164786 0.33145365
v 4.46499310 -0.27162728 0.33099386
v 4.47550033 -0.26729698 0.32689634
v 4.47419987 -0.26788593 0.32759210
v 4.46656535 -0.27068257 0.33083782
v 4.47666572 -0.26688110 0.32625147
v 4.47114371 -0.26884740 0.32924357
v 4.46883963 -0.26978426 0.33011660
v 4.47105191 -0.26916389 0.32900032
v 4.47336743 -0.26795620 0.32825985
v 4.47555862 -0.26706591 0.32714077
v 4.47906921 -0.26590621 0.32473936
v 4.47765587 -0.26622084 0.32591739
v 4.47974072 -0.26537946 0.32454725
v 4.48130391 -0.26498952 0.32310184
v 4.48875151 -0.26196613 0.31583877
v 4.48766587 -0.26240998 0.31716539
v 4.48166368 -0.26464680 0.32293823
v 4.48172973 -0.26457751 0.32307341
v 4.49071429 -0.26117605 0.31324704
v 4.48364506 -0.26379722 0.32148167
v 4.48547188 -0.26306162 0.31978341
v 4.48557738 -0.26324874 0.31934919
v 4.48720071 -0.26236617 0.31797763
v 4.48884437 -0.26170075 0.31606825
v 4.49035714 -0.26108881 0.31408288
v 4.49234972 -0.26050306 0.31068488
v 4.49179981 -0.26050919 0.31196250
v 4.49311129 -0.25997154 0.30976285
v 4.49759146 -0.25836537 0.29735316
v 4.49678549 -0.25869648 0.30052914
v 4.49720070 -0.25852519 0.29907359
v 4.49428889 -0.25950232 0.30750717
v 4.49534938 -0.25907082 0.30515649
v 4.49608418 -0.25898339 0.30270685
v 4.49626216 -0.25869427 0.30276097
v 4.49706384 -0.25837001 0.30026408
v 4.49689981 -0.25853226 0.30023392
v 4.49757358 -0.25821649 0.29773702
v 4.49769792 -0.25812414 0.29779644
v 4.49802658 -0.25808843 0.29522456
v 4.49818024 -0.25791727 0.29526795
v 4.49840733 -0.25789166 0.29258473
v 4.49866935 -0.25773136 0.28487344
v 4.49877676 -0.25768261 0.28749760
v 4.49864169 -0.25779926 0.28748645
v 4.49816759 -0.25813167 0.28187342
v 4.49841710 -0.25783344 0.28227325
v 4.49784251 -0.25815680 0.27974154
v 4.49781950 -0.25827501 0.27975513
v 4.49799534 -0.25799294 0.27970065
v 4.40029961 -0.24397916 0.24308771
v 4.40029975 -0.20180969 0.28751499
v 4.40029973 -0.24256602 0.24319607
v 4.40029961 -0.24680946 0.24299902
v 4.40029973 -0.24539495 0.24301875
v 4.40029973 -0.24069067 0.24341202
v 4.40029973 -0.23242806 0.24533946
v 4.40029961 -0.23109387 0.24581141
v 4.40029962 -0.21389987 0.25714183
v 4.40029974 -0.21489078 0.25612575
v 4.40029975 -0.20197949 0.28373742
v 4.40029973 -0.22549611 0.24831862
v 4.40029973 -0.22717993 0.24746692
v 4.40029975 -0.20186001 0.28561926
v 4.40029974 -0.21768246 0.25358361
v 4.40029974 -0.21915078 0.25240547
v 4.40029973 -0.22304043 0.24972505
v 4.40029962 -0.22425917 0.24900443
v 4.40029967 -0.22977201 0.24632079
v 4.40029961 -0.22846936 0.24687523
v 4.40029955 -0.25148485 0.24324125
v 4.40029973 -0.25008869 0.24311567
v 4.40029977 -0.21696200 0.32179985
v 4.40029965 -0.21591237 0.32085058
v 4.40029975 -0.20185849 0.29035485
v 4.40029977 -0.21488922 0.31987211
v 4.40029965 -0.21389997 0.31885770
v 4.40029975 -0.20197551 0.29222948
v 4.40029965 -0.21083777 0.31526873
v 4.40029976 -0.20999503 0.31413636
v 4.40029965 -0.20918747 0.31296733
v 4.40029976 -0.20841766 0.31178191
v 4.40029964 -0.20768757 0.31056515
v 4.40029976 -0.20217055 0.29414261
v 4.40029976 -0.20613827 0.30765513
v 4.40029964 -0.20554207 0.30636373
v 4.40029976 -0.20243869 0.29600352
v 4.40029976 -0.20699498 0.30933187
v 4.40029976 -0.20498802 0.30506516
v 4.40029976 -0.20278416 0.29784340
v 4.40029976 -0.20321468 0.29968572
v 4.40029976 -0.20372472 0.30150074
v 4.40029976 -0.20431578 0.30329436
v 4.40029977 -0.21293931 0.31781569
v 4.40029977 -0.21171546 0.31638137
v 4.40029961 -0.23377967 0.24491334
v 4.40029962 -0.22029166 0.25155932
v 4.40029974 -0.21626098 0.25482464
v 4.40029974 -0.22145306 0.25074721
v 4.40029974 -0.20945117 0.26263845
v 4.40029975 -0.20216671 0.28189600
v 4.40029962 -0.20866997 0.26382274
v 4.40029962 -0.21201687 0.25925702
v 4.40029974 -0.21112413 0.26035685
v 4.40029975 -0.20259916 0.27908886
v 4.40029974 -0.20573358 0.26920402
v 4.40029974 -0.20655669 0.26750285
v 4.40029974 -0.20498469 0.27094227
v 4.40029975 -0.20321423 0.27631611
v 4.40029975 -0.20431495 0.27270740
v 4.40029975 -0.20372502 0.27449769
v 4.40029963 -0.20288717 0.27769286
v 4.40029963 -0.20236497 0.28047592
v 4.40029962 -0.20722197 0.26625633
v 4.40029974 -0.20792443 0.26502639
v 4.40029962 -0.21027087 0.26148671
v 4.40029974 -0.21293743 0.25818587
v 4.40029973 -0.23514470 0.24452430
v 4.40029973 -0.23697611 0.24407691
v 4.40029979 -0.23882836 0.24370551
v 4.40029979 -0.24821731 0.24301863
v 4.40029973 -0.25287971 0.24340546
v 4.40029961 -0.25426966 0.24361784
v 4.40029963 -0.20181707 0.28894431
v 4.40029973 -0.25565153 0.24386817
v 4.40029973 -0.25747859 0.24427110
v 4.40029973 -0.25929062 0.24474991
v 4.40029973 -0.26108281 0.24530357
v 4.40029973 -0.26285193 0.24593109
v 4.40029961 -0.26415606 0.24645001
v 4.40029973 -0.26544762 0.24700570
v 4.40029965 -0.21804617 0.32271388
v 4.40029967 -0.26671826 0.24760485
v 4.40029977 -0.21915502 0.32359722
v 4.40029973 -0.26797848 0.24824220
v 4.40029965 -0.22029226 0.32444051
v 4.40029973 -0.26961492 0.24914897
v 4.40029977 -0.22145477 0.32525340
v 4.40029977 -0.22303915 0.32627359
v 4.40029973 -0.27121201 0.25012195
v 4.40029977 -0.22466660 0.32722834
v 4.40029962 -0.27238426 0.25089824
v 4.40029977 -0.22633414 0.32811567
v 4.40029974 -0.27353435 0.25170642
v 4.40029962 -0.27465625 0.25255394
v 4.40029963 -0.29175907 0.28800023
v 4.40029977 -0.22803825 0.32893369
v 4.40029974 -0.27575405 0.25343180
v 4.40029962 -0.27682146 0.25434721
v 4.40029974 -0.27786203 0.25529087
v 4.40029962 -0.27887065 0.25627101
v 4.40029974 -0.27985025 0.25727731
v 4.40029974 -0.28110432 0.25866783
v 4.40029962 -0.28200656 0.25974852
v 4.40029974 -0.28287509 0.26084984
v 4.40029962 -0.28370825 0.26198530
v 4.40029969 -0.29163726 0.28372109
v 4.40029975 -0.29173562 0.28513944
v 4.40029974 -0.28450707 0.26314116
v 4.40029975 -0.29150314 0.28232503
v 4.40029962 -0.28526529 0.26432514
v 4.40029974 -0.28598919 0.26552946
v 4.40029962 -0.28667024 0.26675904
v 4.40029974 -0.28731585 0.26800782
v 4.40029975 -0.29110211 0.27953917
v 4.40029962 -0.28791615 0.26927811
v 4.40029963 -0.29132225 0.28092843
v 4.40029975 -0.28947322 0.27319503
v 4.40029975 -0.29073682 0.27770317
v 4.40029974 -0.28848064 0.27056873
v 4.40029975 -0.29029094 0.27588302
v 4.40029963 -0.28990188 0.27453292
v 4.40029963 -0.28899559 0.27187282
v 4.40029977 -0.22977478 0.32967982
v 4.40029963 -0.29179019 0.28652728
v 4.40029977 -0.23242942 0.33066037
v 4.40029965 -0.23109426 0.33018813
v 4.40029977 -0.23423084 0.33122149
v 4.40029963 -0.29180681 0.28746450
v 4.40029977 -0.23697776 0.33192286
v 4.40029965 -0.23559937 0.33159134
v 4.40029965 -0.23836356 0.33220580
v 4.40029977 -0.23975689 0.33245018
v 4.40029977 -0.24162823 0.33270523
v 4.40029965 -0.24303836 0.33284292
v 4.40029977 -0.24445025 0.33294121
v 4.40029977 -0.24633799 0.33300039
v 4.40029969 -0.29180681 0.28853500
v 4.40029975 -0.29177752 0.28994072
v 4.40029975 -0.29167468 0.29181010
v 4.40029976 -0.29149765 0.29371727
v 4.40029976 -0.28772183 0.30714867
v 4.40029976 -0.29125279 0.29554457
v 4.40029976 -0.29073515 0.29830188
v 4.40029964 -0.28710405 0.30840913
v 4.40029976 -0.29003810 0.30101848
v 4.40029964 -0.29040758 0.29966194
v 4.40029964 -0.28961955 0.30235922
v 4.40029976 -0.28916171 0.30368722
v 4.40029964 -0.29101589 0.29691845
v 4.40029976 -0.28847913 0.30543506
v 4.40029976 -0.28644814 0.30965528
v 4.40029964 -0.28575124 0.31087253
v 4.40029976 -0.28501871 0.31207171
v 4.40029965 -0.28424415 0.31324473
v 4.40029977 -0.28343254 0.31440118
v 4.40029965 -0.28258985 0.31551674
v 4.40029977 -0.28171069 0.31661555
v 4.40029965 -0.28079635 0.31768039
v 4.40029977 -0.27985015 0.31872228
v 4.40029977 -0.27854038 0.32005844
v 4.40029965 -0.27751846 0.32102463
v 4.40029977 -0.27646763 0.32196418
v 4.40029977 -0.27502691 0.32315734
v 4.40029977 -0.27353565 0.32429209
v 4.40029965 -0.27238445 0.32510111
v 4.40029977 -0.27121445 0.32587603
v 4.40029977 -0.26961423 0.32685086
v 4.40029965 -0.26838566 0.32753709
v 4.40029977 -0.26714213 0.32818744
v 4.40029965 -0.26587326 0.32879660
v 4.40029977 -0.26459078 0.32936940
v 4.40029965 -0.26328776 0.32989839
v 4.40029977 -0.26197101 0.33039114
v 4.40029965 -0.26063905 0.33083800
v 4.40029977 -0.25929270 0.33124885
v 4.40029977 -0.25747962 0.33172807
v 4.40029977 -0.25565157 0.33213118
v 4.40029965 -0.25427046 0.33238152
v 4.40029977 -0.25288026 0.33259389
v 4.40029977 -0.25101978 0.33280638
v 4.40029965 -0.24961836 0.33291301
v 4.40029977 -0.24821712 0.33298084
v 4.40218099 -0.29046023 0.28928667
v 4.40112170 -0.29176847 0.29008055
v 4.40192458 -0.29045944 0.28900361
v 4.40090456 -0.29177784 0.28983891
v 4.40063878 -0.29178998 0.28945840
v 4.40148803 -0.29175402 0.29038715
v 4.40257749 -0.29045959 0.28954464
v 4.40182802 -0.29174337 0.29059899
v 4.40216300 -0.29173412 0.29075307
v 4.40292748 -0.29045940 0.28965920
v 4.40258726 -0.29172586 0.29088146
v 4.40290722 -0.29172164 0.29093719
v 4.40329918 -0.29045955 0.28970403
v 4.40329948 -0.29171891 0.29096282
v 4.40179619 -0.29045949 0.28879929
v 4.40043780 -0.29179991 0.28901869
v 4.40165588 -0.29046056 0.28845286
v 4.40034446 -0.29180414 0.28871054
v 4.40029969 -0.29180681 0.28853500
v 4.40159437 -0.29046026 0.28801566
v 4.40029963 -0.29180681 0.28746450
v 4.40029963 -0.29175907 0.28800023
v 4.40179678 -0.29045974 0.28719962
v 4.40068134 -0.29178798 0.28647435
v 4.40192410 -0.29045956 0.28699702
v 4.40216764 -0.29173422 0.28524441
v 4.40253659 -0.29172653 0.28513050
v 4.40292569 -0.29045923 0.28634000
v 4.40288969 -0.29172182 0.28506273
v 4.40329918 -0.29045955 0.28629530
v 4.40329965 -0.29171877 0.28503859
v 4.40257564 -0.29045972 0.28645599
v 4.40174314 -0.29174575 0.28544670
v 4.40217932 -0.29045992 0.28671408
v 4.40144035 -0.29175568 0.28564608
v 4.40112039 -0.29176838 0.28591901
v 4.40090510 -0.29177775 0.28615868
v 4.40052291 -0.29179586 0.28676379
v 4.40165051 -0.29046038 0.28756195
v 4.40043899 -0.29179961 0.28696597
v 4.40034446 -0.29180413 0.28728873
v 4.40588530 -0.29178257 0.28956759
v 4.40467628 -0.29045922 0.28900170
v 4.40480324 -0.29045917 0.28879982
v 4.40574225 -0.29177446 0.28976589
v 4.40551444 -0.29176386 0.29003525
v 4.40402170 -0.29045982 0.28645509
v 4.40480610 -0.29173821 0.28542560
v 4.40441879 -0.29045954 0.28671229
v 4.40500363 -0.29046050 0.28799981
v 4.40633866 -0.29180905 0.28826296
v 4.40494856 -0.29046063 0.28843754
v 4.40519520 -0.29175076 0.28568101
v 4.40551647 -0.29176404 0.28596592
v 4.40467509 -0.29045930 0.28699607
v 4.40573361 -0.29177427 0.28621888
v 4.40613993 -0.29179657 0.28695589
v 4.40494927 -0.29045993 0.28756177
v 4.40480491 -0.29045846 0.28720152
v 4.40596017 -0.29178621 0.28655034
v 4.40608569 -0.29179357 0.28678769
v 4.40624365 -0.29180254 0.28722769
v 4.40633651 -0.29180924 0.28773218
v 4.40449854 -0.29173046 0.28528297
v 4.40621075 -0.29180083 0.28888810
v 4.40415260 -0.29172400 0.28515655
v 4.40367171 -0.29045940 0.28634024
v 4.40606710 -0.29179248 0.28924537
v 4.40366837 -0.29171939 0.28506053
v 4.40330013 -0.29045950 0.28629541
v 4.40329965 -0.29171872 0.28503865
v 4.40442034 -0.29045948 0.28928566
v 4.40519866 -0.29175082 0.29031587
v 4.40480586 -0.29173811 0.29057384
v 4.40402326 -0.29045978 0.28954369
v 4.40449878 -0.29173032 0.29071742
v 4.40414771 -0.29172388 0.29084444
v 4.40367314 -0.29045940 0.28965938
v 4.40366742 -0.29171938 0.29093903
v 4.40330007 -0.29045946 0.28970426
v 4.40329966 -0.29171876 0.29096079
v 4.48720966 -0.26236376 0.31847682
v 4.48544965 -0.26307536 0.32027050
v 4.48546968 -0.26306865 0.31978758
v 4.47893960 -0.26570686 0.25090220
v 4.47756964 -0.26625675 0.24967482
v 4.47965962 -0.26541636 0.25101372
v 4.43497962 -0.28346505 0.24775373
v 4.43331963 -0.28413735 0.24845652
v 4.43551964 -0.28324875 0.24736165
v 4.48883972 -0.26170686 0.31607630
v 4.49043963 -0.26106046 0.31458141
v 4.48886964 -0.26169126 0.31657882
v 4.49551961 -0.25900506 0.30571439
v 4.49443969 -0.25944386 0.30804970
v 4.49428961 -0.25950276 0.30750622
v 4.49188969 -0.26047386 0.31249012
v 4.49179969 -0.26050996 0.31196322
v 4.49321971 -0.25993416 0.31031062
v 4.44891960 -0.27783396 0.24371854
v 4.44712967 -0.27855536 0.24378870
v 4.44953960 -0.27758436 0.24346171
v 4.44651968 -0.27880215 0.24407015
v 4.44474960 -0.27951896 0.24424593
v 4.45679969 -0.27465175 0.24326531
v 4.45920968 -0.27367586 0.24346182
v 4.45852965 -0.27395276 0.24361793
v 4.49705967 -0.25838616 0.30029751
v 4.49769971 -0.25812756 0.29779412
v 4.49795970 -0.25801886 0.29834248
v 4.49909969 -0.25756066 0.28538843
v 4.49877962 -0.25768886 0.28748103
v 4.49866970 -0.25773186 0.28487392
v 4.49873968 -0.25770736 0.29008950
v 4.49916973 -0.25752986 0.28799970
v 4.49909970 -0.25756066 0.29061104
v 4.47471959 -0.26740976 0.24841299
v 4.47322959 -0.26801125 0.24736193
v 4.47542960 -0.26712266 0.24845692
v 4.49795975 -0.25801876 0.27765770
v 4.49799975 -0.25800246 0.27969952
v 4.49744959 -0.25822846 0.27715548
v 4.48166961 -0.26460416 0.25247129
v 4.48095960 -0.26488956 0.25233408
v 4.49589963 -0.25885476 0.27221067
v 4.49647959 -0.25861986 0.27268793
v 4.49673970 -0.25851386 0.27465059
v 4.48976965 -0.26132956 0.26111652
v 4.49043960 -0.26105996 0.26141890
v 4.49122960 -0.26073856 0.26317110
v 4.48544962 -0.26307486 0.25572958
v 4.48720963 -0.26236336 0.25752350
v 4.48650963 -0.26264576 0.25727691
v 4.49258966 -0.26019036 0.26532539
v 4.49188973 -0.26047346 0.26351031
v 4.48887963 -0.26169086 0.25942149
v 4.48819966 -0.26196526 0.25915178
v 4.48473961 -0.26336226 0.25551292
v 4.48359955 -0.26382276 0.25404432
v 4.48288960 -0.26410795 0.25387093
v 4.49321975 -0.25993386 0.26568981
v 4.49381967 -0.25969396 0.26754792
v 4.49443967 -0.25944356 0.26795079
v 4.49491961 -0.25924936 0.26983883
v 4.47685963 -0.26654536 0.24959823
v 4.49551959 -0.25900476 0.27028598
v 4.49728961 -0.25829056 0.27514811
v 4.47251958 -0.26829996 0.24734661
v 4.47097963 -0.26891996 0.24639192
v 4.49848970 -0.25780576 0.28020753
v 4.47025961 -0.26921066 0.24640402
v 4.46868962 -0.26984626 0.24554864
v 4.46399969 -0.27174125 0.24424604
v 4.46330959 -0.27201996 0.24434844
v 4.46161968 -0.27270486 0.24378869
v 4.49886962 -0.25765276 0.28278782
v 4.49841960 -0.25783636 0.28228010
v 4.49818965 -0.25792676 0.29524399
v 4.49853965 -0.25778676 0.29267581
v 4.49886962 -0.25765276 0.29321201
v 4.46092958 -0.27298226 0.24391863
v 4.45612961 -0.27492076 0.24344800
v 4.45436961 -0.27563016 0.24319974
v 4.49848970 -0.25780576 0.29579254
v 4.45194966 -0.27660855 0.24326531
v 4.45131964 -0.27686385 0.24349771
v 4.45372957 -0.27589175 0.24340764
v 4.49647960 -0.25862006 0.30331250
v 4.49626967 -0.25870196 0.30275281
v 4.49728963 -0.25829076 0.30085220
v 4.44414968 -0.27976025 0.24454985
v 4.44238967 -0.28047256 0.24483292
v 4.49534962 -0.25907506 0.30516012
v 4.49310968 -0.25998076 0.30977161
v 4.44180960 -0.28070505 0.24515711
v 4.44005955 -0.28141376 0.24554853
v 4.43776960 -0.28234005 0.24639182
v 4.43721968 -0.28255955 0.24675964
v 4.43950957 -0.28163665 0.24589215
v 4.43279964 -0.28434535 0.24886774
v 4.43117959 -0.28500317 0.24967443
v 4.49035964 -0.26109046 0.31408079
v 4.42909963 -0.28584356 0.25101333
v 4.43068964 -0.28520058 0.25010161
v 4.48719964 -0.26236626 0.31797858
v 4.48359964 -0.26382316 0.32195570
v 4.48363970 -0.26380796 0.32148971
v 4.42861969 -0.28603603 0.25146465
v 4.42708964 -0.28665579 0.25247072
v 4.48172973 -0.26457765 0.32307341
v 4.48165963 -0.26460456 0.32352873
v 4.47973965 -0.26538206 0.32454869
v 4.47964964 -0.26541686 0.32498612
v 4.47756968 -0.26625716 0.32632502
v 4.47765968 -0.26622106 0.32591548
v 4.47542964 -0.26712306 0.32754293
v 4.47554968 -0.26707606 0.32714709
v 4.47336964 -0.26795626 0.32825902
v 4.47322963 -0.26801156 0.32863781
v 4.47097967 -0.26892035 0.32960763
v 4.47112970 -0.26886146 0.32925102
v 4.46883963 -0.26978426 0.33011660
v 4.46868966 -0.26984656 0.33045092
v 4.46635972 -0.27078786 0.33116654
v 4.46653972 -0.27071566 0.33084992
v 4.46399973 -0.27174145 0.33175352
v 4.46419959 -0.27166025 0.33145562
v 4.46182965 -0.27261816 0.33193383
v 4.46161972 -0.27270506 0.33221069
v 4.45920967 -0.27367596 0.33253774
v 4.45942973 -0.27358865 0.33228460
v 4.45679973 -0.27465185 0.33273414
v 4.45701967 -0.27456116 0.33250413
v 4.45436965 -0.27563015 0.33279971
v 4.45460962 -0.27553556 0.33259234
v 4.45194970 -0.27660855 0.33273414
v 4.45219968 -0.27650936 0.33254943
v 4.44953971 -0.27758456 0.33253763
v 4.44979964 -0.27747716 0.33237753
v 4.44712971 -0.27855555 0.33221064
v 4.44741963 -0.27843965 0.33207695
v 4.42942957 -0.28570924 0.32508724
v 4.43148969 -0.28487475 0.32638644
v 4.43116973 -0.28500360 0.32632463
v 4.44474970 -0.27951915 0.33175341
v 4.44504963 -0.27939695 0.33164744
v 4.44268964 -0.28035175 0.33108566
v 4.44238971 -0.28047285 0.33116643
v 4.46635968 -0.27078756 0.24483302
v 4.46565968 -0.27106946 0.24490640
v 4.46797961 -0.27013296 0.24559161
v 4.42514963 -0.28743718 0.25404375
v 4.42663962 -0.28683711 0.25293522
v 4.42329962 -0.28818503 0.25572895
v 4.42473967 -0.28760383 0.25451343
v 4.42153956 -0.28889658 0.25752264
v 4.42290969 -0.28834290 0.25621550
v 4.41986961 -0.28956910 0.25942063
v 4.42116959 -0.28904761 0.25803136
v 4.41830958 -0.29019996 0.26141804
v 4.41952963 -0.28970901 0.25994092
v 4.41685970 -0.29078652 0.26350933
v 4.41799970 -0.29032710 0.26194441
v 4.41552968 -0.29132619 0.26568883
v 4.41656966 -0.29090598 0.26405912
v 4.41430970 -0.29181656 0.26794976
v 4.41525967 -0.29143375 0.26624745
v 4.41322966 -0.29225534 0.27028507
v 4.41407962 -0.29191042 0.26850920
v 4.41226967 -0.29264034 0.27268695
v 4.41301961 -0.29233704 0.27085131
v 4.41145964 -0.29296962 0.27514726
v 4.41209968 -0.29270917 0.27325433
v 4.41078969 -0.29324154 0.27765691
v 4.41131969 -0.29302426 0.27570516
v 4.41025968 -0.29345459 0.28020692
v 4.41067966 -0.29328232 0.27820372
v 4.40987965 -0.29360757 0.28278738
v 4.41018971 -0.29348335 0.28076005
v 4.40964969 -0.29369973 0.28538841
v 4.40983959 -0.29362391 0.28334427
v 4.40956971 -0.29373056 0.28799975
v 4.40963968 -0.29370311 0.28593683
v 4.40964976 -0.29369973 0.29061103
v 4.40959963 -0.29372106 0.28853804
v 4.40987965 -0.29360759 0.29321158
v 4.40969964 -0.29367809 0.29113018
v 4.41025969 -0.29345465 0.29579192
v 4.40995964 -0.29357422 0.29370922
v 4.41077968 -0.29324165 0.29834175
v 4.41036960 -0.29340945 0.29627520
v 4.41145966 -0.29296977 0.30085134
v 4.41091964 -0.29318642 0.29879772
v 4.41226968 -0.29264053 0.30331152
v 4.41161963 -0.29290539 0.30127823
v 4.41322968 -0.29225560 0.30571341
v 4.41245970 -0.29256636 0.30371654
v 4.41430971 -0.29181686 0.30804866
v 4.41342971 -0.29217167 0.30609941
v 4.41552970 -0.29132651 0.31030964
v 4.41453967 -0.29172542 0.30840665
v 4.41685972 -0.29078689 0.31248915
v 4.41576967 -0.29122665 0.31064486
v 4.41830967 -0.29020038 0.31458055
v 4.41713963 -0.29067537 0.31281393
v 4.41986964 -0.28956952 0.31657796
v 4.41858969 -0.29008835 0.31485736
v 4.42153964 -0.28889701 0.31847595
v 4.42014966 -0.28945703 0.31681191
v 4.42329965 -0.28818550 0.32026981
v 4.42181967 -0.28878140 0.31867783
v 4.42514966 -0.28743764 0.32195513
v 4.42359970 -0.28806592 0.32044422
v 4.42707966 -0.28665623 0.32352810
v 4.42544971 -0.28731661 0.32209824
v 4.42908965 -0.28584400 0.32498573
v 4.42738972 -0.28653105 0.32364582
v 4.43331967 -0.28413775 0.32754253
v 4.43361972 -0.28401465 0.32756804
v 4.43551968 -0.28324915 0.32863752
v 4.43580971 -0.28312895 0.32863180
v 4.43776964 -0.28234035 0.32960753
v 4.43806968 -0.28221865 0.32957695
v 4.44005965 -0.28141405 0.33045082
v 4.44035970 -0.28129235 0.33039550
v 4.44622396 -0.24680940 0.33299468
v 4.44312094 -0.24575864 0.33298431
v 4.40029965 -0.24680946 0.33300045
v 4.42403744 -0.22916260 0.32929706
v 4.42317436 -0.22738356 0.32847296
v 4.40029953 -0.22697829 0.32843277
v 4.40029952 -0.20214925 0.29396838
v 4.40077695 -0.20214089 0.29383123
v 4.40029928 -0.20195666 0.29196060
v 4.40029952 -0.20249179 0.29633778
v 4.40085754 -0.20240571 0.29573280
v 4.44392942 -0.24016990 0.33272765
v 4.44122957 -0.23893895 0.33247505
v 4.43892847 -0.24200028 0.33273093
v 4.42050348 -0.22400975 0.32664414
v 4.40029941 -0.22357331 0.32659462
v 4.42204402 -0.22571360 0.32761150
v 4.40029965 -0.24570417 0.33298746
v 4.44848786 -0.23945919 0.33289651
v 4.44441544 -0.24265026 0.33289723
v 4.45066343 -0.24086175 0.33297936
v 4.45138966 -0.24680946 0.33290533
v 4.45185970 -0.24562246 0.33293352
v 4.44785474 -0.23621029 0.33272664
v 4.45145510 -0.23302028 0.33289627
v 4.45325969 -0.24071216 0.33298782
v 4.45346962 -0.23944807 0.33299199
v 4.45357965 -0.23817527 0.33299402
v 4.45354973 -0.23689916 0.33299354
v 4.45309983 -0.23515515 0.33298359
v 4.44933222 -0.23136442 0.33272294
v 4.45076965 -0.23242966 0.33286051
v 4.45208965 -0.23365626 0.33294520
v 4.45264964 -0.23436696 0.33296922
v 4.45228969 -0.24441756 0.33295474
v 4.45266949 -0.24319781 0.33297352
v 4.43975996 -0.24389015 0.33289878
v 4.41770218 -0.21929404 0.32339668
v 4.42159472 -0.21915041 0.32331049
v 4.41692112 -0.21777512 0.32214844
v 4.42020641 -0.21768364 0.32209348
v 4.41609381 -0.21633981 0.32086473
v 4.41404519 -0.20733416 0.31018501
v 4.41480849 -0.20660422 0.31019705
v 4.41357145 -0.20612987 0.30847382
v 4.41016957 -0.20181940 0.29751181
v 4.41066286 -0.20221480 0.29948079
v 4.41096744 -0.20195276 0.30017686
v 4.41036162 -0.20134657 0.29776442
v 4.40984663 -0.20136779 0.29567027
v 4.40972742 -0.20071090 0.29421526
v 4.40934106 -0.20090779 0.29186469
v 4.40949413 -0.20124665 0.29377520
v 4.40999898 -0.20098994 0.29597366
v 4.40931412 -0.20029024 0.28612906
v 4.40932568 -0.20041828 0.28607380
v 4.40929970 -0.20025147 0.28747016
v 4.40946587 -0.20041823 0.28432721
v 4.41166958 -0.20351753 0.30313146
v 4.41117904 -0.20274865 0.30132478
v 4.41080603 -0.20326686 0.30129432
v 4.41935704 -0.21621333 0.32078361
v 4.41531287 -0.21494624 0.31950825
v 4.41453669 -0.21362629 0.31811159
v 4.41708944 -0.21351575 0.31803035
v 4.41384421 -0.21230895 0.31659173
v 4.41450975 -0.20985933 0.31345331
v 4.41539142 -0.21100855 0.31502675
v 4.41577396 -0.21018811 0.31425678
v 4.41248105 -0.20995996 0.31350785
v 4.41646586 -0.21219293 0.31652861
v 4.41314469 -0.21109580 0.31506609
v 4.40870484 -0.20201449 0.29376822
v 4.40799877 -0.20219971 0.29376852
v 4.40862295 -0.20243121 0.29569798
v 4.41101773 -0.20419024 0.27281922
v 4.41141530 -0.20500492 0.27103603
v 4.41047485 -0.20442262 0.27284193
v 4.41404302 -0.20732689 0.26582408
v 4.41428335 -0.20864055 0.26414537
v 4.41308112 -0.20774596 0.26581710
v 4.41504521 -0.20824852 0.26413625
v 4.41600437 -0.20927522 0.26252812
v 4.41532488 -0.20965052 0.26252079
v 4.41730554 -0.21196147 0.25944060
v 4.41660805 -0.21062042 0.26098078
v 4.41827996 -0.21139476 0.25945114
v 4.41832275 -0.21324241 0.25798267
v 4.41973836 -0.21232320 0.25798481
v 4.42024923 -0.21412439 0.25657689
v 4.42260379 -0.21446907 0.25521617
v 4.42102689 -0.21571171 0.25522374
v 4.42736382 -0.21774815 0.25151568
v 4.42830223 -0.21997135 0.25042461
v 4.42616660 -0.21920884 0.25150936
v 4.43131584 -0.22130760 0.24885880
v 4.43220741 -0.22530027 0.24755208
v 4.43064088 -0.22374310 0.24842970
v 4.43756062 -0.22562775 0.24600957
v 4.43912125 -0.22762928 0.24535112
v 4.43601639 -0.22801097 0.24599968
v 4.43343789 -0.22725928 0.24674194
v 4.43433434 -0.22462223 0.24710779
v 4.43599958 -0.22374307 0.24673669
v 4.44314343 -0.22961549 0.24428759
v 4.44637829 -0.22938869 0.24369524
v 4.44450075 -0.23234680 0.24385963
v 4.44942051 -0.23143111 0.24328725
v 4.45016963 -0.23197466 0.24318943
v 4.45155984 -0.23312381 0.24309460
v 4.45218963 -0.23377417 0.24304900
v 4.45272964 -0.23449586 0.24302671
v 4.45315975 -0.23529518 0.24301467
v 4.44861955 -0.23930455 0.24310283
v 4.44682068 -0.23760389 0.24327235
v 4.44296605 -0.24071998 0.24327163
v 4.44502634 -0.23593823 0.24352358
v 4.40789457 -0.20219115 0.28230566
v 4.40824433 -0.20190186 0.28414076
v 4.40850338 -0.20209688 0.28221893
v 4.40774378 -0.20181021 0.28799718
v 4.40835556 -0.20169015 0.28992903
v 4.40830656 -0.20165059 0.28799838
v 4.40778073 -0.20185178 0.28991121
v 4.40829035 -0.20188563 0.29186302
v 4.42162139 -0.22740756 0.24750524
v 4.40029950 -0.22529007 0.24843085
v 4.42083723 -0.22569528 0.24838816
v 4.40029967 -0.22877545 0.24674034
v 4.42406089 -0.22916287 0.24670236
v 4.42460001 -0.23093419 0.24597185
v 4.45298968 -0.24196127 0.33298073
v 4.45338963 -0.23600817 0.33299050
v 4.44447063 -0.23241904 0.33214084
v 4.44711672 -0.23210758 0.33248035
v 4.44591556 -0.22908130 0.33221368
v 4.44495998 -0.23600426 0.33247487
v 4.40029965 -0.24383105 0.33290246
v 4.45004962 -0.23188046 0.33279840
v 4.40029965 -0.24197212 0.33274254
v 4.44791733 -0.23040294 0.33254717
v 4.43689714 -0.24012674 0.33248179
v 4.43548678 -0.23824643 0.33214877
v 4.40029965 -0.23810555 0.33215728
v 4.40029965 -0.24004593 0.33249381
v 4.43406068 -0.23639932 0.33173691
v 4.40029965 -0.23620676 0.33174405
v 4.44109975 -0.22875465 0.33123152
v 4.43909179 -0.22765304 0.33064441
v 4.43902706 -0.23169686 0.33122639
v 4.44158076 -0.23587982 0.33214078
v 4.43533765 -0.23276674 0.33096521
v 4.43989240 -0.23413125 0.33172367
v 4.43793331 -0.23655846 0.33195673
v 4.43381248 -0.23434508 0.33122425
v 4.44339763 -0.22914681 0.33173577
v 4.44400917 -0.22782682 0.33181177
v 4.44102143 -0.22581545 0.33100770
v 4.44208418 -0.23171437 0.33172719
v 4.42731737 -0.23452419 0.33124005
v 4.40029953 -0.23424813 0.33122435
v 4.43432937 -0.22460733 0.32888715
v 4.43754552 -0.22570218 0.32999603
v 4.43598936 -0.22372382 0.32925592
v 4.43596838 -0.22802685 0.32999234
v 4.43663321 -0.23064447 0.33064918
v 4.43343012 -0.22994104 0.32998846
v 4.42459296 -0.23270470 0.33067204
v 4.43175827 -0.23261330 0.33065169
v 4.43343518 -0.22159547 0.32802956
v 4.43044005 -0.23080173 0.32999419
v 4.40029965 -0.23241521 0.33065382
v 4.43856929 -0.22412503 0.33016370
v 4.43677901 -0.22286000 0.32945387
v 4.43340443 -0.22727463 0.32925437
v 4.43219934 -0.22534128 0.32845710
v 4.43052552 -0.22647718 0.32845961
v 4.43116395 -0.22852993 0.32926493
v 4.42828809 -0.22721357 0.32844119
v 4.42926000 -0.22901077 0.32926409
v 4.42407451 -0.23092996 0.33002811
v 4.40029965 -0.22879268 0.32926676
v 4.43162618 -0.22265373 0.32756524
v 4.42833613 -0.22400694 0.32711689
v 4.42954980 -0.22320862 0.32710986
v 4.40029965 -0.23060650 0.33000615
v 4.43432270 -0.22110304 0.32833759
v 4.43151639 -0.21904103 0.32680975
v 4.43060694 -0.22025824 0.32660704
v 4.42880247 -0.22094215 0.32610213
v 4.42891095 -0.21910837 0.32558440
v 4.42695652 -0.22550643 0.32755344
v 4.42681358 -0.22127222 0.32558428
v 4.42497049 -0.22110722 0.32506608
v 4.42627381 -0.22371648 0.32661622
v 4.40029953 -0.22529710 0.32757244
v 4.42976437 -0.21772723 0.32572411
v 4.42591081 -0.21939641 0.32446896
v 4.42490981 -0.22394315 0.32661914
v 4.40029953 -0.22190575 0.32555077
v 4.42815731 -0.21650166 0.32462590
v 4.42735920 -0.21774138 0.32447963
v 4.42140148 -0.21305079 0.31942486
v 4.42302523 -0.21378463 0.32075678
v 4.42223845 -0.21185073 0.31957906
v 4.42529831 -0.21714673 0.32330172
v 4.42412112 -0.22226627 0.32558351
v 4.42021249 -0.22237031 0.32560610
v 4.42646418 -0.21519746 0.32336109
v 4.42526374 -0.21553672 0.32272546
v 4.42379997 -0.21596640 0.32209175
v 4.42148648 -0.21743159 0.32207744
v 4.42303489 -0.21880458 0.32332539
v 4.42426358 -0.21813247 0.32331251
v 4.42290507 -0.22067927 0.32448488
v 4.41919551 -0.22081053 0.32452964
v 4.40029953 -0.21886971 0.32337466
v 4.40029929 -0.22034670 0.32448027
v 4.42276261 -0.21684090 0.32209360
v 4.42431150 -0.21350953 0.32156317
v 4.41993425 -0.20996599 0.31706911
v 4.42044316 -0.21136465 0.31799077
v 4.42189048 -0.21517011 0.32078516
v 4.42060302 -0.21591607 0.32080381
v 4.40029929 -0.21731159 0.32209960
v 4.40029965 -0.21449323 0.31947288
v 4.40029941 -0.21587860 0.32082030
v 4.42024670 -0.21412659 0.31942259
v 4.41849206 -0.21479038 0.31940638
v 4.41921923 -0.21035695 0.31657737
v 4.41957162 -0.21246568 0.31801658
v 4.41855035 -0.21114400 0.31655734
v 4.41779432 -0.21172233 0.31655168
v 4.41831038 -0.21323216 0.31800424
v 4.41802929 -0.20927129 0.31502568
v 4.40029953 -0.21063692 0.31500504
v 4.40029929 -0.21185168 0.31654409
v 4.40029941 -0.21326109 0.31817255
v 4.41854773 -0.20880115 0.31532853
v 4.41680024 -0.20836325 0.31339156
v 4.41600666 -0.20926948 0.31346762
v 4.41715775 -0.21026030 0.31501930
v 4.41232357 -0.20413626 0.30485224
v 4.41327808 -0.20417872 0.30650031
v 4.41253695 -0.20348238 0.30476248
v 4.41368268 -0.20877868 0.31183612
v 4.41184483 -0.20888079 0.31188905
v 4.40029965 -0.20953278 0.31347516
v 4.41718803 -0.20764513 0.31345659
v 4.41576788 -0.20749544 0.31184095
v 4.41603849 -0.20665327 0.31169330
v 4.41504416 -0.20823529 0.31184989
v 4.41442821 -0.20858188 0.31185907
v 4.40029893 -0.20853348 0.31196293
v 4.41523919 -0.20595273 0.31035113
v 4.41312787 -0.20772616 0.31017428
v 4.41146860 -0.20786604 0.31020647
v 4.40029869 -0.20752459 0.31028322
v 4.41420922 -0.20503091 0.30845284
v 4.41316101 -0.20477814 0.30670034
v 4.41397414 -0.20559374 0.30846106
v 4.41289804 -0.20660773 0.30848932
v 4.41222486 -0.20681554 0.30847227
v 4.41081068 -0.20691974 0.30849290
v 4.40029881 -0.20659619 0.30856815
v 4.41252444 -0.20552410 0.30672353
v 4.41169605 -0.20592071 0.30673635
v 4.41038260 -0.20605206 0.30673915
v 4.40029881 -0.20576568 0.30685917
v 4.41107354 -0.20512668 0.30496245
v 4.41173455 -0.20482364 0.30496370
v 4.40996501 -0.20526731 0.30498343
v 4.40029881 -0.20501264 0.30511797
v 4.40937707 -0.20453028 0.30310332
v 4.41146693 -0.20244949 0.30182612
v 4.41198179 -0.20295179 0.30330336
v 4.41130039 -0.20397550 0.30317753
v 4.41082213 -0.20429490 0.30316412
v 4.41028854 -0.20445661 0.30315792
v 4.41009900 -0.20374154 0.30129164
v 4.40899512 -0.20389304 0.30124640
v 4.40029952 -0.20432113 0.30329973
v 4.40029940 -0.20371417 0.30145615
v 4.41066965 -0.20164377 0.29900503
v 4.41024241 -0.20280671 0.29945177
v 4.40963826 -0.20318866 0.29945367
v 4.40871462 -0.20333719 0.29935819
v 4.40029952 -0.20320638 0.29963952
v 4.40975663 -0.20238974 0.29756403
v 4.40928969 -0.20269877 0.29759186
v 4.40853259 -0.20288898 0.29757309
v 4.40485713 -0.20282670 0.29759777
v 4.40029874 -0.20279724 0.29789281
v 4.40954551 -0.20188306 0.29569202
v 4.40908918 -0.20224960 0.29570311
v 4.40806684 -0.20249454 0.29563010
v 4.40388509 -0.20244541 0.29570115
v 4.40913245 -0.20170810 0.29376465
v 4.40451273 -0.20217196 0.29379255
v 4.40914294 -0.20126219 0.29185378
v 4.40877613 -0.20164292 0.29186123
v 4.40782651 -0.20198235 0.29184598
v 4.40473184 -0.20197150 0.29187101
v 4.40940961 -0.20037137 0.29108321
v 4.40932652 -0.20028530 0.28972035
v 4.40951034 -0.20048941 0.29241752
v 4.40920337 -0.20082869 0.28605413
v 4.40921410 -0.20064075 0.28799665
v 4.40925666 -0.20068814 0.28995639
v 4.40905425 -0.20109362 0.28993827
v 4.40898582 -0.20108585 0.28798663
v 4.40876063 -0.20141556 0.28993225
v 4.40835317 -0.20169121 0.28606254
v 4.40870067 -0.20138663 0.28800767
v 4.40029928 -0.20184778 0.29005903
v 4.40923812 -0.20113142 0.28414482
v 4.40930595 -0.20024974 0.28834736
v 4.40942761 -0.20137491 0.28223145
v 4.40965160 -0.20062621 0.28241819
v 4.40888079 -0.20130987 0.28607237
v 4.40776786 -0.20185082 0.28615033
v 4.40029904 -0.20180839 0.28797597
v 4.40029916 -0.20184611 0.28598994
v 4.40876659 -0.20164684 0.28415501
v 4.41071137 -0.20337605 0.27466118
v 4.41107537 -0.20292219 0.27469319
v 4.41155835 -0.20369225 0.27285689
v 4.40775510 -0.20197446 0.28426641
v 4.40084311 -0.20195841 0.28405655
v 4.40029939 -0.20195736 0.28401649
v 4.40899333 -0.20183585 0.28219980
v 4.40097006 -0.20215453 0.28207094
v 4.40029963 -0.20220317 0.28155631
v 4.41089924 -0.20187801 0.27609431
v 4.41025420 -0.20122338 0.27883571
v 4.41059407 -0.20156227 0.27732771
v 4.41006502 -0.20205357 0.27840703
v 4.40981050 -0.20145542 0.28033107
v 4.40942462 -0.20200007 0.28033906
v 4.40875824 -0.20239385 0.28032839
v 4.40910407 -0.20276658 0.27841466
v 4.40958293 -0.20253144 0.27842855
v 4.40944787 -0.20325459 0.27654809
v 4.40805849 -0.20248596 0.28041881
v 4.40107425 -0.20242274 0.28018332
v 4.40029975 -0.20250658 0.27957487
v 4.40988513 -0.20086994 0.28074109
v 4.41414590 -0.20497226 0.26767903
v 4.41529329 -0.20599731 0.26555651
v 4.41479213 -0.20659376 0.26582807
v 4.40841456 -0.20289074 0.27842426
v 4.40497692 -0.20282939 0.27840018
v 4.40091582 -0.20276269 0.27833241
v 4.40029951 -0.20287865 0.27769304
v 4.41316767 -0.20476136 0.26930546
v 4.41340812 -0.20430172 0.26919752
v 4.41066130 -0.20219279 0.27655393
v 4.41020592 -0.20284941 0.27654546
v 4.41019841 -0.20370635 0.27467328
v 4.40856417 -0.20334474 0.27660048
v 4.40112801 -0.20321633 0.27640009
v 4.40029963 -0.20327206 0.27609104
v 4.41130062 -0.20226447 0.27477562
v 4.41389425 -0.20576723 0.26751369
v 4.41239698 -0.20411204 0.27103811
v 4.41268559 -0.20540545 0.26924115
v 4.41195817 -0.20464336 0.27103394
v 4.40888484 -0.20389723 0.27473044
v 4.40955992 -0.20386764 0.27466261
v 4.40029867 -0.20375280 0.27441579
v 4.41194161 -0.20291425 0.27278506
v 4.41184159 -0.20319719 0.27283030
v 4.41277595 -0.20371199 0.27064734
v 4.41206761 -0.20579400 0.26926136
v 4.40941723 -0.20455331 0.27283263
v 4.40029867 -0.20433803 0.27265251
v 4.41278787 -0.20665729 0.26752126
v 4.41339524 -0.20629545 0.26749986
v 4.40983530 -0.20526224 0.27103394
v 4.41084238 -0.20516762 0.27104306
v 4.40029867 -0.20501041 0.27088696
v 4.40029867 -0.20576601 0.26914019
v 4.41145308 -0.20595852 0.26927030
v 4.41031452 -0.20605640 0.26924634
v 4.41210480 -0.20682996 0.26752549
v 4.41082986 -0.20692507 0.26749706
v 4.40029879 -0.20660016 0.26742387
v 4.40029891 -0.20749813 0.26576394
v 4.41621680 -0.20680901 0.26402193
v 4.41576584 -0.20749027 0.26416414
v 4.41198559 -0.20888188 0.26411503
v 4.41141243 -0.20786743 0.26578438
v 4.41264994 -0.20995899 0.26249891
v 4.40029903 -0.20953609 0.26251924
v 4.41925425 -0.21035048 0.25939750
v 4.41358109 -0.20878545 0.26415819
v 4.40029879 -0.20849631 0.26409632
v 4.41742237 -0.20784894 0.26218986
v 4.41681237 -0.20843250 0.26255005
v 4.42054457 -0.21124762 0.25796907
v 4.42143423 -0.21305868 0.25655090
v 4.41746087 -0.21000841 0.26095026
v 4.41456802 -0.20985962 0.26253151
v 4.41637225 -0.21222315 0.25943660
v 4.41401179 -0.21233747 0.25937914
v 4.41545076 -0.21100688 0.26096183
v 4.41330810 -0.21111114 0.26091933
v 4.40029902 -0.21067142 0.26094878
v 4.41941841 -0.20953431 0.25955146
v 4.41807289 -0.20930382 0.26091939
v 4.41436906 -0.21359877 0.25791299
v 4.41700930 -0.21351000 0.25798374
v 4.40029914 -0.21189741 0.25939977
v 4.42066641 -0.21056736 0.25810199
v 4.42178972 -0.21148334 0.25688731
v 4.40029920 -0.21315119 0.25795025
v 4.42325563 -0.21266643 0.25542825
v 4.41900499 -0.21469486 0.25655239
v 4.41801150 -0.21484390 0.25656831
v 4.41505499 -0.21495134 0.25647896
v 4.40029938 -0.21452313 0.25649601
v 4.42936391 -0.21817523 0.25041186
v 4.42178256 -0.21735437 0.25389480
v 4.42042417 -0.21767606 0.25391071
v 4.41932113 -0.21623287 0.25520509
v 4.41582555 -0.21633503 0.25513291
v 4.40029926 -0.21727333 0.25393302
v 4.41671509 -0.21774785 0.25387024
v 4.41748316 -0.21925527 0.25262951
v 4.40029938 -0.21588414 0.25517410
v 4.42450327 -0.21510930 0.25387543
v 4.42453320 -0.21368570 0.25424390
v 4.42316265 -0.21656650 0.25391536
v 4.42631907 -0.21508672 0.25275045
v 4.42601056 -0.21618981 0.25266861
v 4.42497898 -0.21753669 0.25269519
v 4.42357833 -0.21856046 0.25267487
v 4.42306382 -0.21973840 0.25208073
v 4.42126817 -0.21917373 0.25268327
v 4.41819520 -0.22081646 0.25145143
v 4.42242110 -0.22071951 0.25151461
v 4.40029938 -0.21879102 0.25268746
v 4.42844254 -0.21672463 0.25116323
v 4.43120570 -0.21880625 0.24937480
v 4.42524964 -0.22099721 0.25093501
v 4.43755752 -0.22341187 0.24622284
v 4.43399126 -0.22086315 0.24782746
v 4.42723567 -0.22222495 0.24988471
v 4.42413337 -0.22226869 0.25041359
v 4.42484290 -0.22394051 0.24938559
v 4.42023630 -0.22237927 0.25038766
v 4.40029950 -0.22190742 0.25044757
v 4.40029950 -0.22037694 0.25149709
v 4.42936034 -0.22194105 0.24940329
v 4.42628378 -0.22371174 0.24938427
v 4.41989762 -0.22403225 0.24933594
v 4.40029938 -0.22362137 0.24937564
v 4.43341715 -0.22161111 0.24797450
v 4.42976493 -0.22562652 0.24797230
v 4.42826611 -0.22620734 0.24796926
v 4.42609352 -0.22561257 0.24842720
v 4.42737145 -0.22732094 0.24754231
v 4.43118030 -0.22853235 0.24673151
v 4.42928225 -0.22901558 0.24673246
v 4.40029950 -0.22703604 0.24753809
v 4.43346233 -0.22993720 0.24600749
v 4.43053335 -0.23081646 0.24599515
v 4.40029961 -0.23051826 0.24602652
v 4.43962986 -0.22486080 0.24545358
v 4.43906778 -0.23165965 0.24477254
v 4.43666047 -0.23061508 0.24535202
v 4.43190200 -0.23261509 0.24534034
v 4.43415618 -0.23202905 0.24534522
v 4.42566115 -0.23272403 0.24532424
v 4.40029961 -0.23235418 0.24536515
v 4.44109613 -0.22870687 0.24477349
v 4.44242400 -0.22676908 0.24458430
v 4.44113154 -0.23294049 0.24427448
v 4.43659872 -0.23339617 0.24476992
v 4.43366617 -0.23443266 0.24476324
v 4.42618293 -0.23453476 0.24475407
v 4.40029961 -0.23421121 0.24478483
v 4.43813736 -0.23525497 0.24427544
v 4.43421716 -0.23636751 0.24426572
v 4.40029961 -0.23614840 0.24427063
v 4.44163496 -0.23583928 0.24385826
v 4.43870527 -0.23747281 0.24385606
v 4.43551463 -0.23826711 0.24384712
v 4.40029961 -0.23813620 0.24383563
v 4.44675094 -0.23289898 0.24352370
v 4.44132406 -0.23890061 0.24352334
v 4.43703050 -0.24010880 0.24351840
v 4.40029967 -0.23999113 0.24351466
v 4.43841654 -0.24200663 0.24326770
v 4.40029961 -0.24194894 0.24325973
v 4.44828624 -0.23064933 0.24340395
v 4.44462198 -0.24254821 0.24310223
v 4.43989963 -0.24388696 0.24310057
v 4.40029949 -0.24387486 0.24309361
v 4.45087964 -0.23252946 0.24312953
v 4.44876212 -0.24289502 0.24301807
v 4.44225079 -0.24579046 0.24301480
v 4.40029961 -0.24578520 0.24301064
v 4.45355958 -0.23705287 0.24300573
v 4.45342964 -0.23615726 0.24300800
v 4.45357961 -0.23817176 0.24300543
v 4.45348960 -0.23928757 0.24300704
v 4.45331961 -0.24039486 0.24301032
v 4.45309973 -0.24149166 0.24301562
v 4.44689268 -0.24680952 0.24300949
v 4.45283968 -0.24257857 0.24302355
v 4.40029961 -0.24680946 0.24299902
v 4.45252961 -0.24365476 0.24303464
v 4.45217961 -0.24471917 0.24304954
v 4.45179957 -0.24577126 0.24306915
v 4.45138961 -0.24680946 0.24309413
v 4.45272969 -0.25912306 0.33297274
v 4.45315973 -0.25832363 0.33298460
v 4.45057367 -0.25769391 0.33289019
v 4.45087968 -0.26108946 0.33286992
v 4.45155965 -0.26049486 0.33291653
v 4.45218967 -0.25984476 0.33295045
v 4.44241272 -0.26685744 0.33141212
v 4.44631015 -0.26427514 0.33229140
v 4.44505392 -0.26246642 0.33214132
v 4.42378674 -0.27763731 0.32208942
v 4.42341850 -0.27607360 0.32273029
v 4.42169104 -0.27829547 0.32079654
v 4.43307183 -0.27120004 0.32803659
v 4.43409692 -0.26695416 0.32925598
v 4.43247841 -0.26854441 0.32844596
v 4.42519198 -0.27629766 0.32331501
v 4.42937229 -0.27167804 0.32660131
v 4.43062626 -0.27335260 0.32661741
v 4.43090246 -0.27012982 0.32755922
v 4.42735730 -0.27273431 0.32557039
v 4.42889796 -0.27448547 0.32558231
v 4.42591785 -0.27421343 0.32447593
v 4.42735658 -0.27587314 0.32447760
v 4.41858611 -0.28249967 0.31654548
v 4.41765318 -0.28180491 0.31657188
v 4.41718111 -0.28335629 0.31503820
v 4.42097614 -0.28007284 0.31942343
v 4.41943167 -0.27906667 0.31942718
v 4.41871450 -0.28056267 0.31800943
v 4.41227672 -0.28792421 0.30674254
v 4.41102776 -0.28847547 0.30496633
v 4.41172651 -0.28879142 0.30496299
v 4.40829524 -0.29111328 0.29570526
v 4.40833851 -0.29147818 0.29379678
v 4.40878531 -0.29165073 0.29377126
v 4.40979393 -0.28979165 0.27468467
v 4.40963717 -0.29042996 0.27654439
v 4.40874835 -0.29025925 0.27655351
v 4.40896281 -0.29129897 0.28031516
v 4.40818020 -0.29111594 0.28031927
v 4.40920087 -0.29088156 0.27842074
v 4.41471262 -0.28517167 0.26415687
v 4.41553397 -0.28580422 0.26413327
v 4.41391034 -0.28620893 0.26582008
v 4.41187449 -0.29042496 0.27278137
v 4.41155286 -0.28992162 0.27284759
v 4.41247888 -0.28970150 0.27105754
v 4.41045507 -0.29105831 0.27653426
v 4.41100355 -0.29055670 0.27467447
v 4.41071673 -0.29151763 0.27648961
v 4.41076895 -0.29187418 0.27659362
v 4.41016956 -0.29179991 0.27848744
v 4.40929970 -0.29336743 0.28852933
v 4.40931412 -0.29332871 0.28986984
v 4.40932568 -0.29320058 0.28992557
v 4.42045862 -0.27596352 0.25392156
v 4.42240817 -0.27558176 0.25328623
v 4.41936649 -0.27740506 0.25521498
v 4.41469629 -0.28379436 0.26256156
v 4.41689379 -0.28315767 0.26097142
v 4.41560907 -0.28410915 0.26253235
v 4.40043923 -0.29179894 0.28696513
v 4.40029975 -0.29176461 0.28561634
v 4.40052291 -0.29180095 0.28676224
v 4.40034469 -0.29180433 0.28728903
v 4.40029963 -0.29180681 0.28746450
v 4.41772849 -0.27433630 0.25261229
v 4.40029974 -0.27480508 0.25266993
v 4.40029950 -0.27332276 0.25155586
v 4.40029961 -0.26835793 0.24844700
v 4.42108912 -0.26957945 0.24934333
v 4.40029926 -0.26999952 0.24937684
v 4.44652480 -0.24680943 0.24300687
v 4.44329506 -0.24788286 0.24301581
v 4.40029961 -0.24790509 0.24301184
v 4.40029961 -0.24680946 0.24299902
v 4.45066625 -0.25276049 0.24302016
v 4.44767314 -0.25313142 0.24310301
v 4.45145494 -0.26059859 0.24310295
v 4.44880706 -0.25948802 0.24327372
v 4.45346958 -0.25417086 0.24300740
v 4.45357961 -0.25544356 0.24300543
v 4.45266944 -0.25042109 0.24302594
v 4.45228964 -0.24920136 0.24304471
v 4.45185966 -0.24799646 0.24306593
v 4.45354969 -0.25671975 0.24300591
v 4.45309985 -0.25846379 0.24301598
v 4.45076961 -0.26118926 0.24313895
v 4.45264960 -0.25925196 0.24303023
v 4.45208961 -0.25996266 0.24305425
v 4.45325965 -0.25290676 0.24301163
v 4.45138961 -0.24680946 0.24309413
v 4.44454712 -0.25719150 0.24352382
v 4.44631630 -0.25547706 0.24327151
v 4.44284207 -0.25283991 0.24327181
v 4.43325919 -0.25721472 0.24426113
v 4.43472910 -0.25537624 0.24385093
v 4.43860323 -0.25606368 0.24385898
v 4.42160160 -0.27446915 0.25268912
v 4.42291797 -0.27294087 0.25151478
v 4.42431099 -0.27330073 0.25151073
v 4.42413074 -0.27135365 0.25041615
v 4.42659331 -0.27105697 0.24987995
v 4.42056579 -0.27770961 0.25521075
v 4.41941656 -0.27907849 0.25658607
v 4.41727764 -0.28012662 0.25798469
v 4.41808469 -0.27876931 0.25655543
v 4.41036232 -0.29227155 0.27823150
v 4.40984662 -0.29225138 0.28032917
v 4.40999897 -0.29262884 0.28002500
v 4.40955516 -0.29252677 0.28220725
v 4.40946552 -0.29320100 0.29166829
v 4.40972718 -0.29290824 0.28178584
v 4.40934106 -0.29271128 0.28413486
v 4.41252215 -0.28808759 0.26925075
v 4.41329868 -0.28725680 0.26751536
v 4.41388758 -0.28786228 0.26752907
v 4.41453119 -0.28671117 0.26582419
v 4.41046521 -0.28919427 0.30315631
v 4.41109225 -0.28946988 0.30318194
v 4.40841087 -0.29072911 0.27842742
v 4.41307375 -0.28587008 0.31018590
v 4.41392586 -0.28618999 0.31021219
v 4.41469727 -0.28516796 0.31183838
v 4.45064317 -0.25292698 0.33298198
v 4.45253359 -0.24997598 0.33297977
v 4.44377290 -0.24786859 0.33298395
v 4.43634961 -0.26599787 0.32999037
v 4.43586384 -0.26953436 0.32925682
v 4.45016967 -0.26164426 0.33281002
v 4.44866090 -0.25903082 0.33272324
v 4.41257069 -0.28687779 0.30848258
v 4.41160390 -0.28767645 0.30674690
v 4.40979430 -0.28979338 0.30131125
v 4.41041544 -0.29002467 0.30132967
v 4.40929493 -0.29091831 0.29760569
v 4.40958080 -0.29040827 0.29946893
v 4.40884694 -0.29078635 0.29759437
v 4.40029953 -0.26305629 0.32998839
v 4.42615567 -0.26089413 0.33067404
v 4.40029953 -0.26119166 0.33065793
v 4.40822729 -0.29171011 0.29186880
v 4.40789327 -0.29142662 0.29370290
v 4.40771231 -0.29176648 0.28993606
v 4.40767595 -0.29181003 0.28800446
v 4.40816858 -0.29190883 0.28800475
v 4.40633913 -0.29181172 0.28826535
v 4.40635719 -0.29176647 0.28605181
v 4.40631052 -0.29176631 0.28995001
v 4.40770611 -0.29176660 0.28607470
v 4.40618667 -0.29179942 0.28895283
v 4.40624901 -0.29180332 0.28873885
v 4.40606799 -0.29179202 0.28924489
v 4.40570900 -0.29164596 0.29182333
v 4.40449902 -0.29173026 0.29071736
v 4.40480586 -0.29173773 0.29057419
v 4.40422269 -0.29172494 0.29082006
v 4.40387436 -0.29172061 0.29090703
v 4.40346130 -0.29171871 0.29095721
v 4.40299078 -0.29172059 0.29094875
v 4.40258762 -0.29172573 0.29088163
v 4.40216288 -0.29173419 0.29075289
v 4.40112242 -0.29176834 0.29008144
v 4.40148922 -0.29175435 0.29038769
v 4.40029916 -0.29165012 0.29209602
v 4.40090462 -0.29177723 0.28983951
v 4.40067812 -0.29178846 0.28951872
v 4.40596661 -0.29179165 0.28943550
v 4.40586158 -0.29177935 0.28960425
v 4.40574321 -0.29177443 0.28976422
v 4.40551361 -0.29176354 0.29003626
v 4.40519866 -0.29175072 0.29031593
v 4.40182957 -0.29174305 0.29060000
v 4.40048953 -0.29179739 0.28912819
v 4.40057644 -0.29179794 0.28933424
v 4.40043899 -0.29179901 0.28903151
v 4.40034469 -0.29180431 0.28871030
v 4.40029975 -0.29176366 0.29041457
v 4.40029969 -0.29180681 0.28853500
v 4.45298964 -0.25165756 0.24301872
v 4.44931966 -0.26226326 0.24327664
v 4.45004958 -0.26173846 0.24320100
v 4.45338959 -0.25761076 0.24300895
v 4.44697827 -0.26097665 0.24351917
v 4.44243020 -0.25848532 0.24385904
v 4.44124812 -0.25468735 0.24352412
v 4.44092065 -0.24973769 0.24310098
v 4.43705327 -0.25353496 0.24352096
v 4.43838328 -0.25162935 0.24326907
v 4.40029961 -0.24978654 0.24309683
v 4.44506961 -0.26239016 0.24385123
v 4.44074017 -0.26022403 0.24427448
v 4.40029955 -0.25168913 0.24326211
v 4.44778568 -0.26330379 0.24346391
v 4.44326085 -0.26395642 0.24426447
v 4.43975038 -0.26269399 0.24477170
v 4.43710143 -0.25791049 0.24427562
v 4.40029961 -0.25363811 0.24351627
v 4.44524688 -0.26497663 0.24391542
v 4.44127220 -0.26533218 0.24476878
v 4.43909890 -0.26595896 0.24535207
v 4.43652577 -0.26014422 0.24477349
v 4.40029961 -0.25739591 0.24425149
v 4.40029961 -0.25552761 0.24384511
v 4.44270403 -0.26666531 0.24451254
v 4.43632919 -0.26596655 0.24600767
v 4.43665690 -0.26864572 0.24635123
v 4.43198806 -0.26103967 0.24534612
v 4.43314797 -0.25918179 0.24477051
v 4.44055003 -0.26812724 0.24514715
v 4.43662602 -0.26297544 0.24535178
v 4.43345696 -0.26368084 0.24600868
v 4.43410260 -0.26157755 0.24534677
v 4.42522306 -0.25908312 0.24475156
v 4.43408508 -0.26693236 0.24674110
v 4.43246073 -0.26853360 0.24755536
v 4.43200607 -0.26544972 0.24673133
v 4.43061835 -0.26283704 0.24600147
v 4.42610461 -0.26089071 0.24532413
v 4.40029961 -0.26118200 0.24533803
v 4.40029949 -0.25933630 0.24476463
v 4.43678123 -0.27075812 0.24655090
v 4.43464000 -0.27228680 0.24752061
v 4.43307025 -0.27120831 0.24796532
v 4.43089170 -0.27011312 0.24843841
v 4.42978997 -0.26796323 0.24795734
v 4.42829472 -0.26640621 0.24755829
v 4.42963404 -0.26466711 0.24674695
v 4.42519218 -0.26271267 0.24598460
v 4.40029961 -0.26307711 0.24601847
v 4.43856770 -0.26949490 0.24583624
v 4.43308646 -0.27342428 0.24831741
v 4.42934389 -0.27165858 0.24940072
v 4.42422170 -0.26449899 0.24672126
v 4.40029961 -0.26488439 0.24675882
v 4.42304487 -0.26619934 0.24750870
v 4.43153173 -0.27456635 0.24918042
v 4.43061501 -0.27334962 0.24938576
v 4.42809588 -0.27342225 0.25041889
v 4.42696542 -0.26811220 0.24844544
v 4.40029950 -0.26658230 0.24753785
v 4.42827124 -0.27544946 0.25094097
v 4.42661948 -0.27487346 0.25151460
v 4.42612500 -0.27311315 0.25093882
v 4.42213828 -0.26793963 0.24840688
v 4.42975367 -0.27589976 0.25028228
v 4.42586166 -0.27719865 0.25268590
v 4.42566336 -0.26977893 0.24940448
v 4.40029950 -0.27168861 0.25043154
v 4.42816467 -0.27711162 0.25136815
v 4.42013998 -0.27121947 0.25037419
v 4.41921896 -0.27282074 0.25147884
v 4.42644519 -0.27843609 0.25265323
v 4.42454238 -0.27568151 0.25269102
v 4.42377216 -0.27764041 0.25391870
v 4.42454047 -0.27871099 0.25390958
v 4.42290647 -0.27964489 0.25525712
v 4.42275293 -0.27677465 0.25390606
v 4.42431731 -0.28010484 0.25443106
v 4.42213268 -0.28185191 0.25651967
v 4.41992063 -0.28366419 0.25894665
v 4.42053635 -0.28238106 0.25797951
v 4.41697187 -0.27587337 0.25387722
v 4.40029914 -0.27634420 0.25393117
v 4.42176087 -0.28119755 0.25660061
v 4.42096801 -0.28007134 0.25657999
v 4.41986937 -0.28143785 0.25798010
v 4.42169149 -0.27830679 0.25520944
v 4.41606230 -0.27726315 0.25511920
v 4.41858323 -0.28249328 0.25945132
v 4.41870816 -0.28056666 0.25799614
v 4.41530211 -0.27866671 0.25648504
v 4.41456909 -0.28003394 0.25793457
v 4.40029878 -0.28047046 0.25795341
v 4.40029962 -0.27907797 0.25647784
v 4.40029968 -0.27773481 0.25517392
v 4.41929109 -0.28341588 0.25942432
v 4.41795130 -0.28420432 0.26097279
v 4.41726239 -0.28164577 0.25946569
v 4.41611571 -0.28137813 0.25943970
v 4.41383560 -0.28130082 0.25939655
v 4.40029902 -0.28171776 0.25939518
v 4.41855092 -0.28481499 0.26066630
v 4.41558630 -0.28264939 0.26099187
v 4.41328258 -0.28249965 0.26090836
v 4.40029944 -0.28293967 0.26093769
v 4.41721816 -0.28594934 0.26250576
v 4.41681368 -0.28516076 0.26252067
v 4.41253133 -0.29014213 0.27125221
v 4.41333719 -0.28938743 0.26937645
v 4.41624780 -0.28455176 0.26254039
v 4.41263266 -0.28367013 0.26251268
v 4.40029903 -0.28519755 0.26421571
v 4.41198142 -0.28474652 0.26412928
v 4.41136654 -0.28575487 0.26579117
v 4.40029938 -0.28410896 0.26255715
v 4.41542382 -0.28680430 0.26493793
v 4.41603918 -0.28696489 0.26430481
v 4.41373320 -0.28484901 0.26416152
v 4.41523988 -0.28766547 0.26564687
v 4.41306193 -0.28588334 0.26583695
v 4.40083142 -0.28612508 0.26580388
v 4.41420729 -0.28858971 0.26755029
v 4.41248639 -0.28686160 0.26754224
v 4.41090758 -0.28669742 0.26750934
v 4.40029807 -0.28696685 0.26732207
v 4.40086742 -0.28787335 0.26922685
v 4.41305693 -0.28863018 0.26925408
v 4.41179468 -0.28772851 0.26928091
v 4.41037829 -0.28756906 0.26926571
v 4.40029974 -0.28756852 0.26851410
v 4.41220112 -0.28923083 0.27103579
v 4.41173275 -0.28879305 0.27103382
v 4.41106732 -0.28849315 0.27104312
v 4.40988918 -0.28836755 0.27106529
v 4.40481945 -0.29034452 0.27652276
v 4.40886660 -0.28972489 0.27473950
v 4.40029927 -0.28861473 0.27090115
v 4.41161175 -0.29103566 0.27377516
v 4.41106935 -0.28947208 0.27284670
v 4.41045721 -0.28919701 0.27285433
v 4.40935834 -0.28910478 0.27294010
v 4.40029921 -0.28930120 0.27270431
v 4.41040750 -0.29002481 0.27467966
v 4.40029927 -0.28989843 0.27452290
v 4.41127207 -0.29138024 0.27486437
v 4.41009541 -0.29068954 0.27652848
v 4.40029927 -0.29038070 0.27623427
v 4.40975650 -0.29122970 0.27843553
v 4.40445050 -0.29080026 0.27840155
v 4.40104016 -0.29086665 0.27839393
v 4.40954455 -0.29173383 0.28030395
v 4.40481218 -0.29115985 0.28029895
v 4.40623781 -0.29180059 0.28721023
v 4.40608653 -0.29179981 0.28678751
v 4.40029915 -0.29120165 0.28014165
v 4.40029951 -0.29078525 0.27791685
v 4.40928265 -0.29205133 0.28223443
v 4.40914293 -0.29235712 0.28414559
v 4.40879127 -0.29165442 0.28222912
v 4.40808281 -0.29142256 0.28225678
v 4.40813442 -0.29184555 0.28606796
v 4.40633663 -0.29181262 0.28771400
v 4.40430566 -0.29144914 0.28220880
v 4.40029903 -0.29146794 0.28204185
v 4.40881106 -0.29200637 0.28413796
v 4.40826889 -0.29172152 0.28413611
v 4.40777215 -0.29163651 0.28416538
v 4.40593346 -0.29163858 0.28410739
v 4.40029868 -0.29165005 0.28389788
v 4.40940961 -0.29324757 0.28491628
v 4.40932640 -0.29333383 0.28628421
v 4.40951022 -0.29312961 0.28358298
v 4.40920332 -0.29279042 0.28994530
v 4.40921410 -0.29297841 0.28800297
v 4.40925672 -0.29293104 0.28604305
v 4.40905448 -0.29252595 0.28606105
v 4.40898594 -0.29253365 0.28801298
v 4.40867206 -0.29211912 0.28606975
v 4.40596088 -0.29178665 0.28655118
v 4.40573319 -0.29177398 0.28621840
v 4.40519460 -0.29175062 0.28568047
v 4.40551623 -0.29176378 0.28596538
v 4.40480437 -0.29173769 0.28542429
v 4.40449902 -0.29173044 0.28528315
v 4.40422496 -0.29172501 0.28518027
v 4.40387162 -0.29172062 0.28509206
v 4.40346130 -0.29171871 0.28504229
v 4.40310415 -0.29171990 0.28504455
v 4.40281483 -0.29172253 0.28507519
v 4.40253671 -0.29172654 0.28513050
v 4.40222069 -0.29173279 0.28522545
v 4.40198108 -0.29173887 0.28532803
v 4.40173908 -0.29174578 0.28544909
v 4.40143993 -0.29175608 0.28564680
v 4.40112027 -0.29176817 0.28591895
v 4.40067383 -0.29178914 0.28648615
v 4.40921840 -0.29244572 0.29186588
v 4.40867719 -0.29220393 0.28798467
v 4.40613993 -0.29179662 0.28695589
v 4.40089747 -0.29177735 0.28616738
v 4.40930589 -0.29336912 0.28765261
v 4.40947088 -0.29233064 0.29378175
v 4.40965101 -0.29299330 0.29357642
v 4.40886661 -0.29229170 0.28993678
v 4.40874621 -0.29195856 0.29185498
v 4.41010353 -0.29069096 0.29946416
v 4.41099236 -0.29055953 0.30129903
v 4.40827664 -0.29188762 0.28993779
v 4.40954754 -0.29175019 0.29568463
v 4.40913626 -0.29190149 0.29380303
v 4.40777871 -0.29163543 0.29184836
v 4.40352484 -0.29145668 0.29378986
v 4.41089812 -0.29174182 0.29990244
v 4.41023812 -0.29240925 0.29709720
v 4.41059443 -0.29205630 0.29867321
v 4.40981051 -0.29216380 0.29566842
v 4.40907094 -0.29135389 0.29570096
v 4.40975222 -0.29121299 0.29759371
v 4.40438279 -0.29116619 0.29570073
v 4.40029916 -0.29119897 0.29587567
v 4.40029904 -0.29146787 0.29395908
v 4.40988514 -0.29274890 0.29525876
v 4.41017327 -0.29177584 0.29756075
v 4.41414604 -0.28864644 0.30832099
v 4.41529426 -0.28762068 0.31044489
v 4.41493246 -0.28724854 0.31018841
v 4.40828893 -0.29074500 0.29750335
v 4.40106478 -0.29084203 0.29771859
v 4.40029952 -0.29078507 0.29808140
v 4.41061029 -0.29129366 0.29945647
v 4.40872785 -0.29028091 0.29936111
v 4.40029928 -0.29038922 0.29972941
v 4.41131374 -0.29134531 0.30125224
v 4.41390071 -0.28785641 0.30849105
v 4.41342530 -0.28930714 0.30681389
v 4.40886244 -0.28973836 0.30121714
v 4.40029928 -0.28990553 0.30145496
v 4.41194305 -0.29071183 0.30318009
v 4.41183374 -0.29044236 0.30312228
v 4.41276583 -0.28991609 0.30532926
v 4.41233239 -0.28940876 0.30494582
v 4.41155204 -0.28990889 0.30316406
v 4.41292641 -0.28845971 0.30675011
v 4.40941999 -0.28906405 0.30317163
v 4.40029928 -0.28929473 0.30330843
v 4.40985605 -0.28834930 0.30498433
v 4.40029928 -0.28861411 0.30509865
v 4.41039631 -0.28756399 0.30674433
v 4.41453824 -0.28668692 0.31020462
v 4.41568980 -0.28602435 0.31182104
v 4.41330359 -0.28724475 0.30850338
v 4.41108403 -0.28668472 0.30850893
v 4.40096280 -0.28703725 0.30849424
v 4.40086851 -0.28787242 0.30677474
v 4.40029964 -0.28753227 0.30755821
v 4.40029952 -0.28656921 0.30943540
v 4.41621689 -0.28680984 0.31197780
v 4.41140447 -0.28575108 0.31021469
v 4.41174898 -0.28474803 0.31187862
v 4.40081689 -0.28514278 0.31184247
v 4.40113006 -0.28612000 0.31018570
v 4.40029952 -0.28575048 0.31088278
v 4.41626165 -0.28454511 0.31347453
v 4.41688440 -0.28526745 0.31347405
v 4.41593931 -0.28348837 0.31426221
v 4.41363487 -0.28483271 0.31183302
v 4.41261885 -0.28364469 0.31352198
v 4.40029917 -0.28420894 0.31330112
v 4.41742346 -0.28576907 0.31381106
v 4.42115710 -0.28175308 0.31875919
v 4.41988859 -0.28142733 0.31803756
v 4.41471443 -0.28377560 0.31346577
v 4.40029905 -0.28286475 0.31516054
v 4.41329489 -0.28249378 0.31509852
v 4.41942558 -0.28407875 0.31645655
v 4.41931639 -0.28341406 0.31659674
v 4.41806922 -0.28433356 0.31506913
v 4.41544411 -0.28260917 0.31504106
v 4.41403935 -0.28130178 0.31659585
v 4.41655419 -0.28141305 0.31656139
v 4.40029869 -0.28173885 0.31657812
v 4.42137931 -0.28246621 0.31869637
v 4.41734443 -0.28011992 0.31803291
v 4.41478775 -0.28002672 0.31806725
v 4.40029881 -0.28047683 0.31803879
v 4.42409490 -0.28027811 0.32137512
v 4.42321275 -0.27997681 0.32083230
v 4.42260955 -0.27917680 0.32079290
v 4.41800831 -0.27877343 0.31943261
v 4.41510496 -0.27868157 0.31950491
v 4.40029965 -0.27914848 0.31944838
v 4.42117951 -0.27700399 0.32146411
v 4.41932843 -0.27738874 0.32079219
v 4.41592846 -0.27731824 0.32083207
v 4.40029929 -0.27778830 0.32077512
v 4.42526708 -0.27807657 0.32273029
v 4.42042516 -0.27594104 0.32209038
v 4.41665481 -0.27585492 0.32214420
v 4.40029905 -0.27629113 0.32211349
v 4.42632030 -0.27853127 0.32325010
v 4.42305766 -0.27482588 0.32332258
v 4.42156790 -0.27444667 0.32332175
v 4.41752217 -0.27437044 0.32336401
v 4.40029929 -0.27482101 0.32331726
v 4.42872594 -0.27667740 0.32503777
v 4.42399774 -0.27318029 0.32448511
v 4.42242573 -0.27290016 0.32448446
v 4.41829560 -0.27281657 0.32453641
v 4.40029941 -0.27325210 0.32449481
v 4.43683521 -0.27071954 0.32947616
v 4.43471156 -0.27223831 0.32851128
v 4.42563902 -0.27173605 0.32558923
v 4.42414377 -0.27135110 0.32558577
v 4.42012082 -0.27119767 0.32563966
v 4.40029941 -0.27162746 0.32560757
v 4.43119798 -0.27481840 0.32662015
v 4.42831127 -0.26962262 0.32710700
v 4.42561076 -0.26971113 0.32662176
v 4.42082082 -0.26959561 0.32664918
v 4.40029953 -0.27002806 0.32660511
v 4.40029953 -0.26835511 0.32755396
v 4.43304001 -0.27345338 0.32766001
v 4.42215882 -0.26793171 0.32759677
v 4.42699896 -0.26808495 0.32756995
v 4.42833195 -0.26638123 0.32845472
v 4.43123875 -0.26630875 0.32887797
v 4.42307876 -0.26620263 0.32848900
v 4.42957006 -0.26459538 0.32927226
v 4.40029953 -0.26658984 0.32845774
v 4.42376731 -0.26448234 0.32928722
v 4.40029953 -0.26485101 0.32925543
v 4.43847667 -0.26720427 0.33035551
v 4.43908082 -0.26913648 0.33035509
v 4.43348108 -0.26370018 0.32998876
v 4.43047987 -0.26279206 0.33000450
v 4.42440854 -0.26272254 0.33001404
v 4.43770455 -0.26399179 0.33065335
v 4.43500899 -0.26193639 0.33064876
v 4.43201338 -0.26103702 0.33065502
v 4.44109248 -0.26488406 0.33122800
v 4.43907677 -0.26197323 0.33122568
v 4.44077657 -0.26027122 0.33172337
v 4.43561350 -0.25974128 0.33122669
v 4.43189155 -0.25903718 0.33124946
v 4.40029953 -0.25932278 0.33123890
v 4.44314747 -0.26399321 0.33171235
v 4.43517016 -0.25736447 0.33173136
v 4.43817447 -0.25842881 0.33172683
v 4.42787854 -0.25724468 0.33173661
v 4.40029953 -0.25748915 0.33172396
v 4.44247846 -0.25852405 0.33214132
v 4.43868159 -0.25608592 0.33214144
v 4.43475853 -0.25536240 0.33215092
v 4.40029965 -0.25558118 0.33214483
v 4.43697344 -0.25348633 0.33248286
v 4.40029965 -0.25357700 0.33249316
v 4.44699047 -0.26109810 0.33247648
v 4.44828652 -0.26296940 0.33259551
v 4.44459318 -0.25723275 0.33247642
v 4.44134186 -0.25472992 0.33247576
v 4.44943963 -0.26217305 0.33273671
v 4.44405888 -0.25342079 0.33272640
v 4.43843888 -0.25161706 0.33273147
v 4.40029965 -0.25167976 0.33273849
v 4.44576453 -0.25161008 0.33289675
v 4.43989585 -0.24972993 0.33289896
v 4.40029954 -0.24973803 0.33290634
v 4.40029954 -0.24680953 0.33300588
v 4.45355962 -0.25656606 0.33299372
v 4.45342968 -0.25746166 0.33299140
v 4.45357965 -0.25544716 0.33299402
v 4.45348965 -0.25433136 0.33299241
v 4.45331965 -0.25322396 0.33298913
v 4.45309977 -0.25212725 0.33298383
v 4.45283972 -0.25104026 0.33297590
v 4.44564770 -0.24680936 0.33299659
v 4.45138966 -0.24680946 0.33290533
v 4.45217966 -0.24889966 0.33294991
v 4.45179962 -0.24784766 0.33293030
v 4.40968427 -0.29358735 0.29320961
v 4.40988287 -0.29361928 0.29321277
v 4.41014239 -0.29346913 0.29582041
v 4.47451131 -0.26744969 0.32814958
v 4.47682581 -0.26650057 0.32691505
v 4.47697936 -0.26632054 0.32687821
v 4.47902987 -0.26549805 0.32560256
v 4.47901795 -0.26565270 0.32553121
v 4.47755490 -0.26627458 0.32633694
v 4.49049900 -0.26088390 0.31474789
v 4.48875437 -0.26169098 0.31689610
v 4.49037037 -0.26104616 0.31484373
v 4.49925491 -0.25736359 0.29027082
v 4.49902614 -0.25746565 0.29323049
v 4.49898287 -0.25755441 0.29320057
v 4.48889504 -0.26169112 0.31655319
v 4.49188731 -0.26047707 0.31249489
v 4.49324271 -0.25990169 0.31045176
v 4.49190292 -0.26042199 0.31267228
v 4.49917957 -0.25750368 0.29064538
v 4.49887129 -0.25765372 0.29320438
v 4.49909898 -0.25755950 0.29061009
v 4.46470819 -0.27135628 0.33175984
v 4.46403395 -0.27174334 0.33174840
v 4.46724878 -0.27039690 0.33103362
v 4.45956467 -0.27346529 0.33264491
v 4.45920430 -0.27368950 0.33253947
v 4.46219180 -0.27242966 0.33225212
v 4.45697246 -0.27454419 0.33284912
v 4.45435552 -0.27555921 0.33295993
v 4.45437573 -0.27563767 0.33280042
v 4.45677601 -0.27444650 0.33293865
v 4.44654582 -0.27872453 0.33226488
v 4.44713508 -0.27856577 0.33221165
v 4.44916736 -0.27770825 0.33260254
v 4.45175217 -0.27663904 0.33286241
v 4.45172070 -0.27648264 0.33293036
v 4.44923519 -0.27747794 0.33272693
v 4.43650876 -0.28271857 0.32930885
v 4.43775211 -0.28236286 0.32959984
v 4.43897723 -0.28176957 0.33025609
v 4.43424807 -0.28374133 0.32813166
v 4.43412064 -0.28363975 0.32821219
v 4.42752097 -0.28641426 0.32405810
v 4.42545847 -0.28722047 0.32245998
v 4.42517636 -0.28744004 0.32197510
v 4.41824839 -0.29008888 0.31486993
v 4.41831312 -0.29021857 0.31457924
v 4.41993753 -0.28948787 0.31690519
v 4.41687570 -0.29079993 0.31250721
v 4.41675804 -0.29069625 0.31273138
v 4.41537592 -0.29125061 0.31049454
v 4.41554782 -0.29133939 0.31033223
v 4.41227445 -0.29265188 0.30331522
v 4.41314218 -0.29226070 0.30581808
v 4.41210607 -0.29261355 0.30340379
v 4.40953621 -0.29371427 0.29061597
v 4.40939352 -0.29361241 0.29061085
v 4.40936121 -0.29369541 0.28799975
v 4.40929505 -0.29354524 0.28799963
v 4.40937838 -0.29351450 0.29061478
v 4.40957561 -0.29374577 0.28799963
v 4.40965053 -0.29370136 0.29061430
v 4.40959820 -0.29342367 0.29321784
v 4.41000321 -0.29336697 0.29581487
v 4.40999123 -0.29326861 0.29583567
v 4.41025969 -0.29345595 0.29578936
v 4.41063860 -0.29325254 0.29836309
v 4.41050205 -0.29305899 0.29838329
v 4.41078135 -0.29324302 0.29834598
v 4.41145966 -0.29296977 0.30085134
v 4.41135511 -0.29298384 0.30091965
v 4.41122577 -0.29288582 0.30093920
v 4.41118583 -0.29278600 0.30089759
v 4.41322968 -0.29225560 0.30571341
v 4.41202030 -0.29244734 0.30344694
v 4.41431043 -0.29181868 0.30804884
v 4.41302035 -0.29217017 0.30584144
v 4.41295490 -0.29207548 0.30576241
v 4.41413317 -0.29174152 0.30820411
v 4.41424892 -0.29181001 0.30818539
v 4.41406820 -0.29162490 0.30816656
v 4.41528604 -0.29113401 0.31044036
v 4.41662989 -0.29059635 0.31261879
v 4.41808865 -0.29000788 0.31472319
v 4.41967282 -0.28936875 0.31675255
v 4.41987012 -0.28957191 0.31657755
v 4.42154501 -0.28889848 0.31848060
v 4.42166446 -0.28877833 0.31885724
v 4.42136154 -0.28868712 0.31867700
v 4.42353568 -0.28802868 0.32072549
v 4.42315255 -0.28797062 0.32048528
v 4.42329917 -0.28818828 0.32026862
v 4.42504023 -0.28720972 0.32219850
v 4.42699848 -0.28641578 0.32379167
v 4.42908965 -0.28584400 0.32498573
v 4.42973731 -0.28556972 0.32551478
v 4.42708049 -0.28666495 0.32352673
v 4.43116973 -0.28500360 0.32632463
v 4.43193273 -0.28466529 0.32691841
v 4.42961113 -0.28548195 0.32560019
v 4.43331967 -0.28413775 0.32754253
v 4.42889969 -0.28566024 0.32514774
v 4.43098972 -0.28481985 0.32649301
v 4.43551968 -0.28324915 0.32863752
v 4.43181370 -0.28453813 0.32697485
v 4.43313966 -0.28395395 0.32771681
v 4.43534969 -0.28306525 0.32881705
v 4.44004105 -0.28143092 0.33044420
v 4.43973409 -0.28129439 0.33059118
v 4.43760966 -0.28215635 0.32979165
v 4.44238971 -0.28047285 0.33116643
v 4.44153701 -0.28078524 0.33104674
v 4.44404624 -0.27978333 0.33169047
v 4.44395851 -0.27970969 0.33177374
v 4.44474970 -0.27951915 0.33175341
v 4.44139408 -0.28067469 0.33110968
v 4.44225965 -0.28028845 0.33135829
v 4.44456278 -0.27935675 0.33194087
v 4.44686328 -0.27843280 0.33238999
v 4.44953988 -0.27758427 0.33253769
v 4.45195512 -0.27661081 0.33273444
v 4.45432411 -0.27543515 0.33300362
v 4.45931195 -0.27342682 0.33272735
v 4.45679985 -0.27465185 0.33273414
v 4.46161972 -0.27270506 0.33221069
v 4.46180414 -0.27242396 0.33237925
v 4.46635972 -0.27078786 0.33116654
v 4.46452902 -0.27132777 0.33183256
v 4.46868966 -0.26984656 0.33045092
v 4.46978734 -0.26938096 0.33017143
v 4.46717499 -0.27026457 0.33112964
v 4.47097967 -0.26892035 0.32960763
v 4.47215234 -0.26842929 0.32922306
v 4.47322963 -0.26801156 0.32863781
v 4.47542433 -0.26713226 0.32754734
v 4.46965156 -0.26926735 0.33031198
v 4.47223304 -0.26822887 0.32928505
v 4.47462164 -0.26727194 0.32816270
v 4.47964964 -0.26541686 0.32498612
v 4.48166714 -0.26460936 0.32352533
v 4.48102115 -0.26469732 0.32421842
v 4.48118208 -0.26475384 0.32403573
v 4.48323415 -0.26392571 0.32241448
v 4.48359869 -0.26382548 0.32195725
v 4.48304770 -0.26388113 0.32263174
v 4.48515747 -0.26314509 0.32070704
v 4.48545013 -0.26307955 0.32027187
v 4.48507033 -0.26307058 0.32085594
v 4.48702655 -0.26241126 0.31881102
v 4.48720930 -0.26236447 0.31847747
v 4.48858461 -0.26166004 0.31716122
v 4.48699186 -0.26229603 0.31894328
v 4.48934970 -0.26134846 0.31622763
v 4.49043713 -0.26106418 0.31458654
v 4.49225066 -0.26017953 0.31220563
v 4.49323675 -0.25993356 0.31028553
v 4.49443385 -0.25944988 0.30806472
v 4.49331722 -0.25975360 0.31043048
v 4.49451110 -0.25936332 0.30815394
v 4.49444947 -0.25930329 0.30837281
v 4.49553785 -0.25901001 0.30568262
v 4.49561367 -0.25890121 0.30580928
v 4.49567971 -0.25880123 0.30572511
v 4.49647936 -0.25862597 0.30331953
v 4.49658069 -0.25849983 0.30338235
v 4.49730071 -0.25830753 0.30084182
v 4.49740025 -0.25811060 0.30095221
v 4.49672422 -0.25838302 0.30307056
v 4.49796608 -0.25803325 0.29834344
v 4.49807450 -0.25788725 0.29840846
v 4.49797341 -0.25787574 0.29888584
v 4.49849566 -0.25782171 0.29579891
v 4.49860236 -0.25762073 0.29591931
v 4.49918350 -0.25754654 0.28799953
v 4.49931069 -0.25734473 0.28799970
v 4.41121169 -0.29277271 0.27499276
v 4.41180451 -0.29253315 0.27315235
v 4.41205867 -0.29258259 0.27259427
v 4.41126247 -0.29293616 0.27507782
v 4.42329867 -0.28819890 0.25573348
v 4.42170102 -0.28880399 0.25719237
v 4.42349482 -0.28796501 0.25523578
v 4.42545039 -0.28727561 0.25359987
v 4.42748708 -0.28639347 0.25192635
v 4.42710442 -0.28666253 0.25246148
v 4.45433086 -0.27556841 0.24303911
v 4.45436985 -0.27563989 0.24319909
v 4.45171863 -0.27660853 0.24310342
v 4.46163553 -0.27270692 0.24379054
v 4.45954615 -0.27347490 0.24335030
v 4.46212894 -0.27244167 0.24374000
v 4.46722824 -0.27034413 0.24491665
v 4.46638912 -0.27079225 0.24483875
v 4.46469003 -0.27144765 0.24431768
v 4.45695395 -0.27455116 0.24314872
v 4.45692092 -0.27438850 0.24307106
v 4.47444910 -0.26750562 0.24785593
v 4.47681338 -0.26647358 0.24905243
v 4.47756440 -0.26627089 0.24966821
v 4.47900504 -0.26565436 0.25046005
v 4.48116369 -0.26476256 0.25195386
v 4.48165435 -0.26461940 0.25245591
v 4.48545034 -0.26308170 0.25572737
v 4.48323709 -0.26393781 0.25359597
v 4.48518569 -0.26310693 0.25529411
v 4.48888464 -0.26169540 0.25942375
v 4.48703081 -0.26240661 0.25718918
v 4.48877175 -0.26168616 0.25912561
v 4.49887302 -0.25766111 0.28278638
v 4.49859651 -0.25772497 0.28021665
v 4.49897691 -0.25755466 0.28275533
v 4.49923714 -0.25737546 0.28541382
v 4.49910673 -0.25756753 0.28542663
v 4.49918350 -0.25754659 0.28799988
v 4.49930938 -0.25734482 0.28799970
v 4.49448450 -0.25939323 0.26784112
v 4.49444325 -0.25944601 0.26795318
v 4.49326749 -0.25987143 0.26554127
v 4.49042983 -0.26107308 0.26139977
v 4.49038352 -0.26100696 0.26113756
v 4.44408709 -0.27955069 0.24416791
v 4.44396025 -0.27980244 0.24429218
v 4.44143170 -0.28075727 0.24491416
v 4.45195788 -0.27661631 0.24326465
v 4.44912178 -0.27772626 0.24340186
v 4.43898184 -0.28182737 0.24581818
v 4.44236619 -0.28049598 0.24484013
v 4.43184049 -0.28460827 0.24904065
v 4.43121368 -0.28500875 0.24965518
v 4.42962641 -0.28549809 0.25040268
v 4.42551393 -0.28702272 0.25340115
v 4.42914087 -0.28584596 0.25098716
v 4.41686351 -0.29079191 0.26350605
v 4.41548093 -0.29132056 0.26556807
v 4.41676856 -0.29071521 0.26326853
v 4.49898930 -0.25746742 0.28276373
v 4.49860914 -0.25762082 0.28016104
v 4.49848958 -0.25780594 0.28020670
v 4.49802693 -0.25798229 0.27763738
v 4.49808248 -0.25783232 0.27760352
v 4.49796017 -0.25801931 0.27765878
v 4.49728795 -0.25831252 0.27511372
v 4.49741574 -0.25810321 0.27510621
v 4.49649437 -0.25862627 0.27271612
v 4.49659546 -0.25843565 0.27260705
v 4.49550696 -0.25901625 0.27025034
v 4.49560077 -0.25893547 0.27019961
v 4.49562509 -0.25882114 0.27019049
v 4.49323411 -0.25993370 0.26571091
v 4.49453218 -0.25926159 0.26784094
v 4.49331446 -0.25975266 0.26557286
v 4.49189348 -0.26042719 0.26331391
v 4.49188681 -0.26047820 0.26350411
v 4.49192102 -0.26031020 0.26331069
v 4.49045915 -0.26090203 0.26120671
v 4.48885340 -0.26154767 0.25916716
v 4.48713274 -0.26223994 0.25721946
v 4.48359955 -0.26382276 0.25404432
v 4.48720975 -0.26236441 0.25752314
v 4.48532218 -0.26296650 0.25540384
v 4.48353083 -0.26368779 0.25378903
v 4.48154343 -0.26448550 0.25217404
v 4.47947139 -0.26531716 0.25068613
v 4.47965998 -0.26541623 0.25101390
v 4.47542960 -0.26712266 0.24845692
v 4.47322959 -0.26801125 0.24736193
v 4.47208733 -0.26845645 0.24674860
v 4.47544963 -0.26693555 0.24828264
v 4.47450084 -0.26735134 0.24778822
v 4.47760958 -0.26606965 0.24950638
v 4.47097963 -0.26891996 0.24639192
v 4.46870298 -0.26984602 0.24555227
v 4.47215373 -0.26829479 0.24669394
v 4.47324962 -0.26782426 0.24718240
v 4.46972663 -0.26934783 0.24574921
v 4.47098965 -0.26873316 0.24620780
v 4.46471995 -0.27132021 0.24422941
v 4.46867961 -0.26965966 0.24536035
v 4.46642441 -0.27056346 0.24465856
v 4.46399969 -0.27174125 0.24424604
v 4.46396965 -0.27155496 0.24405119
v 4.46186298 -0.27239748 0.24363110
v 4.45920283 -0.27368551 0.24346045
v 4.45933587 -0.27341836 0.24328039
v 4.45679945 -0.27465161 0.24326531
v 4.45428914 -0.27544927 0.24299578
v 4.45190448 -0.27640965 0.24305860
v 4.44916666 -0.27750916 0.24328069
v 4.44712967 -0.27855536 0.24378870
v 4.44652599 -0.27878759 0.24380807
v 4.44953949 -0.27758439 0.24346171
v 4.44651598 -0.27867895 0.24369864
v 4.44474960 -0.27951896 0.24424593
v 4.44660467 -0.27853843 0.24365793
v 4.44005955 -0.28141376 0.24554853
v 4.44153566 -0.28057415 0.24483888
v 4.43776960 -0.28234005 0.24639182
v 4.43653471 -0.28281785 0.24680184
v 4.43651528 -0.28268487 0.24667715
v 4.43736965 -0.28225775 0.24630247
v 4.43889970 -0.28163807 0.24570458
v 4.43551964 -0.28324875 0.24736165
v 4.43415732 -0.28375852 0.24786489
v 4.43410832 -0.28356280 0.24777322
v 4.43514765 -0.28315029 0.24727164
v 4.43331963 -0.28413735 0.24845652
v 4.42919011 -0.28554469 0.25064747
v 4.43162114 -0.28456696 0.24913000
v 4.42739112 -0.28626608 0.25192206
v 4.42514963 -0.28743718 0.25404375
v 4.42161269 -0.28868365 0.25709026
v 4.42469294 -0.28735347 0.25409352
v 4.41980452 -0.28931610 0.25908654
v 4.42067499 -0.28897448 0.25808465
v 4.42245741 -0.28825703 0.25619566
v 4.42154009 -0.28889701 0.25752228
v 4.41991372 -0.28949534 0.25911813
v 4.41824884 -0.29008690 0.26112770
v 4.41986997 -0.28957113 0.25942104
v 4.41830660 -0.29022061 0.26142853
v 4.41635169 -0.29070793 0.26379448
v 4.41804821 -0.29002742 0.26134103
v 4.41412421 -0.29174044 0.26780539
v 4.41537650 -0.29122951 0.26547676
v 4.41422172 -0.29182039 0.26786595
v 4.41553123 -0.29132731 0.26568698
v 4.41485770 -0.29130805 0.26629835
v 4.41404910 -0.29163084 0.26786750
v 4.41430970 -0.29181851 0.26795089
v 4.41323097 -0.29225879 0.27028453
v 4.41309960 -0.29225581 0.27021575
v 4.41286524 -0.29210670 0.27043783
v 4.41300233 -0.29214042 0.27015912
v 4.41226919 -0.29265388 0.27269691
v 4.41053553 -0.29315138 0.27760648
v 4.41001507 -0.29325726 0.28002411
v 4.41069039 -0.29298631 0.27688783
v 4.41146274 -0.29298134 0.27514666
v 4.41065260 -0.29325365 0.27765506
v 4.41079052 -0.29324473 0.27765733
v 4.41013916 -0.29346910 0.28018492
v 4.41000493 -0.29336646 0.28017539
v 4.41025992 -0.29345547 0.28020704
v 4.40988573 -0.29361822 0.28276747
v 4.40968551 -0.29358754 0.28278315
v 4.40960034 -0.29342159 0.28275275
v 4.40965589 -0.29371749 0.28539377
v 4.40940794 -0.29363648 0.28538221
v 4.40934821 -0.29352791 0.28598076
v 4.40957531 -0.29374580 0.28799987
v 4.40936109 -0.29369504 0.28799975
v 4.40929314 -0.29354534 0.28799981
v 4.43723701 -0.22318280 0.32963930
v 4.43526159 -0.19130917 0.32878791
v 4.43518625 -0.22172721 0.32874815
v 4.43049215 -0.21827626 0.32619469
v 4.43288229 -0.22004906 0.32758640
v 4.43224941 -0.19130917 0.32723348
v 4.42856811 -0.21681335 0.32491438
v 4.42936609 -0.19130917 0.32547496
v 4.42671524 -0.21539450 0.32356410
v 4.41902957 -0.19130917 0.31596857
v 4.41830990 -0.20860358 0.31502389
v 4.41957281 -0.20966396 0.31662505
v 4.42384277 -0.21313586 0.32113152
v 4.42521964 -0.21422497 0.32234066
v 4.42376838 -0.19130917 0.32107239
v 4.42096756 -0.21081591 0.31824540
v 4.42260907 -0.21215003 0.31995337
v 4.42127643 -0.19130917 0.31857639
v 4.42643533 -0.19130917 0.32334082
v 4.41687343 -0.20737809 0.31299829
v 4.41659830 -0.19130918 0.31259447
v 4.41425452 -0.20507162 0.30853843
v 4.41552017 -0.20620100 0.31084269
v 4.41437969 -0.19130917 0.30879694
v 4.41335079 -0.20424722 0.30666691
v 4.41263292 -0.19130917 0.30504614
v 4.41268024 -0.20362135 0.30511951
v 4.43910406 -0.19130917 0.33037375
v 4.43899391 -0.22442052 0.33032451
v 4.41101763 -0.19130917 0.30040615
v 4.41147229 -0.20244910 0.30181771
v 4.41208050 -0.20304808 0.30357962
v 4.44266997 -0.22693320 0.33148424
v 4.41098270 -0.20195946 0.30019247
v 4.41066965 -0.20164377 0.29900503
v 4.41036698 -0.20134328 0.29774195
v 4.41069970 -0.29193868 0.29915154
v 4.41063127 -0.29300987 0.29888582
v 4.41103134 -0.29161213 0.30036771
v 4.44591556 -0.19130917 0.33222518
v 4.44549404 -0.22880346 0.33213023
v 4.41008887 -0.19130917 0.29641854
v 4.41000756 -0.20098994 0.29596114
v 4.44779180 -0.23031892 0.33253519
v 4.41003534 -0.29259703 0.29613357
v 4.41001782 -0.29325682 0.29603338
v 4.41038987 -0.29224812 0.29785937
v 4.40956685 -0.19130917 0.29299551
v 4.40961763 -0.20059506 0.29333776
v 4.40978965 -0.20077706 0.29465586
v 4.40975103 -0.29288658 0.29436427
v 4.45003854 -0.19130917 0.33281264
v 4.44931971 -0.23135567 0.33272282
v 4.45004962 -0.23188046 0.33279840
v 4.45076965 -0.23242966 0.33286051
v 4.40943786 -0.20040331 0.29150337
v 4.45144962 -0.23301576 0.33290944
v 4.40938481 -0.29327349 0.29075896
v 4.40934678 -0.29352552 0.29021322
v 4.40958580 -0.29342881 0.29314422
v 4.45208965 -0.23365626 0.33294520
v 4.45429955 -0.19130917 0.33301303
v 4.45264964 -0.23436696 0.33296922
v 4.45309971 -0.23515486 0.33298341
v 4.45338963 -0.23600817 0.33299050
v 4.45354973 -0.23689916 0.33299354
v 4.40929970 -0.20024957 0.28837466
v 4.40932950 -0.20028523 0.28970700
v 4.40929684 -0.19130917 0.28890890
v 4.40930423 -0.20025736 0.28705561
v 4.40942629 -0.19130917 0.28446787
v 4.40938517 -0.20034570 0.28523677
v 4.40929958 -0.29354501 0.28727555
v 4.40930423 -0.29336152 0.28894573
v 4.40929970 -0.29336929 0.28762477
v 4.40952881 -0.20050647 0.28342896
v 4.41003593 -0.20102160 0.27986777
v 4.40974935 -0.20073213 0.28163600
v 4.40993865 -0.19130917 0.28037232
v 4.41039058 -0.20137103 0.27813899
v 4.41097172 -0.19130917 0.27573830
v 4.41081293 -0.20179132 0.27641105
v 4.41128214 -0.20225810 0.27478766
v 4.41182156 -0.20279299 0.27314853
v 4.41241904 -0.20337311 0.27153182
v 4.41265609 -0.19130918 0.27089482
v 4.41308220 -0.20399590 0.26993888
v 4.41454489 -0.19130918 0.26689380
v 4.41470428 -0.20547445 0.26660966
v 4.41380389 -0.20466390 0.26836705
v 4.41551919 -0.28741879 0.26515865
v 4.41687877 -0.28623710 0.26299548
v 4.41557880 -0.29101914 0.26505851
v 4.41697795 -0.19130918 0.26280403
v 4.41714437 -0.20760564 0.26261585
v 4.41592736 -0.20655582 0.26448428
v 4.41808934 -0.20842019 0.26127177
v 4.41844375 -0.28490222 0.26079422
v 4.41707058 -0.29041983 0.26271474
v 4.42040129 -0.19130918 0.25835966
v 4.42087967 -0.21074413 0.25785779
v 4.41947145 -0.20957952 0.25948780
v 4.42243321 -0.21200307 0.25622403
v 4.42261321 -0.28146590 0.25604289
v 4.42152662 -0.28862862 0.25715905
v 4.42112596 -0.28267458 0.25758695
v 4.42385394 -0.28047375 0.25485664
v 4.42354340 -0.28781531 0.25514244
v 4.42622406 -0.21501260 0.25282585
v 4.42440040 -0.21358176 0.25435703
v 4.42427696 -0.19130917 0.25444680
v 4.42562646 -0.28697737 0.25330805
v 4.42679042 -0.27816689 0.25238000
v 4.42779750 -0.28610394 0.25162350
v 4.42802424 -0.21640498 0.25145893
v 4.42802805 -0.19130918 0.25144886
v 4.42992932 -0.21785376 0.25016027
v 4.43162329 -0.19130918 0.24911391
v 4.43189985 -0.21931917 0.24897228
v 4.43401641 -0.22088014 0.24782120
v 4.43533713 -0.19130917 0.24717741
v 4.43679566 -0.22287171 0.24653719
v 4.43849570 -0.19130917 0.24585901
v 4.43881303 -0.22429614 0.24574499
v 4.44101411 -0.22581280 0.24499635
v 4.44132299 -0.28066363 0.24490587
v 4.44071490 -0.26801429 0.24509452
v 4.44304014 -0.26643964 0.24442528
v 4.44462294 -0.19130917 0.24403934
v 4.44645018 -0.22943602 0.24368094
v 4.44307429 -0.22720220 0.24441795
v 4.44828767 -0.23065039 0.24340222
v 4.44939405 -0.19130917 0.24323914
v 4.44943959 -0.23144577 0.24326275
v 4.45082253 -0.27684553 0.24312959
v 4.44931966 -0.26226326 0.24327664
v 4.45004958 -0.26173846 0.24320100
v 4.45016963 -0.23197466 0.24318943
v 4.45155961 -0.23312407 0.24308292
v 4.45087964 -0.23252946 0.24312953
v 4.45185966 -0.24799646 0.24306593
v 4.45217961 -0.24471917 0.24304954
v 4.45228964 -0.24920136 0.24304471
v 4.45429951 -0.27544517 0.24298797
v 4.45264960 -0.25925196 0.24303023
v 4.45309967 -0.25846406 0.24301604
v 4.45218963 -0.23377417 0.24304900
v 4.45076961 -0.26118926 0.24313895
v 4.45429951 -0.19130918 0.24298749
v 4.45272964 -0.23449586 0.24302671
v 4.45208961 -0.25996266 0.24305425
v 4.45144958 -0.26060306 0.24309001
v 4.45309973 -0.24149166 0.24301562
v 4.45325965 -0.25290676 0.24301163
v 4.45298964 -0.25165756 0.24301872
v 4.45315963 -0.23529496 0.24301402
v 4.45331961 -0.24039486 0.24301032
v 4.45346958 -0.25417086 0.24300740
v 4.45342964 -0.23615726 0.24300800
v 4.45355958 -0.23705287 0.24300573
v 4.45338959 -0.25761076 0.24300895
v 4.45348960 -0.23928757 0.24300704
v 4.45357961 -0.23817176 0.24300543
v 4.45357961 -0.25544356 0.24300543
v 4.44804663 -0.27796080 0.24343208
v 4.44778449 -0.26330480 0.24346582
v 4.44459737 -0.27934756 0.24404178
v 4.44531435 -0.26493212 0.24390004
v 4.44119710 -0.19130917 0.24494277
v 4.43802166 -0.26987785 0.24603562
v 4.43916196 -0.28153360 0.24561553
v 4.43697960 -0.28241296 0.24646805
v 4.43515397 -0.27191416 0.24726395
v 4.43075508 -0.27514298 0.24963366
v 4.43311459 -0.27340290 0.24829816
v 4.43156583 -0.28458900 0.24915724
v 4.42857606 -0.27679909 0.25107830
v 4.42528529 -0.27933883 0.25359630
v 4.41976995 -0.28379145 0.25913840
v 4.41967053 -0.28937100 0.25924604
v 4.41425379 -0.28854777 0.26746201
v 4.41334970 -0.28937258 0.26933467
v 4.41419442 -0.29157642 0.26757752
v 4.41208203 -0.29056988 0.27241742
v 4.41142519 -0.29268911 0.27430564
v 4.41147240 -0.29116928 0.27418005
v 4.41098245 -0.29165949 0.27580720
v 4.41063484 -0.29300828 0.27709692
v 4.41066964 -0.29197510 0.27699446
v 4.41036721 -0.29227485 0.27825391
v 4.41000863 -0.29262896 0.28003841
v 4.41002174 -0.29325580 0.27995300
v 4.40978964 -0.29284182 0.28134364
v 4.40967961 -0.29339107 0.28214222
v 4.40961762 -0.29302357 0.28265935
v 4.40943750 -0.29321567 0.28449613
v 4.40945336 -0.29348624 0.28430295
v 4.40933200 -0.29333394 0.28629863
v 4.40953073 -0.29311060 0.29258734
v 4.41154787 -0.29109942 0.30203426
v 4.41142449 -0.29268936 0.30168962
v 4.41276130 -0.28992080 0.30531609
v 4.41353748 -0.29184006 0.30708044
v 4.41359601 -0.28914528 0.30720311
v 4.41470322 -0.28814489 0.30938923
v 4.41484353 -0.29131471 0.30964988
v 4.41592977 -0.28706122 0.31151860
v 4.41707335 -0.29041893 0.31328898
v 4.41714785 -0.28601104 0.31338685
v 4.41809008 -0.28519881 0.31472700
v 4.41837964 -0.28989351 0.31510281
v 4.41946933 -0.28404258 0.31650560
v 4.42154942 -0.28861904 0.31886595
v 4.42282818 -0.28129683 0.32016419
v 4.42132459 -0.28251155 0.31862866
v 4.42353843 -0.28781706 0.32085489
v 4.42438767 -0.28004723 0.32163118
v 4.42560873 -0.28698532 0.32267188
v 4.42787908 -0.28607124 0.32443600
v 4.42623101 -0.27860075 0.32317965
v 4.42806564 -0.27718159 0.32457166
v 4.43001161 -0.28521398 0.32589250
v 4.42988585 -0.27579808 0.32581090
v 4.43246124 -0.27387886 0.32735948
v 4.43348251 -0.28381770 0.32789551
v 4.43651710 -0.27094358 0.32934932
v 4.43978189 -0.26864946 0.33060710
v 4.43920801 -0.28151500 0.33040003
v 4.44127475 -0.28068289 0.33107905
v 4.44292723 -0.26651424 0.33154617
v 4.44256423 -0.19130917 0.33144734
v 4.44452523 -0.27937674 0.33193896
v 4.44644450 -0.26418667 0.33231697
v 4.44801484 -0.27797380 0.33256403
v 4.44828795 -0.26296842 0.33259706
v 4.44943963 -0.26217305 0.33273671
v 4.45086239 -0.27682985 0.33287350
v 4.45016967 -0.26164426 0.33281002
v 4.45087968 -0.26108946 0.33286992
v 4.45155965 -0.26049486 0.33291653
v 4.45179962 -0.24784766 0.33293030
v 4.45217966 -0.24889966 0.33294991
v 4.45185970 -0.24562246 0.33293352
v 4.45228969 -0.24441756 0.33295474
v 4.45252965 -0.24996416 0.33296481
v 4.45283972 -0.25104026 0.33297590
v 4.45266972 -0.24319677 0.33297000
v 4.45309977 -0.25212725 0.33298383
v 4.45298968 -0.24196127 0.33298073
v 4.45346962 -0.23944807 0.33299199
v 4.45348965 -0.25433136 0.33299241
v 4.45357965 -0.23817527 0.33299402
v 4.45331965 -0.25322396 0.33298913
v 4.45325969 -0.24071216 0.33298782
v 4.45429955 -0.27544507 0.33301053
v 4.45138966 -0.24680946 0.33290533
v 4.45218967 -0.25984476 0.33295045
v 4.45272969 -0.25912306 0.33297274
v 4.45315967 -0.25832386 0.33298544
v 4.45342968 -0.25746166 0.33299140
v 4.45355962 -0.25656606 0.33299372
v 4.45357965 -0.25544716 0.33299402
v 4.43626140 -0.28270266 0.32923399
v 4.41968671 -0.28936407 0.31677132
v 4.41595969 -0.29086758 0.31155294
v 4.41240248 -0.29229621 0.30444115
v 4.41212759 -0.29052478 0.30370867
v 4.41239841 -0.29229820 0.27157163
v 4.41267963 -0.28999794 0.27088093
v 4.41325970 -0.29195343 0.26954752
v 4.41837962 -0.28989384 0.26089662
v 4.42964966 -0.28536123 0.25035404
v 4.43437070 -0.28345909 0.24763672
v 4.45138961 -0.24680946 0.24309413
v 4.45179957 -0.24577126 0.24306915
v 4.45252961 -0.24365476 0.24303464
v 4.45266968 -0.25042216 0.24302939
v 4.45283968 -0.24257857 0.24302355
v 4.45354969 -0.25671975 0.24300591
v 4.42249961 -0.19130917 0.25620191
v 4.42174966 -0.19130917 0.25692844
v 4.42063958 -0.19130918 0.25818115
v 4.48485968 -0.19130917 0.32103308
v 4.48609970 -0.19130917 0.31979748
v 4.48411963 -0.19130917 0.32166143
v 4.41580959 -0.19130917 0.26473766
v 4.41509969 -0.19130917 0.26590555
v 4.41447963 -0.19130917 0.26710075
v 4.41379960 -0.19130917 0.26839476
v 4.41328962 -0.19130917 0.26954144
v 4.41021963 -0.19130917 0.27895599
v 4.41006967 -0.19130918 0.27989548
v 4.41063960 -0.19130917 0.27723503
v 4.41136964 -0.19130917 0.27462142
v 4.41085966 -0.19130918 0.27624017
v 4.40940961 -0.19130917 0.28528201
v 4.40965971 -0.19130917 0.28258055
v 4.40943965 -0.19130917 0.28449172
v 4.45288967 -0.19130917 0.33297763
v 4.45429967 -0.19130917 0.33296857
v 4.45157968 -0.19130917 0.33288679
v 4.40930971 -0.19130917 0.28870189
v 4.40940961 -0.19130917 0.29071700
v 4.40932962 -0.19130917 0.28799975
v 4.45008968 -0.19130917 0.33280263
v 4.44887970 -0.19130917 0.33264134
v 4.41063961 -0.19130917 0.29876405
v 4.41006967 -0.19130917 0.29610383
v 4.41021964 -0.19130917 0.29704266
v 4.41328964 -0.19130917 0.30645781
v 4.41224966 -0.19130917 0.30394345
v 4.41264960 -0.19130917 0.30504691
v 4.44186972 -0.19130917 0.33124838
v 4.44353972 -0.19130917 0.33166144
v 4.44091962 -0.19130917 0.33093296
v 4.43583964 -0.19130917 0.32900582
v 4.43660973 -0.19130917 0.32937549
v 4.43835972 -0.19130917 0.33004735
v 4.43159972 -0.19130917 0.32685255
v 4.43339966 -0.19130917 0.32781772
v 4.43103967 -0.19130917 0.32648485
v 4.42249964 -0.19130917 0.31979757
v 4.42063961 -0.19130917 0.31781792
v 4.42174969 -0.19130917 0.31907033
v 4.42874966 -0.19130917 0.32500743
v 4.42656968 -0.19130917 0.32339774
v 4.42806969 -0.19130917 0.32456164
v 4.41654966 -0.19130917 0.31249606
v 4.41728971 -0.19130917 0.31354635
v 4.41580961 -0.19130917 0.31126141
v 4.41509972 -0.19130917 0.31009143
v 4.41447971 -0.19130917 0.30889832
v 4.42584966 -0.19130917 0.32286112
v 4.42447970 -0.19130917 0.32166116
v 4.42373965 -0.19130917 0.32102876
v 4.41814969 -0.19130917 0.31479853
v 4.41889963 -0.19130917 0.31573426
v 4.41987965 -0.19130917 0.31699174
v 4.43406962 -0.19130917 0.32819431
v 4.43920968 -0.19130917 0.33039425
v 4.41378960 -0.19130917 0.30760371
v 4.41167972 -0.19130917 0.30242925
v 4.41136965 -0.19130917 0.30137753
v 4.44619964 -0.19130917 0.33223234
v 4.44456969 -0.19130917 0.33193586
v 4.41085967 -0.19130917 0.29975855
v 4.44731973 -0.19130917 0.33245466
v 4.40965971 -0.19130917 0.29341840
v 4.40973970 -0.19130917 0.29428953
v 4.40943965 -0.19130917 0.29150700
v 4.45569967 -0.19130917 0.33297810
v 4.45701967 -0.19130917 0.33288679
v 4.45971964 -0.19130917 0.33264134
v 4.45848964 -0.19130917 0.33280394
v 4.46126972 -0.19130917 0.33245680
v 4.46239971 -0.19130917 0.33223233
v 4.40973969 -0.19130917 0.28170913
v 4.46505962 -0.19130917 0.33166143
v 4.46401964 -0.19130917 0.33193740
v 4.46672962 -0.19130917 0.33124837
v 4.46767972 -0.19130917 0.33093306
v 4.46939967 -0.19130917 0.33039173
v 4.47023962 -0.19130917 0.33004734
v 4.47199963 -0.19130917 0.32937094
v 4.47275971 -0.19130917 0.32900592
v 4.41224964 -0.19130917 0.27205574
v 4.41167970 -0.19130917 0.27356946
v 4.41264959 -0.19130917 0.27095163
v 4.47519968 -0.19130917 0.32781800
v 4.47577963 -0.19130917 0.32754132
v 4.47699974 -0.19130917 0.32685407
v 4.47984968 -0.19130917 0.32500752
v 4.48051963 -0.19130917 0.32456978
v 4.48202966 -0.19130917 0.32339796
v 4.47755967 -0.19130917 0.32648488
v 4.47819970 -0.19130917 0.32612940
v 4.41654964 -0.19130918 0.26350223
v 4.41728969 -0.19130918 0.26245301
v 4.48274968 -0.19130917 0.32286879
v 4.41889961 -0.19130917 0.26026487
v 4.41814966 -0.19130918 0.26120024
v 4.41987963 -0.19130917 0.25900715
v 4.48795972 -0.19130917 0.31781818
v 4.48684964 -0.19130917 0.31906929
v 4.48871968 -0.19130917 0.31698539
v 4.48969970 -0.19130917 0.31573458
v 4.42447967 -0.19130917 0.25433802
v 4.42373962 -0.19130918 0.25497012
v 4.49045966 -0.19130917 0.31478949
v 4.49130962 -0.19130917 0.31354644
v 4.42584962 -0.19130917 0.25313782
v 4.42656965 -0.19130917 0.25260143
v 4.49278972 -0.19130917 0.31126173
v 4.49204967 -0.19130917 0.31248959
v 4.42874963 -0.19130917 0.25099193
v 4.42806966 -0.19130917 0.25143724
v 4.49349961 -0.19130917 0.31009503
v 4.49411962 -0.19130917 0.30889864
v 4.43103964 -0.19130918 0.24951451
v 4.43039960 -0.19130917 0.24987416
v 4.49530968 -0.19130917 0.30645801
v 4.49479971 -0.19130917 0.30761512
v 4.43159968 -0.19130917 0.24914591
v 4.43339962 -0.19130918 0.24818145
v 4.43281967 -0.19130917 0.24845563
v 4.49593970 -0.19130917 0.30505909
v 4.49634966 -0.19130917 0.30394371
v 4.49691960 -0.19130917 0.30243702
v 4.49722966 -0.19130917 0.30137797
v 4.43660975 -0.19130917 0.24662374
v 4.43583960 -0.19130917 0.24699353
v 4.43835968 -0.19130917 0.24595200
v 4.49773964 -0.19130917 0.29975946
v 4.49795970 -0.19130917 0.29876436
v 4.44091958 -0.19130917 0.24506615
v 4.43920958 -0.19130917 0.24560504
v 4.49852964 -0.19130917 0.29610391
v 4.49837967 -0.19130917 0.29703613
v 4.44186968 -0.19130917 0.24475084
v 4.44353968 -0.19130918 0.24433796
v 4.49885961 -0.19130917 0.29427774
v 4.49893960 -0.19130917 0.29341884
v 4.44456965 -0.19130917 0.24406324
v 4.44619960 -0.19130917 0.24376712
v 4.49918970 -0.19130917 0.29071738
v 4.49915966 -0.19130917 0.29149528
v 4.44731969 -0.19130917 0.24354444
v 4.44887966 -0.19130918 0.24335806
v 4.45008964 -0.19130917 0.24319647
v 4.45157963 -0.19130917 0.24311254
v 4.49918970 -0.19130917 0.28528239
v 4.49926969 -0.19130917 0.28799964
v 4.49928959 -0.19130917 0.28729959
v 4.49915965 -0.19130917 0.28450342
v 4.49893959 -0.19130917 0.28258099
v 4.49852963 -0.19130917 0.27989556
v 4.49885960 -0.19130917 0.28172077
v 4.49773963 -0.19130917 0.27623953
v 4.49722965 -0.19130917 0.27462198
v 4.49795969 -0.19130918 0.27723534
v 4.46126968 -0.19130918 0.24354300
v 4.45971960 -0.19130918 0.24335805
v 4.46239966 -0.19130917 0.24376712
v 4.49045963 -0.19130917 0.26121004
v 4.48969967 -0.19130917 0.26026519
v 4.49130959 -0.19130918 0.26245304
v 4.49530966 -0.19130917 0.26954158
v 4.49479969 -0.19130917 0.26838406
v 4.49411960 -0.19130918 0.26710113
v 4.49349959 -0.19130918 0.26590391
v 4.49278970 -0.19130917 0.26473798
v 4.48684961 -0.19130917 0.25693007
v 4.48609967 -0.19130917 0.25620189
v 4.48795969 -0.19130917 0.25818153
v 4.49204965 -0.19130918 0.26350971
v 4.48411960 -0.19130917 0.25433829
v 4.48485965 -0.19130918 0.25496622
v 4.48273963 -0.19130917 0.25313034
v 4.48202962 -0.19130917 0.25260171
v 4.48051960 -0.19130917 0.25142940
v 4.47984964 -0.19130917 0.25099203
v 4.48871959 -0.19130917 0.25901391
v 4.47755963 -0.19130917 0.24951461
v 4.47699970 -0.19130918 0.24914512
v 4.47519964 -0.19130917 0.24818173
v 4.47453958 -0.19130917 0.24780920
v 4.47275967 -0.19130917 0.24699363
v 4.47199959 -0.19130917 0.24662873
v 4.47023958 -0.19130917 0.24595210
v 4.49634965 -0.19130917 0.27205594
v 4.49593969 -0.19130917 0.27093990
v 4.46767968 -0.19130917 0.24506638
v 4.46939963 -0.19130917 0.24560818
v 4.46672958 -0.19130917 0.24475154
v 4.46505958 -0.19130917 0.24433801
v 4.49691959 -0.19130917 0.27356155
v 4.46401960 -0.19130917 0.24406204
v 4.49837967 -0.19130917 0.27896281
v 4.45848960 -0.19130917 0.24319551
v 4.45701963 -0.19130917 0.24311254
v 4.45569963 -0.19130917 0.24302170
v 4.45429963 -0.19130917 0.24299965
v 4.45429963 -0.19130918 0.24303082
v 4.45288962 -0.19130918 0.24302182
v 4.45148963 -0.19130917 0.24308739
v 4.45709962 -0.19130917 0.24308691
v 4.45987958 -0.19130918 0.24334762
v 4.46264965 -0.19130918 0.24378130
v 4.46537966 -0.19130918 0.24438563
v 4.46806962 -0.19130917 0.24515912
v 4.47070963 -0.19130918 0.24609813
v 4.47327966 -0.19130917 0.24719921
v 4.47577960 -0.19130917 0.24845800
v 4.47819967 -0.19130917 0.24986991
v 4.47936959 -0.19130917 0.25063154
v 4.48164952 -0.19130917 0.25226262
v 4.48381967 -0.19130917 0.25403186
v 4.48586959 -0.19130917 0.25593259
v 4.48779959 -0.19130917 0.25795760
v 4.48960967 -0.19130918 0.26009842
v 4.49126966 -0.19130917 0.26234730
v 4.49279959 -0.19130917 0.26469560
v 4.49416972 -0.19130917 0.26713385
v 4.49538965 -0.19130917 0.26965298
v 4.49644966 -0.19130918 0.27224322
v 4.49734970 -0.19130917 0.27489425
v 4.49807962 -0.19130917 0.27759595
v 4.49863966 -0.19130918 0.28033812
v 4.49902960 -0.19130917 0.28310980
v 4.49924966 -0.19130917 0.28590037
v 4.49928960 -0.19130917 0.28869922
v 4.49924966 -0.19130917 0.29009815
v 4.49902960 -0.19130917 0.29288889
v 4.49863967 -0.19130917 0.29566075
v 4.49807963 -0.19130917 0.29840274
v 4.49734971 -0.19130917 0.30110456
v 4.49644968 -0.19130917 0.30375590
v 4.49538967 -0.19130917 0.30634590
v 4.49416968 -0.19130917 0.30886509
v 4.49279961 -0.19130917 0.31130369
v 4.49126968 -0.19130917 0.31365194
v 4.48960969 -0.19130917 0.31590088
v 4.48779962 -0.19130917 0.31804200
v 4.48586962 -0.19130917 0.32006653
v 4.48381970 -0.19130917 0.32196733
v 4.48164962 -0.19130917 0.32373663
v 4.47936962 -0.19130917 0.32536765
v 4.47453962 -0.19130917 0.32819041
v 4.47327970 -0.19130917 0.32880041
v 4.47070966 -0.19130917 0.32990166
v 4.46806966 -0.19130917 0.33084080
v 4.46537970 -0.19130917 0.33161387
v 4.46264969 -0.19130917 0.33221862
v 4.45987962 -0.19130917 0.33265206
v 4.45709966 -0.19130917 0.33291266
v 4.45429967 -0.19130917 0.33299968
v 4.45148967 -0.19130917 0.33291195
v 4.44869970 -0.19130917 0.33265016
v 4.44593964 -0.19130917 0.33221660
v 4.44321965 -0.19130917 0.33161304
v 4.44052969 -0.19130917 0.33084200
v 4.43789969 -0.19130917 0.32990525
v 4.43532966 -0.19130917 0.32880501
v 4.43281971 -0.19130917 0.32754283
v 4.43038963 -0.19130917 0.32612465
v 4.42921970 -0.19130917 0.32536082
v 4.42693971 -0.19130917 0.32372831
v 4.42477963 -0.19130917 0.32196121
v 4.42272971 -0.19130917 0.32006513
v 4.42079971 -0.19130917 0.31804597
v 4.41899977 -0.19130917 0.31590932
v 4.41732965 -0.19130917 0.31366115
v 4.41580961 -0.19130917 0.31130695
v 4.41442964 -0.19130917 0.30885726
v 4.41319964 -0.19130917 0.30633372
v 4.41213963 -0.19130917 0.30374544
v 4.41124961 -0.19130917 0.30110013
v 4.41051969 -0.19130917 0.29840582
v 4.40995964 -0.19130917 0.29567033
v 4.40956971 -0.19130917 0.29290145
v 4.40934965 -0.19130917 0.29010612
v 4.40930971 -0.19130917 0.28729588
v 4.40934964 -0.19130917 0.28589177
v 4.40956970 -0.19130917 0.28309744
v 4.40995964 -0.19130917 0.28032863
v 4.41051968 -0.19130918 0.27759325
v 4.41124960 -0.19130917 0.27489894
v 4.41213961 -0.19130917 0.27225387
v 4.41319962 -0.19130918 0.26966554
v 4.41442962 -0.19130918 0.26714211
v 4.41580959 -0.19130917 0.26469242
v 4.41732962 -0.19130917 0.26233822
v 4.41899974 -0.19130918 0.26008993
v 4.42079968 -0.19130917 0.25795322
v 4.42272968 -0.19130917 0.25593405
v 4.42477960 -0.19130917 0.25403791
v 4.42693967 -0.19130917 0.25227075
v 4.42921967 -0.19130917 0.25063806
v 4.43406958 -0.19130918 0.24780481
v 4.43532962 -0.19130917 0.24719422
v 4.43789965 -0.19130918 0.24609397
v 4.44052965 -0.19130918 0.24515734
v 4.44321961 -0.19130917 0.24438618
v 4.44593960 -0.19130918 0.24378274
v 4.44869966 -0.19130917 0.24334906
v 4.45754200 -0.27413812 0.24309072
v 4.45429963 -0.19130917 0.24299965
v 4.45651800 -0.19130917 0.24304954
v 4.46229971 -0.27222649 0.24370274
v 4.46072668 -0.19130917 0.24343476
v 4.46617002 -0.19130917 0.24456695
v 4.46933776 -0.26939588 0.24558088
v 4.46631915 -0.27061070 0.24462167
v 4.48298735 -0.26390576 0.25332334
v 4.48445303 -0.19130918 0.25455841
v 4.48505587 -0.26307413 0.25514146
v 4.48064083 -0.19130918 0.25149711
v 4.49220879 -0.19130917 0.26372905
v 4.49186964 -0.26033176 0.26323463
v 4.49061377 -0.26083875 0.26141145
v 4.49563284 -0.25881909 0.27019276
v 4.49439783 -0.25931629 0.26756366
v 4.49430378 -0.19130918 0.26736231
v 4.49717565 -0.25819978 0.27431251
v 4.49693365 -0.19130917 0.27356704
v 4.49787112 -0.19130918 0.27672030
v 4.49858089 -0.25763247 0.27996953
v 4.49864860 -0.19130917 0.28030004
v 4.49891969 -0.25749856 0.28214236
v 4.49917909 -0.19130917 0.28457035
v 4.49930140 -0.25734446 0.28726096
v 4.49915083 -0.25740197 0.28434439
v 4.49915036 -0.25740201 0.29166074
v 4.49927970 -0.25735406 0.28946938
v 4.49917909 -0.19130917 0.29142822
v 4.49891969 -0.25749846 0.29385723
v 4.49864837 -0.19130917 0.29570015
v 4.49858173 -0.25763208 0.29602481
v 4.49717721 -0.25819885 0.30168165
v 4.49787077 -0.19130917 0.29928018
v 4.49693319 -0.19130917 0.30243303
v 4.49572167 -0.19130917 0.30559738
v 4.49644968 -0.25849166 0.30376579
v 4.49430558 -0.19130917 0.30863317
v 4.49439964 -0.25931524 0.30843236
v 4.49563322 -0.25881905 0.30580570
v 4.49221287 -0.19130917 0.31226386
v 4.49152253 -0.26047312 0.31329890
v 4.49300239 -0.25987755 0.31097086
v 4.48638449 -0.19130917 0.31958815
v 4.48891828 -0.26152253 0.31676497
v 4.48968611 -0.19130917 0.31582608
v 4.48504708 -0.26307790 0.32086601
v 4.48331056 -0.19130917 0.32241019
v 4.48298798 -0.26390567 0.32267704
v 4.48060010 -0.19130917 0.32453056
v 4.48080049 -0.26478611 0.32437690
v 4.47894965 -0.26552826 0.32564541
v 4.47712145 -0.19130917 0.32680019
v 4.47701929 -0.26630596 0.32684931
v 4.47420726 -0.26743921 0.32837471
v 4.47337614 -0.19130917 0.32877120
v 4.47161971 -0.26847656 0.32953140
v 4.46952914 -0.19130917 0.33036062
v 4.46937524 -0.26938060 0.33040526
v 4.46630619 -0.27061578 0.33138284
v 4.46613370 -0.19130917 0.33142087
v 4.46227370 -0.27223692 0.33230135
v 4.46276532 -0.19130917 0.33221099
v 4.45753585 -0.27414088 0.33290866
v 4.45795117 -0.19130917 0.33287761
v 4.45429967 -0.19130917 0.33299968
v 4.45429967 -0.27544475 0.33299974
v 4.48706589 -0.26226387 0.31884875
v 4.45429963 -0.27544476 0.24299971
v 4.49021969 -0.26099566 0.31510283
v 4.47011394 -0.19130917 0.24586317
v 4.47232366 -0.26819244 0.24676004
v 4.49796924 -0.25787889 0.29887869
v 4.49929949 -0.19130917 0.28799953
v 4.49797090 -0.25787825 0.27712782
v 4.49644966 -0.25849176 0.27223368
v 4.49572106 -0.19130917 0.27040000
v 4.49300618 -0.25987632 0.26503505
v 4.48968370 -0.19130918 0.26017030
v 4.48892445 -0.26152066 0.25924244
v 4.48734338 -0.19130918 0.25744935
v 4.48704333 -0.26227301 0.25712689
v 4.48069889 -0.26482679 0.25154808
v 4.47860343 -0.26566920 0.25011679
v 4.47711391 -0.19130918 0.24919483
v 4.47511250 -0.26707334 0.24810293
v 4.47353846 -0.19130917 0.24730083
v 4.42063961 -0.19130917 0.31781792
v 4.42249964 -0.19130917 0.31979757
v 4.42174969 -0.19130017 0.31906932
v 4.41728969 -0.19130918 0.26245301
v 4.41813965 -0.19130017 0.26121014
v 4.41889961 -0.19130917 0.26026487
v 4.48202962 -0.19130917 0.25260171
v 4.47984964 -0.19130917 0.25099203
v 4.48052961 -0.19130017 0.25143721
v 4.41728971 -0.19130917 0.31354635
v 4.41654966 -0.19130017 0.31248962
v 4.41580961 -0.19130917 0.31126141
v 4.41509972 -0.19130017 0.31009507
v 4.41579971 -0.19130017 0.31130373
v 4.47577960 -0.19130017 0.24845561
v 4.47699970 -0.19130017 0.24914583
v 4.47519964 -0.19130917 0.24818173
v 4.41442964 -0.19130017 0.30886512
v 4.41379962 -0.19130017 0.30761522
v 4.41447971 -0.19130917 0.30889832
v 4.47198964 -0.19130017 0.24662372
v 4.47275967 -0.19130917 0.24699363
v 4.47023958 -0.19130917 0.24595210
v 4.41328964 -0.19130917 0.30645781
v 4.41265962 -0.19130017 0.30505913
v 4.41224966 -0.19130917 0.30394345
v 4.41021964 -0.19130017 0.29703623
v 4.41063961 -0.19130917 0.29876405
v 4.41051969 -0.19130017 0.29840284
v 4.41085967 -0.19130017 0.29975956
v 4.41136965 -0.19130917 0.30137753
v 4.41124961 -0.19130017 0.30110466
v 4.40973970 -0.19130017 0.29427778
v 4.40965971 -0.19130917 0.29341840
v 4.41006967 -0.19130917 0.29610383
v 4.40940961 -0.19130917 0.29071700
v 4.40934965 -0.19130017 0.29009825
v 4.40930971 -0.19130017 0.28869933
v 4.40943965 -0.19130017 0.29149538
v 4.40956971 -0.19130017 0.29288894
v 4.45429963 -0.19130918 0.24303082
v 4.45157963 -0.19130917 0.24311254
v 4.45289964 -0.19130017 0.24302170
v 4.40932962 -0.19130917 0.28799975
v 4.40930971 -0.19130017 0.28729969
v 4.44887966 -0.19130918 0.24335806
v 4.45010966 -0.19130017 0.24319551
v 4.40973969 -0.19130017 0.28172087
v 4.40965971 -0.19130917 0.28258055
v 4.40956970 -0.19130017 0.28310990
v 4.44732958 -0.19130018 0.24354301
v 4.44619960 -0.19130917 0.24376712
v 4.44594962 -0.19130018 0.24378131
v 4.41021963 -0.19130017 0.27896285
v 4.41063960 -0.19130917 0.27723503
v 4.41006967 -0.19130918 0.27989548
v 4.44353968 -0.19130918 0.24433796
v 4.44091958 -0.19130917 0.24506615
v 4.44186968 -0.19130017 0.24475156
v 4.41136964 -0.19130917 0.27462142
v 4.41124960 -0.19130017 0.27489435
v 4.41167970 -0.19130017 0.27356165
v 4.43788964 -0.19130018 0.24609815
v 4.43919963 -0.19130017 0.24560820
v 4.43835968 -0.19130917 0.24595200
v 4.41328962 -0.19130917 0.26954144
v 4.41224964 -0.19130917 0.27205574
v 4.41265960 -0.19130017 0.27093994
v 4.43103964 -0.19130918 0.24951451
v 4.43159968 -0.19130018 0.24914514
v 4.43339962 -0.19130918 0.24818145
v 4.43405968 -0.19130017 0.24780922
v 4.43583960 -0.19130917 0.24699353
v 4.42174966 -0.19130017 0.25693016
v 4.42249961 -0.19130917 0.25620191
v 4.42063958 -0.19130918 0.25818115
v 4.42807967 -0.19130017 0.25142943
v 4.42656965 -0.19130917 0.25260143
v 4.42694963 -0.19130017 0.25226264
v 4.41898961 -0.19130018 0.26009851
v 4.41987957 -0.19130017 0.25901394
v 4.43039960 -0.19130017 0.24986993
v 4.42874963 -0.19130917 0.25099193
v 4.42922968 -0.19130017 0.25063156
v 4.42477960 -0.19130017 0.25403195
v 4.42584962 -0.19130017 0.25313037
v 4.42447967 -0.19130917 0.25433802
v 4.41580959 -0.19130917 0.26473766
v 4.41447963 -0.19130917 0.26710075
v 4.41509969 -0.19130018 0.26590395
v 4.41379960 -0.19130017 0.26838415
v 4.42373962 -0.19130018 0.25496631
v 4.41654964 -0.19130018 0.26350975
v 4.41732962 -0.19130017 0.26234733
v 4.42272968 -0.19130017 0.25593262
v 4.42079968 -0.19130017 0.25795763
v 4.41579969 -0.19130017 0.26469564
v 4.43281967 -0.19130017 0.24845802
v 4.43659968 -0.19130017 0.24662875
v 4.43531961 -0.19130017 0.24719922
v 4.41442968 -0.19130017 0.26713395
v 4.41320963 -0.19130017 0.26965302
v 4.41214963 -0.19130018 0.27224326
v 4.44052965 -0.19130017 0.24515913
v 4.44457966 -0.19130017 0.24406205
v 4.44321961 -0.19130018 0.24438564
v 4.41085966 -0.19130017 0.27623957
v 4.41051968 -0.19130017 0.27759605
v 4.40995964 -0.19130018 0.28033817
v 4.44871968 -0.19130018 0.24334762
v 4.45149964 -0.19130017 0.24308691
v 4.45429963 -0.19130017 0.24299965
v 4.40940961 -0.19130917 0.28528201
v 4.40943965 -0.19130017 0.28450352
v 4.45570964 -0.19130018 0.24302182
v 4.40934964 -0.19130017 0.28590047
v 4.45701963 -0.19130917 0.24311254
v 4.45850963 -0.19130017 0.24319646
v 4.45971960 -0.19130918 0.24335805
v 4.46127957 -0.19130017 0.24354443
v 4.46239966 -0.19130917 0.24376712
v 4.46402961 -0.19130017 0.24406323
v 4.46505958 -0.19130917 0.24433801
v 4.40995964 -0.19130017 0.29566085
v 4.46672958 -0.19130017 0.24475083
v 4.46767968 -0.19130917 0.24506638
v 4.46938956 -0.19130017 0.24560502
v 4.41167972 -0.19130017 0.30243712
v 4.41214964 -0.19130017 0.30375593
v 4.41320965 -0.19130017 0.30634593
v 4.47755963 -0.19130917 0.24951461
v 4.47819967 -0.19130017 0.24987414
v 4.48274965 -0.19130017 0.25313779
v 4.48411960 -0.19130917 0.25433829
v 4.41732965 -0.19130017 0.31365191
v 4.41813967 -0.19130017 0.31478953
v 4.41889963 -0.19130917 0.31573426
v 4.48485965 -0.19130018 0.25497004
v 4.48609967 -0.19130917 0.25620189
v 4.41898964 -0.19130017 0.31590091
v 4.41987965 -0.19130017 0.31698542
v 4.42079971 -0.19130017 0.31804203
v 4.48684961 -0.19130017 0.25692841
v 4.48795969 -0.19130917 0.25818153
v 4.48871965 -0.19130017 0.25900706
v 4.48969967 -0.19130917 0.26026519
v 4.42272971 -0.19130017 0.32006662
v 4.42447970 -0.19130917 0.32166116
v 4.42373965 -0.19130017 0.32103311
v 4.49130959 -0.19130918 0.26245304
v 4.49044962 -0.19130018 0.26120015
v 4.42477963 -0.19130017 0.32196735
v 4.42584966 -0.19130017 0.32286881
v 4.42656968 -0.19130917 0.32339774
v 4.49204965 -0.19130018 0.26350220
v 4.49278970 -0.19130917 0.26473798
v 4.42694972 -0.19130017 0.32373672
v 4.42874966 -0.19130917 0.32500743
v 4.42807971 -0.19130017 0.32456981
v 4.49349959 -0.19130017 0.26590546
v 4.49411960 -0.19130918 0.26710113
v 4.42922972 -0.19130017 0.32536774
v 4.43103967 -0.19130917 0.32648485
v 4.43039964 -0.19130017 0.32612942
v 4.49479969 -0.19130017 0.26839473
v 4.49530966 -0.19130917 0.26954158
v 4.43159972 -0.19130017 0.32685416
v 4.43339966 -0.19130917 0.32781772
v 4.43281971 -0.19130017 0.32754134
v 4.43405972 -0.19130017 0.32819043
v 4.43583964 -0.19130917 0.32900582
v 4.43531965 -0.19130017 0.32880042
v 4.49634965 -0.19130917 0.27205594
v 4.49594970 -0.19130017 0.27095159
v 4.43835972 -0.19130917 0.33004735
v 4.43659972 -0.19130017 0.32937096
v 4.43788968 -0.19130017 0.32990168
v 4.49722965 -0.19130917 0.27462198
v 4.49691959 -0.19130017 0.27356936
v 4.44091962 -0.19130917 0.33093296
v 4.43919967 -0.19130017 0.33039175
v 4.44052969 -0.19130017 0.33084081
v 4.49773963 -0.19130018 0.27624007
v 4.49795969 -0.19130918 0.27723534
v 4.44353972 -0.19130917 0.33166144
v 4.44186972 -0.19130017 0.33124838
v 4.44321965 -0.19130017 0.33161388
v 4.49837967 -0.19130017 0.27895595
v 4.49852963 -0.19130917 0.27989556
v 4.44619964 -0.19130917 0.33223234
v 4.44457971 -0.19130017 0.33193741
v 4.44594966 -0.19130017 0.33221863
v 4.49885960 -0.19130017 0.28170903
v 4.49893959 -0.19130917 0.28258099
v 4.44732963 -0.19130017 0.33245681
v 4.44887970 -0.19130917 0.33264134
v 4.44871972 -0.19130017 0.33265207
v 4.49915965 -0.19130017 0.28449161
v 4.49918970 -0.19130917 0.28528239
v 4.45157968 -0.19130917 0.33288679
v 4.45010971 -0.19130017 0.33280394
v 4.45149969 -0.19130017 0.33291266
v 4.45429967 -0.19130917 0.33296857
v 4.45289968 -0.19130017 0.33297811
v 4.49918970 -0.19130917 0.29071738
v 4.49926969 -0.19130917 0.28799964
v 4.49928960 -0.19130017 0.28870179
v 4.49915966 -0.19130017 0.29150690
v 4.49893960 -0.19130917 0.29341884
v 4.49885961 -0.19130017 0.29428948
v 4.49852964 -0.19130917 0.29610391
v 4.49795970 -0.19130917 0.29876436
v 4.49773964 -0.19130017 0.29975845
v 4.49722966 -0.19130917 0.30137797
v 4.46127962 -0.19130017 0.33245465
v 4.45971964 -0.19130917 0.33264134
v 4.46239971 -0.19130917 0.33223233
v 4.49411962 -0.19130917 0.30889864
v 4.49530968 -0.19130917 0.30645801
v 4.49480972 -0.19130017 0.30760367
v 4.49044964 -0.19130017 0.31479849
v 4.48969970 -0.19130917 0.31573458
v 4.49130962 -0.19130917 0.31354644
v 4.47275971 -0.19130917 0.32900592
v 4.47519968 -0.19130917 0.32781800
v 4.47452973 -0.19130017 0.32819423
v 4.49349961 -0.19130017 0.31009133
v 4.49278972 -0.19130917 0.31126173
v 4.48684964 -0.19130017 0.31907030
v 4.48609970 -0.19130917 0.31979748
v 4.48795972 -0.19130917 0.31781818
v 4.49204967 -0.19130017 0.31249602
v 4.48485968 -0.19130017 0.32102867
v 4.48411963 -0.19130917 0.32166143
v 4.48274968 -0.19130017 0.32286104
v 4.48202966 -0.19130917 0.32339796
v 4.48052965 -0.19130017 0.32456156
v 4.47984968 -0.19130917 0.32500752
v 4.48871968 -0.19130017 0.31699171
v 4.47755967 -0.19130917 0.32648488
v 4.47699974 -0.19130017 0.32685253
v 4.47198961 -0.19130017 0.32937547
v 4.47023962 -0.19130917 0.33004734
v 4.49634966 -0.19130917 0.30394371
v 4.49594972 -0.19130017 0.30504693
v 4.46938966 -0.19130017 0.33039424
v 4.46767972 -0.19130917 0.33093306
v 4.46672962 -0.19130017 0.33124837
v 4.46505962 -0.19130917 0.33166143
v 4.49691960 -0.19130017 0.30242916
v 4.46402965 -0.19130017 0.33193585
v 4.49837967 -0.19130017 0.29704256
v 4.45850967 -0.19130017 0.33280263
v 4.45701967 -0.19130917 0.33288679
v 4.45570968 -0.19130017 0.33297763
v 4.45710963 -0.19130017 0.24308739
v 4.45429967 -0.19130017 0.33299968
v 4.45710967 -0.19130017 0.33291194
v 4.45989965 -0.19130017 0.33265016
v 4.46265970 -0.19130017 0.33221659
v 4.46537970 -0.19130017 0.33161303
v 4.46806966 -0.19130017 0.33084199
v 4.47069965 -0.19130017 0.32990524
v 4.47326968 -0.19130017 0.32880494
v 4.47577963 -0.19130017 0.32754275
v 4.47820972 -0.19130017 0.32612463
v 4.47937963 -0.19130017 0.32536074
v 4.48165963 -0.19130017 0.32372829
v 4.48381970 -0.19130017 0.32196113
v 4.48586962 -0.19130017 0.32006510
v 4.48779962 -0.19130017 0.31804593
v 4.48959968 -0.19130017 0.31590929
v 4.49126968 -0.19130017 0.31366112
v 4.49278972 -0.19130017 0.31130691
v 4.49416968 -0.19130017 0.30885716
v 4.49539969 -0.19130017 0.30633362
v 4.49645969 -0.19130017 0.30374540
v 4.49734971 -0.19130017 0.30110003
v 4.49807963 -0.19130017 0.29840572
v 4.49863967 -0.19130017 0.29567023
v 4.49902960 -0.19130017 0.29290135
v 4.49924966 -0.19130017 0.29010601
v 4.49928959 -0.19130017 0.28729577
v 4.49924966 -0.19130017 0.28589167
v 4.49902960 -0.19130017 0.28309734
v 4.49863966 -0.19130017 0.28032853
v 4.49807962 -0.19130018 0.27759315
v 4.49734970 -0.19130017 0.27489890
v 4.49645968 -0.19130017 0.27225383
v 4.49539967 -0.19130018 0.26966544
v 4.49416967 -0.19130018 0.26714202
v 4.49278970 -0.19130017 0.26469238
v 4.49126966 -0.19130017 0.26233812
v 4.48959965 -0.19130018 0.26008983
v 4.48779959 -0.19130017 0.25795313
v 4.48586959 -0.19130017 0.25593402
v 4.48381967 -0.19130017 0.25403794
v 4.48165960 -0.19130017 0.25227066
v 4.47937960 -0.19130017 0.25063803
v 4.47452969 -0.19130018 0.24780473
v 4.47326965 -0.19130017 0.24719420
v 4.47069961 -0.19130018 0.24609396
v 4.46806962 -0.19130018 0.24515733
v 4.46537966 -0.19130017 0.24438617
v 4.46265966 -0.19130018 0.24378273
v 4.45989961 -0.19130017 0.24334905
v 4.45429963 -0.18772617 0.24303172
v 4.45570964 -0.18772616 0.24302182
v 4.45429963 -0.18772617 0.24299965
v 4.45288967 -0.18772617 0.33297763
v 4.45429967 -0.18772617 0.33299968
v 4.45429967 -0.18772617 0.33296773
v 4.45570968 -0.18772617 0.33297763
v 4.45570968 -0.18772617 0.33294556
v 4.45148967 -0.18772617 0.33291195
v 4.45289968 -0.18772617 0.33294604
v 4.45149969 -0.18772617 0.33288083
v 4.45010971 -0.18772617 0.33277211
v 4.45008968 -0.18772617 0.33280263
v 4.44871972 -0.18772617 0.33262024
v 4.44869970 -0.18772617 0.33265016
v 4.44732963 -0.18772617 0.33242522
v 4.44731973 -0.18772617 0.33245466
v 4.44595967 -0.18772617 0.33218704
v 4.44593964 -0.18772617 0.33221660
v 4.44458972 -0.18772617 0.33190606
v 4.44456969 -0.18772617 0.33193586
v 4.44322966 -0.18772617 0.33158288
v 4.44321965 -0.18772617 0.33161304
v 4.44187961 -0.18772617 0.33121763
v 4.44186972 -0.18772617 0.33124838
v 4.44053970 -0.18772617 0.33081029
v 4.44052969 -0.18772617 0.33084200
v 4.43920968 -0.18772617 0.33036159
v 4.43920968 -0.18772617 0.33039425
v 4.43789969 -0.18772617 0.32987188
v 4.43789969 -0.18772617 0.32990525
v 4.43660973 -0.18772617 0.32934163
v 4.43660973 -0.18772617 0.32937549
v 4.43532966 -0.18772617 0.32877134
v 4.43532966 -0.18772617 0.32880501
v 4.43406962 -0.18772617 0.32816182
v 4.43406962 -0.18772617 0.32819431
v 4.43282972 -0.18772617 0.32751320
v 4.43281971 -0.18772617 0.32754283
v 4.43161963 -0.18772617 0.32682644
v 4.43159972 -0.18772617 0.32685255
v 4.43041967 -0.18772617 0.32610230
v 4.43038963 -0.18772617 0.32612465
v 4.42924963 -0.18772617 0.32534115
v 4.42921970 -0.18772617 0.32536082
v 4.42809961 -0.18772617 0.32454382
v 4.42806969 -0.18772617 0.32456164
v 4.42696963 -0.18772617 0.32371132
v 4.42693971 -0.18772617 0.32372831
v 4.42586968 -0.18772617 0.32284402
v 4.42584966 -0.18772617 0.32286112
v 4.42479966 -0.18772617 0.32194315
v 4.42477963 -0.18772617 0.32196121
v 4.42375968 -0.18772617 0.32100963
v 4.42373965 -0.18772617 0.32102876
v 4.42274962 -0.18772617 0.32004385
v 4.42272971 -0.18772617 0.32006513
v 4.42176972 -0.18772617 0.31904726
v 4.42174969 -0.18772617 0.31907033
v 4.42081962 -0.18772617 0.31802075
v 4.42079971 -0.18772617 0.31804591
v 4.41989968 -0.18772617 0.31696486
v 4.41987965 -0.18772617 0.31699174
v 4.41901968 -0.18772617 0.31588113
v 4.41899977 -0.18772617 0.31590932
v 4.41816971 -0.18772617 0.31477051
v 4.41814969 -0.18772617 0.31479853
v 4.41734967 -0.18772616 0.31363361
v 4.41732965 -0.18772616 0.31366115
v 4.41656969 -0.18772617 0.31247222
v 4.41654966 -0.18772616 0.31249606
v 4.41582963 -0.18772617 0.31128722
v 4.41580961 -0.18772617 0.31130695
v 4.41512964 -0.18772616 0.31007933
v 4.41509972 -0.18772616 0.31009143
v 4.41445968 -0.18772617 0.30885034
v 4.41442964 -0.18772617 0.30885726
v 4.41382966 -0.18772616 0.30760121
v 4.41378960 -0.18772617 0.30760371
v 4.41323969 -0.18772617 0.30633294
v 4.41319964 -0.18772616 0.30633372
v 4.41268966 -0.18772617 0.30504703
v 4.41264960 -0.18772617 0.30504691
v 4.41217968 -0.18772617 0.30374473
v 4.41213963 -0.18772617 0.30374544
v 4.41170964 -0.18772617 0.30242693
v 4.41167972 -0.18772616 0.30242925
v 4.41127965 -0.18772616 0.30109536
v 4.41124961 -0.18772617 0.30110013
v 4.41088972 -0.18772617 0.29975122
v 4.41085967 -0.18772617 0.29975855
v 4.41054961 -0.18772617 0.29839545
v 4.41051969 -0.18772617 0.29840582
v 4.41024968 -0.18772616 0.29702979
v 4.41021964 -0.18772617 0.29704266
v 4.40998968 -0.18772617 0.29565543
v 4.40995964 -0.18772617 0.29567033
v 4.40976962 -0.18772617 0.29427331
v 4.40973970 -0.18772617 0.29428953
v 4.40959963 -0.18772617 0.29288548
v 4.40956971 -0.18772617 0.29290145
v 4.40946969 -0.18772617 0.29149294
v 4.40943965 -0.18772617 0.29150700
v 4.40937969 -0.18772617 0.29009676
v 4.40934965 -0.18772617 0.29010612
v 4.40933963 -0.18772617 0.28869885
v 4.40930971 -0.18772617 0.28870189
v 4.40933963 -0.18772617 0.28730023
v 4.40930971 -0.18772617 0.28729588
v 4.40937968 -0.18772617 0.28590196
v 4.40934964 -0.18772617 0.28589177
v 4.40946969 -0.18772616 0.28450602
v 4.40943965 -0.18772616 0.28449172
v 4.40959962 -0.18772617 0.28311342
v 4.40956970 -0.18772616 0.28309744
v 4.40976962 -0.18772616 0.28172534
v 4.40973969 -0.18772617 0.28170913
v 4.40998974 -0.18772617 0.28034365
v 4.40995964 -0.18772616 0.28032863
v 4.41024967 -0.18772617 0.27896929
v 4.41021963 -0.18772617 0.27895599
v 4.41054960 -0.18772617 0.27760344
v 4.41051968 -0.18772617 0.27759325
v 4.41088970 -0.18772617 0.27624792
v 4.41085966 -0.18772617 0.27624017
v 4.41127964 -0.18772617 0.27490365
v 4.41124960 -0.18772617 0.27489894
v 4.41170962 -0.18772617 0.27357196
v 4.41167970 -0.18772616 0.27356946
v 4.41217967 -0.18772617 0.27225446
v 4.41213961 -0.18772617 0.27225387
v 4.41268964 -0.18772616 0.27095216
v 4.41264959 -0.18772616 0.27095163
v 4.41323967 -0.18772617 0.26966601
v 4.41319962 -0.18772617 0.26966554
v 4.41382964 -0.18772617 0.26839804
v 4.41379960 -0.18772617 0.26839476
v 4.41445966 -0.18772617 0.26714885
v 4.41442962 -0.18772617 0.26714211
v 4.41512962 -0.18772616 0.26591974
v 4.41509969 -0.18772616 0.26590555
v 4.41582961 -0.18772617 0.26471221
v 4.41580959 -0.18772617 0.26469242
v 4.41656966 -0.18772617 0.26352715
v 4.41654964 -0.18772617 0.26350223
v 4.41734965 -0.18772617 0.26236563
v 4.41732962 -0.18772616 0.26233822
v 4.41816969 -0.18772616 0.26122915
v 4.41814966 -0.18772616 0.26120024
v 4.41901965 -0.18772617 0.26011842
v 4.41899974 -0.18772616 0.26008993
v 4.41989965 -0.18772617 0.25903457
v 4.41987963 -0.18772617 0.25900715
v 4.42081959 -0.18772617 0.25797897
v 4.42079968 -0.18772617 0.25795322
v 4.42176969 -0.18772617 0.25695222
v 4.42174966 -0.18772616 0.25692844
v 4.42274959 -0.18772617 0.25595545
v 4.42272968 -0.18772617 0.25593399
v 4.42375965 -0.18772616 0.25498985
v 4.42373962 -0.18772616 0.25497012
v 4.42480964 -0.18772617 0.25405597
v 4.42477960 -0.18772617 0.25403785
v 4.42587967 -0.18772617 0.25315516
v 4.42584962 -0.18772617 0.25313782
v 4.42696960 -0.18772617 0.25228797
v 4.42693967 -0.18772617 0.25227075
v 4.42809958 -0.18772617 0.25145542
v 4.42806966 -0.18772617 0.25143718
v 4.42924959 -0.18772617 0.25065814
v 4.42921967 -0.18772617 0.25063800
v 4.43041963 -0.18772617 0.24989711
v 4.43039960 -0.18772617 0.24987410
v 4.43161959 -0.18772617 0.24917279
v 4.43159968 -0.18772617 0.24914591
v 4.43282968 -0.18772617 0.24848615
v 4.43281967 -0.18772617 0.24845563
v 4.43406958 -0.18772617 0.24783783
v 4.43406958 -0.18772616 0.24780481
v 4.43532962 -0.18772616 0.24722825
v 4.43532962 -0.18772617 0.24719416
v 4.43660969 -0.18772617 0.24665807
v 4.43660975 -0.18772617 0.24662368
v 4.43789965 -0.18772617 0.24612795
v 4.43789965 -0.18772616 0.24609397
v 4.43920964 -0.18772617 0.24563836
v 4.43920958 -0.18772617 0.24560498
v 4.44053966 -0.18772617 0.24518959
v 4.44052965 -0.18772616 0.24515734
v 4.44187957 -0.18772616 0.24478231
v 4.44186968 -0.18772617 0.24475084
v 4.44322956 -0.18772617 0.24441658
v 4.44321961 -0.18772617 0.24438618
v 4.44458968 -0.18772617 0.24409340
v 4.44456965 -0.18772617 0.24406324
v 4.44595963 -0.18772617 0.24381266
v 4.44593960 -0.18772616 0.24378274
v 4.44733960 -0.18772617 0.24357460
v 4.44731969 -0.18772617 0.24354444
v 4.44871968 -0.18772616 0.24337945
v 4.44869966 -0.18772617 0.24334906
v 4.45010966 -0.18772617 0.24322734
v 4.45008964 -0.18772617 0.24319647
v 4.45149964 -0.18772617 0.24311886
v 4.45288962 -0.18772616 0.24302182
v 4.45148963 -0.18772617 0.24308739
v 4.45289964 -0.18772617 0.24305365
v 4.45710963 -0.18772617 0.24308739
v 4.45570958 -0.18772617 0.24305377
v 4.45710963 -0.18772617 0.24311934
v 4.45849961 -0.18772617 0.24322841
v 4.45850963 -0.18772616 0.24319682
v 4.45988959 -0.18772617 0.24338088
v 4.45989955 -0.18772617 0.24334917
v 4.46127957 -0.18772617 0.24357608
v 4.46127957 -0.18772617 0.24354467
v 4.46264965 -0.18772616 0.24381420
v 4.46265966 -0.18772617 0.24378273
v 4.46401954 -0.18772617 0.24409446
v 4.46402961 -0.18772617 0.24406347
v 4.46537966 -0.18772617 0.24441716
v 4.46537966 -0.18772616 0.24438635
v 4.46671969 -0.18772616 0.24478164
v 4.46672958 -0.18772617 0.24475095
v 4.46805960 -0.18772616 0.24518773
v 4.46806962 -0.18772617 0.24515733
v 4.46937967 -0.18772617 0.24563506
v 4.46938962 -0.18772617 0.24560514
v 4.47068960 -0.18772616 0.24612376
v 4.47069961 -0.18772617 0.24609408
v 4.47197968 -0.18772617 0.24665305
v 4.47198958 -0.18772616 0.24662384
v 4.47325963 -0.18772617 0.24722323
v 4.47326965 -0.18772617 0.24719438
v 4.47451967 -0.18772617 0.24783334
v 4.47452969 -0.18772616 0.24780509
v 4.47575969 -0.18772617 0.24848368
v 4.47577960 -0.18772617 0.24845656
v 4.47698969 -0.18772617 0.24917343
v 4.47699970 -0.18772617 0.24914685
v 4.47818965 -0.18772616 0.24990114
v 4.47820968 -0.18772617 0.24987474
v 4.47935963 -0.18772617 0.25066456
v 4.47937960 -0.18772616 0.25063857
v 4.48050953 -0.18772617 0.25146326
v 4.48052961 -0.18772617 0.25143775
v 4.48163969 -0.18772616 0.25229605
v 4.48165960 -0.18772617 0.25227108
v 4.48272962 -0.18772617 0.25316253
v 4.48274965 -0.18772616 0.25313827
v 4.48379964 -0.18772617 0.25406202
v 4.48381967 -0.18772617 0.25403818
v 4.48483963 -0.18772616 0.25499352
v 4.48485965 -0.18772617 0.25497063
v 4.48584969 -0.18772617 0.25595673
v 4.48586959 -0.18772617 0.25593432
v 4.48682959 -0.18772616 0.25695046
v 4.48684961 -0.18772617 0.25692912
v 4.48777969 -0.18772617 0.25797459
v 4.48779959 -0.18772617 0.25795349
v 4.48868961 -0.18772616 0.25902768
v 4.48871959 -0.18772616 0.25900771
v 4.48956961 -0.18772616 0.26010962
v 4.48959965 -0.18772616 0.26009007
v 4.49041970 -0.18772617 0.26121928
v 4.49044962 -0.18772616 0.26120086
v 4.49123962 -0.18772616 0.26235648
v 4.49126966 -0.18772617 0.26233824
v 4.49201960 -0.18772617 0.26351960
v 4.49204965 -0.18772617 0.26350339
v 4.49276967 -0.18772617 0.26470895
v 4.49278970 -0.18772617 0.26469250
v 4.49346967 -0.18772616 0.26592119
v 4.49349959 -0.18772617 0.26590796
v 4.49414964 -0.18772616 0.26715692
v 4.49416967 -0.18772616 0.26714213
v 4.49477966 -0.18772617 0.26840861
v 4.49480970 -0.18772616 0.26839562
v 4.49536963 -0.18772617 0.26967861
v 4.49539967 -0.18772617 0.26966568
v 4.49591966 -0.18772617 0.27096375
v 4.49594970 -0.18772617 0.27095248
v 4.49642964 -0.18772617 0.27226491
v 4.49645968 -0.18772616 0.27225395
v 4.49688967 -0.18772616 0.27357955
v 4.49691959 -0.18772617 0.27357014
v 4.49731966 -0.18772617 0.27490820
v 4.49734970 -0.18772616 0.27489926
v 4.49770959 -0.18772617 0.27624835
v 4.49773963 -0.18772617 0.27624090
v 4.49804969 -0.18772617 0.27760060
v 4.49807962 -0.18772616 0.27759357
v 4.49834963 -0.18772616 0.27896233
v 4.49837967 -0.18772617 0.27895679
v 4.49860962 -0.18772617 0.28033407
v 4.49863966 -0.18772616 0.28032906
v 4.49882968 -0.18772617 0.28171350
v 4.49885960 -0.18772616 0.28170987
v 4.49899979 -0.18772617 0.28310086
v 4.49902960 -0.18772617 0.28309800
v 4.49912961 -0.18772617 0.28449412
v 4.49915965 -0.18772616 0.28449239
v 4.49921962 -0.18772617 0.28589316
v 4.49924966 -0.18772617 0.28589328
v 4.49925967 -0.18772617 0.28729625
v 4.49928959 -0.18772617 0.28729750
v 4.49925967 -0.18772617 0.28870125
v 4.49928960 -0.18772617 0.28870352
v 4.49921962 -0.18772617 0.29010452
v 4.49924966 -0.18772617 0.29010762
v 4.49912962 -0.18772617 0.29150440
v 4.49915966 -0.18772617 0.29150768
v 4.49899980 -0.18772617 0.29289790
v 4.49902960 -0.18772617 0.29290195
v 4.49882969 -0.18772617 0.29428501
v 4.49885961 -0.18772617 0.29429026
v 4.49860963 -0.18772617 0.29566480
v 4.49863967 -0.18772617 0.29567076
v 4.49834963 -0.18772617 0.29703613
v 4.49837967 -0.18772617 0.29704340
v 4.49804970 -0.18772617 0.29839833
v 4.49807963 -0.18772616 0.29840614
v 4.49770960 -0.18772617 0.29975005
v 4.49773964 -0.18772617 0.29975922
v 4.49731967 -0.18772616 0.30109073
v 4.49734971 -0.18772617 0.30110045
v 4.49688968 -0.18772617 0.30241884
v 4.49691960 -0.18772617 0.30242993
v 4.49642965 -0.18772616 0.30373414
v 4.49645969 -0.18772617 0.30374558
v 4.49591968 -0.18772617 0.30503471
v 4.49594972 -0.18772617 0.30504783
v 4.49536964 -0.18772617 0.30632068
v 4.49539969 -0.18772616 0.30633386
v 4.49477968 -0.18772617 0.30758973
v 4.49479971 -0.18772617 0.30760469
v 4.49414966 -0.18772616 0.30884238
v 4.49416968 -0.18772616 0.30885728
v 4.49347970 -0.18772617 0.31007572
v 4.49349961 -0.18772617 0.31009384
v 4.49276969 -0.18772617 0.31129028
v 4.49278972 -0.18772617 0.31130703
v 4.49201963 -0.18772617 0.31247862
v 4.49204967 -0.18772616 0.31249722
v 4.49123964 -0.18772616 0.31364282
v 4.49126968 -0.18772617 0.31366118
v 4.49041972 -0.18772617 0.31477954
v 4.49044964 -0.18772617 0.31479921
v 4.48956964 -0.18772616 0.31588944
v 4.48959968 -0.18772617 0.31590952
v 4.48868964 -0.18772617 0.31697108
v 4.48871968 -0.18772617 0.31699230
v 4.48777971 -0.18772617 0.31802460
v 4.48779962 -0.18772617 0.31804623
v 4.48682962 -0.18772617 0.31904819
v 4.48684964 -0.18772617 0.31907101
v 4.48584972 -0.18772617 0.32004233
v 4.48586962 -0.18772617 0.32006534
v 4.48483966 -0.18772617 0.32100519
v 4.48485968 -0.18772617 0.32102927
v 4.48379968 -0.18772617 0.32193693
v 4.48381970 -0.18772617 0.32196148
v 4.48272965 -0.18772617 0.32283624
v 4.48274968 -0.18772617 0.32286163
v 4.48163972 -0.18772617 0.32370289
v 4.48165963 -0.18772617 0.32372864
v 4.48051963 -0.18772617 0.32453557
v 4.48052965 -0.18772617 0.32456216
v 4.47935973 -0.18772617 0.32533416
v 4.47937963 -0.18772617 0.32536133
v 4.47818969 -0.18772617 0.32609745
v 4.47819970 -0.18772617 0.32612523
v 4.47698973 -0.18772617 0.32682475
v 4.47699974 -0.18772617 0.32685348
v 4.47575973 -0.18772617 0.32751461
v 4.47577963 -0.18772617 0.32754382
v 4.47451971 -0.18772617 0.32816574
v 4.47452973 -0.18772617 0.32819458
v 4.47325967 -0.18772617 0.32877597
v 4.47326968 -0.18772617 0.32880517
v 4.47197972 -0.18772617 0.32934603
v 4.47198961 -0.18772617 0.32937571
v 4.47068964 -0.18772617 0.32987544
v 4.47069965 -0.18772617 0.32990536
v 4.46937965 -0.18772617 0.33036396
v 4.46938966 -0.18772617 0.33039436
v 4.46805964 -0.18772617 0.33081147
v 4.46806966 -0.18772617 0.33084211
v 4.46671973 -0.18772617 0.33121762
v 4.46672962 -0.18772617 0.33124861
v 4.46537970 -0.18772617 0.33158204
v 4.46537970 -0.18772617 0.33161315
v 4.46401964 -0.18772617 0.33190462
v 4.46402965 -0.18772617 0.33193609
v 4.46264969 -0.18772617 0.33218512
v 4.46265970 -0.18772617 0.33221671
v 4.46127962 -0.18772617 0.33242306
v 4.46127962 -0.18772617 0.33245489
v 4.45988964 -0.18772617 0.33261845
v 4.45989965 -0.18772617 0.33265028
v 4.45849965 -0.18772617 0.33277080
v 4.45850967 -0.18772617 0.33280287
v 4.45710967 -0.18772617 0.33287999
v 4.45710967 -0.18772617 0.33291194
v 4.42956478 -0.18772641 0.25042896
v 4.43106217 -0.18769325 0.24948977
v 4.43232555 -0.18772537 0.24875950
v 4.43442137 -0.18769199 0.24763076
v 4.43480969 -0.18772624 0.24746804
v 4.42781682 -0.18769294 0.25164138
v 4.42291040 -0.18772510 0.25577747
v 4.42036505 -0.18772696 0.25848161
v 4.42113716 -0.18769420 0.25759100
v 4.41182180 -0.18772686 0.27321303
v 4.41244586 -0.18769424 0.27152758
v 4.41296692 -0.18772616 0.27027464
v 4.40943476 -0.18769308 0.28475570
v 4.40968712 -0.18772629 0.28215301
v 4.40933045 -0.18772612 0.28698635
v 4.40983691 -0.18769315 0.28122747
v 4.40943452 -0.18772608 0.29122853
v 4.40933057 -0.18769311 0.28901887
v 4.40983721 -0.18772616 0.29476297
v 4.40968629 -0.18769330 0.29385173
v 4.41060230 -0.18769308 0.29868591
v 4.41066203 -0.18772655 0.29898303
v 4.41187486 -0.18769396 0.30293744
v 4.41349253 -0.18772610 0.30690175
v 4.41439924 -0.18769326 0.30876451
v 4.41295931 -0.18769315 0.30571621
v 4.41217253 -0.18772602 0.30375880
v 4.41796634 -0.18772629 0.31452148
v 4.41673276 -0.18769184 0.31274276
v 4.41610703 -0.18772690 0.31176274
v 4.41867051 -0.18769324 0.31543677
v 4.42020951 -0.18772540 0.31733661
v 4.42043755 -0.18769392 0.31759977
v 4.42215655 -0.18772628 0.31945609
v 4.42296718 -0.18769265 0.32027583
v 4.42433153 -0.18772599 0.32153844
v 4.42521201 -0.18769276 0.32229470
v 4.42619489 -0.18772602 0.32310836
v 4.42766319 -0.18769379 0.32423501
v 4.42919121 -0.18772658 0.32531516
v 4.43115793 -0.18769382 0.32657968
v 4.43222128 -0.18772702 0.32718061
v 4.43505369 -0.18772620 0.32865892
v 4.43479048 -0.18769328 0.32852219
v 4.43808137 -0.18769279 0.32995687
v 4.43963836 -0.18772589 0.33053921
v 4.44201325 -0.18769315 0.33127056
v 4.44439994 -0.18772652 0.33187757
v 4.44613729 -0.18769299 0.33223496
v 4.44851290 -0.18772611 0.33260820
v 4.45100699 -0.18769326 0.33287356
v 4.45206915 -0.18772619 0.33291767
v 4.45429967 -0.18772617 0.33296773
v 4.45429967 -0.18769317 0.33296773
v 4.41477082 -0.18772629 0.30944406
v 4.41036077 -0.18769320 0.27841437
v 4.41060479 -0.18772608 0.27730453
v 4.41117151 -0.18769334 0.27521228
v 4.41349109 -0.18769314 0.26908904
v 4.41409595 -0.18772677 0.26784658
v 4.41454203 -0.18769362 0.26697772
v 4.41611679 -0.18769390 0.26423120
v 4.41561146 -0.18772662 0.26506942
v 4.41694005 -0.18772612 0.26295351
v 4.41799231 -0.18769331 0.26144772
v 4.41867454 -0.18772621 0.26055401
v 4.42459280 -0.18769290 0.25422799
v 4.42609436 -0.18772590 0.25296020
v 4.43964249 -0.18769289 0.24545847
v 4.43873054 -0.18772601 0.24578463
v 4.44437152 -0.18769342 0.24412732
v 4.44340545 -0.18772639 0.24435840
v 4.44920546 -0.18769319 0.24329493
v 4.44676191 -0.18772639 0.24366425
v 4.45027679 -0.18772619 0.24319778
v 4.45429939 -0.18769320 0.24301425
v 4.45429939 -0.18772604 0.24302087
v 4.42176972 -0.18769317 0.31904822
v 4.42174969 -0.18769317 0.31906932
v 4.42079971 -0.18769317 0.31804203
v 4.41898961 -0.18769317 0.26009851
v 4.41817958 -0.18769317 0.26121932
v 4.41813965 -0.18769316 0.26121014
v 4.41654966 -0.18769317 0.31248962
v 4.41579971 -0.18769317 0.31130373
v 4.41657970 -0.18769317 0.31247866
v 4.41582963 -0.18769317 0.31129032
v 4.41509972 -0.18769317 0.31009507
v 4.41444967 -0.18769317 0.30884242
v 4.41442964 -0.18769317 0.30886512
v 4.41379962 -0.18769317 0.30761522
v 4.41265962 -0.18769317 0.30505913
v 4.41214964 -0.18769317 0.30375593
v 4.41267965 -0.18769317 0.30503475
v 4.41051969 -0.18769317 0.29840284
v 4.41021964 -0.18769317 0.29703623
v 4.41054961 -0.18769317 0.29839843
v 4.41124961 -0.18769317 0.30110466
v 4.41085967 -0.18769317 0.29975956
v 4.41127965 -0.18769317 0.30109083
v 4.40976962 -0.18769317 0.29428506
v 4.40973970 -0.18769317 0.29427778
v 4.40956971 -0.18769317 0.29288894
v 4.40995964 -0.18769317 0.29566085
v 4.41024968 -0.18769317 0.29703623
v 4.40937969 -0.18769317 0.29010463
v 4.40934965 -0.18769317 0.29009825
v 4.40930971 -0.18769317 0.28869933
v 4.40943965 -0.18769317 0.29149538
v 4.40959963 -0.18769317 0.29289800
v 4.45429963 -0.18769317 0.24299965
v 4.45288956 -0.18769316 0.24305377
v 4.45289964 -0.18769317 0.24302170
v 4.40933963 -0.18769317 0.28870135
v 4.40930971 -0.18769317 0.28729969
v 4.45010966 -0.18769317 0.24319551
v 4.45149964 -0.18769317 0.24308691
v 4.45009965 -0.18769317 0.24322841
v 4.40973969 -0.18769316 0.28172087
v 4.40959962 -0.18769317 0.28310096
v 4.40956970 -0.18769317 0.28310990
v 4.44732958 -0.18769317 0.24354301
v 4.44594962 -0.18769317 0.24381421
v 4.44594962 -0.18769317 0.24378131
v 4.41021963 -0.18769317 0.27896285
v 4.41051968 -0.18769316 0.27759605
v 4.41024967 -0.18769316 0.27896243
v 4.44187957 -0.18769317 0.24478166
v 4.44186968 -0.18769317 0.24475156
v 4.44321961 -0.18769317 0.24438564
v 4.41167970 -0.18769316 0.27356165
v 4.41127964 -0.18769317 0.27490824
v 4.41124960 -0.18769316 0.27489435
v 4.43788964 -0.18769317 0.24609815
v 4.43919963 -0.18769316 0.24560820
v 4.43790967 -0.18769317 0.24612378
v 4.41320963 -0.18769317 0.26965302
v 4.41267963 -0.18769317 0.27096384
v 4.41265960 -0.18769317 0.27093994
v 4.43281967 -0.18769316 0.24845802
v 4.43160958 -0.18769317 0.24917351
v 4.43159968 -0.18769317 0.24914514
v 4.43405968 -0.18769317 0.24780922
v 4.43531961 -0.18769317 0.24719922
v 4.43407959 -0.18769317 0.24783342
v 4.42174966 -0.18769316 0.25693016
v 4.42272968 -0.18769317 0.25593262
v 4.42176969 -0.18769316 0.25695055
v 4.42695958 -0.18769317 0.25229614
v 4.42694963 -0.18769317 0.25226264
v 4.42807967 -0.18769317 0.25142943
v 4.41987957 -0.18769316 0.25901394
v 4.41902966 -0.18769316 0.26010972
v 4.43039960 -0.18769316 0.24986993
v 4.42923952 -0.18769317 0.25066464
v 4.42922968 -0.18769316 0.25063156
v 4.42584962 -0.18769317 0.25313037
v 4.42479963 -0.18769316 0.25406205
v 4.42477960 -0.18769316 0.25403195
v 4.43040962 -0.18769317 0.24990122
v 4.41579969 -0.18769317 0.26469564
v 4.41512962 -0.18769316 0.26592123
v 4.41509969 -0.18769317 0.26590395
v 4.42808963 -0.18769317 0.25146334
v 4.41442968 -0.18769316 0.26713395
v 4.41381963 -0.18769316 0.26840865
v 4.41379960 -0.18769316 0.26838415
v 4.42375965 -0.18769317 0.25499361
v 4.42373962 -0.18769317 0.25496631
v 4.41657968 -0.18769317 0.26351964
v 4.41654964 -0.18769317 0.26350975
v 4.41732962 -0.18769316 0.26234733
v 4.41735966 -0.18769317 0.26235651
v 4.42274959 -0.18769317 0.25595682
v 4.42081959 -0.18769317 0.25797462
v 4.42079968 -0.18769317 0.25795763
v 4.41990967 -0.18769317 0.25902771
v 4.42586965 -0.18769317 0.25316261
v 4.41582961 -0.18769317 0.26470905
v 4.43283958 -0.18769317 0.24848370
v 4.43661958 -0.18769316 0.24665307
v 4.43659968 -0.18769317 0.24662875
v 4.43533963 -0.18769316 0.24722324
v 4.44052965 -0.18769317 0.24515913
v 4.43921972 -0.18769317 0.24563514
v 4.41444965 -0.18769316 0.26715695
v 4.41322966 -0.18769317 0.26967865
v 4.41214963 -0.18769317 0.27224326
v 4.41216965 -0.18769317 0.27226501
v 4.44053966 -0.18769317 0.24518774
v 4.44321961 -0.18769317 0.24441717
v 4.44457966 -0.18769317 0.24406205
v 4.41170962 -0.18769316 0.27357965
v 4.41088970 -0.18769317 0.27624845
v 4.41085966 -0.18769317 0.27623957
v 4.44457960 -0.18769316 0.24409447
v 4.44871968 -0.18769317 0.24334762
v 4.44731969 -0.18769316 0.24357609
v 4.41054960 -0.18769317 0.27760064
v 4.40998968 -0.18769317 0.28033411
v 4.40995964 -0.18769317 0.28033817
v 4.44870967 -0.18769317 0.24338088
v 4.45148963 -0.18769317 0.24311934
v 4.40976962 -0.18769317 0.28171360
v 4.45429963 -0.18769317 0.24303172
v 4.40946969 -0.18769317 0.28449422
v 4.40943965 -0.18769317 0.28450352
v 4.45569963 -0.18769316 0.24302129
v 4.40937968 -0.18769317 0.28589326
v 4.40934964 -0.18769317 0.28590047
v 4.40946969 -0.18769317 0.29150450
v 4.40998968 -0.18769317 0.29566484
v 4.41088972 -0.18769317 0.29975015
v 4.41170964 -0.18769317 0.30241894
v 4.41167972 -0.18769317 0.30243712
v 4.41216967 -0.18769317 0.30373424
v 4.41320965 -0.18769317 0.30634593
v 4.41322968 -0.18769317 0.30632072
v 4.41381964 -0.18769317 0.30758976
v 4.41511962 -0.18769317 0.31007575
v 4.41735969 -0.18769317 0.31364285
v 4.41732965 -0.18769317 0.31365191
v 4.41817961 -0.18769317 0.31477951
v 4.41813967 -0.18769317 0.31478953
v 4.41898964 -0.18769317 0.31590091
v 4.41902969 -0.18769317 0.31588953
v 4.42081962 -0.18769317 0.31802463
v 4.41987965 -0.18769317 0.31698542
v 4.41990969 -0.18769317 0.31697112
v 4.42274962 -0.18769317 0.32004236
v 4.42272971 -0.18769317 0.32006662
v 4.42373965 -0.18769317 0.32103311
v 4.42375968 -0.18769317 0.32100522
v 4.42479966 -0.18769317 0.32193701
v 4.42477963 -0.18769317 0.32196735
v 4.42586968 -0.18769317 0.32283633
v 4.42584966 -0.18769317 0.32286881
v 4.42694972 -0.18769317 0.32373672
v 4.42695962 -0.18769317 0.32370292
v 4.42807971 -0.18769317 0.32453566
v 4.42807971 -0.18769317 0.32456981
v 4.42923961 -0.18769317 0.32533424
v 4.42922972 -0.18769317 0.32536774
v 4.43039964 -0.18769317 0.32612942
v 4.43040965 -0.18769317 0.32609753
v 4.43160961 -0.18769317 0.32682483
v 4.43159972 -0.18769317 0.32685416
v 4.43283961 -0.18769317 0.32751463
v 4.43281971 -0.18769317 0.32754134
v 4.43405972 -0.18769317 0.32819043
v 4.43407963 -0.18769317 0.32816575
v 4.43531965 -0.18769317 0.32880042
v 4.43533967 -0.18769317 0.32877605
v 4.43661962 -0.18769317 0.32934604
v 4.43659972 -0.18769317 0.32937096
v 4.43790971 -0.18769317 0.32987545
v 4.43788968 -0.18769317 0.32990168
v 4.43919967 -0.18769317 0.33039175
v 4.43921970 -0.18769317 0.33036397
v 4.44053970 -0.18769317 0.33081148
v 4.44052969 -0.18769317 0.33084081
v 4.44187961 -0.18769317 0.33121763
v 4.44186972 -0.18769317 0.33124838
v 4.44321965 -0.18769317 0.33161388
v 4.44321965 -0.18769317 0.33158205
v 4.44457971 -0.18769317 0.33190463
v 4.44457971 -0.18769317 0.33193741
v 4.44594966 -0.18769317 0.33218513
v 4.44594966 -0.18769317 0.33221863
v 4.44731973 -0.18769317 0.33242307
v 4.44732963 -0.18769317 0.33245681
v 4.44871972 -0.18769317 0.33265207
v 4.44870971 -0.18769317 0.33261845
v 4.45009969 -0.18769317 0.33277080
v 4.45010971 -0.18769317 0.33280394
v 4.45148967 -0.18769317 0.33288000
v 4.45149969 -0.18769317 0.33291266
v 4.45289968 -0.18769317 0.33297811
v 4.45288967 -0.18769317 0.33294556
v 4.40933963 -0.18769317 0.28729635
v 4.45429967 -0.18769317 0.33296773
v 4.45429967 -0.18769317 0.33299968
v 4.45570968 -0.18769317 0.33294556
v 4.45569967 -0.18769317 0.33297775
v 4.45710967 -0.18769317 0.33287999
v 4.45709966 -0.18769317 0.33291254
v 4.45849965 -0.18769317 0.33277104
v 4.45848964 -0.18769317 0.33280394
v 4.45988964 -0.18769317 0.33261845
v 4.45987962 -0.18769317 0.33265183
v 4.46127962 -0.18769317 0.33242330
v 4.46126972 -0.18769317 0.33245644
v 4.46264969 -0.18769317 0.33218524
v 4.46264969 -0.18769317 0.33221814
v 4.46401964 -0.18769317 0.33190486
v 4.46401964 -0.18769317 0.33193728
v 4.46537970 -0.18769317 0.33158216
v 4.46537970 -0.18769317 0.33161375
v 4.46671973 -0.18769317 0.33121774
v 4.46672962 -0.18769317 0.33124790
v 4.46805964 -0.18769317 0.33081171
v 4.46806966 -0.18769317 0.33084032
v 4.46937965 -0.18769317 0.33036431
v 4.46939967 -0.18769317 0.33039114
v 4.47068964 -0.18769317 0.32987556
v 4.47070966 -0.18769317 0.32990119
v 4.47197972 -0.18769317 0.32934627
v 4.47199963 -0.18769317 0.32937070
v 4.47325967 -0.18769317 0.32877621
v 4.47327970 -0.18769317 0.32880017
v 4.47451971 -0.18769317 0.32816597
v 4.47453962 -0.18769317 0.32819017
v 4.47575973 -0.18769317 0.32751569
v 4.47577963 -0.18769317 0.32754144
v 4.47698973 -0.18769317 0.32682594
v 4.47699974 -0.18769317 0.32685431
v 4.47818969 -0.18769317 0.32609817
v 4.47819970 -0.18769317 0.32612952
v 4.47935973 -0.18769317 0.32533475
v 4.47936962 -0.18769317 0.32536789
v 4.48050962 -0.18769317 0.32453605
v 4.48051963 -0.18769317 0.32457002
v 4.48163972 -0.18769317 0.32370325
v 4.48164962 -0.18769317 0.32373675
v 4.48272965 -0.18769317 0.32283684
v 4.48273967 -0.18769317 0.32286902
v 4.48379968 -0.18769317 0.32193740
v 4.48381970 -0.18769317 0.32196744
v 4.48483966 -0.18769317 0.32100578
v 4.48485968 -0.18769317 0.32103308
v 4.48584972 -0.18769317 0.32004257
v 4.48586962 -0.18769317 0.32006677
v 4.48682962 -0.18769317 0.31904890
v 4.48684964 -0.18769317 0.31906929
v 4.48777971 -0.18769317 0.31802483
v 4.48779962 -0.18769317 0.31804182
v 4.48868964 -0.18769317 0.31697168
v 4.48871968 -0.18769317 0.31698551
v 4.48956964 -0.18769317 0.31588968
v 4.48960969 -0.18769317 0.31590088
v 4.49041972 -0.18769317 0.31478013
v 4.49045966 -0.18769317 0.31478925
v 4.49123964 -0.18769317 0.31364288
v 4.49126968 -0.18769317 0.31365212
v 4.49201963 -0.18769317 0.31247981
v 4.49204967 -0.18769317 0.31248971
v 4.49276969 -0.18769317 0.31129034
v 4.49279961 -0.18769317 0.31130381
v 4.49346969 -0.18769317 0.31007822
v 4.49349961 -0.18769317 0.31009551
v 4.49414966 -0.18769317 0.30884250
v 4.49416968 -0.18769317 0.30886550
v 4.49477968 -0.18769317 0.30759080
v 4.49479971 -0.18769317 0.30761524
v 4.49536964 -0.18769317 0.30632080
v 4.49538967 -0.18769317 0.30634643
v 4.49591968 -0.18769317 0.30503555
v 4.49593970 -0.18769317 0.30505951
v 4.49642965 -0.18769317 0.30373438
v 4.49644968 -0.18769317 0.30375619
v 4.49688968 -0.18769317 0.30241974
v 4.49691960 -0.18769317 0.30243774
v 4.49731967 -0.18769317 0.30109115
v 4.49734971 -0.18769317 0.30110504
v 4.49770960 -0.18769317 0.29975094
v 4.49773964 -0.18769317 0.29975982
v 4.49804970 -0.18769317 0.29839875
v 4.49807963 -0.18769317 0.29840334
v 4.49834963 -0.18769317 0.29703696
v 4.49837967 -0.18769317 0.29703654
v 4.49860963 -0.18769317 0.29566528
v 4.49863967 -0.18769317 0.29566123
v 4.49882969 -0.18769317 0.29428579
v 4.49885961 -0.18769317 0.29427852
v 4.49899980 -0.18769317 0.29289843
v 4.49902960 -0.18769317 0.29288949
v 4.49912962 -0.18769317 0.29150517
v 4.49915966 -0.18769317 0.29149587
v 4.49921962 -0.18769317 0.29010613
v 4.49924966 -0.18769317 0.29009892
v 4.49925967 -0.18769317 0.28870304
v 4.49928960 -0.18769317 0.28869970
v 4.49925967 -0.18769317 0.28729804
v 4.49928959 -0.18769317 0.28730007
v 4.49921962 -0.18769317 0.28589477
v 4.49924966 -0.18769317 0.28590114
v 4.49912961 -0.18769317 0.28449495
v 4.49915965 -0.18769317 0.28450407
v 4.49899979 -0.18769317 0.28310145
v 4.49902960 -0.18769317 0.28311045
v 4.49882968 -0.18769316 0.28171434
v 4.49885960 -0.18769317 0.28172161
v 4.49860962 -0.18769317 0.28033455
v 4.49863966 -0.18769316 0.28033854
v 4.49834963 -0.18769317 0.27896322
v 4.49837967 -0.18769317 0.27896316
v 4.49804969 -0.18769317 0.27760096
v 4.49807956 -0.18769317 0.27759661
v 4.49770959 -0.18769317 0.27624925
v 4.49773963 -0.18769317 0.27623989
v 4.49731966 -0.18769317 0.27490856
v 4.49734970 -0.18769317 0.27489473
v 4.49688973 -0.18769316 0.27358045
v 4.49691959 -0.18769316 0.27356227
v 4.49642964 -0.18769317 0.27226515
v 4.49644966 -0.18769317 0.27224352
v 4.49591966 -0.18769316 0.27096470
v 4.49593969 -0.18769317 0.27094026
v 4.49536963 -0.18769316 0.26967867
v 4.49538965 -0.18769316 0.26965352
v 4.49477966 -0.18769316 0.26840969
v 4.49479969 -0.18769317 0.26838418
v 4.49414964 -0.18769317 0.26715692
v 4.49416967 -0.18769317 0.26713433
v 4.49347968 -0.18769317 0.26592370
v 4.49349959 -0.18769316 0.26590439
v 4.49276967 -0.18769317 0.26470913
v 4.49279959 -0.18769317 0.26469572
v 4.49201960 -0.18769317 0.26352080
v 4.49204965 -0.18769317 0.26350983
v 4.49123962 -0.18769317 0.26235660
v 4.49126966 -0.18769317 0.26234742
v 4.49041970 -0.18769317 0.26121982
v 4.49045963 -0.18769316 0.26120992
v 4.48956961 -0.18769317 0.26010986
v 4.48960967 -0.18769317 0.26009842
v 4.48868961 -0.18769317 0.25902834
v 4.48871965 -0.18769317 0.25901397
v 4.48777969 -0.18769317 0.25797482
v 4.48779959 -0.18769316 0.25795742
v 4.48682959 -0.18769316 0.25695117
v 4.48684961 -0.18769316 0.25693007
v 4.48584969 -0.18769316 0.25595709
v 4.48586959 -0.18769317 0.25593283
v 4.48483963 -0.18769317 0.25499424
v 4.48485965 -0.18769317 0.25496622
v 4.48379964 -0.18769317 0.25406244
v 4.48381967 -0.18769317 0.25403210
v 4.48272962 -0.18769317 0.25316312
v 4.48274965 -0.18769317 0.25313064
v 4.48163969 -0.18769317 0.25229653
v 4.48164958 -0.18769316 0.25226268
v 4.48051960 -0.18769317 0.25146380
v 4.48051960 -0.18769317 0.25142952
v 4.47935969 -0.18769317 0.25066515
v 4.47936959 -0.18769317 0.25063166
v 4.47818965 -0.18769317 0.24990186
v 4.47819967 -0.18769317 0.24987003
v 4.47698969 -0.18769316 0.24917456
v 4.47699970 -0.18769317 0.24914530
v 4.47575969 -0.18769317 0.24848482
v 4.47577960 -0.18769317 0.24845811
v 4.47451967 -0.18769316 0.24783370
v 4.47453964 -0.18769317 0.24780902
v 4.47325963 -0.18769317 0.24722341
v 4.47327966 -0.18769317 0.24719903
v 4.47197968 -0.18769317 0.24665329
v 4.47199959 -0.18769317 0.24662837
v 4.47068960 -0.18769316 0.24612388
v 4.47070963 -0.18769316 0.24609765
v 4.46937961 -0.18769317 0.24563536
v 4.46939963 -0.18769317 0.24560770
v 4.46805960 -0.18769316 0.24518785
v 4.46806962 -0.18769317 0.24515864
v 4.46671975 -0.18769316 0.24478176
v 4.46672958 -0.18769316 0.24475095
v 4.46537966 -0.18769317 0.24441728
v 4.46537966 -0.18769317 0.24438545
v 4.46401960 -0.18769317 0.24409482
v 4.46401960 -0.18769316 0.24406198
v 4.46264965 -0.18769317 0.24381432
v 4.46264971 -0.18769316 0.24378077
v 4.46127957 -0.18769317 0.24357626
v 4.46126968 -0.18769317 0.24354265
v 4.45988959 -0.18769317 0.24338088
v 4.45987958 -0.18769317 0.24334732
v 4.45849961 -0.18769317 0.24322865
v 4.45848960 -0.18769317 0.24319551
v 4.45710963 -0.18769317 0.24311934
v 4.45709962 -0.18769317 0.24308667
v 4.45570958 -0.18769316 0.24305377
v 4.48808963 -0.18510917 0.25863852
v 4.42546962 -0.18510917 0.32224106
v 4.48898966 -0.18510917 0.25970330
v 4.47747968 -0.18510917 0.32629308
v 4.49222967 -0.18510917 0.31177230
v 4.49294970 -0.18510917 0.31058128
v 4.49146969 -0.18510917 0.26305850
v 4.49067969 -0.18510917 0.26191469
v 4.42877970 -0.18510917 0.32477884
v 4.42441962 -0.18510917 0.32132762
v 4.43111966 -0.18510917 0.32629405
v 4.49294968 -0.18510917 0.26541777
v 4.49222965 -0.18510918 0.26422663
v 4.42993973 -0.18510917 0.32555454
v 4.49488969 -0.18510917 0.26911719
v 4.49427970 -0.18510917 0.26786419
v 4.43478964 -0.18510917 0.32828735
v 4.49362965 -0.18510917 0.26663049
v 4.43231962 -0.18510917 0.32699631
v 4.43353973 -0.18510917 0.32766084
v 4.43862973 -0.18510917 0.32993041
v 4.43993972 -0.18510917 0.33039747
v 4.49646969 -0.18510918 0.27298095
v 4.43604968 -0.18510917 0.32887469
v 4.43732963 -0.18510917 0.32942258
v 4.49544962 -0.18510918 0.27038832
v 4.44394968 -0.18510917 0.33155106
v 4.49768968 -0.18510917 0.27697559
v 4.44259964 -0.18510917 0.33120833
v 4.49691959 -0.18510917 0.27429958
v 4.49851962 -0.18510917 0.28106590
v 4.44804965 -0.18510917 0.33232603
v 4.49871965 -0.18510917 0.28244455
v 4.49800964 -0.18510917 0.27833016
v 4.44530962 -0.18510917 0.33185194
v 4.49886962 -0.18510917 0.28382887
v 4.45081972 -0.18510917 0.33262847
v 4.49897965 -0.18510918 0.28521659
v 4.44943963 -0.18510917 0.33249877
v 4.45499979 -0.18510917 0.33275828
v 4.49903961 -0.18510917 0.28939195
v 4.49905964 -0.18510917 0.28799965
v 4.45359968 -0.18510917 0.33275828
v 4.49903961 -0.18510917 0.28660734
v 4.45220970 -0.18510917 0.33271501
v 4.49871966 -0.18510917 0.29355414
v 4.49886962 -0.18510917 0.29217042
v 4.45915972 -0.18510917 0.33249852
v 4.49897965 -0.18510917 0.29078217
v 4.45638965 -0.18510917 0.33271489
v 4.45777963 -0.18510917 0.33262834
v 4.49828967 -0.18510917 0.29630484
v 4.46328972 -0.18510917 0.33185157
v 4.49800965 -0.18510917 0.29766859
v 4.46054970 -0.18510917 0.33232567
v 4.46191965 -0.18510917 0.33210990
v 4.49851963 -0.18510917 0.29493280
v 4.46733962 -0.18510917 0.33082303
v 4.49691960 -0.18510917 0.30169882
v 4.49731967 -0.18510917 0.30036707
v 4.46599983 -0.18510917 0.33120784
v 4.49768969 -0.18510917 0.29902323
v 4.46464966 -0.18510917 0.33155105
v 4.49544963 -0.18510917 0.30561008
v 4.47126971 -0.18510917 0.32942173
v 4.47254966 -0.18510917 0.32887396
v 4.49597964 -0.18510917 0.30432172
v 4.49646971 -0.18510917 0.30301763
v 4.46865962 -0.18510917 0.33039674
v 4.47627972 -0.18510917 0.32699581
v 4.49362967 -0.18510917 0.30936821
v 4.47505961 -0.18510917 0.32766053
v 4.47380970 -0.18510917 0.32828673
v 4.49488971 -0.18510917 0.30688162
v 4.47981964 -0.18510917 0.32477769
v 4.48094962 -0.18510917 0.32396623
v 4.49146972 -0.18510917 0.31294032
v 4.49067972 -0.18510917 0.31408449
v 4.48520968 -0.18510917 0.32038125
v 4.48984966 -0.18510917 0.31520309
v 4.48898969 -0.18510917 0.31629552
v 4.48808966 -0.18510917 0.31736072
v 4.48312972 -0.18510917 0.32223984
v 4.48619971 -0.18510917 0.31940432
v 4.48715971 -0.18510917 0.31839712
v 4.48417971 -0.18510917 0.32132646
v 4.48204968 -0.18510917 0.32312008
v 4.47865961 -0.18510917 0.32555362
v 4.49427971 -0.18510917 0.30813457
v 4.46996961 -0.18510917 0.32992944
v 4.44667970 -0.18510917 0.33211026
v 4.49828966 -0.18510918 0.27969416
v 4.49731966 -0.18510917 0.27563180
v 4.44125973 -0.18510917 0.33082364
v 4.49597962 -0.18510917 0.27167686
v 4.48984970 -0.18510917 0.26079585
v 4.42764972 -0.18510917 0.32396744
v 4.42653964 -0.18510917 0.32312106
v 4.48715968 -0.18510918 0.25760158
v 4.48619969 -0.18510917 0.25659432
v 4.42338965 -0.18510917 0.32038181
v 4.42239962 -0.18510917 0.31940513
v 4.48520965 -0.18510918 0.25561758
v 4.42143963 -0.18510917 0.31839781
v 4.48417968 -0.18510917 0.25467178
v 4.48312969 -0.18510917 0.25375839
v 4.42050967 -0.18510917 0.31736093
v 4.48205966 -0.18510917 0.25287839
v 4.41960964 -0.18510917 0.31629615
v 4.41874967 -0.18510917 0.31520354
v 4.48094959 -0.18510917 0.25203201
v 4.47981960 -0.18510917 0.25122061
v 4.41791961 -0.18510917 0.31408476
v 4.47865958 -0.18510918 0.25044485
v 4.41712961 -0.18510917 0.31294095
v 4.41636965 -0.18510917 0.31177276
v 4.47747964 -0.18510918 0.24970540
v 4.47627968 -0.18510917 0.24900314
v 4.41564963 -0.18510917 0.31058162
v 4.47505957 -0.18510917 0.24833855
v 4.41496966 -0.18510917 0.30936896
v 4.41431961 -0.18510917 0.30813527
v 4.47380966 -0.18510918 0.24771210
v 4.41370961 -0.18510917 0.30688226
v 4.47254962 -0.18510917 0.24712470
v 4.41314969 -0.18510917 0.30561107
v 4.41261968 -0.18510917 0.30432254
v 4.47126967 -0.18510917 0.24657682
v 4.46996957 -0.18510917 0.24606904
v 4.41212961 -0.18510917 0.30301845
v 4.46865952 -0.18510917 0.24560192
v 4.41167972 -0.18510917 0.30169981
v 4.41127965 -0.18510917 0.30036765
v 4.46733958 -0.18510917 0.24517575
v 4.46599979 -0.18510917 0.24479112
v 4.41090962 -0.18510917 0.29902386
v 4.46464962 -0.18510917 0.24444828
v 4.41058966 -0.18510917 0.29766929
v 4.41030964 -0.18510917 0.29630524
v 4.46328968 -0.18510917 0.24414745
v 4.46191955 -0.18510917 0.24388907
v 4.41007969 -0.18510917 0.29493355
v 4.46054966 -0.18510918 0.24367342
v 4.40987965 -0.18510917 0.29355484
v 4.40972969 -0.18510917 0.29217058
v 4.45915967 -0.18510917 0.24350057
v 4.45777959 -0.18510917 0.24337087
v 4.40961966 -0.18510917 0.29078281
v 4.45638961 -0.18510917 0.24328444
v 4.40955969 -0.18510917 0.28939211
v 4.40953966 -0.18510917 0.28799975
v 4.45499975 -0.18510918 0.24324111
v 4.40955969 -0.18510917 0.28660744
v 4.45359963 -0.18510918 0.24324111
v 4.45220965 -0.18510917 0.24328444
v 4.44943959 -0.18510917 0.24350093
v 4.44804961 -0.18510917 0.24367366
v 4.40987965 -0.18510917 0.28244525
v 4.40972968 -0.18510917 0.28382897
v 4.45081967 -0.18510918 0.24337111
v 4.44394964 -0.18510917 0.24444835
v 4.41058966 -0.18510917 0.27833080
v 4.44530958 -0.18510917 0.24414776
v 4.41030963 -0.18510917 0.27969455
v 4.41007968 -0.18510917 0.28106659
v 4.44667965 -0.18510917 0.24388955
v 4.41167970 -0.18510917 0.27430057
v 4.44125969 -0.18510917 0.24517642
v 4.43993968 -0.18510917 0.24560265
v 4.41090961 -0.18510917 0.27697617
v 4.44259960 -0.18510917 0.24479149
v 4.41127964 -0.18510917 0.27563232
v 4.43732959 -0.18510918 0.24657761
v 4.43604964 -0.18510917 0.24712543
v 4.41314967 -0.18510918 0.27038931
v 4.41212960 -0.18510918 0.27298176
v 4.43862969 -0.18510917 0.24606995
v 4.42877967 -0.18510917 0.25122171
v 4.41636963 -0.18510917 0.26422715
v 4.43231959 -0.18510918 0.24900364
v 4.41370960 -0.18510918 0.26911783
v 4.43478960 -0.18510917 0.24771266
v 4.41496964 -0.18510917 0.26663124
v 4.41791959 -0.18510918 0.26191496
v 4.43353969 -0.18510918 0.24833881
v 4.42654962 -0.18510917 0.25287931
v 4.42441959 -0.18510917 0.25467294
v 4.41960962 -0.18510918 0.25970393
v 4.43111963 -0.18510917 0.24970632
v 4.42993969 -0.18510917 0.25044583
v 4.42546959 -0.18510918 0.25375955
v 4.42764968 -0.18510918 0.25203322
v 4.42239959 -0.18510918 0.25659513
v 4.42143960 -0.18510918 0.25760233
v 4.42338962 -0.18510917 0.25561815
v 4.42050965 -0.18510918 0.25863873
v 4.41874964 -0.18510917 0.26079636
v 4.41712959 -0.18510917 0.26305901
v 4.41564961 -0.18510917 0.26541817
v 4.41431959 -0.18510917 0.26786482
v 4.41261967 -0.18510917 0.27167767
v 4.40961965 -0.18510918 0.28521722
v 4.45429967 -0.18769317 0.33299968
v 4.45429967 -0.18665917 0.33299968
v 4.45101486 -0.18665917 0.33290622
v 4.44235657 -0.18769317 0.33141265
v 4.44651340 -0.18769317 0.33232639
v 4.44273756 -0.18665917 0.33151577
v 4.43809377 -0.18665917 0.32999609
v 4.43362330 -0.18665917 0.32799737
v 4.42944525 -0.18665917 0.32552873
v 4.43210397 -0.18769317 0.32714973
v 4.42515777 -0.18769317 0.32232856
v 4.42914699 -0.18769317 0.32532875
v 4.42546199 -0.18665917 0.32258468
v 4.42140589 -0.18665917 0.31874233
v 4.41652904 -0.18665917 0.31248491
v 4.41413567 -0.18665917 0.30835032
v 4.41632388 -0.18769317 0.31216806
v 4.41000005 -0.18769317 0.29604226
v 4.40965625 -0.18665917 0.29384541
v 4.40940174 -0.18769317 0.29118824
v 4.40930065 -0.18665917 0.28901267
v 4.40930065 -0.18769317 0.28698629
v 4.40965625 -0.18769317 0.28215289
v 4.40940174 -0.18665917 0.28481048
v 4.40989431 -0.18665917 0.28063309
v 4.41057714 -0.18769317 0.27729106
v 4.41195841 -0.18769317 0.27268779
v 4.41095873 -0.18665917 0.27578491
v 4.41397233 -0.18665917 0.26797288
v 4.41235216 -0.18665916 0.27169764
v 4.41653271 -0.18769317 0.26350867
v 4.41632683 -0.18665917 0.26382672
v 4.41848500 -0.18665916 0.26073998
v 4.41863508 -0.18769317 0.26054376
v 4.42113853 -0.18665916 0.25754606
v 4.42140884 -0.18769316 0.25725400
v 4.42516000 -0.18665917 0.25366878
v 4.42546219 -0.18769317 0.25341438
v 4.42914445 -0.18665917 0.25067221
v 4.42944235 -0.18769316 0.25047247
v 4.43210406 -0.18665917 0.24884950
v 4.43362016 -0.18769317 0.24800371
v 4.43512840 -0.18665917 0.24727367
v 4.43809325 -0.18769317 0.24600409
v 4.43842620 -0.18665917 0.24588619
v 4.44236547 -0.18665917 0.24458454
v 4.44274778 -0.18769317 0.24448107
v 4.44651908 -0.18665917 0.24367247
v 4.44676274 -0.18769317 0.24363039
v 4.45061440 -0.18665917 0.24312446
v 4.45100457 -0.18769317 0.24309407
v 4.45429963 -0.18665917 0.24299965
v 4.45429963 -0.18769317 0.24299965
v 4.41413756 -0.18769317 0.26764500
v 4.41057727 -0.18665917 0.29870867
v 4.41114971 -0.18769317 0.30082684
v 4.41195926 -0.18665917 0.30331355
v 4.41235146 -0.18769317 0.30429965
v 4.41397152 -0.18769317 0.30802452
v 4.41848228 -0.18769317 0.31525605
v 4.41863237 -0.18665917 0.31545233
v 4.42113767 -0.18769317 0.31845247
v 4.43512414 -0.18769317 0.32872401
v 4.43842433 -0.18769317 0.33011304
v 4.44675706 -0.18665917 0.33236847
v 4.45062040 -0.18769317 0.33287547
v 4.45759486 -0.18769317 0.33290527
v 4.45429967 -0.18665917 0.33299968
v 4.45429967 -0.18769317 0.33299968
v 4.46208046 -0.18665917 0.33232686
v 4.46585153 -0.18769317 0.33151826
v 4.46623383 -0.18665917 0.33141479
v 4.47050606 -0.18769317 0.32999536
v 4.47915755 -0.18769317 0.32552656
v 4.47649727 -0.18665917 0.32714888
v 4.47497926 -0.18769317 0.32799562
v 4.47945533 -0.18665917 0.32532688
v 4.48193846 -0.18769317 0.32351776
v 4.48350153 -0.18665917 0.32227345
v 4.48719058 -0.18769317 0.31874539
v 4.48419938 -0.18769317 0.32164081
v 4.49206648 -0.18769317 0.31249090
v 4.49446163 -0.18769317 0.30835481
v 4.49227259 -0.18665916 0.31217273
v 4.49677488 -0.18665917 0.30293615
v 4.49802229 -0.18769317 0.29870822
v 4.49810681 -0.18665917 0.29835148
v 4.49919769 -0.18665917 0.29118873
v 4.49894306 -0.18769317 0.29384638
v 4.49929877 -0.18769317 0.28901310
v 4.49879583 -0.18665917 0.29474427
v 4.49919756 -0.18769317 0.28481068
v 4.49929877 -0.18665917 0.28698696
v 4.49859943 -0.18769317 0.27995779
v 4.49894305 -0.18665917 0.28215332
v 4.49802216 -0.18665917 0.27729084
v 4.49744947 -0.18769317 0.27517195
v 4.49664040 -0.18665917 0.27268668
v 4.49462743 -0.18769316 0.26797410
v 4.49624820 -0.18769317 0.27170058
v 4.49207015 -0.18665917 0.26351424
v 4.49227555 -0.18769316 0.26383134
v 4.49011714 -0.18769317 0.26074346
v 4.48996765 -0.18665917 0.26054802
v 4.48746175 -0.18769316 0.25754698
v 4.48344154 -0.18769317 0.25367089
v 4.48313720 -0.18665916 0.25341459
v 4.48719365 -0.18665917 0.25725718
v 4.47945279 -0.18769317 0.25067099
v 4.47915465 -0.18665917 0.25047108
v 4.47649724 -0.18769317 0.24885079
v 4.47497613 -0.18665917 0.24800202
v 4.47347516 -0.18769317 0.24727538
v 4.47050578 -0.18665917 0.24600336
v 4.47017485 -0.18769317 0.24588630
v 4.46586174 -0.18665917 0.24448356
v 4.46624285 -0.18769317 0.24458680
v 4.46208614 -0.18769317 0.24367306
v 4.46184260 -0.18665917 0.24363092
v 4.45758456 -0.18665916 0.24309323
v 4.45797891 -0.18769317 0.24312386
v 4.45429963 -0.18769317 0.24299965
v 4.45429963 -0.18665917 0.24299965
v 4.49446352 -0.18665917 0.26764877
v 4.49664125 -0.18769317 0.30331077
v 4.49462661 -0.18665916 0.30802734
v 4.49011455 -0.18665917 0.31525936
v 4.48996494 -0.18769317 0.31545480
v 4.48746083 -0.18665917 0.31845339
v 4.47347091 -0.18665917 0.32872578
v 4.47017298 -0.18665917 0.33011326
v 4.46183680 -0.18769317 0.33236894
v 4.45798503 -0.18665917 0.33287487
v 4.49923965 -0.18530917 0.28939815
v 4.49905964 -0.18510917 0.28799965
v 4.49903961 -0.18510917 0.28939195
v 4.49897965 -0.18510917 0.29078217
v 4.49906966 -0.18530917 0.29218908
v 4.49917969 -0.18530917 0.29079463
v 4.49871966 -0.18530917 0.29496379
v 4.49851963 -0.18510917 0.29493280
v 4.49847969 -0.18530917 0.29634209
v 4.49871966 -0.18510917 0.29355414
v 4.49891969 -0.18530917 0.29357894
v 4.49886962 -0.18510917 0.29217042
v 4.49768969 -0.18510917 0.29902323
v 4.49750969 -0.18530917 0.30042245
v 4.49787971 -0.18530917 0.29907246
v 4.49800965 -0.18510917 0.29766859
v 4.49819967 -0.18530917 0.29771180
v 4.49828967 -0.18510917 0.29630484
v 4.49616966 -0.18530917 0.30439492
v 4.49646971 -0.18510917 0.30301763
v 4.49597964 -0.18510917 0.30432172
v 4.49710962 -0.18530917 0.30176003
v 4.49691960 -0.18510917 0.30169882
v 4.49665961 -0.18530917 0.30308475
v 4.49427971 -0.18510917 0.30813457
v 4.49380967 -0.18530918 0.30946370
v 4.49445960 -0.18530917 0.30822481
v 4.49488971 -0.18510917 0.30688162
v 4.49506971 -0.18530916 0.30696602
v 4.49544963 -0.18510917 0.30561008
v 4.49163971 -0.18530917 0.31305184
v 4.49222967 -0.18510917 0.31177230
v 4.49146972 -0.18510917 0.31294032
v 4.49311969 -0.18530916 0.31068214
v 4.49294970 -0.18510917 0.31058128
v 4.49239967 -0.18530917 0.31187870
v 4.48898969 -0.18510917 0.31629552
v 4.48823962 -0.18530916 0.31749173
v 4.48913965 -0.18530917 0.31642200
v 4.48984966 -0.18510917 0.31520309
v 4.49000964 -0.18530917 0.31532480
v 4.49067972 -0.18510917 0.31408449
v 4.48533962 -0.18530917 0.32052585
v 4.48520968 -0.18510917 0.32038125
v 4.48431967 -0.18530917 0.32147559
v 4.48730967 -0.18530917 0.31853308
v 4.48715971 -0.18510917 0.31839712
v 4.48633967 -0.18530917 0.31954463
v 4.48094962 -0.18510917 0.32396623
v 4.48106966 -0.18530917 0.32412692
v 4.48204968 -0.18510917 0.32312008
v 4.48312972 -0.18510917 0.32223984
v 4.48325966 -0.18530917 0.32239290
v 4.48417971 -0.18510917 0.32132646
v 4.47758971 -0.18530917 0.32646426
v 4.47747968 -0.18510917 0.32629308
v 4.47637961 -0.18530917 0.32716986
v 4.47992967 -0.18530917 0.32494196
v 4.47981964 -0.18510917 0.32477769
v 4.47876964 -0.18530917 0.32572135
v 4.47254966 -0.18510917 0.32887396
v 4.47262965 -0.18530917 0.32905671
v 4.47380970 -0.18510917 0.32828673
v 4.47389970 -0.18530917 0.32846674
v 4.47514961 -0.18530917 0.32783767
v 4.47505961 -0.18510917 0.32766053
v 4.46872972 -0.18530917 0.33058616
v 4.46865962 -0.18510917 0.33039674
v 4.46738969 -0.18530917 0.33101436
v 4.47134970 -0.18530917 0.32960686
v 4.47126971 -0.18510917 0.32942173
v 4.47003971 -0.18530917 0.33011684
v 4.46328972 -0.18510917 0.33185157
v 4.46332966 -0.18530917 0.33204755
v 4.46464966 -0.18510917 0.33155105
v 4.46599983 -0.18510917 0.33120784
v 4.46604966 -0.18530917 0.33140096
v 4.46733962 -0.18510917 0.33082303
v 4.45918964 -0.18530917 0.33269725
v 4.46054970 -0.18510917 0.33232567
v 4.45915972 -0.18510917 0.33249852
v 4.46195970 -0.18530917 0.33230707
v 4.46191965 -0.18510917 0.33210990
v 4.46056972 -0.18530917 0.33252368
v 4.45638965 -0.18510917 0.33271489
v 4.45499979 -0.18510917 0.33275828
v 4.45499979 -0.18530917 0.33295832
v 4.45777963 -0.18510917 0.33262834
v 4.45639966 -0.18530917 0.33291468
v 4.45778964 -0.18530917 0.33282766
v 4.45081972 -0.18510917 0.33262847
v 4.45080970 -0.18530917 0.33282778
v 4.45220970 -0.18510917 0.33271501
v 4.45219968 -0.18530917 0.33291481
v 4.45359968 -0.18530917 0.33295820
v 4.45359968 -0.18510917 0.33275828
v 4.44664966 -0.18530917 0.33230744
v 4.44804965 -0.18510917 0.33232603
v 4.44667970 -0.18510917 0.33211026
v 4.44940971 -0.18530917 0.33269761
v 4.44943963 -0.18510917 0.33249877
v 4.44802962 -0.18530917 0.33252404
v 4.44390963 -0.18530917 0.33174572
v 4.44394968 -0.18510917 0.33155106
v 4.44254969 -0.18530917 0.33140133
v 4.44530962 -0.18510917 0.33185194
v 4.44526969 -0.18530917 0.33204780
v 4.44125973 -0.18510917 0.33082364
v 4.43993972 -0.18510917 0.33039747
v 4.43986963 -0.18530917 0.33058701
v 4.44120966 -0.18530917 0.33101497
v 4.44259964 -0.18510917 0.33120833
v 4.43732963 -0.18510917 0.32942258
v 4.43596969 -0.18530917 0.32905732
v 4.43724964 -0.18530917 0.32960771
v 4.43855964 -0.18530917 0.33011769
v 4.43862973 -0.18510917 0.32993041
v 4.43353973 -0.18510917 0.32766084
v 4.43344973 -0.18530917 0.32783811
v 4.43478964 -0.18510917 0.32828735
v 4.43469964 -0.18530917 0.32846723
v 4.43604968 -0.18510917 0.32887469
v 4.42982970 -0.18530917 0.32572244
v 4.43100963 -0.18530917 0.32646506
v 4.43111966 -0.18510917 0.32629405
v 4.43221973 -0.18530917 0.32717066
v 4.43231962 -0.18510917 0.32699631
v 4.42752967 -0.18530917 0.32412802
v 4.42866967 -0.18530917 0.32494311
v 4.42877970 -0.18510917 0.32477884
v 4.42993973 -0.18510917 0.32555454
v 4.42533968 -0.18530917 0.32239394
v 4.42641972 -0.18530917 0.32327806
v 4.42653964 -0.18510917 0.32312106
v 4.42764972 -0.18510917 0.32396744
v 4.42325971 -0.18530917 0.32052665
v 4.42427967 -0.18530917 0.32147633
v 4.42441962 -0.18510917 0.32132762
v 4.42546962 -0.18510917 0.32224106
v 4.42128966 -0.18530917 0.31853341
v 4.42225967 -0.18530917 0.31954544
v 4.42239962 -0.18510917 0.31940513
v 4.42338965 -0.18510917 0.32038181
v 4.42143963 -0.18510917 0.31839781
v 4.42035971 -0.18530916 0.31749236
v 4.42050967 -0.18510917 0.31736093
v 4.41945968 -0.18530918 0.31642245
v 4.41858969 -0.18530916 0.31532501
v 4.41960964 -0.18510917 0.31629615
v 4.41874967 -0.18510917 0.31520354
v 4.41775963 -0.18530916 0.31420141
v 4.41791961 -0.18510917 0.31408476
v 4.41695962 -0.18530917 0.31305241
v 4.41619966 -0.18530917 0.31187891
v 4.41712961 -0.18510917 0.31294095
v 4.41636965 -0.18510917 0.31177276
v 4.41547964 -0.18530918 0.31068265
v 4.41564963 -0.18510917 0.31058162
v 4.41478965 -0.18530917 0.30946433
v 4.41413972 -0.18530916 0.30822503
v 4.41496966 -0.18510917 0.30936896
v 4.41431961 -0.18510917 0.30813527
v 4.41352961 -0.18530918 0.30696666
v 4.41370961 -0.18510917 0.30688226
v 4.41295967 -0.18530918 0.30568963
v 4.41242966 -0.18530918 0.30439531
v 4.41314969 -0.18510917 0.30561107
v 4.41261968 -0.18510917 0.30432254
v 4.41193971 -0.18530917 0.30308556
v 4.41212961 -0.18510917 0.30301845
v 4.41148970 -0.18530917 0.30176097
v 4.41108963 -0.18530918 0.30042284
v 4.41167972 -0.18510917 0.30169981
v 4.41127965 -0.18510917 0.30036765
v 4.41071960 -0.18530917 0.29907316
v 4.41090962 -0.18510917 0.29902386
v 4.41039964 -0.18530917 0.29771250
v 4.41011962 -0.18530917 0.29634231
v 4.41058966 -0.18510917 0.29766929
v 4.41030964 -0.18510917 0.29630524
v 4.40987965 -0.18530917 0.29496455
v 4.41007969 -0.18510917 0.29493355
v 4.40967962 -0.18530917 0.29357964
v 4.40952965 -0.18530917 0.29218918
v 4.40987965 -0.18510917 0.29355484
v 4.40972969 -0.18510917 0.29217058
v 4.40941962 -0.18530917 0.29079526
v 4.40961966 -0.18510917 0.29078281
v 4.40935966 -0.18530917 0.28939831
v 4.40933963 -0.18530917 0.28799975
v 4.40955969 -0.18510917 0.28939211
v 4.40953966 -0.18510917 0.28799975
v 4.46469973 -0.18530917 0.33174548
v 4.46996961 -0.18510917 0.32992944
v 4.47627972 -0.18510917 0.32699581
v 4.48808966 -0.18510917 0.31736072
v 4.47865961 -0.18510917 0.32555362
v 4.48217962 -0.18530917 0.32327696
v 4.48619971 -0.18510917 0.31940432
v 4.49362967 -0.18510917 0.30936821
v 4.49083970 -0.18530917 0.31420102
v 4.49563965 -0.18530916 0.30568881
v 4.49731967 -0.18510917 0.30036707
v 4.49925967 -0.18530917 0.28799964
v 4.49925967 -0.18530917 0.28799964
v 4.49923965 -0.18530916 0.28660108
v 4.49903961 -0.18510917 0.28660734
v 4.49891969 -0.18530917 0.28241976
v 4.49871965 -0.18510917 0.28244455
v 4.49906965 -0.18530917 0.28381021
v 4.49886962 -0.18510917 0.28382887
v 4.49897965 -0.18510918 0.28521659
v 4.49917962 -0.18530917 0.28520419
v 4.49800964 -0.18510917 0.27833016
v 4.49847968 -0.18530917 0.27965714
v 4.49819966 -0.18530917 0.27828689
v 4.49851962 -0.18510917 0.28106590
v 4.49871965 -0.18530917 0.28103484
v 4.49828966 -0.18510918 0.27969416
v 4.49710961 -0.18530917 0.27423842
v 4.49646969 -0.18510918 0.27298095
v 4.49691959 -0.18510917 0.27429958
v 4.49787970 -0.18530917 0.27692629
v 4.49731966 -0.18510917 0.27563180
v 4.49768968 -0.18510917 0.27697559
v 4.49488969 -0.18510917 0.26911719
v 4.49563964 -0.18530916 0.27030976
v 4.49506970 -0.18530916 0.26903279
v 4.49597962 -0.18510917 0.27167686
v 4.49665959 -0.18530917 0.27291383
v 4.49616964 -0.18530916 0.27160402
v 4.49311967 -0.18530916 0.26531680
v 4.49222965 -0.18510918 0.26422663
v 4.49294968 -0.18510917 0.26541777
v 4.49445958 -0.18530917 0.26777442
v 4.49362965 -0.18510917 0.26663049
v 4.49427970 -0.18510917 0.26786419
v 4.48984970 -0.18510917 0.26079585
v 4.49083967 -0.18530917 0.26179798
v 4.49000962 -0.18530917 0.26067432
v 4.49146969 -0.18510917 0.26305850
v 4.49239964 -0.18530916 0.26412042
v 4.49163968 -0.18530917 0.26294698
v 4.48730964 -0.18530916 0.25746592
v 4.48619969 -0.18510917 0.25659432
v 4.48715968 -0.18510918 0.25760158
v 4.48913963 -0.18530916 0.25957700
v 4.48808963 -0.18510917 0.25863852
v 4.48898966 -0.18510917 0.25970330
v 4.48312969 -0.18510917 0.25375839
v 4.48431963 -0.18530917 0.25452312
v 4.48325963 -0.18530917 0.25360545
v 4.48520965 -0.18510918 0.25561758
v 4.48533959 -0.18530917 0.25547274
v 4.48417968 -0.18510917 0.25467178
v 4.47992963 -0.18530917 0.25105628
v 4.47865958 -0.18510918 0.25044485
v 4.47981960 -0.18510917 0.25122061
v 4.48106963 -0.18530917 0.25187137
v 4.48094959 -0.18510917 0.25203201
v 4.48217959 -0.18530917 0.25272133
v 4.47505957 -0.18510917 0.24833855
v 4.47514958 -0.18530917 0.24816128
v 4.47380966 -0.18510918 0.24771210
v 4.47747964 -0.18510918 0.24970540
v 4.47758967 -0.18530917 0.24953433
v 4.47627968 -0.18510917 0.24900314
v 4.47134966 -0.18530917 0.24639174
v 4.46996957 -0.18510917 0.24606904
v 4.47126967 -0.18510917 0.24657682
v 4.47262961 -0.18530916 0.24694213
v 4.47254962 -0.18510917 0.24712470
v 4.47389967 -0.18530916 0.24753222
v 4.46599979 -0.18510917 0.24479112
v 4.46738965 -0.18530917 0.24498436
v 4.46604961 -0.18530917 0.24459812
v 4.46865952 -0.18510917 0.24560192
v 4.46872968 -0.18530917 0.24541238
v 4.46733958 -0.18510917 0.24517575
v 4.46194965 -0.18530917 0.24369201
v 4.46054966 -0.18510918 0.24367342
v 4.46191955 -0.18510917 0.24388907
v 4.46332962 -0.18530917 0.24395153
v 4.46328968 -0.18510917 0.24414745
v 4.46468973 -0.18530917 0.24425367
v 4.45638961 -0.18510917 0.24328444
v 4.45777959 -0.18510917 0.24337087
v 4.45778960 -0.18530917 0.24317155
v 4.45915967 -0.18510917 0.24350057
v 4.46056968 -0.18530917 0.24347535
v 4.45918960 -0.18530917 0.24330178
v 4.45359963 -0.18510918 0.24324111
v 4.45359963 -0.18530917 0.24304114
v 4.45220965 -0.18510917 0.24328444
v 4.45639962 -0.18530917 0.24308459
v 4.45499975 -0.18530917 0.24304113
v 4.45499975 -0.18510918 0.24324111
v 4.44940967 -0.18530917 0.24330209
v 4.44804961 -0.18510917 0.24367366
v 4.44943959 -0.18510917 0.24350093
v 4.45080960 -0.18530917 0.24317167
v 4.45081967 -0.18510918 0.24337111
v 4.45219964 -0.18530917 0.24308465
v 4.44526965 -0.18530917 0.24395178
v 4.44530958 -0.18510917 0.24414776
v 4.44663960 -0.18530917 0.24369226
v 4.44667965 -0.18510917 0.24388955
v 4.44802958 -0.18530917 0.24347566
v 4.44125969 -0.18510917 0.24517642
v 4.44254965 -0.18530917 0.24459837
v 4.44120962 -0.18530916 0.24498503
v 4.44394964 -0.18510917 0.24444835
v 4.44389958 -0.18530917 0.24425386
v 4.44259960 -0.18510917 0.24479149
v 4.43862969 -0.18510917 0.24606995
v 4.43855960 -0.18530917 0.24588250
v 4.43732959 -0.18510918 0.24657761
v 4.43986959 -0.18530917 0.24541317
v 4.43993968 -0.18510917 0.24560265
v 4.43596966 -0.18530917 0.24694274
v 4.43469960 -0.18530917 0.24753259
v 4.43478960 -0.18510917 0.24771266
v 4.43724961 -0.18530916 0.24639247
v 4.43604964 -0.18510917 0.24712543
v 4.43344969 -0.18530916 0.24816172
v 4.43221969 -0.18530917 0.24882947
v 4.43231959 -0.18510918 0.24900364
v 4.43353969 -0.18510918 0.24833881
v 4.42982966 -0.18530917 0.25027804
v 4.42877967 -0.18510917 0.25122171
v 4.42993969 -0.18510917 0.25044583
v 4.43111963 -0.18510917 0.24970632
v 4.43100960 -0.18530917 0.24953507
v 4.42752964 -0.18530916 0.25187241
v 4.42654962 -0.18510917 0.25287931
v 4.42764968 -0.18510918 0.25203322
v 4.42866964 -0.18530917 0.25105738
v 4.42533965 -0.18530917 0.25360655
v 4.42441959 -0.18510917 0.25467294
v 4.42546959 -0.18510918 0.25375955
v 4.42641968 -0.18530917 0.25272243
v 4.42225964 -0.18530916 0.25645476
v 4.42239959 -0.18510918 0.25659513
v 4.42325962 -0.18530917 0.25547355
v 4.42338962 -0.18510917 0.25561815
v 4.42427964 -0.18530917 0.25452375
v 4.42128963 -0.18530917 0.25746637
v 4.42143960 -0.18510918 0.25760233
v 4.42050965 -0.18510918 0.25863873
v 4.42035968 -0.18530917 0.25850766
v 4.41945965 -0.18530917 0.25957745
v 4.41960962 -0.18510918 0.25970393
v 4.41858966 -0.18530917 0.26067465
v 4.41874964 -0.18510917 0.26079636
v 4.41791959 -0.18510918 0.26191496
v 4.41775961 -0.18530917 0.26179844
v 4.41695960 -0.18530916 0.26294761
v 4.41712959 -0.18510917 0.26305901
v 4.41619964 -0.18530917 0.26412075
v 4.41636963 -0.18510917 0.26422715
v 4.41564961 -0.18510917 0.26541817
v 4.41547961 -0.18530917 0.26531726
v 4.41478963 -0.18530916 0.26653575
v 4.41496964 -0.18510917 0.26663124
v 4.41413970 -0.18530917 0.26777464
v 4.41431959 -0.18510917 0.26786482
v 4.41370960 -0.18510918 0.26911783
v 4.41352959 -0.18530917 0.26903343
v 4.41295965 -0.18530917 0.27031064
v 4.41314967 -0.18510918 0.27038931
v 4.41242965 -0.18530917 0.27160453
v 4.41261967 -0.18510917 0.27167767
v 4.41212960 -0.18510918 0.27298176
v 4.41193970 -0.18530917 0.27291464
v 4.41148968 -0.18530917 0.27423936
v 4.41167970 -0.18510917 0.27430057
v 4.41108962 -0.18530916 0.27557695
v 4.41127964 -0.18510917 0.27563232
v 4.41090961 -0.18510917 0.27697617
v 4.41071959 -0.18530916 0.27692693
v 4.41039964 -0.18530916 0.27828759
v 4.41058966 -0.18510917 0.27833080
v 4.41011961 -0.18530917 0.27965730
v 4.41030963 -0.18510917 0.27969455
v 4.41007968 -0.18510917 0.28106659
v 4.40987965 -0.18530916 0.28103560
v 4.40967961 -0.18530917 0.28242045
v 4.40987965 -0.18510917 0.28244525
v 4.40952965 -0.18530916 0.28381032
v 4.40972968 -0.18510917 0.28382897
v 4.40961965 -0.18510918 0.28521722
v 4.40941962 -0.18530917 0.28520477
v 4.40935966 -0.18530916 0.28660124
v 4.40955969 -0.18510917 0.28660744
v 4.40933963 -0.18530917 0.28799975
v 4.40953966 -0.18510917 0.28799975
v 4.46464962 -0.18510917 0.24444828
v 4.48205966 -0.18510917 0.25287839
v 4.47003967 -0.18530917 0.24588165
v 4.47637958 -0.18530917 0.24882874
v 4.48633964 -0.18530916 0.25645395
v 4.47876961 -0.18530917 0.25027701
v 4.48823960 -0.18530917 0.25850709
v 4.49544962 -0.18510918 0.27038832
v 4.49067969 -0.18510917 0.26191469
v 4.49380965 -0.18530916 0.26653512
v 4.49750962 -0.18530916 0.27557655
v 4.49905964 -0.18510917 0.28799965
v 4.45289968 -0.18665917 0.33297811
v 4.45429967 -0.18640917 0.33274970
v 4.45289968 -0.18640917 0.33272765
v 4.45150970 -0.18640917 0.33266244
v 4.45010971 -0.18665917 0.33280394
v 4.45149969 -0.18665917 0.33291266
v 4.44732963 -0.18665917 0.33245681
v 4.44735967 -0.18640917 0.33220766
v 4.44594966 -0.18665917 0.33221863
v 4.44872962 -0.18640917 0.33240221
v 4.44871972 -0.18665917 0.33265207
v 4.45011972 -0.18640917 0.33255372
v 4.44327973 -0.18640917 0.33137081
v 4.44186972 -0.18665917 0.33124838
v 4.44321965 -0.18665917 0.33161388
v 4.44462965 -0.18640917 0.33169184
v 4.44457971 -0.18665917 0.33193741
v 4.44598971 -0.18640917 0.33197091
v 4.43788968 -0.18665917 0.32990168
v 4.43928967 -0.18640917 0.33015869
v 4.43798970 -0.18640917 0.32967244
v 4.44052969 -0.18665917 0.33084081
v 4.44060968 -0.18640917 0.33060394
v 4.43919967 -0.18665917 0.33039175
v 4.43417965 -0.18640917 0.32797103
v 4.43281971 -0.18665917 0.32754134
v 4.43405972 -0.18665917 0.32819043
v 4.43542968 -0.18640917 0.32857834
v 4.43531965 -0.18665917 0.32880042
v 4.43670963 -0.18640917 0.32914565
v 4.42922972 -0.18665917 0.32536774
v 4.43052970 -0.18640917 0.32591282
v 4.42935966 -0.18640917 0.32515322
v 4.43159972 -0.18665917 0.32685416
v 4.43171964 -0.18640917 0.32663666
v 4.43039964 -0.18665917 0.32612942
v 4.42599974 -0.18640917 0.32266741
v 4.42477963 -0.18665917 0.32196735
v 4.42584966 -0.18665917 0.32286881
v 4.42708967 -0.18640917 0.32352983
v 4.42694972 -0.18665917 0.32373672
v 4.42820964 -0.18640917 0.32435851
v 4.42174969 -0.18665917 0.31906932
v 4.42192970 -0.18640917 0.31889772
v 4.42079971 -0.18665917 0.31804203
v 4.42373965 -0.18665917 0.32103311
v 4.42390964 -0.18640917 0.32084524
v 4.42272971 -0.18665917 0.32006662
v 4.41834972 -0.18640917 0.31464963
v 4.41813967 -0.18665918 0.31478953
v 4.41919968 -0.18640917 0.31575435
v 4.42007969 -0.18640917 0.31683063
v 4.41987965 -0.18665916 0.31698542
v 4.42098961 -0.18640917 0.31787901
v 4.41579971 -0.18665917 0.31130373
v 4.41601965 -0.18640918 0.31117743
v 4.41509972 -0.18665917 0.31009507
v 4.41732965 -0.18665917 0.31365191
v 4.41753969 -0.18640917 0.31351852
v 4.41654966 -0.18665916 0.31248962
v 4.41342971 -0.18640917 0.30623185
v 4.41320965 -0.18665918 0.30634593
v 4.41401968 -0.18640917 0.30749481
v 4.41379962 -0.18665916 0.30761522
v 4.41442964 -0.18665917 0.30886512
v 4.41464970 -0.18640917 0.30874144
v 4.41167972 -0.18665917 0.30243712
v 4.41190967 -0.18640917 0.30234903
v 4.41124961 -0.18665917 0.30110466
v 4.41265962 -0.18665917 0.30505913
v 4.41288969 -0.18640917 0.30495226
v 4.41214964 -0.18665917 0.30375593
v 4.41045961 -0.18640917 0.29699242
v 4.41021964 -0.18665916 0.29703623
v 4.41075966 -0.18640917 0.29834807
v 4.41109964 -0.18640917 0.29969316
v 4.41085967 -0.18665917 0.29975956
v 4.41148970 -0.18640917 0.30102741
v 4.40956971 -0.18665917 0.29288894
v 4.40998968 -0.18640917 0.29425460
v 4.40981969 -0.18640917 0.29287421
v 4.40995964 -0.18665917 0.29566085
v 4.41019961 -0.18640917 0.29562771
v 4.40973970 -0.18665917 0.29427778
v 4.40959963 -0.18640917 0.29009443
v 4.40955969 -0.18640917 0.28869796
v 4.40930971 -0.18665917 0.28869933
v 4.40968963 -0.18640918 0.29148751
v 4.40934965 -0.18665917 0.29009825
v 4.40943965 -0.18665917 0.29149538
v 4.40968963 -0.18640917 0.28451121
v 4.40943965 -0.18665917 0.28450352
v 4.40959963 -0.18640917 0.28590345
v 4.40934964 -0.18665917 0.28590047
v 4.40930971 -0.18665917 0.28729969
v 4.40955969 -0.18640917 0.28729975
v 4.40995964 -0.18665917 0.28033817
v 4.40998968 -0.18640918 0.28174412
v 4.41020962 -0.18640918 0.28037125
v 4.40956970 -0.18665917 0.28310990
v 4.40981968 -0.18640917 0.28312468
v 4.40973969 -0.18665917 0.28172087
v 4.41051968 -0.18665917 0.27759605
v 4.41075965 -0.18640918 0.27765107
v 4.41085966 -0.18665917 0.27623957
v 4.41045960 -0.18640917 0.27900624
v 4.41021963 -0.18665917 0.27896285
v 4.41148968 -0.18640917 0.27497172
v 4.41190966 -0.18640917 0.27364957
v 4.41167970 -0.18665917 0.27356165
v 4.41124960 -0.18665917 0.27489435
v 4.41110965 -0.18640917 0.27630543
v 4.41288968 -0.18640917 0.27104646
v 4.41320963 -0.18665917 0.26965302
v 4.41265960 -0.18665917 0.27093994
v 4.41214963 -0.18665917 0.27224326
v 4.41237976 -0.18640917 0.27234125
v 4.41464968 -0.18640917 0.26725804
v 4.41442968 -0.18665916 0.26713395
v 4.41401966 -0.18640917 0.26850366
v 4.41379960 -0.18665916 0.26838415
v 4.41342969 -0.18640917 0.26976746
v 4.41654964 -0.18665916 0.26350975
v 4.41579969 -0.18665917 0.26469564
v 4.41601963 -0.18640918 0.26482194
v 4.41509969 -0.18665916 0.26590395
v 4.41531964 -0.18640918 0.26602822
v 4.41813965 -0.18665916 0.26121014
v 4.41732962 -0.18665917 0.26234733
v 4.41753967 -0.18640918 0.26248085
v 4.41675968 -0.18640918 0.26363831
v 4.41987957 -0.18665916 0.25901394
v 4.41898961 -0.18665917 0.26009851
v 4.41919966 -0.18640917 0.26024496
v 4.41834970 -0.18640918 0.26134914
v 4.42174966 -0.18665916 0.25693016
v 4.42079968 -0.18665917 0.25795763
v 4.42098958 -0.18640917 0.25812011
v 4.42007966 -0.18640917 0.25916814
v 4.42373962 -0.18665916 0.25496631
v 4.42272968 -0.18665917 0.25593256
v 4.42289967 -0.18640917 0.25611209
v 4.42192967 -0.18640917 0.25710111
v 4.42390961 -0.18640918 0.25515365
v 4.42477960 -0.18665917 0.25403195
v 4.42493958 -0.18640917 0.25422656
v 4.42584962 -0.18665917 0.25313031
v 4.42694963 -0.18665917 0.25226264
v 4.42599971 -0.18640917 0.25333141
v 4.42708964 -0.18640918 0.25246923
v 4.42807967 -0.18665917 0.25142943
v 4.42820961 -0.18640917 0.25164043
v 4.42922968 -0.18665917 0.25063156
v 4.43039960 -0.18665917 0.24986993
v 4.42935968 -0.18640917 0.25084548
v 4.43052966 -0.18640917 0.25008594
v 4.43159968 -0.18665916 0.24914514
v 4.43171967 -0.18640917 0.24936168
v 4.43281967 -0.18665917 0.24845802
v 4.43405968 -0.18665917 0.24780916
v 4.43293959 -0.18640917 0.24867533
v 4.43417961 -0.18640917 0.24802821
v 4.43531961 -0.18665917 0.24719916
v 4.43542964 -0.18640917 0.24742089
v 4.43659968 -0.18665917 0.24662869
v 4.43788964 -0.18665916 0.24609815
v 4.43670959 -0.18640917 0.24685358
v 4.43798966 -0.18640917 0.24632679
v 4.43919963 -0.18665917 0.24560820
v 4.43928963 -0.18640917 0.24584053
v 4.44052965 -0.18665917 0.24515913
v 4.44186968 -0.18665917 0.24475156
v 4.44060964 -0.18640917 0.24539529
v 4.44193966 -0.18640918 0.24499105
v 4.44321961 -0.18665916 0.24438564
v 4.44327969 -0.18640917 0.24462853
v 4.44457966 -0.18665917 0.24406205
v 4.44594962 -0.18665916 0.24378131
v 4.44462961 -0.18640917 0.24430744
v 4.44598967 -0.18640917 0.24402843
v 4.44732958 -0.18665916 0.24354301
v 4.44735962 -0.18640917 0.24379144
v 4.44871968 -0.18665916 0.24334762
v 4.45010966 -0.18665917 0.24319551
v 4.44872958 -0.18640918 0.24359719
v 4.45011968 -0.18640917 0.24344538
v 4.45149964 -0.18665917 0.24308691
v 4.45150966 -0.18640917 0.24333695
v 4.45289964 -0.18665917 0.24302170
v 4.45429963 -0.18665917 0.24299965
v 4.45289964 -0.18640918 0.24327169
v 4.45429963 -0.18640917 0.24324975
v 4.41051969 -0.18665917 0.29840284
v 4.41237971 -0.18640917 0.30365794
v 4.41530964 -0.18640918 0.30996876
v 4.42493961 -0.18640917 0.32177251
v 4.41675971 -0.18640918 0.31236004
v 4.41898964 -0.18665916 0.31590091
v 4.42289970 -0.18640917 0.31988703
v 4.43293963 -0.18640917 0.32732312
v 4.42807971 -0.18665917 0.32456981
v 4.43659972 -0.18665917 0.32937096
v 4.44193970 -0.18640917 0.33100806
v 4.45429967 -0.18665917 0.33299968
v 4.45429967 -0.18665917 0.33299968
v 4.45569967 -0.18665917 0.33297775
v 4.45569967 -0.18640917 0.33272788
v 4.45987962 -0.18665917 0.33265183
v 4.45985971 -0.18640917 0.33240316
v 4.45848964 -0.18665917 0.33280394
v 4.45846961 -0.18640917 0.33255455
v 4.45708965 -0.18640917 0.33266279
v 4.45709966 -0.18665917 0.33291254
v 4.46395968 -0.18640917 0.33169350
v 4.46264969 -0.18665917 0.33221814
v 4.46401964 -0.18665917 0.33193728
v 4.46122967 -0.18640917 0.33220920
v 4.46126972 -0.18665917 0.33245644
v 4.46259962 -0.18640917 0.33197245
v 4.46806966 -0.18665917 0.33084032
v 4.46930967 -0.18640917 0.33015737
v 4.46798967 -0.18640917 0.33060393
v 4.46537970 -0.18665917 0.33161375
v 4.46665965 -0.18640917 0.33100912
v 4.46531962 -0.18640917 0.33137223
v 4.47317968 -0.18640917 0.32857164
v 4.47199963 -0.18665917 0.32937070
v 4.47327970 -0.18665917 0.32880017
v 4.47061966 -0.18640917 0.32966932
v 4.46939967 -0.18665917 0.33039114
v 4.47070966 -0.18665917 0.32990119
v 4.47699974 -0.18665917 0.32685431
v 4.47806964 -0.18640917 0.32591614
v 4.47687970 -0.18640917 0.32663604
v 4.47453962 -0.18665917 0.32819017
v 4.47566972 -0.18640917 0.32731887
v 4.47442971 -0.18640917 0.32796451
v 4.48148964 -0.18640917 0.32354017
v 4.48051963 -0.18665917 0.32457002
v 4.48164962 -0.18665917 0.32373675
v 4.47922967 -0.18640917 0.32515975
v 4.47819970 -0.18665917 0.32612952
v 4.47936962 -0.18665917 0.32536789
v 4.48485968 -0.18665917 0.32103308
v 4.48569963 -0.18640917 0.31988867
v 4.48468969 -0.18640917 0.32085176
v 4.48273967 -0.18665917 0.32286902
v 4.48364971 -0.18640917 0.32178172
v 4.48257969 -0.18640917 0.32267793
v 4.48852966 -0.18640916 0.31681987
v 4.48779962 -0.18665917 0.31804182
v 4.48871968 -0.18665918 0.31698545
v 4.48666964 -0.18640917 0.31889500
v 4.48684964 -0.18665917 0.31906929
v 4.48761962 -0.18640917 0.31787111
v 4.49126968 -0.18665917 0.31365212
v 4.49183962 -0.18640916 0.31235393
v 4.49106965 -0.18640916 0.31350763
v 4.49045966 -0.18665918 0.31478925
v 4.49025962 -0.18640917 0.31463750
v 4.48960969 -0.18665916 0.31590088
v 4.49394962 -0.18640917 0.30875339
v 4.49416968 -0.18665918 0.30886550
v 4.49456963 -0.18640916 0.30751033
v 4.49257967 -0.18640916 0.31117602
v 4.49279961 -0.18665917 0.31130381
v 4.49327967 -0.18640917 0.30997612
v 4.49593970 -0.18665917 0.30505951
v 4.49621961 -0.18640917 0.30366452
v 4.49570963 -0.18640918 0.30496462
v 4.49538967 -0.18665917 0.30634643
v 4.49515972 -0.18640917 0.30624654
v 4.49479971 -0.18665918 0.30761524
v 4.49749967 -0.18640917 0.29969014
v 4.49734971 -0.18665917 0.30110504
v 4.49773964 -0.18665917 0.29975982
v 4.49668965 -0.18640916 0.30235233
v 4.49691960 -0.18665917 0.30243774
v 4.49710962 -0.18640917 0.30102654
v 4.49863967 -0.18665917 0.29566123
v 4.49860963 -0.18640917 0.29424705
v 4.49839970 -0.18640917 0.29561998
v 4.49837967 -0.18665917 0.29703654
v 4.49813971 -0.18640917 0.29698582
v 4.49807963 -0.18665917 0.29840334
v 4.49899980 -0.18640917 0.29009153
v 4.49890968 -0.18640918 0.29148181
v 4.49915966 -0.18665917 0.29149587
v 4.49877962 -0.18640917 0.29286702
v 4.49885961 -0.18665917 0.29427852
v 4.49902960 -0.18665917 0.29288949
v 4.49903961 -0.18640917 0.28730281
v 4.49928959 -0.18665917 0.28730007
v 4.49899980 -0.18640917 0.28590907
v 4.49924966 -0.18665917 0.29009892
v 4.49928960 -0.18665917 0.28869970
v 4.49903967 -0.18640917 0.28869797
v 4.49902960 -0.18665916 0.28311045
v 4.49860962 -0.18640917 0.28175302
v 4.49877962 -0.18640917 0.28313287
v 4.49915965 -0.18665917 0.28450407
v 4.49890967 -0.18640918 0.28451826
v 4.49924966 -0.18665917 0.28590114
v 4.49837967 -0.18665917 0.27896316
v 4.49813970 -0.18640918 0.27901431
v 4.49863966 -0.18665916 0.28033854
v 4.49839969 -0.18640917 0.28037979
v 4.49885960 -0.18665917 0.28172161
v 4.49710961 -0.18640917 0.27497311
v 4.49773963 -0.18665917 0.27623989
v 4.49734970 -0.18665917 0.27489473
v 4.49783965 -0.18640917 0.27765729
v 4.49807956 -0.18665917 0.27759661
v 4.49749966 -0.18640917 0.27631010
v 4.49621959 -0.18640917 0.27233519
v 4.49644966 -0.18665917 0.27224352
v 4.49570961 -0.18640918 0.27103694
v 4.49691959 -0.18665917 0.27356227
v 4.49668963 -0.18640917 0.27364804
v 4.49538965 -0.18665916 0.26965352
v 4.49479969 -0.18665917 0.26838418
v 4.49456961 -0.18640918 0.26848991
v 4.49593969 -0.18665916 0.27094026
v 4.49515970 -0.18640917 0.26975329
v 4.49416967 -0.18665917 0.26713433
v 4.49349959 -0.18665917 0.26590439
v 4.49327965 -0.18640917 0.26602407
v 4.49394961 -0.18640917 0.26724603
v 4.49204965 -0.18665917 0.26350983
v 4.49106963 -0.18640917 0.26249178
v 4.49183960 -0.18640918 0.26364609
v 4.49257965 -0.18640917 0.26482340
v 4.49279959 -0.18665916 0.26469572
v 4.49045963 -0.18665916 0.26120992
v 4.48940964 -0.18640917 0.26025810
v 4.49025960 -0.18640918 0.26136263
v 4.49126966 -0.18665916 0.26234742
v 4.48871965 -0.18665917 0.25901397
v 4.48761959 -0.18640917 0.25812878
v 4.48852963 -0.18640917 0.25918033
v 4.48960967 -0.18665917 0.26009842
v 4.48586959 -0.18665917 0.25593277
v 4.48569960 -0.18640917 0.25611123
v 4.48684961 -0.18665916 0.25693007
v 4.48666961 -0.18640918 0.25710579
v 4.48779959 -0.18665916 0.25795742
v 4.48485965 -0.18665916 0.25496622
v 4.48468966 -0.18640918 0.25514873
v 4.48364968 -0.18640918 0.25421795
v 4.48381967 -0.18665916 0.25403210
v 4.48274965 -0.18665917 0.25313058
v 4.48257966 -0.18640918 0.25332173
v 4.48164958 -0.18665917 0.25226268
v 4.48148960 -0.18640918 0.25245949
v 4.48037965 -0.18640917 0.25163218
v 4.48051960 -0.18665916 0.25142952
v 4.47936959 -0.18665916 0.25063166
v 4.47922963 -0.18640917 0.25083991
v 4.47819967 -0.18665916 0.24987003
v 4.47806961 -0.18640917 0.25008365
v 4.47687966 -0.18640917 0.24936363
v 4.47699970 -0.18665917 0.24914524
v 4.47577960 -0.18665916 0.24845811
v 4.47566969 -0.18640917 0.24868074
v 4.47453964 -0.18665917 0.24780896
v 4.47442967 -0.18640917 0.24803534
v 4.47317964 -0.18640917 0.24742803
v 4.47327966 -0.18665917 0.24719897
v 4.47199959 -0.18665916 0.24662837
v 4.47190959 -0.18640918 0.24685964
v 4.47070963 -0.18665917 0.24609765
v 4.47061962 -0.18640917 0.24633047
v 4.46930963 -0.18640917 0.24584225
v 4.46939963 -0.18665916 0.24560770
v 4.46806962 -0.18665917 0.24515864
v 4.46798963 -0.18640917 0.24539557
v 4.46672958 -0.18665917 0.24475095
v 4.46665961 -0.18640917 0.24499044
v 4.46531958 -0.18640918 0.24462715
v 4.46537966 -0.18665917 0.24438545
v 4.46401960 -0.18665917 0.24406198
v 4.46396965 -0.18640917 0.24430594
v 4.46264971 -0.18665917 0.24378077
v 4.46259958 -0.18640917 0.24402693
v 4.46122962 -0.18640917 0.24379030
v 4.46126968 -0.18665917 0.24354265
v 4.45987958 -0.18665916 0.24334732
v 4.45985967 -0.18640917 0.24359617
v 4.45848960 -0.18665917 0.24319551
v 4.45847959 -0.18640918 0.24344495
v 4.45708961 -0.18640917 0.24333653
v 4.45709962 -0.18665917 0.24308667
v 4.45569963 -0.18665917 0.24302129
v 4.45569963 -0.18640917 0.24327151
v 4.45429963 -0.18665917 0.24299965
v 4.45429963 -0.18640917 0.24324975
v 4.49783966 -0.18640917 0.29834242
v 4.48940966 -0.18640917 0.31574150
v 4.49644968 -0.18665916 0.30375619
v 4.49349961 -0.18665917 0.31009551
v 4.48586962 -0.18665917 0.32006677
v 4.49204967 -0.18665917 0.31248971
v 4.48381970 -0.18665917 0.32196744
v 4.47190963 -0.18640917 0.32914063
v 4.48037968 -0.18640917 0.32436773
v 4.47577963 -0.18665917 0.32754144
v 4.46672962 -0.18665917 0.33124790
v 4.45429967 -0.18640917 0.33274970
v 4.49904498 -0.18530934 0.29272200
v 4.49811312 -0.18530921 0.29821415
v 4.49859747 -0.18620319 0.29592069
v 4.49784884 -0.18620316 0.29936625
v 4.48924980 -0.18530916 0.31631037
v 4.48979936 -0.18620319 0.31566652
v 4.49210284 -0.18530919 0.31239434
v 4.48698673 -0.18620318 0.31894185
v 4.48650322 -0.18530916 0.31939944
v 4.48443148 -0.18620318 0.32142373
v 4.48176990 -0.18620318 0.32365450
v 4.48216508 -0.18530919 0.32330605
v 4.47892795 -0.18620317 0.32566067
v 4.47875212 -0.18530914 0.32575067
v 4.47527180 -0.18620316 0.32783839
v 4.47263179 -0.18530915 0.32907292
v 4.46930729 -0.18530915 0.33039090
v 4.47016714 -0.18620319 0.33013126
v 4.46261631 -0.18530918 0.33219370
v 4.46543275 -0.18620318 0.33160958
v 4.46601640 -0.18530916 0.33142492
v 4.45849501 -0.18530917 0.33279476
v 4.45290504 -0.18530916 0.33296940
v 4.45710669 -0.18620317 0.33291957
v 4.45219968 -0.18620318 0.33297095
v 4.44804333 -0.18530915 0.33254085
v 4.44659422 -0.18620317 0.33235584
v 4.44462167 -0.18530918 0.33191476
v 4.44182979 -0.18620317 0.33124481
v 4.43279706 -0.18530920 0.32749574
v 4.43450449 -0.18620317 0.32841270
v 4.43597065 -0.18530915 0.32907484
v 4.42732642 -0.18620318 0.32402169
v 4.43079076 -0.18620321 0.32639413
v 4.42984293 -0.18530914 0.32574885
v 4.42408178 -0.18620320 0.32136916
v 4.42580436 -0.18530922 0.32281761
v 4.42110572 -0.18620318 0.31838321
v 4.42207799 -0.18530922 0.31938045
v 4.41935179 -0.18530918 0.31631344
v 4.41879783 -0.18620319 0.31566458
v 4.41649911 -0.18530919 0.31239884
v 4.41595623 -0.18620322 0.31159526
v 4.41393564 -0.18620319 0.30788981
v 4.41375325 -0.18530924 0.30750238
v 4.41224966 -0.18620320 0.30407106
v 4.41164658 -0.18530917 0.30231970
v 4.41075024 -0.18620317 0.29936570
v 4.41037270 -0.18530912 0.29766160
v 4.41000268 -0.18620319 0.29592561
v 4.40955445 -0.18530934 0.29272306
v 4.40952643 -0.18620319 0.29256218
v 4.40929159 -0.18620368 0.28800004
v 4.40932974 -0.18530929 0.28799987
v 4.43774722 -0.18620318 0.32985268
v 4.44050370 -0.18530918 0.33082352
v 4.46131431 -0.18620317 0.33245775
v 4.47581158 -0.18530915 0.32749089
v 4.48431967 -0.18530917 0.32147559
v 4.49264428 -0.18620320 0.31159230
v 4.49484596 -0.18530922 0.30750247
v 4.49466202 -0.18620319 0.30789222
v 4.49635038 -0.18620320 0.30406870
v 4.49674055 -0.18530925 0.30290105
v 4.49907287 -0.18620319 0.29256184
v 4.49930771 -0.18620302 0.28799994
v 4.49926969 -0.18530929 0.28799982
v 4.49811347 -0.18530920 0.27778615
v 4.49859699 -0.18620319 0.28007646
v 4.49784835 -0.18620316 0.27663191
v 4.49904498 -0.18530933 0.28327616
v 4.49484666 -0.18530922 0.26849790
v 4.49634941 -0.18620320 0.27192886
v 4.49466057 -0.18620317 0.26810475
v 4.48698969 -0.18620318 0.25706120
v 4.48924721 -0.18530916 0.25968542
v 4.48980183 -0.18620318 0.26033648
v 4.48650021 -0.18530916 0.25659641
v 4.48443419 -0.18620318 0.25457903
v 4.48431963 -0.18530917 0.25452312
v 4.47581858 -0.18530914 0.24851176
v 4.47526998 -0.18620316 0.24816033
v 4.47205180 -0.18530918 0.24665865
v 4.46821076 -0.18620318 0.24519679
v 4.47151715 -0.18620318 0.24642584
v 4.46746117 -0.18530918 0.24498984
v 4.46476275 -0.18620317 0.24423394
v 4.46398205 -0.18530915 0.24408517
v 4.46130437 -0.18620317 0.24354074
v 4.46055597 -0.18530916 0.24345848
v 4.45710302 -0.18620317 0.24307928
v 4.44258184 -0.18530916 0.24457477
v 4.44598300 -0.18530918 0.24380575
v 4.44384182 -0.18620317 0.24423168
v 4.44038016 -0.18620318 0.24519871
v 4.43929202 -0.18530915 0.24560855
v 4.43707115 -0.18620318 0.24642955
v 4.43596906 -0.18530915 0.24692582
v 4.43332798 -0.18620316 0.24816059
v 4.42984743 -0.18530914 0.25024866
v 4.43278754 -0.18530915 0.24850862
v 4.42580528 -0.18530922 0.25318216
v 4.42904574 -0.18620317 0.25074427
v 4.42620379 -0.18620318 0.25284814
v 4.42347080 -0.18620319 0.25520801
v 4.42209382 -0.18530916 0.25660246
v 4.42057712 -0.18620320 0.25819062
v 4.41935022 -0.18530918 0.25968837
v 4.41832323 -0.18620318 0.26097178
v 4.41649623 -0.18530920 0.26360547
v 4.41595657 -0.18620320 0.26440471
v 4.41375347 -0.18530922 0.26849693
v 4.41394134 -0.18620318 0.26809901
v 4.41225060 -0.18620320 0.27192700
v 4.41164692 -0.18530916 0.27367937
v 4.41075094 -0.18620317 0.27663201
v 4.41037210 -0.18530912 0.27834093
v 4.41000279 -0.18620320 0.28007447
v 4.40955444 -0.18530934 0.28327781
v 4.40952655 -0.18620319 0.28343761
v 4.40932974 -0.18530929 0.28799957
v 4.40929159 -0.18620368 0.28799945
v 4.48216767 -0.18530919 0.25269433
v 4.45010752 -0.18530916 0.24320433
v 4.45218939 -0.18620317 0.24302826
v 4.44728595 -0.18620317 0.24354134
v 4.45569891 -0.18530915 0.24303011
v 4.47875649 -0.18530914 0.25025066
v 4.47892339 -0.18620317 0.25033679
v 4.48176975 -0.18620318 0.25234588
v 4.49210138 -0.18530919 0.26360234
v 4.49264271 -0.18620321 0.26440509
v 4.49674185 -0.18530925 0.27310153
v 4.49907168 -0.18620289 0.28342368
v 4.49930748 -0.18620336 0.28799935
v 4.49926969 -0.18530929 0.28799947
v 4.48675961 -0.18640918 0.25713643
v 4.48828966 -0.18640917 0.25882044
v 4.48761959 -0.18640917 0.25812878
v 4.41155967 -0.18640916 0.30140853
v 4.41190967 -0.18640917 0.30234903
v 4.41229961 -0.18640916 0.30355614
v 4.47602958 -0.18640917 0.24883243
v 4.47798962 -0.18640918 0.24998399
v 4.47687966 -0.18640917 0.24936363
v 4.40973970 -0.18640917 0.29253071
v 4.40955969 -0.18640917 0.29026854
v 4.40968963 -0.18640918 0.29148751
v 4.45289964 -0.18640918 0.24327169
v 4.45429963 -0.18640917 0.24320636
v 4.45429963 -0.18640917 0.24324975
v 4.44045967 -0.18640917 0.24539868
v 4.43928963 -0.18640917 0.24584053
v 4.43824965 -0.18640917 0.24618147
v 4.43293959 -0.18640917 0.24867533
v 4.43189961 -0.18640918 0.24920754
v 4.43395967 -0.18640917 0.24808847
v 4.42192967 -0.18640917 0.25710111
v 4.42100961 -0.18640917 0.25802683
v 4.42262966 -0.18640917 0.25632565
v 4.42796964 -0.18640918 0.25176083
v 4.42708964 -0.18640918 0.25246923
v 4.42610962 -0.18640917 0.25318836
v 4.41550966 -0.18640917 0.26560306
v 4.41672964 -0.18640917 0.26360332
v 4.41601963 -0.18640918 0.26482194
v 4.41753967 -0.18640918 0.26248085
v 4.41805966 -0.18640917 0.26167064
v 4.41288968 -0.18640917 0.27104646
v 4.41247960 -0.18640917 0.27194672
v 4.41337963 -0.18640917 0.26978021
v 4.41075965 -0.18640918 0.27765107
v 4.41048964 -0.18640917 0.27868622
v 4.41102966 -0.18640918 0.27640587
v 4.44598967 -0.18640917 0.24402843
v 4.44498962 -0.18640917 0.24418531
v 4.44728965 -0.18640918 0.24375794
v 4.45195961 -0.18640918 0.24326787
v 4.45569963 -0.18640917 0.24327151
v 4.45655960 -0.18640917 0.24326322
v 4.40968963 -0.18640917 0.28451121
v 4.40956970 -0.18640917 0.28565532
v 4.40974971 -0.18640918 0.28331727
v 4.46665961 -0.18640917 0.24499044
v 4.46551961 -0.18640917 0.24463472
v 4.46770960 -0.18640918 0.24525878
v 4.41093966 -0.18640917 0.29922652
v 4.41041967 -0.18640917 0.29701572
v 4.41075966 -0.18640917 0.29834807
v 4.48257966 -0.18640918 0.25332173
v 4.48171968 -0.18640917 0.25257584
v 4.48347969 -0.18640917 0.25400993
v 4.41407964 -0.18640917 0.30772572
v 4.41464970 -0.18640917 0.30874144
v 4.41512964 -0.18640917 0.30973726
v 4.41887972 -0.18640916 0.31541752
v 4.41752968 -0.18640917 0.31358802
v 4.41834972 -0.18640917 0.31464963
v 4.49105961 -0.18640918 0.26240917
v 4.49025960 -0.18640918 0.26136263
v 4.48971958 -0.18640917 0.26057961
v 4.42182968 -0.18640917 0.31886076
v 4.42030964 -0.18640916 0.31717651
v 4.42098961 -0.18640917 0.31787901
v 4.42687963 -0.18640917 0.32342093
v 4.42511962 -0.18640917 0.32198672
v 4.42599974 -0.18640917 0.32266741
v 4.49451966 -0.18640917 0.26827152
v 4.49394961 -0.18640917 0.26724603
v 4.49345965 -0.18640917 0.26625963
v 4.43255971 -0.18640917 0.32716452
v 4.43060969 -0.18640917 0.32601313
v 4.43171964 -0.18640917 0.32663666
v 4.49630959 -0.18640917 0.27244194
v 4.49703963 -0.18640917 0.27458979
v 4.49668963 -0.18640917 0.27364804
v 4.49817963 -0.18640918 0.27898206
v 4.49783965 -0.18640917 0.27765729
v 4.49765964 -0.18640917 0.27677150
v 4.44088970 -0.18640917 0.33073888
v 4.44193970 -0.18640917 0.33100806
v 4.44306968 -0.18640917 0.33136330
v 4.49885966 -0.18640917 0.28346743
v 4.49903961 -0.18640917 0.28573068
v 4.49890967 -0.18640918 0.28451826
v 4.44976972 -0.18640917 0.33256350
v 4.44751964 -0.18640917 0.33227668
v 4.44872962 -0.18640917 0.33240221
v 4.49890968 -0.18640918 0.29148181
v 4.49902960 -0.18640917 0.29034401
v 4.49884960 -0.18640917 0.29268093
v 4.49106965 -0.18640916 0.31350763
v 4.49186966 -0.18640917 0.31239523
v 4.49053965 -0.18640916 0.31432791
v 4.49308965 -0.18640916 0.31039579
v 4.49257967 -0.18640916 0.31117602
v 4.48758969 -0.18640917 0.31797220
v 4.48596964 -0.18640917 0.31967326
v 4.48666964 -0.18640917 0.31889500
v 4.48148964 -0.18640917 0.32354017
v 4.48248968 -0.18640917 0.32281073
v 4.48062966 -0.18640917 0.32423803
v 4.47669969 -0.18640917 0.32679197
v 4.47463964 -0.18640917 0.32791122
v 4.47566972 -0.18640917 0.32731887
v 4.46930967 -0.18640917 0.33015737
v 4.47034965 -0.18640917 0.32981810
v 4.46813963 -0.18640917 0.33060107
v 4.49521968 -0.18640918 0.30621822
v 4.49570963 -0.18640918 0.30496462
v 4.49611971 -0.18640917 0.30405171
v 4.46259962 -0.18640917 0.33197245
v 4.46360968 -0.18640917 0.33181426
v 4.46130966 -0.18640917 0.33224163
v 4.49756965 -0.18640917 0.29959215
v 4.49783966 -0.18640917 0.29834242
v 4.49810967 -0.18640917 0.29731162
v 4.45985967 -0.18640917 0.24359617
v 4.45882958 -0.18640917 0.24343512
v 4.46107966 -0.18640917 0.24372182
v 4.45150966 -0.18640917 0.24333695
v 4.45011968 -0.18640917 0.24344538
v 4.44961965 -0.18640918 0.24345187
v 4.44872958 -0.18640918 0.24359719
v 4.44735962 -0.18640917 0.24379144
v 4.44462961 -0.18640917 0.24430744
v 4.44327969 -0.18640917 0.24462853
v 4.44270963 -0.18640918 0.24473266
v 4.44193966 -0.18640918 0.24499105
v 4.44060964 -0.18640917 0.24539529
v 4.43798966 -0.18640917 0.24632679
v 4.43670959 -0.18640917 0.24685358
v 4.43607969 -0.18640918 0.24707888
v 4.43542964 -0.18640917 0.24742089
v 4.43417961 -0.18640917 0.24802821
v 4.43171967 -0.18640917 0.24936168
v 4.43052966 -0.18640917 0.25008594
v 4.42989964 -0.18640917 0.25043272
v 4.42935968 -0.18640917 0.25084548
v 4.42820961 -0.18640917 0.25164043
v 4.42599971 -0.18640917 0.25333141
v 4.42493958 -0.18640917 0.25422656
v 4.42432959 -0.18640917 0.25471144
v 4.42390961 -0.18640918 0.25515365
v 4.42289967 -0.18640917 0.25611209
v 4.42098958 -0.18640917 0.25812011
v 4.42007966 -0.18640917 0.25916814
v 4.41948969 -0.18640917 0.25981002
v 4.41919966 -0.18640917 0.26024496
v 4.41834970 -0.18640918 0.26134914
v 4.41675968 -0.18640918 0.26363831
v 4.41531964 -0.18640918 0.26602822
v 4.41464968 -0.18640917 0.26725804
v 4.41438968 -0.18640918 0.26766371
v 4.41401966 -0.18640917 0.26850366
v 4.41342969 -0.18640917 0.26976746
v 4.41237976 -0.18640917 0.27234125
v 4.41190966 -0.18640917 0.27364957
v 4.41169961 -0.18640918 0.27415722
v 4.41148968 -0.18640917 0.27497172
v 4.41110965 -0.18640917 0.27630543
v 4.41045960 -0.18640917 0.27900624
v 4.41020962 -0.18640918 0.28037125
v 4.41005965 -0.18640918 0.28099215
v 4.40998968 -0.18640918 0.28174412
v 4.40981968 -0.18640917 0.28312468
v 4.40959963 -0.18640917 0.28590345
v 4.40955969 -0.18640917 0.28729975
v 4.40950962 -0.18640917 0.28799975
v 4.40955969 -0.18640917 0.28869796
v 4.40959963 -0.18640917 0.29009443
v 4.40981969 -0.18640917 0.29287421
v 4.40998968 -0.18640917 0.29425460
v 4.41001960 -0.18640917 0.29478186
v 4.41019961 -0.18640917 0.29562771
v 4.41045961 -0.18640917 0.29699242
v 4.41109964 -0.18640917 0.29969316
v 4.41148970 -0.18640917 0.30102741
v 4.41237971 -0.18640917 0.30365794
v 4.41288969 -0.18640917 0.30495226
v 4.41313967 -0.18640917 0.30566376
v 4.41342971 -0.18640917 0.30623185
v 4.41401968 -0.18640917 0.30749481
v 4.41530964 -0.18640918 0.30996876
v 4.41601965 -0.18640918 0.31117743
v 4.41628966 -0.18640917 0.31169307
v 4.41675971 -0.18640918 0.31236004
v 4.41753969 -0.18640917 0.31351852
v 4.41919968 -0.18640917 0.31575435
v 4.42007969 -0.18640917 0.31683063
v 4.42192970 -0.18640917 0.31889772
v 4.42289970 -0.18640917 0.31988703
v 4.42343972 -0.18640917 0.32046555
v 4.42390964 -0.18640917 0.32084524
v 4.42493961 -0.18640917 0.32177251
v 4.42708967 -0.18640917 0.32352983
v 4.42820964 -0.18640917 0.32435851
v 4.42870973 -0.18640917 0.32476412
v 4.42935966 -0.18640917 0.32515322
v 4.43052970 -0.18640917 0.32591282
v 4.43293963 -0.18640917 0.32732312
v 4.43417965 -0.18640917 0.32797103
v 4.43456970 -0.18640917 0.32821541
v 4.43542968 -0.18640917 0.32857834
v 4.43663965 -0.18640917 0.32916306
v 4.43670963 -0.18640917 0.32914565
v 4.43798970 -0.18640917 0.32967244
v 4.43873964 -0.18640917 0.33000491
v 4.43928967 -0.18640917 0.33015869
v 4.44060968 -0.18640917 0.33060394
v 4.44327973 -0.18640917 0.33137081
v 4.44462965 -0.18640917 0.33169184
v 4.44527970 -0.18640917 0.33187626
v 4.44598971 -0.18640917 0.33197091
v 4.44735967 -0.18640917 0.33220766
v 4.45011972 -0.18640917 0.33255372
v 4.45150970 -0.18640917 0.33266244
v 4.45202969 -0.18640917 0.33273563
v 4.45429967 -0.18640917 0.33279297
v 4.45289968 -0.18640917 0.33272765
v 4.45429967 -0.18640917 0.33274970
v 4.45569967 -0.18640917 0.33272788
v 4.45663963 -0.18640917 0.33273194
v 4.45708965 -0.18640917 0.33266279
v 4.45846961 -0.18640917 0.33255455
v 4.45897971 -0.18640917 0.33254823
v 4.45985971 -0.18640917 0.33240316
v 4.46122967 -0.18640917 0.33220920
v 4.46395968 -0.18640917 0.33169350
v 4.46531962 -0.18640917 0.33137223
v 4.46588968 -0.18640917 0.33126697
v 4.46665965 -0.18640917 0.33100912
v 4.46798967 -0.18640917 0.33060393
v 4.47061966 -0.18640917 0.32966932
v 4.47190963 -0.18640917 0.32914063
v 4.47251962 -0.18640917 0.32892057
v 4.47317968 -0.18640917 0.32857164
v 4.47442971 -0.18640917 0.32796451
v 4.47687970 -0.18640917 0.32663604
v 4.47806964 -0.18640917 0.32591614
v 4.47869967 -0.18640917 0.32556626
v 4.47922967 -0.18640917 0.32515975
v 4.48037968 -0.18640917 0.32436773
v 4.48257969 -0.18640917 0.32267793
v 4.48364971 -0.18640917 0.32178172
v 4.48426972 -0.18640917 0.32128759
v 4.48468969 -0.18640917 0.32085176
v 4.48569963 -0.18640917 0.31988867
v 4.48761962 -0.18640917 0.31787111
v 4.48852966 -0.18640916 0.31681987
v 4.48910961 -0.18640917 0.31618889
v 4.48940966 -0.18640917 0.31574150
v 4.49025962 -0.18640917 0.31463750
v 4.49183962 -0.18640916 0.31235393
v 4.49327967 -0.18640917 0.30997612
v 4.49394962 -0.18640917 0.30875339
v 4.49420962 -0.18640918 0.30833490
v 4.49456963 -0.18640916 0.30751033
v 4.49515972 -0.18640917 0.30624654
v 4.49621961 -0.18640917 0.30366452
v 4.49668965 -0.18640916 0.30235233
v 4.49689969 -0.18640917 0.30184098
v 4.49710962 -0.18640917 0.30102654
v 4.49749967 -0.18640917 0.29969014
v 4.49813971 -0.18640917 0.29698582
v 4.49839970 -0.18640917 0.29561998
v 4.49853965 -0.18640917 0.29500581
v 4.49860963 -0.18640917 0.29424705
v 4.49877962 -0.18640917 0.29286702
v 4.49899980 -0.18640917 0.29009153
v 4.49903967 -0.18640917 0.28869797
v 4.49908968 -0.18640917 0.28799965
v 4.49903961 -0.18640917 0.28730281
v 4.49899980 -0.18640917 0.28590907
v 4.49877962 -0.18640917 0.28313287
v 4.49860962 -0.18640917 0.28175302
v 4.49857970 -0.18640918 0.28121598
v 4.49839969 -0.18640917 0.28037979
v 4.49813970 -0.18640918 0.27901431
v 4.49749966 -0.18640917 0.27631010
v 4.49710961 -0.18640917 0.27497311
v 4.49621959 -0.18640917 0.27233519
v 4.49570961 -0.18640918 0.27103694
v 4.49545963 -0.18640918 0.27033408
v 4.49515970 -0.18640917 0.26975329
v 4.49456961 -0.18640918 0.26848991
v 4.49327965 -0.18640917 0.26602407
v 4.49257965 -0.18640917 0.26482340
v 4.49230964 -0.18640918 0.26430400
v 4.49183960 -0.18640918 0.26364609
v 4.49106963 -0.18640917 0.26249178
v 4.48940964 -0.18640917 0.26025810
v 4.48852963 -0.18640917 0.25918033
v 4.48666961 -0.18640918 0.25710579
v 4.48569960 -0.18640917 0.25611123
v 4.48515958 -0.18640917 0.25553157
v 4.48468966 -0.18640918 0.25514873
v 4.48364968 -0.18640918 0.25421795
v 4.48148960 -0.18640918 0.25245949
v 4.48037965 -0.18640917 0.25163218
v 4.47988958 -0.18640917 0.25123307
v 4.47922963 -0.18640917 0.25083991
v 4.47806961 -0.18640917 0.25008365
v 4.47566969 -0.18640917 0.24868074
v 4.47442967 -0.18640917 0.24803534
v 4.47401959 -0.18640918 0.24778184
v 4.47317964 -0.18640917 0.24742803
v 4.47195965 -0.18640917 0.24683455
v 4.47190959 -0.18640918 0.24685964
v 4.47061962 -0.18640917 0.24633047
v 4.46984965 -0.18640917 0.24599287
v 4.46930963 -0.18640917 0.24584225
v 4.46798963 -0.18640917 0.24539557
v 4.46531958 -0.18640918 0.24462715
v 4.46396965 -0.18640917 0.24430594
v 4.46330959 -0.18640918 0.24412218
v 4.46259958 -0.18640917 0.24402693
v 4.46122962 -0.18640917 0.24379030
v 4.45847959 -0.18640918 0.24344495
v 4.45708961 -0.18640917 0.24333653
v 4.45429967 -0.18632095 0.33296535
v 4.45203076 -0.18620190 0.33294508
v 4.45194207 -0.18634858 0.33287725
v 4.44957779 -0.18629796 0.33272813
v 4.44946812 -0.18620133 0.33274040
v 4.44088970 -0.18640917 0.33073888
v 4.44306968 -0.18640917 0.33136330
v 4.44222127 -0.18638415 0.33124934
v 4.44466804 -0.18636983 0.33188937
v 4.43736552 -0.18638320 0.32959221
v 4.43873964 -0.18640917 0.33000491
v 4.43977211 -0.18638388 0.33049033
v 4.43457959 -0.18642503 0.32822172
v 4.43263112 -0.18637325 0.32734405
v 4.43255959 -0.18641114 0.32716464
v 4.42867885 -0.18642737 0.32474451
v 4.42599652 -0.18639606 0.32282161
v 4.42687963 -0.18640917 0.32342093
v 4.42511962 -0.18640917 0.32198672
v 4.41752968 -0.18640917 0.31358802
v 4.41887972 -0.18640916 0.31541752
v 4.41846523 -0.18638231 0.31506967
v 4.41692410 -0.18639145 0.31285917
v 4.41553662 -0.18639083 0.31063336
v 4.41628966 -0.18640917 0.31169307
v 4.41155860 -0.18641357 0.30140614
v 4.41063485 -0.18633838 0.29869991
v 4.41093847 -0.18641577 0.29922354
v 4.40950962 -0.18640917 0.28799975
v 4.40955969 -0.18640917 0.29026854
v 4.40938481 -0.18637311 0.28912306
v 4.40973970 -0.18640917 0.29253071
v 4.40954801 -0.18639355 0.29144400
v 4.40941533 -0.18638829 0.28683614
v 4.40956970 -0.18640917 0.28565532
v 4.40974971 -0.18640918 0.28331727
v 4.40950092 -0.18636531 0.28443008
v 4.40976282 -0.18636825 0.28201812
v 4.41102966 -0.18640918 0.27640587
v 4.41048964 -0.18640917 0.27868622
v 4.41067358 -0.18636661 0.27722275
v 4.41014298 -0.18636811 0.27965903
v 4.41005965 -0.18640918 0.28099215
v 4.41138943 -0.18638219 0.27475089
v 4.41169961 -0.18640918 0.27415722
v 4.41247840 -0.18641288 0.27194917
v 4.41219814 -0.18636966 0.27234566
v 4.41551120 -0.18641967 0.26559859
v 4.41702778 -0.18638232 0.26294690
v 4.41672964 -0.18640917 0.26360332
v 4.41948969 -0.18640917 0.25981002
v 4.41805966 -0.18640917 0.26167064
v 4.41860337 -0.18639061 0.26078599
v 4.42100961 -0.18640917 0.25802683
v 4.42031975 -0.18638282 0.25864165
v 4.42261166 -0.18642779 0.25634151
v 4.42432983 -0.18641301 0.25471090
v 4.42399354 -0.18634466 0.25480436
v 4.42796964 -0.18640918 0.25176083
v 4.42610962 -0.18640917 0.25318836
v 4.42613811 -0.18638746 0.25302934
v 4.42989964 -0.18640917 0.25043272
v 4.42825467 -0.18637310 0.25139212
v 4.43045265 -0.18636619 0.24991088
v 4.43280233 -0.18637718 0.24855905
v 4.43189961 -0.18640918 0.24920754
v 4.43395967 -0.18640917 0.24808847
v 4.43606431 -0.18642096 0.24708496
v 4.43753094 -0.18638292 0.24633978
v 4.43824965 -0.18640917 0.24618147
v 4.44045324 -0.18641922 0.24540011
v 4.43990523 -0.18632840 0.24540542
v 4.44498915 -0.18641886 0.24418460
v 4.44477183 -0.18633539 0.24406825
v 4.44719619 -0.18632377 0.24360065
v 4.44233984 -0.18634851 0.24468146
v 4.44270712 -0.18641888 0.24473260
v 4.44960755 -0.18634796 0.24330566
v 4.45197672 -0.18620211 0.24305651
v 4.45197433 -0.18634787 0.24311987
v 4.45429963 -0.18632885 0.24303947
v 4.45429963 -0.18620339 0.24300227
v 4.41313668 -0.18633469 0.26992368
v 4.41338022 -0.18641372 0.26977789
v 4.41001853 -0.18641588 0.29477739
v 4.41013190 -0.18636821 0.29627132
v 4.41041967 -0.18640917 0.29701572
v 4.41512964 -0.18640917 0.30973726
v 4.41408298 -0.18641989 0.30773437
v 4.42031071 -0.18641116 0.31717806
v 4.42346177 -0.18642722 0.32048844
v 4.43663965 -0.18640917 0.32916306
v 4.44527970 -0.18640917 0.33187626
v 4.44710885 -0.18639237 0.33230577
v 4.44751964 -0.18640917 0.33227668
v 4.44975804 -0.18642521 0.33256385
v 4.43060969 -0.18641455 0.32601355
v 4.42013583 -0.18635976 0.31719511
v 4.42182908 -0.18641280 0.31886052
v 4.41133937 -0.18636882 0.30111539
v 4.41229710 -0.18642073 0.30355173
v 4.41213271 -0.18633692 0.30358636
v 4.41554005 -0.18633939 0.26523470
v 4.43508697 -0.18632129 0.24734508
v 4.45202766 -0.18641860 0.33273647
v 4.45429967 -0.18641960 0.33279393
v 4.43497370 -0.18631255 0.32860331
v 4.43031917 -0.18635704 0.32600211
v 4.42196689 -0.18635849 0.31920730
v 4.40976533 -0.18637069 0.29385936
v 4.41438921 -0.18642490 0.26766067
v 4.41426857 -0.18632640 0.26752913
v 4.43725978 -0.18620125 0.32965170
v 4.41420028 -0.18633644 0.30831766
v 4.41314289 -0.18642573 0.30567467
v 4.41215153 -0.18620139 0.27223277
v 4.41844804 -0.18620070 0.26079577
v 4.44729132 -0.18641863 0.24375699
v 4.45196194 -0.18641875 0.24326692
v 4.44962198 -0.18641873 0.24345080
v 4.45429963 -0.18641766 0.24320564
v 4.43257259 -0.18620246 0.32741170
v 4.42810057 -0.18629028 0.32456301
v 4.42596457 -0.18629317 0.32292752
v 4.42392073 -0.18629243 0.32116716
v 4.41308853 -0.18632825 0.30597114
v 4.41212341 -0.18620189 0.30367446
v 4.40944966 -0.18627731 0.29151392
v 4.42201085 -0.18629473 0.25669061
v 4.44716679 -0.18620456 0.33244012
v 4.42197035 -0.18620375 0.31931286
v 4.41680369 -0.18620035 0.31289118
v 4.41538355 -0.18620426 0.31061720
v 4.41055736 -0.18620288 0.29858195
v 4.41122529 -0.18620332 0.30104255
v 4.40932068 -0.18620261 0.28923595
v 4.40971371 -0.18620226 0.28188866
v 4.44203745 -0.18620357 0.33129941
v 4.43979023 -0.18620136 0.33060096
v 4.43473647 -0.18620339 0.32852899
v 4.43017898 -0.18620392 0.32599198
v 4.42619024 -0.18620517 0.32316398
v 4.41840992 -0.18620123 0.31515234
v 4.41416964 -0.18620342 0.30835843
v 4.41007623 -0.18620357 0.29632324
v 4.40969333 -0.18620164 0.29397428
v 4.40930399 -0.18620226 0.28715086
v 4.41127499 -0.18620114 0.27480191
v 4.41317423 -0.18620332 0.26973730
v 4.41433389 -0.18620280 0.26731199
v 4.41687138 -0.18620242 0.26301103
v 4.42015011 -0.18620249 0.25868773
v 4.42602570 -0.18619968 0.25298213
v 4.43036080 -0.18620286 0.24989765
v 4.42825706 -0.18620155 0.25129752
v 4.43728859 -0.18620170 0.24633460
v 4.44235891 -0.18620111 0.24460898
v 4.44949061 -0.18620164 0.24325428
v 4.41547651 -0.18620320 0.26524204
v 4.42392296 -0.18619991 0.25479846
v 4.43253941 -0.18620474 0.24860661
v 4.44471592 -0.18620313 0.24403236
v 4.45429967 -0.18620338 0.33299706
v 4.44487356 -0.18620254 0.33199940
v 4.42015324 -0.18620032 0.31731241
v 4.41924093 -0.18620597 0.31620567
v 4.41313681 -0.18620234 0.30617761
v 4.40945097 -0.18620127 0.29155206
v 4.40945121 -0.18620158 0.28437423
v 4.41008325 -0.18620377 0.27963495
v 4.41056593 -0.18620124 0.27739823
v 4.42512316 -0.18620609 0.25374775
v 4.43487639 -0.18620342 0.24740790
v 4.43980414 -0.18620075 0.24539839
v 4.44697303 -0.18620364 0.24359993
v 4.42201299 -0.18620377 0.25663524
usemtl GrayCastMetal
f 1 2 3
f 4 1 5
f 6 5 1
f 6 7 8
f 7 9 8
f 10 9 11
f 11 12 10
f 12 11 13
f 12 13 14
f 9 10 8
f 6 8 5
f 4 2 1
f 15 3 2
f 15 2 16
f 15 17 18
f 16 17 15
f 19 20 21
f 22 21 23
f 24 19 25
f 26 27 28
f 29 26 30
f 31 32 33
f 34 28 27
f 32 35 36
f 37 38 39
f 40 39 38
f 37 41 38
f 37 36 41
f 41 36 35
f 32 31 35
f 34 31 33
f 33 28 34
f 29 27 26
f 29 30 42
f 42 24 25
f 42 30 24
f 24 20 19
f 19 21 22
f 23 21 43
f 43 44 23
f 45 44 46
f 46 44 43
f 45 47 48
f 45 48 44
f 49 50 47
f 45 49 47
f 51 50 52
f 47 50 51
f 52 53 54
f 52 50 53
f 55 56 54
f 56 52 54
f 57 55 58
f 58 55 54
f 57 59 55
f 59 57 60
f 61 62 63
f 64 63 62
f 64 62 65
f 63 66 61
f 67 68 69
f 66 69 68
f 66 63 69
f 64 65 70
f 70 65 71
f 72 70 71
f 72 71 73
f 74 72 73
f 73 75 74
f 74 75 76
f 75 77 76
f 75 78 77
f 79 80 81
f 80 79 82
f 83 84 85
f 86 87 88
f 86 89 90
f 91 92 93
f 92 91 88
f 94 95 96
f 97 93 98
f 95 94 99
f 96 90 89
f 100 99 101
f 102 97 103
f 104 105 106
f 103 105 107
f 108 109 110
f 100 101 110
f 111 112 108
f 106 113 114
f 115 116 117
f 115 118 119
f 85 112 111
f 120 121 122
f 123 124 125
f 126 127 128
f 126 129 130
f 126 130 127
f 129 126 131
f 131 126 132
f 102 103 107
f 133 134 135
f 136 137 138
f 138 139 140
f 137 139 138
f 138 140 134
f 141 134 142
f 134 140 142
f 143 134 141
f 134 143 144
f 134 144 135
f 134 133 145
f 134 145 132
f 146 132 147
f 132 145 147
f 148 132 146
f 132 148 149
f 149 150 132
f 131 132 150
f 128 83 126
f 84 83 128
f 112 85 84
f 109 108 112
f 100 110 109
f 95 99 100
f 90 96 95
f 87 86 90
f 92 88 87
f 98 93 92
f 103 97 98
f 151 107 105
f 106 114 104
f 105 104 151
f 106 119 113
f 118 115 117
f 113 119 118
f 116 115 152
f 120 153 152
f 153 116 152
f 154 122 121
f 121 120 152
f 154 124 155
f 154 155 122
f 125 156 123
f 154 125 124
f 157 156 138
f 123 156 157
f 138 158 136
f 138 156 158
f 159 160 161
f 159 161 162
f 163 164 165
f 166 167 168
f 169 170 171
f 170 172 171
f 173 168 174
f 172 170 173
f 172 173 174
f 167 174 168
f 166 164 167
f 164 166 165
f 169 171 175
f 169 175 176
f 177 176 175
f 176 177 178
f 178 177 179
f 178 179 180
f 179 181 180
f 181 182 180
f 182 183 184
f 183 182 181
f 185 186 187
f 188 189 190
f 191 192 193
f 191 194 195
f 196 197 198
f 199 200 201
f 199 201 202
f 203 204 205
f 205 199 203
f 206 205 207
f 204 207 205
f 208 205 209
f 205 206 209
f 205 210 211
f 212 213 210
f 198 197 214
f 215 216 192
f 217 188 190
f 217 187 186
f 187 217 190
f 185 195 186
f 194 191 193
f 191 195 218
f 219 216 215
f 220 221 219
f 220 210 221
f 210 220 222
f 222 214 197
f 222 197 210
f 210 205 212
f 223 224 225
f 208 212 205
f 210 197 211
f 202 226 203
f 202 203 199
f 200 199 227
f 227 199 228
f 205 229 199
f 230 231 232
f 232 233 229
f 234 229 235
f 236 233 237
f 238 239 240
f 241 242 243
f 244 245 246
f 247 248 249
f 250 251 252
f 253 254 255
f 254 253 256
f 251 250 257
f 252 258 259
f 260 258 261
f 262 263 264
f 265 266 241
f 267 268 269
f 270 271 272
f 273 268 274
f 275 276 277
f 278 279 280
f 281 282 283
f 284 285 286
f 287 288 289
f 290 291 292
f 293 294 295
f 235 296 297
f 229 205 230
f 199 229 228
f 228 229 234
f 218 195 185
f 216 193 192
f 220 219 215
f 213 298 210
f 224 211 197
f 299 225 300
f 211 230 205
f 232 229 230
f 301 237 231
f 233 235 229
f 233 296 235
f 196 302 197
f 303 197 302
f 197 303 224
f 224 223 211
f 300 304 299
f 223 230 211
f 230 223 231
f 305 306 307
f 231 237 232
f 308 236 307
f 237 233 232
f 233 236 296
f 236 309 296
f 310 225 311
f 224 311 225
f 312 313 314
f 223 225 299
f 231 223 299
f 231 299 301
f 301 307 237
f 236 237 307
f 309 236 308
f 309 308 315
f 310 316 225
f 316 300 225
f 317 318 312
f 304 301 299
f 307 301 305
f 319 320 321
f 301 304 305
f 306 293 308
f 294 293 320
f 306 308 307
f 295 308 293
f 300 316 322
f 314 322 323
f 322 314 300
f 300 314 313
f 313 304 300
f 321 305 304
f 321 304 313
f 324 319 325
f 305 321 320
f 305 320 306
f 306 320 293
f 295 294 326
f 308 295 315
f 327 328 329
f 318 313 312
f 330 331 329
f 321 313 318
f 321 318 319
f 319 324 320
f 324 332 294
f 333 334 270
f 320 324 294
f 332 326 294
f 326 332 335
f 336 312 323
f 323 312 314
f 336 317 312
f 328 337 338
f 331 318 317
f 339 338 337
f 340 330 338
f 319 318 331
f 319 331 325
f 324 325 341
f 341 333 332
f 341 332 324
f 342 332 333
f 332 342 335
f 343 335 342
f 342 344 343
f 327 336 345
f 336 327 317
f 327 331 317
f 331 327 329
f 346 340 339
f 330 325 331
f 341 325 347
f 325 330 347
f 341 347 334
f 333 341 334
f 348 342 270
f 270 342 333
f 344 342 348
f 327 345 328
f 329 328 338
f 329 338 330
f 349 339 350
f 340 347 330
f 340 346 271
f 347 340 271
f 272 238 351
f 334 347 271
f 334 271 270
f 272 292 270
f 270 292 348
f 352 344 348
f 348 292 352
f 328 345 353
f 353 337 328
f 354 355 349
f 339 340 338
f 356 349 355
f 271 357 238
f 271 346 357
f 351 290 272
f 238 272 271
f 290 292 272
f 292 291 352
f 358 359 291
f 360 337 361
f 362 363 354
f 337 360 350
f 350 339 337
f 339 349 346
f 357 346 356
f 356 346 349
f 357 356 239
f 357 239 238
f 240 351 238
f 290 240 358
f 240 290 351
f 358 291 290
f 361 337 353
f 362 360 361
f 350 360 354
f 354 360 362
f 354 349 350
f 364 365 366
f 365 364 267
f 239 367 269
f 368 240 269
f 356 355 367
f 239 356 367
f 240 239 269
f 369 358 368
f 358 240 368
f 370 358 369
f 371 363 372
f 371 354 363
f 354 371 365
f 365 355 354
f 367 355 267
f 365 267 355
f 373 368 268
f 269 367 267
f 368 269 268
f 374 369 373
f 373 369 368
f 370 359 358
f 374 370 369
f 370 374 375
f 366 372 376
f 372 366 371
f 377 378 379
f 371 366 365
f 364 377 380
f 380 381 382
f 383 373 273
f 274 267 364
f 274 268 267
f 383 384 373
f 273 373 268
f 384 374 373
f 374 384 375
f 384 289 288
f 385 375 384
f 377 376 386
f 376 377 366
f 387 379 378
f 244 379 387
f 366 377 364
f 244 381 379
f 274 364 380
f 273 274 382
f 383 273 388
f 274 380 382
f 382 388 273
f 384 383 289
f 388 389 383
f 389 289 383
f 287 390 288
f 378 386 391
f 386 378 377
f 391 392 387
f 377 379 380
f 382 381 388
f 381 380 379
f 388 393 389
f 381 393 388
f 389 394 289
f 393 394 389
f 394 287 289
f 384 288 385
f 387 378 391
f 244 392 245
f 381 246 393
f 244 246 381
f 393 395 394
f 246 395 393
f 394 396 287
f 395 396 394
f 287 397 390
f 397 287 396
f 398 392 391
f 399 266 392
f 244 387 392
f 246 400 395
f 245 400 246
f 395 276 396
f 400 401 395
f 401 276 395
f 396 276 397
f 402 277 403
f 397 276 275
f 398 404 405
f 406 399 405
f 399 392 405
f 242 241 407
f 266 245 392
f 245 265 400
f 245 266 265
f 400 408 401
f 400 265 408
f 401 409 276
f 401 408 409
f 276 409 277
f 402 275 277
f 398 405 392
f 404 406 405
f 406 241 266
f 399 406 266
f 408 265 243
f 265 241 243
f 409 408 410
f 408 243 410
f 277 409 411
f 409 410 411
f 277 411 403
f 402 403 412
f 406 404 413
f 413 407 406
f 406 407 241
f 410 243 414
f 243 242 414
f 411 410 415
f 410 414 415
f 411 415 416
f 403 411 416
f 403 416 417
f 412 417 418
f 407 413 419
f 419 420 407
f 414 242 421
f 407 420 242
f 420 421 242
f 415 414 422
f 414 421 422
f 416 415 423
f 415 422 423
f 417 416 278
f 416 423 278
f 417 278 280
f 403 417 412
f 424 420 419
f 262 425 248
f 426 427 421
f 420 426 421
f 427 428 422
f 422 421 427
f 428 429 423
f 423 422 428
f 429 279 278
f 278 423 429
f 430 280 279
f 417 280 418
f 431 425 262
f 420 424 426
f 264 426 431
f 426 424 431
f 432 427 264
f 427 426 264
f 433 427 432
f 428 427 433
f 434 429 433
f 429 428 433
f 279 429 434
f 435 279 434
f 279 435 430
f 435 436 430
f 262 248 437
f 264 431 262
f 438 432 263
f 263 432 264
f 439 433 438
f 438 433 432
f 440 434 439
f 439 434 433
f 282 434 440
f 282 435 434
f 435 441 436
f 435 282 441
f 437 442 263
f 437 263 262
f 442 443 438
f 442 438 263
f 443 444 439
f 443 439 438
f 444 440 439
f 444 283 282
f 444 282 440
f 247 249 445
f 247 446 437
f 247 437 248
f 446 447 442
f 446 442 437
f 447 448 443
f 447 443 442
f 448 449 444
f 448 444 443
f 449 450 444
f 450 283 444
f 450 451 283
f 282 281 441
f 283 451 281
f 261 452 446
f 261 446 247
f 452 453 447
f 452 447 446
f 453 454 448
f 453 448 447
f 454 449 448
f 454 455 449
f 455 450 449
f 455 456 451
f 451 450 455
f 260 261 247
f 260 247 445
f 258 260 259
f 452 261 457
f 258 457 261
f 453 452 457
f 457 458 453
f 454 453 458
f 458 459 454
f 455 454 459
f 459 460 455
f 460 284 455
f 456 455 284
f 284 286 456
f 252 259 250
f 258 461 457
f 252 461 258
f 461 462 457
f 457 462 458
f 458 463 459
f 462 463 458
f 459 463 464
f 459 464 460
f 460 465 284
f 460 464 465
f 284 465 285
f 252 466 461
f 252 251 466
f 461 466 462
f 462 466 467
f 462 467 463
f 464 463 468
f 463 467 468
f 465 464 468
f 465 468 469
f 285 465 470
f 465 469 470
f 251 471 472
f 466 251 473
f 251 472 473
f 466 473 474
f 467 466 474
f 467 474 475
f 468 467 475
f 468 475 476
f 469 468 476
f 469 476 477
f 470 469 477
f 478 470 477
f 253 479 472
f 473 472 479
f 479 480 473
f 474 473 480
f 480 481 475
f 475 474 480
f 476 475 481
f 481 482 476
f 482 483 477
f 477 476 482
f 483 484 477
f 478 477 484
f 485 253 472
f 255 479 253
f 255 480 479
f 255 486 480
f 486 481 480
f 486 487 481
f 487 482 481
f 487 488 482
f 488 483 482
f 488 489 483
f 489 484 483
f 490 491 492
f 493 494 495
f 495 494 496
f 497 495 496
f 497 496 498
f 499 498 496
f 500 501 502
f 503 499 496
f 503 496 504
f 505 503 504
f 506 505 504
f 507 506 504
f 507 508 506
f 509 510 493
f 511 512 513
f 514 513 509
f 511 513 515
f 510 509 513
f 513 514 515
f 516 517 515
f 516 514 518
f 516 519 520
f 521 516 518
f 514 516 515
f 522 523 524
f 525 526 527
f 528 529 530
f 531 532 533
f 534 535 530
f 534 536 537
f 538 539 540
f 541 542 543
f 544 545 546
f 547 548 549
f 546 550 551
f 552 553 554
f 555 556 557
f 555 558 556
f 559 560 561
f 562 563 564
f 560 565 561
f 566 567 563
f 568 563 567
f 569 570 563
f 563 568 569
f 570 571 564
f 564 563 570
f 571 572 564
f 573 574 575
f 576 577 578
f 579 580 581
f 579 576 578
f 577 576 582
f 578 580 579
f 581 580 583
f 573 583 580
f 584 573 575
f 583 573 584
f 574 585 575
f 586 587 585
f 572 587 586
f 572 586 588
f 564 572 588
f 561 565 563
f 565 566 563
f 589 590 546
f 547 544 551
f 493 510 494
f 591 592 593
f 592 594 595
f 520 596 516
f 511 515 517
f 597 598 599
f 512 510 513
f 512 494 510
f 494 512 490
f 600 491 490
f 492 494 490
f 494 492 496
f 504 496 492
f 507 504 492
f 508 507 601
f 596 602 603
f 516 596 517
f 517 596 603
f 603 604 517
f 511 517 604
f 511 604 605
f 512 511 605
f 490 512 600
f 600 512 605
f 492 491 507
f 602 606 603
f 606 607 603
f 603 607 604
f 604 607 608
f 608 609 598
f 597 604 608
f 604 597 605
f 605 597 610
f 610 600 605
f 600 610 611
f 600 611 491
f 502 491 611
f 491 501 507
f 491 502 501
f 608 607 609
f 607 612 609
f 613 614 615
f 598 614 616
f 613 617 616
f 598 597 608
f 599 611 610
f 597 599 610
f 611 599 618
f 611 619 502
f 611 618 619
f 619 620 502
f 502 620 500
f 612 621 609
f 621 622 609
f 622 614 609
f 623 624 625
f 614 598 609
f 598 616 525
f 626 526 627
f 598 525 599
f 527 618 599
f 527 599 525
f 628 618 527
f 619 618 628
f 629 619 628
f 629 630 619
f 620 619 630
f 622 615 614
f 613 615 631
f 616 614 613
f 522 632 633
f 617 627 616
f 626 632 522
f 627 525 616
f 627 526 525
f 628 527 634
f 527 526 634
f 635 636 637
f 629 628 638
f 628 634 638
f 638 639 629
f 629 639 630
f 640 613 631
f 617 613 640
f 632 617 640
f 627 617 632
f 526 641 634
f 632 626 627
f 526 626 641
f 638 634 635
f 634 641 635
f 639 638 642
f 633 631 625
f 640 631 633
f 643 624 531
f 640 633 632
f 522 643 523
f 524 641 626
f 626 522 524
f 641 636 635
f 641 524 644
f 641 644 636
f 645 646 647
f 635 642 638
f 637 648 642
f 642 635 637
f 623 649 650
f 651 652 650
f 633 625 624
f 652 653 528
f 531 650 654
f 624 643 633
f 655 656 657
f 531 533 643
f 643 522 633
f 658 644 524
f 658 636 644
f 658 524 523
f 636 658 659
f 659 637 636
f 623 650 624
f 654 652 528
f 531 624 650
f 660 658 523
f 643 533 523
f 660 523 533
f 661 659 658
f 658 660 661
f 662 659 661
f 662 663 664
f 659 665 637
f 662 666 659
f 659 666 665
f 637 665 648
f 651 650 649
f 653 667 529
f 654 650 652
f 528 668 654
f 532 669 533
f 532 531 654
f 670 660 669
f 660 533 669
f 661 660 670
f 670 663 661
f 662 661 663
f 666 662 664
f 667 653 671
f 651 653 652
f 672 529 667
f 668 673 532
f 654 668 532
f 673 674 669
f 673 669 532
f 674 675 670
f 674 670 669
f 675 663 670
f 663 675 664
f 675 676 664
f 653 529 528
f 530 677 668
f 528 530 668
f 677 678 673
f 677 673 668
f 678 645 674
f 678 674 673
f 645 675 674
f 676 675 645
f 679 676 645
f 645 647 679
f 672 671 680
f 672 667 671
f 681 672 680
f 672 534 529
f 529 534 530
f 682 677 530
f 682 678 677
f 683 646 645
f 683 645 678
f 681 657 536
f 681 536 672
f 534 672 536
f 682 530 535
f 682 537 684
f 685 682 684
f 537 535 534
f 683 678 682
f 535 537 682
f 686 683 685
f 685 683 682
f 686 646 683
f 646 687 647
f 687 646 686
f 688 655 689
f 680 689 655
f 688 690 691
f 680 655 681
f 657 681 655
f 536 657 692
f 692 693 537
f 536 692 537
f 684 693 694
f 537 693 684
f 694 685 684
f 686 694 695
f 685 694 686
f 687 686 695
f 696 697 698
f 695 697 687
f 688 656 655
f 657 656 699
f 692 699 700
f 692 657 699
f 700 701 693
f 692 700 693
f 694 701 702
f 701 694 693
f 694 702 698
f 698 695 694
f 697 695 698
f 698 591 593
f 698 593 696
f 656 688 691
f 703 704 699
f 656 691 703
f 699 656 703
f 699 704 700
f 705 701 706
f 706 701 700
f 705 702 701
f 591 698 705
f 705 698 702
f 595 707 708
f 691 690 709
f 539 691 709
f 703 539 710
f 539 703 691
f 711 704 710
f 706 700 704
f 704 703 710
f 706 711 712
f 704 711 706
f 705 712 594
f 706 712 705
f 705 594 591
f 592 591 594
f 690 713 540
f 713 714 715
f 709 690 540
f 714 590 715
f 709 540 539
f 716 710 538
f 716 711 710
f 717 712 711
f 711 716 717
f 717 594 712
f 594 717 595
f 708 592 595
f 540 713 715
f 715 589 541
f 715 541 540
f 543 538 540
f 543 540 541
f 716 538 718
f 538 710 539
f 538 543 718
f 716 719 717
f 716 718 719
f 717 719 720
f 717 721 595
f 717 720 721
f 707 595 721
f 590 589 715
f 589 542 541
f 718 543 722
f 543 542 722
f 718 723 719
f 723 720 719
f 723 718 722
f 720 723 724
f 724 721 720
f 721 724 725
f 721 725 707
f 726 707 725
f 725 727 726
f 728 550 714
f 550 590 714
f 551 728 547
f 542 589 545
f 550 546 590
f 546 545 589
f 729 542 545
f 730 723 722
f 722 729 730
f 724 723 731
f 723 730 731
f 724 731 732
f 732 725 724
f 727 725 732
f 733 727 734
f 728 551 550
f 735 544 549
f 546 551 544
f 545 735 729
f 545 544 735
f 729 722 542
f 736 729 735
f 730 729 736
f 730 737 731
f 730 736 737
f 731 734 732
f 731 737 734
f 727 732 734
f 738 547 728
f 547 549 544
f 739 736 735
f 735 549 739
f 736 740 737
f 740 736 739
f 741 737 740
f 741 734 737
f 734 741 742
f 734 742 733
f 552 738 743
f 552 547 738
f 744 554 745
f 548 547 552
f 739 549 746
f 549 548 746
f 747 740 739
f 748 741 740
f 747 739 746
f 748 740 747
f 748 742 741
f 742 748 749
f 750 553 743
f 553 552 743
f 751 752 745
f 753 548 552
f 753 552 554
f 754 746 548
f 746 754 755
f 755 756 747
f 755 747 746
f 748 747 756
f 757 756 758
f 749 756 759
f 756 749 748
f 553 750 745
f 553 745 554
f 760 752 761
f 744 753 554
f 744 762 753
f 753 754 548
f 762 754 753
f 763 754 762
f 755 763 758
f 763 755 754
f 758 756 755
f 757 759 756
f 556 750 557
f 556 751 745
f 750 556 745
f 558 764 765
f 744 745 752
f 744 752 766
f 766 762 744
f 762 766 767
f 767 768 763
f 767 763 762
f 768 758 763
f 758 768 769
f 769 757 758
f 751 558 761
f 556 558 751
f 751 761 752
f 760 766 752
f 770 766 760
f 770 767 766
f 770 768 767
f 771 768 770
f 771 769 768
f 561 555 559
f 764 558 555
f 764 555 561
f 761 558 765
f 761 765 772
f 761 772 760
f 773 770 760
f 760 772 773
f 773 771 770
f 771 773 774
f 764 561 562
f 563 562 561
f 775 776 777
f 778 765 764
f 778 764 562
f 773 772 779
f 772 778 779
f 773 779 774
f 774 779 780
f 776 564 777
f 564 776 562
f 778 562 776
f 781 782 783
f 765 778 772
f 776 781 784
f 778 776 784
f 784 779 778
f 780 779 785
f 587 575 585
f 786 787 564
f 788 564 787
f 788 789 564
f 789 790 564
f 790 777 564
f 776 775 791
f 791 792 776
f 781 793 794
f 793 781 776
f 779 784 785
f 792 793 776
f 795 794 793
f 794 796 781
f 796 782 781
f 797 798 799
f 800 801 802
f 802 799 798
f 801 803 804
f 805 806 807
f 807 808 805
f 809 810 808
f 810 805 808
f 803 810 804
f 800 803 801
f 811 812 813
f 814 815 816
f 817 818 819
f 820 821 822
f 823 817 824
f 823 818 817
f 825 826 827
f 828 811 829
f 830 816 797
f 807 806 831
f 804 810 809
f 811 832 833
f 816 830 811
f 834 811 813
f 816 835 814
f 835 816 836
f 816 811 821
f 836 816 821
f 821 837 836
f 838 839 840
f 829 841 827
f 821 842 843
f 842 821 844
f 820 845 821
f 817 819 822
f 846 824 817
f 847 826 848
f 847 849 817
f 850 851 852
f 853 854 855
f 856 857 858
f 859 860 861
f 862 863 864
f 865 866 863
f 867 868 869
f 870 871 872
f 873 874 875
f 876 873 870
f 877 872 871
f 878 839 838
f 838 840 879
f 880 881 882
f 880 883 884
f 885 886 887
f 888 889 885
f 890 891 892
f 893 894 895
f 848 896 849
f 896 848 897
f 844 821 845
f 822 821 817
f 847 817 821
f 799 802 801
f 816 798 797
f 811 830 832
f 811 834 898
f 899 841 900
f 843 837 821
f 828 821 811
f 901 899 900
f 828 826 821
f 899 902 825
f 847 821 826
f 902 903 825
f 904 848 903
f 848 849 847
f 904 905 906
f 848 906 897
f 833 812 811
f 829 898 907
f 898 829 811
f 827 828 829
f 901 908 902
f 826 828 827
f 909 902 908
f 825 903 826
f 905 904 909
f 848 826 903
f 906 848 904
f 907 910 829
f 910 841 829
f 899 827 841
f 911 912 913
f 899 825 827
f 914 908 911
f 902 909 903
f 915 916 917
f 918 916 919
f 909 904 903
f 900 841 920
f 921 912 922
f 901 902 899
f 908 914 909
f 905 914 917
f 917 918 905
f 909 914 905
f 923 905 918
f 905 923 924
f 905 924 906
f 920 925 900
f 926 925 922
f 926 900 925
f 926 901 900
f 926 911 908
f 921 927 913
f 926 908 901
f 913 927 928
f 914 911 915
f 929 916 928
f 915 917 914
f 917 916 918
f 918 919 930
f 918 930 923
f 922 925 931
f 926 922 912
f 921 932 933
f 912 911 926
f 934 927 933
f 913 915 911
f 934 935 927
f 915 913 928
f 929 936 919
f 852 936 937
f 928 916 915
f 916 929 919
f 930 919 936
f 931 921 922
f 921 913 912
f 938 934 939
f 940 934 938
f 927 935 928
f 929 935 937
f 941 850 942
f 928 935 929
f 936 929 937
f 943 944 936
f 936 944 930
f 943 936 852
f 921 931 945
f 945 932 921
f 946 947 939
f 948 949 947
f 950 939 949
f 933 927 921
f 942 938 951
f 935 934 940
f 937 940 850
f 941 952 953
f 935 940 937
f 937 850 852
f 852 851 954
f 852 954 943
f 932 945 946
f 939 932 946
f 955 956 948
f 939 933 932
f 957 958 959
f 939 934 933
f 942 940 938
f 952 942 951
f 850 940 942
f 851 941 960
f 941 851 850
f 960 954 851
f 895 961 960
f 962 954 960
f 963 947 946
f 964 959 955
f 939 947 949
f 950 938 939
f 958 957 965
f 951 938 950
f 895 960 953
f 942 952 941
f 960 941 953
f 966 894 967
f 961 962 960
f 948 963 968
f 963 948 947
f 949 948 956
f 950 956 958
f 949 956 950
f 964 969 957
f 958 951 950
f 969 854 957
f 965 951 958
f 952 965 853
f 970 953 853
f 952 951 965
f 893 895 970
f 953 952 853
f 895 953 970
f 948 968 955
f 959 956 955
f 956 959 958
f 971 972 969
f 854 965 957
f 973 970 855
f 853 965 854
f 970 853 855
f 967 893 973
f 893 970 973
f 894 961 895
f 894 893 967
f 955 968 974
f 974 964 955
f 975 976 971
f 971 976 977
f 959 964 957
f 969 972 978
f 979 855 978
f 978 854 969
f 978 855 854
f 882 973 979
f 979 973 855
f 882 967 973
f 882 883 880
f 974 975 964
f 980 981 976
f 964 975 971
f 982 983 977
f 964 971 969
f 983 984 977
f 985 986 979
f 978 972 985
f 985 979 978
f 986 883 882
f 986 882 979
f 882 966 967
f 882 881 966
f 975 974 980
f 976 975 980
f 987 988 983
f 977 972 971
f 985 972 984
f 984 972 977
f 986 985 989
f 984 989 985
f 883 986 990
f 989 990 986
f 990 884 883
f 991 880 884
f 992 982 981
f 982 976 981
f 857 988 993
f 976 982 977
f 994 983 988
f 984 994 989
f 994 984 983
f 989 995 990
f 994 995 989
f 995 996 990
f 990 997 884
f 996 997 990
f 884 997 991
f 998 991 997
f 999 987 992
f 987 982 992
f 982 987 983
f 1000 858 857
f 994 1001 995
f 1001 994 988
f 995 1002 996
f 1001 1002 995
f 996 1003 997
f 1002 1003 996
f 1003 1004 997
f 1005 1006 1004
f 1000 993 999
f 993 987 999
f 1007 1008 1009
f 987 993 988
f 1001 988 857
f 1001 856 1002
f 1001 857 856
f 1002 1010 1003
f 1002 856 1010
f 1003 1010 1011
f 1003 1005 1004
f 1003 1011 1005
f 1006 1005 1012
f 1004 1006 1013
f 1004 1013 997
f 997 1013 998
f 1014 1000 999
f 993 1000 857
f 1015 861 864
f 1010 856 1016
f 856 858 1017
f 1011 1010 1016
f 856 1017 1016
f 1005 1011 1018
f 1011 1016 1018
f 1005 1018 1012
f 1019 1006 1012
f 1009 1008 1014
f 1014 1008 1000
f 1007 860 1008
f 1008 860 1000
f 1000 860 858
f 1017 858 859
f 1016 1017 859
f 858 860 859
f 1018 1016 1020
f 1016 859 1021
f 1016 1021 1020
f 1012 1018 1022
f 1018 1020 1022
f 1019 1012 1022
f 1023 1019 1022
f 1024 1007 1009
f 1007 861 860
f 861 1024 864
f 1021 859 1015
f 859 861 1015
f 1020 1021 1025
f 1021 1015 1025
f 1022 1020 1026
f 1020 1025 1026
f 1022 1026 1027
f 1028 1027 886
f 1029 1024 1009
f 1024 861 1007
f 1025 1015 1030
f 1015 864 1030
f 1026 1025 1031
f 1025 1030 1031
f 1027 1026 1032
f 1026 1031 1032
f 1027 1032 1033
f 1027 1028 1022
f 1027 1033 886
f 1022 1028 1023
f 1029 1034 862
f 862 1024 1029
f 1035 865 1036
f 1024 862 864
f 863 1037 1030
f 1030 864 863
f 1037 1038 1031
f 1031 1030 1037
f 1032 1031 1038
f 1038 887 1032
f 1033 1032 887
f 886 1033 887
f 862 1034 865
f 865 863 862
f 1039 1037 866
f 866 1037 863
f 1040 1038 1039
f 1041 1038 1040
f 1039 1038 1037
f 1041 887 1038
f 888 887 1041
f 888 1042 889
f 888 885 887
f 1034 1036 865
f 1035 1043 866
f 1035 866 865
f 1043 1044 1039
f 1043 1039 866
f 1044 1045 1041
f 1044 1040 1039
f 1045 1046 1041
f 1044 1041 1040
f 1046 888 1041
f 1046 1042 888
f 1042 1047 889
f 869 1036 1048
f 869 1035 1036
f 869 1049 1035
f 1049 1043 1035
f 1049 1050 1043
f 1050 1044 1043
f 1050 1051 1045
f 1050 1045 1044
f 1051 1046 1045
f 1051 890 1046
f 890 1042 1046
f 892 1042 890
f 1042 892 1047
f 869 1048 867
f 868 1052 869
f 1052 1049 869
f 1052 1053 1049
f 1053 1050 1049
f 1053 1054 1050
f 1054 1055 1051
f 1054 1051 1050
f 1055 890 1051
f 1055 891 890
f 891 1056 892
f 1057 867 879
f 1057 1058 868
f 1057 868 867
f 1058 1052 868
f 1058 1059 1053
f 1058 1053 1052
f 1059 1060 1054
f 1059 1054 1053
f 1060 1061 1055
f 1060 1055 1054
f 1061 891 1055
f 1061 1062 1056
f 891 1061 1056
f 1058 1057 1063
f 840 1063 1057
f 1059 1058 1064
f 1063 1064 1058
f 1060 1059 1064
f 1064 1065 1060
f 1061 1060 1065
f 1065 1066 1061
f 1062 1061 1066
f 1062 1066 1067
f 1057 879 840
f 840 839 1063
f 1063 839 1068
f 1063 1068 1064
f 1064 1068 1069
f 1064 1069 1065
f 1065 1069 1070
f 1065 1070 1066
f 1066 1070 1071
f 1072 1073 1074
f 1066 1071 1067
f 1067 1071 1075
f 871 878 877
f 839 878 871
f 1068 839 1076
f 839 871 1076
f 1069 1068 1077
f 1068 1076 1077
f 1070 1069 1077
f 1070 1077 1078
f 1071 1070 1079
f 1070 1078 1079
f 1071 1080 1075
f 1079 1080 1071
f 871 870 1081
f 1076 871 1081
f 1076 1081 1082
f 1077 1076 1082
f 1077 1082 1083
f 1078 1077 1083
f 1078 1083 1084
f 1079 1078 1084
f 1079 1084 1074
f 1085 873 1086
f 1085 1081 873
f 1087 1085 1086
f 1087 1082 1085
f 1088 1087 1089
f 1088 1083 1087
f 1090 1088 1091
f 1090 1083 1088
f 1072 1090 1092
f 1072 1074 1090
f 1072 1093 1094
f 1079 1074 1073
f 1095 1072 1096
f 1073 1072 1095
f 1080 1079 1073
f 1073 1095 1097
f 873 875 1086
f 1081 870 873
f 1082 1081 1085
f 1087 1086 1089
f 1083 1082 1087
f 1088 1089 1091
f 1084 1083 1090
f 1090 1091 1092
f 1074 1084 1090
f 1072 1092 1093
f 1098 1072 1094
f 1098 1099 1072
f 1099 1096 1072
f 1100 1073 1097
f 1101 1102 1103
f 1104 1105 1106
f 1107 1108 1109
f 1110 1106 1111
f 1112 1113 1114
f 1115 1116 1117
f 1118 1119 1120
f 1119 1118 1121
f 1122 1123 1124
f 1124 1121 1118
f 1120 1119 1125
f 1120 1125 1126
f 1127 1120 1126
f 1128 1129 1130
f 1131 1132 1133
f 1125 1134 1126
f 1128 1135 1136
f 1137 1136 1135
f 1137 1134 1136
f 1126 1134 1137
f 1138 1139 1140
f 1141 1142 1143
f 1144 1145 1146
f 1147 1148 1149
f 1150 1151 1152
f 1153 1154 1155
f 1156 1157 1158
f 1159 1160 1156
f 1161 1162 1102
f 1162 1163 1159
f 1102 1101 1164
f 1165 1166 1167
f 1168 1169 1166
f 1166 1170 1171
f 1166 1171 1172
f 1172 1132 1167
f 1131 1133 1173
f 1174 1175 1176
f 1176 1175 1177
f 1178 1177 1179
f 1178 1176 1177
f 1180 1178 1179
f 1180 1179 1181
f 1180 1181 1182
f 1181 1183 1182
f 1181 1184 1183
f 1185 1184 1181
f 1173 1184 1186
f 1186 1184 1185
f 1131 1173 1187
f 1131 1167 1132
f 1172 1167 1166
f 1170 1166 1188
f 1102 1164 1189
f 1190 1113 1191
f 1192 1193 1194
f 1195 1150 1152
f 1196 1150 1197
f 1198 1146 1148
f 1199 1141 1200
f 1129 1128 1136
f 1135 1128 1201
f 1202 1203 1201
f 1203 1137 1135
f 1137 1203 1204
f 1137 1204 1205
f 1126 1137 1205
f 1126 1205 1127
f 1127 1122 1120
f 1122 1118 1120
f 1122 1206 1123
f 1124 1118 1122
f 1207 1201 1128
f 1208 1209 1201
f 1135 1201 1203
f 1203 1202 1204
f 1210 1211 1212
f 1202 1138 1204
f 1205 1204 1138
f 1127 1205 1140
f 1205 1138 1140
f 1127 1140 1213
f 1127 1213 1122
f 1213 1206 1122
f 1214 1209 1215
f 1201 1209 1202
f 1202 1209 1214
f 1202 1214 1212
f 1216 1217 1218
f 1216 1219 1210
f 1202 1212 1211
f 1211 1138 1202
f 1220 1221 1210
f 1139 1138 1211
f 1222 1140 1139
f 1213 1140 1223
f 1223 1140 1222
f 1213 1223 1206
f 1224 1225 1214
f 1217 1216 1225
f 1212 1214 1225
f 1218 1219 1216
f 1212 1216 1210
f 1211 1221 1139
f 1221 1211 1210
f 1221 1222 1139
f 1222 1226 1223
f 1226 1222 1221
f 1227 1223 1226
f 1223 1228 1206
f 1227 1229 1228
f 1223 1227 1228
f 1212 1225 1216
f 1230 1231 1232
f 1220 1210 1219
f 1200 1233 1220
f 1220 1233 1221
f 1234 1226 1221
f 1221 1233 1234
f 1227 1226 1235
f 1235 1226 1234
f 1218 1217 1236
f 1237 1238 1239
f 1237 1219 1218
f 1240 1241 1242
f 1199 1219 1237
f 1219 1199 1220
f 1234 1233 1243
f 1199 1200 1220
f 1233 1200 1243
f 1235 1234 1244
f 1234 1243 1244
f 1235 1245 1227
f 1244 1246 1235
f 1235 1246 1245
f 1227 1245 1229
f 1218 1236 1237
f 1238 1237 1236
f 1247 1242 1241
f 1142 1237 1239
f 1142 1242 1143
f 1237 1142 1199
f 1248 1243 1200
f 1142 1141 1199
f 1200 1141 1248
f 1243 1248 1244
f 1248 1249 1250
f 1250 1244 1248
f 1246 1244 1250
f 1249 1251 1252
f 1250 1252 1246
f 1240 1238 1253
f 1240 1239 1238
f 1240 1242 1239
f 1241 1230 1254
f 1239 1242 1142
f 1255 1248 1141
f 1255 1141 1143
f 1256 1248 1255
f 1248 1256 1249
f 1252 1250 1249
f 1231 1240 1253
f 1241 1240 1231
f 1257 1255 1143
f 1247 1143 1242
f 1143 1247 1257
f 1258 1256 1255
f 1255 1257 1258
f 1258 1249 1256
f 1259 1249 1258
f 1259 1260 1249
f 1232 1261 1262
f 1241 1231 1230
f 1263 1264 1148
f 1254 1145 1265
f 1254 1247 1241
f 1257 1266 1258
f 1257 1254 1267
f 1257 1267 1266
f 1258 1268 1259
f 1258 1266 1268
f 1268 1269 1259
f 1249 1260 1251
f 1230 1232 1262
f 1262 1146 1145
f 1145 1230 1262
f 1257 1247 1254
f 1254 1230 1145
f 1267 1265 1270
f 1266 1270 1271
f 1267 1254 1265
f 1272 1266 1271
f 1266 1267 1270
f 1268 1266 1272
f 1273 1268 1272
f 1269 1268 1273
f 1259 1269 1260
f 1274 1262 1261
f 1274 1148 1146
f 1146 1262 1274
f 1144 1275 1265
f 1145 1144 1265
f 1275 1276 1270
f 1275 1270 1265
f 1276 1271 1270
f 1276 1277 1272
f 1276 1272 1271
f 1272 1277 1273
f 1278 1273 1277
f 1277 1279 1278
f 1274 1261 1280
f 1263 1274 1280
f 1148 1274 1263
f 1198 1281 1144
f 1198 1144 1146
f 1281 1282 1275
f 1281 1275 1144
f 1282 1276 1275
f 1282 1283 1276
f 1283 1277 1276
f 1284 1285 1283
f 1283 1279 1277
f 1285 1279 1283
f 1263 1280 1286
f 1286 1287 1264
f 1263 1286 1264
f 1149 1288 1289
f 1148 1264 1149
f 1198 1147 1290
f 1147 1198 1148
f 1291 1281 1290
f 1290 1281 1198
f 1284 1282 1291
f 1291 1282 1281
f 1284 1283 1282
f 1292 1293 1294
f 1284 1292 1294
f 1287 1295 1288
f 1264 1287 1288
f 1264 1288 1149
f 1149 1289 1147
f 1290 1296 1297
f 1296 1290 1147
f 1291 1297 1292
f 1297 1291 1290
f 1291 1292 1284
f 1285 1284 1294
f 1298 1295 1299
f 1288 1295 1298
f 1300 1152 1301
f 1298 1196 1302
f 1288 1298 1302
f 1302 1303 1289
f 1296 1147 1289
f 1302 1289 1288
f 1303 1304 1296
f 1304 1305 1296
f 1303 1296 1289
f 1292 1305 1306
f 1305 1297 1296
f 1305 1292 1297
f 1292 1306 1293
f 1307 1308 1293
f 1299 1309 1310
f 1298 1299 1310
f 1310 1150 1196
f 1298 1310 1196
f 1302 1311 1303
f 1312 1304 1313
f 1307 1305 1312
f 1313 1304 1303
f 1312 1305 1304
f 1307 1306 1305
f 1293 1306 1307
f 1151 1309 1301
f 1310 1309 1151
f 1110 1314 1315
f 1310 1151 1150
f 1311 1302 1196
f 1316 1311 1197
f 1313 1303 1311
f 1311 1196 1197
f 1313 1316 1317
f 1311 1316 1313
f 1312 1317 1318
f 1317 1312 1313
f 1318 1307 1312
f 1319 1320 1321
f 1308 1307 1322
f 1322 1307 1318
f 1301 1152 1151
f 1197 1323 1324
f 1150 1195 1197
f 1316 1324 1325
f 1197 1324 1316
f 1318 1325 1326
f 1316 1325 1317
f 1317 1325 1318
f 1322 1318 1326
f 1327 1322 1326
f 1326 1321 1327
f 1190 1300 1328
f 1300 1190 1152
f 1152 1190 1191
f 1191 1113 1329
f 1323 1197 1195
f 1152 1191 1195
f 1330 1323 1195
f 1325 1324 1331
f 1323 1330 1332
f 1324 1332 1331
f 1331 1326 1325
f 1326 1331 1319
f 1321 1326 1319
f 1333 1114 1328
f 1190 1328 1114
f 1113 1190 1114
f 1330 1195 1191
f 1329 1330 1191
f 1330 1334 1332
f 1332 1324 1323
f 1335 1330 1329
f 1336 1331 1332
f 1330 1335 1334
f 1332 1334 1336
f 1331 1337 1319
f 1336 1337 1331
f 1320 1319 1337
f 1114 1333 1112
f 1329 1113 1338
f 1113 1112 1338
f 1329 1339 1335
f 1334 1335 1340
f 1339 1329 1338
f 1336 1334 1341
f 1335 1339 1340
f 1334 1340 1341
f 1337 1336 1342
f 1336 1341 1342
f 1342 1320 1337
f 1343 1320 1342
f 1104 1110 1315
f 1314 1116 1333
f 1112 1116 1115
f 1344 1339 1338
f 1340 1339 1345
f 1338 1115 1344
f 1340 1346 1341
f 1339 1344 1345
f 1347 1346 1348
f 1340 1345 1346
f 1342 1341 1347
f 1341 1346 1347
f 1349 1343 1342
f 1342 1347 1349
f 1333 1116 1112
f 1111 1314 1110
f 1115 1338 1112
f 1117 1116 1111
f 1344 1115 1350
f 1344 1350 1345
f 1115 1117 1350
f 1351 1346 1345
f 1351 1345 1350
f 1346 1351 1348
f 1347 1348 1349
f 1349 1348 1352
f 1104 1315 1353
f 1353 1354 1156
f 1314 1111 1116
f 1355 1106 1105
f 1106 1110 1104
f 1355 1117 1111
f 1111 1106 1355
f 1117 1356 1350
f 1117 1355 1356
f 1357 1351 1350
f 1358 1350 1356
f 1357 1350 1358
f 1359 1348 1351
f 1359 1351 1357
f 1360 1352 1348
f 1348 1359 1360
f 1158 1104 1353
f 1104 1158 1105
f 1361 1105 1362
f 1361 1356 1355
f 1361 1355 1105
f 1363 1358 1356
f 1363 1356 1361
f 1357 1358 1364
f 1359 1357 1364
f 1358 1363 1364
f 1365 1359 1364
f 1365 1360 1359
f 1158 1353 1156
f 1163 1366 1160
f 1105 1158 1157
f 1157 1160 1367
f 1105 1157 1362
f 1362 1368 1361
f 1363 1361 1368
f 1363 1368 1369
f 1369 1364 1363
f 1365 1364 1369
f 1369 1108 1365
f 1365 1370 1360
f 1365 1108 1370
f 1371 1159 1354
f 1159 1156 1354
f 1160 1157 1156
f 1161 1372 1366
f 1367 1362 1157
f 1367 1373 1362
f 1373 1368 1362
f 1373 1109 1368
f 1109 1369 1368
f 1109 1108 1369
f 1374 1107 1109
f 1103 1162 1371
f 1163 1160 1159
f 1161 1375 1376
f 1366 1377 1367
f 1160 1366 1367
f 1378 1373 1377
f 1377 1373 1367
f 1379 1373 1378
f 1379 1109 1373
f 1374 1109 1379
f 1371 1162 1159
f 1103 1102 1162
f 1380 1153 1165
f 1162 1161 1163
f 1153 1376 1375
f 1161 1366 1163
f 1377 1372 1381
f 1366 1372 1377
f 1378 1381 1382
f 1377 1381 1378
f 1378 1382 1379
f 1379 1382 1374
f 1383 1374 1382
f 1375 1102 1189
f 1102 1375 1161
f 1376 1153 1155
f 1161 1376 1372
f 1376 1384 1372
f 1155 1385 1384
f 1384 1381 1372
f 1382 1381 1386
f 1384 1386 1381
f 1382 1386 1387
f 1387 1383 1382
f 1189 1168 1166
f 1375 1189 1165
f 1165 1189 1166
f 1153 1375 1165
f 1155 1384 1376
f 1386 1384 1385
f 1386 1388 1387
f 1386 1385 1388
f 1169 1188 1166
f 1167 1380 1165
f 1389 1380 1390
f 1380 1193 1154
f 1154 1153 1380
f 1155 1154 1385
f 1385 1154 1391
f 1388 1385 1392
f 1173 1186 1187
f 1393 1167 1394
f 1393 1395 1167
f 1395 1380 1167
f 1396 1380 1397
f 1396 1390 1380
f 1398 1380 1389
f 1398 1399 1193
f 1398 1193 1380
f 1154 1193 1192
f 1154 1192 1391
f 1391 1392 1385
f 1400 1401 1193
f 1194 1193 1401
f 1402 1403 1404
f 1405 1406 1407
f 1408 1409 1410
f 1411 1412 1410
f 1413 1414 1415
f 1404 1408 1402
f 1416 1408 1404
f 1417 1402 1418
f 1408 1410 1412
f 1410 1409 1419
f 1412 1418 1402
f 1408 1412 1402
f 1418 1420 1421
f 1420 1418 1412
f 1413 1421 1414
f 1420 1414 1421
f 1422 1423 1415
f 1415 1423 1413
f 1422 1424 1425
f 1425 1423 1422
f 1426 1427 1424
f 1424 1427 1425
f 1428 1429 1426
f 1426 1424 1428
f 1430 1431 1429
f 1430 1429 1428
f 1432 1433 1431
f 1431 1433 1429
f 1434 1435 1432
f 1432 1431 1434
f 1436 1437 1435
f 1436 1435 1434
f 1437 1438 1435
f 1439 1440 1438
f 1438 1437 1439
f 1440 1441 1442
f 1441 1440 1439
f 1443 1442 1444
f 1441 1444 1442
f 1445 1446 1443
f 1443 1444 1445
f 1446 1447 1448
f 1447 1446 1445
f 1449 1448 1450
f 1447 1450 1448
f 1451 1452 1449
f 1449 1450 1451
f 1452 1453 1454
f 1453 1452 1451
f 1455 1454 1456
f 1453 1456 1454
f 1456 1457 1458
f 1458 1455 1456
f 1458 1459 1460
f 1459 1458 1457
f 1459 1461 1460
f 1462 1463 1464
f 1465 1466 1461
f 1467 1468 1469
f 1470 1471 1472
f 1473 1474 1475
f 1476 1477 1478
f 1479 1480 1481
f 1482 1483 1484
f 1485 1486 1487
f 1488 1489 1490
f 1491 1492 1493
f 1494 1495 1496
f 1497 1498 1499
f 1500 1501 1502
f 1503 1504 1505
f 1506 1507 1508
f 1509 1510 1511
f 1512 1513 1514
f 1515 1516 1517
f 1518 1519 1520
f 1521 1522 1523
f 1524 1525 1526
f 1527 1528 1529
f 1530 1531 1532
f 1533 1534 1535
f 1536 1537 1538
f 1539 1540 1541
f 1542 1543 1544
f 1545 1546 1547
f 1548 1549 1550
f 1406 1405 1551
f 1552 1553 1554
f 1555 1556 1557
f 1407 1558 1559
f 1560 1561 1562
f 1563 1564 1565
f 1566 1567 1568
f 1569 1570 1571
f 1572 1573 1574
f 1575 1576 1577
f 1578 1579 1580
f 1581 1582 1572
f 1583 1584 1585
f 1586 1587 1588
f 1589 1590 1591
f 1592 1593 1594
f 1595 1596 1597
f 1598 1599 1600
f 1601 1602 1603
f 1604 1605 1603
f 1606 1607 1608
f 1609 1608 1601
f 1610 1611 1612
f 1613 1612 1614
f 1615 1611 1616
f 1611 1610 1616
f 1616 1610 1617
f 1618 1613 1606
f 1612 1611 1614
f 1619 1610 1612
f 1620 1601 1605
f 1621 1612 1613
f 1609 1601 1622
f 1607 1614 1623
f 1611 1624 1614
f 1613 1607 1606
f 1613 1614 1607
f 1608 1609 1606
f 1608 1607 1625
f 1608 1602 1601
f 1602 1608 1626
f 1603 1627 1604
f 1605 1601 1603
f 1596 1604 1597
f 1596 1605 1604
f 1598 1595 1599
f 1599 1595 1597
f 1589 1591 1600
f 1600 1591 1598
f 1594 1593 1590
f 1589 1594 1590
f 1592 1584 1583
f 1593 1592 1583
f 1585 1586 1588
f 1585 1584 1586
f 1579 1587 1580
f 1579 1588 1587
f 1581 1578 1582
f 1582 1578 1580
f 1572 1574 1628
f 1572 1628 1581
f 1577 1576 1574
f 1573 1577 1574
f 1575 1567 1566
f 1576 1575 1566
f 1568 1569 1571
f 1568 1567 1569
f 1561 1570 1562
f 1561 1571 1570
f 1563 1560 1564
f 1564 1560 1562
f 1555 1557 1565
f 1565 1557 1563
f 1559 1558 1556
f 1555 1559 1556
f 1405 1552 1551
f 1558 1407 1406
f 1546 1554 1553
f 1554 1551 1552
f 1549 1545 1547
f 1547 1546 1553
f 1550 1541 1548
f 1549 1548 1545
f 1550 1539 1541
f 1543 1540 1544
f 1544 1540 1539
f 1534 1533 1542
f 1542 1533 1543
f 1536 1538 1535
f 1534 1536 1535
f 1537 1529 1528
f 1538 1537 1528
f 1527 1531 1530
f 1527 1529 1531
f 1523 1532 1521
f 1523 1530 1532
f 1525 1522 1526
f 1526 1522 1521
f 1516 1515 1524
f 1524 1515 1525
f 1518 1520 1517
f 1516 1518 1517
f 1519 1511 1510
f 1520 1519 1510
f 1509 1513 1512
f 1509 1511 1513
f 1505 1514 1503
f 1505 1512 1514
f 1503 1508 1504
f 1497 1507 1506
f 1507 1504 1508
f 1500 1499 1498
f 1498 1497 1506
f 1501 1492 1502
f 1500 1502 1499
f 1493 1495 1491
f 1501 1493 1492
f 1494 1496 1487
f 1491 1495 1494
f 1486 1485 1490
f 1487 1496 1485
f 1479 1489 1488
f 1489 1486 1490
f 1482 1481 1480
f 1480 1479 1488
f 1483 1474 1484
f 1482 1484 1481
f 1475 1477 1473
f 1483 1475 1474
f 1476 1478 1469
f 1473 1477 1476
f 1468 1467 1472
f 1469 1478 1467
f 1462 1471 1470
f 1471 1468 1472
f 1466 1464 1463
f 1463 1462 1470
f 1466 1465 1464
f 1466 1460 1461
f 1460 1466 1629
f 1630 1631 1632
f 1633 1634 1635
f 1636 1637 1638
f 1639 1640 1631
f 1641 1642 1631
f 1643 1644 1645
f 1646 1647 1645
f 1646 1648 1647
f 1649 1650 1651
f 1651 1650 1652
f 1651 1653 1654
f 1655 1651 1656
f 1651 1655 1657
f 1658 1659 1660
f 1661 1636 1651
f 1636 1661 1637
f 1636 1638 1662
f 1636 1662 1663
f 1664 1636 1665
f 1664 1666 1636
f 1636 1666 1667
f 1636 1668 1669
f 1636 1667 1670
f 1636 1671 1672
f 1673 1636 1674
f 1675 1676 1634
f 1635 1677 1678
f 1679 1680 1681
f 1682 1635 1680
f 1683 1681 1680
f 1684 1680 1685
f 1680 1679 1682
f 1677 1635 1682
f 1678 1686 1635
f 1635 1686 1633
f 1633 1675 1634
f 1631 1687 1632
f 1688 1689 1676
f 1690 1691 1692
f 1693 1694 1695
f 1688 1694 1693
f 1691 1696 1697
f 1695 1698 1693
f 1699 1700 1698
f 1697 1696 1701
f 1702 1703 1704
f 1705 1706 1701
f 1703 1707 1708
f 1709 1706 1705
f 1710 1711 1708
f 1710 1712 1711
f 1711 1712 1713
f 1714 1715 1709
f 1716 1717 1713
f 1718 1719 1717
f 1713 1717 1719
f 1720 1721 1715
f 1722 1719 1718
f 1722 1723 1719
f 1724 1723 1722
f 1725 1723 1724
f 1721 1726 1727
f 1723 1725 1728
f 1728 1725 1729
f 1730 1731 1728
f 1727 1732 1733
f 1731 1734 1735
f 1736 1735 1737
f 1738 1733 1739
f 1736 1731 1735
f 1737 1740 1741
f 1742 1743 1738
f 1741 1744 1745
f 1746 1741 1745
f 1747 1748 1749
f 1750 1746 1751
f 1752 1753 1750
f 1750 1754 1752
f 1755 1756 1753
f 1755 1753 1752
f 1757 1748 1758
f 1759 1753 1756
f 1760 1757 1761
f 1762 1763 1764
f 1765 1753 1759
f 1754 1750 1751
f 1746 1750 1741
f 1744 1741 1740
f 1737 1741 1736
f 1731 1730 1734
f 1728 1729 1730
f 1712 1716 1713
f 1710 1708 1707
f 1703 1708 1704
f 1702 1704 1699
f 1698 1702 1699
f 1698 1700 1693
f 1688 1676 1694
f 1634 1676 1689
f 1685 1680 1766
f 1684 1683 1680
f 1766 1680 1767
f 1680 1636 1768
f 1768 1767 1680
f 1769 1768 1636
f 1636 1672 1769
f 1674 1636 1669
f 1636 1673 1671
f 1670 1668 1636
f 1663 1665 1636
f 1770 1749 1743
f 1771 1760 1772
f 1773 1771 1772
f 1774 1773 1775
f 1776 1777 1778
f 1779 1780 1781
f 1782 1783 1784
f 1782 1785 1786
f 1787 1788 1789
f 1790 1788 1787
f 1791 1792 1790
f 1793 1794 1795
f 1794 1793 1796
f 1797 1796 1798
f 1798 1799 1797
f 1764 1763 1800
f 1801 1802 1762
f 1803 1804 1805
f 1806 1804 1803
f 1807 1808 1809
f 1810 1811 1812
f 1813 1814 1815
f 1814 1813 1816
f 1817 1818 1819
f 1820 1821 1822
f 1823 1824 1825
f 1825 1826 1827
f 1828 1829 1830
f 1831 1832 1833
f 1834 1831 1833
f 1835 1836 1837
f 1837 1838 1839
f 1840 1841 1842
f 1843 1844 1840
f 1832 1845 1846
f 1826 1847 1848
f 1849 1850 1824
f 1851 1852 1853
f 1853 1852 1850
f 1854 1855 1856
f 1818 1851 1819
f 1857 1816 1858
f 1857 1858 1817
f 1859 1860 1815
f 1861 1862 1859
f 1860 1859 1862
f 1811 1810 1863
f 1811 1863 1861
f 1864 1809 1808
f 1812 1809 1864
f 1805 1865 1803
f 1865 1866 1809
f 1867 1868 1869
f 1803 1870 1806
f 1871 1802 1872
f 1873 1874 1872
f 1803 1875 1870
f 1876 1873 1867
f 1876 1867 1869
f 1869 1868 1877
f 1877 1878 1879
f 1809 1803 1865
f 1809 1866 1807
f 1880 1879 1878
f 1881 1880 1882
f 1883 1884 1885
f 1811 1809 1812
f 1886 1887 1888
f 1859 1811 1861
f 1889 1890 1891
f 1814 1859 1815
f 1892 1893 1894
f 1895 1896 1897
f 1857 1814 1816
f 1898 1899 1900
f 1819 1857 1817
f 1900 1901 1855
f 1853 1819 1851
f 1902 1820 1854
f 1849 1853 1850
f 1903 1822 1821
f 1849 1824 1823
f 1904 1903 1905
f 1823 1825 1827
f 1906 1907 1904
f 1848 1827 1826
f 1908 1909 1907
f 1845 1848 1847
f 1845 1847 1846
f 1910 1829 1909
f 1845 1832 1831
f 1911 1828 1912
f 1911 1912 1913
f 1914 1831 1834
f 1915 1916 1913
f 1834 1835 1914
f 1837 1914 1835
f 1837 1836 1838
f 1917 1918 1919
f 1840 1837 1839
f 1920 1921 1918
f 1840 1839 1922
f 1922 1923 1840
f 1840 1923 1924
f 1925 1926 1927
f 1840 1924 1928
f 1840 1928 1929
f 1840 1929 1843
f 1930 1931 1932
f 1840 1844 1841
f 1933 1930 1932
f 1842 1841 1934
f 1842 1934 1935
f 1930 1933 1936
f 1935 1937 1842
f 1842 1938 1939
f 1937 1938 1842
f 1842 1940 1941
f 1939 1940 1842
f 1942 1943 1944
f 1941 1945 1842
f 1946 1943 1942
f 1947 1842 1945
f 1946 1942 1948
f 1949 1842 1947
f 1948 1950 1951
f 1952 1842 1953
f 1842 1949 1953
f 1954 1842 1952
f 1955 1950 1956
f 1957 1842 1954
f 1956 1958 1959
f 1960 1842 1961
f 1842 1957 1961
f 1960 1959 1962
f 1963 1842 1960
f 1936 1944 1943
f 1936 1933 1944
f 1964 1965 1966
f 1926 1967 1968
f 1966 1968 1967
f 1967 1926 1925
f 1927 1969 1925
f 1927 1970 1969
f 1971 1972 1920
f 1973 1974 1920
f 1973 1920 1975
f 1975 1963 1976
f 1965 1968 1966
f 1965 1964 1931
f 1931 1964 1932
f 1963 1977 1976
f 1951 1946 1948
f 1978 1963 1979
f 1950 1955 1951
f 1950 1958 1956
f 1963 1980 1981
f 1962 1959 1958
f 1962 1982 1960
f 1963 1960 1982
f 1963 1982 1980
f 1963 1981 1983
f 1963 1983 1979
f 1978 1984 1963
f 1984 1985 1963
f 1985 1986 1963
f 1987 1963 1986
f 1988 1963 1989
f 1963 1987 1989
f 1990 1963 1991
f 1963 1988 1991
f 1963 1990 1992
f 1963 1992 1977
f 1963 1975 1920
f 1974 1971 1920
f 1972 1993 1920
f 1994 1920 1993
f 1921 1920 1994
f 1917 1920 1918
f 1917 1919 1995
f 1915 1917 1916
f 1917 1995 1916
f 1912 1915 1913
f 1830 1912 1828
f 1910 1830 1829
f 1996 1910 1909
f 1908 1996 1909
f 1906 1908 1907
f 1905 1906 1904
f 1997 1905 1903
f 1821 1997 1903
f 1902 1821 1820
f 1902 1854 1856
f 1901 1856 1855
f 1899 1901 1900
f 1897 1896 1898
f 1896 1899 1898
f 1998 1896 1895
f 1998 1895 1893
f 1892 1998 1893
f 1891 1892 1889
f 1892 1894 1889
f 1999 1891 1890
f 1999 1890 1888
f 1887 1999 1888
f 1884 1887 1885
f 1887 1886 1885
f 1882 1884 1883
f 1881 1882 1883
f 1878 1882 1880
f 1868 1878 1877
f 1872 1867 1873
f 1871 1872 1874
f 1801 1872 1802
f 1764 1801 1762
f 1799 1798 1800
f 1798 1764 1800
f 1793 1798 1796
f 1792 1791 1795
f 1791 1793 1795
f 1787 1791 1790
f 2000 1787 1789
f 1786 2000 1789
f 1785 2000 1786
f 1784 1785 1782
f 1784 1783 1780
f 1779 1784 1780
f 1778 1777 1781
f 1777 1779 1781
f 2001 1777 1776
f 1774 2001 1776
f 1775 2001 1774
f 1772 1775 1773
f 1761 1772 1760
f 1761 1757 1758
f 1747 1758 1748
f 1747 1749 1770
f 1742 1770 1743
f 1739 1742 1738
f 1732 1739 1733
f 1726 1732 1727
f 2002 1726 1721
f 1720 2002 1721
f 1714 1720 1715
f 1705 1714 1709
f 1705 1701 1696
f 1696 1691 1690
f 1690 1692 2003
f 1631 1690 1687
f 1690 2003 1687
f 2004 2005 2006
f 2007 2006 2005
f 1630 1639 1631
f 2007 2008 1643
f 1641 1631 1640
f 1643 2008 1644
f 1631 1642 2009
f 1646 2010 1648
f 1631 2009 1651
f 2011 1648 2010
f 2011 2010 2012
f 1651 2009 1649
f 2010 2013 2012
f 2012 2014 2015
f 2016 2017 2015
f 2012 2013 2014
f 2017 2018 2019
f 1651 2020 2021
f 1652 2020 1651
f 2021 1653 1651
f 2016 2015 2014
f 1659 2019 2018
f 1654 1656 1651
f 2019 1659 1658
f 2022 1651 1657
f 2023 1658 1660
f 1651 2022 2024
f 1651 2024 2025
f 2026 2023 2027
f 2027 1661 2026
f 1651 2025 2028
f 2027 2023 1660
f 1651 2028 2029
f 2026 1651 2029
f 1661 1651 2026
f 2016 2018 2017
f 1644 1646 1645
f 2005 2008 2007
f 2030 2031 2032
f 2033 2034 2035
f 2036 2037 2038
f 2039 2040 2041
f 2042 2039 2043
f 2044 2045 2032
f 2040 2036 2046
f 2037 2045 2047
f 2048 2039 2042
f 2041 2040 2049
f 2041 2043 2039
f 2050 2043 2041
f 2039 2036 2040
f 2051 2042 2043
f 2052 2053 2039
f 2036 2039 2053
f 2053 2054 2037
f 2036 2053 2037
f 2045 2054 2055
f 2054 2045 2037
f 2032 2045 2056
f 2055 2056 2045
f 2057 2032 2058
f 2032 2056 2058
f 2030 2057 2059
f 2030 2032 2057
f 2060 2057 2061
f 2059 2057 2062
f 2060 2063 2062
f 2057 2060 2062
f 2064 2063 2060
f 2064 2060 2065
f 2066 2067 2064
f 2064 2067 2063
f 2068 2069 2064
f 2066 2064 2069
f 2070 2066 2069
f 2071 2072 2069
f 2070 2069 2072
f 2073 2074 2072
f 2072 2071 2073
f 2075 2073 2076
f 2073 2075 2074
f 2077 2078 2076
f 2075 2076 2078
f 2077 2079 2080
f 2080 2078 2077
f 2081 2079 2082
f 2079 2081 2080
f 2082 2083 2084
f 2081 2082 2084
f 2083 2085 2086
f 2085 2083 2082
f 2087 2086 2088
f 2085 2088 2086
f 2089 2090 2087
f 2087 2088 2089
f 2090 2091 2092
f 2091 2090 2089
f 2093 2094 2095
f 2091 2093 2092
f 2096 2097 2098
f 2099 2100 2101
f 2102 2103 2104
f 2105 2106 2107
f 2108 2109 2110
f 2108 2111 2112
f 2113 2114 2115
f 2116 2117 2115
f 2118 2119 2120
f 2121 2122 2123
f 2124 2125 2126
f 2127 2128 2129
f 2130 2131 2132
f 2133 2134 2135
f 2136 2137 2138
f 2139 2140 2141
f 2142 2143 2144
f 2145 2146 2147
f 2148 2149 2150
f 2151 2152 2153
f 2154 2155 2156
f 2157 2158 2159
f 2160 2161 2162
f 2163 2164 2165
f 2166 2167 2168
f 2169 2170 2171
f 2172 2173 2174
f 2175 2176 2177
f 2178 2179 2180
f 2181 2182 2183
f 2035 2184 2185
f 2033 2179 2186
f 2187 2188 2189
f 2190 2185 2187
f 2191 2192 2193
f 2194 2195 2196
f 2197 2198 2199
f 2200 2201 2202
f 2203 2204 2205
f 2197 2206 2207
f 2208 2209 2210
f 2211 2212 2205
f 2213 2214 2215
f 2216 2208 2217
f 2218 2219 2220
f 2215 2221 2222
f 2223 2224 2225
f 2220 2226 2224
f 2227 2228 2229
f 2228 2223 2230
f 2231 2232 2233
f 2229 2231 2234
f 2235 2236 2237
f 2238 2237 2239
f 2240 2241 2242
f 2242 2235 2243
f 2243 2244 2242
f 2245 2243 2238
f 2233 2238 2246
f 2235 2242 2241
f 2247 2243 2245
f 2232 2248 2238
f 2235 2241 2249
f 2250 2245 2238
f 2251 2235 2249
f 2241 2252 2249
f 2243 2237 2238
f 2243 2235 2237
f 2238 2239 2246
f 2239 2237 2253
f 2232 2231 2254
f 2233 2232 2238
f 2231 2229 2255
f 2255 2254 2231
f 2229 2228 2256
f 2256 2255 2229
f 2224 2228 2257
f 2230 2256 2228
f 2224 2226 2225
f 2223 2228 2224
f 2220 2258 2226
f 2259 2220 2224
f 2218 2222 2219
f 2258 2220 2219
f 2215 2222 2213
f 2219 2222 2221
f 2260 2217 2214
f 2213 2260 2214
f 2209 2208 2216
f 2216 2217 2260
f 2261 2209 2212
f 2261 2210 2209
f 2211 2205 2204
f 2261 2212 2211
f 2207 2262 2203
f 2203 2262 2204
f 2199 2206 2197
f 2206 2262 2207
f 2198 2200 2202
f 2199 2198 2202
f 2201 2192 2191
f 2201 2200 2192
f 2194 2193 2195
f 2194 2191 2193
f 2188 2196 2189
f 2189 2196 2195
f 2187 2185 2263
f 2187 2263 2188
f 2034 2184 2035
f 2190 2035 2185
f 2186 2034 2033
f 2181 2178 2180
f 2186 2179 2178
f 2174 2183 2182
f 2182 2181 2180
f 2172 2176 2173
f 2174 2173 2183
f 2177 2166 2175
f 2172 2177 2176
f 2168 2167 2171
f 2175 2166 2168
f 2170 2169 2161
f 2171 2167 2169
f 2163 2160 2162
f 2160 2170 2161
f 2156 2165 2164
f 2164 2163 2162
f 2154 2158 2155
f 2156 2155 2165
f 2159 2148 2157
f 2154 2159 2158
f 2150 2149 2153
f 2157 2148 2150
f 2142 2152 2151
f 2153 2149 2151
f 2145 2142 2144
f 2143 2142 2151
f 2138 2147 2146
f 2146 2145 2144
f 2136 2140 2137
f 2138 2137 2147
f 2140 2136 2141
f 2130 2132 2139
f 2141 2130 2139
f 2131 2133 2135
f 2132 2131 2135
f 2134 2125 2124
f 2134 2133 2125
f 2127 2126 2128
f 2127 2124 2126
f 2119 2129 2120
f 2120 2129 2128
f 2123 2122 2118
f 2118 2122 2119
f 2264 2113 2121
f 2123 2264 2121
f 2116 2115 2114
f 2114 2113 2264
f 2117 2265 2109
f 2117 2116 2265
f 2110 2266 2108
f 2265 2110 2109
f 2112 2111 2103
f 2266 2111 2108
f 2103 2102 2106
f 2103 2111 2104
f 2105 2107 2096
f 2106 2102 2107
f 2101 2098 2097
f 2098 2105 2096
f 2267 2100 2099
f 2099 2101 2097
f 2094 2267 2095
f 2267 2094 2100
f 2095 2092 2093
f 2268 2269 2270
f 2271 2272 2273
f 2271 2273 2274
f 2275 2276 2277
f 2275 2277 2272
f 2278 2279 2280
f 2281 2282 2283
f 2284 2285 2286
f 2285 2284 2287
f 2288 2289 2290
f 2291 2290 2289
f 2292 2293 2294
f 2294 2295 2292
f 2296 2297 2295
f 2297 2296 2298
f 2299 2300 2301
f 2302 2303 2304
f 2305 2306 2307
f 2308 2309 2310
f 2311 2312 2313
f 2314 2315 2316
f 2316 2313 2314
f 2314 2317 2315
f 2318 2315 2317
f 2318 2319 2320
f 2320 2315 2318
f 2321 2320 2319
f 2322 2321 2323
f 2321 2322 2320
f 2324 2323 2325
f 2323 2324 2322
f 2325 2326 2324
f 2327 2328 2326
f 2324 2326 2328
f 2328 2329 2330
f 2329 2328 2327
f 2330 2329 2331
f 2330 2331 2332
f 2331 2333 2332
f 2334 2335 2336
f 2337 2334 2336
f 2337 2333 2334
f 2337 2332 2333
f 2316 2311 2313
f 2312 2311 2309
f 2309 2311 2310
f 2306 2338 2310
f 2338 2308 2310
f 2306 2305 2338
f 2306 2339 2307
f 2340 2339 2341
f 2307 2339 2340
f 2341 2339 2342
f 2343 2341 2342
f 2303 2344 2342
f 2344 2343 2342
f 2303 2302 2344
f 2303 2345 2304
f 2304 2345 2299
f 2299 2345 2300
f 2346 2301 2300
f 2297 2346 2300
f 2297 2298 2346
f 2296 2295 2347
f 2347 2295 2348
f 2294 2348 2295
f 2291 2293 2292
f 2291 2349 2293
f 2349 2291 2289
f 2288 2290 2287
f 2350 2288 2287
f 2287 2284 2350
f 2351 2285 2281
f 2286 2285 2351
f 2283 2351 2281
f 2352 2353 2282
f 2352 2282 2281
f 2353 2352 2278
f 2278 2352 2279
f 2354 2355 2279
f 2355 2280 2279
f 2354 2277 2276
f 2354 2276 2355
f 2356 2275 2272
f 2272 2357 2356
f 2357 2272 2271
f 2274 2273 2268
f 2268 2270 2274
f 2270 2269 2358
f 2359 2358 2269
f 2360 2361 2362
f 2363 2362 2361
f 2364 2363 2361
f 2364 2361 2365
f 2366 2367 2368
f 2368 2369 2370
f 2371 2372 2373
f 2366 2371 2374
f 2375 2376 2377
f 2376 2373 2372
f 2378 2379 2380
f 2381 2378 2382
f 2378 2381 2379
f 2382 2383 2384
f 2384 2381 2382
f 2385 2386 2383
f 2384 2383 2386
f 2387 2385 2388
f 2385 2387 2386
f 2389 2387 2388
f 2390 2387 2389
f 2379 2391 2380
f 2392 2391 2393
f 2392 2380 2391
f 2394 2392 2393
f 2394 2393 2375
f 2377 2394 2375
f 2377 2376 2372
f 2374 2371 2373
f 2366 2374 2367
f 2368 2367 2369
f 2369 2395 2370
f 2370 2395 2396
f 2396 2395 2397
f 2397 2398 2399
f 2396 2397 2399
f 2398 2361 2399
f 2398 2400 2361
f 2361 2400 2365
f 2401 2402 2403
f 2402 2404 2403
f 2403 2404 2405
f 2406 2404 2407
f 2404 2406 2405
f 2406 2407 2408
f 2406 2408 2409
f 2409 2408 2410
f 2409 2410 2411
f 2410 2412 2411
f 2413 2412 2410
f 2412 2413 2414
f 2412 2414 2415
f 2416 2415 2414
f 2417 2415 2416
f 2418 2419 2416
f 2417 2416 2419
f 2418 2420 2421
f 2418 2421 2419
f 2422 2421 2420
f 2423 2422 2420
f 2424 2422 2423
f 2424 2423 2425
f 2425 2426 2424
f 2427 2426 2428
f 2426 2425 2428
f 2429 2427 2428
f 2430 2431 2429
f 2430 2429 2428
f 2432 2433 2431
f 2431 2430 2432
f 2432 2434 2433
f 2435 2434 2436
f 2435 2433 2434
f 2435 2436 2437
f 2401 2438 2402
f 2438 2439 2402
f 2438 2440 2439
f 2441 2442 2440
f 2439 2440 2442
f 2443 2442 2441
f 2444 2442 2443
f 2445 2444 2443
f 2446 2444 2445
f 2446 2445 2447
f 2445 2448 2447
f 2449 2447 2448
f 2450 2447 2449
f 2449 2451 2450
f 2451 2452 2450
f 2451 2453 2454
f 2454 2452 2451
f 2455 2454 2453
f 2455 2453 2456
f 2456 2457 2455
f 2458 2457 2456
f 2458 2459 2457
f 2460 2459 2458
f 2459 2460 2461
f 2459 2461 2462
f 2463 2461 2464
f 2461 2463 2462
f 2465 2464 2466
f 2464 2465 2463
f 2467 2468 2466
f 2465 2466 2468
f 2467 2469 2468
f 2470 2469 2467
f 2470 2471 2469
f 2470 2472 2471
f 2471 2472 2473
f 2474 2475 2476
f 2477 2478 2479
f 2480 2481 2482
f 2479 2480 2477
f 2483 2484 2485
f 2486 2485 2484
f 2487 2488 2489
f 2488 2487 2490
f 2491 2492 2489
f 2489 2488 2491
f 2493 2492 2494
f 2491 2494 2492
f 2493 2495 2496
f 2495 2493 2494
f 2497 2496 2495
f 2498 2490 2487
f 2497 2495 2499
f 2490 2498 2486
f 2485 2486 2498
f 2484 2483 2500
f 2500 2501 2502
f 2500 2483 2501
f 2502 2501 2503
f 2502 2503 2481
f 2481 2503 2482
f 2482 2477 2480
f 2504 2479 2478
f 2505 2504 2506
f 2506 2504 2478
f 2505 2506 2507
f 2508 2505 2507
f 2508 2509 2475
f 2509 2508 2507
f 2475 2509 2476
f 2476 2510 2474
f 2511 2476 2512
f 2476 2513 2512
f 2510 2476 2514
f 2476 2511 2514
f 2515 2516 2517
f 2518 2519 2520
f 2521 2520 2522
f 2523 2518 2524
f 2523 2525 2518
f 2526 2527 2528
f 2529 2530 2531
f 2523 2531 2532
f 2527 2533 2528
f 2528 2534 2526
f 2529 2534 2530
f 2529 2526 2534
f 2531 2530 2532
f 2535 2533 2527
f 2536 2537 2535
f 2536 2538 2537
f 2518 2525 2519
f 2539 2540 2541
f 2542 2540 2543
f 2538 2536 2544
f 2545 2546 2547
f 2520 2519 2522
f 2548 2546 2549
f 2550 2551 2521
f 2521 2522 2550
f 2552 2553 2551
f 2551 2550 2552
f 2554 2555 2556
f 2556 2557 2558
f 2558 2559 2560
f 2559 2558 2557
f 2561 2560 2562
f 2556 2558 2563
f 2559 2562 2560
f 2562 2564 2561
f 2564 2565 2561
f 2566 2517 2565
f 2517 2566 2515
f 2565 2564 2566
f 2567 2516 2568
f 2515 2568 2516
f 2568 2569 2567
f 2569 2570 2567
f 2570 2571 2572
f 2573 2574 2575
f 2576 2577 2578
f 2579 2580 2581
f 2582 2583 2584
f 2585 2586 2587
f 2588 2587 2586
f 2582 2589 2590
f 2591 2592 2585
f 2579 2581 2592
f 2593 2580 2579
f 2594 2595 2593
f 2593 2595 2580
f 2594 2596 2597
f 2574 2598 2599
f 2600 2601 2602
f 2601 2603 2602
f 2577 2600 2602
f 2577 2576 2600
f 2604 2576 2578
f 2605 2604 2578
f 2599 2598 2605
f 2575 2606 2573
f 2606 2575 2607
f 2607 2608 2606
f 2609 2608 2607
f 2610 2611 2612
f 2572 2613 2614
f 2613 2611 2614
f 2569 2571 2570
f 2603 2597 2596
f 2615 2616 2617
f 2551 2553 2618
f 2536 2535 2619
f 2620 2621 2589
f 2596 2594 2622
f 2623 2603 2596
f 2602 2603 2623
f 2624 2605 2578
f 2624 2599 2605
f 2615 2612 2616
f 2625 2572 2614
f 2615 2610 2612
f 2610 2614 2611
f 2625 2570 2572
f 2618 2626 2627
f 2554 2556 2563
f 2626 2555 2554
f 2524 2531 2523
f 2538 2544 2542
f 2590 2589 2621
f 2587 2591 2585
f 2628 2575 2629
f 2609 2630 2631
f 2607 2630 2609
f 2631 2617 2616
f 2554 2563 2632
f 2633 2520 2521
f 2626 2618 2553
f 2527 2619 2535
f 2545 2634 2541
f 2543 2538 2542
f 2547 2635 2636
f 2539 2543 2540
f 2634 2539 2541
f 2636 2545 2547
f 2548 2637 2635
f 2589 2588 2620
f 2584 2588 2589
f 2638 2579 2592
f 2592 2591 2638
f 2623 2596 2639
f 2623 2640 2602
f 2593 2622 2594
f 2641 2575 2574
f 2574 2599 2641
f 2642 2643 2617
f 2642 2617 2631
f 2630 2642 2631
f 2644 2567 2570
f 2570 2625 2644
f 2554 2627 2626
f 2634 2545 2636
f 2548 2635 2547
f 2645 2591 2587
f 2584 2587 2588
f 2587 2584 2645
f 2646 2593 2647
f 2648 2577 2602
f 2649 2578 2577
f 2650 2624 2578
f 2628 2630 2607
f 2575 2628 2607
f 2651 2610 2652
f 2567 2644 2653
f 2565 2517 2654
f 2655 2520 2633
f 2656 2518 2520
f 2521 2551 2633
f 2579 2647 2593
f 2657 2622 2593
f 2647 2579 2638
f 2596 2622 2639
f 2599 2658 2641
f 2658 2599 2624
f 2659 2630 2628
f 2575 2641 2629
f 2615 2652 2610
f 2660 2614 2610
f 2652 2615 2617
f 2625 2661 2644
f 2661 2625 2614
f 2516 2662 2517
f 2662 2516 2567
f 2663 2554 2632
f 2664 2627 2554
f 2563 2558 2632
f 2551 2665 2633
f 2551 2618 2665
f 2531 2666 2529
f 2667 2526 2668
f 2531 2524 2666
f 2536 2669 2544
f 2536 2619 2669
f 2670 2540 2542
f 2542 2544 2670
f 2671 2546 2545
f 2582 2584 2589
f 2640 2648 2602
f 2648 2649 2577
f 2649 2650 2578
f 2650 2658 2624
f 2672 2641 2658
f 2629 2641 2672
f 2643 2652 2617
f 2673 2558 2560
f 2673 2632 2558
f 2674 2618 2627
f 2674 2665 2618
f 2655 2656 2520
f 2675 2524 2518
f 2656 2675 2518
f 2675 2666 2524
f 2668 2529 2666
f 2526 2529 2668
f 2676 2527 2526
f 2676 2619 2527
f 2677 2540 2670
f 2677 2541 2540
f 2546 2548 2547
f 2541 2671 2545
f 2590 2678 2582
f 2584 2583 2645
f 2591 2645 2679
f 2679 2638 2591
f 2646 2657 2593
f 2657 2639 2622
f 2672 2658 2680
f 2642 2630 2681
f 2659 2681 2630
f 2681 2643 2642
f 2651 2660 2610
f 2660 2661 2614
f 2644 2682 2653
f 2653 2662 2567
f 2517 2662 2683
f 2683 2654 2517
f 2561 2565 2684
f 2654 2684 2565
f 2560 2561 2685
f 2684 2685 2561
f 2560 2685 2673
f 2663 2664 2554
f 2664 2674 2627
f 2667 2676 2526
f 2619 2676 2686
f 2686 2669 2619
f 2544 2669 2687
f 2544 2687 2670
f 2541 2677 2688
f 2688 2671 2541
f 2689 2638 2679
f 2647 2638 2689
f 2690 2623 2639
f 2640 2623 2690
f 2682 2644 2661
f 2691 2692 2693
f 2691 2693 2694
f 2694 2693 2695
f 2694 2695 2696
f 2696 2695 2697
f 2698 2696 2697
f 2699 2698 2697
f 2700 2698 2699
f 2700 2701 2702
f 2701 2700 2699
f 2703 2704 2702
f 2702 2701 2703
f 2705 2704 2706
f 2703 2706 2704
f 2707 2708 2705
f 2705 2706 2707
f 2708 2709 2710
f 2709 2708 2707
f 2710 2711 2712
f 2711 2710 2709
f 2711 2713 2712
f 2714 2713 2711
f 2715 2716 2713
f 2713 2714 2715
f 2715 2717 2716
f 2718 2717 2715
f 2717 2718 2719
f 2718 2720 2719
f 2720 2721 2719
f 2720 2722 2721
f 2722 2723 2721
f 2722 2724 2723
f 2725 2723 2724
f 2725 2726 2723
f 2727 2692 2691
f 2728 2692 2727
f 2729 2728 2727
f 2730 2728 2729
f 2731 2730 2729
f 2731 2732 2730
f 2731 2733 2732
f 2733 2734 2732
f 2735 2734 2736
f 2733 2736 2734
f 2735 2737 2738
f 2737 2735 2736
f 2739 2740 2738
f 2738 2737 2739
f 2740 2741 2742
f 2741 2740 2739
f 2743 2742 2744
f 2741 2744 2742
f 2745 2743 2746
f 2744 2746 2743
f 2745 2746 2747
f 2746 2748 2747
f 2747 2749 2750
f 2749 2747 2748
f 2750 2749 2751
f 2749 2752 2751
f 2753 2751 2752
f 2753 2752 2754
f 2753 2754 2755
f 2755 2754 2756
f 2755 2756 2757
f 2757 2756 2758
f 2758 2759 2757
f 2757 2759 2760
f 2761 2762 2763
f 2764 2765 2766
f 2767 2765 2768
f 2763 2769 2761
f 2770 2771 2772
f 2773 2768 2774
f 2775 2776 2777
f 2778 2779 2780
f 2781 2782 2783
f 2783 2784 2781
f 2785 2786 2787
f 2788 2789 2790
f 2791 2792 2793
f 2794 2795 2796
f 2797 2798 2799
f 2793 2800 2799
f 2801 2802 2803
f 2804 2805 2806
f 2804 2807 2808
f 2809 2807 2810
f 2811 2812 2813
f 2812 2808 2814
f 2804 2811 2805
f 2815 2816 2817
f 2818 2803 2802
f 2803 2819 2820
f 2814 2815 2817
f 2818 2802 2821
f 2808 2812 2811
f 2815 2814 2808
f 2807 2809 2808
f 2803 2807 2804
f 2811 2804 2808
f 2803 2820 2801
f 2819 2803 2804
f 2801 2822 2797
f 2802 2801 2797
f 2823 2799 2798
f 2798 2797 2822
f 2793 2792 2800
f 2793 2799 2823
f 2794 2791 2795
f 2795 2791 2793
f 2786 2794 2787
f 2787 2794 2796
f 2788 2824 2785
f 2785 2824 2786
f 2790 2824 2788
f 2781 2789 2825
f 2825 2789 2788
f 2777 2784 2783
f 2781 2825 2782
f 2775 2777 2779
f 2784 2777 2776
f 2778 2775 2779
f 2780 2770 2826
f 2778 2780 2826
f 2771 2774 2772
f 2770 2772 2826
f 2773 2767 2768
f 2771 2773 2774
f 2764 2827 2765
f 2827 2768 2765
f 2764 2766 2828
f 2829 2761 2828
f 2828 2766 2829
f 2769 2763 2830
f 2762 2761 2829
f 2830 2831 2832
f 2832 2769 2830
f 2833 2834 2831
f 2831 2834 2832
f 2835 2833 2836
f 2833 2831 2836
f 2835 2837 2838
f 2838 2833 2835
f 2839 2837 2840
f 2837 2839 2838
f 2841 2842 2840
f 2839 2840 2842
f 2843 2841 2844
f 2843 2842 2841
f 2844 2845 2846
f 2841 2845 2844
f 2847 2844 2848
f 2846 2848 2844
f 2848 2849 2847
f 2850 2849 2851
f 2848 2851 2849
f 2852 2853 2854
f 2850 2851 2853
f 2855 2856 2857
f 2853 2852 2850
f 2858 2859 2860
f 2861 2862 2863
f 2864 2861 2863
f 2858 2863 2859
f 2865 2864 2866
f 2867 2868 2861
f 2869 2868 2867
f 2865 2867 2864
f 2862 2870 2863
f 2867 2861 2864
f 2870 2871 2859
f 2859 2863 2870
f 2872 2871 2856
f 2871 2872 2859
f 2872 2855 2852
f 2856 2855 2872
f 2852 2855 2850
f 2873 2874 2875
f 2876 2877 2878
f 2879 2880 2881
f 2882 2883 2884
f 2885 2886 2887
f 2888 2889 2887
f 2890 2891 2892
f 2892 2893 2894
f 2895 2896 2894
f 2897 2898 2899
f 2900 2901 2902
f 2903 2904 2905
f 2906 2907 2900
f 2907 2908 2901
f 2909 2910 2911
f 2912 2913 2914
f 2915 2910 2909
f 2916 2917 2918
f 2919 2917 2916
f 2920 2921 2922
f 2923 2924 2925
f 2926 2927 2928
f 2929 2930 2931
f 2930 2929 2932
f 2931 2930 2933
f 2934 2935 2931
f 2931 2935 2936
f 2936 2929 2931
f 2937 2932 2929
f 2936 2938 2929
f 2939 2940 2941
f 2936 2942 2926
f 2936 2926 2943
f 2938 2936 2943
f 2929 2938 2937
f 2935 2942 2936
f 2926 2928 2943
f 2943 2928 2944
f 2942 2927 2926
f 2945 2939 2941
f 2927 2946 2947
f 2947 2928 2927
f 2944 2928 2948
f 2947 2948 2928
f 2949 2946 2940
f 2947 2949 2950
f 2946 2949 2947
f 2950 2949 2939
f 2947 2950 2948
f 2939 2951 2950
f 2939 2949 2940
f 2939 2945 2952
f 2952 2953 2951
f 2952 2954 2925
f 2955 2952 2925
f 2955 2953 2952
f 2939 2952 2951
f 2945 2954 2952
f 2956 2955 2924
f 2924 2955 2925
f 2954 2923 2925
f 2923 2957 2958
f 2958 2924 2923
f 2956 2924 2958
f 2958 2959 2956
f 2960 2961 2957
f 2961 2962 2959
f 2957 2961 2958
f 2961 2963 2964
f 2958 2961 2959
f 2960 2963 2961
f 2964 2965 2966
f 2961 2964 2962
f 2962 2964 2967
f 2963 2965 2964
f 2968 2921 2965
f 2921 2966 2965
f 2964 2966 2967
f 2967 2966 2969
f 2969 2966 2970
f 2970 2920 2971
f 2966 2921 2970
f 2968 2922 2921
f 2972 2922 2973
f 2922 2972 2920
f 2974 2920 2972
f 2921 2920 2970
f 2972 2975 2976
f 2976 2977 2974
f 2974 2972 2976
f 2920 2974 2971
f 2975 2972 2973
f 2975 2978 2979
f 2975 2979 2976
f 2980 2977 2976
f 2980 2976 2979
f 2979 2981 2874
f 2874 2980 2979
f 2874 2982 2980
f 2978 2981 2979
f 2873 2982 2874
f 2982 2873 2983
f 2981 2875 2874
f 2984 2985 2875
f 2873 2985 2986
f 2985 2873 2875
f 2983 2873 2986
f 2984 2987 2988
f 2984 2988 2985
f 2988 2986 2985
f 2988 2989 2986
f 2988 2990 2991
f 2992 2988 2991
f 2992 2989 2988
f 2987 2990 2988
f 2879 2990 2993
f 2879 2992 2991
f 2992 2879 2994
f 2990 2879 2991
f 2995 2880 2879
f 2881 2994 2879
f 2995 2879 2993
f 2878 2877 2995
f 2881 2880 2877
f 2994 2881 2996
f 2995 2877 2880
f 2877 2876 2881
f 2881 2876 2997
f 2996 2881 2998
f 2998 2881 2997
f 2999 2884 2876
f 2999 2876 2878
f 2999 2882 2884
f 2883 3000 2884
f 2876 2884 2997
f 2997 2884 3001
f 3001 2884 3000
f 3002 2882 3003
f 2882 3002 2883
f 2883 3002 3004
f 3005 3002 3006
f 3004 3002 3007
f 3002 3005 3007
f 2883 3004 3000
f 3006 3002 3003
f 3005 3008 3009
f 3010 3007 3009
f 3008 3005 3006
f 3009 3011 2885
f 2885 3010 3009
f 3005 3009 3007
f 2885 3012 3010
f 3008 3011 3009
f 2887 3012 2885
f 3011 2886 2885
f 2888 2887 2886
f 2889 3013 2887
f 3012 2887 3014
f 3014 2887 3013
f 3015 2892 2896
f 2888 3016 3017
f 3018 2889 3017
f 3017 2889 2888
f 3018 3019 3013
f 3017 3020 2895
f 3018 3017 2895
f 3018 3021 3019
f 2889 3018 3013
f 3015 2896 3020
f 3016 3020 3017
f 2894 3018 2895
f 2890 2892 3015
f 3020 2896 2895
f 2892 2894 2896
f 2894 2893 3022
f 3018 2894 3021
f 3021 2894 3023
f 3023 2894 3022
f 2891 2893 2892
f 3022 2891 3024
f 2890 3025 3026
f 3027 2891 3026
f 2890 3026 2891
f 2893 2891 3022
f 3026 3028 3029
f 3027 3026 3029
f 3030 3029 3031
f 2891 3027 3024
f 3024 3027 3030
f 3025 3028 3026
f 3032 2898 3028
f 2898 3029 3028
f 3033 3029 2898
f 3033 3034 3031
f 3027 3029 3030
f 3033 2898 2897
f 3029 3033 3031
f 3032 2899 2898
f 3035 2899 3036
f 3035 2897 2899
f 3037 3033 3035
f 3035 3033 2897
f 3034 3033 3038
f 3038 3033 3037
f 3039 2908 3035
f 2908 3037 3035
f 3038 3037 3040
f 3040 3037 3041
f 3039 3035 3036
f 3042 2901 3039
f 3043 3044 2914
f 3039 2901 2908
f 3037 3045 3041
f 2907 3037 2908
f 2907 3045 3037
f 2907 2901 2900
f 2906 3045 2907
f 3042 2902 2901
f 2902 3043 3046
f 2900 2902 3046
f 2906 2900 3046
f 3045 2906 3047
f 2912 2914 3044
f 2918 3048 2916
f 2906 3046 3049
f 2914 3049 3046
f 3049 3050 2906
f 3047 2906 3051
f 3051 2906 3050
f 3043 2914 3046
f 2914 3052 3049
f 2913 3052 2914
f 3049 3052 3053
f 2913 2910 3052
f 2910 2915 3052
f 2904 3053 3052
f 3052 2915 2904
f 3049 3053 3050
f 2919 2909 2911
f 2909 3054 2915
f 3054 2904 2915
f 3055 2904 2903
f 3053 2904 3055
f 2916 3056 3054
f 2916 3054 2909
f 3056 2905 2904
f 3056 2904 3054
f 3057 3058 2905
f 2919 2916 2909
f 3048 3056 2916
f 3056 3048 3059
f 3059 2905 3056
f 2905 3059 3057
f 2903 2905 3058
f 3060 3061 3062
f 3063 3064 3065
f 3063 3066 3067
f 3068 3069 3070
f 3071 3072 3073
f 3074 3075 3076
f 3077 3078 3079
f 3080 3081 3082
f 3083 3084 3085
f 3086 3087 3085
f 3080 3088 3089
f 3090 3085 3091
f 3090 3086 3085
f 3090 3091 3092
f 3083 3085 3087
f 3093 3081 3080
f 3094 3095 3096
f 3071 3097 3098
f 3097 3099 3100
f 3101 3102 3103
f 3104 3105 3106
f 3107 3108 3109
f 3110 3111 3112
f 3064 3113 3112
f 3114 3115 3116
f 3117 3118 3067
f 3119 3062 3061
f 3120 3121 3122
f 3123 3124 3120
f 3125 3126 3127
f 3082 3081 3084
f 3084 3081 3085
f 3128 3091 3081
f 3091 3085 3081
f 3129 3092 3091
f 3091 3128 3130
f 3129 3091 3130
f 3088 3080 3082
f 3131 3078 3132
f 3133 3128 3093
f 3130 3128 3133
f 3081 3093 3128
f 3134 3089 3088
f 3093 3089 3135
f 3089 3093 3080
f 3133 3093 3135
f 3136 3133 3137
f 3133 3136 3130
f 3134 3077 3089
f 3095 3131 3138
f 3139 3135 3077
f 3135 3089 3077
f 3137 3135 3139
f 3133 3135 3137
f 3140 3139 3079
f 3139 3077 3079
f 3140 3141 3139
f 3139 3141 3137
f 3134 3078 3077
f 3138 3131 3132
f 3079 3131 3094
f 3078 3131 3079
f 3140 3079 3094
f 3141 3140 3142
f 3140 3094 3143
f 3142 3140 3143
f 3144 3145 3076
f 3131 3095 3094
f 3146 3094 3096
f 3143 3094 3146
f 3147 3075 3095
f 3148 3145 3149
f 3096 3075 3150
f 3095 3075 3096
f 3146 3096 3150
f 3151 3143 3146
f 3151 3146 3150
f 3144 3076 3147
f 3150 3075 3074
f 3151 3150 3152
f 3150 3074 3153
f 3152 3150 3153
f 3076 3075 3147
f 3149 3145 3144
f 3145 3154 3076
f 3153 3074 3154
f 3076 3154 3074
f 3153 3154 3155
f 3156 3148 3149
f 3154 3148 3157
f 3145 3148 3154
f 3157 3155 3154
f 3158 3148 3156
f 3157 3158 3159
f 3157 3148 3158
f 3155 3157 3160
f 3160 3157 3159
f 3158 3161 3162
f 3159 3158 3162
f 3163 3160 3159
f 3161 3158 3156
f 3164 3165 3161
f 3166 3097 3167
f 3165 3162 3161
f 3168 3159 3165
f 3159 3162 3165
f 3163 3159 3169
f 3169 3159 3168
f 3170 3171 3165
f 3098 3097 3166
f 3165 3171 3172
f 3168 3165 3172
f 3164 3170 3165
f 3100 3171 3167
f 3172 3100 3173
f 3172 3171 3100
f 3168 3172 3174
f 3174 3172 3175
f 3170 3167 3171
f 3100 3099 3173
f 3173 3176 3175
f 3172 3173 3175
f 3173 3099 3176
f 3097 3100 3167
f 3177 3107 3178
f 3099 3071 3179
f 3176 3099 3179
f 3097 3071 3099
f 3180 3107 3177
f 3098 3072 3071
f 3179 3071 3073
f 3109 3072 3178
f 3181 3073 3109
f 3072 3109 3073
f 3073 3181 3182
f 3179 3073 3182
f 3109 3108 3181
f 3181 3183 3184
f 3182 3181 3184
f 3181 3108 3183
f 3107 3109 3178
f 3180 3106 3107
f 3108 3106 3185
f 3183 3108 3185
f 3107 3106 3108
f 3185 3105 3186
f 3185 3106 3105
f 3185 3186 3187
f 3183 3185 3187
f 3180 3104 3106
f 3105 3188 3189
f 3104 3188 3105
f 3186 3105 3189
f 3190 3191 3188
f 3188 3191 3189
f 3192 3193 3189
f 3186 3189 3193
f 3189 3191 3192
f 3069 3194 3195
f 3196 3102 3191
f 3192 3191 3197
f 3102 3197 3191
f 3190 3196 3191
f 3198 3197 3101
f 3196 3103 3102
f 3103 3194 3068
f 3068 3101 3103
f 3068 3198 3101
f 3102 3101 3197
f 3199 3200 3068
f 3198 3068 3200
f 3068 3070 3199
f 3194 3069 3068
f 3201 3069 3195
f 3199 3070 3201
f 3070 3069 3201
f 3199 3201 3202
f 3203 3201 3204
f 3205 3201 3203
f 3205 3202 3201
f 3204 3201 3195
f 3206 3207 3203
f 3207 3205 3203
f 3208 3202 3205
f 3206 3203 3204
f 3209 3110 3206
f 3206 3110 3207
f 3205 3207 3110
f 3210 3208 3205
f 3205 3110 3211
f 3210 3205 3211
f 3211 3110 3212
f 3212 3110 3112
f 3209 3111 3110
f 3111 3064 3112
f 3212 3113 3213
f 3063 3113 3064
f 3213 3113 3063
f 3112 3113 3212
f 3213 3063 3214
f 3065 3066 3063
f 3214 3063 3215
f 3067 3215 3063
f 3066 3117 3067
f 3216 3115 3117
f 3115 3118 3117
f 3067 3118 3215
f 3217 3215 3118
f 3218 3118 3115
f 3217 3118 3218
f 3216 3116 3115
f 3114 3218 3115
f 3219 3116 3220
f 3116 3219 3114
f 3114 3219 3221
f 3221 3222 3114
f 3218 3114 3222
f 3219 3223 3224
f 3221 3219 3224
f 3225 3221 3224
f 3223 3219 3220
f 3224 3226 3121
f 3223 3226 3224
f 3120 3227 3121
f 3224 3121 3225
f 3225 3121 3227
f 3226 3122 3121
f 3228 3119 3229
f 3120 3122 3123
f 3120 3124 3230
f 3227 3120 3230
f 3228 3229 3231
f 3232 3123 3233
f 3232 3124 3123
f 3124 3232 3234
f 3230 3124 3234
f 3232 3235 3061
f 3232 3236 3237
f 3236 3232 3061
f 3234 3232 3237
f 3233 3235 3232
f 3235 3119 3061
f 3062 3228 3238
f 3062 3119 3228
f 3061 3060 3236
f 3060 3062 3238
f 3238 3228 3239
f 3231 3239 3228
f 3239 3240 3238
f 3060 3238 3240
f 3231 3241 3239
f 3241 3242 3239
f 3243 3244 3239
f 3240 3239 3244
f 3239 3242 3243
f 3241 3245 3242
f 3246 3245 3241
f 3243 3242 3245
f 3247 3248 3245
f 3249 3250 3245
f 3249 3245 3248
f 3243 3245 3250
f 3246 3247 3245
f 3248 3247 3126
f 3249 3248 3126
f 3126 3251 3249
f 3125 3252 3126
f 3247 3127 3126
f 3252 3253 3251
f 3252 3251 3126
f 3254 3255 3256
f 3254 3257 3258
f 3259 3260 3254
f 3254 3261 3262
f 3254 3263 3264
f 3254 3265 3266
f 3267 3254 3258
f 3254 3264 3268
f 3263 3254 3262
f 3268 3257 3254
f 3254 3267 3269
f 3270 3271 3254
f 3254 3271 3265
f 3270 3254 3269
f 3254 3266 3272
f 3261 3254 3273
f 3254 3272 3274
f 3254 3275 3273
f 3274 3276 3254
f 3254 3276 3277
f 3259 3254 3278
f 3254 3277 3279
f 3254 3279 3280
f 3256 3278 3254
f 3281 3254 3280
f 3254 3281 3282
f 3283 3284 3254
f 3282 3283 3254
f 3254 3284 3285
f 3286 3254 3285
f 3254 3286 3287
f 3254 3288 3289
f 3254 3287 3288
f 3289 3290 3254
f 3255 3254 3290
f 3275 3254 3260
f 3291 3292 3293
f 3294 3295 3296
f 3297 3298 3299
f 3299 3300 3295
f 3301 3302 3303
f 3298 3297 3301
f 3304 3305 3306
f 3307 3308 3309
f 3310 3311 3312
f 3313 3307 3310
f 3314 3315 3316
f 3317 3315 3314
f 3318 3319 3320
f 3321 3322 3323
f 3318 3322 3321
f 3323 3324 3325
f 3323 3325 3321
f 3324 3326 3327
f 3326 3324 3328
f 3329 3330 3331
f 3332 3333 3334
f 3335 3336 3337
f 3338 3339 3337
f 3339 3340 3341
f 3341 3342 3343
f 3344 3345 3343
f 3346 3347 3345
f 3346 3348 3347
f 3349 3350 3351
f 3348 3350 3349
f 3352 3353 3351
f 3352 3351 3354
f 3352 3354 3355
f 3356 3355 3357
f 3354 3357 3355
f 3356 3358 3359
f 3358 3356 3357
f 3360 3359 3358
f 3360 3358 3361
f 3360 3362 3363
f 3362 3360 3361
f 3364 3365 3363
f 3363 3362 3364
f 3366 3365 3367
f 3364 3367 3365
f 3366 3367 3368
f 3366 3368 3369
f 3368 3370 3369
f 3370 3371 3369
f 3372 3371 3370
f 3373 3371 3372
f 3374 3375 3373
f 3373 3372 3374
f 3351 3353 3349
f 3328 3331 3330
f 3376 3348 3349
f 3347 3348 3376
f 3344 3346 3345
f 3342 3344 3343
f 3340 3342 3341
f 3338 3340 3339
f 3377 3338 3337
f 3336 3377 3337
f 3333 3336 3335
f 3334 3333 3335
f 3329 3332 3334
f 3329 3331 3332
f 3326 3328 3330
f 3327 3325 3324
f 3320 3322 3318
f 3319 3318 3378
f 3319 3378 3379
f 3319 3379 3316
f 3316 3379 3314
f 3380 3315 3317
f 3381 3380 3317
f 3382 3381 3312
f 3381 3382 3380
f 3311 3382 3312
f 3307 3311 3310
f 3308 3307 3313
f 3383 3308 3384
f 3308 3383 3309
f 3385 3383 3386
f 3386 3383 3384
f 3387 3385 3386
f 3304 3385 3387
f 3305 3304 3387
f 3388 3305 3303
f 3305 3388 3306
f 3302 3388 3303
f 3297 3302 3301
f 3300 3299 3298
f 3296 3295 3300
f 3294 3389 3295
f 3390 3391 3389
f 3294 3390 3389
f 3390 3392 3391
f 3392 3291 3391
f 3291 3392 3292
f 3393 3394 3395
f 3396 3397 3398
f 3399 3400 3401
f 3399 3402 3400
f 3403 3404 3405
f 3401 3405 3404
f 3401 3400 3405
f 3403 3406 3404
f 3399 3407 3402
f 3403 3408 3406
f 3407 3409 3402
f 3397 3406 3408
f 3409 3407 3410
f 3397 3408 3411
f 3409 3410 3412
f 3412 3410 3413
f 3397 3411 3398
f 3413 3414 3412
f 3415 3396 3398
f 3416 3414 3413
f 3414 3416 3417
f 3418 3417 3416
f 3416 3419 3418
f 3419 3420 3418
f 3421 3420 3419
f 3422 3420 3421
f 3422 3421 3423
f 3422 3424 3425
f 3424 3422 3423
f 3426 3427 3425
f 3425 3424 3426
f 3428 3427 3429
f 3426 3429 3427
f 3429 3430 3428
f 3431 3430 3429
f 3415 3432 3396
f 3431 3433 3430
f 3434 3433 3431
f 3435 3433 3434
f 3435 3434 3436
f 3435 3437 3438
f 3437 3435 3436
f 3439 3440 3438
f 3438 3437 3439
f 3440 3439 3441
f 3439 3442 3441
f 3442 3443 3441
f 3443 3444 3445
f 3444 3443 3442
f 3445 3444 3446
f 3415 3447 3432
f 3447 3448 3432
f 3449 3448 3447
f 3450 3448 3449
f 3450 3449 3451
f 3450 3451 3452
f 3451 3453 3452
f 3452 3453 3454
f 3453 3455 3454
f 3455 3456 3454
f 3457 3456 3455
f 3458 3456 3457
f 3458 3457 3459
f 3458 3459 3460
f 3459 3461 3460
f 3461 3462 3460
f 3463 3464 3461
f 3462 3461 3464
f 3465 3463 3466
f 3463 3465 3464
f 3465 3466 3467
f 3466 3468 3467
f 3468 3469 3467
f 3470 3469 3468
f 3470 3471 3472
f 3472 3469 3470
f 3471 3473 3472
f 3474 3473 3471
f 3475 3473 3474
f 3475 3474 3476
f 3475 3476 3477
f 3476 3478 3477
f 3478 3479 3477
f 3480 3479 3478
f 3481 3479 3480
f 3481 3480 3482
f 3481 3482 3483
f 3482 3484 3483
f 3484 3485 3483
f 3486 3485 3484
f 3487 3485 3486
f 3487 3486 3488
f 3489 3490 3488
f 3487 3488 3490
f 3491 3490 3489
f 3491 3489 3492
f 3491 3492 3493
f 3493 3395 3494
f 3395 3493 3492
f 3394 3494 3395
f 3495 3496 3497
f 3495 3497 3498
f 3499 3500 3495
f 3501 3502 3499
f 3500 3499 3502
f 3495 3500 3496
f 3497 3503 3498
f 3503 3504 3498
f 3505 3503 3506
f 3503 3505 3504
f 3507 3505 3508
f 3506 3508 3505
f 3509 3510 3507
f 3507 3508 3509
f 3511 3512 3513
f 3511 3513 3514
f 3515 3516 3513
f 3514 3513 3516
f 3517 3518 3516
f 3516 3515 3517
f 3518 3519 3520
f 3519 3518 3517
f 3511 3521 3512
f 3512 3521 3522
f 3521 3523 3522
f 3521 3524 3523
f 3523 3524 3525
f 3525 3524 3526
f 3527 3528 3529
f 3530 3531 3532
f 3533 3534 3529
f 3535 3536 3537
f 3538 3539 3540
f 3541 3542 3543
f 3544 3542 3538
f 3539 3545 3540
f 3543 3544 3546
f 3547 3540 3545
f 3540 3548 3544
f 3545 3539 3549
f 3539 3550 3549
f 3551 3552 3553
f 3554 3555 3556
f 3557 3558 3559
f 3560 3558 3561
f 3560 3562 3563
f 3564 3565 3566
f 3567 3568 3564
f 3569 3570 3571
f 3570 3572 3573
f 3574 3575 3576
f 3576 3577 3578
f 3579 3575 3580
f 3581 3582 3583
f 3584 3585 3586
f 3587 3588 3589
f 3590 3589 3591
f 3592 3590 3593
f 3594 3595 3596
f 3597 3598 3596
f 3599 3600 3601
f 3602 3603 3601
f 3604 3605 3606
f 3607 3604 3608
f 3609 3610 3611
f 3546 3544 3548
f 3538 3540 3544
f 3538 3612 3539
f 3542 3544 3543
f 3542 3613 3538
f 3539 3612 3550
f 3614 3542 3541
f 3538 3613 3612
f 3615 3541 3543
f 3615 3616 3541
f 3617 3541 3616
f 3618 3541 3617
f 3542 3614 3613
f 3536 3617 3616
f 3619 3617 3535
f 3535 3617 3536
f 3541 3618 3614
f 3537 3619 3535
f 3617 3619 3618
f 3619 3537 3620
f 3621 3537 3536
f 3621 3534 3537
f 3534 3533 3537
f 3622 3537 3533
f 3529 3534 3527
f 3537 3622 3620
f 3623 3529 3528
f 3623 3624 3529
f 3533 3529 3622
f 3624 3622 3529
f 3625 3528 3527
f 3528 3625 3530
f 3528 3532 3623
f 3532 3528 3530
f 3626 3553 3627
f 3531 3530 3628
f 3629 3532 3531
f 3532 3630 3623
f 3629 3630 3532
f 3631 3531 3628
f 3531 3631 3632
f 3633 3631 3628
f 3554 3626 3634
f 3633 3635 3631
f 3636 3631 3635
f 3632 3631 3636
f 3531 3632 3629
f 3627 3553 3637
f 3554 3638 3555
f 3637 3635 3633
f 3637 3553 3635
f 3552 3635 3553
f 3636 3635 3552
f 3636 3552 3639
f 3634 3626 3627
f 3557 3640 3641
f 3626 3551 3553
f 3642 3639 3552
f 3642 3552 3551
f 3556 3551 3626
f 3556 3626 3554
f 3642 3551 3643
f 3640 3555 3638
f 3556 3643 3551
f 3556 3555 3644
f 3644 3643 3556
f 3641 3640 3638
f 3644 3555 3645
f 3645 3555 3640
f 3644 3645 3646
f 3559 3645 3640
f 3559 3640 3557
f 3645 3647 3646
f 3558 3557 3561
f 3648 3647 3558
f 3559 3647 3645
f 3647 3559 3558
f 3560 3561 3562
f 3649 3558 3560
f 3649 3648 3558
f 3563 3562 3650
f 3560 3563 3651
f 3649 3560 3651
f 3565 3563 3650
f 3565 3650 3566
f 3565 3652 3651
f 3565 3651 3563
f 3564 3566 3567
f 3653 3565 3564
f 3568 3567 3654
f 3564 3568 3655
f 3565 3653 3652
f 3571 3573 3654
f 3654 3573 3568
f 3573 3572 3568
f 3655 3568 3572
f 3564 3655 3653
f 3656 3655 3572
f 3570 3573 3571
f 3570 3657 3572
f 3656 3572 3657
f 3658 3570 3569
f 3659 3569 3571
f 3575 3574 3660
f 3659 3661 3569
f 3662 3569 3661
f 3662 3663 3569
f 3570 3658 3657
f 3664 3662 3661
f 3665 3662 3664
f 3569 3663 3658
f 3666 3664 3661
f 3667 3575 3660
f 3666 3578 3664
f 3578 3577 3664
f 3577 3668 3664
f 3662 3665 3663
f 3576 3578 3574
f 3669 3577 3576
f 3664 3668 3665
f 3670 3671 3672
f 3576 3575 3579
f 3579 3673 3669
f 3579 3669 3576
f 3577 3669 3668
f 3667 3580 3575
f 3585 3670 3672
f 3667 3581 3580
f 3583 3580 3581
f 3580 3674 3579
f 3583 3674 3580
f 3579 3674 3673
f 3674 3583 3675
f 3676 3583 3582
f 3583 3676 3677
f 3671 3582 3581
f 3582 3671 3670
f 3676 3582 3678
f 3582 3670 3678
f 3679 3676 3678
f 3583 3677 3675
f 3678 3670 3584
f 3584 3670 3585
f 3584 3680 3678
f 3678 3680 3679
f 3676 3679 3677
f 3681 3586 3585
f 3682 3683 3684
f 3681 3685 3586
f 3586 3686 3584
f 3687 3586 3685
f 3686 3687 3688
f 3687 3686 3586
f 3584 3686 3680
f 3689 3685 3681
f 3689 3588 3685
f 3687 3685 3587
f 3587 3685 3588
f 3687 3690 3688
f 3687 3691 3690
f 3692 3682 3684
f 3589 3588 3591
f 3587 3691 3687
f 3589 3590 3592
f 3592 3693 3691
f 3589 3691 3587
f 3691 3589 3592
f 3691 3694 3690
f 3683 3590 3591
f 3590 3683 3682
f 3598 3597 3695
f 3682 3593 3590
f 3696 3592 3593
f 3691 3693 3694
f 3697 3593 3682
f 3592 3696 3693
f 3692 3697 3682
f 3698 3598 3695
f 3692 3595 3697
f 3697 3595 3594
f 3697 3699 3593
f 3699 3700 3701
f 3593 3699 3696
f 3701 3696 3699
f 3595 3597 3596
f 3594 3699 3697
f 3606 3594 3596
f 3699 3606 3702
f 3606 3699 3594
f 3702 3700 3699
f 3604 3606 3596
f 3598 3604 3596
f 3606 3605 3702
f 3608 3604 3598
f 3607 3703 3605
f 3605 3604 3607
f 3698 3608 3598
f 3698 3704 3608
f 3609 3608 3704
f 3705 3706 3707
f 3609 3708 3607
f 3607 3608 3609
f 3607 3708 3703
f 3709 3704 3698
f 3709 3710 3704
f 3609 3710 3610
f 3704 3710 3609
f 3710 3709 3711
f 3710 3599 3712
f 3711 3599 3710
f 3710 3712 3706
f 3710 3706 3610
f 3609 3611 3708
f 3707 3712 3599
f 3599 3601 3707
f 3707 3706 3712
f 3706 3705 3713
f 3610 3706 3611
f 3713 3611 3706
f 3707 3601 3603
f 3707 3603 3714
f 3705 3707 3714
f 3705 3714 3715
f 3716 3717 3603
f 3602 3716 3603
f 3603 3717 3714
f 3717 3718 3714
f 3714 3718 3715
f 3719 3720 3721
f 3722 3723 3724
f 3725 3726 3727
f 3728 3727 3729
f 3730 3731 3732
f 3733 3734 3735
f 3736 3737 3738
f 3739 3740 3741
f 3742 3743 3744
f 3745 3746 3743
f 3746 3747 3748
f 3749 3750 3751
f 3748 3752 3753
f 3754 3752 3755
f 3756 3757 3758
f 3758 3759 3760
f 3761 3762 3757
f 3763 3764 3765
f 3766 3767 3768
f 3769 3770 3771
f 3772 3770 3767
f 3773 3774 3775
f 3775 3776 3777
f 3778 3779 3780
f 3781 3782 3783
f 3784 3785 3786
f 3785 3787 3788
f 3789 3790 3784
f 3789 3791 3792
f 3793 3794 3795
f 3796 3797 3791
f 3792 3797 3798
f 3799 3800 3794
f 3799 3794 3793
f 3798 3797 3800
f 3794 3800 3797
f 3796 3794 3797
f 3794 3801 3795
f 3801 3794 3796
f 3801 3802 3803
f 3795 3801 3804
f 3796 3802 3801
f 3803 3804 3801
f 3787 3784 3805
f 3791 3797 3792
f 3806 3802 3796
f 3791 3806 3796
f 3789 3792 3790
f 3807 3791 3789
f 3807 3806 3791
f 3808 3790 3792
f 3805 3784 3808
f 3809 3810 3783
f 3790 3808 3784
f 3784 3786 3789
f 3786 3811 3807
f 3812 3787 3805
f 3785 3784 3787
f 3785 3813 3786
f 3786 3813 3811
f 3789 3786 3807
f 3809 3812 3810
f 3812 3788 3787
f 3788 3812 3809
f 3814 3788 3809
f 3788 3815 3785
f 3815 3788 3814
f 3785 3815 3813
f 3814 3816 3815
f 3809 3782 3814
f 3783 3782 3809
f 3817 3816 3814
f 3818 3817 3781
f 3782 3817 3814
f 3781 3817 3782
f 3819 3781 3783
f 3781 3819 3820
f 3781 3820 3821
f 3821 3818 3781
f 3818 3821 3822
f 3823 3820 3819
f 3820 3823 3824
f 3820 3825 3821
f 3825 3820 3824
f 3821 3826 3822
f 3825 3826 3821
f 3779 3825 3824
f 3779 3824 3780
f 3827 3826 3825
f 3825 3779 3827
f 3779 3778 3828
f 3828 3827 3779
f 3829 3778 3780
f 3829 3830 3778
f 3778 3830 3828
f 3830 3831 3828
f 3831 3832 3828
f 3832 3827 3828
f 3833 3830 3829
f 3833 3834 3830
f 3834 3835 3830
f 3774 3835 3834
f 3774 3773 3835
f 3835 3836 3830
f 3773 3836 3835
f 3830 3836 3831
f 3774 3834 3837
f 3776 3774 3837
f 3775 3774 3776
f 3838 3839 3773
f 3839 3836 3773
f 3777 3840 3838
f 3775 3838 3773
f 3777 3838 3775
f 3772 3766 3841
f 3841 3777 3776
f 3841 3766 3777
f 3768 3777 3766
f 3768 3842 3777
f 3767 3766 3772
f 3843 3768 3767
f 3777 3842 3840
f 3770 3772 3771
f 3768 3843 3842
f 3769 3771 3844
f 3770 3845 3767
f 3846 3845 3770
f 3767 3845 3843
f 3847 3769 3844
f 3769 3846 3770
f 3846 3848 3849
f 3849 3845 3846
f 3850 3847 3844
f 3850 3720 3847
f 3719 3847 3720
f 3719 3851 3846
f 3847 3846 3769
f 3719 3846 3847
f 3851 3848 3846
f 3852 3721 3720
f 3721 3852 3728
f 3728 3729 3721
f 3729 3853 3854
f 3721 3854 3719
f 3854 3721 3729
f 3719 3854 3851
f 3855 3730 3856
f 3729 3727 3726
f 3726 3857 3853
f 3858 3727 3728
f 3725 3727 3858
f 3859 3857 3726
f 3729 3726 3853
f 3860 3725 3858
f 3855 3856 3860
f 3725 3860 3856
f 3861 3722 3862
f 3725 3859 3726
f 3863 3725 3856
f 3863 3859 3725
f 3863 3856 3732
f 3732 3856 3730
f 3735 3861 3864
f 3865 3732 3731
f 3863 3732 3866
f 3865 3866 3732
f 3867 3731 3730
f 3867 3722 3731
f 3724 3731 3722
f 3865 3731 3724
f 3724 3868 3865
f 3864 3861 3862
f 3861 3723 3722
f 3869 3724 3723
f 3869 3868 3724
f 3870 3735 3864
f 3735 3723 3861
f 3734 3723 3735
f 3871 3723 3734
f 3723 3871 3869
f 3733 3872 3871
f 3870 3733 3735
f 3733 3870 3873
f 3874 3737 3875
f 3876 3733 3873
f 3733 3877 3872
f 3734 3733 3871
f 3733 3876 3877
f 3874 3878 3742
f 3739 3876 3873
f 3879 3876 3741
f 3741 3876 3739
f 3879 3877 3876
f 3740 3880 3879
f 3740 3879 3741
f 3881 3740 3739
f 3875 3737 3881
f 3740 3881 3737
f 3745 3742 3878
f 3736 3740 3737
f 3736 3882 3880
f 3883 3736 3738
f 3883 3882 3736
f 3740 3736 3880
f 3874 3738 3737
f 3874 3742 3738
f 3744 3738 3742
f 3884 3738 3744
f 3747 3745 3885
f 3743 3742 3745
f 3738 3884 3883
f 3743 3886 3884
f 3746 3745 3747
f 3887 3743 3746
f 3743 3887 3886
f 3744 3743 3884
f 3888 3889 3890
f 3746 3748 3753
f 3753 3887 3746
f 3887 3753 3891
f 3752 3748 3755
f 3752 3892 3753
f 3753 3892 3891
f 3893 3754 3755
f 3893 3889 3754
f 3754 3894 3752
f 3894 3754 3895
f 3752 3894 3892
f 3889 3896 3754
f 3896 3889 3888
f 3897 3896 3888
f 3898 3895 3897
f 3896 3895 3754
f 3895 3896 3897
f 3899 3897 3888
f 3897 3899 3900
f 3900 3901 3751
f 3759 3899 3888
f 3901 3899 3759
f 3902 3903 3765
f 3900 3899 3901
f 3897 3900 3898
f 3761 3757 3756
f 3758 3901 3759
f 3758 3757 3901
f 3901 3757 3749
f 3749 3751 3901
f 3749 3904 3903
f 3757 3904 3749
f 3765 3904 3762
f 3762 3904 3757
f 3762 3763 3765
f 3765 3903 3904
f 3749 3903 3750
f 3763 3905 3764
f 3765 3906 3902
f 3764 3906 3765
f 3907 3905 3908
f 3905 3907 3764
f 3909 3764 3907
f 3764 3909 3906
f 3910 3911 3912
f 3913 3911 3914
f 3911 3915 3912
f 3916 3911 3917
f 3918 3919 3920
f 3921 3922 3923
f 3924 3925 3920
f 3923 3926 3927
f 3917 3923 3928
f 3929 3923 3922
f 3930 3911 3931
f 3932 3933 3934
f 3935 3936 3934
f 3937 3938 3939
f 3940 3937 3939
f 3941 3937 3940
f 3941 3942 3943
f 3944 3945 3946
f 3943 3947 3946
f 3946 3948 3949
f 3950 3949 3951
f 3951 3949 3952
f 3952 3949 3948
f 3945 3948 3946
f 3946 3947 3944
f 3942 3947 3943
f 3941 3943 3937
f 3937 3953 3954
f 3954 3938 3937
f 3953 3934 3936
f 3937 3934 3953
f 3935 3934 3933
f 3916 3955 3911
f 3956 3923 3925
f 3924 3920 3957
f 3923 3920 3925
f 3956 3958 3923
f 3957 3920 3919
f 3958 3926 3923
f 3929 3928 3923
f 3923 3927 3921
f 3911 3923 3917
f 3959 3960 3961
f 3962 3920 3963
f 3964 3965 3966
f 3967 3968 3969
f 3970 3969 3968
f 3971 3968 3964
f 3967 3964 3968
f 3965 3964 3967
f 3964 3966 3972
f 3972 3973 3960
f 3972 3966 3973
f 3973 3974 3960
f 3974 3961 3960
f 3960 3959 3975
f 3920 3960 3963
f 3975 3963 3960
f 3962 3976 3920
f 3920 3976 3918
f 3955 3977 3911
f 3911 3978 3979
f 3911 3977 3978
f 3915 3911 3979
f 3913 3980 3911
f 3911 3910 3914
f 3911 3980 3931
f 3981 3911 3930
f 3982 3983 3981
f 3911 3981 3983
f 3983 3982 3984
f 3983 3984 3985
f 3986 3934 3983
f 3983 3985 3986
f 3986 3987 3934
f 3987 3988 3934
f 3988 3989 3934
f 3932 3989 3990
f 3989 3932 3934
f 3932 3990 3991
f 3990 3992 3993
f 3993 3991 3990
f 3993 3992 3994
f 3993 3994 3995
f 3994 3996 3997
f 3997 3995 3994
f 3997 3996 3998
f 3998 3996 3999
f 4000 3998 3999
f 4001 4000 3999
f 4002 4000 4003
f 4001 4003 4000
f 4004 4005 4002
f 4004 4002 4003
f 4005 4006 4002
f 4007 4005 4004
f 4008 4009 4005
f 4010 4011 4005
f 4005 4011 4012
f 4005 4012 4013
f 4005 4013 4014
f 4015 4005 4014
f 4016 4017 4005
f 4015 4018 4005
f 4019 4016 4005
f 4005 4020 4021
f 4020 4005 4018
f 4022 4023 4019
f 4021 4022 4019
f 4024 4023 4025
f 4019 4023 4026
f 4024 4027 4028
f 4024 4026 4023
f 4024 4029 4027
f 4027 4030 4028
f 4027 4031 4030
f 4032 4027 4029
f 4025 4029 4024
f 4021 4019 4005
f 4005 4009 4010
f 4033 4006 4005
f 4007 4008 4005
f 4005 4017 4034
f 4005 4035 4036
f 4005 4036 4033
f 4037 4035 4005
f 4034 4038 4005
f 4039 4040 4005
f 4040 4037 4005
f 4039 4005 4041
f 4041 4005 4042
f 4005 4043 4042
f 4044 4005 4045
f 4044 4043 4005
f 4005 4046 4045
f 4005 4047 4048
f 4005 4048 4049
f 4005 4049 4050
f 4051 4052 4053
f 4052 4051 4054
f 4055 4053 4056
f 4057 4058 4055
f 4052 4059 4053
f 4058 4053 4055
f 4060 4053 4058
f 4053 4060 4051
f 4061 4052 4054
f 4052 4062 4063
f 4061 4062 4052
f 4050 4052 4063
f 4050 4063 4064
f 4050 4065 4005
f 4065 4050 4064
f 4005 4065 4066
f 4066 4067 4005
f 4005 4068 4069
f 4067 4068 4005
f 4005 4069 4070
f 4005 4070 4071
f 4071 4072 4005
f 4072 4073 4005
f 4073 4074 4005
f 4005 4075 4076
f 4074 4075 4005
f 4005 4076 4077
f 4005 4077 4078
f 4078 4079 4005
f 4005 4080 4081
f 4079 4080 4005
f 4005 4081 4082
f 4082 4083 4005
f 4005 4084 4085
f 4083 4084 4005
f 4005 4085 4086
f 4005 4086 4087
f 4005 4087 4088
f 4088 4089 4005
f 4089 4090 4005
f 4005 4091 4092
f 4090 4091 4005
f 4046 4005 4092
f 4093 4094 4095
f 4096 4095 4094
f 4096 4097 4095
f 4094 4093 4098
f 4098 4093 4099
f 4100 4098 4099
f 4100 4099 4101
f 4102 4103 4101
f 4101 4099 4102
f 4104 4103 4102
f 4104 4102 4105
f 4104 4105 4106
f 4095 4097 4107
f 4107 4097 4108
f 4107 4108 4109
f 4109 4108 4110
f 4110 4111 4109
f 4109 4111 4112
f 4113 4112 4114
f 4115 4116 4117
f 4118 4119 4120
f 4121 4122 4120
f 4123 4122 4121
f 4121 4120 4119
f 4124 4118 4120
f 4118 4124 4125
f 4124 4126 4127
f 4127 4125 4124
f 4127 4126 4128
f 4126 4117 4128
f 4117 4129 4128
f 4129 4117 4116
f 4115 4130 4116
f 4131 4130 4115
f 4131 4132 4130
f 4131 4133 4132
f 4113 4133 4131
f 4131 4112 4113
f 4112 4111 4114
f 4134 4135 4136
f 4137 4138 4135
f 4139 4140 4141
f 4142 4143 4144
f 4145 4141 4140
f 4145 4146 4141
f 4147 4146 4148
f 4149 4150 4151
f 4147 4152 4151
f 4141 4146 4147
f 4153 4151 4152
f 4150 4149 4154
f 4151 4153 4149
f 4147 4148 4152
f 4154 4155 4150
f 4155 4142 4150
f 4143 4142 4155
f 4156 4140 4139
f 4144 4143 4157
f 4139 4158 4156
f 4158 4139 4159
f 4157 4136 4144
f 4136 4157 4160
f 4134 4136 4160
f 4158 4159 4161
f 4159 4162 4161
f 4162 4163 4161
f 4135 4134 4137
f 4138 4164 4135
f 4164 4138 4165
f 4164 4165 4166
f 4166 4167 4164
f 4166 4168 4167
f 4168 4169 4167
f 4170 4167 4169
f 4171 4170 4169
f 4170 4171 4172
f 4173 4172 4171
f 4174 4175 4176
f 4177 4178 4179
f 4180 4181 4182
f 4183 4184 4185
f 4186 4187 4188
f 4189 4190 4191
f 4192 4193 4194
f 4193 4195 4196
f 4197 4198 4199
f 4200 4201 4202
f 4203 4204 4205
f 4206 4207 4208
f 4209 4210 4211
f 4212 4213 4214
f 4215 4216 4179
f 4217 4218 4219
f 4220 4221 4222
f 4223 4224 4225
f 4226 4222 4227
f 4228 4229 4224
f 4223 4230 4231
f 4231 4232 4215
f 4226 4233 4234
f 4235 4236 4234
f 4211 4178 4237
f 4238 4217 4236
f 4212 4214 4239
f 4239 4214 4219
f 4240 4241 4210
f 4212 4242 4213
f 4241 4243 4244
f 4245 4246 4247
f 4248 4249 4242
f 4250 4251 4252
f 4198 4247 4253
f 4254 4255 4197
f 4250 4256 4201
f 4257 4258 4194
f 4257 4255 4259
f 4260 4261 4262
f 4262 4200 4202
f 4263 4264 4196
f 4260 4186 4265
f 4191 4266 4187
f 4267 4268 4264
f 4269 4270 4182
f 4271 4269 4268
f 4181 4272 4273
f 4274 4189 4184
f 4275 4273 4276
f 4185 4174 4277
f 4175 4278 4279
f 4275 4280 4281
f 4282 4278 4283
f 4284 4283 4285
f 4285 4286 4287
f 4288 4289 4286
f 4290 4288 4291
f 4292 4293 4291
f 4294 4292 4295
f 4295 4296 4297
f 4298 4299 4296
f 4300 4298 4301
f 4301 4302 4303
f 4302 4304 4305
f 4304 4306 4307
f 4308 4309 4306
f 4310 4311 4308
f 4310 4312 4313
f 4314 4315 4316
f 4317 4318 4312
f 4319 4317 4320
f 4321 4322 4245
f 4323 4321 4244
f 4251 4206 4208
f 4239 4219 4218
f 4218 4217 4238
f 4238 4236 4235
f 4235 4234 4233
f 4233 4226 4227
f 4227 4222 4221
f 4228 4220 4229
f 4221 4220 4228
f 4224 4229 4225
f 4223 4225 4230
f 4231 4230 4232
f 4215 4232 4216
f 4179 4216 4177
f 4178 4177 4237
f 4211 4237 4209
f 4210 4209 4240
f 4241 4240 4243
f 4244 4243 4323
f 4321 4323 4322
f 4245 4322 4246
f 4247 4246 4253
f 4198 4253 4199
f 4197 4199 4254
f 4255 4254 4259
f 4257 4259 4258
f 4194 4258 4192
f 4193 4192 4195
f 4196 4195 4263
f 4264 4263 4267
f 4268 4267 4271
f 4269 4271 4270
f 4182 4270 4180
f 4181 4180 4272
f 4273 4272 4276
f 4275 4276 4280
f 4324 4281 4325
f 4281 4280 4325
f 4326 4324 4327
f 4324 4325 4327
f 4328 4326 4329
f 4326 4327 4329
f 4330 4328 4331
f 4328 4329 4331
f 4332 4330 4333
f 4330 4331 4333
f 4334 4332 4335
f 4332 4333 4335
f 4336 4334 4337
f 4334 4335 4337
f 4338 4336 4339
f 4336 4337 4339
f 4340 4338 4341
f 4338 4339 4341
f 4342 4340 4343
f 4340 4341 4343
f 4344 4342 4345
f 4342 4343 4345
f 4346 4344 4347
f 4344 4345 4347
f 4348 4346 4349
f 4346 4347 4349
f 4350 4348 4351
f 4348 4349 4351
f 4352 4350 4353
f 4350 4351 4353
f 4354 4352 4355
f 4352 4353 4355
f 4356 4354 4357
f 4354 4355 4357
f 4358 4356 4359
f 4356 4357 4359
f 4360 4358 4361
f 4358 4359 4361
f 4362 4360 4363
f 4360 4361 4363
f 4364 4362 4365
f 4362 4363 4365
f 4366 4364 4367
f 4364 4365 4367
f 4368 4366 4369
f 4366 4367 4369
f 4370 4368 4371
f 4368 4369 4371
f 4372 4370 4373
f 4370 4371 4373
f 4374 4372 4375
f 4372 4373 4375
f 4376 4374 4377
f 4374 4375 4377
f 4378 4376 4379
f 4376 4377 4379
f 4380 4378 4381
f 4378 4379 4381
f 4382 4380 4383
f 4380 4381 4383
f 4384 4382 4385
f 4382 4383 4385
f 4386 4384 4387
f 4384 4385 4387
f 4388 4386 4389
f 4386 4387 4389
f 4316 4388 4314
f 4388 4389 4314
f 4390 4315 4391
f 4316 4315 4390
f 4392 4391 4393
f 4390 4391 4392
f 4394 4393 4395
f 4392 4393 4394
f 4396 4395 4397
f 4394 4395 4396
f 4320 4397 4319
f 4396 4397 4320
f 4317 4319 4318
f 4312 4318 4313
f 4310 4313 4311
f 4308 4311 4309
f 4306 4309 4307
f 4304 4307 4305
f 4302 4305 4303
f 4301 4303 4300
f 4298 4300 4299
f 4296 4299 4297
f 4295 4297 4294
f 4292 4294 4293
f 4291 4293 4290
f 4288 4290 4289
f 4286 4289 4287
f 4285 4287 4284
f 4283 4284 4282
f 4278 4282 4279
f 4175 4279 4176
f 4174 4176 4277
f 4185 4277 4183
f 4184 4183 4274
f 4189 4274 4190
f 4191 4190 4266
f 4187 4266 4188
f 4186 4188 4265
f 4260 4265 4261
f 4262 4261 4200
f 4202 4201 4256
f 4256 4250 4252
f 4252 4251 4208
f 4206 4204 4207
f 4203 4205 4248
f 4207 4204 4203
f 4242 4249 4213
f 4248 4205 4249
f 4398 4399 4400
f 4401 4402 4403
f 4404 4405 4406
f 4407 4408 4405
f 4409 4410 4411
f 4412 4413 4414
f 4415 4400 4399
f 4416 4417 4418
f 4419 4420 4398
f 4421 4416 4422
f 4418 4423 4424
f 4418 4424 4425
f 4418 4426 4427
f 4418 4425 4426
f 4422 4428 4421
f 4429 4428 4422
f 4430 4422 4431
f 4398 4432 4433
f 4427 4431 4422
f 4420 4432 4398
f 4398 4418 4399
f 4409 4416 4421
f 4411 4434 4417
f 4435 4436 4437
f 4438 4439 4437
f 4440 4441 4442
f 4443 4444 4445
f 4446 4447 4443
f 4448 4449 4450
f 4447 4451 4450
f 4452 4453 4454
f 4455 4453 4452
f 4456 4457 4458
f 4439 4459 4460
f 4461 4462 4463
f 4464 4465 4466
f 4465 4464 4467
f 4468 4469 4463
f 4470 4471 4472
f 4473 4474 4475
f 4476 4477 4478
f 4479 4480 4481
f 4482 4483 4484
f 4485 4484 4486
f 4487 4488 4489
f 4490 4491 4492
f 4493 4494 4495
f 4496 4497 4498
f 4499 4500 4498
f 4501 4496 4500
f 4502 4503 4504
f 4505 4506 4507
f 4507 4508 4509
f 4510 4507 4509
f 4505 4511 4512
f 4513 4514 4512
f 4515 4516 4517
f 4518 4519 4520
f 4521 4522 4519
f 4523 4524 4525
f 4526 4527 4528
f 4433 4529 4418
f 4423 4418 4529
f 4433 4418 4398
f 4426 4530 4427
f 4531 4532 4533
f 4422 4418 4427
f 4534 4532 4531
f 4418 4422 4416
f 4410 4409 4534
f 4399 4418 4417
f 4434 4399 4417
f 4434 4535 4399
f 4429 4536 4428
f 4416 4409 4417
f 4409 4411 4417
f 4535 4415 4399
f 4537 4535 4411
f 4533 4532 4538
f 4538 4532 4428
f 4428 4532 4421
f 4421 4532 4534
f 4409 4421 4534
f 4539 4410 4540
f 4410 4539 4411
f 4539 4541 4542
f 4543 4544 4541
f 4411 4535 4434
f 4537 4411 4542
f 4542 4411 4539
f 4545 4546 4547
f 4531 4548 4534
f 4549 4550 4547
f 4549 4551 4550
f 4534 4548 4410
f 4551 4552 4543
f 4548 4551 4410
f 4551 4540 4410
f 4539 4540 4541
f 4553 4533 4554
f 4555 4545 4553
f 4533 4553 4531
f 4531 4553 4556
f 4556 4550 4531
f 4550 4548 4531
f 4543 4540 4551
f 4548 4550 4551
f 4557 4543 4552
f 4543 4558 4544
f 4540 4543 4541
f 4554 4555 4553
f 4553 4545 4556
f 4559 4560 4561
f 4562 4560 4559
f 4556 4545 4547
f 4563 4546 4562
f 4564 4563 4562
f 4547 4550 4556
f 4564 4549 4563
f 4551 4549 4552
f 4565 4557 4566
f 4557 4558 4543
f 4545 4555 4546
f 4559 4561 4567
f 4546 4563 4547
f 4563 4549 4547
f 4566 4549 4568
f 4566 4552 4549
f 4552 4566 4557
f 4565 4558 4557
f 4558 4565 4569
f 4570 4571 4561
f 4546 4555 4560
f 4546 4560 4562
f 4572 4559 4573
f 4574 4572 4573
f 4575 4576 4577
f 4549 4564 4568
f 4566 4568 4578
f 4566 4578 4565
f 4579 4578 4401
f 4565 4578 4569
f 4560 4555 4570
f 4570 4561 4560
f 4573 4559 4580
f 4559 4572 4562
f 4581 4573 4582
f 4575 4572 4574
f 4564 4562 4572
f 4577 4568 4564
f 4575 4564 4572
f 4401 4568 4577
f 4402 4577 4576
f 4577 4564 4575
f 4578 4568 4401
f 4578 4583 4569
f 4579 4583 4578
f 4561 4571 4584
f 4561 4584 4567
f 4567 4585 4586
f 4587 4586 4588
f 4576 4574 4589
f 4576 4575 4574
f 4402 4401 4577
f 4579 4401 4403
f 4567 4584 4585
f 4580 4559 4567
f 4582 4587 4590
f 4580 4582 4573
f 4581 4591 4592
f 4581 4574 4573
f 4414 4576 4589
f 4581 4589 4574
f 4414 4402 4576
f 4414 4403 4402
f 4403 4414 4593
f 4594 4588 4585
f 4586 4580 4567
f 4580 4586 4587
f 4587 4588 4595
f 4580 4587 4582
f 4581 4592 4589
f 4414 4596 4412
f 4589 4592 4596
f 4414 4589 4596
f 4412 4597 4413
f 4414 4413 4593
f 4598 4599 4594
f 4586 4585 4588
f 4600 4601 4602
f 4595 4599 4603
f 4582 4590 4581
f 4590 4591 4581
f 4596 4604 4605
f 4592 4591 4604
f 4605 4412 4596
f 4604 4596 4592
f 4598 4606 4607
f 4588 4594 4599
f 4603 4607 4608
f 4588 4599 4595
f 4609 4610 4611
f 4587 4595 4590
f 4612 4604 4591
f 4612 4591 4436
f 4590 4595 4591
f 4604 4612 4613
f 4613 4605 4604
f 4412 4605 4597
f 4613 4597 4605
f 4435 4614 4615
f 4599 4598 4607
f 4608 4607 4601
f 4603 4599 4607
f 4611 4608 4616
f 4595 4603 4611
f 4595 4610 4591
f 4595 4611 4610
f 4436 4591 4610
f 4436 4613 4612
f 4435 4613 4436
f 4597 4613 4615
f 4613 4435 4615
f 4606 4617 4607
f 4602 4618 4619
f 4620 4601 4600
f 4611 4603 4608
f 4609 4616 4621
f 4609 4436 4610
f 4611 4616 4609
f 4609 4438 4436
f 4437 4436 4438
f 4622 4614 4435
f 4435 4437 4622
f 4607 4617 4601
f 4620 4608 4601
f 4620 4616 4608
f 4621 4616 4620
f 4609 4621 4459
f 4438 4609 4459
f 4439 4438 4459
f 4439 4460 4623
f 4622 4439 4624
f 4601 4617 4602
f 4625 4620 4600
f 4621 4620 4625
f 4621 4625 4626
f 4626 4459 4621
f 4626 4460 4459
f 4622 4437 4439
f 4627 4619 4618
f 4600 4602 4619
f 4619 4628 4600
f 4629 4630 4628
f 4628 4625 4600
f 4628 4631 4625
f 4631 4462 4626
f 4461 4460 4626
f 4625 4631 4626
f 4468 4462 4631
f 4461 4626 4462
f 4623 4460 4461
f 4624 4439 4623
f 4618 4632 4627
f 4627 4629 4619
f 4628 4630 4631
f 4629 4628 4619
f 4468 4466 4465
f 4631 4630 4468
f 4468 4463 4462
f 4633 4634 4463
f 4461 4634 4635
f 4461 4635 4623
f 4636 4632 4618
f 4637 4638 4639
f 4627 4632 4639
f 4639 4629 4627
f 4639 4630 4629
f 4466 4630 4639
f 4466 4468 4630
f 4469 4468 4465
f 4469 4633 4463
f 4461 4463 4634
f 4632 4636 4637
f 4640 4641 4642
f 4637 4639 4632
f 4639 4638 4466
f 4643 4644 4464
f 4467 4469 4465
f 4469 4467 4633
f 4467 4645 4633
f 4636 4646 4637
f 4647 4646 4648
f 4647 4637 4646
f 4647 4649 4637
f 4649 4638 4637
f 4650 4638 4649
f 4650 4466 4638
f 4643 4464 4466
f 4464 4644 4467
f 4644 4645 4467
f 4645 4644 4651
f 4648 4652 4441
f 4649 4647 4440
f 4440 4653 4650
f 4466 4650 4643
f 4440 4647 4441
f 4650 4649 4440
f 4653 4643 4650
f 4654 4644 4643
f 4655 4644 4654
f 4648 4441 4647
f 4656 4641 4657
f 4658 4652 4656
f 4441 4658 4442
f 4653 4659 4660
f 4659 4440 4442
f 4643 4653 4654
f 4654 4660 4661
f 4659 4653 4440
f 4660 4654 4653
f 4662 4654 4661
f 4654 4662 4655
f 4651 4644 4655
f 4652 4658 4441
f 4658 4656 4657
f 4658 4657 4442
f 4442 4663 4659
f 4657 4663 4442
f 4664 4665 4660
f 4664 4659 4663
f 4660 4659 4664
f 4661 4660 4665
f 4666 4662 4665
f 4657 4641 4640
f 4664 4663 4667
f 4668 4663 4640
f 4669 4664 4667
f 4667 4663 4668
f 4664 4669 4665
f 4670 4665 4669
f 4670 4669 4671
f 4662 4661 4665
f 4666 4665 4670
f 4672 4457 4673
f 4673 4456 4642
f 4663 4657 4640
f 4642 4456 4640
f 4640 4674 4668
f 4456 4674 4640
f 4675 4667 4668
f 4676 4667 4675
f 4675 4668 4674
f 4669 4676 4671
f 4669 4667 4676
f 4674 4456 4458
f 4457 4456 4673
f 4675 4674 4677
f 4677 4674 4458
f 4677 4678 4676
f 4676 4675 4677
f 4671 4676 4678
f 4679 4670 4671
f 4678 4680 4679
f 4671 4678 4679
f 4681 4443 4445
f 4672 4445 4444
f 4444 4682 4457
f 4444 4457 4672
f 4457 4682 4458
f 4682 4677 4458
f 4683 4677 4682
f 4684 4677 4683
f 4684 4678 4677
f 4685 4680 4684
f 4680 4678 4684
f 4443 4681 4446
f 4686 4682 4443
f 4444 4443 4682
f 4682 4687 4683
f 4688 4683 4687
f 4687 4682 4686
f 4688 4684 4683
f 4684 4688 4689
f 4685 4684 4689
f 4690 4685 4689
f 4447 4446 4451
f 4691 4443 4447
f 4691 4686 4443
f 4692 4687 4686
f 4686 4691 4692
f 4688 4472 4693
f 4692 4472 4687
f 4472 4688 4687
f 4688 4693 4689
f 4694 4689 4693
f 4694 4408 4690
f 4407 4690 4408
f 4450 4451 4448
f 4450 4695 4691
f 4447 4450 4691
f 4691 4470 4692
f 4470 4691 4695
f 4472 4692 4470
f 4693 4472 4471
f 4693 4471 4696
f 4696 4694 4693
f 4694 4690 4689
f 4405 4408 4696
f 4450 4449 4697
f 4698 4695 4697
f 4697 4695 4450
f 4695 4698 4470
f 4471 4522 4699
f 4470 4698 4522
f 4471 4470 4522
f 4700 4696 4471
f 4471 4699 4700
f 4696 4408 4694
f 4406 4696 4700
f 4405 4404 4407
f 4701 4702 4703
f 4453 4704 4705
f 4703 4449 4448
f 4703 4706 4449
f 4707 4706 4708
f 4697 4449 4707
f 4449 4706 4707
f 4707 4709 4697
f 4710 4520 4711
f 4709 4698 4697
f 4709 4519 4698
f 4519 4522 4698
f 4522 4521 4699
f 4699 4521 4700
f 4712 4700 4521
f 4406 4405 4696
f 4702 4706 4703
f 4455 4713 4704
f 4702 4705 4706
f 4704 4708 4705
f 4706 4705 4708
f 4711 4707 4708
f 4711 4709 4707
f 4520 4519 4709
f 4711 4520 4709
f 4519 4518 4521
f 4712 4521 4518
f 4712 4406 4700
f 4714 4705 4702
f 4715 4455 4716
f 4705 4714 4453
f 4708 4704 4717
f 4711 4708 4717
f 4710 4711 4717
f 4520 4710 4718
f 4518 4520 4718
f 4518 4719 4712
f 4518 4718 4719
f 4720 4719 4718
f 4714 4454 4453
f 4704 4453 4455
f 4704 4713 4717
f 4721 4717 4713
f 4722 4723 4724
f 4717 4721 4710
f 4718 4516 4725
f 4710 4721 4516
f 4710 4516 4718
f 4718 4725 4726
f 4718 4726 4720
f 4720 4726 4727
f 4715 4713 4455
f 4728 4721 4715
f 4715 4721 4713
f 4517 4516 4721
f 4517 4721 4728
f 4515 4725 4516
f 4725 4515 4729
f 4729 4726 4725
f 4729 4730 4726
f 4730 4727 4726
f 4731 4732 4733
f 4732 4734 4735
f 4715 4716 4735
f 4715 4735 4736
f 4715 4736 4728
f 4737 4517 4728
f 4738 4739 4740
f 4728 4736 4737
f 4515 4517 4741
f 4517 4737 4741
f 4515 4741 4729
f 4729 4741 4742
f 4742 4743 4729
f 4716 4744 4735
f 4732 4735 4744
f 4745 4746 4747
f 4735 4734 4736
f 4739 4736 4734
f 4736 4739 4737
f 4737 4739 4738
f 4741 4737 4748
f 4748 4737 4738
f 4741 4749 4742
f 4749 4750 4742
f 4751 4742 4750
f 4743 4730 4729
f 4745 4752 4753
f 4754 4734 4732
f 4754 4755 4734
f 4739 4734 4755
f 4740 4755 4756
f 4740 4739 4755
f 4748 4738 4740
f 4740 4757 4748
f 4749 4741 4748
f 4749 4748 4757
f 4749 4757 4758
f 4749 4758 4750
f 4750 4758 4759
f 4742 4751 4743
f 4732 4731 4754
f 4760 4754 4731
f 4723 4754 4760
f 4745 4761 4752
f 4754 4723 4755
f 4762 4763 4764
f 4722 4755 4723
f 4755 4722 4756
f 4765 4757 4740
f 4756 4766 4740
f 4765 4740 4766
f 4758 4757 4767
f 4765 4767 4757
f 4767 4759 4758
f 4759 4751 4750
f 4768 4769 4760
f 4769 4770 4762
f 4724 4723 4769
f 4723 4760 4769
f 4473 4722 4724
f 4771 4764 4763
f 4756 4722 4473
f 4475 4766 4756
f 4475 4756 4473
f 4765 4766 4772
f 4475 4772 4766
f 4765 4773 4767
f 4770 4769 4768
f 4724 4769 4762
f 4763 4752 4761
f 4764 4724 4762
f 4473 4764 4474
f 4774 4763 4775
f 4764 4473 4724
f 4776 4772 4475
f 4475 4474 4777
f 4776 4475 4777
f 4773 4765 4772
f 4773 4772 4776
f 4773 4776 4778
f 4779 4778 4776
f 4752 4762 4770
f 4763 4762 4752
f 4780 4777 4474
f 4771 4474 4764
f 4777 4781 4776
f 4474 4771 4780
f 4780 4781 4777
f 4779 4776 4781
f 4753 4752 4770
f 4763 4761 4775
f 4782 4780 4771
f 4774 4771 4763
f 4783 4781 4780
f 4774 4782 4771
f 4782 4783 4780
f 4784 4779 4783
f 4784 4783 4785
f 4779 4781 4783
f 4786 4787 4746
f 4761 4745 4747
f 4761 4747 4476
f 4476 4775 4761
f 4478 4782 4774
f 4774 4775 4476
f 4478 4788 4789
f 4774 4476 4478
f 4789 4783 4782
f 4782 4478 4789
f 4788 4790 4791
f 4785 4783 4789
f 4787 4747 4746
f 4484 4792 4486
f 4747 4787 4479
f 4479 4476 4747
f 4477 4476 4479
f 4478 4477 4793
f 4793 4788 4478
f 4788 4785 4789
f 4788 4794 4785
f 4786 4795 4796
f 4796 4787 4786
f 4797 4798 4486
f 4799 4483 4480
f 4480 4787 4796
f 4481 4800 4477
f 4479 4787 4480
f 4801 4802 4803
f 4477 4479 4481
f 4793 4800 4790
f 4477 4800 4793
f 4788 4793 4790
f 4804 4805 4791
f 4795 4806 4792
f 4807 4796 4795
f 4807 4484 4799
f 4796 4807 4799
f 4799 4480 4796
f 4483 4803 4481
f 4481 4480 4483
f 4803 4804 4800
f 4800 4481 4803
f 4790 4800 4804
f 4804 4791 4790
f 4805 4804 4802
f 4791 4794 4788
f 4806 4797 4792
f 4795 4792 4807
f 4807 4792 4484
f 4482 4801 4483
f 4484 4483 4799
f 4808 4802 4809
f 4803 4483 4801
f 4804 4803 4802
f 4802 4810 4805
f 4797 4806 4811
f 4798 4797 4812
f 4486 4792 4797
f 4809 4801 4485
f 4485 4482 4484
f 4485 4801 4482
f 4802 4801 4809
f 4802 4813 4810
f 4808 4813 4802
f 4812 4797 4811
f 4812 4814 4488
f 4486 4798 4487
f 4485 4487 4815
f 4485 4815 4816
f 4487 4485 4486
f 4816 4809 4485
f 4809 4816 4817
f 4808 4809 4817
f 4808 4817 4813
f 4818 4813 4817
f 4812 4488 4798
f 4491 4819 4493
f 4489 4820 4821
f 4487 4798 4488
f 4815 4489 4822
f 4489 4815 4487
f 4816 4815 4822
f 4822 4823 4816
f 4817 4816 4823
f 4824 4825 4826
f 4827 4818 4817
f 4828 4814 4829
f 4828 4488 4814
f 4830 4488 4828
f 4489 4830 4820
f 4830 4489 4488
f 4821 4822 4489
f 4822 4821 4825
f 4823 4822 4825
f 4823 4825 4824
f 4823 4827 4817
f 4827 4823 4824
f 4829 4831 4832
f 4829 4832 4828
f 4832 4490 4833
f 4828 4832 4833
f 4830 4833 4834
f 4830 4828 4833
f 4820 4834 4835
f 4821 4835 4836
f 4834 4820 4830
f 4837 4836 4838
f 4835 4821 4820
f 4821 4836 4826
f 4826 4825 4821
f 4824 4826 4839
f 4831 4840 4490
f 4840 4841 4819
f 4831 4490 4832
f 4833 4492 4842
f 4492 4833 4490
f 4842 4835 4834
f 4842 4834 4833
f 4838 4836 4835
f 4837 4826 4836
f 4839 4826 4837
f 4840 4819 4490
f 4843 4501 4844
f 4490 4819 4491
f 4492 4845 4842
f 4492 4491 4845
f 4838 4835 4846
f 4847 4848 4846
f 4842 4846 4835
f 4838 4846 4848
f 4848 4837 4838
f 4848 4849 4837
f 4837 4850 4839
f 4837 4849 4850
f 4493 4819 4841
f 4493 4851 4491
f 4845 4491 4851
f 4846 4842 4852
f 4842 4845 4852
f 4852 4847 4846
f 4853 4847 4525
f 4847 4853 4848
f 4849 4848 4853
f 4853 4854 4849
f 4844 4855 4841
f 4841 4855 4493
f 4500 4493 4855
f 4851 4856 4845
f 4851 4493 4495
f 4845 4857 4852
f 4851 4495 4856
f 4847 4852 4858
f 4845 4856 4857
f 4852 4857 4858
f 4847 4858 4525
f 4524 4853 4525
f 4853 4524 4854
f 4494 4493 4500
f 4856 4495 4494
f 4859 4858 4857
f 4523 4525 4858
f 4859 4523 4858
f 4844 4501 4855
f 4499 4494 4500
f 4501 4500 4855
f 4499 4856 4494
f 4857 4856 4860
f 4856 4499 4860
f 4861 4859 4857
f 4857 4860 4861
f 4859 4861 4527
f 4523 4859 4527
f 4523 4862 4524
f 4527 4526 4523
f 4523 4526 4862
f 4496 4501 4843
f 4500 4496 4498
f 4499 4863 4860
f 4499 4498 4863
f 4860 4864 4861
f 4860 4863 4864
f 4864 4527 4861
f 4527 4864 4528
f 4528 4865 4526
f 4497 4843 4866
f 4843 4497 4496
f 4497 4867 4868
f 4868 4863 4498
f 4868 4498 4497
f 4869 4864 4863
f 4870 4863 4868
f 4863 4870 4869
f 4864 4871 4528
f 4864 4869 4871
f 4528 4872 4865
f 4873 4866 4874
f 4875 4867 4873
f 4497 4873 4867
f 4867 4876 4868
f 4876 4877 4870
f 4876 4870 4868
f 4877 4869 4870
f 4871 4877 4878
f 4871 4869 4877
f 4871 4878 4879
f 4871 4872 4528
f 4879 4872 4871
f 4866 4873 4497
f 4502 4875 4873
f 4875 4880 4867
f 4880 4876 4867
f 4877 4880 4881
f 4880 4877 4876
f 4881 4878 4877
f 4881 4882 4878
f 4882 4879 4878
f 4874 4502 4873
f 4503 4502 4874
f 4504 4883 4875
f 4502 4504 4875
f 4884 4880 4883
f 4883 4880 4875
f 4885 4880 4884
f 4885 4881 4880
f 4885 4882 4881
f 4882 4885 4886
f 4504 4887 4514
f 4887 4504 4503
f 4883 4514 4888
f 4514 4883 4504
f 4884 4888 4889
f 4883 4888 4884
f 4889 4885 4884
f 4885 4889 4890
f 4890 4886 4885
f 4505 4887 4503
f 4887 4505 4512
f 4512 4514 4887
f 4513 4888 4514
f 4889 4888 4891
f 4513 4891 4888
f 4891 4890 4889
f 4890 4891 4892
f 4505 4503 4893
f 4507 4511 4505
f 4513 4512 4894
f 4512 4511 4894
f 4891 4513 4895
f 4513 4894 4895
f 4891 4895 4896
f 4891 4896 4892
f 4507 4506 4897
f 4511 4507 4898
f 4507 4510 4898
f 4898 4894 4511
f 4894 4899 4895
f 4894 4898 4899
f 4896 4895 4899
f 4900 4896 4899
f 4901 4510 4902
f 4901 4903 4510
f 4904 4510 4903
f 4904 4905 4510
f 4905 4906 4898
f 4905 4898 4510
f 4907 4898 4908
f 4907 4899 4898
f 4907 4909 4899
f 4909 4900 4899
f 4906 4908 4898
f 4907 4908 4910
f 4910 4911 4907
f 4911 4912 4907
f 4913 4907 4912
f 4914 4915 4916
f 4917 4918 4916
f 4914 4916 4919
f 4920 4921 4922
f 4923 4924 4925
f 4926 4927 4928
f 4923 4929 4924
f 4930 4931 4932
f 4933 4934 4930
f 4933 4935 4936
f 4937 4938 4939
f 4940 4941 4942
f 4943 4944 4945
f 4946 4947 4948
f 4949 4950 4951
f 4952 4953 4954
f 4955 4956 4957
f 4958 4959 4960
f 4961 4962 4963
f 4964 4965 4963
f 4966 4967 4968
f 4969 4970 4971
f 4972 4973 4974
f 4975 4976 4977
f 4978 4979 4976
f 4980 4981 4982
f 4983 4984 4985
f 4986 4987 4988
f 4988 4989 4986
f 4987 4986 4990
f 4991 4992 4993
f 4994 4995 4990
f 4996 4986 4997
f 4998 4997 4986
f 4999 5000 4990
f 4992 5001 4993
f 5002 4992 5000
f 5002 5003 4992
f 4999 4990 4995
f 4990 5004 4994
f 4998 4986 5005
f 4993 5006 5007
f 5008 4991 5007
f 5009 5010 5011
f 5012 5013 5014
f 5013 5015 5016
f 5012 4970 4969
f 5017 5018 4971
f 5018 5019 5020
f 5021 5022 4965
f 5022 5023 5024
f 4968 4967 5025
f 5026 5027 5024
f 5028 5029 5030
f 5029 5031 5030
f 5032 5033 4944
f 4951 4954 5034
f 5035 5036 5037
f 5038 5039 5040
f 4932 4926 4928
f 5041 4927 5042
f 5043 4916 5044
f 4943 5045 5046
f 5047 5048 5032
f 5049 5050 5051
f 5052 5053 5054
f 5055 4947 5056
f 5057 5058 5059
f 5058 5060 5061
f 5062 5060 5058
f 5058 5061 5063
f 5064 5065 5062
f 5064 5062 5066
f 5067 5068 5069
f 5070 5068 5067
f 5071 5067 5072
f 5073 5072 5067
f 5074 5067 5075
f 5076 5077 5078
f 5079 5076 5078
f 5080 5079 5078
f 5081 5066 5062
f 5082 5067 5083
f 5084 5083 5067
f 5067 5085 5084
f 5067 5069 5085
f 5078 5075 5067
f 5078 5077 5086
f 5087 5088 5089
f 5090 5089 5091
f 5090 5091 5092
f 4996 5093 4990
f 5004 4990 5093
f 4990 4986 4996
f 5094 4993 5095
f 4999 5096 5000
f 4992 4990 5000
f 4990 4992 4991
f 5097 5098 5006
f 5099 5007 5006
f 5008 5100 4991
f 4987 4990 4991
f 5100 4987 4991
f 5101 5102 5008
f 4988 4987 5100
f 4988 5100 5103
f 5001 5095 4993
f 5104 5105 5098
f 4993 5007 4991
f 5011 5099 5098
f 5100 5008 5102
f 5103 5100 5106
f 5107 4993 5094
f 5107 5097 4993
f 5108 5109 5105
f 5097 5006 4993
f 5110 5098 5105
f 5007 5099 5008
f 5101 5099 5011
f 5099 5101 5008
f 5111 5106 5102
f 5102 5101 5111
f 5106 5100 5102
f 5112 5104 5107
f 5097 5107 5104
f 5113 5114 5109
f 5104 5098 5097
f 5115 5105 5109
f 5006 5098 5099
f 5101 5011 5010
f 5111 5101 5010
f 5116 5117 5009
f 5108 5112 5118
f 5108 5104 5112
f 5118 5113 5108
f 5119 5114 5120
f 5104 5108 5105
f 5011 5098 5110
f 5115 5121 5122
f 5110 5009 5011
f 5117 5010 5009
f 5117 5111 5010
f 5123 5114 5118
f 5108 5113 5109
f 5124 5114 5119
f 5125 5124 5119
f 5125 5126 5124
f 5110 5105 5115
f 5009 5110 5122
f 5122 5110 5115
f 5009 5122 5127
f 5116 5009 5127
f 5113 5118 5114
f 5128 5120 5129
f 5114 5124 5109
f 5130 5125 5128
f 5115 5109 5124
f 5121 5126 5131
f 5126 5115 5124
f 5121 5115 5126
f 5132 5122 5121
f 5133 5134 5127
f 5127 5134 5116
f 5127 5132 5133
f 5114 5123 5120
f 5135 5136 5137
f 5138 5129 5137
f 5139 5128 5129
f 5130 5140 5141
f 5131 5126 5125
f 5127 5122 5132
f 5142 5121 5131
f 5142 5143 5132
f 5133 5132 5143
f 5120 5123 5144
f 5135 5120 5144
f 5145 5137 5136
f 5138 5137 5146
f 5119 5120 5128
f 5139 5129 5138
f 5125 5119 5128
f 5141 5131 5125
f 5132 5121 5142
f 5125 5130 5141
f 5141 5147 5131
f 5148 5147 5149
f 5148 5143 5142
f 5148 5142 5147
f 5145 5150 5151
f 5135 5137 5120
f 5146 5151 5152
f 5120 5137 5129
f 5140 5139 5153
f 5130 5128 5139
f 5142 5131 5147
f 5130 5139 5140
f 5140 5149 5141
f 5154 5148 5149
f 5152 5155 5156
f 5146 5152 5157
f 5138 5146 5016
f 5147 5141 5149
f 5153 5158 5140
f 5158 4983 5149
f 5154 5149 4983
f 5159 5155 5150
f 5137 5145 5151
f 5156 5155 5160
f 5137 5151 5146
f 5152 5156 5157
f 5139 5161 5153
f 5016 5139 5138
f 5149 5140 5158
f 5016 5161 5139
f 5161 4984 5153
f 4984 4983 5158
f 5162 4985 4984
f 5163 5155 5159
f 5151 5150 5155
f 5152 5151 5155
f 5016 5157 5014
f 5146 5157 5016
f 5158 5153 4984
f 5161 5016 5015
f 5015 5164 5161
f 5164 5165 4982
f 4984 5164 5162
f 5163 5166 5160
f 5167 5160 5168
f 4984 5161 5164
f 5016 5014 5013
f 5013 5165 5015
f 5164 4982 5162
f 5155 5163 5160
f 5168 5169 5170
f 5167 5156 5160
f 5167 5168 5171
f 5157 4970 5014
f 5156 5167 5157
f 4970 5157 5167
f 5164 5015 5165
f 5012 5014 4970
f 5012 4980 5165
f 5165 4980 4982
f 5166 5172 5169
f 5160 5166 5169
f 5173 5174 5175
f 5168 5160 5169
f 4970 5171 5017
f 5171 4970 5167
f 5165 5013 5012
f 5176 5012 4969
f 4980 5176 5177
f 4980 5177 4981
f 5172 5173 5178
f 5169 5172 5170
f 5179 5178 5180
f 5181 5168 5170
f 5181 5179 5018
f 5171 5168 5181
f 5171 5181 5017
f 5017 4971 4970
f 4980 5012 5176
f 4971 5182 4969
f 5176 5182 5177
f 5172 5178 5170
f 5183 5180 5175
f 5179 5170 5178
f 5180 5184 5179
f 5018 5179 5184
f 5179 5181 5170
f 5017 5181 5018
f 5176 4969 5182
f 5018 5020 4971
f 5020 5185 4971
f 5185 5186 5187
f 5185 5188 5182
f 5188 5189 5182
f 5182 5189 5177
f 5190 5175 5174
f 5173 5175 5178
f 5175 5180 5178
f 5191 4973 5183
f 5019 5018 5184
f 5182 4971 5185
f 5019 5186 5020
f 5185 5187 5188
f 5174 5191 5190
f 5191 5183 5190
f 5190 5183 5175
f 5192 5183 4973
f 5183 5184 5180
f 5183 5192 5184
f 5185 5020 5186
f 5193 5019 5192
f 5019 5194 5186
f 5187 5194 5195
f 5186 5194 5187
f 5196 5191 5174
f 5019 5184 5192
f 5197 5192 4973
f 5194 5019 5193
f 5197 5198 5193
f 5193 5198 5194
f 5198 5199 5195
f 5191 5196 5200
f 5191 5200 5201
f 5202 4960 5203
f 5191 5201 5204
f 4955 4974 5204
f 5204 4973 5191
f 5193 5192 5197
f 5204 4974 4973
f 5205 5197 4972
f 5206 5207 5208
f 5198 5195 5194
f 5199 5198 5209
f 5210 5200 5211
f 5201 5210 4956
f 4956 5204 5201
f 5197 4973 4972
f 4956 4955 5204
f 5198 5197 5205
f 4955 5212 4972
f 5207 4972 5212
f 5209 5198 5205
f 5207 5209 5205
f 5209 5207 5206
f 5200 5210 5201
f 5211 5213 5210
f 5031 4956 5210
f 4957 5214 4955
f 4972 4974 4955
f 4957 4956 5031
f 5205 4972 5207
f 5208 5212 5214
f 5208 5215 5206
f 5030 5213 5216
f 5031 5029 4957
f 5210 5030 5031
f 5212 4955 5214
f 4957 5029 5217
f 5207 5212 5208
f 5217 5214 4957
f 5218 5214 5217
f 5219 5218 5220
f 5215 5208 5218
f 5215 5218 5219
f 5215 5219 5206
f 5213 5030 5210
f 5221 5030 5216
f 5216 5203 5221
f 5222 5217 5029
f 5028 5030 5221
f 5028 5222 5029
f 5208 5214 5218
f 5222 5223 5217
f 5218 5223 5220
f 5224 5219 5220
f 4960 5225 5221
f 5226 5028 5221
f 4960 5221 5203
f 5222 5028 5226
f 5226 5221 5225
f 5218 5217 5223
f 5226 5227 5222
f 5227 5228 5222
f 4951 5229 5230
f 5228 5220 5223
f 5220 5228 5231
f 5224 5220 5231
f 5202 5232 4958
f 5202 4958 4960
f 5225 5233 5226
f 4960 4959 5225
f 5233 5225 4959
f 5234 5227 5226
f 5223 5222 5228
f 5233 5234 5226
f 5234 5235 5228
f 5231 5228 5235
f 5231 5235 5236
f 5233 4959 4962
f 4962 4959 4958
f 5234 5233 5237
f 5237 5233 4962
f 5228 5227 5234
f 5237 4949 5234
f 4949 5230 5235
f 5235 5230 5238
f 5238 5236 5235
f 5232 4962 4958
f 5239 4964 4963
f 5239 4963 5232
f 5232 4963 4962
f 5240 5237 4962
f 5240 4962 4961
f 5237 5240 4950
f 5235 5234 4949
f 5237 4950 4949
f 5229 5238 5230
f 5241 5238 5229
f 4965 4964 5021
f 5242 4961 4965
f 4963 4965 4961
f 5240 4954 4950
f 5242 5240 4961
f 5240 5242 4954
f 5230 4949 4951
f 4954 4951 4950
f 5243 5229 4951
f 5229 5243 5241
f 5241 5243 5244
f 5022 5021 5023
f 5245 4965 5022
f 5245 5242 4965
f 4952 4954 5242
f 5242 5245 4952
f 4953 5034 4954
f 5034 5243 4951
f 4953 5246 5034
f 5246 5243 5034
f 5061 5247 5248
f 5246 5249 5243
f 5244 5243 5249
f 5244 5250 5241
f 5244 5249 5250
f 5024 5023 5026
f 5251 5024 5252
f 5022 5024 5251
f 5022 5251 5245
f 5245 5253 4952
f 5253 5245 5251
f 5254 4952 5253
f 5255 5059 5058
f 5254 4953 4952
f 5256 5061 5060
f 5257 5246 5254
f 5249 5246 5257
f 5249 5257 5258
f 5024 5027 5252
f 5259 5251 5252
f 5251 5259 5253
f 5259 5260 5253
f 5254 5260 5261
f 5253 5260 5254
f 5254 5246 4953
f 5254 5261 5262
f 5262 5257 5254
f 5257 5262 5263
f 5258 5257 5263
f 5264 5265 5266
f 4968 5267 5268
f 5266 5027 5026
f 5266 5269 5027
f 5270 5269 5271
f 5252 5027 5270
f 5027 5269 5270
f 5270 5272 5252
f 5272 5259 5252
f 5272 5260 5259
f 5260 5255 5063
f 5255 5260 5272
f 5261 5260 5063
f 5262 5261 5061
f 5061 5248 5262
f 5248 5273 5262
f 5262 5273 5274
f 5275 5262 5276
f 5275 5277 5262
f 5277 5278 5262
f 5278 5279 5262
f 5262 5279 5263
f 5279 5280 5263
f 5280 5281 5263
f 5281 5282 5263
f 5282 5283 5263
f 5283 5284 5263
f 5284 5285 5263
f 5285 5286 5263
f 5286 5287 5263
f 5263 5287 5288
f 5288 5289 5263
f 4977 5263 5290
f 4976 5263 4977
f 5265 5269 5266
f 5025 5291 5267
f 5265 5268 5269
f 5267 5271 5268
f 5269 5268 5271
f 5292 5270 5271
f 5292 5272 5270
f 5272 5292 5059
f 5272 5059 5255
f 5063 5255 5058
f 5061 5261 5063
f 5247 5061 5256
f 5247 5293 5248
f 5274 5276 5262
f 5289 5294 5263
f 5294 5290 5263
f 4976 4975 4978
f 5295 5268 5265
f 5296 5025 5297
f 5268 5295 4968
f 5271 5267 5298
f 5299 5298 5291
f 5300 5301 5048
f 5292 5271 5298
f 5302 5059 5292
f 5302 5292 5298
f 5059 5302 5057
f 5058 5057 5062
f 5295 4966 4968
f 5267 4968 5025
f 5267 5291 5298
f 5303 5304 5296
f 5298 5299 5302
f 5302 5055 5305
f 5055 5302 5299
f 5057 5305 5062
f 5302 5305 5057
f 5060 5062 5065
f 5067 5062 5305
f 5067 5081 5062
f 5082 5081 5067
f 5088 5080 5078
f 5089 5088 5091
f 5296 5291 5025
f 5296 5304 5291
f 5299 5304 4948
f 5299 5291 5304
f 4948 5055 5299
f 5305 5055 5056
f 5055 4948 4947
f 5056 5067 5305
f 5306 5067 5056
f 5070 5067 5071
f 5073 5067 5074
f 5078 5067 5306
f 5075 5078 5086
f 5078 5091 5088
f 5307 5308 5309
f 5296 5297 5310
f 5296 5310 5303
f 5311 5304 5303
f 5300 5049 5312
f 5304 5311 4948
f 5056 4947 4946
f 4948 5311 4946
f 4946 5313 5056
f 5306 5313 5314
f 5306 5315 5078
f 5314 5315 5306
f 5297 5316 5310
f 5317 5310 5316
f 5318 5319 5320
f 5310 5317 5303
f 5317 5312 5303
f 5303 5312 5311
f 4946 5311 5051
f 5311 5312 5049
f 5311 5049 5051
f 5051 5321 4946
f 5313 4946 5321
f 5313 5306 5056
f 5313 5321 5322
f 5322 5323 5314
f 5316 5308 5317
f 5307 5317 5308
f 5324 5312 5317
f 5324 5300 5312
f 5050 5300 5048
f 5050 5049 5300
f 5051 5325 5321
f 5051 5050 5325
f 5321 5325 5322
f 5325 5326 5322
f 5313 5322 5314
f 5322 5326 5323
f 5317 5307 5324
f 5327 5324 5307
f 5301 5324 5327
f 5318 5328 5329
f 5324 5301 5300
f 5047 5325 5050
f 5048 5047 5050
f 5325 5047 5330
f 5331 5326 5330
f 5325 5330 5326
f 5332 5333 5327
f 5333 5334 5335
f 5301 5327 5333
f 5336 5301 5333
f 4943 4945 5337
f 5033 5301 5336
f 5048 5301 5033
f 5032 5048 5033
f 5338 5330 5047
f 5047 5032 5338
f 5338 5339 5330
f 5339 5331 5330
f 5334 5333 5332
f 5333 5335 5336
f 5336 5335 4945
f 4945 5033 5336
f 5032 5340 5338
f 4944 5033 4945
f 5032 4944 5340
f 5341 5340 5342
f 5339 5338 5341
f 5340 5341 5338
f 5335 5334 5329
f 5335 5329 5337
f 5343 5320 5344
f 5337 4945 5335
f 5036 5045 5345
f 5342 5340 4944
f 4944 4943 5046
f 4944 5046 5342
f 5346 5347 5342
f 5347 5348 5342
f 5342 5348 5341
f 5349 5341 5348
f 5329 5328 5337
f 5345 5343 5036
f 5337 5328 5345
f 4943 5337 5345
f 5345 5045 4943
f 5346 5342 5046
f 5346 5046 5045
f 5350 5348 5347
f 5351 5344 5319
f 5328 5318 5320
f 5343 5328 5320
f 5343 5344 5037
f 5343 5345 5328
f 5035 5346 5045
f 5045 5036 5035
f 5346 5035 5352
f 5353 5354 5355
f 5346 5355 5347
f 5356 5347 5355
f 5350 5349 5348
f 5344 5320 5319
f 5357 5358 4939
f 5037 5357 5359
f 5037 5036 5343
f 5035 5360 5352
f 5035 5037 5360
f 5352 5360 5353
f 5355 5346 5352
f 5352 5353 5355
f 5354 5353 5361
f 5354 5362 5355
f 5356 5350 5347
f 5351 5363 5358
f 5358 5344 5351
f 5364 4940 5365
f 5344 5358 5357
f 5037 5359 5366
f 5344 5357 5037
f 5360 5366 5361
f 5366 5360 5037
f 5353 5360 5361
f 5367 5361 5368
f 5362 5356 5355
f 5363 5369 5370
f 5371 5358 5363
f 5371 4937 4939
f 5358 5371 4939
f 5372 5366 5359
f 5359 5357 4939
f 5373 5372 5374
f 5372 5368 5366
f 5368 5361 5366
f 5361 5362 5354
f 5362 5361 5367
f 5369 5364 5370
f 5363 5370 5371
f 5370 5365 4937
f 4937 5371 5370
f 5365 4942 4937
f 4938 5374 5359
f 4938 5359 4939
f 5372 5359 5374
f 5373 5368 5372
f 5373 5375 5368
f 5368 5375 5367
f 5364 5369 5376
f 5365 5370 5364
f 4942 5377 5374
f 4938 4937 4942
f 4942 5374 4938
f 5374 5377 5378
f 5378 5373 5374
f 5378 5379 5375
f 5375 5373 5378
f 5380 5381 5376
f 5382 4940 5364
f 4940 5382 4925
f 5383 5377 4941
f 4940 4942 5365
f 4941 5377 4942
f 5383 5384 5378
f 5383 5378 5377
f 5384 5379 5378
f 5385 5379 5384
f 5364 5376 5381
f 4923 5382 5381
f 5382 5364 5381
f 4941 5386 5387
f 4925 4941 4940
f 5388 5383 5387
f 5387 5383 4941
f 5388 5384 5383
f 5384 5388 5389
f 5384 5389 5385
f 5381 5380 5390
f 5390 4929 4923
f 5381 5390 4923
f 5386 4925 4924
f 5386 4941 4925
f 4923 4925 5382
f 5391 5387 5386
f 5387 5391 5392
f 5387 5392 5388
f 5388 5392 5389
f 5393 5389 5392
f 5380 5394 5390
f 5390 4936 4929
f 5386 5395 5396
f 5395 5386 4924
f 5396 5391 5386
f 5391 5396 5397
f 5391 5397 5392
f 5392 5397 5398
f 5392 5398 5393
f 5394 5399 4936
f 5394 4936 5390
f 4935 4929 4936
f 4924 4935 5400
f 4929 4935 4924
f 5396 5400 5401
f 5400 5395 4924
f 5400 5396 5395
f 5401 5402 5396
f 5402 5397 5396
f 5397 5402 5398
f 5403 5398 5402
f 5399 4934 4936
f 5404 5042 5405
f 4934 4933 4936
f 5400 4935 5406
f 4933 5406 4935
f 5407 5401 5400
f 5406 5407 5400
f 5401 5407 5408
f 5408 5402 5401
f 5402 5408 5403
f 5408 5409 5403
f 4931 5399 5410
f 5399 4931 4934
f 4931 4930 4934
f 5406 4933 5411
f 4933 4930 5411
f 5407 5406 5412
f 5411 5412 5406
f 5407 5412 5408
f 5408 5412 5413
f 5414 5413 5415
f 5414 5408 5413
f 5409 5408 5414
f 4926 5410 5416
f 5410 4926 4931
f 4926 4932 4931
f 4930 4932 5411
f 5417 5413 5412
f 5418 5417 5412
f 5417 5415 5413
f 4926 5416 5405
f 5411 5419 5418
f 5418 5412 5411
f 5420 4932 4928
f 5421 5419 5422
f 5411 5420 5419
f 5417 5418 5421
f 5418 5419 5421
f 5415 5417 5421
f 5415 5421 5423
f 4926 5042 4927
f 5420 5411 4932
f 5422 5419 5420
f 5420 4928 4927
f 5421 5422 5424
f 5421 5424 5425
f 5425 5423 5421
f 5426 5042 5404
f 5427 5426 5404
f 5405 5042 4926
f 5041 5042 5426
f 5428 5420 4927
f 5428 4927 5041
f 5428 5422 5420
f 5422 5428 5429
f 5429 5424 5422
f 5424 5429 5430
f 5052 5425 5424
f 5052 5424 5430
f 5041 5426 5431
f 5041 5431 5432
f 5428 5433 5429
f 5428 5432 5433
f 5053 5430 5429
f 5429 5433 5053
f 5052 5430 5053
f 5434 5427 4920
f 5435 5431 5426
f 5427 5434 5426
f 5436 5435 5434
f 5426 5434 5435
f 5432 5428 5041
f 5432 5435 5437
f 5435 5432 5431
f 5433 5437 5438
f 5437 5433 5432
f 5053 5433 5438
f 5439 5054 5438
f 5053 5438 5054
f 5440 5436 5434
f 5441 5437 5442
f 5442 5437 5435
f 5441 5438 5437
f 5441 5443 5438
f 5443 5444 5438
f 5438 5444 5439
f 4920 5440 5434
f 4922 5440 4920
f 4922 5445 5440
f 5440 5445 5436
f 5446 5436 5445
f 5436 5442 5435
f 5446 5442 5436
f 5441 5446 5447
f 5446 5441 5442
f 5447 5443 5441
f 5448 5444 5447
f 5448 5449 5450
f 5447 5444 5443
f 5451 4921 5452
f 5451 4922 4921
f 4922 5451 5453
f 5445 4922 5453
f 5449 5446 5454
f 5454 5446 5445
f 5449 5447 5446
f 5449 5448 5447
f 5044 5452 5455
f 5453 5044 5456
f 5451 5044 5453
f 5453 5454 5445
f 5453 5456 5454
f 5457 5449 5454
f 5454 5456 5457
f 5457 5458 5449
f 5458 5450 5449
f 5043 5044 5455
f 5044 5451 5452
f 5459 5456 5044
f 4916 5459 5044
f 5456 5460 5457
f 5456 5459 5460
f 5458 5457 5461
f 5457 5460 5461
f 4918 4919 4916
f 4916 5043 4917
f 4916 4915 5038
f 5459 4916 5038
f 5459 5038 5040
f 5040 5460 5459
f 5461 5460 5040
f 5462 5461 5040
f 5463 4915 5464
f 5463 5465 4915
f 5466 4915 5465
f 5466 5467 4915
f 5467 5468 5038
f 5467 5038 4915
f 5039 5038 5469
f 5470 5039 5471
f 5462 5040 5470
f 5468 5469 5038
f 5472 5473 5039
f 5471 5039 5473
f 5039 5470 5040
f 5474 5475 5476
f 5477 5478 5479
f 5480 5478 5481
f 5482 5481 5478
f 5483 5484 5485
f 5486 5487 5488
f 5484 5489 5485
f 5490 5491 5492
f 5493 5494 5495
f 5496 5497 5498
f 5499 5500 5501
f 5502 5503 5504
f 5503 5502 5505
f 5506 5507 5508
f 5509 5510 5511
f 5512 5513 5514
f 5515 5512 5516
f 5517 5518 5519
f 5520 5521 5522
f 5523 5520 5524
f 5525 5526 5524
f 5527 5528 5529
f 5530 5531 5532
f 5533 5532 5531
f 5531 5534 5533
f 5535 5530 5532
f 5535 5536 5530
f 5475 5530 5536
f 5530 5474 5531
f 5475 5474 5530
f 5531 5474 5537
f 5531 5537 5534
f 5476 5538 5474
f 5538 5537 5474
f 5537 5538 5539
f 5540 5476 5475
f 5540 5541 5476
f 5476 5541 5538
f 5538 5542 5539
f 5543 5541 5540
f 5544 5545 5543
f 5527 5545 5544
f 5543 5545 5541
f 5541 5542 5538
f 5541 5545 5546
f 5542 5541 5546
f 5546 5547 5542
f 5528 5527 5548
f 5545 5529 5546
f 5527 5529 5545
f 5547 5546 5549
f 5550 5528 5548
f 5529 5549 5546
f 5529 5528 5551
f 5549 5529 5551
f 5549 5551 5552
f 5528 5553 5551
f 5554 5553 5528
f 5555 5551 5553
f 5552 5551 5555
f 5550 5554 5528
f 5550 5526 5554
f 5554 5525 5553
f 5526 5525 5554
f 5556 5553 5525
f 5523 5524 5526
f 5557 5525 5524
f 5553 5556 5555
f 5521 5520 5523
f 5525 5557 5556
f 5557 5520 5558
f 5520 5522 5559
f 5558 5520 5559
f 5524 5520 5557
f 5560 5522 5521
f 5560 5561 5522
f 5562 5563 5522
f 5559 5522 5563
f 5561 5562 5522
f 5562 5561 5564
f 5565 5563 5564
f 5563 5562 5564
f 5566 5564 5561
f 5566 5519 5564
f 5518 5564 5519
f 5518 5567 5564
f 5568 5567 5518
f 5569 5570 5571
f 5571 5517 5519
f 5564 5567 5565
f 5572 5570 5569
f 5572 5573 5570
f 5570 5517 5571
f 5517 5570 5574
f 5517 5568 5518
f 5574 5568 5517
f 5575 5573 5572
f 5575 5515 5573
f 5516 5573 5515
f 5574 5576 5568
f 5577 5576 5574
f 5578 5515 5575
f 5578 5513 5515
f 5573 5574 5570
f 5573 5579 5574
f 5516 5579 5573
f 5580 5579 5516
f 5579 5577 5574
f 5580 5577 5579
f 5513 5512 5515
f 5581 5516 5512
f 5580 5516 5581
f 5582 5514 5513
f 5583 5512 5514
f 5584 5512 5583
f 5581 5512 5584
f 5585 5586 5582
f 5585 5587 5586
f 5586 5514 5582
f 5586 5587 5588
f 5589 5587 5585
f 5507 5587 5589
f 5586 5590 5514
f 5588 5590 5586
f 5591 5590 5592
f 5514 5590 5583
f 5590 5588 5592
f 5583 5590 5591
f 5587 5506 5588
f 5587 5507 5506
f 5506 5593 5588
f 5508 5511 5506
f 5593 5506 5511
f 5588 5593 5592
f 5594 5508 5507
f 5594 5595 5508
f 5508 5595 5509
f 5508 5509 5511
f 5503 5510 5509
f 5509 5595 5504
f 5504 5503 5509
f 5596 5510 5503
f 5597 5505 5502
f 5598 5502 5504
f 5599 5501 5500
f 5598 5500 5502
f 5502 5500 5499
f 5499 5597 5502
f 5501 5597 5499
f 5503 5505 5596
f 5497 5501 5599
f 5600 5597 5501
f 5601 5498 5497
f 5501 5497 5496
f 5602 5600 5501
f 5602 5501 5496
f 5603 5498 5601
f 5603 5604 5498
f 5498 5605 5496
f 5496 5605 5602
f 5606 5604 5603
f 5606 5607 5604
f 5608 5607 5606
f 5608 5609 5607
f 5604 5610 5498
f 5604 5611 5610
f 5498 5610 5605
f 5607 5609 5477
f 5477 5612 5611
f 5607 5611 5604
f 5479 5612 5477
f 5607 5477 5611
f 5482 5477 5609
f 5477 5482 5478
f 5480 5479 5478
f 5613 5481 5482
f 5613 5614 5481
f 5615 5480 5481
f 5481 5614 5616
f 5616 5615 5481
f 5617 5615 5616
f 5617 5616 5614
f 5617 5614 5618
f 5619 5615 5617
f 5620 5617 5618
f 5620 5618 5621
f 5620 5622 5617
f 5623 5620 5621
f 5621 5624 5623
f 5617 5622 5619
f 5623 5489 5484
f 5484 5625 5626
f 5483 5627 5625
f 5623 5626 5620
f 5483 5625 5484
f 5623 5484 5626
f 5620 5626 5622
f 5489 5623 5624
f 5628 5485 5489
f 5492 5483 5485
f 5492 5485 5628
f 5492 5628 5490
f 5492 5629 5483
f 5491 5630 5631
f 5630 5491 5490
f 5632 5629 5492
f 5491 5631 5633
f 5491 5632 5492
f 5491 5633 5632
f 5633 5634 5632
f 5635 5633 5631
f 5636 5633 5635
f 5636 5637 5633
f 5635 5638 5639
f 5635 5639 5636
f 5636 5639 5637
f 5633 5637 5634
f 5638 5640 5639
f 5640 5641 5639
f 5642 5639 5641
f 5642 5637 5639
f 5640 5643 5644
f 5640 5644 5641
f 5645 5641 5644
f 5646 5647 5644
f 5646 5644 5643
f 5647 5488 5487
f 5647 5645 5644
f 5493 5495 5648
f 5646 5494 5488
f 5646 5488 5647
f 5488 5494 5493
f 5493 5486 5488
f 5648 5649 5493
f 5493 5649 5486
f 5650 5651 5652
f 5652 5653 5650
f 5654 5655 5656
f 5657 5658 5659
f 5660 5661 5662
f 5663 5664 5665
f 5666 5667 5668
f 5669 5670 5664
f 5671 5672 5673
f 5674 5675 5676
f 5677 5678 5679
f 5680 5681 5682
f 5683 5684 5685
f 5685 5686 5687
f 5686 5688 5687
f 5688 5686 5689
f 5683 5685 5687
f 5690 5691 5692
f 5693 5682 5694
f 5695 5696 5697
f 5662 5698 5699
f 5700 5697 5701
f 5702 5703 5704
f 5705 5657 5656
f 5706 5658 5704
f 5707 5708 5709
f 5685 5710 5686
f 5710 5684 5711
f 5712 5684 5683
f 5712 5713 5684
f 5684 5714 5711
f 5685 5684 5710
f 5715 5713 5712
f 5715 5716 5713
f 5713 5714 5684
f 5714 5713 5717
f 5718 5719 5716
f 5716 5717 5713
f 5717 5716 5719
f 5718 5720 5721
f 5718 5721 5719
f 5722 5719 5721
f 5691 5690 5721
f 5691 5721 5720
f 5691 5723 5692
f 5690 5724 5721
f 5724 5690 5692
f 5721 5724 5722
f 5724 5692 5725
f 5723 5726 5692
f 5723 5727 5726
f 5725 5692 5728
f 5692 5726 5728
f 5727 5693 5726
f 5693 5694 5726
f 5728 5726 5729
f 5726 5694 5729
f 5682 5693 5680
f 5694 5682 5730
f 5729 5694 5730
f 5681 5731 5682
f 5730 5682 5731
f 5732 5678 5677
f 5733 5681 5680
f 5681 5733 5677
f 5679 5681 5677
f 5731 5681 5679
f 5731 5679 5734
f 5676 5678 5732
f 5734 5679 5735
f 5679 5678 5735
f 5676 5675 5678
f 5678 5736 5735
f 5675 5736 5678
f 5737 5736 5675
f 5738 5674 5676
f 5739 5671 5673
f 5673 5674 5738
f 5673 5672 5674
f 5674 5737 5675
f 5672 5737 5674
f 5740 5671 5739
f 5740 5741 5671
f 5742 5672 5743
f 5672 5744 5737
f 5742 5744 5672
f 5745 5741 5740
f 5745 5746 5741
f 5671 5743 5672
f 5747 5743 5671
f 5748 5743 5747
f 5742 5743 5748
f 5746 5749 5741
f 5741 5747 5671
f 5749 5747 5741
f 5750 5747 5749
f 5748 5747 5750
f 5667 5749 5746
f 5666 5668 5751
f 5667 5666 5749
f 5752 5749 5753
f 5749 5666 5753
f 5750 5749 5752
f 5754 5668 5667
f 5663 5668 5754
f 5668 5665 5751
f 5668 5663 5665
f 5755 5751 5756
f 5666 5751 5753
f 5753 5751 5755
f 5664 5663 5757
f 5664 5758 5756
f 5665 5756 5751
f 5756 5665 5664
f 5757 5669 5664
f 5660 5670 5669
f 5669 5757 5759
f 5759 5661 5669
f 5661 5660 5669
f 5760 5670 5660
f 5664 5670 5758
f 5661 5698 5662
f 5761 5662 5762
f 5662 5761 5760
f 5763 5764 5765
f 5764 5766 5699
f 5762 5662 5699
f 5660 5662 5760
f 5765 5699 5698
f 5767 5764 5763
f 5767 5696 5764
f 5765 5764 5699
f 5762 5699 5766
f 5768 5762 5766
f 5701 5696 5767
f 5764 5696 5766
f 5696 5695 5766
f 5695 5768 5766
f 5769 5700 5701
f 5701 5697 5696
f 5697 5770 5695
f 5771 5700 5769
f 5771 5772 5700
f 5773 5700 5772
f 5773 5774 5775
f 5775 5697 5700
f 5776 5772 5771
f 5776 5777 5772
f 5775 5700 5773
f 5778 5779 5773
f 5697 5775 5770
f 5780 5777 5776
f 5780 5703 5777
f 5772 5777 5773
f 5777 5778 5773
f 5702 5778 5777
f 5779 5774 5773
f 5777 5703 5702
f 5702 5781 5782
f 5702 5782 5778
f 5703 5706 5704
f 5781 5704 5783
f 5704 5781 5702
f 5706 5659 5658
f 5783 5704 5658
f 5784 5657 5659
f 5654 5657 5784
f 5657 5705 5658
f 5654 5656 5657
f 5785 5656 5655
f 5786 5705 5656
f 5658 5705 5783
f 5787 5788 5785
f 5789 5656 5785
f 5786 5656 5789
f 5790 5655 5654
f 5791 5655 5790
f 5655 5791 5785
f 5791 5787 5785
f 5792 5787 5791
f 5789 5785 5788
f 5793 5791 5790
f 5794 5791 5793
f 5791 5794 5792
f 5792 5795 5796
f 5792 5796 5787
f 5794 5709 5792
f 5709 5794 5707
f 5709 5795 5792
f 5797 5798 5799
f 5798 5709 5708
f 5798 5795 5709
f 5800 5708 5707
f 5708 5800 5799
f 5799 5798 5708
f 5801 5798 5802
f 5797 5802 5798
f 5795 5798 5801
f 5803 5799 5800
f 5803 5804 5799
f 5799 5804 5805
f 5805 5797 5799
f 5651 5806 5807
f 5797 5805 5807
f 5806 5802 5807
f 5805 5808 5652
f 5805 5804 5808
f 5809 5810 5811
f 5652 5807 5805
f 5797 5807 5802
f 5652 5651 5807
f 5812 5653 5808
f 5652 5808 5653
f 5653 5809 5650
f 5653 5813 5809
f 5653 5812 5813
f 5809 5811 5650
f 5814 5813 5812
f 5815 5813 5814
f 5813 5815 5816
f 5816 5809 5813
f 5816 5810 5809
f 5817 5815 5814
f 5818 5819 5815
f 5819 5816 5815
f 5819 5820 5816
f 5817 5818 5815
f 5819 5818 5821
f 5821 5822 5819
f 5820 5819 5822
f 5816 5820 5810
f 5823 5820 5822
f 5824 5825 5821
f 5825 5822 5821
f 5825 5826 5822
f 5826 5823 5822
f 5827 5828 5829
f 5830 5831 5832
f 5833 5834 5835
f 5836 5837 5838
f 5839 5840 5841
f 5842 5843 5844
f 5836 5838 5842
f 5845 5840 5835
f 5846 5837 5847
f 5830 5834 5833
f 5848 5849 5850
f 5829 5828 5831
f 5848 5850 5851
f 5851 5852 5853
f 5854 5827 5855
f 5856 5857 5858
f 5855 5859 5854
f 5856 5860 5857
f 5861 5860 5856
f 5856 5862 5861
f 5863 5864 5865
f 5866 5859 5867
f 5862 5868 5869
f 5867 5870 5866
f 5871 5872 5873
f 5874 5875 5876
f 5877 5872 5871
f 5878 5870 5879
f 5880 5878 5879
f 5880 5881 5878
f 5882 5875 5874
f 5883 5878 5881
f 5884 5885 5886
f 5878 5883 5887
f 5888 5887 5889
f 5888 5889 5890
f 5891 5892 5888
f 5893 5894 5895
f 5896 5897 5898
f 5899 5900 5901
f 5902 5898 5897
f 5903 5904 5905
f 5905 5906 5903
f 5906 5907 5908
f 5908 5907 5909
f 5909 5907 5910
f 5911 5910 5912
f 5912 5913 5911
f 5914 5915 5916
f 5917 5918 5919
f 5920 5921 5922
f 5920 5923 5921
f 5918 5924 5925
f 5926 5927 5928
f 5926 5929 5927
f 5930 5931 5932
f 5933 5934 5930
f 5935 5936 5937
f 5938 5939 5940
f 5941 5942 5943
f 5943 5944 5945
f 5946 5945 5944
f 5947 5948 5946
f 5948 5949 5950
f 5951 5950 5949
f 5952 5953 5954
f 5955 5956 5957
f 5958 5956 5959
f 5959 5960 5958
f 5961 5962 5963
f 5959 5964 5960
f 5965 5966 5959
f 5967 5968 5969
f 5970 5971 5972
f 5965 5959 5973
f 5974 5961 5963
f 5973 5975 5976
f 5977 5961 5978
f 5979 5980 5981
f 5977 5971 5970
f 5975 5982 5976
f 5983 5984 5980
f 5985 5982 5975
f 5985 5975 5986
f 5972 5987 5970
f 5988 5989 5990
f 5975 5970 5989
f 5975 5989 5986
f 5959 5975 5973
f 5974 5978 5961
f 5991 5992 5962
f 5959 5966 5964
f 5959 5956 5955
f 5993 5994 5992
f 5954 5994 5993
f 5951 5995 5957
f 5995 5955 5957
f 5996 5953 5997
f 5997 5953 5952
f 5949 5995 5951
f 5949 5948 5947
f 5996 5998 5999
f 5944 5947 5946
f 6000 6001 6002
f 5944 5943 5942
f 6003 5940 5939
f 5935 5942 5941
f 5939 5938 6004
f 5937 5942 5935
f 6004 5938 5933
f 5937 5936 5929
f 5926 5937 5929
f 6005 5932 6006
f 5924 6005 6006
f 5923 5920 5928
f 5920 5926 5928
f 5915 5914 5922
f 5914 5920 5922
f 5917 5919 6007
f 6008 6007 6009
f 5913 5912 5916
f 5912 5914 5916
f 6010 6011 6012
f 5907 5912 5910
f 6013 6012 6011
f 6013 6014 6015
f 6013 6011 6014
f 6015 6014 6016
f 5905 5907 5906
f 6017 6016 6018
f 6018 6019 6017
f 6019 6020 6021
f 5902 5897 5904
f 5897 5905 5904
f 6022 6021 6023
f 6022 6023 6024
f 5895 5897 5896
f 5895 5896 5893
f 5900 5885 5884
f 5874 5895 5882
f 5895 5894 5882
f 5877 6025 5886
f 5869 5868 5876
f 5868 5874 5876
f 5856 5868 5862
f 6026 5865 6027
f 5865 5864 6027
f 5852 5856 5858
f 5852 5858 5853
f 6028 6029 6030
f 5850 5852 5851
f 6031 6032 6033
f 5847 5850 5849
f 5847 5849 5846
f 6033 6034 6035
f 6034 6036 6035
f 6036 6037 6038
f 5836 5847 5837
f 5844 5836 5842
f 6039 6040 6041
f 5844 5843 5841
f 6040 6042 6043
f 5841 5843 5839
f 5845 5841 5840
f 6044 6045 6046
f 6045 6047 6046
f 5845 5835 5834
f 6047 6048 6049
f 5832 5834 5830
f 6050 6051 6052
f 5828 5832 5831
f 5854 5828 5827
f 6053 6052 6054
f 6053 6054 6055
f 6053 6055 6056
f 6057 5854 5859
f 5866 6057 5859
f 6056 6058 6059
f 6059 6060 6061
f 6059 6058 6060
f 5878 5866 5870
f 6060 6062 6061
f 6062 6063 6064
f 6064 6063 6065
f 6065 6063 6066
f 6067 6068 6069
f 6070 6068 6071
f 5888 5878 5887
f 6072 6073 6071
f 6072 6074 6075
f 6076 6077 6078
f 5888 5890 5891
f 6074 6079 6080
f 6081 5888 6078
f 5888 5892 6078
f 6079 6076 6080
f 6069 6082 6067
f 6063 6083 6066
f 6083 6081 6084
f 6070 6069 6068
f 6084 6081 6085
f 6073 6070 6071
f 6075 6073 6072
f 6085 6081 6086
f 6080 6075 6074
f 6076 6079 6077
f 6086 6081 6087
f 6081 6078 6088
f 6078 6077 6088
f 6081 6088 6087
f 6063 6081 6083
f 6060 6063 6062
f 6055 6058 6056
f 6089 6054 6052
f 6089 6052 6051
f 6049 6048 6050
f 6048 6051 6050
f 6045 6048 6047
f 6043 6044 6046
f 6042 6044 6043
f 6039 6042 6040
f 6038 6090 6041
f 6090 6039 6041
f 6037 6090 6038
f 6034 6037 6036
f 6091 6034 6033
f 6032 6091 6033
f 6030 6029 6031
f 6029 6032 6031
f 6092 6029 6028
f 6092 6028 6093
f 6026 6027 6093
f 6027 6092 6093
f 5873 5864 5863
f 5872 5864 5873
f 5886 5872 5877
f 5886 6025 5884
f 5899 5885 5900
f 6024 5899 5901
f 6023 5899 6024
f 6020 6023 6021
f 6018 6020 6019
f 6014 6018 6016
f 6094 6011 6010
f 6094 6010 6095
f 6008 6096 6095
f 6096 6094 6095
f 6009 6096 6008
f 5919 6009 6007
f 5925 5919 5918
f 6097 5925 5924
f 6006 6097 5924
f 6006 5932 5931
f 5934 5931 5930
f 5938 5934 5933
f 6000 6098 6003
f 6098 5940 6003
f 6002 6098 6000
f 6002 6001 6099
f 6099 6001 5999
f 5998 6099 5999
f 5997 5998 5996
f 5993 5952 5954
f 5993 5992 5991
f 5961 5991 5962
f 5967 6100 6101
f 5969 6102 6103
f 5970 5961 5977
f 5981 6103 6104
f 5983 5980 5979
f 5983 5988 5984
f 5984 5988 5990
f 5970 5987 6105
f 5989 5970 5990
f 5970 6105 5990
f 6104 5979 5981
f 6102 6104 6103
f 5968 6102 5969
f 6101 5968 5967
f 6106 6107 6108
f 6109 6110 6111
f 6112 6113 6114
f 6115 6116 6114
f 6117 6118 6119
f 6120 6121 6119
f 6122 6123 6124
f 6125 6126 6127
f 6128 6129 6130
f 6131 6127 6132
f 6133 6134 6135
f 6136 6137 6138
f 6139 6140 6141
f 6142 6143 6144
f 6145 6146 6147
f 6148 6149 6150
f 6151 6152 6153
f 6154 6155 6156
f 6157 6156 6158
f 6159 6152 6160
f 6160 6148 6161
f 6155 6162 6163
f 6163 6164 6149
f 6142 6146 6165
f 6141 6144 6166
f 6136 6167 6158
f 6168 6137 6169
f 6170 6140 6171
f 6172 6169 6133
f 6173 6132 6170
f 6174 6175 6134
f 6129 6176 6174
f 6177 6178 6126
f 6179 6178 6180
f 6179 6181 6182
f 6123 6118 6183
f 6184 6182 6185
f 6184 6186 6187
f 6187 6188 6189
f 6189 6190 6191
f 6120 6192 6193
f 6116 6194 6192
f 6195 6196 6197
f 6198 6199 6200
f 6198 6201 6202
f 6203 6112 6204
f 6200 6205 6111
f 6204 6206 6207
f 6208 6206 6108
f 6209 6110 6210
f 6209 6211 6212
f 6106 6213 6214
f 6215 6216 6212
f 6217 6213 6218
f 6219 6216 6220
f 6218 6221 6222
f 6219 6223 6224
f 6225 6226 6221
f 6227 6224 6228
f 6229 6230 6231
f 6227 6232 6233
f 6234 6235 6233
f 6236 6237 6238
f 6235 6239 6240
f 6241 6242 6238
f 6243 6240 6244
f 6245 6241 6246
f 6243 6247 6248
f 6249 6246 6250
f 6251 6248 6252
f 6253 6250 6254
f 6255 6254 6256
f 6257 6258 6259
f 6257 6260 6261
f 6262 6261 6263
f 6264 6265 6266
f 6267 6268 6269
f 6270 6271 6272
f 6273 6274 6275
f 6275 6276 6277
f 6278 6279 6280
f 6281 6272 6277
f 6282 6279 6283
f 6284 6285 6282
f 6285 6286 6287
f 6280 6271 6288
f 6289 6290 6291
f 6291 6292 6293
f 6293 6294 6295
f 6273 6296 6297
f 6298 6295 6299
f 6298 6300 6301
f 6265 6302 6296
f 6303 6269 6301
f 6304 6266 6262
f 6305 6306 6268
f 6307 6308 6309
f 6309 6306 6307
f 6308 6310 6309
f 6310 6311 6256
f 6305 6312 6306
f 6307 6306 6312
f 6267 6313 6268
f 6305 6268 6313
f 6303 6314 6269
f 6267 6269 6314
f 6300 6315 6301
f 6303 6301 6315
f 6299 6316 6298
f 6300 6298 6316
f 6294 6317 6295
f 6299 6295 6317
f 6292 6318 6293
f 6294 6293 6318
f 6290 6319 6291
f 6292 6291 6319
f 6320 6289 6287
f 6290 6289 6320
f 6286 6321 6287
f 6320 6287 6321
f 6284 6322 6285
f 6286 6285 6322
f 6283 6323 6282
f 6284 6282 6323
f 6278 6324 6279
f 6283 6279 6324
f 6288 6325 6280
f 6278 6280 6325
f 6270 6326 6271
f 6288 6271 6326
f 6281 6327 6272
f 6270 6272 6327
f 6276 6328 6277
f 6281 6277 6328
f 6274 6329 6275
f 6276 6275 6329
f 6297 6330 6273
f 6274 6273 6330
f 6302 6331 6296
f 6297 6296 6331
f 6264 6332 6265
f 6302 6265 6332
f 6304 6333 6266
f 6264 6266 6333
f 6263 6334 6262
f 6304 6262 6334
f 6260 6335 6261
f 6263 6261 6335
f 6259 6336 6257
f 6260 6257 6336
f 6337 6258 6251
f 6259 6258 6337
f 6252 6338 6251
f 6337 6251 6338
f 6247 6339 6248
f 6252 6248 6339
f 6244 6340 6243
f 6247 6243 6340
f 6239 6341 6240
f 6244 6240 6341
f 6234 6342 6235
f 6239 6235 6342
f 6232 6343 6233
f 6234 6233 6343
f 6228 6344 6227
f 6232 6227 6344
f 6223 6345 6224
f 6228 6224 6345
f 6220 6346 6219
f 6223 6219 6346
f 6215 6347 6216
f 6220 6216 6347
f 6211 6348 6212
f 6215 6212 6348
f 6210 6349 6209
f 6211 6209 6349
f 6109 6350 6110
f 6210 6110 6350
f 6205 6351 6111
f 6109 6111 6351
f 6199 6352 6200
f 6205 6200 6352
f 6202 6353 6198
f 6199 6198 6353
f 6197 6201 6195
f 6202 6201 6197
f 6354 6195 6191
f 6196 6195 6354
f 6190 6355 6191
f 6354 6191 6355
f 6188 6356 6189
f 6190 6189 6356
f 6186 6357 6187
f 6188 6187 6357
f 6185 6358 6184
f 6186 6184 6358
f 6181 6359 6182
f 6185 6182 6359
f 6180 6360 6179
f 6181 6179 6360
f 6177 6361 6178
f 6180 6178 6361
f 6125 6362 6126
f 6177 6126 6362
f 6131 6363 6127
f 6125 6127 6363
f 6173 6364 6132
f 6131 6132 6364
f 6171 6365 6170
f 6173 6170 6365
f 6139 6366 6140
f 6171 6140 6366
f 6166 6367 6141
f 6139 6141 6367
f 6143 6368 6144
f 6166 6144 6368
f 6165 6369 6142
f 6143 6142 6369
f 6145 6370 6146
f 6165 6146 6370
f 6371 6147 6151
f 6145 6147 6371
f 6153 6372 6151
f 6371 6151 6372
f 6159 6373 6152
f 6153 6152 6373
f 6161 6374 6160
f 6159 6160 6374
f 6150 6375 6148
f 6161 6148 6375
f 6164 6376 6149
f 6150 6149 6376
f 6162 6377 6163
f 6164 6163 6377
f 6154 6378 6155
f 6162 6155 6378
f 6157 6379 6156
f 6154 6156 6379
f 6167 6380 6158
f 6157 6158 6380
f 6138 6381 6136
f 6167 6136 6381
f 6168 6382 6137
f 6138 6137 6382
f 6172 6383 6169
f 6168 6169 6383
f 6135 6384 6133
f 6172 6133 6384
f 6175 6385 6134
f 6135 6134 6385
f 6176 6386 6174
f 6175 6174 6386
f 6128 6387 6129
f 6176 6129 6387
f 6388 6130 6122
f 6128 6130 6388
f 6124 6389 6122
f 6388 6122 6389
f 6183 6390 6123
f 6124 6123 6390
f 6117 6391 6118
f 6183 6118 6391
f 6121 6392 6119
f 6117 6119 6392
f 6193 6393 6120
f 6121 6120 6393
f 6194 6394 6192
f 6193 6192 6394
f 6115 6395 6116
f 6194 6116 6395
f 6113 6396 6114
f 6115 6114 6396
f 6203 6397 6112
f 6113 6112 6397
f 6207 6398 6204
f 6203 6204 6398
f 6208 6399 6206
f 6207 6206 6399
f 6107 6400 6108
f 6208 6108 6400
f 6214 6401 6106
f 6107 6106 6401
f 6217 6402 6213
f 6214 6213 6402
f 6222 6403 6218
f 6217 6218 6403
f 6226 6404 6221
f 6222 6221 6404
f 6229 6225 6230
f 6226 6225 6229
f 6405 6230 6237
f 6231 6230 6405
f 6236 6406 6237
f 6405 6237 6406
f 6242 6407 6238
f 6236 6238 6407
f 6245 6408 6241
f 6242 6241 6408
f 6249 6409 6246
f 6245 6246 6409
f 6253 6410 6250
f 6249 6250 6410
f 6255 6411 6254
f 6253 6254 6411
f 6310 6256 6309
f 6255 6256 6311
f 6412 6413 6414
f 6415 6416 6417
f 6417 6418 6419
f 6420 6421 6422
f 6423 6421 6420
f 6424 6425 6426
f 6427 6428 6429
f 6430 6431 6432
f 6433 6434 6435
f 6436 6437 6438
f 6439 6440 6441
f 6442 6443 6444
f 6445 6446 6447
f 6447 6448 6449
f 6450 6451 6452
f 6453 6454 6455
f 6453 6455 6450
f 6456 6457 6458
f 6459 6460 6461
f 6460 6459 6456
f 6462 6463 6461
f 6461 6460 6462
f 6464 6463 6462
f 6465 6466 6464
f 6464 6462 6465
f 6467 6466 6465
f 6467 6465 6468
f 6469 6467 6468
f 6470 6471 6469
f 6469 6468 6470
f 6472 6471 6470
f 6472 6470 6473
f 6474 6472 6475
f 6473 6475 6472
f 6476 6474 6477
f 6475 6477 6474
f 6478 6479 6476
f 6476 6477 6478
f 6456 6459 6480
f 6412 6481 6413
f 6480 6457 6456
f 6457 6482 6458
f 6482 6454 6458
f 6458 6454 6453
f 6418 6417 6483
f 6483 6484 6418
f 6450 6455 6451
f 6448 6450 6452
f 6449 6448 6452
f 6449 6445 6447
f 6445 6485 6446
f 6446 6485 6443
f 6443 6485 6444
f 6441 6443 6442
f 6439 6441 6442
f 6440 6486 6441
f 6440 6437 6486
f 6486 6437 6436
f 6436 6438 6435
f 6434 6436 6435
f 6487 6434 6433
f 6487 6432 6434
f 6487 6430 6432
f 6488 6431 6430
f 6489 6431 6488
f 6427 6489 6488
f 6427 6429 6489
f 6428 6490 6429
f 6429 6490 6424
f 6424 6490 6425
f 6491 6424 6426
f 6492 6491 6426
f 6492 6493 6491
f 6492 6494 6493
f 6422 6421 6494
f 6493 6494 6421
f 6495 6423 6420
f 6423 6496 6497
f 6495 6496 6423
f 6496 6498 6497
f 6497 6498 6499
f 6499 6498 6484
f 6499 6484 6483
f 6417 6419 6415
f 6412 6416 6415
f 6412 6414 6416
f 6500 6501 6502
f 6503 6504 6505
f 6506 6507 6508
f 6509 6510 6511
f 6512 6511 6513
f 6514 6515 6516
f 6517 6518 6519
f 6520 6521 6522
f 6523 6524 6525
f 6526 6527 6528
f 6529 6530 6531
f 6532 6533 6534
f 6526 6534 6527
f 6535 6536 6537
f 6538 6533 6539
f 6540 6541 6542
f 6543 6537 6544
f 6545 6546 6541
f 6547 6548 6549
f 6550 6551 6552
f 6553 6554 6555
f 6556 6557 6558
f 6559 6560 6561
f 6562 6563 6564
f 6565 6566 6567
f 6568 6569 6570
f 6570 6571 6572
f 6573 6574 6575
f 6576 6577 6578
f 6505 6579 6580
f 6581 6582 6583
f 6584 6585 6586
f 6581 6569 6568
f 6587 6588 6589
f 6577 6576 6582
f 6565 6590 6588
f 6586 6574 6591
f 6592 6503 6587
f 6503 6593 6504
f 6574 6594 6591
f 6595 6573 6575
f 6575 6505 6580
f 6577 6586 6585
f 6596 6592 6587
f 6570 6597 6571
f 6572 6598 6564
f 6598 6572 6599
f 6557 6564 6563
f 6588 6600 6589
f 6601 6590 6565
f 6566 6602 6567
f 6557 6603 6558
f 6604 6556 6605
f 6559 6561 6566
f 6606 6559 6554
f 6604 6551 6556
f 6551 6550 6545
f 6554 6607 6606
f 6555 6608 6553
f 6609 6546 6545
f 6541 6610 6542
f 6548 6547 6555
f 6540 6542 6611
f 6612 6613 6548
f 6611 6614 6540
f 6612 6615 6613
f 6616 6617 6618
f 6619 6620 6618
f 6535 6533 6538
f 6620 6621 6622
f 6532 6534 6623
f 6624 6625 6622
f 6626 6522 6625
f 6529 6527 6530
f 6627 6530 6525
f 6627 6525 6628
f 6524 6523 6629
f 6523 6519 6518
f 6512 6519 6511
f 6630 6631 6507
f 6506 6632 6633
f 6510 6509 6634
f 6635 6509 6636
f 6633 6637 6638
f 6636 6639 6635
f 6640 6500 6641
f 6636 6500 6640
f 6638 6642 6643
f 6644 6645 6643
f 6501 6646 6502
f 6647 6648 6501
f 6649 6645 6650
f 6651 6648 6647
f 6652 6647 6653
f 6649 6654 6655
f 6652 6653 6656
f 6653 6657 6658
f 6659 6660 6655
f 6657 6661 6658
f 6662 6663 6657
f 6664 6665 6660
f 6666 6663 6662
f 6666 6667 6668
f 6668 6667 6669
f 6670 6671 6669
f 6672 6665 6673
f 6670 6674 6675
f 6676 6675 6674
f 6677 6672 6678
f 6679 6680 6674
f 6680 6679 6681
f 6682 6683 6677
f 6679 6684 6685
f 6684 6686 6685
f 6683 6687 6688
f 6689 6690 6684
f 6691 6690 6689
f 6692 6693 6688
f 6694 6689 6695
f 6694 6695 6696
f 6697 6698 6693
f 6695 6699 6700
f 6701 6700 6699
f 6702 6703 6699
f 6704 6705 6706
f 6704 6707 6708
f 6708 6709 6710
f 6711 6712 6713
f 6714 6715 6716
f 6717 6718 6719
f 6720 6721 6722
f 6723 6724 6725
f 6717 6726 6727
f 6728 6729 6730
f 6731 6722 6727
f 6729 6732 6733
f 6734 6735 6733
f 6735 6736 6737
f 6730 6721 6738
f 6739 6740 6724
f 6741 6742 6723
f 6743 6744 6718
f 6742 6745 6746
f 6747 6748 6746
f 6743 6713 6749
f 6748 6750 6716
f 6751 6711 6710
f 6752 6753 6715
f 6753 6754 6702
f 6614 6755 6616
f 6612 6543 6544
f 6546 6610 6541
f 6550 6609 6545
f 6604 6552 6551
f 6558 6605 6556
f 6563 6603 6557
f 6598 6562 6564
f 6571 6599 6572
f 6569 6597 6570
f 6581 6568 6582
f 6576 6583 6582
f 6585 6578 6577
f 6591 6584 6586
f 6573 6594 6574
f 6580 6595 6575
f 6504 6579 6505
f 6592 6593 6503
f 6589 6596 6587
f 6590 6600 6588
f 6567 6601 6565
f 6561 6602 6566
f 6606 6560 6559
f 6553 6607 6554
f 6547 6608 6555
f 6613 6549 6548
f 6544 6615 6612
f 6537 6543 6535
f 6538 6536 6535
f 6532 6539 6533
f 6526 6623 6534
f 6529 6528 6527
f 6627 6531 6530
f 6524 6628 6525
f 6518 6629 6523
f 6512 6517 6519
f 6510 6513 6511
f 6635 6634 6509
f 6640 6639 6636
f 6502 6641 6500
f 6648 6646 6501
f 6652 6651 6647
f 6658 6656 6653
f 6663 6661 6657
f 6666 6662 6667
f 6669 6667 6670
f 6675 6671 6670
f 6680 6676 6674
f 6685 6681 6679
f 6690 6686 6684
f 6694 6691 6689
f 6700 6696 6695
f 6703 6701 6699
f 6754 6756 6702
f 6703 6702 6756
f 6752 6757 6753
f 6754 6753 6757
f 6714 6758 6715
f 6752 6715 6758
f 6750 6759 6716
f 6714 6716 6759
f 6747 6760 6748
f 6750 6748 6760
f 6745 6761 6746
f 6747 6746 6761
f 6741 6762 6742
f 6745 6742 6762
f 6725 6763 6723
f 6741 6723 6763
f 6740 6764 6724
f 6725 6724 6764
f 6765 6739 6737
f 6740 6739 6765
f 6736 6766 6737
f 6765 6737 6766
f 6734 6767 6735
f 6736 6735 6767
f 6732 6768 6733
f 6734 6733 6768
f 6728 6769 6729
f 6732 6729 6769
f 6738 6770 6730
f 6728 6730 6770
f 6720 6771 6721
f 6738 6721 6771
f 6731 6772 6722
f 6720 6722 6772
f 6726 6773 6727
f 6731 6727 6773
f 6719 6774 6717
f 6726 6717 6774
f 6744 6775 6718
f 6719 6718 6775
f 6749 6776 6743
f 6744 6743 6776
f 6712 6777 6713
f 6749 6713 6777
f 6751 6778 6711
f 6712 6711 6778
f 6709 6779 6710
f 6751 6710 6779
f 6707 6780 6708
f 6709 6708 6780
f 6706 6781 6704
f 6707 6704 6781
f 6782 6705 6698
f 6706 6705 6782
f 6697 6783 6698
f 6782 6698 6783
f 6692 6784 6693
f 6697 6693 6784
f 6687 6785 6688
f 6692 6688 6785
f 6682 6786 6683
f 6687 6683 6786
f 6678 6787 6677
f 6682 6677 6787
f 6673 6788 6672
f 6678 6672 6788
f 6664 6789 6665
f 6673 6665 6789
f 6659 6790 6660
f 6664 6660 6790
f 6654 6791 6655
f 6659 6655 6791
f 6650 6792 6649
f 6654 6649 6792
f 6644 6793 6645
f 6650 6645 6793
f 6642 6794 6643
f 6644 6643 6794
f 6637 6795 6638
f 6642 6638 6795
f 6632 6796 6633
f 6637 6633 6796
f 6508 6797 6506
f 6632 6506 6797
f 6631 6798 6507
f 6508 6507 6798
f 6515 6630 6516
f 6631 6630 6515
f 6799 6516 6521
f 6514 6516 6799
f 6520 6800 6521
f 6799 6521 6800
f 6626 6801 6522
f 6520 6522 6801
f 6624 6802 6625
f 6626 6625 6802
f 6621 6803 6622
f 6624 6622 6803
f 6619 6804 6620
f 6621 6620 6804
f 6617 6805 6618
f 6619 6618 6805
f 6614 6616 6540
f 6617 6616 6755
f 6806 6807 6808
f 6809 6810 6811
f 6810 6812 6813
f 6814 6809 6815
f 6809 6811 6815
f 6814 6816 6817
f 6814 6815 6816
f 6818 6817 6819
f 6814 6817 6818
f 6820 6819 6821
f 6818 6819 6820
f 6822 6821 6823
f 6820 6821 6822
f 6824 6823 6825
f 6822 6823 6824
f 6826 6825 6827
f 6824 6825 6826
f 6828 6827 6829
f 6826 6827 6828
f 6830 6829 6831
f 6828 6829 6830
f 6832 6831 6833
f 6830 6831 6832
f 6834 6833 6835
f 6832 6833 6834
f 6836 6835 6837
f 6834 6835 6836
f 6838 6837 6839
f 6836 6837 6838
f 6840 6839 6841
f 6838 6839 6840
f 6842 6841 6843
f 6840 6841 6842
f 6844 6843 6845
f 6842 6843 6844
f 6846 6845 6847
f 6844 6845 6846
f 6848 6847 6849
f 6846 6847 6848
f 6850 6849 6851
f 6848 6849 6850
f 6852 6851 6853
f 6850 6851 6852
f 6854 6853 6855
f 6852 6853 6854
f 6856 6855 6857
f 6854 6855 6856
f 6858 6857 6859
f 6856 6857 6858
f 6860 6859 6861
f 6858 6859 6860
f 6862 6861 6863
f 6860 6861 6862
f 6864 6863 6865
f 6862 6863 6864
f 6866 6865 6867
f 6864 6865 6866
f 6868 6867 6869
f 6866 6867 6868
f 6870 6869 6871
f 6868 6869 6870
f 6872 6871 6873
f 6870 6871 6872
f 6874 6873 6875
f 6872 6873 6874
f 6876 6875 6877
f 6874 6875 6876
f 6878 6877 6879
f 6876 6877 6878
f 6880 6879 6881
f 6878 6879 6880
f 6882 6881 6883
f 6880 6881 6882
f 6884 6883 6885
f 6882 6883 6884
f 6886 6885 6887
f 6884 6885 6886
f 6888 6887 6889
f 6886 6887 6888
f 6890 6889 6891
f 6888 6889 6890
f 6892 6891 6893
f 6890 6891 6892
f 6894 6893 6895
f 6892 6893 6894
f 6896 6895 6897
f 6894 6895 6896
f 6898 6897 6899
f 6896 6897 6898
f 6900 6899 6901
f 6898 6899 6900
f 6902 6901 6903
f 6900 6901 6902
f 6904 6903 6905
f 6902 6903 6904
f 6906 6905 6907
f 6904 6905 6906
f 6908 6907 6909
f 6906 6907 6908
f 6910 6909 6911
f 6908 6909 6910
f 6912 6911 6913
f 6910 6911 6912
f 6914 6913 6915
f 6912 6913 6914
f 6916 6915 6917
f 6914 6915 6916
f 6918 6917 6919
f 6916 6917 6918
f 6920 6919 6921
f 6918 6919 6920
f 6922 6921 6923
f 6920 6921 6922
f 6924 6923 6925
f 6922 6923 6924
f 6926 6925 6927
f 6924 6925 6926
f 6928 6927 6929
f 6926 6927 6928
f 6930 6929 6931
f 6928 6929 6930
f 6932 6931 6933
f 6930 6931 6932
f 6934 6933 6935
f 6932 6933 6934
f 6936 6935 6937
f 6934 6935 6936
f 6938 6937 6939
f 6936 6937 6938
f 6940 6939 6941
f 6938 6939 6940
f 6942 6941 6943
f 6940 6941 6942
f 6944 6943 6945
f 6942 6943 6944
f 6946 6945 6947
f 6944 6945 6946
f 6948 6947 6949
f 6946 6947 6948
f 6950 6949 6951
f 6948 6949 6950
f 6952 6951 6953
f 6950 6951 6952
f 6954 6953 6955
f 6952 6953 6954
f 6956 6955 6957
f 6954 6955 6956
f 6958 6957 6959
f 6956 6957 6958
f 6960 6959 6961
f 6958 6959 6960
f 6962 6961 6963
f 6960 6961 6962
f 6964 6963 6965
f 6962 6963 6964
f 6966 6965 6967
f 6964 6965 6966
f 6968 6967 6969
f 6966 6967 6968
f 6970 6969 6971
f 6968 6969 6970
f 6972 6971 6973
f 6970 6971 6972
f 6974 6973 6975
f 6972 6973 6974
f 6976 6975 6977
f 6974 6975 6976
f 6978 6977 6979
f 6976 6977 6978
f 6980 6979 6981
f 6978 6979 6980
f 6982 6981 6983
f 6980 6981 6982
f 6984 6983 6985
f 6982 6983 6984
f 6986 6985 6987
f 6984 6985 6986
f 6988 6987 6989
f 6986 6987 6988
f 6990 6989 6991
f 6988 6989 6990
f 6992 6991 6993
f 6990 6991 6992
f 6994 6993 6995
f 6992 6993 6994
f 6996 6995 6997
f 6994 6995 6996
f 6998 6997 6999
f 6996 6997 6998
f 7000 6999 7001
f 6998 6999 7000
f 7002 7001 7003
f 7000 7001 7002
f 7004 7003 7005
f 7002 7003 7004
f 7006 7005 7007
f 7004 7005 7006
f 7008 7007 7009
f 7006 7007 7008
f 7010 7011 7009
f 7008 7009 7011
f 6808 7010 7012
f 7010 7009 7012
f 6808 7012 6806
f 7013 6807 7014
f 6807 6806 7014
f 7013 7015 7016
f 7013 7014 7015
f 7017 7016 7018
f 7013 7016 7017
f 7019 7018 7020
f 7017 7018 7019
f 7021 7020 7022
f 7019 7020 7021
f 7023 7022 7024
f 7021 7022 7023
f 7025 7024 7026
f 7023 7024 7025
f 7027 7026 7028
f 7025 7026 7027
f 7029 7028 7030
f 7027 7028 7029
f 7031 7030 7032
f 7029 7030 7031
f 7033 7032 7034
f 7031 7032 7033
f 7035 7034 7036
f 7033 7034 7035
f 7037 7036 7038
f 7035 7036 7037
f 7039 7038 7040
f 7037 7038 7039
f 7041 7040 7042
f 7039 7040 7041
f 7043 7042 7044
f 7041 7042 7043
f 7045 7044 7046
f 7043 7044 7045
f 7047 7046 7048
f 7045 7046 7047
f 7049 7048 7050
f 7047 7048 7049
f 7051 7050 7052
f 7049 7050 7051
f 7053 7052 7054
f 7051 7052 7053
f 7055 7054 7056
f 7053 7054 7055
f 7057 7056 7058
f 7055 7056 7057
f 7059 7058 7060
f 7057 7058 7059
f 7061 7060 7062
f 7059 7060 7061
f 7063 7062 7064
f 7061 7062 7063
f 7065 7064 7066
f 7063 7064 7065
f 7067 7066 7068
f 7065 7066 7067
f 7069 7068 7070
f 7067 7068 7069
f 7071 7070 7072
f 7069 7070 7071
f 7073 7072 7074
f 7071 7072 7073
f 7075 7074 7076
f 7073 7074 7075
f 7077 7076 7078
f 7075 7076 7077
f 7079 7078 7080
f 7077 7078 7079
f 7081 7080 7082
f 7079 7080 7081
f 7083 7082 7084
f 7081 7082 7083
f 7085 7084 7086
f 7083 7084 7085
f 7087 7086 7088
f 7085 7086 7087
f 7089 7088 7090
f 7087 7088 7089
f 7091 7090 7092
f 7089 7090 7091
f 7093 7092 7094
f 7091 7092 7093
f 7095 7094 7096
f 7093 7094 7095
f 7097 7096 7098
f 7095 7096 7097
f 7099 7098 7100
f 7097 7098 7099
f 7101 7100 7102
f 7099 7100 7101
f 7103 7102 7104
f 7101 7102 7103
f 7105 7104 7106
f 7103 7104 7105
f 7107 7106 7108
f 7105 7106 7107
f 7109 7108 7110
f 7107 7108 7109
f 7111 7110 7112
f 7109 7110 7111
f 7113 7112 7114
f 7111 7112 7113
f 7115 7114 7116
f 7113 7114 7115
f 7117 7116 7118
f 7115 7116 7117
f 7119 7118 7120
f 7117 7118 7119
f 7121 7120 7122
f 7119 7120 7121
f 7123 7122 7124
f 7121 7122 7123
f 7125 7124 7126
f 7123 7124 7125
f 7127 7126 7128
f 7125 7126 7127
f 7129 7128 7130
f 7127 7128 7129
f 7131 7130 7132
f 7129 7130 7131
f 7133 7132 7134
f 7131 7132 7133
f 7135 7134 7136
f 7133 7134 7135
f 7137 7136 7138
f 7135 7136 7137
f 7139 7138 7140
f 7137 7138 7139
f 7141 7140 7142
f 7139 7140 7141
f 7143 7142 7144
f 7141 7142 7143
f 7145 7144 7146
f 7143 7144 7145
f 7147 7146 7148
f 7145 7146 7147
f 7149 7148 7150
f 7147 7148 7149
f 7151 7150 7152
f 7149 7150 7151
f 7153 7152 7154
f 7151 7152 7153
f 7155 7154 7156
f 7153 7154 7155
f 7157 7156 7158
f 7155 7156 7157
f 7159 7158 7160
f 7157 7158 7159
f 7161 7160 7162
f 7159 7160 7161
f 7163 7162 7164
f 7161 7162 7163
f 7165 7164 7166
f 7163 7164 7165
f 7167 7166 7168
f 7165 7166 7167
f 7169 7168 7170
f 7167 7168 7169
f 7171 7170 7172
f 7169 7170 7171
f 7173 7172 7174
f 7171 7172 7173
f 7175 7174 7176
f 7173 7174 7175
f 7177 7176 7178
f 7175 7176 7177
f 7179 7178 7180
f 7177 7178 7179
f 7181 7180 7182
f 7179 7180 7181
f 7183 7182 7184
f 7181 7182 7183
f 7185 7184 7186
f 7183 7184 7185
f 7187 7186 7188
f 7185 7186 7187
f 7189 7188 7190
f 7187 7188 7189
f 7191 7190 7192
f 7189 7190 7191
f 7193 7192 7194
f 7191 7192 7193
f 7195 7194 7196
f 7193 7194 7195
f 7197 7196 7198
f 7195 7196 7197
f 7199 7198 7200
f 7197 7198 7199
f 7201 7200 7202
f 7199 7200 7201
f 7203 7202 7204
f 7201 7202 7203
f 7205 7204 7206
f 7203 7204 7205
f 7207 7206 7208
f 7205 7206 7207
f 6812 7209 7208
f 7207 7208 7209
f 6810 6813 6811
f 6812 7208 6813
f 7210 7211 7212
f 7212 7213 7214
f 7211 7210 7215
f 7216 7217 7218
f 7219 7220 7221
f 7222 7223 7224
f 7225 7223 7222
f 7224 7226 7227
f 7224 7227 7222
f 7228 7229 7226
f 7229 7227 7226
f 7230 7229 7231
f 7230 7231 7232
f 7233 7234 7235
f 7233 7235 7236
f 7237 7238 7239
f 7240 7237 7241
f 7242 7241 7243
f 7244 7243 7245
f 7244 7245 7246
f 7245 7247 7246
f 7247 7248 7246
f 7249 7248 7247
f 7250 7248 7249
f 7251 7250 7249
f 7252 7253 7250
f 7250 7251 7252
f 7254 7253 7252
f 7254 7252 7255
f 7256 7254 7255
f 7257 7256 7255
f 7258 7256 7257
f 7259 7258 7257
f 7260 7258 7259
f 7261 7260 7259
f 7262 7263 7260
f 7260 7261 7262
f 7244 7242 7243
f 7240 7241 7242
f 7238 7237 7240
f 7239 7234 7264
f 7238 7234 7239
f 7234 7233 7264
f 7236 7235 7232
f 7231 7236 7232
f 7229 7228 7231
f 7225 7265 7223
f 7223 7265 7266
f 7266 7265 7267
f 7219 7266 7267
f 7220 7219 7267
f 7220 7268 7221
f 7221 7268 7269
f 7269 7268 7270
f 7270 7271 7272
f 7272 7269 7270
f 7271 7273 7272
f 7271 7274 7273
f 7273 7274 7275
f 7218 7217 7275
f 7275 7274 7218
f 7218 7276 7216
f 7216 7276 7277
f 7277 7276 7215
f 7210 7277 7215
f 7211 7213 7212
f 7278 7279 7213
f 7279 7214 7213
f 7280 7281 7278
f 7279 7278 7281
f 7282 7283 7280
f 7283 7281 7280
f 7282 7284 7283
f 7284 7285 7286
f 7282 7285 7284
f 7287 7288 7289
f 7290 7291 7292
f 7293 7294 7295
f 7296 7294 7297
f 7298 7299 7300
f 7301 7302 7303
f 7304 7305 7306
f 7307 7308 7309
f 7310 7311 7312
f 7313 7314 7305
f 7315 7316 7317
f 7318 7319 7312
f 7320 7321 7322
f 7323 7317 7324
f 7325 7326 7327
f 7328 7329 7330
f 7331 7332 7333
f 7334 7335 7336
f 7337 7338 7339
f 7340 7341 7342
f 7343 7344 7345
f 7346 7347 7348
f 7349 7350 7351
f 7352 7353 7354
f 7355 7356 7357
f 7358 7359 7360
f 7290 7361 7362
f 7363 7364 7365
f 7366 7367 7368
f 7369 7363 7351
f 7370 7371 7372
f 7365 7373 7360
f 7374 7375 7376
f 7377 7378 7368
f 7379 7380 7381
f 7381 7292 7382
f 7378 7383 7356
f 7355 7384 7385
f 7386 7361 7385
f 7359 7387 7366
f 7380 7388 7370
f 7352 7389 7349
f 7390 7391 7343
f 7392 7353 7391
f 7344 7393 7394
f 7372 7395 7374
f 7346 7376 7396
f 7397 7348 7398
f 7338 7399 7393
f 7400 7339 7401
f 7340 7397 7402
f 7403 7404 7342
f 7401 7333 7405
f 7406 7407 7331
f 7408 7335 7404
f 7334 7409 7410
f 7411 7406 7325
f 7326 7322 7412
f 7328 7410 7413
f 7321 7320 7414
f 7415 7416 7330
f 7320 7417 7414
f 7416 7418 7419
f 7318 7316 7420
f 7311 7421 7313
f 7422 7308 7304
f 7307 7423 7424
f 7302 7424 7425
f 7426 7301 7427
f 7428 7300 7426
f 7299 7429 7297
f 7430 7431 7293
f 7431 7432 7433
f 7434 7433 7435
f 7436 7289 7437
f 7438 7437 7434
f 7288 7439 7440
f 7441 7440 7442
f 7443 7444 7441
f 7444 7445 7446
f 7447 7446 7448
f 7449 7450 7447
f 7450 7451 7452
f 7453 7452 7454
f 7455 7456 7453
f 7456 7457 7458
f 7459 7458 7460
f 7461 7459 7462
f 7463 7464 7461
f 7464 7465 7466
f 7467 7466 7468
f 7469 7470 7467
f 7470 7471 7472
f 7473 7472 7474
f 7475 7476 7473
f 7477 7478 7476
f 7478 7479 7480
f 7481 7480 7482
f 7483 7484 7481
f 7484 7485 7486
f 7487 7486 7488
f 7419 7489 7324
f 7322 7321 7412
f 7326 7412 7327
f 7325 7327 7411
f 7406 7411 7407
f 7331 7407 7332
f 7333 7332 7405
f 7401 7405 7400
f 7339 7400 7337
f 7338 7337 7399
f 7393 7399 7394
f 7344 7394 7345
f 7343 7345 7390
f 7391 7390 7392
f 7353 7392 7354
f 7352 7354 7389
f 7349 7389 7350
f 7351 7350 7369
f 7363 7369 7364
f 7365 7364 7373
f 7360 7373 7358
f 7359 7358 7387
f 7366 7387 7367
f 7368 7367 7377
f 7378 7377 7383
f 7356 7383 7357
f 7355 7357 7384
f 7385 7384 7386
f 7361 7386 7362
f 7290 7362 7291
f 7292 7291 7382
f 7381 7382 7379
f 7380 7379 7388
f 7370 7388 7371
f 7372 7371 7395
f 7374 7395 7375
f 7376 7375 7396
f 7346 7396 7347
f 7348 7347 7398
f 7397 7398 7402
f 7340 7402 7341
f 7342 7341 7403
f 7404 7403 7408
f 7335 7408 7336
f 7334 7336 7409
f 7410 7409 7413
f 7328 7413 7329
f 7330 7329 7415
f 7416 7415 7418
f 7419 7418 7489
f 7324 7489 7323
f 7317 7323 7315
f 7316 7315 7420
f 7318 7420 7319
f 7312 7319 7310
f 7311 7310 7421
f 7313 7421 7314
f 7305 7314 7306
f 7304 7306 7422
f 7308 7422 7309
f 7307 7309 7423
f 7424 7423 7425
f 7302 7425 7303
f 7301 7303 7427
f 7426 7427 7428
f 7300 7428 7298
f 7299 7298 7429
f 7297 7429 7296
f 7294 7296 7295
f 7293 7295 7430
f 7431 7430 7432
f 7433 7432 7435
f 7434 7435 7438
f 7437 7438 7436
f 7289 7436 7287
f 7288 7287 7439
f 7440 7439 7442
f 7441 7442 7443
f 7444 7443 7445
f 7446 7445 7448
f 7447 7448 7449
f 7450 7449 7451
f 7452 7451 7454
f 7453 7454 7455
f 7456 7455 7457
f 7458 7457 7460
f 7459 7460 7462
f 7461 7462 7463
f 7464 7463 7465
f 7466 7465 7468
f 7467 7468 7469
f 7470 7469 7471
f 7472 7471 7474
f 7473 7474 7475
f 7476 7475 7477
f 7478 7477 7479
f 7480 7479 7482
f 7481 7482 7483
f 7484 7483 7485
f 7486 7485 7488
f 7487 7488 7490
f 7491 7490 7492
f 7487 7490 7491
f 7493 7492 7494
f 7491 7492 7493
f 7495 7494 7496
f 7493 7494 7495
f 7497 7496 7498
f 7495 7496 7497
f 7499 7498 7500
f 7497 7498 7499
f 7501 7500 7502
f 7499 7500 7501
f 7503 7502 7504
f 7501 7502 7503
f 7505 7504 7506
f 7503 7504 7505
f 7507 7506 7508
f 7505 7506 7507
f 7509 7508 7510
f 7507 7508 7509
f 7511 7510 7512
f 7509 7510 7511
f 7513 7512 7514
f 7511 7512 7513
f 7515 7514 7516
f 7513 7514 7515
f 7517 7516 7518
f 7515 7516 7517
f 7519 7518 7520
f 7517 7518 7519
f 7521 7520 7522
f 7519 7520 7521
f 7523 7522 7524
f 7521 7522 7523
f 7525 7524 7526
f 7523 7524 7525
f 7527 7526 7528
f 7525 7526 7527
f 7529 7528 7530
f 7527 7528 7529
f 7531 7530 7532
f 7529 7530 7531
f 7533 7532 7534
f 7531 7532 7533
f 7535 7534 7536
f 7533 7534 7535
f 7537 7536 7538
f 7535 7536 7537
f 7539 7538 7540
f 7537 7538 7539
f 7541 7540 7542
f 7539 7540 7541
f 7543 7542 7544
f 7541 7542 7543
f 7545 7544 7546
f 7543 7544 7545
f 7547 7546 7548
f 7545 7546 7547
f 7549 7548 7550
f 7547 7548 7549
f 7551 7550 7552
f 7549 7550 7551
f 7553 7552 7554
f 7551 7552 7553
f 7555 7554 7556
f 7553 7554 7555
f 7557 7556 7558
f 7555 7556 7557
f 7559 7558 7560
f 7557 7558 7559
f 7561 7560 7562
f 7559 7560 7561
f 7563 7562 7564
f 7561 7562 7563
f 7565 7564 7566
f 7563 7564 7565
f 7567 7566 7568
f 7565 7566 7567
f 7569 7568 7570
f 7567 7568 7569
f 7571 7570 7572
f 7569 7570 7571
f 7573 7572 7574
f 7571 7572 7573
f 7575 7574 7576
f 7573 7574 7575
f 7577 7576 7578
f 7575 7576 7577
f 7579 7578 7580
f 7577 7578 7579
f 7581 7580 7582
f 7579 7580 7581
f 7583 7582 7584
f 7581 7582 7583
f 7585 7584 7586
f 7583 7584 7585
f 7587 7586 7588
f 7585 7586 7587
f 7589 7588 7590
f 7587 7588 7589
f 7591 7590 7592
f 7589 7590 7591
f 7593 7592 7594
f 7591 7592 7593
f 7595 7594 7596
f 7593 7594 7595
f 7597 7596 7598
f 7595 7596 7597
f 7599 7598 7600
f 7597 7598 7599
f 7601 7600 7602
f 7599 7600 7601
f 7603 7602 7604
f 7601 7602 7603
f 7605 7604 7606
f 7603 7604 7605
f 7607 7606 7608
f 7605 7606 7607
f 7609 7608 7610
f 7607 7608 7609
f 7611 7610 7612
f 7609 7610 7611
f 7613 7612 7614
f 7611 7612 7613
f 7615 7614 7616
f 7613 7614 7615
f 7617 7616 7618
f 7615 7616 7617
f 7619 7618 7620
f 7617 7618 7619
f 7621 7620 7622
f 7619 7620 7621
f 7623 7622 7624
f 7621 7622 7623
f 7625 7624 7626
f 7623 7624 7625
f 7627 7626 7628
f 7625 7626 7627
f 7629 7628 7630
f 7627 7628 7629
f 7631 7630 7632
f 7629 7630 7631
f 7633 7632 7634
f 7631 7632 7633
f 7635 7634 7636
f 7633 7634 7635
f 7637 7636 7638
f 7635 7636 7637
f 7639 7638 7640
f 7637 7638 7639
f 7641 7640 7642
f 7639 7640 7641
f 7643 7642 7644
f 7641 7642 7643
f 7645 7644 7646
f 7643 7644 7645
f 7647 7646 7648
f 7645 7646 7647
f 7649 7648 7650
f 7647 7648 7649
f 7651 7650 7652
f 7649 7650 7651
f 7653 7652 7654
f 7651 7652 7653
f 7655 7654 7656
f 7653 7654 7655
f 7657 7656 7658
f 7655 7656 7657
f 7659 7658 7660
f 7657 7658 7659
f 7661 7660 7662
f 7659 7660 7661
f 7663 7662 7664
f 7661 7662 7663
f 7665 7664 7666
f 7663 7664 7665
f 7667 7666 7668
f 7665 7666 7667
f 7669 7668 7670
f 7667 7668 7669
f 7671 7670 7672
f 7669 7670 7671
f 7673 7672 7674
f 7671 7672 7673
f 7675 7674 7676
f 7673 7674 7675
f 7677 7676 7678
f 7675 7676 7677
f 7679 7678 7680
f 7677 7678 7679
f 7681 7680 7682
f 7679 7680 7681
f 7683 7682 7684
f 7681 7682 7683
f 7685 7684 7686
f 7683 7684 7685
f 7687 7686 7688
f 7685 7686 7687
f 7689 7688 7690
f 7687 7688 7689
f 7414 7417 7690
f 7689 7690 7417
f 7691 7692 7693
f 7694 7695 7696
f 7697 7698 7699
f 7691 7700 7692
f 7701 7702 7703
f 7703 7697 7704
f 7705 7706 7707
f 7708 7709 7710
f 7711 7712 7713
f 7714 7715 7716
f 7717 7718 7719
f 7712 7720 7713
f 7721 7722 7723
f 7724 7717 7725
f 7726 7727 7728
f 7722 7729 7723
f 7730 7731 7732
f 7733 7734 7735
f 7736 7737 7738
f 7739 7740 7741
f 7742 7743 7744
f 7745 7746 7747
f 7748 7749 7750
f 7751 7752 7753
f 7754 7755 7756
f 7757 7758 7759
f 7760 7761 7762
f 7756 7763 7764
f 7765 7766 7767
f 7694 7696 7761
f 7695 7765 7767
f 7768 7769 7770
f 7771 7770 7772
f 7694 7761 7760
f 7773 7769 7766
f 7769 7774 7775
f 7773 7776 7769
f 7769 7768 7767
f 7772 7770 7775
f 7766 7777 7773
f 7769 7767 7766
f 7769 7775 7770
f 7778 7695 7694
f 7695 7778 7765
f 7764 7762 7779
f 7762 7761 7779
f 7754 7756 7764
f 7763 7762 7764
f 7755 7757 7780
f 7755 7754 7757
f 7780 7757 7759
f 7749 7748 7759
f 7758 7749 7759
f 7750 7752 7751
f 7748 7750 7751
f 7753 7744 7743
f 7753 7752 7744
f 7746 7742 7747
f 7746 7743 7742
f 7738 7745 7736
f 7736 7745 7747
f 7739 7741 7737
f 7737 7741 7738
f 7731 7730 7740
f 7739 7731 7740
f 7732 7734 7733
f 7730 7732 7733
f 7735 7728 7727
f 7735 7734 7728
f 7729 7726 7723
f 7729 7727 7726
f 7781 7721 7782
f 7722 7721 7781
f 7724 7725 7782
f 7781 7782 7725
f 7719 7718 7783
f 7724 7718 7717
f 7783 7720 7784
f 7784 7719 7783
f 7711 7713 7785
f 7720 7712 7784
f 7715 7785 7716
f 7785 7715 7711
f 7707 7714 7705
f 7705 7714 7716
f 7708 7710 7706
f 7706 7710 7707
f 7702 7701 7709
f 7708 7702 7709
f 7699 7704 7697
f 7701 7703 7704
f 7698 7786 7787
f 7699 7698 7787
f 7788 7786 7693
f 7786 7788 7787
f 7691 7789 7700
f 7788 7693 7692
f 7790 7791 7789
f 7700 7789 7791
f 7792 7791 7790
f 7793 7792 7790
f 7794 7793 7795
f 7793 7794 7792
f 7796 7797 7795
f 7794 7795 7797
f 7796 7798 7799
f 7799 7797 7796
f 7800 7798 7801
f 7798 7800 7799
f 7802 7803 7801
f 7800 7801 7803
f 7802 7804 7805
f 7805 7803 7802
f 7806 7804 7807
f 7804 7806 7805
f 7808 7809 7807
f 7806 7807 7809
f 7808 7810 7811
f 7811 7809 7808
f 7812 7810 7813
f 7810 7812 7811
f 7812 7813 7814
f 7814 7815 7816
f 7815 7814 7813
f 7817 7816 7818
f 7815 7818 7816
f 7819 7820 7817
f 7817 7818 7819
f 7820 7821 7822
f 7821 7820 7819
f 7823 7822 7824
f 7821 7824 7822
f 7825 7826 7823
f 7823 7824 7825
f 7826 7827 7828
f 7827 7826 7825
f 7829 7828 7830
f 7827 7830 7828
f 7831 7832 7829
f 7829 7830 7831
f 7832 7833 7834
f 7833 7832 7831
f 7835 7834 7836
f 7833 7836 7834
f 7837 7838 7835
f 7835 7836 7837
f 7838 7839 7840
f 7839 7838 7837
f 7841 7840 7842
f 7839 7842 7840
f 7843 7844 7845
f 7841 7842 7844
f 7846 7847 7848
f 7846 7849 7850
f 7851 7852 7853
f 7854 7855 7856
f 7857 7858 7859
f 7860 7861 7862
f 7863 7864 7865
f 7863 7866 7867
f 7868 7869 7870
f 7871 7872 7873
f 7872 7870 7873
f 7868 7874 7869
f 7870 7872 7875
f 7876 7877 7878
f 7868 7879 7880
f 7881 7877 7876
f 7868 7882 7876
f 7868 7870 7879
f 7877 7883 7884
f 7883 7877 7885
f 7884 7886 7878
f 7878 7877 7884
f 7878 7887 7874
f 7876 7878 7874
f 7888 7869 7874
f 7868 7876 7874
f 7873 7870 7869
f 7869 7889 7873
f 7872 7871 7865
f 7873 7890 7871
f 7891 7863 7865
f 7864 7872 7865
f 7866 7859 7867
f 7866 7863 7891
f 7857 7862 7858
f 7866 7857 7859
f 7861 7860 7851
f 7858 7862 7861
f 7853 7852 7854
f 7851 7860 7852
f 7847 7856 7855
f 7856 7853 7854
f 7849 7846 7848
f 7848 7847 7855
f 7850 7892 7845
f 7850 7849 7892
f 7844 7843 7841
f 7892 7843 7845
f 7893 7894 7895
f 7896 7897 7898
f 7898 7899 7896
f 7900 7901 7902
f 7903 7904 7905
f 7905 7906 7903
f 7907 7908 7909
f 7910 7911 7912
f 7913 7914 7912
f 7913 7912 7911
f 7915 7914 7916
f 7914 7913 7916
f 7916 7917 7915
f 7917 7918 7915
f 7919 7918 7920
f 7921 7919 7922
f 7923 7924 7925
f 7926 7925 7927
f 7928 7927 7929
f 7928 7929 7930
f 7931 7930 7929
f 7932 7930 7931
f 7933 7932 7931
f 7934 7932 7933
f 7934 7933 7935
f 7936 7935 7937
f 7935 7936 7934
f 7937 7938 7936
f 7938 7939 7936
f 7939 7938 7940
f 7939 7940 7941
f 7940 7942 7941
f 7942 7943 7941
f 7943 7942 7944
f 7943 7944 7945
f 7926 7927 7928
f 7923 7925 7926
f 7924 7946 7921
f 7923 7946 7924
f 7921 7946 7919
f 7920 7922 7919
f 7918 7917 7920
f 7911 7910 7947
f 7947 7910 7948
f 7949 7947 7948
f 7950 7949 7948
f 7950 7951 7949
f 7949 7951 7908
f 7951 7909 7908
f 7909 7952 7907
f 7907 7952 7953
f 7954 7906 7953
f 7953 7952 7954
f 7954 7903 7906
f 7901 7905 7904
f 7904 7902 7901
f 7955 7900 7902
f 7956 7899 7955
f 7899 7900 7955
f 7956 7896 7899
f 7957 7898 7897
f 7958 7895 7957
f 7958 7957 7897
f 7893 7895 7958
f 7959 7960 7961
f 7962 7963 7964
f 7965 7964 7963
f 7966 7967 7968
f 7969 7970 7971
f 7972 7971 7973
f 7973 7971 7970
f 7974 7975 7976
f 7977 7978 7979
f 7980 7981 7982
f 7983 7981 7980
f 7982 7984 7985
f 7982 7985 7980
f 7986 7987 7984
f 7987 7985 7984
f 7988 7987 7986
f 7988 7989 7990
f 7986 7989 7988
f 7991 7990 7992
f 7993 7994 7995
f 7996 7995 7997
f 7998 7999 8000
f 8000 7997 7998
f 7999 8001 8002
f 8001 7999 7998
f 8002 8003 8004
f 8003 8002 8001
f 8004 8003 8005
f 8006 8004 8005
f 8006 8005 8007
f 8008 8006 8009
f 8007 8009 8006
f 8010 8011 8008
f 8008 8009 8010
f 8012 8011 8013
f 8010 8013 8011
f 8014 8015 8012
f 8012 8013 8014
f 7996 7997 8000
f 7993 7995 7996
f 7994 8016 7991
f 7993 8016 7994
f 7991 8016 7990
f 7989 7992 7990
f 7983 7979 7981
f 7981 7979 7978
f 8017 7978 7977
f 7977 8018 8017
f 8017 8018 7975
f 8018 7976 7975
f 7976 8019 7974
f 7974 8019 8020
f 8021 7972 8020
f 8020 8019 8021
f 8021 7971 7972
f 7966 7970 7969
f 7969 7967 7966
f 8022 7968 7967
f 8023 7965 8022
f 7965 7968 8022
f 8023 7964 7965
f 8024 7963 7962
f 8025 7959 8024
f 8025 8024 7962
f 7960 7959 8025
f 8026 8027 8028
f 8029 8030 8031
f 8032 8033 8034
f 8035 8036 8037
f 8038 8039 8040
f 8041 8042 8043
f 8044 8045 8046
f 8047 8048 8049
f 8050 8051 8052
f 8053 8054 8055
f 8056 8057 8058
f 8059 8060 8061
f 8062 8063 8064
f 8065 8066 8067
f 8068 8069 8070
f 8071 8072 8073
f 8074 8075 8076
f 8077 8078 8079
f 8080 8081 8082
f 8083 8084 8085
f 8086 8087 8088
f 8089 8090 8091
f 8092 8093 8094
f 8095 8096 8097
f 8098 8099 8100
f 8101 8102 8103
f 8104 8105 8106
f 8107 8108 8109
f 8110 8111 8112
f 8113 8114 8115
f 8116 8117 8118
f 8119 8120 8121
f 8122 8123 8124
f 8125 8126 8127
f 8128 8129 8130
f 8124 8131 8132
f 8133 8134 8135
f 8133 8136 8137
f 8138 8139 8140
f 8140 8141 8142
f 8143 8144 8145
f 8146 8147 8145
f 8148 8149 8150
f 8151 8143 8152
f 8153 8154 8155
f 8148 8156 8154
f 8157 8158 8159
f 8153 8160 8158
f 8161 8162 8163
f 8157 8164 8162
f 8165 8166 8167
f 8168 8167 8166
f 8169 8170 8165
f 8165 8167 8169
f 8170 8171 8172
f 8171 8170 8169
f 8173 8172 8174
f 8171 8174 8172
f 8175 8176 8173
f 8173 8174 8175
f 8176 8177 8178
f 8177 8176 8175
f 8179 8178 8180
f 8177 8180 8178
f 8181 8182 8179
f 8179 8180 8181
f 8182 8183 8184
f 8183 8182 8181
f 8185 8184 8186
f 8183 8186 8184
f 8187 8188 8185
f 8185 8186 8187
f 8188 8189 8190
f 8189 8188 8187
f 8191 8190 8192
f 8189 8192 8190
f 8193 8194 8191
f 8191 8192 8193
f 8194 8195 8196
f 8195 8194 8193
f 8197 8196 8198
f 8195 8198 8196
f 8199 8200 8197
f 8197 8198 8199
f 8200 8201 8202
f 8201 8200 8199
f 8203 8202 8204
f 8201 8204 8202
f 8205 8206 8203
f 8203 8204 8205
f 8206 8207 8208
f 8207 8206 8205
f 8209 8208 8210
f 8207 8210 8208
f 8211 8212 8209
f 8209 8210 8211
f 8212 8213 8214
f 8213 8212 8211
f 8215 8214 8216
f 8213 8216 8214
f 8161 8168 8166
f 8215 8216 8217
f 8168 8161 8163
f 8163 8162 8164
f 8158 8160 8159
f 8157 8159 8164
f 8150 8149 8152
f 8155 8160 8153
f 8148 8150 8156
f 8155 8154 8156
f 8152 8149 8151
f 8151 8144 8143
f 8136 8130 8137
f 8146 8139 8147
f 8145 8144 8146
f 8142 8138 8140
f 8138 8147 8139
f 8142 8141 8134
f 8133 8135 8136
f 8135 8134 8141
f 8131 8129 8128
f 8130 8129 8137
f 8123 8122 8127
f 8122 8124 8132
f 8128 8132 8131
f 8125 8116 8126
f 8123 8127 8126
f 8118 8119 8121
f 8117 8119 8118
f 8116 8125 8117
f 8121 8120 8111
f 8113 8110 8114
f 8110 8112 8114
f 8112 8111 8120
f 8109 8108 8105
f 8113 8115 8106
f 8109 8105 8104
f 8115 8104 8106
f 8098 8107 8099
f 8108 8107 8098
f 8101 8100 8218
f 8100 8099 8218
f 8091 8088 8089
f 8103 8102 8094
f 8102 8101 8218
f 8092 8219 8093
f 8094 8093 8103
f 8086 8096 8095
f 8219 8097 8096
f 8092 8097 8219
f 8049 8048 8045
f 8087 8089 8088
f 8086 8095 8087
f 8091 8090 8220
f 8082 8220 8090
f 8063 8062 8221
f 8080 8222 8081
f 8082 8081 8220
f 8076 8075 8223
f 8222 8085 8084
f 8080 8085 8222
f 8074 8083 8075
f 8084 8083 8074
f 8077 8076 8223
f 8078 8077 8223
f 8079 8070 8069
f 8070 8079 8078
f 8068 8073 8224
f 8224 8069 8068
f 8073 8072 8224
f 8221 8071 8063
f 8072 8071 8221
f 8064 8066 8065
f 8065 8062 8064
f 8059 8225 8060
f 8226 8067 8066
f 8226 8058 8067
f 8056 8061 8057
f 8226 8056 8058
f 8057 8061 8060
f 8050 8225 8051
f 8225 8059 8051
f 8054 8053 8052
f 8053 8050 8052
f 8227 8046 8055
f 8227 8055 8054
f 8049 8045 8044
f 8227 8044 8046
f 8047 8228 8048
f 8033 8032 8035
f 8228 8047 8039
f 8035 8032 8036
f 8041 8038 8040
f 8038 8228 8039
f 8042 8041 8040
f 8034 8033 8043
f 8034 8043 8042
f 8229 8027 8026
f 8030 8037 8036
f 8031 8026 8028
f 8031 8028 8029
f 8037 8030 8029
f 8230 8231 8232
f 8233 8234 8235
f 8236 8237 8238
f 8239 8240 8241
f 8242 8243 8244
f 8245 8246 8247
f 8248 8249 8250
f 8251 8252 8253
f 8254 8255 8256
f 8257 8258 8259
f 8260 8261 8262
f 8263 8264 8265
f 8266 8267 8268
f 8269 8270 8271
f 8272 8273 8274
f 8275 8276 8277
f 8278 8279 8280
f 8281 8282 8283
f 8284 8285 8286
f 8287 8288 8289
f 8290 8291 8292
f 8293 8294 8295
f 8296 8297 8298
f 8299 8300 8301
f 8302 8303 8304
f 8305 8306 8307
f 8308 8309 8310
f 8311 8312 8313
f 8314 8315 8316
f 8317 8318 8319
f 8320 8321 8322
f 8323 8324 8325
f 8326 8327 8328
f 8329 8330 8331
f 8332 8333 8331
f 8334 8335 8336
f 8337 8338 8339
f 8340 8341 8342
f 8336 8343 8344
f 8345 8346 8347
f 8348 8349 8342
f 8350 8351 8352
f 8350 8353 8346
f 8354 8355 8356
f 8356 8357 8358
f 8359 8360 8361
f 8361 8355 8362
f 8363 8364 8365
f 8365 8360 8366
f 8367 8368 8369
f 8370 8364 8371
f 8367 8372 8373
f 8373 8368 8367
f 8374 8372 8375
f 8372 8374 8373
f 8376 8377 8375
f 8374 8375 8377
f 8376 8378 8379
f 8379 8377 8376
f 8380 8378 8381
f 8378 8380 8379
f 8382 8383 8381
f 8380 8381 8383
f 8382 8384 8385
f 8385 8383 8382
f 8386 8384 8387
f 8384 8386 8385
f 8388 8389 8387
f 8386 8387 8389
f 8388 8390 8391
f 8391 8389 8388
f 8392 8390 8393
f 8390 8392 8391
f 8394 8395 8393
f 8392 8393 8395
f 8394 8396 8397
f 8397 8395 8394
f 8398 8396 8399
f 8396 8398 8397
f 8400 8401 8399
f 8398 8399 8401
f 8400 8402 8403
f 8403 8401 8400
f 8404 8402 8405
f 8402 8404 8403
f 8406 8407 8405
f 8404 8405 8407
f 8406 8408 8409
f 8409 8407 8406
f 8410 8408 8411
f 8408 8410 8409
f 8412 8413 8411
f 8410 8411 8413
f 8412 8414 8415
f 8415 8413 8412
f 8416 8414 8417
f 8414 8416 8415
f 8418 8419 8417
f 8416 8417 8419
f 8418 8420 8421
f 8421 8419 8418
f 8368 8370 8369
f 8369 8370 8371
f 8371 8364 8363
f 8365 8366 8363
f 8357 8351 8358
f 8361 8362 8359
f 8366 8360 8359
f 8356 8358 8354
f 8362 8355 8354
f 8344 8334 8336
f 8351 8357 8352
f 8349 8345 8347
f 8350 8352 8353
f 8353 8347 8346
f 8348 8345 8349
f 8348 8342 8341
f 8344 8343 8340
f 8343 8341 8340
f 8335 8339 8338
f 8339 8335 8334
f 8337 8329 8338
f 8337 8330 8329
f 8324 8323 8333
f 8324 8333 8332
f 8330 8332 8331
f 8325 8326 8323
f 8321 8318 8317
f 8326 8325 8327
f 8320 8311 8313
f 8318 8328 8319
f 8328 8327 8319
f 8320 8322 8311
f 8322 8321 8317
f 8301 8310 8422
f 8316 8313 8312
f 8306 8315 8314
f 8312 8314 8316
f 8307 8308 8305
f 8315 8306 8305
f 8309 8422 8310
f 8308 8307 8309
f 8275 8277 8423
f 8304 8300 8299
f 8299 8301 8422
f 8304 8303 8300
f 8297 8289 8298
f 8424 8302 8294
f 8302 8424 8303
f 8424 8294 8293
f 8296 8295 8297
f 8293 8295 8296
f 8288 8287 8425
f 8288 8298 8289
f 8292 8291 8425
f 8292 8425 8287
f 8278 8270 8426
f 8427 8290 8282
f 8290 8427 8291
f 8427 8282 8281
f 8284 8283 8285
f 8281 8283 8284
f 8277 8286 8423
f 8286 8285 8423
f 8275 8280 8276
f 8426 8279 8278
f 8280 8279 8276
f 8270 8269 8426
f 8428 8271 8273
f 8269 8271 8428
f 8272 8274 8265
f 8272 8428 8273
f 8429 8252 8251
f 8264 8263 8430
f 8263 8265 8274
f 8267 8266 8258
f 8430 8266 8268
f 8430 8268 8264
f 8267 8258 8257
f 8259 8431 8257
f 8261 8260 8431
f 8431 8259 8261
f 8253 8260 8262
f 8251 8253 8262
f 8429 8256 8252
f 8429 8254 8256
f 8255 8246 8245
f 8254 8246 8255
f 8249 8432 8247
f 8245 8247 8432
f 8248 8250 8241
f 8248 8432 8249
f 8244 8240 8239
f 8239 8241 8250
f 8233 8243 8242
f 8244 8243 8240
f 8236 8235 8234
f 8242 8234 8233
f 8232 8433 8230
f 8238 8237 8231
f 8235 8236 8238
f 8231 8237 8232
f 8434 8435 8436
f 8437 8438 8439
f 8440 8441 8442
f 8443 8444 8445
f 8446 8447 8448
f 8449 8450 8451
f 8452 8453 8454
f 8455 8456 8457
f 8458 8459 8460
f 8461 8462 8463
f 8464 8465 8466
f 8467 8468 8469
f 8470 8471 8472
f 8473 8474 8475
f 8476 8477 8478
f 8479 8480 8481
f 8482 8483 8484
f 8485 8486 8487
f 8488 8489 8490
f 8491 8492 8493
f 8494 8495 8496
f 8497 8498 8499
f 8500 8501 8502
f 8503 8504 8505
f 8506 8507 8508
f 8509 8510 8511
f 8512 8513 8514
f 8515 8516 8517
f 8518 8519 8520
f 8521 8522 8523
f 8524 8525 8526
f 8527 8528 8529
f 8530 8531 8532
f 8533 8534 8535
f 8536 8537 8538
f 8532 8539 8540
f 8541 8542 8543
f 8541 8544 8545
f 8546 8547 8548
f 8548 8549 8550
f 8551 8552 8553
f 8554 8555 8553
f 8556 8557 8558
f 8559 8551 8560
f 8561 8562 8563
f 8556 8564 8562
f 8565 8566 8567
f 8561 8568 8566
f 8569 8570 8571
f 8565 8572 8570
f 8573 8574 8575
f 8576 8575 8574
f 8577 8578 8573
f 8573 8575 8577
f 8578 8579 8580
f 8579 8578 8577
f 8581 8580 8582
f 8579 8582 8580
f 8583 8584 8581
f 8581 8582 8583
f 8584 8585 8586
f 8585 8584 8583
f 8587 8586 8588
f 8585 8588 8586
f 8589 8590 8587
f 8587 8588 8589
f 8590 8591 8592
f 8591 8590 8589
f 8593 8592 8594
f 8591 8594 8592
f 8595 8596 8593
f 8593 8594 8595
f 8596 8597 8598
f 8597 8596 8595
f 8599 8598 8600
f 8597 8600 8598
f 8601 8602 8599
f 8599 8600 8601
f 8602 8603 8604
f 8603 8602 8601
f 8605 8604 8606
f 8603 8606 8604
f 8607 8608 8605
f 8605 8606 8607
f 8608 8609 8610
f 8609 8608 8607
f 8611 8610 8612
f 8609 8612 8610
f 8613 8614 8611
f 8611 8612 8613
f 8614 8615 8616
f 8615 8614 8613
f 8617 8616 8618
f 8615 8618 8616
f 8619 8620 8617
f 8617 8618 8619
f 8620 8621 8622
f 8621 8620 8619
f 8623 8622 8624
f 8621 8624 8622
f 8569 8576 8574
f 8623 8624 8625
f 8576 8569 8571
f 8571 8570 8572
f 8566 8568 8567
f 8565 8567 8572
f 8558 8557 8560
f 8563 8568 8561
f 8556 8558 8564
f 8563 8562 8564
f 8560 8557 8559
f 8559 8552 8551
f 8544 8538 8545
f 8554 8547 8555
f 8553 8552 8554
f 8550 8546 8548
f 8546 8555 8547
f 8550 8549 8542
f 8541 8543 8544
f 8543 8542 8549
f 8539 8537 8536
f 8538 8537 8545
f 8531 8530 8535
f 8530 8532 8540
f 8536 8540 8539
f 8533 8524 8534
f 8531 8535 8534
f 8526 8527 8529
f 8525 8527 8526
f 8524 8533 8525
f 8529 8528 8519
f 8521 8518 8522
f 8518 8520 8522
f 8520 8519 8528
f 8517 8516 8513
f 8521 8523 8514
f 8517 8513 8512
f 8523 8512 8514
f 8506 8515 8507
f 8516 8515 8506
f 8509 8508 8626
f 8508 8507 8626
f 8499 8496 8497
f 8511 8510 8502
f 8510 8509 8626
f 8500 8627 8501
f 8502 8501 8511
f 8494 8504 8503
f 8627 8505 8504
f 8500 8505 8627
f 8457 8456 8453
f 8495 8497 8496
f 8494 8503 8495
f 8499 8498 8628
f 8490 8628 8498
f 8471 8470 8629
f 8488 8630 8489
f 8490 8489 8628
f 8484 8483 8631
f 8630 8493 8492
f 8488 8493 8630
f 8482 8491 8483
f 8492 8491 8482
f 8485 8484 8631
f 8486 8485 8631
f 8487 8478 8477
f 8478 8487 8486
f 8476 8481 8632
f 8632 8477 8476
f 8481 8480 8632
f 8629 8479 8471
f 8480 8479 8629
f 8472 8474 8473
f 8473 8470 8472
f 8467 8633 8468
f 8634 8475 8474
f 8634 8466 8475
f 8464 8469 8465
f 8634 8464 8466
f 8465 8469 8468
f 8458 8633 8459
f 8633 8467 8459
f 8462 8461 8460
f 8461 8458 8460
f 8635 8454 8463
f 8635 8463 8462
f 8457 8453 8452
f 8635 8452 8454
f 8455 8636 8456
f 8441 8440 8443
f 8636 8455 8447
f 8443 8440 8444
f 8449 8446 8448
f 8446 8636 8447
f 8450 8449 8448
f 8442 8441 8451
f 8442 8451 8450
f 8637 8435 8434
f 8438 8445 8444
f 8439 8434 8436
f 8439 8436 8437
f 8445 8438 8437
f 8638 8639 8640
f 8641 8642 8643
f 8644 8645 8646
f 8647 8648 8649
f 8650 8651 8652
f 8653 8654 8655
f 8656 8657 8658
f 8659 8660 8661
f 8662 8663 8664
f 8665 8666 8667
f 8668 8669 8670
f 8671 8672 8673
f 8674 8675 8676
f 8677 8678 8679
f 8680 8681 8682
f 8683 8684 8685
f 8686 8687 8688
f 8689 8690 8691
f 8692 8693 8694
f 8695 8696 8697
f 8698 8699 8700
f 8701 8702 8703
f 8704 8705 8706
f 8707 8708 8709
f 8710 8711 8712
f 8713 8714 8715
f 8716 8717 8718
f 8719 8720 8721
f 8722 8723 8724
f 8725 8726 8727
f 8728 8729 8730
f 8731 8732 8733
f 8734 8735 8736
f 8737 8738 8739
f 8740 8741 8739
f 8742 8743 8744
f 8745 8746 8747
f 8748 8749 8750
f 8744 8751 8752
f 8753 8754 8755
f 8756 8757 8750
f 8758 8759 8760
f 8758 8761 8754
f 8762 8763 8764
f 8764 8765 8766
f 8767 8768 8769
f 8769 8763 8770
f 8771 8772 8773
f 8773 8768 8774
f 8775 8776 8777
f 8778 8772 8779
f 8775 8780 8781
f 8781 8776 8775
f 8782 8780 8783
f 8780 8782 8781
f 8784 8785 8783
f 8782 8783 8785
f 8784 8786 8787
f 8787 8785 8784
f 8788 8786 8789
f 8786 8788 8787
f 8790 8791 8789
f 8788 8789 8791
f 8790 8792 8793
f 8793 8791 8790
f 8794 8792 8795
f 8792 8794 8793
f 8796 8797 8795
f 8794 8795 8797
f 8796 8798 8799
f 8799 8797 8796
f 8800 8798 8801
f 8798 8800 8799
f 8802 8803 8801
f 8800 8801 8803
f 8802 8804 8805
f 8805 8803 8802
f 8806 8804 8807
f 8804 8806 8805
f 8808 8809 8807
f 8806 8807 8809
f 8808 8810 8811
f 8811 8809 8808
f 8812 8810 8813
f 8810 8812 8811
f 8814 8815 8813
f 8812 8813 8815
f 8814 8816 8817
f 8817 8815 8814
f 8818 8816 8819
f 8816 8818 8817
f 8820 8821 8819
f 8818 8819 8821
f 8820 8822 8823
f 8823 8821 8820
f 8824 8822 8825
f 8822 8824 8823
f 8826 8827 8825
f 8824 8825 8827
f 8826 8828 8829
f 8829 8827 8826
f 8776 8778 8777
f 8777 8778 8779
f 8779 8772 8771
f 8773 8774 8771
f 8765 8759 8766
f 8769 8770 8767
f 8774 8768 8767
f 8764 8766 8762
f 8770 8763 8762
f 8752 8742 8744
f 8759 8765 8760
f 8757 8753 8755
f 8758 8760 8761
f 8761 8755 8754
f 8756 8753 8757
f 8756 8750 8749
f 8752 8751 8748
f 8751 8749 8748
f 8743 8747 8746
f 8747 8743 8742
f 8745 8737 8746
f 8745 8738 8737
f 8732 8731 8741
f 8732 8741 8740
f 8738 8740 8739
f 8733 8734 8731
f 8729 8726 8725
f 8734 8733 8735
f 8728 8719 8721
f 8726 8736 8727
f 8736 8735 8727
f 8728 8730 8719
f 8730 8729 8725
f 8709 8718 8830
f 8724 8721 8720
f 8714 8723 8722
f 8720 8722 8724
f 8715 8716 8713
f 8723 8714 8713
f 8717 8830 8718
f 8716 8715 8717
f 8683 8685 8831
f 8712 8708 8707
f 8707 8709 8830
f 8712 8711 8708
f 8705 8697 8706
f 8832 8710 8702
f 8710 8832 8711
f 8832 8702 8701
f 8704 8703 8705
f 8701 8703 8704
f 8696 8695 8833
f 8696 8706 8697
f 8700 8699 8833
f 8700 8833 8695
f 8686 8678 8834
f 8835 8698 8690
f 8698 8835 8699
f 8835 8690 8689
f 8692 8691 8693
f 8689 8691 8692
f 8685 8694 8831
f 8694 8693 8831
f 8683 8688 8684
f 8834 8687 8686
f 8688 8687 8684
f 8678 8677 8834
f 8836 8679 8681
f 8677 8679 8836
f 8680 8682 8673
f 8680 8836 8681
f 8837 8660 8659
f 8672 8671 8838
f 8671 8673 8682
f 8675 8674 8666
f 8838 8674 8676
f 8838 8676 8672
f 8675 8666 8665
f 8667 8839 8665
f 8669 8668 8839
f 8839 8667 8669
f 8661 8668 8670
f 8659 8661 8670
f 8837 8664 8660
f 8837 8662 8664
f 8663 8654 8653
f 8662 8654 8663
f 8657 8840 8655
f 8653 8655 8840
f 8656 8658 8649
f 8656 8840 8657
f 8652 8648 8647
f 8647 8649 8658
f 8641 8651 8650
f 8652 8651 8648
f 8644 8643 8642
f 8650 8642 8641
f 8640 8841 8638
f 8646 8645 8639
f 8643 8644 8646
f 8639 8645 8640
f 8842 8843 8844
f 8845 8844 8843
f 8846 8847 8848
f 8849 8850 8851
f 8852 8851 8853
f 8854 8855 8856
f 8857 8858 8859
f 8860 8861 8862
f 8863 8864 8865
f 8866 8867 8868
f 8868 8869 8870
f 8871 8872 8873
f 8874 8875 8876
f 8877 8874 8878
f 8879 8877 8880
f 8879 8881 8882
f 8881 8879 8880
f 8882 8883 8884
f 8883 8882 8881
f 8885 8884 8886
f 8883 8886 8884
f 8885 8886 8887
f 8887 8886 8888
f 8889 8887 8888
f 8890 8889 8888
f 8891 8889 8890
f 8891 8892 8893
f 8892 8891 8890
f 8893 8892 8894
f 8892 8895 8894
f 8880 8877 8878
f 8878 8874 8876
f 8876 8875 8871
f 8871 8875 8872
f 8873 8872 8896
f 8897 8873 8896
f 8870 8897 8896
f 8870 8869 8897
f 8868 8867 8869
f 8867 8866 8864
f 8865 8864 8866
f 8865 8898 8863
f 8863 8898 8860
f 8860 8898 8861
f 8862 8859 8858
f 8859 8862 8861
f 8856 8857 8859
f 8856 8899 8857
f 8899 8856 8855
f 8854 8852 8855
f 8855 8852 8853
f 8900 8853 8851
f 8900 8851 8850
f 8847 8846 8849
f 8850 8849 8846
f 8901 8848 8847
f 8848 8901 8902
f 8902 8901 8903
f 8903 8904 8902
f 8904 8905 8902
f 8904 8845 8905
f 8905 8845 8843
f 8906 8842 8844
f 8906 8907 8842
f 8842 8907 8908
f 8909 8910 8911
f 8912 8910 8909
f 8913 8914 8915
f 8916 8917 8918
f 8919 8920 8921
f 8922 8923 8924
f 8925 8924 8926
f 8927 8928 8929
f 8930 8929 8928
f 8931 8930 8932
f 8933 8934 8935
f 8935 8936 8933
f 8937 8938 8939
f 8940 8939 8938
f 8940 8941 8942
f 8943 8944 8945
f 8943 8945 8946
f 8947 8946 8948
f 8947 8948 8949
f 8949 8948 8950
f 8949 8950 8951
f 8950 8952 8951
f 8953 8951 8952
f 8953 8952 8954
f 8954 8955 8953
f 8955 8956 8953
f 8956 8955 8957
f 8956 8957 8958
f 8958 8957 8959
f 8958 8959 8960
f 8959 8961 8960
f 8962 8960 8963
f 8961 8963 8960
f 8943 8946 8947
f 8941 8944 8943
f 8940 8944 8941
f 8921 8920 8964
f 8940 8942 8939
f 8938 8937 8936
f 8937 8933 8936
f 8965 8966 8967
f 8934 8967 8935
f 8934 8965 8967
f 8965 8968 8966
f 8932 8966 8968
f 8968 8931 8932
f 8930 8931 8929
f 8928 8927 8925
f 8927 8924 8925
f 8923 8926 8924
f 8969 8970 8923
f 8969 8923 8922
f 8964 8971 8969
f 8970 8969 8971
f 8971 8964 8920
f 8916 8920 8919
f 8916 8919 8917
f 8918 8917 8972
f 8972 8973 8918
f 8915 8973 8913
f 8973 8972 8913
f 8913 8974 8914
f 8914 8974 8911
f 8911 8974 8909
f 8912 8975 8910
f 8912 8976 8975
f 8976 8912 8977
f 8978 8979 8980
f 8981 8982 8983
f 8984 8985 8986
f 8987 8988 8989
f 8990 8991 8992
f 8993 8994 8995
f 8996 8997 8998
f 8999 9000 9001
f 9002 9003 9004
f 9005 9006 9007
f 9008 9006 9009
f 9010 9011 9012
f 9013 9014 9015
f 9016 9017 9018
f 8991 8990 9019
f 9020 8991 9021
f 9022 9023 9024
f 9025 9026 9027
f 9028 9029 9030
f 9031 9032 9033
f 9034 9035 9036
f 9037 9038 9039
f 9040 9041 9042
f 9043 9044 9045
f 9046 9047 9048
f 9049 9050 9051
f 9052 9053 9054
f 9055 9056 9057
f 9058 9059 9060
f 9061 9062 9063
f 9064 9065 9066
f 9067 9068 9069
f 9070 9071 9072
f 9073 9074 9075
f 9076 9074 9077
f 9078 9079 9080
f 9081 9082 9083
f 9084 9085 9086
f 9087 9088 9089
f 9090 9091 9092
f 9093 9094 9095
f 9096 9097 9098
f 9099 9100 9101
f 9019 9102 9103
f 9019 8990 9102
f 9019 9103 9104
f 9018 9104 9105
f 9104 9103 9105
f 9018 9106 9016
f 9018 9105 9106
f 9017 9107 9108
f 9017 9016 9107
f 9017 9108 9109
f 8993 9109 9110
f 9109 9108 9110
f 8993 9111 8994
f 8993 9110 9111
f 8995 9112 9113
f 8995 8994 9112
f 8995 9113 9114
f 8998 9114 9115
f 9114 9113 9115
f 8998 9116 8996
f 8998 9115 9116
f 8997 9117 9118
f 8997 8996 9117
f 8997 9118 9119
f 9002 9119 9120
f 9119 9118 9120
f 9002 9121 9003
f 9002 9120 9121
f 9004 9122 9123
f 9004 9003 9122
f 9004 9123 9124
f 9001 9124 9125
f 9124 9123 9125
f 9001 9126 8999
f 9001 9125 9126
f 9000 9127 9128
f 9000 8999 9127
f 9000 9128 9129
f 9009 9129 9130
f 9129 9128 9130
f 9009 9131 9008
f 9009 9130 9131
f 9006 9132 9007
f 9006 9008 9132
f 9005 9133 9134
f 9005 9007 9133
f 9005 9134 9135
f 9012 9135 9136
f 9135 9134 9136
f 9012 9137 9010
f 9012 9136 9137
f 9011 9138 9139
f 9011 9010 9138
f 9011 9139 9140
f 9015 9140 9141
f 9140 9139 9141
f 9015 9142 9013
f 9015 9141 9142
f 9014 9143 9144
f 9014 9013 9143
f 9014 9144 9145
f 9024 9145 9146
f 9145 9144 9146
f 9024 9147 9022
f 9024 9146 9147
f 9023 9148 9149
f 9023 9022 9148
f 9023 9149 9150
f 8988 9150 9151
f 9150 9149 9151
f 8988 9152 8989
f 8988 9151 9152
f 8987 9153 9154
f 8987 8989 9153
f 8987 9154 9155
f 9029 9155 9156
f 9155 9154 9156
f 9029 9157 9030
f 9029 9156 9157
f 8981 9028 9158
f 9028 9030 9158
f 8981 9159 8982
f 8981 9158 9159
f 8983 9160 9161
f 8983 8982 9160
f 8983 9161 9162
f 9034 9162 9163
f 9162 9161 9163
f 9034 9164 9035
f 9034 9163 9164
f 9036 9165 9166
f 9036 9035 9165
f 9036 9166 9167
f 9038 9167 9168
f 9167 9166 9168
f 9038 9169 9039
f 9038 9168 9169
f 9044 9037 9170
f 9037 9039 9170
f 9044 9171 9045
f 9044 9170 9171
f 9043 9172 9173
f 9043 9045 9172
f 9043 9173 9174
f 9047 9174 9175
f 9174 9173 9175
f 9047 9176 9048
f 9047 9175 9176
f 9046 9177 9178
f 9046 9048 9177
f 9046 9178 9179
f 9053 9179 9180
f 9179 9178 9180
f 9053 9181 9054
f 9053 9180 9181
f 9052 9182 9183
f 9052 9054 9182
f 9184 9183 9185
f 9052 9183 9184
f 9184 9185 9186
f 9186 9187 9188
f 9186 9185 9187
f 9186 9188 9189
f 9061 9189 9190
f 9189 9188 9190
f 9061 9191 9062
f 9061 9190 9191
f 9063 9192 9193
f 9063 9062 9192
f 9063 9193 9194
f 9068 9194 9195
f 9194 9193 9195
f 9068 9196 9069
f 9068 9195 9196
f 9067 9197 9198
f 9067 9069 9197
f 9067 9198 9199
f 9200 9199 9201
f 9199 9198 9201
f 9200 9202 9203
f 9200 9201 9202
f 9200 9203 9204
f 9204 9205 9206
f 9204 9203 9205
f 9204 9206 9207
f 9095 9207 9208
f 9207 9206 9208
f 9095 9209 9093
f 9095 9208 9209
f 9094 9210 9211
f 9094 9093 9210
f 9094 9211 9212
f 9089 9212 9213
f 9212 9211 9213
f 9089 9214 9087
f 9089 9213 9214
f 9088 9215 9216
f 9088 9087 9215
f 9088 9216 9217
f 9085 9217 9218
f 9217 9216 9218
f 9085 9219 9086
f 9085 9218 9219
f 9084 9220 9221
f 9084 9086 9220
f 9084 9221 9222
f 9083 9222 9223
f 9222 9221 9223
f 9083 9224 9081
f 9083 9223 9224
f 9082 9225 9226
f 9082 9081 9225
f 9082 9226 9227
f 9079 9227 9228
f 9227 9226 9228
f 9079 9229 9080
f 9079 9228 9229
f 9078 9230 9231
f 9078 9080 9230
f 9078 9231 9232
f 9075 9232 9233
f 9232 9231 9233
f 9075 9234 9073
f 9075 9233 9234
f 9074 9235 9077
f 9074 9073 9235
f 9076 9236 9237
f 9076 9077 9236
f 9076 9237 9238
f 9090 9238 9239
f 9238 9237 9239
f 9090 9240 9091
f 9090 9239 9240
f 9092 9241 9242
f 9092 9091 9241
f 9092 9242 9243
f 9096 9243 9244
f 9243 9242 9244
f 9096 9245 9097
f 9096 9244 9245
f 9098 9246 9247
f 9098 9097 9246
f 9098 9247 9248
f 9072 9248 9249
f 9248 9247 9249
f 9072 9250 9070
f 9072 9249 9250
f 9071 9251 9252
f 9071 9070 9251
f 9071 9252 9253
f 9065 9253 9254
f 9253 9252 9254
f 9065 9255 9066
f 9065 9254 9255
f 9064 9256 9257
f 9064 9066 9256
f 9064 9257 9258
f 9058 9258 9259
f 9258 9257 9259
f 9058 9260 9059
f 9058 9259 9260
f 9056 9060 9261
f 9060 9059 9261
f 9056 9262 9057
f 9056 9261 9262
f 9055 9263 9264
f 9055 9057 9263
f 9055 9264 9265
f 9049 9265 9266
f 9265 9264 9266
f 9049 9267 9050
f 9049 9266 9267
f 9051 9268 9269
f 9051 9050 9268
f 9051 9269 9270
f 9040 9270 9271
f 9270 9269 9271
f 9040 9272 9041
f 9040 9271 9272
f 8979 9042 9273
f 9042 9041 9273
f 8979 9274 8980
f 8979 9273 9274
f 8978 9275 9276
f 8978 8980 9275
f 8978 9276 9277
f 9033 9277 9278
f 9277 9276 9278
f 9033 9279 9031
f 9033 9278 9279
f 9032 9280 9281
f 9032 9031 9280
f 9032 9281 9282
f 8985 9282 9283
f 9282 9281 9283
f 8985 9284 8986
f 8985 9283 9284
f 8984 9285 9286
f 8984 8986 9285
f 9287 9286 9288
f 8984 9286 9287
f 9287 9288 9289
f 9289 9290 9291
f 9289 9288 9290
f 9289 9291 9292
f 9027 9292 9293
f 9292 9291 9293
f 9027 9294 9025
f 9027 9293 9294
f 9026 9295 9296
f 9026 9025 9295
f 9026 9296 9297
f 9101 9297 9298
f 9297 9296 9298
f 9101 9299 9099
f 9101 9298 9299
f 9100 9300 9301
f 9100 9099 9300
f 9100 9301 9021
f 8991 9020 8992
f 9021 9301 9020
f 9302 9303 9304
f 9305 9303 9306
f 9307 9308 9309
f 9309 9308 9310
f 9311 9312 9313
f 9314 9315 9316
f 9317 9318 9319
f 9318 9320 9319
f 9321 9322 9323
f 9324 9325 9326
f 9323 9324 9321
f 9327 9328 9329
f 9330 9331 9332
f 9333 9334 9331
f 9335 9336 9330
f 9337 9338 9339
f 9335 9338 9336
f 9340 9341 9342
f 9343 9344 9339
f 9345 9346 9340
f 9347 9345 9348
f 9349 9350 9351
f 9352 9353 9354
f 9350 9353 9351
f 9355 9352 9356
f 9356 9357 9355
f 9358 9357 9359
f 9360 9361 9362
f 9362 9361 9358
f 9363 9360 9364
f 9362 9364 9360
f 9363 9364 9365
f 9366 9367 9365
f 9366 9368 9367
f 9369 9368 9366
f 9369 9370 9371
f 9372 9371 9370
f 9373 9372 9370
f 9374 9375 9376
f 9377 9375 9378
f 9379 9380 9381
f 9382 9380 9383
f 9367 9363 9365
f 9356 9352 9354
f 9353 9350 9354
f 9346 9345 9347
f 9347 9384 9385
f 9341 9343 9342
f 9345 9340 9342
f 9344 9343 9341
f 9344 9337 9339
f 9332 9335 9330
f 9338 9337 9336
f 9334 9332 9331
f 9334 9333 9386
f 9387 9386 9388
f 9388 9329 9387
f 9389 9325 9390
f 9326 9325 9389
f 9321 9324 9326
f 9322 9391 9323
f 9312 9307 9313
f 9392 9320 9318
f 9393 9311 9314
f 9393 9312 9311
f 9309 9313 9307
f 9308 9394 9310
f 9310 9394 9395
f 9396 9395 9394
f 9396 9397 9395
f 9398 9316 9315
f 9399 9391 9400
f 9399 9323 9391
f 9401 9402 9403
f 9350 9349 9404
f 9370 9369 9405
f 9406 9407 9304
f 9315 9314 9408
f 9409 9398 9315
f 9317 9398 9409
f 9410 9400 9392
f 9410 9399 9400
f 9401 9327 9402
f 9411 9386 9387
f 9401 9328 9327
f 9328 9387 9329
f 9411 9334 9386
f 9404 9412 9413
f 9384 9347 9348
f 9412 9385 9384
f 9359 9362 9358
f 9372 9373 9377
f 9302 9304 9407
f 9408 9311 9414
f 9390 9415 9416
f 9325 9415 9390
f 9416 9403 9402
f 9384 9348 9417
f 9418 9356 9354
f 9412 9404 9349
f 9366 9405 9369
f 9379 9419 9376
f 9378 9372 9377
f 9381 9420 9421
f 9374 9378 9375
f 9419 9374 9376
f 9421 9379 9381
f 9382 9422 9420
f 9304 9397 9406
f 9305 9397 9304
f 9409 9315 9423
f 9311 9408 9314
f 9424 9425 9317
f 9425 9426 9318
f 9409 9424 9317
f 9426 9410 9392
f 9317 9425 9318
f 9318 9426 9392
f 9427 9428 9403
f 9427 9403 9416
f 9415 9427 9416
f 9429 9332 9334
f 9334 9411 9429
f 9384 9413 9412
f 9430 9359 9357
f 9356 9430 9357
f 9419 9379 9421
f 9382 9420 9381
f 9431 9310 9395
f 9305 9395 9397
f 9395 9305 9431
f 9432 9410 9426
f 9433 9434 9324
f 9434 9415 9325
f 9323 9433 9324
f 9324 9434 9325
f 9435 9328 9436
f 9332 9429 9437
f 9339 9338 9438
f 9354 9350 9418
f 9309 9439 9440
f 9313 9440 9414
f 9439 9309 9310
f 9441 9408 9414
f 9440 9313 9309
f 9311 9313 9414
f 9424 9442 9443
f 9315 9408 9423
f 9323 9444 9433
f 9323 9399 9444
f 9445 9415 9434
f 9401 9436 9328
f 9446 9387 9328
f 9436 9401 9403
f 9411 9447 9429
f 9447 9411 9387
f 9335 9448 9338
f 9448 9335 9332
f 9345 9449 9417
f 9450 9384 9417
f 9449 9345 9342
f 9451 9413 9384
f 9348 9345 9417
f 9350 9452 9418
f 9350 9404 9452
f 9356 9453 9430
f 9356 9418 9453
f 9362 9454 9364
f 9455 9365 9456
f 9362 9359 9454
f 9370 9457 9373
f 9370 9405 9457
f 9458 9375 9377
f 9377 9373 9458
f 9459 9380 9379
f 9303 9305 9304
f 9442 9409 9423
f 9442 9424 9409
f 9432 9426 9443
f 9432 9399 9410
f 9428 9436 9403
f 9460 9404 9413
f 9460 9452 9404
f 9461 9359 9430
f 9461 9454 9359
f 9456 9364 9454
f 9365 9364 9456
f 9462 9366 9365
f 9462 9405 9366
f 9463 9375 9458
f 9463 9376 9375
f 9380 9382 9381
f 9376 9459 9379
f 9302 9464 9303
f 9305 9306 9431
f 9310 9431 9465
f 9465 9439 9310
f 9441 9423 9408
f 9399 9432 9466
f 9444 9466 9467
f 9399 9466 9444
f 9427 9415 9468
f 9445 9468 9415
f 9468 9428 9427
f 9435 9446 9328
f 9446 9447 9387
f 9429 9469 9437
f 9437 9448 9332
f 9338 9448 9470
f 9470 9438 9338
f 9343 9339 9471
f 9438 9471 9339
f 9342 9343 9472
f 9471 9472 9343
f 9342 9472 9449
f 9450 9451 9384
f 9451 9460 9413
f 9454 9461 9473
f 9455 9462 9365
f 9405 9462 9474
f 9474 9457 9405
f 9373 9457 9475
f 9373 9475 9458
f 9376 9463 9476
f 9476 9459 9376
f 9443 9425 9424
f 9443 9426 9425
f 9469 9429 9447
f 9477 9430 9453
f 9461 9430 9477
