# Exported from USD: /World/gantry/gantry_home/ur10_flattened/ur10_instanceable/forearm_link/ur10_forearm/ID71_001
mtllib ID71_001.mtl

g ID71_001
v 4.38629980 -0.21502747 0.25900025
v 4.38709612 -0.21597976 0.25791467
v 4.38629986 -0.21787008 0.25619055
v 4.38629983 -0.21837749 0.32027779
v 4.38709627 -0.21611526 0.31822363
v 4.38629983 -0.21502728 0.31699989
v 4.38629983 -0.22155775 0.32282165
v 4.38712464 -0.22267341 0.32368544
v 4.38710163 -0.21930085 0.32114998
v 4.38629995 -0.22433844 0.32466564
v 4.38629959 -0.22671867 0.32602511
v 4.38708995 -0.22609151 0.32576124
v 4.38710628 -0.22940977 0.32740406
v 4.38787804 -0.22929800 0.32756338
v 4.38862572 -0.22741465 0.32702801
v 4.38787769 -0.22590666 0.32588229
v 4.38629983 -0.22911810 0.32719669
v 4.38710700 -0.23278742 0.32872716
v 4.38629959 -0.23165528 0.32824782
v 4.38629983 -0.23416626 0.32910327
v 4.38709722 -0.23600900 0.32969395
v 4.38629960 -0.23676516 0.32981626
v 4.38709854 -0.23906668 0.33036808
v 4.38629971 -0.23946722 0.33037404
v 4.38709866 -0.24199767 0.33079956
v 4.38630007 -0.24342418 0.33088861
v 4.38711034 -0.24483541 0.33102599
v 4.38629971 -0.24680946 0.33099971
v 4.38787876 -0.24477059 0.33121333
v 4.38748454 -0.24680936 0.33113227
v 4.38862966 -0.24680946 0.33157322
v 4.38929962 -0.24680946 0.33199970
v 4.38861512 -0.24396757 0.33148906
v 4.38863061 -0.21724694 0.32002941
v 4.38787697 -0.21592099 0.31830171
v 4.38787709 -0.21915241 0.32127575
v 4.38709173 -0.21312718 0.31485293
v 4.38629947 -0.21241374 0.31381819
v 4.38929961 -0.21668997 0.32007513
v 4.38930104 -0.21520871 0.31862143
v 4.38711617 -0.21038241 0.31100563
v 4.38629982 -0.21048079 0.31102691
v 4.38629970 -0.20821315 0.30701444
v 4.38711128 -0.20796855 0.30664436
v 4.38930199 -0.21080898 0.31330088
v 4.38930044 -0.20929028 0.31099323
v 4.38863669 -0.21114521 0.31306580
v 4.38629958 -0.20660286 0.30326323
v 4.38743994 -0.20644663 0.30314783
v 4.38629934 -0.20570747 0.30066196
v 4.38787660 -0.20777449 0.30667762
v 4.38863990 -0.20642193 0.30441312
v 4.38746581 -0.20559518 0.30067930
v 4.38743946 -0.20490718 0.29814295
v 4.38743850 -0.20437809 0.29563079
v 4.38629958 -0.20498163 0.29799644
v 4.38743767 -0.20399750 0.29307497
v 4.38629982 -0.20432270 0.29470299
v 4.38629981 -0.20383352 0.29007519
v 4.38743767 -0.20376983 0.29049028
v 4.38743755 -0.20369809 0.28789104
v 4.38629969 -0.20391060 0.28469486
v 4.38743814 -0.20378299 0.28529210
v 4.38743802 -0.20402388 0.28270871
v 4.38629957 -0.20444011 0.28063131
v 4.38743886 -0.20441733 0.28015579
v 4.38744076 -0.20564229 0.27519692
v 4.38629945 -0.20657260 0.27281339
v 4.38629957 -0.20527489 0.27676822
v 4.38861998 -0.20422749 0.27869184
v 4.38743909 -0.20495935 0.27764697
v 4.38746770 -0.20648402 0.27272547
v 4.38629969 -0.20821276 0.26898719
v 4.38711377 -0.20788676 0.26952703
v 4.38711448 -0.21028548 0.26514763
v 4.38629980 -0.21048057 0.26497359
v 4.38861532 -0.20996459 0.26471955
v 4.38787801 -0.21290287 0.26111490
v 4.38787766 -0.21015635 0.26499791
v 4.38709254 -0.21299926 0.26130707
v 4.38629980 -0.22041678 0.25403548
v 4.38712228 -0.21923758 0.25489587
v 4.38710518 -0.22261804 0.25235690
v 4.38860888 -0.22240647 0.25189710
v 4.38787884 -0.22592275 0.25010783
v 4.38787860 -0.22252214 0.25219090
v 4.38629980 -0.22373539 0.25169928
v 4.38709075 -0.22592906 0.25032760
v 4.38629956 -0.22671686 0.24997545
v 4.38629980 -0.22911409 0.24880517
v 4.38709433 -0.23096775 0.24794788
v 4.38629956 -0.23165429 0.24775268
v 4.38710845 -0.23423498 0.24680252
v 4.38629979 -0.23416687 0.24689646
v 4.38629968 -0.23676561 0.24618311
v 4.38709850 -0.23740940 0.24596775
v 4.38709850 -0.24041559 0.24540759
v 4.38629967 -0.23946487 0.24562610
v 4.38629979 -0.24208888 0.24525625
v 4.38711733 -0.24400826 0.24500818
v 4.38629967 -0.24470038 0.24504657
v 4.38929958 -0.24680946 0.24399973
v 4.38862116 -0.24482064 0.24446995
v 4.38930053 -0.24473619 0.24404497
v 4.38828236 -0.24680937 0.24460144
v 4.38709963 -0.24680946 0.24493606
v 4.38787932 -0.24478313 0.24478532
v 4.38629967 -0.24680946 0.24499972
v 4.38862366 -0.22922054 0.24812622
v 4.38863666 -0.22585462 0.24978054
v 4.38929862 -0.22622383 0.24910457
v 4.38709969 -0.22857066 0.24898905
v 4.38787843 -0.21916815 0.25471003
v 4.38862605 -0.21899213 0.25444592
v 4.38629944 -0.21241339 0.26218236
v 4.38787730 -0.20778478 0.26929975
v 4.38864465 -0.20560672 0.27374894
v 4.38862010 -0.20341389 0.28390772
v 4.38862998 -0.24195277 0.24469144
v 4.38929958 -0.24266896 0.24419505
v 4.38787932 -0.24196443 0.24500925
v 4.38787920 -0.23899159 0.24544866
v 4.38787920 -0.23587938 0.24613900
v 4.38787908 -0.23264442 0.24711920
v 4.38787884 -0.22931417 0.24842865
v 4.38787825 -0.21593584 0.25768197
v 4.38930197 -0.21081141 0.26269669
v 4.38930149 -0.21247167 0.26048470
v 4.38863487 -0.21273170 0.26081807
v 4.38930209 -0.20615849 0.27115960
v 4.38930102 -0.20729639 0.26863504
v 4.38861819 -0.20752445 0.26912016
v 4.38930305 -0.20518315 0.27374465
v 4.38930091 -0.20324526 0.29420162
v 4.38929960 -0.20300467 0.29214055
v 4.38862035 -0.20370613 0.29448516
v 4.38929960 -0.20358877 0.29624478
v 4.38787661 -0.21014402 0.31098125
v 4.38929961 -0.21204277 0.31496850
v 4.38787685 -0.21288912 0.31486658
v 4.38787745 -0.22250625 0.32379732
v 4.38787816 -0.23262880 0.32887451
v 4.38787828 -0.23586435 0.32985625
v 4.38787852 -0.23897722 0.33054791
v 4.38787852 -0.24195094 0.33098838
v 4.38863022 -0.23898624 0.24512727
v 4.38863141 -0.23588559 0.24580938
v 4.38862378 -0.23262918 0.24679203
v 4.38929958 -0.22441276 0.25012655
v 4.38930220 -0.22039025 0.25281257
v 4.38863094 -0.21576271 0.25740529
v 4.38930221 -0.20436778 0.27638919
v 4.38930090 -0.20324528 0.28179968
v 4.38862034 -0.20323781 0.28920908
v 4.38862082 -0.20480082 0.29962871
v 4.38929960 -0.20541057 0.30290464
v 4.38861642 -0.20858466 0.30893937
v 4.38929961 -0.20699717 0.30673460
v 4.38861296 -0.21408183 0.31677816
v 4.38863133 -0.22055701 0.32279286
v 4.38862906 -0.22396461 0.32511691
v 4.38863359 -0.23077144 0.32852552
v 4.38862263 -0.23408337 0.32967839
v 4.38929962 -0.23190536 0.32939903
v 4.38863061 -0.23729136 0.33052841
v 4.38863061 -0.24033678 0.33109627
v 4.38929946 -0.24061864 0.24443204
v 4.38929934 -0.23788753 0.24490798
v 4.38929910 -0.23519801 0.24555326
v 4.38930077 -0.23256063 0.24636746
v 4.38929886 -0.22996968 0.24734295
v 4.38929958 -0.22807637 0.24818713
v 4.38929910 -0.22265363 0.25121618
v 4.38929934 -0.21822591 0.25454105
v 4.38929767 -0.21618453 0.25639541
v 4.38929946 -0.21426764 0.25837744
v 4.38929959 -0.20965987 0.26442254
v 4.38929959 -0.20858634 0.26619501
v 4.38930150 -0.20372168 0.27907545
v 4.38930031 -0.20294094 0.28454728
v 4.38929983 -0.20280977 0.28730894
v 4.38929924 -0.20285258 0.29007596
v 4.38929757 -0.20401679 0.29827420
v 4.38929686 -0.20474562 0.30094287
v 4.38930211 -0.20615711 0.30483798
v 4.38929901 -0.20791827 0.30859176
v 4.38929889 -0.21334660 0.31658015
v 4.38929937 -0.21822757 0.32145999
v 4.38930212 -0.22038986 0.32318697
v 4.38929914 -0.22265638 0.32478515
v 4.38929961 -0.22441226 0.32587281
v 4.38929866 -0.22622343 0.32689497
v 4.38929962 -0.22807567 0.32781253
v 4.38929890 -0.22996459 0.32865510
v 4.38930045 -0.23386802 0.33005807
v 4.38929926 -0.23653497 0.33078960
v 4.38929950 -0.23925069 0.33135161
v 4.38929962 -0.24129486 0.33165303
v 4.38930081 -0.24336058 0.33186803
v 4.38929962 -0.24542716 0.33197824
v 4.39229960 -0.27437272 0.25241250
v 4.39229960 -0.27711611 0.25472993
v 4.39149804 -0.27513433 0.25309873
v 4.39150018 -0.27169377 0.25056864
v 4.39150090 -0.27844569 0.25606704
v 4.39229976 -0.26662294 0.32840732
v 4.39150618 -0.26804521 0.32761494
v 4.39229952 -0.26909821 0.32710061
v 4.39229960 -0.27090656 0.24998010
v 4.39150650 -0.26818865 0.24846119
v 4.39229972 -0.26725270 0.24789704
v 4.38997394 -0.26439865 0.24719173
v 4.38996393 -0.26779902 0.24883581
v 4.38929982 -0.26616849 0.24848158
v 4.39149374 -0.26477172 0.24680120
v 4.39229948 -0.26399212 0.24640251
v 4.39150686 -0.26136782 0.24547649
v 4.39229972 -0.26070398 0.24518550
v 4.39149756 -0.25806241 0.24448819
v 4.39149803 -0.25491282 0.24379403
v 4.39229960 -0.25729318 0.24423171
v 4.39229983 -0.25384646 0.24354125
v 4.39150936 -0.25181873 0.24333513
v 4.39229960 -0.24976126 0.24308205
v 4.39229960 -0.24680946 0.24299974
v 4.39150030 -0.24888474 0.24310584
v 4.39031738 -0.24680937 0.24339802
v 4.39071948 -0.24887194 0.24329860
v 4.38996906 -0.24874356 0.24361075
v 4.39149958 -0.24680946 0.24306352
v 4.38929958 -0.24680946 0.24399973
v 4.39229948 -0.27916344 0.25671197
v 4.39152224 -0.28158871 0.25951225
v 4.39229984 -0.28147561 0.25928659
v 4.38995005 -0.28106834 0.25970519
v 4.38996811 -0.27794283 0.25628961
v 4.39071841 -0.27826775 0.25616271
v 4.39229961 -0.28397903 0.26260800
v 4.39112170 -0.28375273 0.26252229
v 4.38997944 -0.28392508 0.26354790
v 4.39071817 -0.28139504 0.25958914
v 4.39229973 -0.28591001 0.26571781
v 4.39109881 -0.28505739 0.26454068
v 4.39112206 -0.28628913 0.26666219
v 4.39229961 -0.28723170 0.26821381
v 4.39112194 -0.28744643 0.26895875
v 4.39229961 -0.28838945 0.27077658
v 4.39112123 -0.28847964 0.27134163
v 4.39229961 -0.28938446 0.27340556
v 4.38996966 -0.28801212 0.27138514
v 4.38995393 -0.28640048 0.26782209
v 4.39111962 -0.28937913 0.27379865
v 4.39229937 -0.29022513 0.27612937
v 4.38998254 -0.28928462 0.27489961
v 4.39109751 -0.29011285 0.27625216
v 4.39111896 -0.29072360 0.27875811
v 4.39229961 -0.29088627 0.27889574
v 4.39111944 -0.29119620 0.28139038
v 4.38995822 -0.29050966 0.27992786
v 4.39229961 -0.29136951 0.28167552
v 4.39111932 -0.29151216 0.28405935
v 4.39229985 -0.29173134 0.28514225
v 4.39111956 -0.29166807 0.28674752
v 4.39229962 -0.29180948 0.28871638
v 4.39111885 -0.29166205 0.28944314
v 4.39229962 -0.29167755 0.29152304
v 4.39229962 -0.29088755 0.29709942
v 4.39111790 -0.29068317 0.29742829
v 4.39111802 -0.29116703 0.29479802
v 4.39229938 -0.29022326 0.29987845
v 4.39111981 -0.28840489 0.30484298
v 4.39111838 -0.28931764 0.30238364
v 4.39229962 -0.28938495 0.30259482
v 4.39229963 -0.28397921 0.31339124
v 4.39109859 -0.28494809 0.31163607
v 4.39229975 -0.28590868 0.31028429
v 4.39112077 -0.28735955 0.30722431
v 4.39229963 -0.28723159 0.30778692
v 4.39112124 -0.28619059 0.30951790
v 4.39152334 -0.28147797 0.31662170
v 4.39112196 -0.28363449 0.31364844
v 4.39229963 -0.27811458 0.32033274
v 4.39150033 -0.27830516 0.32007006
v 4.39229975 -0.28009984 0.31828240
v 4.39149736 -0.27498874 0.32301787
v 4.39229951 -0.27602064 0.32224069
v 4.39229963 -0.27385137 0.32397536
v 4.39149998 -0.27154669 0.32552788
v 4.38996313 -0.26795755 0.32707826
v 4.39071797 -0.26807442 0.32737843
v 4.38997362 -0.26457746 0.32873002
v 4.39229952 -0.26399384 0.32959685
v 4.39229976 -0.26070744 0.33081338
v 4.39150618 -0.26123471 0.33056829
v 4.39149676 -0.25791001 0.33155028
v 4.39149796 -0.25477141 0.33223144
v 4.39229964 -0.25728879 0.33176890
v 4.39229964 -0.25446269 0.33234993
v 4.39229988 -0.25104352 0.33281139
v 4.39150976 -0.25170956 0.33267645
v 4.39150022 -0.24876357 0.33289859
v 4.38996838 -0.24887828 0.33238271
v 4.38929962 -0.24680946 0.33199970
v 4.38929974 -0.24888581 0.33195577
v 4.39229940 -0.24680974 0.33301715
v 4.39111458 -0.24680937 0.33286700
v 4.39149331 -0.26460765 0.32926932
v 4.39229963 -0.28194325 0.31612584
v 4.39229975 -0.27150578 0.32562218
v 4.39071761 -0.27154087 0.32530037
v 4.39071725 -0.27496777 0.32278744
v 4.38929901 -0.27935605 0.31761805
v 4.38996694 -0.27809780 0.31955687
v 4.38929961 -0.27792086 0.31911323
v 4.38995037 -0.28119283 0.31614367
v 4.39071689 -0.28140906 0.31639252
v 4.38997898 -0.28405621 0.31225107
v 4.38995311 -0.28649739 0.30798576
v 4.39229962 -0.29136942 0.29432816
v 4.39111885 -0.29149460 0.29213161
v 4.39229963 -0.28839067 0.30522171
v 4.38998291 -0.29004383 0.29832319
v 4.39109656 -0.29006148 0.29993407
v 4.38995645 -0.28854914 0.30324850
v 4.38996967 -0.29074376 0.29459382
v 4.38995751 -0.29117589 0.29055513
v 4.38996969 -0.24680946 0.33242611
v 4.39071904 -0.24888443 0.33270017
v 4.39071868 -0.25175708 0.33247456
v 4.38996159 -0.25177010 0.33215067
v 4.39071857 -0.25478184 0.33203367
v 4.39071845 -0.25794601 0.33134255
v 4.39071833 -0.26123507 0.33036253
v 4.39071797 -0.26462406 0.32905374
v 4.39071701 -0.27828307 0.31982098
v 4.38929865 -0.28359005 0.31216106
v 4.38929949 -0.28200032 0.31442050
v 4.38929960 -0.28820752 0.30290512
v 4.38929853 -0.28887098 0.30094007
v 4.38995739 -0.29116157 0.28521240
v 4.38929948 -0.29076621 0.28592629
v 4.38929912 -0.29055004 0.28317112
v 4.38929876 -0.29016119 0.28043438
v 4.38929840 -0.28960118 0.27772719
v 4.39071865 -0.27495172 0.25319845
v 4.39071877 -0.27152452 0.25068784
v 4.39071888 -0.26805771 0.24861164
v 4.39071900 -0.26460780 0.24693830
v 4.39071912 -0.26121959 0.24563140
v 4.39071936 -0.25793076 0.24465264
v 4.39071960 -0.25476738 0.24396277
v 4.39071948 -0.25174303 0.24352301
v 4.38997077 -0.25482262 0.33170435
v 4.38997076 -0.25794085 0.33101693
v 4.38996373 -0.26120595 0.33003471
v 4.38929938 -0.26491869 0.32810620
v 4.38996778 -0.27142187 0.32499794
v 4.38996945 -0.27482250 0.32249722
v 4.38929913 -0.28503415 0.30980376
v 4.38929841 -0.28960104 0.29827265
v 4.38929877 -0.29016077 0.29556594
v 4.38929912 -0.29054981 0.29282863
v 4.38929840 -0.28887149 0.27505953
v 4.38929959 -0.28820832 0.27309484
v 4.38930018 -0.28746285 0.27115620
v 4.38930054 -0.28280756 0.26269162
v 4.38929946 -0.27840945 0.25737388
v 4.38997013 -0.27466238 0.25337268
v 4.38996858 -0.27126012 0.25089420
v 4.38996381 -0.26105832 0.24591423
v 4.38997120 -0.25777491 0.24493963
v 4.38997013 -0.25466782 0.24426693
v 4.38996154 -0.25164891 0.24383528
v 4.38929962 -0.25094995 0.33180443
v 4.38930045 -0.25300726 0.33156488
v 4.38929950 -0.25573269 0.33109102
v 4.38929938 -0.25841611 0.33044705
v 4.38930009 -0.26105888 0.32963309
v 4.38929962 -0.26300585 0.32890991
v 4.38929997 -0.26740137 0.32688907
v 4.38929961 -0.26920616 0.32587293
v 4.38929961 -0.27097031 0.32477931
v 4.38929961 -0.27267096 0.32359723
v 4.38929949 -0.27432413 0.32234273
v 4.38929973 -0.27642207 0.32055018
v 4.38929961 -0.28071075 0.31604723
v 4.38929972 -0.28632480 0.30736450
v 4.38930020 -0.28746248 0.30484257
v 4.38929948 -0.29076622 0.29007334
v 4.38929960 -0.29080944 0.28799976
v 4.38929959 -0.28662169 0.26926482
v 4.38930018 -0.28569981 0.26741005
v 4.38929970 -0.28433030 0.26500703
v 4.38929958 -0.28157615 0.26103092
v 4.38930042 -0.28027356 0.25942452
v 4.38929970 -0.27642495 0.25545139
v 4.38929946 -0.27432355 0.25365610
v 4.38929958 -0.27267126 0.25240243
v 4.38929958 -0.27096840 0.25121880
v 4.38929934 -0.26861225 0.24977470
v 4.38929958 -0.26428356 0.24761803
v 4.38930011 -0.26236418 0.24683566
v 4.38929934 -0.25974785 0.24593867
v 4.38929946 -0.25708195 0.24520970
v 4.38929946 -0.25437143 0.24464846
v 4.38929958 -0.25232406 0.24434645
v 4.38930047 -0.25025797 0.24413116
v 4.38929958 -0.24819166 0.24402124
v 4.38629967 -0.24747573 0.24499829
v 3.96280175 -0.24813369 0.24501000
v 3.96280176 -0.24432207 0.24505865
v 3.96280176 -0.27769148 0.25805920
v 4.38629968 -0.27862438 0.25903405
v 3.96280176 -0.28076112 0.26157119
v 4.38629968 -0.28198670 0.26322527
v 3.96280176 -0.28376695 0.26596960
v 4.38629969 -0.28479970 0.26780129
v 3.96280177 -0.28620706 0.27070839
v 4.38629969 -0.28702148 0.27269627
v 3.96280177 -0.28804354 0.27571428
v 4.38629975 -0.28861534 0.27782656
v 3.96280177 -0.28924522 0.28090296
v 4.38629969 -0.28955758 0.28312100
v 3.96280179 -0.28969479 0.28479925
v 4.38629969 -0.28982618 0.28799946
v 3.96280177 -0.28981963 0.28799976
v 3.96280176 -0.27427682 0.25488319
v 4.38629968 -0.27526540 0.25574411
v 4.38629968 -0.27158297 0.25282157
v 3.96280176 -0.26997284 0.25174177
v 4.38629968 -0.26700554 0.25000847
v 3.96280176 -0.26531786 0.24915887
v 4.38629974 -0.26211355 0.24778808
v 3.96280176 -0.26036986 0.24716740
v 4.38629968 -0.25698382 0.24619425
v 3.96280175 -0.25522449 0.24580555
v 4.38629967 -0.25168748 0.24525149
v 3.96280175 -0.25132614 0.24523310
v 4.38629967 -0.24059679 0.24542500
v 3.96280175 -0.23970985 0.24556418
v 3.96280175 -0.23451725 0.24676745
v 4.38629968 -0.23025678 0.24828554
v 4.38629968 -0.23533993 0.24653084
v 3.96280175 -0.22951689 0.24860198
v 3.96280176 -0.22477536 0.25104411
v 4.38629968 -0.22543639 0.25065775
v 3.96280176 -0.22037840 0.25404909
v 4.38629968 -0.22094874 0.25361324
v 4.38629968 -0.21735960 0.25664915
v 3.96280176 -0.21686797 0.25711761
v 4.38629968 -0.21455343 0.25954414
v 3.96280177 -0.20796564 0.26949604
v 4.38629969 -0.20659706 0.27269752
v 4.38629969 -0.20881805 0.26780398
v 3.96280178 -0.20597702 0.27443703
v 4.38629969 -0.20500421 0.27782447
v 3.96280176 -0.20461270 0.27959529
v 4.38629969 -0.20406143 0.28312016
v 3.96280177 -0.20389807 0.28486939
v 4.38629969 -0.20379278 0.28799946
v 3.96280177 -0.20380947 0.28799993
v 3.96280177 -0.21055053 0.26483705
v 4.38629968 -0.21163155 0.26322586
v 3.96280176 -0.21369215 0.26053210
v 4.38629967 -0.24467521 0.24504800
v 3.95886282 -0.25600596 0.33338283
v 3.95900659 -0.25331551 0.33328931
v 3.95886282 -0.25470626 0.33362682
v 3.95901123 -0.28619522 0.31133666
v 3.95900551 -0.28264338 0.31644397
v 3.95886281 -0.28427205 0.31521643
v 3.95900890 -0.20397374 0.30413869
v 3.95886281 -0.20415597 0.30602483
v 3.95886281 -0.20468797 0.30723512
v 3.95886281 -0.28503405 0.31413543
v 3.95886281 -0.28347965 0.31627503
v 3.95886281 -0.21096197 0.31731123
v 3.95886282 -0.21181337 0.31832273
v 3.95900569 -0.21080409 0.31622627
v 3.95900521 -0.21707688 0.32277620
v 3.95886282 -0.21853227 0.32466913
v 3.95900742 -0.22090202 0.32570719
v 3.95886281 -0.28646366 0.31191073
v 3.95886281 -0.28576460 0.31303353
v 3.95957437 -0.28626565 0.30889583
v 3.95957419 -0.28788096 0.30550683
v 3.95999381 -0.28584056 0.30865976
v 3.95886281 -0.28713021 0.31076863
v 3.95886281 -0.28776384 0.30960802
v 3.95886281 -0.28836417 0.30842953
v 3.95886281 -0.28893041 0.30723483
v 3.95900473 -0.28955013 0.30441730
v 3.96048793 -0.28922030 0.29871993
v 3.96048798 -0.28987456 0.29567625
v 3.96103909 -0.28890333 0.29863471
v 3.95886281 -0.28946256 0.30602393
v 3.95886281 -0.28995982 0.30479863
v 3.95886282 -0.29084851 0.30230783
v 3.95886280 -0.29123912 0.30104483
v 3.95886281 -0.29042189 0.30355973
v 3.95900627 -0.29151749 0.29781401
v 3.95886279 -0.29159374 0.29977063
v 3.95886281 -0.29191154 0.29848713
v 3.95924422 -0.29098799 0.29759497
v 3.95900495 -0.29242504 0.29173549
v 3.95924384 -0.29186943 0.29157805
v 3.95886279 -0.29219245 0.29719501
v 3.95886282 -0.29243647 0.29589516
v 3.95886280 -0.29264331 0.29458939
v 3.95886279 -0.29303909 0.29064309
v 3.95886279 -0.29309573 0.28932240
v 3.95886280 -0.29294493 0.29196201
v 3.95886280 -0.29281304 0.29327772
v 3.96162464 -0.28994680 0.28997255
v 3.96222903 -0.28981311 0.28989208
v 3.96220829 -0.28961165 0.29261802
v 3.96103865 -0.29017854 0.28998689
v 3.96079812 -0.29033413 0.28799994
v 3.96196123 -0.28988819 0.28799994
v 3.95886282 -0.28180535 0.31832253
v 3.95886281 -0.28265725 0.31731063
v 3.95900777 -0.27969390 0.31980172
v 3.95886282 -0.28092535 0.31930922
v 3.95886282 -0.28001725 0.32027073
v 3.95886282 -0.27908215 0.32120572
v 3.95886282 -0.27812076 0.32211373
v 3.95886282 -0.27713365 0.32299403
v 3.95900497 -0.27630654 0.32297676
v 3.95886282 -0.27508655 0.32466802
v 3.95886282 -0.27612226 0.32384552
v 3.95886282 -0.27402795 0.32546053
v 3.95900742 -0.27247255 0.32587390
v 3.95886282 -0.27294716 0.32622253
v 3.95886282 -0.27184486 0.32695362
v 3.95886282 -0.27072256 0.32765253
v 3.95924453 -0.27601490 0.32248073
v 3.95957515 -0.27568121 0.32206123
v 3.95957533 -0.27193308 0.32491367
v 3.95900712 -0.26817285 0.32845714
v 3.95886282 -0.26841966 0.32895333
v 3.95886282 -0.26958026 0.32831943
v 3.95924471 -0.27221853 0.32536752
v 3.95924477 -0.26800125 0.32791168
v 3.95886282 -0.26604616 0.33012013
v 3.95886282 -0.26724136 0.32955373
v 3.95900677 -0.26349968 0.33059987
v 3.95886282 -0.26483576 0.33065213
v 3.95886282 -0.26361026 0.33114953
v 3.95924483 -0.26340289 0.33003285
v 3.95886282 -0.26111956 0.33203843
v 3.95886282 -0.26237126 0.33161173
v 3.95900659 -0.25852166 0.33222927
v 3.95886282 -0.25858196 0.33278373
v 3.95886282 -0.25985576 0.33242923
v 3.95957581 -0.25836701 0.33113238
v 3.95957575 -0.26322115 0.32952821
v 3.95886282 -0.25729816 0.33310172
v 3.95924489 -0.25848992 0.33165445
v 3.95924495 -0.25334445 0.33271550
v 3.95886282 -0.25339985 0.33383373
v 3.95886282 -0.25077256 0.33413533
v 3.95886282 -0.25208856 0.33400323
v 3.95900665 -0.24798535 0.33373936
v 3.95886282 -0.24813216 0.33428642
v 3.95886282 -0.24945346 0.33422973
v 3.95924495 -0.24806708 0.33317317
v 3.95886282 -0.24680946 0.33430533
v 3.95886282 -0.24548686 0.33428642
v 3.95909063 -0.24437962 0.33340870
v 3.95886282 -0.24284707 0.33413553
v 3.95900677 -0.23997555 0.33324084
v 3.95886282 -0.24153126 0.33400363
v 3.95886282 -0.24416606 0.33422983
v 3.95900689 -0.23478328 0.33214469
v 3.95886282 -0.23761347 0.33338303
v 3.95957557 -0.23515394 0.33110638
v 3.95924489 -0.24013748 0.33269544
v 3.95957569 -0.24023393 0.33216785
v 3.95886282 -0.23632126 0.33310193
v 3.95886282 -0.23503756 0.33278413
v 3.95886282 -0.23124807 0.33161253
v 3.95900700 -0.22982273 0.33048220
v 3.95886282 -0.23000907 0.33115043
v 3.95886282 -0.23250006 0.33203913
v 3.95886282 -0.22757276 0.33012063
v 3.95900718 -0.22517420 0.32831247
v 3.95886282 -0.22878367 0.33065303
v 3.95886282 -0.22289676 0.32765343
v 3.95886282 -0.22403886 0.32832003
v 3.95886282 -0.22519957 0.32895363
v 3.95886282 -0.22637807 0.32955413
v 3.95886282 -0.22067197 0.32622373
v 3.95886282 -0.22177386 0.32695433
v 3.95924423 -0.21750994 0.32240159
v 3.95924435 -0.22129420 0.32529599
v 3.95886282 -0.21959087 0.32546173
v 3.95886282 -0.21549817 0.32211473
v 3.95886282 -0.21648487 0.32299483
v 3.95886282 -0.21269366 0.31930993
v 3.95886282 -0.21360167 0.32027143
v 3.95900789 -0.21373884 0.31960808
v 3.95886282 -0.21453667 0.32120653
v 3.95957431 -0.21172296 0.31561477
v 3.95924405 -0.21417600 0.31925574
v 3.95957461 -0.21457202 0.31889424
v 3.95900682 -0.20725654 0.31107230
v 3.95886281 -0.20858517 0.31413603
v 3.95886281 -0.20934707 0.31521682
v 3.95886281 -0.20715547 0.31191132
v 3.95886281 -0.20785427 0.31303363
v 3.95886281 -0.20525457 0.30843033
v 3.95924375 -0.20885553 0.31251936
v 3.95924368 -0.20683758 0.30906796
v 3.95886281 -0.20276987 0.30230872
v 3.95886281 -0.20319637 0.30356043
v 3.95886281 -0.20202507 0.29977132
v 3.95886281 -0.20237917 0.30104503
v 3.95900645 -0.20203305 0.29749363
v 3.95886281 -0.20170727 0.29848753
v 3.95900538 -0.20117142 0.29143468
v 3.95886281 -0.20097497 0.29458953
v 3.95886280 -0.20118197 0.29589592
v 3.96103808 -0.20343920 0.28996894
v 3.96162405 -0.20367138 0.28996165
v 3.96185722 -0.20370690 0.28799995
v 3.95886280 -0.20067387 0.29196242
v 3.95886280 -0.20080567 0.29327836
v 3.95886280 -0.20057937 0.29064354
v 3.96070059 -0.20322667 0.28799995
v 3.95999417 -0.20276238 0.29140809
v 3.96048714 -0.20311118 0.28998034
v 3.95886280 -0.20052277 0.28932245
v 3.95908405 -0.20131348 0.28799994
v 3.95886280 -0.20050407 0.28799993
v 3.96280154 -0.20398322 0.29197568
v 3.96280195 -0.20379349 0.28800018
v 3.96219941 -0.20383454 0.29071924
v 3.95886280 -0.20142617 0.29719550
v 3.95924350 -0.20394229 0.30227809
v 3.95924445 -0.20260328 0.29746385
v 3.95886281 -0.20365857 0.30479942
v 3.95886281 -0.20585497 0.30960853
v 3.95957377 -0.20570962 0.30544157
v 3.95957395 -0.20731730 0.30882904
v 3.95886281 -0.20648867 0.31076913
v 3.95886281 -0.21013947 0.31627542
v 3.95924393 -0.21129376 0.31593590
v 3.95886282 -0.21749677 0.32384672
v 3.95957521 -0.22576924 0.32738574
v 3.95957503 -0.22160853 0.32486145
v 3.95924453 -0.22550193 0.32785052
v 3.95924465 -0.23009094 0.32998362
v 3.95886282 -0.23376326 0.33242972
v 3.95924483 -0.23499643 0.33161900
v 3.95886282 -0.23891336 0.33362723
v 3.95886282 -0.24021937 0.33383413
v 3.95976404 -0.24424326 0.33230419
v 3.95924398 -0.20174053 0.29145944
v 3.95972904 -0.20238813 0.28799995
v 3.95957459 -0.20227651 0.29143343
v 3.96162441 -0.20862331 0.30817352
v 3.96221259 -0.20875670 0.30814053
v 3.96222452 -0.20722451 0.30492136
v 3.95924356 -0.20521142 0.30563902
v 3.95957474 -0.21786856 0.32200320
v 3.95999387 -0.21493107 0.31856657
v 3.95957545 -0.23030539 0.32949203
v 3.95999501 -0.23049768 0.32904552
v 3.95957587 -0.24806960 0.33263690
v 3.95957587 -0.25328443 0.33218248
v 3.96022067 -0.25452965 0.33124386
v 3.95957557 -0.26776462 0.32743048
v 3.95999531 -0.26754662 0.32699590
v 3.95957497 -0.27898571 0.31895716
v 3.95999489 -0.27537460 0.32168381
v 3.95924440 -0.27936141 0.31933946
v 3.95924422 -0.28225543 0.31602314
v 3.95924410 -0.28470458 0.31260885
v 3.95924398 -0.28673302 0.30915813
v 3.95924380 -0.28836871 0.30572893
v 3.95924376 -0.28964714 0.30236499
v 3.95882869 -0.29310608 0.28799995
v 3.95957347 -0.20284912 0.29579071
v 3.95957353 -0.20351275 0.29889362
v 3.95957366 -0.20445422 0.30211983
v 3.96103892 -0.21035789 0.31159285
v 3.96162447 -0.21055597 0.31147185
v 3.95957413 -0.20931206 0.31223840
v 3.95999423 -0.21819259 0.32164076
v 3.95999453 -0.22189216 0.32446663
v 3.96048913 -0.21846839 0.32133089
v 3.95999471 -0.22600964 0.32696319
v 3.96048973 -0.22621263 0.32660163
v 3.96022062 -0.23664223 0.33073489
v 3.96022050 -0.24683770 0.33192773
v 3.96048681 -0.24423886 0.33166252
v 3.95999179 -0.25952086 0.33028403
v 3.95999549 -0.26305341 0.32907191
v 3.96049056 -0.26291209 0.32868215
v 3.95957479 -0.28184278 0.31568109
v 3.95999435 -0.28146885 0.31537020
v 3.95999417 -0.28386038 0.31203227
v 3.96048931 -0.28114820 0.31510737
v 3.95957455 -0.28426239 0.31230593
v 3.95957395 -0.28914317 0.30218281
v 3.95957387 -0.29009013 0.29895506
v 3.95957378 -0.29075907 0.29584884
v 3.95957432 -0.29133609 0.29152039
v 3.95942243 -0.29164965 0.28799993
v 3.96048763 -0.20531339 0.30184802
v 3.96103832 -0.20470969 0.29861305
v 3.96048752 -0.20438990 0.29868678
v 3.95999274 -0.20332919 0.29571302
v 3.95999286 -0.20398652 0.29878344
v 3.95999297 -0.20491791 0.30197328
v 3.95999309 -0.20616119 0.30526110
v 3.95999333 -0.20775214 0.30861121
v 3.96162483 -0.21288970 0.31473540
v 3.96103910 -0.21270533 0.31487627
v 3.95999357 -0.20972544 0.31198231
v 3.96048841 -0.21244359 0.31507401
v 3.96048889 -0.21523642 0.31828572
v 3.95999381 -0.21211109 0.31532172
v 3.96048943 -0.22213406 0.32412984
v 3.96103994 -0.22232644 0.32386449
v 3.96022067 -0.23914531 0.33125386
v 3.96131335 -0.23677909 0.33009555
v 3.96022050 -0.24168751 0.33162818
v 3.96131341 -0.23924471 0.33060776
v 3.95999179 -0.23409806 0.33028403
v 3.96022056 -0.24941924 0.33185011
v 3.96022073 -0.25703231 0.33072150
v 3.96074818 -0.25936478 0.32970365
v 3.96131311 -0.25686554 0.33008951
v 3.96022044 -0.25198750 0.33162159
v 3.96049020 -0.27144263 0.32415793
v 3.96048996 -0.27511363 0.32136144
v 3.96131340 -0.27216886 0.32306484
v 3.95999501 -0.27166967 0.32450502
v 3.96194640 -0.27856318 0.31711141
v 3.96192685 -0.27706951 0.31866954
v 3.96104047 -0.27811900 0.31808610
v 3.95999465 -0.27864291 0.31861227
v 3.95999369 -0.28743720 0.30530774
v 3.95999351 -0.28868472 0.30202028
v 3.95999333 -0.28962070 0.29882770
v 3.95999315 -0.29028180 0.29575533
v 3.95999388 -0.29085201 0.29147088
v 3.96048726 -0.20332328 0.29273898
v 3.96048728 -0.20373834 0.29564533
v 3.96048781 -0.20654559 0.30510524
v 3.96048793 -0.20812288 0.30842537
v 3.96048817 -0.21007873 0.31176518
v 3.96219990 -0.21896652 0.32084867
v 3.96192548 -0.21642089 0.31854258
v 3.96131382 -0.21794918 0.32024461
v 3.96048985 -0.23065785 0.32866325
v 3.96074800 -0.23428820 0.32971401
v 3.96131329 -0.24174882 0.33097716
v 3.96049032 -0.26736246 0.32662447
v 3.96048949 -0.27835099 0.31831790
v 3.96048901 -0.28351742 0.31179923
v 3.96048883 -0.28547723 0.30845959
v 3.96048841 -0.28705851 0.30513891
v 3.96048824 -0.28829364 0.30188227
v 3.96048776 -0.29029202 0.29276921
v 3.96048751 -0.29050628 0.29000596
v 3.95999179 -0.29096289 0.28799993
v 3.96103807 -0.20365035 0.29271120
v 3.96103826 -0.20406250 0.29559357
v 3.96162422 -0.20584830 0.30168126
v 3.96221879 -0.20625187 0.30241382
v 3.96222148 -0.20550396 0.30012903
v 3.96103838 -0.20562715 0.30175200
v 3.96103850 -0.20685055 0.30498406
v 3.96103874 -0.20841591 0.30827772
v 3.96103934 -0.21547803 0.31806412
v 3.96131340 -0.21965813 0.32169645
v 3.96192858 -0.22340416 0.32417247
v 3.96131287 -0.22541212 0.32561401
v 3.96220420 -0.22661550 0.32603346
v 3.96131305 -0.22752577 0.32674009
v 3.96131305 -0.23201031 0.32866499
v 3.96131323 -0.22972763 0.32776010
v 3.96193049 -0.23433114 0.32923708
v 3.96221880 -0.23681996 0.32986753
v 3.96221880 -0.23927236 0.33037762
v 3.96221880 -0.24176307 0.33074583
v 3.96131299 -0.24427945 0.33120018
v 3.96221880 -0.24427976 0.33096832
v 3.96131341 -0.24682218 0.33127405
v 3.96131299 -0.24936622 0.33119862
v 3.96131335 -0.25189576 0.33097410
v 3.96131335 -0.25439992 0.33060321
v 3.96193151 -0.25913310 0.32928328
v 3.96131317 -0.26163413 0.32865566
v 3.96220765 -0.26271166 0.32801850
v 3.96131341 -0.26391591 0.32774940
v 3.96131299 -0.26823152 0.32559990
v 3.96131323 -0.26611771 0.32672775
v 3.96192995 -0.27007118 0.32426433
v 3.96220163 -0.27296749 0.32220577
v 3.96103779 -0.27031166 0.32449743
v 3.96103779 -0.27577126 0.32033622
v 3.96131346 -0.27398367 0.32167790
v 3.96104023 -0.28089513 0.31489878
v 3.96103981 -0.28324653 0.31161432
v 3.96222505 -0.28645960 0.30476770
v 3.96280166 -0.28562292 0.30656726
v 3.96221182 -0.28493328 0.30800473
v 3.96103969 -0.28519005 0.30830120
v 3.96103951 -0.28675848 0.30500607
v 3.96103928 -0.28798420 0.30177306
v 3.96103879 -0.28996633 0.29272860
v 3.96162488 -0.28932449 0.29556985
v 3.96103890 -0.28955231 0.29561438
v 3.96222039 -0.20421012 0.29419896
v 3.96162399 -0.20388154 0.29268908
v 3.96162405 -0.20429187 0.29555718
v 3.96162416 -0.20493597 0.29856067
v 3.96162428 -0.20706568 0.30489685
v 3.96194515 -0.21493258 0.31697701
v 3.96194736 -0.22146972 0.32283784
v 3.96220318 -0.26716357 0.32594776
v 3.96194765 -0.27545137 0.32017771
v 3.96162579 -0.28071828 0.31474877
v 3.96162573 -0.28305454 0.31148405
v 3.96162561 -0.28498732 0.30818838
v 3.96162531 -0.28654722 0.30491010
v 3.96162513 -0.28776579 0.30169465
v 3.96162500 -0.28867943 0.29857349
v 3.96162476 -0.28973598 0.29269957
v 3.96222010 -0.20473424 0.29710375
v 3.96280161 -0.20601448 0.30166880
v 3.96280166 -0.20799713 0.30656819
v 3.96221635 -0.21070414 0.31145306
v 3.96221850 -0.21303911 0.31470678
v 3.96280191 -0.21289365 0.31447729
v 3.96280191 -0.21599642 0.31801237
v 3.96280203 -0.22249819 0.32350254
v 3.96220503 -0.23108137 0.32808688
v 3.96280209 -0.23440811 0.32918036
v 3.96280185 -0.23837456 0.33019002
v 3.96280179 -0.24358807 0.33090405
v 3.96221880 -0.24680946 0.33104272
v 3.96221880 -0.24933916 0.33096832
v 3.96221880 -0.25185586 0.33074583
v 3.96221880 -0.25434656 0.33037762
v 3.96221880 -0.25679886 0.32986753
v 3.96280209 -0.25920823 0.32918149
v 3.96280179 -0.26307201 0.32783318
v 3.96280203 -0.27111841 0.32350510
v 3.96280191 -0.27762220 0.31801362
v 3.96221879 -0.28068904 0.31456756
v 3.96221641 -0.28300538 0.31131244
v 3.96221242 -0.28766162 0.30158555
v 3.96222071 -0.28856876 0.29845884
v 3.96222010 -0.28919948 0.29550176
v 3.96280154 -0.28963627 0.29197108
v 3.96280178 -0.20440997 0.29519091
v 3.96280184 -0.20494433 0.29783779
v 3.96280167 -0.21023449 0.31063534
v 3.96280173 -0.21884551 0.32067898
v 3.96280167 -0.22647589 0.32590128
v 3.96280179 -0.23054755 0.32783260
v 3.96280168 -0.24812434 0.33099128
v 3.96280185 -0.25141470 0.33075795
v 3.96280185 -0.25523992 0.33019111
v 3.96280167 -0.26714171 0.32590203
v 3.96280173 -0.27477403 0.32067982
v 3.96280191 -0.28072412 0.31447955
v 3.96280167 -0.28338545 0.31063445
v 3.96280159 -0.28760553 0.30166798
v 3.96280182 -0.28867636 0.29783102
v 3.96280176 -0.28921000 0.29518846
v 3.96280195 -0.28982555 0.28800019
v 3.95886277 -0.24680946 0.24169453
v 3.95749377 -0.24680946 0.23393043
v 3.95749378 -0.24529266 0.23395173
v 3.95886278 -0.28092525 0.25668993
v 3.95749378 -0.28712675 0.25197143
v 3.95749378 -0.28610033 0.25085483
v 3.95886278 -0.28001725 0.25572843
v 3.95749379 -0.19685557 0.26730933
v 3.95886279 -0.20415636 0.26997593
v 3.95749379 -0.19745527 0.26591673
v 3.95749379 -0.20023827 0.26052983
v 3.95886279 -0.20648866 0.26523123
v 3.95886279 -0.20715526 0.26408913
v 3.95749379 -0.28812145 0.25311643
v 3.95886279 -0.28180555 0.25767712
v 3.95749379 -0.28504324 0.24976773
v 3.95749379 -0.28908344 0.25428863
v 3.95886279 -0.28265695 0.25868862
v 3.95886279 -0.28347945 0.25972442
v 3.95749378 -0.29001238 0.25548753
v 3.95886280 -0.28427185 0.26078303
v 3.95749379 -0.29090722 0.25671202
v 3.95886279 -0.28503375 0.26186383
v 3.95749379 -0.29176731 0.25796103
v 3.95886280 -0.28576465 0.26296623
v 3.95749379 -0.29259218 0.25923383
v 3.95886278 -0.28646346 0.26408853
v 3.95749379 -0.29338086 0.26052912
v 3.95886279 -0.28713020 0.26523072
v 3.95749378 -0.29413294 0.26184603
v 3.95886278 -0.28776393 0.26639133
v 3.95749380 -0.29484788 0.26318373
v 3.95749379 -0.29552480 0.26454063
v 3.95886280 -0.28836429 0.26756953
v 3.95886279 -0.28893091 0.26876473
v 3.95749379 -0.29616351 0.26591623
v 3.95886279 -0.28946292 0.26997503
v 3.95749378 -0.29676350 0.26730923
v 3.95749379 -0.29732408 0.26871803
v 3.95886279 -0.28996035 0.27120043
v 3.95749379 -0.29784510 0.27014233
v 3.95886279 -0.29042248 0.27243943
v 3.95886280 -0.29123971 0.27495483
v 3.95749380 -0.29876615 0.27303182
v 3.95749379 -0.29832595 0.27158082
v 3.95886279 -0.29084903 0.27369113
v 3.95749380 -0.29984014 0.27745173
v 3.95749380 -0.29952355 0.27596872
v 3.95886280 -0.29219276 0.27880435
v 3.95749380 -0.29916552 0.27449503
v 3.95886280 -0.29159387 0.27622852
v 3.95886280 -0.29191164 0.27751233
v 3.95886280 -0.29243692 0.28010394
v 3.95749381 -0.30011517 0.27894324
v 3.95886278 -0.29264390 0.28141033
v 3.95749378 -0.30034826 0.28044165
v 3.95749378 -0.30053914 0.28194610
v 3.95886280 -0.29281319 0.28272150
v 3.95886281 -0.29294500 0.28403744
v 3.95749378 -0.30068761 0.28345556
v 3.95886279 -0.29303948 0.28535632
v 3.95749380 -0.30079395 0.28496812
v 3.95749380 -0.30085782 0.28648330
v 3.95886280 -0.29309617 0.28667740
v 3.95749382 -0.30087890 0.28799993
v 3.95886282 -0.29311485 0.28799993
v 3.95749378 -0.28395565 0.24871043
v 3.95886279 -0.27908225 0.25479332
v 3.95749378 -0.28283905 0.24768403
v 3.95886279 -0.27812076 0.25388513
v 3.95886278 -0.27713405 0.25300503
v 3.95749378 -0.28169435 0.24668943
v 3.95749379 -0.28052195 0.24572703
v 3.95886278 -0.27612215 0.25215313
v 3.95749378 -0.27932305 0.24479813
v 3.95886278 -0.27508656 0.25133073
v 3.95886278 -0.27402795 0.25053813
v 3.95749378 -0.27809875 0.24390323
v 3.95749378 -0.27684955 0.24304283
v 3.95886278 -0.27294695 0.24977613
v 3.95749378 -0.27557696 0.24221803
v 3.95886278 -0.27184505 0.24904553
v 3.95886279 -0.27072215 0.24834643
v 3.95749378 -0.27428155 0.24142923
v 3.95749378 -0.27296446 0.24067703
v 3.95886278 -0.26957995 0.24767983
v 3.95749378 -0.27162705 0.23996233
v 3.95886278 -0.26841936 0.24704623
v 3.95886278 -0.26724086 0.24644572
v 3.95749378 -0.27026986 0.23928523
v 3.95749378 -0.26889426 0.23864643
v 3.95886279 -0.26604616 0.24587923
v 3.95749377 -0.26750165 0.23804642
v 3.95886278 -0.26483525 0.24534683
v 3.95886278 -0.26360986 0.24484943
v 3.95749379 -0.26609226 0.23748554
v 3.95749378 -0.26466776 0.23696454
v 3.95886278 -0.26237076 0.24438733
v 3.95749379 -0.26322955 0.23648382
v 3.95886277 -0.26111886 0.24396073
v 3.95886278 -0.25985566 0.24357013
v 3.95749377 -0.26177796 0.23604352
v 3.95749377 -0.26031495 0.23564423
v 3.95886277 -0.25858136 0.24321573
v 3.95749378 -0.25884136 0.23528613
v 3.95886278 -0.25729766 0.24289793
v 3.95886279 -0.25600546 0.24261683
v 3.95749378 -0.25735796 0.23496933
v 3.95749378 -0.25586656 0.23469433
v 3.95886279 -0.25470556 0.24237263
v 3.95749377 -0.25436786 0.23446133
v 3.95886279 -0.25339956 0.24216572
v 3.95886278 -0.25208766 0.24199623
v 3.95749378 -0.25286316 0.23427032
v 3.95749377 -0.25135396 0.23412173
v 3.95886277 -0.25077186 0.24186433
v 3.95749377 -0.24984096 0.23401553
v 3.95886278 -0.24945276 0.24177003
v 3.95886278 -0.24813196 0.24171343
v 3.95749378 -0.24832606 0.23395173
v 3.95886278 -0.24416546 0.24177013
v 3.95886278 -0.24548676 0.24171343
v 3.95749377 -0.24377726 0.23401562
v 3.95886279 -0.24021906 0.24216613
v 3.95886279 -0.24153037 0.24199662
v 3.95749378 -0.23925046 0.23446162
v 3.95886279 -0.24284636 0.24186453
v 3.95749378 -0.24226456 0.23412193
v 3.95749378 -0.24075496 0.23427063
v 3.95886278 -0.23761297 0.24261703
v 3.95749377 -0.23477726 0.23528633
v 3.95886278 -0.23632076 0.24289813
v 3.95749378 -0.23775196 0.23469462
v 3.95749378 -0.23626036 0.23496964
v 3.95886278 -0.23891266 0.24237303
v 3.95749377 -0.23038907 0.23648443
v 3.95886277 -0.23249937 0.24396143
v 3.95886278 -0.23376307 0.24357063
v 3.95749377 -0.23184027 0.23604413
v 3.95886278 -0.23503686 0.24321613
v 3.95749377 -0.23330347 0.23564463
v 3.95886277 -0.22878317 0.24534773
v 3.95886277 -0.23000866 0.24485033
v 3.95749377 -0.22611727 0.23804683
v 3.95886278 -0.23124766 0.24438813
v 3.95749379 -0.22895057 0.23696534
v 3.95749377 -0.22752616 0.23748624
v 3.95886279 -0.22637747 0.24644613
v 3.95749378 -0.22199176 0.23996273
v 3.95886279 -0.22519916 0.24704652
v 3.95749379 -0.22472417 0.23864673
v 3.95749379 -0.22334857 0.23928563
v 3.95886277 -0.22757276 0.24587973
v 3.95749377 -0.21933717 0.24143023
v 3.95749379 -0.21804197 0.24221903
v 3.95886278 -0.22289636 0.24834733
v 3.95749377 -0.22065406 0.24067793
v 3.95886277 -0.22403856 0.24768043
v 3.95749378 -0.21429577 0.24479893
v 3.95886279 -0.21959096 0.25053933
v 3.95749378 -0.21552017 0.24390413
v 3.95886279 -0.22067177 0.24977733
v 3.95886278 -0.22177406 0.24904624
v 3.95749378 -0.21676916 0.24304393
v 3.95886279 -0.21648526 0.25300583
v 3.95886278 -0.21749666 0.25215434
v 3.95749378 -0.21192457 0.24668983
v 3.95886278 -0.21853236 0.25133184
v 3.95749377 -0.21309677 0.24572783
v 3.95886279 -0.21453667 0.25479413
v 3.95749378 -0.20966286 0.24871083
v 3.95749378 -0.20857576 0.24976793
v 3.95749379 -0.21077947 0.24768432
v 3.95886279 -0.21549807 0.25388613
v 3.95886279 -0.21269357 0.25669063
v 3.95749378 -0.20649216 0.25197223
v 3.95886279 -0.21181347 0.25767733
v 3.95749378 -0.20751847 0.25085553
v 3.95886278 -0.21360167 0.25572913
v 3.95749379 -0.20360677 0.25548833
v 3.95886280 -0.20934688 0.26078343
v 3.95886278 -0.21013927 0.25972483
v 3.95749378 -0.20453557 0.25428953
v 3.95886279 -0.21096167 0.25868923
v 3.95749379 -0.20549777 0.25311693
v 3.95749379 -0.20185176 0.25796193
v 3.95886279 -0.20785427 0.26296633
v 3.95886279 -0.20858487 0.26186442
v 3.95749379 -0.20271197 0.25671273
v 3.95749378 -0.19948607 0.26184683
v 3.95749380 -0.20102707 0.25923453
v 3.95886279 -0.20468847 0.26876503
v 3.95886279 -0.20525477 0.26757033
v 3.95749379 -0.19809407 0.26454123
v 3.95886279 -0.20585506 0.26639183
v 3.95749379 -0.19877127 0.26318413
v 3.95886279 -0.20365906 0.27120123
v 3.95749380 -0.19629496 0.26871873
v 3.95886279 -0.20277037 0.27369203
v 3.95749380 -0.19577417 0.27014303
v 3.95749380 -0.19529347 0.27158123
v 3.95886279 -0.20319697 0.27244014
v 3.95749380 -0.19485317 0.27303263
v 3.95886280 -0.20237977 0.27495503
v 3.95749380 -0.19445417 0.27449563
v 3.95886280 -0.20202517 0.27622923
v 3.95886280 -0.20170737 0.27751273
v 3.95749380 -0.19409517 0.27596913
v 3.95749380 -0.19377917 0.27745233
v 3.95886280 -0.20142647 0.27880485
v 3.95749380 -0.19350418 0.27894363
v 3.95886279 -0.20118247 0.28010470
v 3.95886280 -0.20097557 0.28141047
v 3.95749380 -0.19327117 0.28044215
v 3.95749380 -0.19308018 0.28194670
v 3.95886281 -0.20080587 0.28272215
v 3.95749380 -0.19293117 0.28345571
v 3.95886280 -0.20067397 0.28403785
v 3.95886280 -0.20057977 0.28535677
v 3.95749380 -0.19282517 0.28496862
v 3.95749380 -0.19276117 0.28648336
v 3.95886280 -0.20052317 0.28667746
v 3.95749380 -0.19274017 0.28799993
v 3.95886280 -0.20050407 0.28799993
v 3.95739419 -0.29762522 0.26846396
v 3.95749379 -0.29784510 0.27014233
v 3.95739730 -0.29888215 0.27213994
v 3.95749378 -0.20649216 0.25197223
v 3.95749378 -0.20751847 0.25085553
v 3.95739562 -0.20790672 0.24991165
v 3.95739568 -0.20464840 0.25355502
v 3.95749379 -0.20549777 0.25311693
v 3.95749378 -0.20453557 0.25428953
v 3.95749379 -0.20360677 0.25548833
v 3.95739621 -0.20183706 0.25732015
v 3.95749379 -0.20271197 0.25671273
v 3.95739645 -0.19945505 0.26114544
v 3.95749380 -0.20102707 0.25923453
v 3.95749379 -0.20185176 0.25796193
v 3.95749379 -0.20023827 0.26052983
v 3.95739693 -0.19747939 0.26497993
v 3.95749379 -0.19877127 0.26318413
v 3.95749378 -0.19948607 0.26184683
v 3.95739766 -0.19465531 0.27241353
v 3.95749380 -0.19577417 0.27014303
v 3.95739426 -0.19589177 0.26873153
v 3.95749379 -0.19809407 0.26454123
v 3.95749379 -0.19745527 0.26591673
v 3.95749380 -0.19629496 0.26871873
v 3.95749379 -0.19685557 0.26730933
v 3.95749380 -0.19445417 0.27449563
v 3.95749380 -0.19485317 0.27303263
v 3.95749380 -0.19529347 0.27158123
v 3.95739467 -0.19371586 0.27597210
v 3.95749380 -0.19377917 0.27745233
v 3.95749380 -0.19409517 0.27596913
v 3.95739534 -0.19305467 0.27941250
v 3.95714362 -0.19198269 0.28574578
v 3.95739575 -0.19248334 0.28421461
v 3.95721401 -0.19247459 0.28091326
v 3.95749380 -0.19327117 0.28044215
v 3.95749380 -0.19308018 0.28194670
v 3.95749380 -0.19276117 0.28648336
v 3.95731511 -0.19216973 0.28799994
v 3.95749380 -0.19274017 0.28799993
v 3.95749380 -0.19293117 0.28345571
v 3.95749380 -0.19350418 0.27894363
v 3.95749380 -0.19282517 0.28496862
v 3.95687481 -0.19167018 0.28799993
v 3.95749378 -0.20857576 0.24976793
v 3.95749378 -0.20966286 0.24871083
v 3.95714492 -0.20518081 0.25225986
v 3.95739877 -0.21165147 0.24643709
v 3.95749379 -0.21077947 0.24768432
v 3.95749378 -0.21192457 0.24668983
v 3.95749377 -0.21309677 0.24572783
v 3.95749378 -0.21429577 0.24479893
v 3.95749378 -0.21552017 0.24390413
v 3.95739465 -0.21583915 0.24321797
v 3.95749378 -0.21676916 0.24304393
v 3.95749379 -0.21804197 0.24221903
v 3.95749377 -0.21933717 0.24143023
v 3.95739818 -0.22045930 0.24035997
v 3.95749377 -0.22065406 0.24067793
v 3.95749378 -0.22199176 0.23996273
v 3.95714474 -0.21798089 0.24129705
v 3.95749379 -0.22334857 0.23928563
v 3.95739799 -0.22550895 0.23789670
v 3.95749379 -0.22472417 0.23864673
v 3.95749377 -0.22611727 0.23804683
v 3.95749377 -0.22752616 0.23748624
v 3.95749379 -0.22895057 0.23696534
v 3.95749377 -0.23038907 0.23648443
v 3.95739371 -0.23083792 0.23594258
v 3.95749377 -0.23184027 0.23604413
v 3.95749377 -0.23330347 0.23564463
v 3.95749377 -0.23477726 0.23528633
v 3.95739740 -0.23643311 0.23455259
v 3.95749378 -0.23626036 0.23496964
v 3.95749378 -0.23775196 0.23469462
v 3.95714790 -0.23225078 0.23510506
v 3.95749378 -0.23925046 0.23446162
v 3.95749378 -0.24075496 0.23427063
v 3.95739746 -0.24224494 0.23374613
v 3.95749378 -0.24226456 0.23412193
v 3.95749377 -0.24377726 0.23401562
v 3.95714782 -0.23798549 0.23385229
v 3.95749378 -0.24529266 0.23395173
v 3.95749377 -0.24680946 0.23393043
v 3.95739746 -0.24813350 0.23357050
v 3.95749378 -0.24832606 0.23395173
v 3.95749377 -0.24984096 0.23401553
v 3.95749378 -0.25286316 0.23427032
v 3.95749377 -0.25436786 0.23446133
v 3.95739757 -0.25399671 0.23403128
v 3.95749378 -0.25884136 0.23528613
v 3.95739764 -0.25974072 0.23511312
v 3.95749378 -0.25735796 0.23496933
v 3.95749377 -0.26177796 0.23604352
v 3.95749379 -0.26322955 0.23648382
v 3.95749379 -0.26609226 0.23748554
v 3.95749377 -0.26750165 0.23804642
v 3.95739406 -0.26522001 0.23675534
v 3.95749378 -0.27162705 0.23996233
v 3.95739811 -0.27290089 0.24021762
v 3.95749378 -0.27026986 0.23928523
v 3.95739691 -0.26918659 0.23838584
v 3.95714575 -0.26816690 0.23744229
v 3.95749378 -0.27557696 0.24221803
v 3.95749378 -0.27684955 0.24304283
v 3.95739442 -0.27753694 0.24305053
v 3.95739876 -0.28174616 0.24625092
v 3.95715248 -0.27794603 0.24281822
v 3.95749379 -0.28052195 0.24572703
v 3.95749378 -0.27932305 0.24479813
v 3.95749379 -0.28504324 0.24976773
v 3.95739573 -0.28550676 0.24970331
v 3.95749378 -0.28395565 0.24871043
v 3.95739556 -0.28878815 0.25333265
v 3.95749379 -0.28908344 0.25428863
v 3.95749378 -0.29001238 0.25548753
v 3.95749379 -0.28812145 0.25311643
v 3.95749379 -0.29176731 0.25796103
v 3.95749379 -0.29259218 0.25923383
v 3.95739598 -0.29162036 0.25708401
v 3.95749379 -0.29338086 0.26052912
v 3.95749378 -0.29413294 0.26184603
v 3.95739633 -0.29402226 0.26089699
v 3.95739699 -0.29601829 0.26472204
v 3.95749380 -0.29484788 0.26318373
v 3.95749379 -0.29732408 0.26871803
v 3.95749378 -0.29676350 0.26730923
v 3.95749379 -0.29616351 0.26591623
v 3.95714963 -0.29554278 0.26278623
v 3.95714189 -0.29693195 0.26567280
v 3.95687480 -0.29648855 0.26407713
v 3.95749380 -0.29916552 0.27449503
v 3.95749380 -0.29876615 0.27303182
v 3.95749379 -0.29832595 0.27158082
v 3.95739461 -0.29984410 0.27571420
v 3.95749380 -0.29952355 0.27596872
v 3.95749380 -0.29984014 0.27745173
v 3.95739484 -0.30051893 0.27912440
v 3.95749381 -0.30011517 0.27894324
v 3.95749378 -0.30034826 0.28044165
v 3.95739807 -0.30111583 0.28400539
v 3.95749380 -0.30079395 0.28496812
v 3.95749378 -0.30068761 0.28345556
v 3.95749378 -0.30053914 0.28194610
v 3.95749380 -0.30085782 0.28648330
v 3.95687482 -0.30194866 0.28799993
v 3.95687481 -0.30192677 0.28645337
v 3.95727881 -0.30151159 0.28799992
v 3.95687479 -0.30186173 0.28490863
v 3.95714355 -0.30163338 0.28567074
v 3.95749382 -0.30087890 0.28799993
v 3.95749379 -0.29552480 0.26454063
v 3.95714879 -0.28924889 0.25321456
v 3.95749379 -0.29090722 0.25671202
v 3.95749378 -0.28712675 0.25197143
v 3.95749378 -0.28610033 0.25085483
v 3.95749378 -0.28283905 0.24768403
v 3.95749378 -0.28169435 0.24668943
v 3.95749378 -0.27809875 0.24390323
v 3.95749378 -0.27428155 0.24142923
v 3.95749378 -0.27296446 0.24067703
v 3.95749378 -0.26889426 0.23864643
v 3.95749378 -0.26466776 0.23696454
v 3.95749377 -0.26031495 0.23564423
v 3.95749378 -0.25586656 0.23469433
v 3.95749377 -0.25135396 0.23412173
v 3.95714171 -0.29936284 0.27219322
v 3.95714826 -0.28596888 0.24955707
v 3.95687478 -0.28579963 0.24901173
v 3.95687479 -0.28469075 0.24793343
v 3.95687478 -0.27996645 0.24394413
v 3.95687479 -0.27871785 0.24303163
v 3.95687478 -0.27073446 0.23832183
v 3.95687479 -0.26933156 0.23767012
v 3.95687477 -0.24371796 0.23294743
v 3.95714754 -0.24387482 0.23321630
v 3.95687477 -0.24526286 0.23288244
v 3.95714772 -0.24091744 0.23345525
v 3.95687479 -0.24217496 0.23305582
v 3.95687479 -0.24063596 0.23320733
v 3.95714468 -0.20027813 0.25890587
v 3.95714564 -0.20290691 0.25507333
v 3.95687479 -0.20096196 0.25736683
v 3.95715022 -0.19812787 0.26268830
v 3.95687480 -0.19854956 0.26132863
v 3.95714468 -0.30140761 0.28252090
v 3.95687479 -0.30175355 0.28336572
v 3.95714577 -0.30097617 0.27923405
v 3.95714666 -0.30031002 0.27581424
v 3.95714850 -0.29809698 0.26849909
v 3.95714331 -0.29339773 0.25899407
v 3.95714342 -0.29144531 0.25609137
v 3.95714104 -0.28219400 0.24604087
v 3.95714342 -0.27330440 0.23993249
v 3.95687479 -0.26647415 0.23648673
v 3.95687479 -0.26791116 0.23705843
v 3.95687479 -0.26355476 0.23546522
v 3.95715517 -0.26281354 0.23551598
v 3.95687478 -0.26502145 0.23595553
v 3.95714754 -0.25859491 0.23441858
v 3.95714748 -0.25570167 0.23386310
v 3.95714741 -0.25277158 0.23346254
v 3.95714741 -0.24981488 0.23322003
v 3.95714742 -0.24684463 0.23313757
v 3.95687479 -0.23757306 0.23363974
v 3.95687477 -0.23910156 0.23340202
v 3.95687477 -0.23453956 0.23424313
v 3.95714784 -0.23509279 0.23440378
v 3.95687479 -0.23605226 0.23392024
v 3.95687478 -0.23154476 0.23501554
v 3.95687478 -0.23303666 0.23460844
v 3.95687478 -0.22859766 0.23595494
v 3.95715440 -0.22816403 0.23639430
v 3.95687478 -0.23006456 0.23546454
v 3.95714462 -0.22293674 0.23857909
v 3.95687478 -0.21617497 0.24215354
v 3.95687478 -0.21747287 0.24131233
v 3.95687479 -0.21490127 0.24303073
v 3.95714992 -0.21356255 0.24434354
v 3.95687478 -0.20781937 0.24901103
v 3.95714909 -0.20772893 0.24947836
v 3.95687478 -0.20892817 0.24793294
v 3.95714551 -0.21049981 0.24686838
v 3.95687478 -0.20369897 0.25362173
v 3.95714219 -0.19672783 0.26558239
v 3.95714867 -0.19556233 0.26839392
v 3.95714158 -0.19428755 0.27208902
v 3.95716478 -0.19340573 0.27550331
v 3.95688285 -0.19185790 0.28335299
v 3.95687481 -0.19175717 0.28490814
v 3.95687480 -0.29506892 0.26132923
v 3.95687479 -0.29265646 0.25736753
v 3.95687478 -0.27614615 0.24131323
v 3.95687478 -0.26058246 0.23460872
v 3.95687477 -0.25756725 0.23392033
v 3.95687477 -0.25451796 0.23340232
v 3.95687478 -0.25144426 0.23305594
v 3.95687478 -0.22570806 0.23705804
v 3.95687479 -0.19713017 0.26407643
v 3.95688714 -0.19271637 0.27724053
v 3.95688696 -0.19219316 0.28032877
v 3.95687482 -0.30160191 0.28182690
v 3.95687482 -0.30140708 0.28029263
v 3.95687482 -0.30116947 0.27876428
v 3.95687480 -0.30088918 0.27724364
v 3.95687480 -0.30056626 0.27573113
v 3.95687481 -0.30020087 0.27422823
v 3.95687481 -0.29979363 0.27273642
v 3.95687480 -0.29934469 0.27125643
v 3.95687480 -0.29885448 0.26978953
v 3.95687480 -0.29832347 0.26833713
v 3.95687479 -0.29775182 0.26690003
v 3.95687480 -0.29713994 0.26547963
v 3.95687480 -0.29579799 0.26269323
v 3.95687480 -0.29430198 0.25998643
v 3.95687479 -0.29349755 0.25866533
v 3.95687479 -0.29177938 0.25609383
v 3.95687478 -0.29086677 0.25484503
v 3.95687480 -0.28991960 0.25362243
v 3.95687479 -0.28893857 0.25242693
v 3.95687478 -0.28792423 0.25125923
v 3.95687479 -0.28687768 0.25012063
v 3.95687479 -0.28355215 0.24688672
v 3.95687479 -0.28238475 0.24587243
v 3.95687479 -0.28118895 0.24489122
v 3.95687479 -0.27744386 0.24215433
v 3.95687479 -0.27482526 0.24050883
v 3.95687478 -0.27348216 0.23974153
v 3.95687478 -0.27211826 0.23901243
v 3.95687478 -0.26207476 0.23501612
v 3.95687478 -0.25907976 0.23424344
v 3.95687477 -0.25604605 0.23363994
v 3.95687477 -0.25298366 0.23320762
v 3.95687479 -0.24990156 0.23294752
v 3.95687477 -0.24835626 0.23288244
v 3.95687477 -0.24680946 0.23286072
v 3.95687478 -0.22714526 0.23648613
v 3.95687478 -0.22428756 0.23767004
v 3.95687478 -0.22288497 0.23832134
v 3.95687478 -0.22150087 0.23901183
v 3.95687478 -0.22013686 0.23974084
v 3.95687479 -0.21879396 0.24050783
v 3.95687479 -0.21365247 0.24394353
v 3.95687478 -0.21242996 0.24489083
v 3.95687480 -0.21123457 0.24587193
v 3.95687479 -0.21006686 0.24688633
v 3.95687478 -0.20674107 0.25011993
v 3.95687478 -0.20569447 0.25125853
v 3.95687479 -0.20468027 0.25242603
v 3.95687480 -0.20275177 0.25484423
v 3.95687479 -0.20183927 0.25609283
v 3.95687480 -0.20012097 0.25866453
v 3.95687479 -0.19931667 0.25998553
v 3.95687479 -0.19782067 0.26269253
v 3.95687479 -0.19647877 0.26547933
v 3.95687480 -0.19586717 0.26689963
v 3.95687479 -0.19529547 0.26833663
v 3.95687481 -0.19476417 0.26978923
v 3.95687481 -0.19427417 0.27125583
v 3.95687480 -0.19382516 0.27273573
v 3.95687480 -0.19341717 0.27422793
v 3.95687480 -0.19305217 0.27573053
v 3.95687480 -0.19244917 0.27876412
v 3.95687480 -0.19201717 0.28182635
v 3.95687481 -0.19169217 0.28645332
v 3.95687481 -0.19175717 0.29109123
v 3.95714410 -0.19198656 0.29033340
v 3.95687481 -0.19169217 0.28954648
v 3.95727857 -0.19210679 0.28799994
v 3.95687481 -0.19167018 0.28799993
v 3.95749381 -0.19327117 0.29555771
v 3.95749380 -0.19308018 0.29405315
v 3.95739832 -0.19250329 0.29199293
v 3.95739486 -0.19378081 0.30030995
v 3.95749381 -0.19445417 0.30150423
v 3.95749380 -0.19409517 0.30003073
v 3.95749381 -0.19529347 0.30441862
v 3.95749381 -0.19485317 0.30296723
v 3.95739767 -0.19473804 0.30386055
v 3.95739713 -0.19760106 0.31127821
v 3.95749381 -0.19809407 0.31145863
v 3.95749381 -0.19745527 0.31008313
v 3.95749382 -0.20102707 0.31676533
v 3.95739648 -0.19959659 0.31510237
v 3.95739624 -0.20199957 0.31891651
v 3.95749381 -0.19948607 0.31415302
v 3.95749381 -0.19877127 0.31281573
v 3.95749382 -0.20271197 0.31928713
v 3.95749382 -0.20360677 0.32051153
v 3.95714865 -0.20437000 0.32278556
v 3.95739571 -0.20483186 0.32266807
v 3.95749382 -0.20751847 0.32514432
v 3.95749382 -0.20649217 0.32402763
v 3.95739583 -0.20811174 0.32629591
v 3.95749382 -0.20549777 0.32288292
v 3.95749382 -0.20453557 0.32171033
v 3.95739887 -0.21187325 0.32974915
v 3.95749382 -0.20966287 0.32728903
v 3.95749382 -0.21552017 0.33209573
v 3.95749382 -0.21429577 0.33120093
v 3.95739470 -0.21608321 0.33294969
v 3.95749382 -0.21309677 0.33027203
v 3.95749382 -0.21192457 0.32931003
v 3.95739834 -0.22071816 0.33578193
v 3.95749382 -0.21804197 0.33378083
v 3.95749382 -0.22472417 0.33735313
v 3.95749382 -0.22334857 0.33671423
v 3.95739696 -0.22443269 0.33761408
v 3.95749382 -0.22199176 0.33603713
v 3.95749382 -0.22065406 0.33532193
v 3.95749383 -0.23184026 0.33995572
v 3.95749383 -0.23038907 0.33951542
v 3.95739775 -0.23387826 0.34088654
v 3.95749383 -0.23775196 0.34130523
v 3.95739769 -0.23962241 0.34196851
v 3.95749383 -0.23925047 0.34153822
v 3.95739751 -0.24548535 0.34242931
v 3.95749382 -0.24377726 0.34198423
v 3.95749382 -0.24226456 0.34187793
v 3.95749382 -0.24832606 0.34204813
v 3.95749383 -0.24680946 0.34206942
v 3.95749383 -0.25135396 0.34187812
v 3.95739745 -0.25137362 0.34225381
v 3.95749383 -0.25286316 0.34172953
v 3.95749383 -0.25436786 0.34153852
v 3.95749383 -0.25884136 0.34071372
v 3.95749383 -0.25735796 0.34103052
v 3.95739738 -0.25718558 0.34144746
v 3.95749383 -0.26466776 0.33903534
v 3.95749382 -0.26322956 0.33951603
v 3.95739364 -0.26278044 0.34005779
v 3.95739793 -0.26810996 0.33810339
v 3.95749383 -0.26609226 0.33851433
v 3.95739810 -0.27315911 0.33564051
v 3.95749382 -0.27026986 0.33671463
v 3.95749382 -0.27296446 0.33532283
v 3.95749382 -0.27428156 0.33457063
v 3.95749382 -0.27162706 0.33603753
v 3.95749382 -0.27557695 0.33378183
v 3.95739452 -0.27778051 0.33278184
v 3.95749382 -0.27684956 0.33295703
v 3.95749382 -0.27809875 0.33209663
v 3.95739875 -0.28196800 0.32956255
v 3.95749382 -0.28395566 0.32728943
v 3.95749382 -0.28283905 0.32831583
v 3.95739553 -0.28571129 0.32608932
v 3.95749382 -0.28504324 0.32623213
v 3.95749382 -0.28610033 0.32514502
v 3.95714519 -0.28843808 0.32373953
v 3.95739553 -0.28897126 0.32244441
v 3.95749382 -0.28712675 0.32402843
v 3.95749382 -0.28812145 0.32288343
v 3.95749382 -0.28908344 0.32171123
v 3.95749382 -0.29001238 0.32051234
v 3.95749382 -0.29090722 0.31928783
v 3.95739606 -0.29178244 0.31867964
v 3.95749382 -0.29176731 0.31803883
v 3.95749382 -0.29259218 0.31676603
v 3.95739636 -0.29416378 0.31485501
v 3.95749381 -0.29338086 0.31547073
v 3.95749381 -0.29484788 0.31281613
v 3.95739684 -0.29613964 0.31102035
v 3.95749381 -0.29413295 0.31415383
v 3.95749381 -0.29552480 0.31145923
v 3.95749381 -0.29676350 0.30869063
v 3.95749381 -0.29616351 0.31008363
v 3.95739415 -0.29772708 0.30726906
v 3.95749381 -0.29732408 0.30728183
v 3.95749381 -0.29784510 0.30585753
v 3.95739731 -0.29896427 0.30358768
v 3.95749381 -0.29832595 0.30441903
v 3.95749381 -0.29876615 0.30296803
v 3.95749381 -0.29916552 0.30150483
v 3.95739457 -0.29990836 0.30000528
v 3.95749381 -0.29952355 0.30003113
v 3.95749381 -0.29984015 0.29854812
v 3.95739497 -0.30056509 0.29659016
v 3.95749381 -0.30011517 0.29705662
v 3.95749381 -0.30034826 0.29555821
v 3.95739541 -0.30113620 0.29178540
v 3.95749380 -0.30053914 0.29405376
v 3.95731554 -0.30144823 0.28799991
v 3.95749382 -0.30087890 0.28799993
v 3.95749379 -0.30085782 0.28951656
v 3.95721396 -0.30114402 0.29509314
v 3.95714379 -0.30163645 0.29024812
v 3.95749379 -0.30068761 0.29254430
v 3.95749379 -0.30079395 0.29103174
v 3.95687482 -0.30194866 0.28799993
v 3.95749382 -0.28169435 0.32931043
v 3.95749382 -0.28052195 0.33027283
v 3.95749382 -0.27932305 0.33120173
v 3.95714478 -0.27563794 0.33470285
v 3.95749382 -0.26889426 0.33735343
v 3.95749383 -0.26750166 0.33795342
v 3.95749382 -0.26031496 0.34035562
v 3.95749382 -0.26177795 0.33995633
v 3.95749383 -0.25586656 0.34130553
v 3.95714794 -0.26136819 0.34089479
v 3.95714788 -0.25563341 0.34214756
v 3.95749383 -0.24984096 0.34198434
v 3.95749382 -0.24529266 0.34204813
v 3.95749383 -0.24075496 0.34172923
v 3.95749383 -0.23330346 0.34035522
v 3.95749383 -0.23477726 0.34071353
v 3.95749382 -0.23626036 0.34103023
v 3.95739423 -0.22839950 0.33924437
v 3.95749383 -0.22895057 0.33903453
v 3.95749382 -0.22752617 0.33851363
v 3.95749383 -0.22611727 0.33795303
v 3.95714580 -0.22545213 0.33855763
v 3.95749382 -0.21933717 0.33456963
v 3.95749382 -0.21676917 0.33295593
v 3.95749382 -0.21077947 0.32831553
v 3.95715253 -0.21567292 0.33318170
v 3.95749382 -0.20857577 0.32623193
v 3.95749381 -0.20023827 0.31547003
v 3.95749382 -0.20185177 0.31803793
v 3.95749381 -0.19377917 0.29854753
v 3.95739528 -0.19310056 0.29687090
v 3.95749381 -0.19685557 0.30869053
v 3.95739427 -0.19599330 0.30753446
v 3.95749381 -0.19629497 0.30728113
v 3.95749381 -0.19577417 0.30585683
v 3.95714185 -0.19668693 0.31032714
v 3.95687482 -0.19713037 0.31192273
v 3.95714966 -0.19807564 0.31321268
v 3.95749381 -0.19350417 0.29705623
v 3.95749380 -0.19293117 0.29254414
v 3.95749380 -0.19282517 0.29103123
v 3.95749380 -0.19276117 0.28951649
v 3.95749380 -0.19274017 0.28799993
v 3.95714119 -0.19425527 0.30380590
v 3.95714841 -0.20765039 0.32644295
v 3.95687483 -0.20781927 0.32698813
v 3.95687483 -0.20892817 0.32806643
v 3.95687483 -0.21365247 0.33205573
v 3.95687483 -0.21490107 0.33296822
v 3.95687483 -0.22288446 0.33767803
v 3.95687484 -0.22428737 0.33832974
v 3.95687484 -0.24990096 0.34305242
v 3.95714758 -0.24974410 0.34278356
v 3.95687484 -0.24835606 0.34311742
v 3.95714777 -0.25270150 0.34254459
v 3.95687484 -0.25144396 0.34294403
v 3.95687483 -0.25298296 0.34279253
v 3.95714465 -0.29334015 0.31709513
v 3.95714573 -0.29071134 0.32092724
v 3.95687482 -0.29265688 0.31863303
v 3.95715019 -0.29549075 0.31331226
v 3.95687482 -0.29506933 0.31467123
v 3.95714404 -0.19221096 0.29348213
v 3.95687481 -0.19186517 0.29263414
v 3.95714327 -0.19263913 0.29676416
v 3.95714703 -0.19330900 0.30018484
v 3.95714876 -0.19552233 0.30750099
v 3.95714334 -0.20022069 0.31700505
v 3.95714334 -0.20217324 0.31990838
v 3.95714102 -0.21142421 0.32995849
v 3.95714341 -0.22031503 0.33606777
v 3.95687484 -0.22714476 0.33951313
v 3.95687484 -0.22570767 0.33894143
v 3.95687484 -0.23006417 0.34053463
v 3.95715528 -0.23080529 0.34048382
v 3.95687484 -0.22859746 0.34004432
v 3.95714759 -0.23502406 0.34158129
v 3.95714753 -0.23791718 0.34213674
v 3.95714746 -0.24084737 0.34253733
v 3.95714746 -0.24380406 0.34277983
v 3.95714747 -0.24677428 0.34286228
v 3.95687483 -0.25604586 0.34236012
v 3.95687483 -0.25451736 0.34259783
v 3.95687483 -0.25907926 0.34175673
v 3.95714788 -0.25852617 0.34159608
v 3.95687483 -0.25756666 0.34207962
v 3.95687482 -0.26207416 0.34098433
v 3.95687483 -0.26058225 0.34139143
v 3.95687484 -0.26502125 0.34004492
v 3.95715443 -0.26545483 0.33960562
v 3.95687482 -0.26355425 0.34053533
v 3.95714466 -0.27068154 0.33742098
v 3.95687483 -0.27744396 0.33384633
v 3.95687483 -0.27614606 0.33468753
v 3.95687483 -0.27871765 0.33296913
v 3.95715002 -0.28005654 0.33165611
v 3.95687483 -0.28579953 0.32698883
v 3.95714901 -0.28589008 0.32652169
v 3.95687483 -0.28469066 0.32806693
v 3.95714573 -0.28311948 0.32913081
v 3.95687482 -0.28991993 0.32237813
v 3.95714226 -0.29689113 0.31041730
v 3.95714876 -0.29805625 0.30760670
v 3.95714214 -0.29933183 0.30390697
v 3.95716342 -0.30021412 0.30049954
v 3.95688287 -0.30176079 0.29264785
v 3.95687479 -0.30186201 0.29109172
v 3.95687482 -0.19854997 0.31467062
v 3.95687482 -0.20096247 0.31863233
v 3.95687483 -0.21747276 0.33468663
v 3.95687484 -0.23303636 0.34139112
v 3.95687484 -0.23605166 0.34207952
v 3.95687483 -0.23910087 0.34259753
v 3.95687483 -0.24217466 0.34294393
v 3.95687482 -0.26791086 0.33894183
v 3.95687482 -0.29648870 0.31192343
v 3.95688715 -0.30090178 0.29876123
v 3.95688699 -0.30142591 0.29566771
v 3.95687481 -0.19201717 0.29417296
v 3.95687481 -0.19221217 0.29570723
v 3.95687481 -0.19244917 0.29723558
v 3.95687481 -0.19273017 0.29875623
v 3.95687481 -0.19305217 0.30026873
v 3.95687481 -0.19341817 0.30177163
v 3.95687481 -0.19382517 0.30326343
v 3.95687482 -0.19427417 0.30474343
v 3.95687482 -0.19476417 0.30621033
v 3.95687482 -0.19529548 0.30766273
v 3.95687482 -0.19586707 0.30909983
v 3.95687482 -0.19647897 0.31052022
v 3.95687482 -0.19782097 0.31330662
v 3.95687482 -0.19931697 0.31601343
v 3.95687482 -0.20012137 0.31733453
v 3.95687482 -0.20183957 0.31990603
v 3.95687482 -0.20275217 0.32115483
v 3.95687482 -0.20369926 0.32237743
v 3.95687482 -0.20468037 0.32357293
v 3.95687482 -0.20569467 0.32474063
v 3.95687483 -0.20674117 0.32587923
v 3.95687483 -0.21006666 0.32911313
v 3.95687483 -0.21123417 0.33012743
v 3.95687483 -0.21242987 0.33110863
v 3.95687483 -0.21617497 0.33384553
v 3.95687483 -0.21879367 0.33549103
v 3.95687483 -0.22013676 0.33625833
v 3.95687483 -0.22150057 0.33698742
v 3.95687484 -0.23154416 0.34098372
v 3.95687484 -0.23453917 0.34175644
v 3.95687484 -0.23757286 0.34235993
v 3.95687483 -0.24063526 0.34279223
v 3.95687484 -0.24371726 0.34305233
v 3.95687484 -0.24526266 0.34311742
v 3.95687483 -0.24680946 0.34313913
v 3.95687484 -0.26647366 0.33951372
v 3.95687484 -0.26933136 0.33832983
v 3.95687483 -0.27073395 0.33767853
v 3.95687483 -0.27211795 0.33698803
v 3.95687483 -0.27348205 0.33625903
v 3.95687483 -0.27482495 0.33549203
v 3.95687483 -0.27996636 0.33205633
v 3.95687483 -0.28118896 0.33110903
v 3.95687483 -0.28238435 0.33012793
v 3.95687483 -0.28355206 0.32911353
v 3.95687483 -0.28687782 0.32587993
v 3.95687482 -0.28792442 0.32474133
v 3.95687482 -0.28893868 0.32357384
v 3.95687482 -0.29086709 0.32115563
v 3.95687482 -0.29177961 0.31990703
v 3.95687482 -0.29349791 0.31733533
v 3.95687482 -0.29430225 0.31601433
v 3.95687482 -0.29579826 0.31330733
v 3.95687482 -0.29714011 0.31052053
v 3.95687482 -0.29775174 0.30910023
v 3.95687482 -0.29832342 0.30766322
v 3.95687482 -0.29885481 0.30621063
v 3.95687482 -0.29934508 0.30474403
v 3.95687481 -0.29979408 0.30326413
v 3.95687481 -0.30020139 0.30177193
v 3.95687480 -0.30056649 0.30026933
v 3.95687481 -0.30116980 0.29723573
v 3.95687483 -0.30160218 0.29417351
v 3.95687481 -0.30192715 0.28954654
v 3.95749379 -0.30085782 0.28951656
v 3.95886282 -0.29311485 0.28799993
v 3.95886279 -0.29309573 0.28932240
v 3.95886279 -0.29303909 0.29064309
v 3.95749379 -0.30068761 0.29254430
v 3.95749379 -0.30079395 0.29103174
v 3.95749381 -0.30034826 0.29555821
v 3.95886280 -0.29264331 0.29458939
v 3.95749381 -0.30011517 0.29705662
v 3.95886280 -0.29281304 0.29327772
v 3.95749380 -0.30053914 0.29405376
v 3.95886280 -0.29294493 0.29196201
v 3.95886279 -0.29159374 0.29977063
v 3.95749381 -0.29916552 0.30150483
v 3.95886281 -0.29191154 0.29848713
v 3.95886279 -0.29219245 0.29719501
v 3.95749381 -0.29984015 0.29854812
v 3.95886282 -0.29243647 0.29589516
v 3.95749381 -0.29784510 0.30585753
v 3.95886282 -0.29084851 0.30230783
v 3.95886281 -0.29042189 0.30355973
v 3.95749381 -0.29876615 0.30296803
v 3.95886280 -0.29123912 0.30104483
v 3.95749381 -0.29832595 0.30441903
v 3.95886281 -0.28893041 0.30723483
v 3.95749381 -0.29552480 0.31145923
v 3.95749381 -0.29616351 0.31008363
v 3.95886281 -0.28946256 0.30602393
v 3.95749381 -0.29676350 0.30869063
v 3.95886281 -0.28995982 0.30479863
v 3.95749381 -0.29338086 0.31547073
v 3.95886281 -0.28713021 0.31076863
v 3.95886281 -0.28646366 0.31191073
v 3.95749381 -0.29484788 0.31281613
v 3.95886281 -0.28776384 0.30960802
v 3.95749381 -0.29413295 0.31415383
v 3.95886281 -0.28347965 0.31627503
v 3.95749382 -0.29001238 0.32051234
v 3.95886281 -0.28427205 0.31521643
v 3.95886281 -0.28503405 0.31413543
v 3.95749382 -0.29176731 0.31803883
v 3.95886281 -0.28576460 0.31303353
v 3.95749382 -0.28712675 0.32402843
v 3.95886282 -0.28092535 0.31930922
v 3.95749382 -0.28610033 0.32514502
v 3.95749382 -0.28908344 0.32171123
v 3.95886281 -0.28265725 0.31731063
v 3.95749382 -0.28812145 0.32288343
v 3.95886282 -0.27713365 0.32299403
v 3.95749382 -0.28283905 0.32831583
v 3.95886282 -0.27812076 0.32211373
v 3.95749382 -0.28395566 0.32728943
v 3.95749382 -0.28504324 0.32623213
v 3.95886282 -0.27908215 0.32120572
v 3.95886282 -0.27402795 0.32546053
v 3.95886282 -0.27294716 0.32622253
v 3.95749382 -0.27809875 0.33209663
v 3.95886282 -0.27612226 0.32384552
v 3.95886282 -0.27508655 0.32466802
v 3.95749382 -0.28052195 0.33027283
v 3.95749382 -0.27296446 0.33532283
v 3.95749382 -0.27428156 0.33457063
v 3.95886282 -0.26958026 0.32831943
v 3.95749382 -0.27557695 0.33378183
v 3.95749382 -0.27684956 0.33295703
v 3.95886282 -0.27184486 0.32695362
v 3.95886282 -0.26604616 0.33012013
v 3.95886282 -0.26483576 0.33065213
v 3.95749382 -0.26889426 0.33735343
v 3.95886282 -0.26841966 0.32895333
v 3.95886282 -0.26724136 0.32955373
v 3.95749382 -0.27162706 0.33603753
v 3.95749382 -0.26322956 0.33951603
v 3.95749383 -0.26466776 0.33903534
v 3.95886282 -0.26111956 0.33203843
v 3.95749383 -0.26609226 0.33851433
v 3.95749383 -0.26750166 0.33795342
v 3.95886282 -0.26361026 0.33114953
v 3.95886282 -0.25729816 0.33310172
v 3.95886282 -0.25600596 0.33338283
v 3.95749383 -0.25884136 0.34071372
v 3.95886282 -0.25985576 0.33242923
v 3.95886282 -0.25858196 0.33278373
v 3.95749382 -0.26177795 0.33995633
v 3.95886282 -0.25208856 0.33400323
v 3.95749383 -0.25436786 0.34153852
v 3.95886282 -0.25339985 0.33383373
v 3.95749383 -0.25586656 0.34130553
v 3.95749383 -0.25735796 0.34103052
v 3.95886282 -0.25470626 0.33362682
v 3.95749383 -0.24984096 0.34198434
v 3.95886282 -0.24945346 0.33422973
v 3.95886282 -0.24813216 0.33428642
v 3.95749383 -0.25286316 0.34172953
v 3.95886282 -0.25077256 0.33413533
v 3.95749383 -0.25135396 0.34187812
v 3.95886282 -0.24548686 0.33428642
v 3.95886282 -0.24416606 0.33422983
v 3.95749382 -0.24377726 0.34198423
v 3.95886282 -0.24680946 0.33430533
v 3.95749382 -0.24529266 0.34204813
v 3.95749383 -0.24680946 0.34206942
v 3.95886282 -0.24153126 0.33400363
v 3.95749383 -0.23925047 0.34153822
v 3.95749383 -0.24075496 0.34172923
v 3.95886282 -0.24284707 0.33413553
v 3.95749382 -0.24226456 0.34187793
v 3.95749383 -0.23477726 0.34071353
v 3.95749382 -0.23626036 0.34103023
v 3.95886282 -0.23761347 0.33338303
v 3.95749383 -0.23775196 0.34130523
v 3.95886282 -0.24021937 0.33383413
v 3.95886282 -0.23891336 0.33362723
v 3.95749383 -0.23184026 0.33995572
v 3.95886282 -0.23503756 0.33278413
v 3.95886282 -0.23376326 0.33242972
v 3.95886282 -0.23632126 0.33310193
v 3.95749383 -0.23330346 0.34035522
v 3.95886282 -0.23124807 0.33161253
v 3.95886282 -0.23000907 0.33115043
v 3.95749382 -0.22752617 0.33851363
v 3.95886282 -0.23250006 0.33203913
v 3.95749383 -0.22895057 0.33903453
v 3.95749383 -0.23038907 0.33951542
v 3.95886282 -0.22757276 0.33012063
v 3.95749382 -0.22334857 0.33671423
v 3.95749382 -0.22472417 0.33735313
v 3.95886282 -0.22878367 0.33065303
v 3.95749383 -0.22611727 0.33795303
v 3.95886282 -0.22519957 0.32895363
v 3.95749382 -0.22065406 0.33532193
v 3.95749382 -0.22199176 0.33603713
v 3.95886282 -0.22637807 0.32955413
v 3.95886282 -0.22177386 0.32695433
v 3.95749382 -0.21804197 0.33378083
v 3.95886282 -0.22289676 0.32765343
v 3.95749382 -0.21933717 0.33456963
v 3.95886282 -0.22403886 0.32832003
v 3.95886282 -0.21959087 0.32546173
v 3.95749382 -0.21552017 0.33209573
v 3.95886282 -0.22067197 0.32622373
v 3.95749382 -0.21676917 0.33295593
v 3.95749382 -0.21192457 0.32931003
v 3.95749382 -0.21309677 0.33027203
v 3.95886282 -0.21749677 0.32384672
v 3.95749382 -0.21429577 0.33120093
v 3.95886282 -0.21853227 0.32466913
v 3.95749382 -0.20966287 0.32728903
v 3.95749382 -0.21077947 0.32831553
v 3.95886282 -0.21549817 0.32211473
v 3.95886282 -0.21648487 0.32299483
v 3.95749382 -0.20751847 0.32514432
v 3.95749382 -0.20857577 0.32623193
v 3.95886282 -0.21360167 0.32027143
v 3.95886282 -0.21453667 0.32120653
v 3.95886282 -0.21269366 0.31930993
v 3.95886282 -0.21181337 0.31832273
v 3.95749382 -0.20649217 0.32402763
v 3.95749382 -0.20549777 0.32288292
v 3.95886281 -0.21096197 0.31731123
v 3.95886281 -0.21013947 0.31627542
v 3.95749382 -0.20453557 0.32171033
v 3.95886281 -0.20934707 0.31521682
v 3.95749382 -0.20360677 0.32051153
v 3.95749382 -0.20271197 0.31928713
v 3.95886281 -0.20858517 0.31413603
v 3.95886281 -0.20785427 0.31303363
v 3.95749382 -0.20185177 0.31803793
v 3.95886281 -0.20715547 0.31191132
v 3.95749382 -0.20102707 0.31676533
v 3.95749381 -0.20023827 0.31547003
v 3.95886281 -0.20648867 0.31076913
v 3.95886281 -0.20585497 0.30960853
v 3.95749381 -0.19948607 0.31415302
v 3.95886281 -0.20525457 0.30843033
v 3.95749381 -0.19877127 0.31281573
v 3.95749381 -0.19809407 0.31145863
v 3.95886281 -0.20468797 0.30723512
v 3.95886281 -0.20415597 0.30602483
v 3.95749381 -0.19745527 0.31008313
v 3.95886281 -0.20365857 0.30479942
v 3.95749381 -0.19685557 0.30869053
v 3.95749381 -0.19629497 0.30728113
v 3.95886281 -0.20319637 0.30356043
v 3.95886281 -0.20276987 0.30230872
v 3.95749381 -0.19577417 0.30585683
v 3.95886281 -0.20237917 0.30104503
v 3.95749381 -0.19529347 0.30441862
v 3.95749381 -0.19485317 0.30296723
v 3.95886281 -0.20202507 0.29977132
v 3.95886281 -0.20170727 0.29848753
v 3.95749381 -0.19445417 0.30150423
v 3.95886280 -0.20142617 0.29719550
v 3.95749380 -0.19409517 0.30003073
v 3.95749381 -0.19377917 0.29854753
v 3.95886280 -0.20118197 0.29589592
v 3.95886281 -0.20097497 0.29458953
v 3.95749381 -0.19350417 0.29705623
v 3.95886280 -0.20080567 0.29327836
v 3.95749381 -0.19327117 0.29555771
v 3.95749380 -0.19308018 0.29405315
v 3.95886280 -0.20067387 0.29196242
v 3.95886280 -0.20057937 0.29064354
v 3.95749380 -0.19293117 0.29254414
v 3.95886280 -0.20052277 0.28932245
v 3.95749380 -0.19282517 0.29103123
v 3.95749380 -0.19276117 0.28951649
v 3.95886280 -0.20050407 0.28799993
v 3.95749380 -0.19274017 0.28799993
v 3.95749382 -0.24832606 0.34204813
v 3.95749382 -0.26031496 0.34035562
v 3.95886282 -0.26237126 0.33161173
v 3.95886282 -0.27072256 0.32765253
v 3.95749382 -0.27026986 0.33671463
v 3.95749382 -0.27932305 0.33120173
v 3.95749381 -0.29952355 0.30003113
v 3.95749382 -0.28169435 0.32931043
v 3.95886282 -0.28180535 0.31832253
v 3.95886282 -0.28001725 0.32027073
v 3.95749381 -0.29732408 0.30728183
v 3.95749382 -0.29090722 0.31928783
v 3.95749382 -0.29259218 0.31676603
v 3.95886281 -0.28836417 0.30842953
v 3.95749382 -0.30087890 0.28799993
v 4.40029965 -0.21305327 0.31775859
v 4.40029965 -0.21400456 0.31880424
v 4.40029965 -0.21213527 0.31668362
v 4.40029964 -0.29002332 0.30055362
v 4.40029964 -0.29039651 0.29919005
v 4.40029961 -0.23425766 0.24478501
v 4.40029965 -0.21812417 0.32267323
v 4.40029965 -0.21922737 0.32355711
v 4.40029965 -0.21704906 0.32175490
v 4.40029965 -0.21600357 0.32080343
v 4.40029965 -0.22512967 0.32743391
v 4.40029964 -0.20737467 0.30967841
v 4.40029964 -0.20807506 0.31090620
v 4.40029965 -0.21040257 0.31444970
v 4.40029965 -0.21125127 0.31558022
v 4.40029965 -0.21498847 0.31981960
v 4.40029965 -0.22151457 0.32521889
v 4.40029965 -0.22035787 0.32440594
v 4.40029965 -0.22269607 0.32599500
v 4.40029965 -0.20958977 0.31329319
v 4.40029964 -0.20881357 0.31211153
v 4.40029965 -0.22390147 0.32673362
v 4.40029965 -0.22637887 0.32809529
v 4.40029964 -0.20671307 0.30842891
v 4.40029965 -0.22764847 0.32871738
v 4.40029964 -0.20609117 0.30715963
v 4.40029965 -0.22893707 0.32929930
v 4.40029964 -0.20550937 0.30587125
v 4.40029965 -0.23024307 0.32984033
v 4.40029964 -0.20496827 0.30456507
v 4.40029964 -0.20446867 0.30324286
v 4.40029965 -0.23156556 0.33034012
v 4.40029964 -0.20401077 0.30190545
v 4.40029965 -0.23290326 0.33079812
v 4.40029965 -0.23425426 0.33121362
v 4.40029964 -0.20359507 0.30055404
v 4.40029965 -0.23561797 0.33158663
v 4.40029965 -0.23699277 0.33191660
v 4.40029964 -0.20322227 0.29919064
v 4.40029965 -0.23837686 0.33220330
v 4.40029964 -0.20289237 0.29781604
v 4.40029970 -0.20260557 0.29643166
v 4.40029965 -0.23976976 0.33244643
v 4.40029965 -0.24116956 0.33264563
v 4.40029964 -0.20236246 0.29503936
v 4.40029965 -0.24257446 0.33280072
v 4.40029964 -0.20216336 0.29363978
v 4.40029963 -0.20189747 0.29082549
v 4.40029964 -0.20200847 0.29223442
v 4.40029965 -0.24539576 0.33297810
v 4.40029965 -0.24398407 0.33291164
v 4.40029965 -0.24680946 0.33300039
v 4.40029963 -0.20183077 0.28941345
v 4.40029963 -0.20180877 0.28799975
v 4.40029965 -0.24963556 0.33291152
v 4.40029963 -0.20200977 0.28375185
v 4.40029963 -0.20189827 0.28516334
v 4.40029965 -0.24822336 0.33297810
v 4.40029963 -0.20236467 0.28094870
v 4.40029963 -0.20216526 0.28234703
v 4.40029965 -0.25384985 0.33244601
v 4.40029965 -0.25104476 0.33280054
v 4.40029965 -0.25245016 0.33264533
v 4.40029963 -0.20289377 0.27817774
v 4.40029965 -0.25800146 0.33158633
v 4.40029969 -0.20322297 0.27680695
v 4.40029965 -0.25524226 0.33220300
v 4.40029965 -0.25662676 0.33191642
v 4.40029963 -0.20260757 0.27955884
v 4.40029965 -0.26205376 0.33033934
v 4.40029963 -0.20446607 0.27276492
v 4.40029963 -0.20400947 0.27409947
v 4.40029965 -0.26071635 0.33079729
v 4.40029963 -0.20359497 0.27544713
v 4.40029965 -0.25936486 0.33121321
v 4.40029962 -0.20608656 0.26884985
v 4.40029963 -0.20550487 0.27013922
v 4.40029965 -0.26597076 0.32871690
v 4.40029963 -0.20496467 0.27144444
v 4.40029965 -0.26337605 0.32983962
v 4.40029965 -0.26468226 0.32929853
v 4.40029962 -0.20737377 0.26632303
v 4.40029965 -0.26971766 0.32673279
v 4.40029962 -0.20807717 0.26508981
v 4.40029965 -0.26724016 0.32809511
v 4.40029965 -0.26848976 0.32743344
v 4.40029962 -0.20670927 0.26757813
v 4.40029965 -0.27326106 0.32440481
v 4.40029962 -0.21041097 0.26153833
v 4.40029962 -0.20959687 0.26269591
v 4.40029965 -0.27210455 0.32521781
v 4.40029962 -0.20881887 0.26387984
v 4.40029965 -0.27092285 0.32599411
v 4.40029962 -0.21305896 0.25823462
v 4.40029962 -0.21214277 0.25930691
v 4.40029965 -0.27656966 0.32175389
v 4.40029962 -0.21125957 0.26040876
v 4.40029965 -0.27439136 0.32355604
v 4.40029965 -0.27549476 0.32267204
v 4.40029962 -0.21498917 0.25617945
v 4.40029965 -0.27961425 0.31880364
v 4.40029962 -0.21600187 0.25519800
v 4.40029965 -0.27761516 0.32080260
v 4.40029965 -0.27863055 0.31981871
v 4.40029962 -0.21400837 0.25719154
v 4.40029965 -0.28236775 0.31557980
v 4.40029962 -0.21921867 0.25244963
v 4.40029962 -0.21811727 0.25333244
v 4.40029965 -0.28148385 0.31668303
v 4.40029962 -0.21704446 0.25424916
v 4.40029965 -0.28056565 0.31775811
v 4.40029962 -0.22269067 0.25000835
v 4.40029962 -0.22150616 0.25078672
v 4.40029964 -0.28480535 0.31211123
v 4.40029962 -0.22034867 0.25160063
v 4.40029965 -0.28321645 0.31444940
v 4.40029965 -0.28402935 0.31329259
v 4.40029961 -0.22513496 0.24856282
v 4.40029964 -0.28690564 0.30842850
v 4.40029961 -0.22638846 0.24789936
v 4.40029964 -0.28554396 0.31090579
v 4.40029964 -0.28624434 0.30967769
v 4.40029962 -0.22390086 0.24926663
v 4.40029964 -0.28865001 0.30456454
v 4.40029961 -0.23025476 0.24615473
v 4.40029961 -0.22894967 0.24669493
v 4.40029964 -0.28810917 0.30587036
v 4.40029961 -0.22766046 0.24727661
v 4.40029964 -0.28752748 0.30715892
v 4.40029961 -0.23290976 0.24519950
v 4.40029961 -0.23157536 0.24565614
v 4.40029964 -0.28914970 0.30324203
v 4.40029964 -0.28960765 0.30190456
v 4.40029961 -0.23698826 0.24408382
v 4.40029964 -0.29101287 0.29643142
v 4.40029961 -0.23836896 0.24379772
v 4.40029964 -0.29072639 0.29781544
v 4.40029961 -0.23561716 0.24441314
v 4.40029964 -0.29161043 0.29223436
v 4.40029961 -0.24256246 0.24319983
v 4.40029961 -0.24115697 0.24335546
v 4.40029964 -0.29145525 0.29363913
v 4.40029961 -0.23975926 0.24355471
v 4.40029964 -0.29125590 0.29503870
v 4.40029961 -0.24680946 0.24299902
v 4.40029955 -0.24538886 0.24302155
v 4.40029963 -0.29181012 0.28799975
v 4.40029961 -0.24397316 0.24308855
v 4.40029963 -0.29172113 0.29082495
v 4.40029963 -0.29178769 0.28941339
v 4.40029967 -0.25105016 0.24319935
v 4.40029963 -0.29172101 0.28516901
v 4.40029963 -0.29161000 0.28375995
v 4.40029961 -0.24964036 0.24308825
v 4.40029961 -0.24822696 0.24302143
v 4.40029963 -0.29101296 0.27956706
v 4.40029967 -0.25524255 0.24379635
v 4.40029961 -0.25385216 0.24355364
v 4.40029963 -0.29125576 0.28095788
v 4.40029961 -0.25245406 0.24335444
v 4.40029963 -0.29145475 0.28235537
v 4.40029961 -0.25935976 0.24478454
v 4.40029961 -0.25799746 0.24441201
v 4.40029963 -0.29002480 0.27545023
v 4.40029961 -0.25662476 0.24408251
v 4.40029963 -0.29072682 0.27818525
v 4.40029963 -0.29039729 0.27681226
v 4.40029961 -0.26337456 0.24615896
v 4.40029957 -0.28915134 0.27276105
v 4.40029963 -0.28865094 0.27143634
v 4.40029963 -0.28960936 0.27409917
v 4.40029961 -0.26071076 0.24520004
v 4.40029961 -0.26724436 0.24790645
v 4.40029962 -0.28690314 0.26756543
v 4.40029961 -0.26849346 0.24856806
v 4.40029963 -0.28810865 0.27012712
v 4.40029961 -0.26597426 0.24728406
v 4.40029961 -0.26468376 0.24670124
v 4.40029956 -0.27092386 0.25000555
v 4.40029962 -0.28480405 0.26388604
v 4.40029962 -0.28402905 0.26270622
v 4.40029962 -0.26971995 0.24926776
v 4.40029962 -0.28554174 0.26508963
v 4.40029962 -0.28148675 0.25931973
v 4.40029962 -0.27961616 0.25719750
v 4.40029962 -0.27210325 0.25078035
v 4.40029962 -0.27438725 0.25243956
v 4.40029962 -0.28752559 0.26883573
v 4.40029962 -0.28321755 0.26155150
v 4.40029962 -0.28236976 0.26042211
v 4.40029962 -0.27761306 0.25519425
v 4.40029962 -0.27656506 0.25424081
v 4.40029962 -0.27325835 0.25159210
v 4.40029962 -0.27549026 0.25332296
v 4.40029962 -0.27862975 0.25617945
v 4.40029962 -0.28056845 0.25824422
v 4.40029962 -0.28624163 0.26631642
v 4.40029961 -0.26204916 0.24565804
v 4.40029963 -0.29178772 0.28658229
v 4.40029963 -0.20183127 0.28657913
v 3.95886278 -0.24813196 0.24171343
v 3.95909059 -0.24923925 0.24259114
v 3.95886278 -0.24945276 0.24177003
v 3.95886279 -0.25339956 0.24216572
v 3.95886278 -0.25208766 0.24199623
v 3.95900672 -0.25364334 0.24275901
v 3.95886277 -0.25077186 0.24186433
v 3.95886279 -0.25470556 0.24237263
v 3.95886279 -0.25600546 0.24261683
v 3.95886278 -0.25729766 0.24289793
v 3.95900684 -0.25883508 0.24385503
v 3.95886277 -0.25858136 0.24321573
v 3.95924460 -0.26352772 0.24601614
v 3.95924479 -0.25862190 0.24438071
v 3.95886278 -0.25985566 0.24357013
v 3.95924485 -0.25348143 0.24330441
v 3.95957565 -0.25338498 0.24383201
v 3.95957553 -0.25846450 0.24489335
v 3.95886277 -0.26111886 0.24396073
v 3.95900702 -0.26379597 0.24551772
v 3.95886278 -0.26360986 0.24484943
v 3.95886278 -0.26237076 0.24438733
v 3.95886278 -0.26957995 0.24767983
v 3.95886278 -0.26841936 0.24704623
v 3.95900714 -0.26844444 0.24768726
v 3.95886278 -0.26724086 0.24644572
v 3.95886279 -0.26604616 0.24587923
v 3.95886278 -0.26483525 0.24534683
v 3.95924449 -0.26811700 0.24814931
v 3.95886278 -0.27508656 0.25133073
v 3.95900732 -0.27271714 0.25029271
v 3.95900519 -0.27654190 0.25322355
v 3.95886279 -0.27072215 0.24834643
v 3.95886278 -0.27184505 0.24904553
v 3.95886278 -0.27294695 0.24977613
v 3.95886278 -0.27402795 0.25053813
v 3.95957500 -0.27201043 0.25113845
v 3.95957518 -0.26785014 0.24861442
v 3.95976400 -0.24937565 0.24369567
v 3.95886278 -0.27612215 0.25215313
v 3.95900786 -0.27988011 0.25639171
v 3.95886279 -0.27812076 0.25388513
v 3.95886278 -0.27713405 0.25300503
v 3.95886278 -0.28092525 0.25668993
v 3.95886279 -0.28180555 0.25767712
v 3.95886278 -0.28001725 0.25572843
v 3.95886279 -0.27908225 0.25479332
v 3.95900566 -0.28281667 0.25977604
v 3.95900686 -0.28636242 0.26492797
v 3.95886280 -0.28576465 0.26296623
v 3.95886279 -0.28503375 0.26186383
v 3.95886279 -0.28265695 0.25868862
v 3.95886280 -0.28427185 0.26078303
v 3.95924401 -0.27944291 0.25674412
v 3.95957453 -0.27904596 0.25710464
v 3.95957424 -0.28189457 0.26038328
v 3.95924391 -0.28232584 0.26006499
v 3.95924372 -0.28476342 0.26348057
v 3.95886279 -0.28347945 0.25972442
v 3.95900889 -0.28964488 0.27186053
v 3.95886280 -0.28836429 0.26756953
v 3.95886278 -0.28776393 0.26639133
v 3.95886279 -0.28713020 0.26523072
v 3.95886278 -0.28646346 0.26408853
v 3.95924366 -0.28678100 0.26693124
v 3.95886279 -0.28893091 0.26876473
v 3.95886279 -0.29042248 0.27243943
v 3.95886279 -0.28996035 0.27120043
v 3.95957393 -0.28630116 0.26717002
v 3.95957376 -0.28790912 0.27055787
v 3.95886279 -0.28946292 0.26997503
v 3.95886279 -0.29084903 0.27369113
v 3.95886280 -0.29123971 0.27495483
v 3.95886280 -0.29159387 0.27622852
v 3.95900643 -0.29158588 0.27850651
v 3.95924343 -0.28967660 0.27372155
v 3.95924445 -0.29101568 0.27853622
v 3.95886280 -0.29191164 0.27751233
v 3.95886280 -0.29219276 0.27880435
v 3.95900537 -0.29244755 0.28456486
v 3.95886278 -0.29264390 0.28141033
v 3.95886280 -0.29243692 0.28010394
v 3.95886281 -0.29294500 0.28403744
v 3.95886280 -0.29281319 0.28272150
v 3.96280197 -0.28982540 0.28799967
v 3.96219941 -0.28978438 0.28528061
v 3.96280154 -0.28963581 0.28402530
v 3.96185720 -0.28991198 0.28799990
v 3.96103812 -0.29017966 0.28603167
v 3.96162405 -0.28994752 0.28603873
v 3.96070081 -0.29039208 0.28799991
v 3.96048731 -0.29050772 0.28602179
v 3.95924396 -0.29187842 0.28454139
v 3.95908401 -0.29230553 0.28799991
v 3.95999416 -0.29085667 0.28459302
v 3.95886279 -0.29303948 0.28535632
v 3.95972908 -0.29123066 0.28799991
v 3.95886280 -0.29309617 0.28667740
v 3.95886282 -0.29311485 0.28799993
v 3.95924431 -0.27232388 0.25070330
v 3.95924420 -0.27610872 0.25359803
v 3.95900660 -0.24563383 0.24226054
v 3.95924491 -0.24555183 0.24282669
v 3.95886277 -0.24680946 0.24169453
v 3.95886278 -0.24548676 0.24171343
v 3.95886278 -0.24416546 0.24177013
v 3.95886279 -0.24284636 0.24186453
v 3.95900655 -0.24030262 0.24271055
v 3.95924491 -0.24027446 0.24328435
v 3.95886279 -0.24021906 0.24216613
v 3.95886279 -0.24153037 0.24199662
v 3.95886278 -0.23891266 0.24237303
v 3.95886278 -0.23761297 0.24261703
v 3.95900660 -0.23509741 0.24377064
v 3.95924485 -0.23512841 0.24434554
v 3.95886278 -0.23632076 0.24289813
v 3.95886278 -0.23503686 0.24321613
v 3.95886278 -0.23376307 0.24357063
v 3.95957565 -0.23039716 0.24647185
v 3.95957577 -0.23525134 0.24486759
v 3.95924478 -0.23021579 0.24596711
v 3.95886277 -0.23249937 0.24396143
v 3.95900673 -0.23011788 0.24540049
v 3.95886278 -0.23124766 0.24438813
v 3.95886277 -0.23000866 0.24485033
v 3.95886277 -0.22878317 0.24534773
v 3.95886277 -0.22757276 0.24587973
v 3.95900709 -0.22544687 0.24754225
v 3.95924473 -0.22561770 0.24808815
v 3.95886279 -0.22637747 0.24644613
v 3.95886279 -0.22519916 0.24704652
v 3.95886277 -0.22403856 0.24768043
v 3.95886278 -0.22289636 0.24834733
v 3.95900745 -0.22114667 0.25012582
v 3.95924461 -0.22139943 0.25063290
v 3.95886278 -0.22177406 0.24904624
v 3.95886279 -0.22067177 0.24977733
v 3.95924450 -0.21760382 0.25351932
v 3.95957511 -0.21793768 0.25393867
v 3.95957530 -0.22168576 0.25108625
v 3.95886279 -0.21959096 0.25053933
v 3.95886278 -0.21853236 0.25133184
v 3.95886278 -0.21749666 0.25215434
v 3.95900494 -0.21731232 0.25302313
v 3.95886279 -0.21648526 0.25300583
v 3.95886279 -0.21549807 0.25388613
v 3.95886279 -0.21453667 0.25479413
v 3.95886278 -0.21360167 0.25572913
v 3.95900775 -0.21392511 0.25619797
v 3.95886279 -0.21269357 0.25669063
v 3.95886279 -0.21181347 0.25767733
v 3.95900549 -0.21097712 0.25955377
v 3.95886279 -0.21096167 0.25868923
v 3.95886278 -0.21013927 0.25972483
v 3.95886280 -0.20934688 0.26078343
v 3.95901115 -0.20742368 0.26466295
v 3.95886279 -0.20858487 0.26186442
v 3.95886279 -0.20785427 0.26296633
v 3.95886279 -0.20715526 0.26408913
v 3.95957435 -0.20735266 0.26710501
v 3.95957417 -0.20573767 0.27049363
v 3.95999379 -0.20777806 0.26734060
v 3.95886279 -0.20648866 0.26523123
v 3.95886279 -0.20585506 0.26639183
v 3.95886279 -0.20525477 0.26757033
v 3.95886279 -0.20468847 0.26876503
v 3.95886279 -0.20415636 0.26997593
v 3.95900471 -0.20406865 0.27158298
v 3.96103914 -0.20471548 0.27736546
v 3.96048786 -0.20439805 0.27728187
v 3.96048793 -0.20374417 0.28032424
v 3.95886279 -0.20365906 0.27120123
v 3.95886279 -0.20319697 0.27244014
v 3.95886279 -0.20277037 0.27369203
v 3.95886280 -0.20237977 0.27495503
v 3.95900626 -0.20210146 0.27818535
v 3.95886280 -0.20202517 0.27622923
v 3.95886280 -0.20170737 0.27751273
v 3.95886280 -0.20142647 0.27880485
v 3.95886279 -0.20118247 0.28010470
v 3.96103862 -0.20344033 0.28601187
v 3.96079787 -0.20328466 0.28799991
v 3.96162463 -0.20367206 0.28602732
v 3.96220830 -0.20400717 0.28338288
v 3.96222909 -0.20380583 0.28610759
v 3.96196117 -0.20373070 0.28799990
v 3.95924421 -0.20263095 0.27840457
v 3.95900496 -0.20119381 0.28426472
v 3.95924386 -0.20174953 0.28442109
v 3.95886280 -0.20097557 0.28141047
v 3.96280190 -0.20384830 0.28601880
v 3.96280177 -0.20380947 0.28799993
v 3.95886281 -0.20080587 0.28272215
v 3.95886280 -0.20067397 0.28403785
v 3.95886280 -0.20057977 0.28535677
v 3.95886280 -0.20052317 0.28667746
v 3.95957461 -0.29134240 0.28456701
v 3.96162434 -0.28499538 0.26782589
v 3.96221263 -0.28486252 0.26786010
v 3.96222444 -0.28639382 0.27107714
v 3.95924354 -0.28840701 0.27035976
v 3.95957476 -0.27575005 0.25399642
v 3.95999390 -0.27868762 0.25743304
v 3.95957536 -0.26331286 0.24650755
v 3.95999498 -0.26312122 0.24695433
v 3.95957583 -0.24554932 0.24336296
v 3.95957584 -0.24033449 0.24381737
v 3.96022063 -0.23908929 0.24475599
v 3.95957554 -0.22585473 0.24856914
v 3.95999526 -0.22607244 0.24900387
v 3.95957488 -0.21463212 0.25704365
v 3.95999474 -0.21824312 0.25431692
v 3.95924444 -0.21425786 0.25666007
v 3.95924426 -0.21136430 0.25997569
v 3.95924407 -0.20891426 0.26339114
v 3.95924396 -0.20688553 0.26684238
v 3.95924379 -0.20524970 0.27027194
v 3.95924367 -0.20397159 0.27363544
v 3.95882871 -0.20051284 0.28799991
v 3.95957342 -0.29077000 0.28020994
v 3.95957352 -0.29010603 0.27710585
v 3.95957363 -0.28916485 0.27388047
v 3.96103896 -0.28326196 0.26440860
v 3.96162456 -0.28306415 0.26453000
v 3.95957405 -0.28430557 0.26375943
v 3.95999414 -0.27542537 0.25435827
v 3.95999450 -0.27172656 0.25153308
v 3.96048910 -0.27515033 0.25466877
v 3.95999467 -0.26760938 0.24903669
v 3.96048969 -0.26740697 0.24939865
v 3.96022064 -0.25697670 0.24526502
v 3.96022045 -0.24678122 0.24407213
v 3.96048677 -0.24938006 0.24433733
v 3.95999175 -0.23409807 0.24571583
v 3.95999544 -0.23056548 0.24692797
v 3.96049052 -0.23070695 0.24731766
v 3.95957471 -0.21177470 0.26032040
v 3.95999426 -0.21214885 0.26063104
v 3.95999409 -0.20975711 0.26396958
v 3.96048928 -0.21247055 0.26089270
v 3.95957447 -0.20935511 0.26369594
v 3.95957400 -0.20447609 0.27381618
v 3.95957382 -0.20352860 0.27704528
v 3.95957375 -0.20286001 0.28015027
v 3.95957424 -0.20228277 0.28447883
v 3.95942231 -0.20196913 0.28799992
v 3.96048756 -0.28830532 0.27415109
v 3.96103831 -0.28890915 0.27738666
v 3.96048738 -0.28922858 0.27731106
v 3.95999278 -0.29028967 0.28028674
v 3.95999290 -0.28963233 0.27721641
v 3.95999295 -0.28870080 0.27402609
v 3.95999314 -0.28745783 0.27073915
v 3.95999325 -0.28586641 0.26738791
v 3.96162481 -0.28072962 0.26126496
v 3.96103907 -0.28091401 0.26112410
v 3.95999349 -0.28389220 0.26401550
v 3.96048839 -0.28117546 0.26092605
v 3.96048880 -0.27838243 0.25771404
v 3.95999373 -0.28150675 0.26067675
v 3.96194727 -0.27392079 0.25452255
v 3.96131373 -0.27566966 0.25575513
v 3.96103979 -0.27316545 0.25348908
v 3.96048934 -0.27148391 0.25186940
v 3.96103775 -0.27031166 0.25150243
v 3.96022064 -0.25447358 0.24474599
v 3.96131320 -0.25683972 0.24590423
v 3.96022039 -0.25193141 0.24437168
v 3.96131330 -0.25437423 0.24539209
v 3.95999175 -0.25952086 0.24571583
v 3.96022051 -0.24419967 0.24414974
v 3.96022063 -0.23658643 0.24527833
v 3.96074802 -0.23425391 0.24629616
v 3.96131318 -0.23675343 0.24591038
v 3.96022039 -0.24163141 0.24437828
v 3.96049017 -0.22217531 0.25184251
v 3.96048993 -0.21850496 0.25463869
v 3.96131362 -0.22145034 0.25293491
v 3.95999497 -0.22194919 0.25149489
v 3.96194643 -0.21505566 0.25888857
v 3.96192724 -0.21654963 0.25733014
v 3.96104044 -0.21550010 0.25791357
v 3.95999462 -0.21497567 0.25738795
v 3.95999373 -0.20618191 0.27069168
v 3.95999349 -0.20493403 0.27397987
v 3.95999338 -0.20399814 0.27717242
v 3.95999313 -0.20333720 0.28024413
v 3.95999392 -0.20276700 0.28452834
v 3.96048714 -0.29029562 0.28325982
v 3.96048726 -0.28988037 0.28035346
v 3.96048779 -0.28707320 0.27089436
v 3.96048791 -0.28549608 0.26757464
v 3.96048814 -0.28354020 0.26423467
v 3.96221877 -0.27552626 0.25593713
v 3.96192498 -0.27719781 0.25745696
v 3.96048981 -0.26296126 0.24733668
v 3.96074808 -0.25933073 0.24628594
v 3.96131325 -0.25187010 0.24502270
v 3.96049029 -0.22625714 0.24937502
v 3.96048946 -0.21526800 0.25768189
v 3.96048898 -0.21010166 0.26420039
v 3.96048881 -0.20814184 0.26753995
v 3.96048833 -0.20656011 0.27086144
v 3.96048816 -0.20532503 0.27411821
v 3.96048757 -0.20332662 0.28323230
v 3.96048756 -0.20311278 0.28599163
v 3.95999177 -0.20265597 0.28799993
v 3.96103819 -0.28996878 0.28329095
v 3.96103823 -0.28955633 0.28040621
v 3.96162423 -0.28777069 0.27431899
v 3.96221877 -0.28736707 0.27358603
v 3.96222146 -0.28811506 0.27587122
v 3.96103842 -0.28799217 0.27424929
v 3.96103853 -0.28676880 0.27101686
v 3.96103872 -0.28520300 0.26772213
v 3.96103931 -0.27814098 0.25793581
v 3.96192855 -0.27021474 0.25182737
v 3.96131282 -0.26820677 0.25038584
v 3.96220423 -0.26700395 0.24996670
v 3.96131325 -0.26609319 0.24925991
v 3.96131300 -0.26160861 0.24733488
v 3.96131337 -0.26389130 0.24823987
v 3.96193063 -0.25928781 0.24676284
v 3.96221876 -0.25679885 0.24613233
v 3.96221877 -0.25434656 0.24562222
v 3.96221875 -0.25185586 0.24525403
v 3.96131295 -0.24933947 0.24479967
v 3.96221876 -0.24933916 0.24503153
v 3.96131337 -0.24679673 0.24472581
v 3.96131295 -0.24425270 0.24480124
v 3.96131331 -0.24172316 0.24502575
v 3.96131330 -0.23921898 0.24539665
v 3.96193124 -0.23448568 0.24671654
v 3.96131313 -0.23198480 0.24734420
v 3.96220761 -0.23090731 0.24798133
v 3.96131314 -0.22970279 0.24825042
v 3.96131294 -0.22538746 0.25039992
v 3.96131295 -0.22750099 0.24927208
v 3.96192985 -0.22354772 0.25173553
v 3.96220161 -0.22065155 0.25379399
v 3.96103775 -0.22330727 0.25150243
v 3.96103776 -0.21784767 0.25566363
v 3.96131342 -0.21963507 0.25432201
v 3.96104021 -0.21272408 0.26110072
v 3.96103991 -0.21037355 0.26438375
v 3.96222497 -0.20715878 0.27123341
v 3.96280171 -0.20799681 0.26943088
v 3.96221186 -0.20868613 0.26799399
v 3.96103967 -0.20842882 0.26769873
v 3.96103955 -0.20686075 0.27099310
v 3.96103938 -0.20563529 0.27422509
v 3.96103890 -0.20365289 0.28326899
v 3.96162488 -0.20429445 0.28042963
v 3.96103890 -0.20406651 0.28038555
v 3.96222039 -0.28940906 0.28180287
v 3.96162405 -0.28973752 0.28331233
v 3.96162410 -0.28932699 0.28044267
v 3.96162417 -0.28868303 0.27743953
v 3.96162434 -0.28655346 0.27110362
v 3.96194494 -0.27868634 0.25902278
v 3.96194739 -0.27214928 0.25316206
v 3.96220315 -0.22645603 0.25005170
v 3.96194732 -0.21816714 0.25582238
v 3.96162575 -0.21290105 0.26125058
v 3.96162576 -0.21056547 0.26451404
v 3.96162559 -0.20863158 0.26781147
v 3.96162535 -0.20707200 0.27108908
v 3.96162510 -0.20585318 0.27430495
v 3.96162499 -0.20493953 0.27742624
v 3.96162482 -0.20388316 0.28329858
v 3.96222004 -0.28888444 0.27889512
v 3.96280158 -0.28760442 0.27433099
v 3.96280171 -0.28562223 0.26943275
v 3.96221633 -0.28291608 0.26454887
v 3.96221847 -0.28058018 0.26129353
v 3.96280188 -0.28072472 0.26152185
v 3.96280188 -0.27762122 0.25798628
v 3.96280200 -0.27112001 0.25249685
v 3.96220500 -0.26253776 0.24791304
v 3.96280205 -0.25921154 0.24681973
v 3.96280181 -0.25524449 0.24580985
v 3.96280176 -0.25003084 0.24509580
v 3.96221876 -0.24680946 0.24495713
v 3.96221876 -0.24427976 0.24503153
v 3.96221875 -0.24176306 0.24525403
v 3.96221877 -0.23927236 0.24562222
v 3.96221876 -0.23681996 0.24613233
v 3.96280205 -0.23441043 0.24681844
v 3.96280176 -0.23054729 0.24816649
v 3.96280200 -0.22359135 0.25179819
v 3.96280171 -0.21785887 0.25618664
v 3.96221871 -0.21293024 0.26143186
v 3.96221645 -0.21061460 0.26468573
v 3.96221246 -0.20595699 0.27441526
v 3.96222063 -0.20505021 0.27754079
v 3.96222009 -0.20441932 0.28049825
v 3.96280176 -0.28920923 0.28081073
v 3.96280183 -0.28867479 0.27816283
v 3.96280164 -0.28338514 0.26536564
v 3.96280170 -0.27477269 0.25532025
v 3.96280164 -0.26714267 0.25009838
v 3.96280175 -0.26307110 0.24816718
v 3.96280164 -0.24549458 0.24500856
v 3.96280181 -0.24220421 0.24524190
v 3.96280181 -0.23837845 0.24580883
v 3.96280164 -0.22647732 0.25009777
v 3.96280170 -0.22086077 0.25369741
v 3.96280170 -0.21548133 0.25853877
v 3.96280188 -0.21289419 0.26152111
v 3.96280165 -0.21023408 0.26536436
v 3.96280159 -0.20601371 0.27433081
v 3.96280183 -0.20494301 0.27816692
v 3.96280153 -0.20420470 0.28201901
v 3.96280178 -0.28972095 0.29112898
v 4.38629969 -0.28980944 0.28799976
v 4.38629970 -0.28968901 0.29154254
v 4.38629970 -0.28748032 0.30204032
v 3.96280180 -0.28764255 0.30156085
v 4.38629970 -0.28891364 0.29685763
v 3.96280178 -0.28565357 0.30650318
v 3.96280179 -0.27992688 0.31546760
v 4.38629971 -0.28274263 0.31166587
v 4.38629971 -0.27951499 0.31595740
v 4.38629971 -0.27577570 0.31981520
v 3.96280179 -0.27675104 0.31888219
v 3.96280179 -0.25910102 0.32923261
v 3.96280179 -0.26410192 0.32739796
v 4.38629971 -0.26211369 0.32821236
v 4.38629971 -0.25698213 0.32980583
v 3.96280179 -0.24929520 0.33094134
v 4.38629971 -0.25169296 0.33074758
v 4.38629971 -0.24748617 0.33100126
v 3.96280179 -0.25390846 0.33043586
v 3.96280179 -0.24548499 0.33098985
v 4.38629971 -0.24059604 0.33057455
v 3.96280179 -0.24102792 0.33063495
v 4.38629971 -0.24467412 0.33095143
v 4.38629971 -0.23025768 0.32771496
v 4.38629971 -0.22543327 0.32534031
v 3.96280179 -0.22593599 0.32562313
v 3.96280179 -0.22144470 0.32275354
v 3.96280179 -0.21783719 0.31979217
v 4.38629971 -0.22094773 0.32238666
v 4.38629971 -0.21735774 0.31934986
v 3.96280179 -0.21455954 0.31648028
v 4.38629971 -0.21410363 0.31595675
v 3.96280179 -0.21128575 0.31227466
v 4.38629971 -0.21087425 0.31166235
v 3.96280178 -0.20855800 0.30769791
v 4.38629970 -0.20820535 0.30699942
v 3.96280177 -0.20641696 0.30281943
v 4.38629970 -0.20613829 0.30203984
v 3.96280178 -0.20489566 0.29771671
v 4.38629970 -0.20470479 0.29685614
v 3.96280177 -0.20401615 0.29246116
v 4.38629970 -0.20392954 0.29154081
v 3.96280177 -0.20379931 0.28800009
v 4.38629969 -0.20380947 0.28799976
v 3.96280179 -0.23074575 0.32791396
v 3.96280179 -0.23580202 0.32959354
v 4.38629971 -0.23533344 0.32946710
v 4.38629971 -0.26700568 0.32599143
v 3.96280179 -0.26884326 0.32495588
v 4.38629971 -0.27158374 0.32317779
v 3.96280179 -0.27323975 0.32195138
v 3.96280178 -0.28306813 0.31116317
v 4.38629970 -0.28541398 0.30699823
v 3.96280177 -0.28900606 0.29640547
v 3.96280179 -0.28980944 0.28799993
v 4.39150030 -0.24485603 0.24310077
v 4.39150983 -0.24190862 0.24332304
v 4.39229983 -0.24257277 0.24318821
v 4.39149803 -0.23884757 0.24376798
v 4.39229960 -0.23632654 0.24423135
v 4.39229966 -0.23915518 0.24364949
v 4.38929958 -0.24680946 0.24399973
v 4.38929970 -0.24473286 0.24404366
v 4.38996834 -0.24474056 0.24361677
v 4.39149684 -0.23570903 0.24444915
v 4.39150638 -0.23238442 0.24543107
v 4.39229972 -0.23291098 0.24518604
v 4.38996310 -0.22566135 0.24892122
v 4.39071781 -0.22554476 0.24862087
v 4.38997359 -0.22904115 0.24726964
v 4.39229948 -0.22962745 0.24640161
v 4.39150638 -0.22557387 0.24838436
v 4.39229960 -0.22271136 0.24998034
v 4.39229972 -0.22636928 0.24789525
v 4.39071734 -0.21865211 0.25321115
v 4.39149744 -0.21863008 0.25298155
v 4.39071769 -0.22207812 0.25069905
v 4.38996703 -0.21552106 0.25644255
v 4.38929970 -0.21618416 0.25640024
v 4.38929899 -0.21426460 0.25837941
v 4.39112051 -0.20998397 0.26235229
v 4.39229949 -0.20844995 0.26445467
v 4.39229961 -0.20998714 0.26211966
v 4.39152355 -0.21214133 0.25937725
v 4.39229984 -0.21214484 0.25928385
v 4.39111813 -0.20245178 0.28120161
v 4.39229961 -0.20224981 0.28167004
v 4.39229949 -0.20284674 0.27832085
v 4.38998290 -0.20357527 0.27767546
v 4.38996967 -0.20287517 0.28140569
v 4.39111885 -0.20212430 0.28386772
v 4.39229962 -0.20180948 0.28728718
v 4.39111921 -0.20195096 0.28925157
v 4.39229986 -0.20188699 0.29085082
v 4.39111927 -0.20210682 0.29194093
v 4.39111897 -0.20242276 0.29460896
v 4.39229962 -0.20225027 0.29433036
v 4.38995799 -0.20310931 0.29607127
v 4.38998267 -0.20433417 0.30109969
v 4.39109716 -0.20350606 0.29974703
v 4.39229950 -0.20284752 0.29768193
v 4.39229974 -0.20421192 0.30258313
v 4.39111921 -0.20424002 0.30220119
v 4.39111850 -0.20289551 0.29724166
v 4.39112124 -0.20513945 0.30465821
v 4.38996968 -0.20560677 0.30461434
v 4.39229963 -0.20579917 0.30653564
v 4.39229963 -0.20703651 0.30906293
v 4.39112172 -0.20733069 0.30933872
v 4.39229951 -0.20844936 0.31154272
v 4.39112220 -0.20986664 0.31347821
v 4.39229963 -0.20998969 0.31388179
v 4.39152215 -0.21203002 0.31648693
v 4.39229963 -0.21167697 0.31612662
v 4.39229975 -0.21352131 0.31828401
v 4.39150093 -0.21517201 0.31993124
v 4.39229963 -0.21550649 0.32033399
v 4.39229951 -0.21760271 0.32224378
v 4.39149819 -0.21848440 0.32290063
v 4.39229963 -0.21977040 0.32397685
v 4.39150058 -0.22192559 0.32543126
v 4.38929985 -0.22745042 0.32751784
v 4.38997398 -0.22921996 0.32880757
v 4.38996397 -0.22581989 0.32716361
v 4.39150654 -0.22543090 0.32753864
v 4.39229964 -0.22271140 0.32601908
v 4.39229976 -0.22636560 0.32810191
v 4.39229952 -0.22962551 0.32959632
v 4.39149402 -0.22884724 0.32919834
v 4.39229976 -0.23222457 0.33057395
v 4.39150701 -0.23225123 0.33052299
v 4.39229964 -0.23491602 0.33140597
v 4.39149784 -0.23555655 0.33151129
v 4.39229964 -0.23774237 0.33208266
v 4.39149807 -0.23870672 0.33220557
v 4.39229988 -0.24117666 0.33265713
v 4.39150976 -0.24180120 0.33266446
v 4.39229964 -0.24680946 0.33299974
v 4.39229964 -0.24460673 0.33295081
v 4.39150022 -0.24473340 0.33289359
v 4.39149962 -0.24680946 0.33293590
v 4.39071940 -0.24474736 0.33270088
v 4.39031743 -0.24680955 0.33260146
v 4.38996910 -0.24487555 0.33238873
v 4.38929962 -0.24680946 0.33199970
v 4.38997958 -0.20969385 0.31245164
v 4.38995002 -0.21255082 0.31629465
v 4.39071808 -0.21222411 0.31641052
v 4.39071844 -0.21535117 0.31983677
v 4.38996814 -0.21567616 0.31970993
v 4.39109955 -0.20856174 0.31145946
v 4.39112184 -0.20617235 0.30704031
v 4.39149315 -0.22901131 0.24673016
v 4.38995395 -0.20721803 0.30817661
v 4.39229962 -0.20194174 0.28447199
v 4.39111921 -0.20195680 0.28655559
v 4.38995739 -0.20244307 0.28544456
v 4.39111801 -0.20293565 0.27857137
v 4.39112003 -0.20521393 0.27115650
v 4.39229973 -0.20421200 0.27341444
v 4.39229961 -0.20579773 0.26946587
v 4.39109679 -0.20355741 0.27606518
v 4.39111849 -0.20430114 0.27361602
v 4.38995643 -0.20506963 0.27275116
v 4.39112111 -0.20625962 0.26877440
v 4.39229961 -0.20703720 0.26693500
v 4.39112099 -0.20742766 0.26648296
v 4.39109810 -0.20867101 0.26436336
v 4.38997884 -0.20956272 0.26374853
v 4.38995297 -0.20712129 0.26801426
v 4.39229948 -0.21445642 0.25671018
v 4.39150042 -0.21531307 0.25592995
v 4.38995035 -0.21242607 0.25985581
v 4.39071686 -0.21221010 0.25960661
v 4.39229960 -0.21650434 0.25472779
v 4.39229960 -0.21924538 0.25241250
v 4.39149994 -0.22207178 0.25047178
v 4.39229936 -0.24680917 0.24298222
v 4.39111454 -0.24680955 0.24313248
v 4.38996965 -0.24680946 0.24357332
v 4.39071894 -0.24473456 0.24329931
v 4.39071864 -0.24186189 0.24352486
v 4.38996154 -0.24184903 0.24384875
v 4.39071840 -0.23883714 0.24396575
v 4.39071841 -0.23567288 0.24465693
v 4.39071829 -0.23238299 0.24563725
v 4.39071793 -0.22899455 0.24694587
v 4.39071710 -0.21533567 0.25617856
v 4.38929959 -0.20541137 0.27309436
v 4.38929852 -0.20474735 0.27506132
v 4.38995722 -0.20245744 0.29078717
v 4.38929948 -0.20285283 0.29007561
v 4.38929960 -0.20300467 0.29214055
v 4.38929960 -0.20358877 0.29624478
v 4.38929841 -0.20401782 0.29827283
v 4.39071856 -0.21866807 0.32280168
v 4.39071868 -0.22209486 0.32531193
v 4.39071892 -0.22556123 0.32738784
v 4.39071916 -0.22901090 0.32906107
v 4.39071928 -0.23239837 0.33036778
v 4.39071940 -0.23568813 0.33134679
v 4.39071964 -0.23885160 0.33203671
v 4.39071952 -0.24187595 0.33247641
v 4.38997078 -0.23879676 0.24429501
v 4.38997072 -0.23567808 0.24498249
v 4.38996369 -0.23241200 0.24596501
v 4.38929934 -0.22870154 0.24789263
v 4.38996775 -0.22219722 0.25100143
v 4.38996942 -0.21879669 0.25350202
v 4.38929911 -0.20858471 0.26619584
v 4.38929959 -0.20419207 0.27705664
v 4.38930078 -0.20371970 0.27908034
v 4.38930043 -0.20324427 0.28180248
v 4.38929841 -0.20474774 0.30094121
v 4.38929960 -0.20541057 0.30290464
v 4.38930020 -0.20615565 0.30484215
v 4.38930056 -0.21081192 0.31330875
v 4.38929949 -0.21520998 0.31862608
v 4.38997028 -0.21895672 0.32262698
v 4.38996874 -0.22235893 0.32510540
v 4.38996385 -0.23255974 0.33008496
v 4.38997124 -0.23584402 0.33105979
v 4.38997017 -0.23895152 0.33173255
v 4.38996159 -0.24197034 0.33216420
v 4.38929958 -0.24266896 0.24419505
v 4.38930041 -0.24061167 0.24443454
v 4.38929946 -0.23788623 0.24490846
v 4.38929934 -0.23520282 0.24555243
v 4.38930005 -0.23255887 0.24636675
v 4.38929958 -0.23061307 0.24708951
v 4.38929994 -0.22621754 0.24911035
v 4.38929958 -0.22441276 0.25012655
v 4.38929958 -0.22264851 0.25122023
v 4.38929958 -0.22094797 0.25240225
v 4.38929946 -0.21929697 0.25365490
v 4.38929958 -0.21771277 0.25499416
v 4.38929982 -0.21247031 0.26048184
v 4.38930054 -0.21081432 0.26268882
v 4.38929959 -0.20965987 0.26442254
v 4.38929971 -0.20729450 0.26863403
v 4.38930018 -0.20615691 0.27115566
v 4.38930007 -0.20294052 0.28454865
v 4.38929983 -0.20280972 0.28730936
v 4.38930043 -0.20324425 0.29419870
v 4.38929961 -0.20699717 0.30673460
v 4.38930020 -0.20791924 0.30858967
v 4.38929973 -0.20928976 0.31099436
v 4.38929961 -0.21204277 0.31496850
v 4.38930044 -0.21334707 0.31657699
v 4.38929973 -0.21719404 0.32054809
v 4.38929949 -0.21929654 0.32234434
v 4.38929961 -0.22094757 0.32359699
v 4.38929961 -0.22265115 0.32478104
v 4.38929938 -0.22500664 0.32622472
v 4.38929962 -0.22933537 0.32838140
v 4.38930021 -0.23125485 0.32916389
v 4.38929962 -0.23321306 0.32984672
v 4.38929938 -0.23519618 0.33044568
v 4.38929950 -0.23788856 0.33109180
v 4.38929950 -0.24061129 0.33156691
v 4.38930057 -0.24336088 0.33186833
v 4.38929962 -0.24542716 0.33197824
v 4.38743791 -0.28959500 0.29329068
v 4.38629970 -0.28896362 0.29661898
v 4.38629970 -0.28955694 0.29270373
v 4.38743791 -0.28983586 0.29070742
v 4.38862011 -0.29020496 0.29209215
v 4.38743827 -0.28920129 0.29584388
v 4.38743898 -0.28865950 0.29835264
v 4.38629958 -0.28793255 0.30058602
v 4.38861999 -0.28939155 0.29730705
v 4.38629946 -0.28704647 0.30318777
v 4.38711366 -0.28573140 0.30647401
v 4.38629970 -0.28540643 0.30701271
v 4.38743994 -0.28797625 0.30080275
v 4.38746616 -0.28713426 0.30327419
v 4.38864455 -0.28801220 0.30225048
v 4.38711450 -0.28333332 0.31085179
v 4.38629982 -0.28313691 0.31102911
v 4.38629947 -0.28120560 0.31381808
v 4.38787744 -0.28583424 0.30669943
v 4.38861535 -0.28365435 0.31127981
v 4.38787816 -0.28071710 0.31488321
v 4.38787780 -0.28346349 0.31100003
v 4.38709269 -0.28062046 0.31469134
v 4.38629983 -0.27859089 0.31700090
v 4.38709615 -0.27763824 0.31808565
v 4.38712225 -0.27438038 0.32110438
v 4.38629983 -0.27574857 0.31981019
v 4.38629983 -0.27320154 0.32196531
v 4.38710521 -0.27100091 0.32364253
v 4.38629983 -0.26988310 0.32430092
v 4.38862608 -0.27462662 0.32155368
v 4.38787864 -0.27109681 0.32380853
v 4.38787852 -0.27445076 0.32128946
v 4.38709079 -0.26768877 0.32567243
v 4.38629959 -0.26689929 0.32602582
v 4.38787888 -0.26769599 0.32589171
v 4.38860891 -0.27121261 0.32410220
v 4.38709973 -0.26504816 0.32701043
v 4.38629983 -0.26450068 0.32719687
v 4.38709436 -0.26265113 0.32805166
v 4.38629959 -0.26196505 0.32824741
v 4.38862370 -0.26439939 0.32787279
v 4.38863669 -0.26776432 0.32621888
v 4.38929866 -0.26739508 0.32689486
v 4.38710855 -0.25938343 0.32919709
v 4.38629960 -0.25685556 0.32981584
v 4.38629983 -0.25944885 0.32910458
v 4.38709842 -0.25620988 0.33003161
v 4.38709973 -0.24680946 0.33106343
v 4.38629971 -0.24680946 0.33099971
v 4.38711737 -0.24960851 0.33099136
v 4.38709866 -0.25320341 0.33059183
v 4.38629971 -0.25415561 0.33037356
v 4.38629983 -0.25153595 0.33074281
v 4.38862120 -0.24879817 0.33152942
v 4.38930057 -0.24888248 0.33195452
v 4.38929962 -0.24680946 0.33199970
v 4.38629971 -0.24891585 0.33095340
v 4.38863002 -0.25166618 0.33130804
v 4.38929962 -0.25094995 0.33180443
v 4.38828240 -0.24680955 0.33139805
v 4.38787948 -0.24883596 0.33121411
v 4.38629981 -0.28980037 0.28934456
v 4.38743791 -0.28992092 0.28810836
v 4.38629969 -0.28976732 0.28598071
v 4.38743814 -0.28984922 0.28550912
v 4.38629969 -0.28941901 0.28202797
v 4.38743874 -0.28962169 0.28292424
v 4.38629957 -0.28863641 0.27799983
v 4.38743933 -0.28924101 0.28036857
v 4.38744005 -0.28871193 0.27785654
v 4.38629933 -0.28790998 0.27533472
v 4.38744136 -0.28717257 0.27285130
v 4.38863977 -0.28719729 0.27158720
v 4.38746699 -0.28802401 0.27531994
v 4.38787647 -0.28584466 0.26932246
v 4.38629957 -0.28701514 0.27273608
v 4.38711126 -0.28564992 0.26935423
v 4.38629981 -0.28571260 0.26965482
v 4.38930042 -0.28432981 0.26500822
v 4.38863666 -0.28247364 0.26293356
v 4.38930197 -0.28281046 0.26269943
v 4.38629968 -0.28353895 0.26559187
v 4.38711627 -0.28323601 0.26499320
v 4.38629944 -0.28120519 0.26218236
v 4.38709171 -0.28049236 0.26114739
v 4.38863058 -0.27637194 0.25596995
v 4.38929958 -0.27692896 0.25592435
v 4.38930101 -0.27841069 0.25737853
v 4.38629980 -0.27859041 0.25899942
v 4.38709624 -0.27750275 0.25777496
v 4.38787694 -0.27769813 0.25769795
v 4.38787706 -0.27446653 0.25472374
v 4.38710160 -0.27431785 0.25484932
v 4.38629980 -0.27524050 0.25572188
v 4.38712461 -0.27094566 0.25231416
v 4.38629980 -0.27206155 0.25317896
v 4.38629992 -0.26927929 0.25133366
v 4.38629950 -0.26689750 0.24997337
v 4.38708992 -0.26752640 0.25023771
v 4.38862569 -0.26620398 0.24897129
v 4.38787765 -0.26771222 0.25011713
v 4.38787789 -0.26432168 0.24843652
v 4.38710631 -0.26420756 0.24859477
v 4.38629956 -0.26196417 0.24775262
v 4.38629980 -0.26449956 0.24880291
v 4.38710684 -0.26083168 0.24727238
v 4.38709730 -0.25760903 0.24630530
v 4.38629979 -0.25944930 0.24689556
v 4.38629968 -0.25685624 0.24618394
v 4.38709850 -0.25455184 0.24563129
v 4.38629967 -0.25415354 0.24562616
v 4.38709850 -0.25162198 0.24519999
v 4.38711018 -0.24878322 0.24497349
v 4.38630003 -0.25020124 0.24511147
v 4.38929958 -0.24680946 0.24399973
v 4.38861508 -0.24965134 0.24451042
v 4.38862968 -0.24680946 0.24442626
v 4.38787878 -0.24884842 0.24478615
v 4.38748450 -0.24680956 0.24486721
v 4.38629967 -0.24680946 0.24499972
v 4.38787936 -0.25165431 0.33099017
v 4.38787924 -0.25462722 0.33055083
v 4.38787924 -0.25773960 0.32986049
v 4.38787912 -0.26097473 0.32888017
v 4.38787888 -0.26430553 0.32757047
v 4.38787828 -0.27768331 0.31831727
v 4.38787658 -0.28347558 0.26501942
v 4.38929958 -0.28157615 0.26103092
v 4.38787670 -0.28073096 0.26113445
v 4.38787753 -0.27111268 0.25220216
v 4.38787813 -0.26099040 0.24712504
v 4.38787824 -0.25775445 0.24614323
v 4.38787848 -0.25464159 0.24545152
v 4.38787848 -0.25166784 0.24501104
v 4.38863026 -0.25463263 0.33087221
v 4.38863145 -0.25773357 0.33019004
v 4.38862382 -0.26099052 0.32920716
v 4.38929961 -0.26920616 0.32587293
v 4.38930224 -0.27322686 0.32318822
v 4.38863097 -0.27785608 0.31859431
v 4.38863490 -0.28088738 0.31518117
v 4.38929722 -0.28200307 0.31442294
v 4.38861821 -0.28609402 0.30688009
v 4.38930222 -0.28925117 0.29961006
v 4.38929817 -0.29016146 0.29556725
v 4.38862034 -0.29038112 0.28679121
v 4.38862046 -0.28991279 0.28151423
v 4.38862081 -0.28881800 0.27637041
v 4.38929649 -0.28797982 0.27244545
v 4.38861628 -0.28503431 0.26706023
v 4.38929780 -0.28691920 0.26989043
v 4.38861294 -0.27953696 0.25922120
v 4.38863141 -0.27306193 0.25320656
v 4.38862903 -0.26965429 0.25088251
v 4.38863356 -0.26284619 0.24747343
v 4.38862259 -0.25953480 0.24632085
v 4.38929952 -0.26171356 0.24660046
v 4.38863057 -0.25632756 0.24547101
v 4.38863057 -0.25328212 0.24490316
v 4.38929950 -0.25300030 0.33156738
v 4.38929938 -0.25573138 0.33109144
v 4.38929914 -0.25842094 0.33044616
v 4.38930081 -0.26105708 0.32963238
v 4.38929890 -0.26364749 0.32865719
v 4.38929962 -0.26554256 0.32781235
v 4.38929914 -0.27096518 0.32478336
v 4.38929937 -0.27539071 0.32146028
v 4.38929770 -0.27743447 0.31960396
v 4.38929949 -0.27935307 0.31761996
v 4.38929961 -0.28071075 0.31604723
v 4.38929830 -0.28358910 0.31216363
v 4.38929973 -0.28503250 0.30980460
v 4.38929961 -0.28601328 0.30797610
v 4.38929782 -0.28691815 0.30611036
v 4.38929674 -0.28797823 0.30355535
v 4.38929960 -0.28865537 0.30159733
v 4.38929960 -0.28974958 0.29759876
v 4.38929876 -0.29055029 0.29282940
v 4.38929924 -0.29076647 0.29007364
v 4.38929960 -0.29080944 0.28799976
v 4.38929924 -0.29076646 0.28592593
v 4.38929876 -0.29055048 0.28317017
v 4.38929816 -0.29016189 0.28043319
v 4.38929757 -0.28960220 0.27772582
v 4.38929685 -0.28887362 0.27505786
v 4.38929899 -0.28570077 0.26740796
v 4.38929887 -0.28027407 0.25942136
v 4.38929934 -0.27539073 0.25453896
v 4.38930208 -0.27322887 0.25281239
v 4.38929922 -0.27096312 0.25121469
v 4.38929958 -0.26920665 0.25012661
v 4.38929862 -0.26739549 0.24910445
v 4.38929964 -0.26554326 0.24818695
v 4.38929886 -0.26365429 0.24734432
v 4.38930041 -0.25975061 0.24594129
v 4.38929922 -0.25708307 0.24520964
v 4.38929946 -0.25436875 0.24464793
v 4.38929958 -0.25232406 0.24434645
v 4.38930077 -0.25025827 0.24413145
v 4.38929958 -0.24819166 0.24402124
usemtl Aluminum
f 1 2 3
f 4 5 6
f 7 8 9
f 9 4 7
f 10 8 7
f 10 11 12
f 8 10 12
f 12 11 13
f 14 15 16
f 11 17 13
f 18 13 19
f 19 13 17
f 20 18 19
f 21 18 20
f 21 22 23
f 24 23 22
f 24 25 23
f 20 22 21
f 24 26 25
f 27 26 28
f 29 30 31
f 25 26 27
f 9 5 4
f 32 33 31
f 34 35 36
f 5 37 6
f 37 38 6
f 34 39 40
f 37 41 38
f 38 41 42
f 42 41 43
f 44 43 41
f 45 46 47
f 44 48 43
f 48 49 50
f 44 49 48
f 51 52 49
f 50 53 54
f 50 49 53
f 53 49 52
f 55 56 54
f 56 50 54
f 55 57 58
f 55 58 56
f 57 59 58
f 59 57 60
f 59 60 61
f 59 61 62
f 63 62 61
f 62 64 65
f 64 66 65
f 67 68 69
f 70 71 66
f 72 68 67
f 73 74 75
f 73 75 76
f 77 78 79
f 1 80 2
f 81 3 82
f 81 82 83
f 84 85 86
f 87 88 89
f 90 91 92
f 91 93 92
f 94 93 95
f 95 93 96
f 97 98 96
f 95 96 98
f 99 98 97
f 100 99 97
f 101 99 100
f 102 103 104
f 105 106 107
f 101 100 108
f 106 108 100
f 92 93 94
f 72 74 68
f 109 110 111
f 112 90 89
f 112 91 90
f 89 88 112
f 87 83 88
f 113 114 86
f 81 83 87
f 3 2 82
f 80 78 2
f 80 1 115
f 115 75 80
f 75 115 76
f 75 74 116
f 64 62 63
f 68 74 73
f 72 67 117
f 70 67 71
f 69 71 67
f 66 71 69
f 69 65 66
f 66 64 118
f 63 118 64
f 103 119 120
f 100 121 107
f 121 100 97
f 97 122 121
f 122 97 96
f 96 123 122
f 123 96 93
f 123 93 124
f 124 93 91
f 124 91 125
f 125 91 112
f 85 112 88
f 112 85 125
f 86 88 83
f 88 86 85
f 113 83 82
f 83 113 86
f 126 82 2
f 113 82 126
f 127 128 129
f 126 2 78
f 79 80 75
f 79 78 80
f 130 131 132
f 79 75 116
f 133 130 117
f 116 74 72
f 134 135 136
f 137 134 136
f 51 49 44
f 41 138 44
f 51 44 138
f 139 45 47
f 140 41 37
f 138 41 140
f 5 35 37
f 140 37 35
f 36 5 9
f 35 5 36
f 141 9 8
f 9 141 36
f 16 8 12
f 8 16 141
f 14 12 13
f 16 12 14
f 142 13 18
f 14 13 142
f 143 18 21
f 18 143 142
f 144 21 23
f 143 21 144
f 25 145 23
f 144 23 145
f 27 29 25
f 25 29 145
f 27 28 30
f 106 100 107
f 121 119 107
f 107 119 103
f 122 146 121
f 121 146 119
f 123 147 122
f 122 147 146
f 124 148 123
f 147 123 148
f 125 109 124
f 124 109 148
f 85 110 125
f 125 110 109
f 84 149 110
f 85 84 110
f 150 84 114
f 86 114 84
f 126 151 113
f 113 151 114
f 78 129 126
f 151 126 129
f 129 77 127
f 129 78 77
f 116 132 79
f 77 79 132
f 72 117 116
f 116 117 132
f 117 70 152
f 117 67 70
f 70 118 153
f 70 66 118
f 61 154 63
f 118 63 154
f 60 154 61
f 57 136 60
f 154 60 136
f 55 136 57
f 54 155 55
f 136 55 155
f 53 155 54
f 156 155 52
f 53 52 155
f 52 157 158
f 52 51 157
f 138 157 51
f 157 138 47
f 140 47 138
f 47 159 139
f 47 140 159
f 35 159 140
f 35 34 159
f 34 36 160
f 141 160 36
f 160 141 161
f 16 161 141
f 16 15 161
f 14 162 15
f 142 162 14
f 162 163 164
f 162 142 163
f 143 163 142
f 143 165 163
f 144 165 143
f 144 166 165
f 145 166 144
f 166 145 33
f 29 33 145
f 30 29 27
f 105 107 103
f 102 105 103
f 120 104 103
f 120 119 167
f 119 146 167
f 167 146 168
f 168 147 169
f 168 146 147
f 169 148 170
f 169 147 148
f 170 148 171
f 171 148 109
f 171 109 172
f 111 172 109
f 111 110 149
f 84 173 149
f 173 84 150
f 150 114 174
f 175 174 114
f 175 114 151
f 175 151 176
f 176 129 128
f 176 151 129
f 127 77 177
f 177 77 178
f 178 132 131
f 178 77 132
f 130 132 117
f 133 117 152
f 152 70 179
f 179 70 153
f 153 118 180
f 180 118 181
f 181 154 182
f 181 118 154
f 135 182 154
f 135 154 136
f 183 137 136
f 183 136 155
f 184 183 155
f 156 184 155
f 156 52 185
f 185 52 158
f 158 157 186
f 186 157 46
f 46 157 47
f 139 159 187
f 187 159 40
f 40 159 34
f 39 34 188
f 188 160 189
f 188 34 160
f 189 160 190
f 190 160 161
f 191 190 161
f 191 161 192
f 192 161 15
f 192 15 193
f 193 15 194
f 15 162 194
f 194 162 164
f 164 163 195
f 195 163 196
f 196 163 165
f 196 165 197
f 197 165 166
f 197 166 198
f 198 33 199
f 198 166 33
f 199 33 200
f 33 29 31
f 32 200 33
f 201 202 203
f 204 201 203
f 205 203 202
f 206 207 208
f 201 204 209
f 210 209 204
f 211 209 210
f 212 213 214
f 215 211 210
f 211 215 216
f 217 218 216
f 217 216 215
f 217 219 218
f 219 220 221
f 221 218 219
f 222 220 223
f 224 222 223
f 222 221 220
f 225 224 226
f 223 226 224
f 227 228 229
f 225 226 230
f 230 228 227
f 227 229 231
f 205 202 232
f 205 232 233
f 232 234 233
f 235 236 237
f 234 238 233
f 238 239 233
f 240 235 241
f 238 242 243
f 243 239 238
f 244 243 242
f 245 244 242
f 244 245 246
f 246 245 247
f 246 247 248
f 247 249 248
f 246 250 251
f 249 252 248
f 253 252 249
f 254 250 248
f 255 252 253
f 256 255 253
f 256 253 257
f 256 257 258
f 255 259 254
f 257 260 258
f 260 261 258
f 262 261 260
f 262 263 261
f 263 262 264
f 264 265 263
f 264 266 265
f 267 268 269
f 268 267 270
f 271 272 273
f 274 275 276
f 277 278 279
f 280 281 274
f 282 283 284
f 285 283 286
f 285 287 288
f 289 290 291
f 292 293 294
f 293 295 294
f 296 297 298
f 298 299 300
f 301 300 299
f 302 303 304
f 299 305 301
f 305 306 301
f 300 296 298
f 293 297 295
f 295 297 296
f 307 292 294
f 284 280 308
f 207 206 307
f 206 292 307
f 288 208 207
f 288 309 208
f 290 310 288
f 286 283 282
f 309 288 287
f 285 286 287
f 285 310 311
f 312 313 314
f 315 316 313
f 283 280 284
f 280 274 308
f 279 317 318
f 281 275 274
f 266 319 320
f 275 279 276
f 270 273 272
f 276 279 278
f 278 277 321
f 271 321 277
f 322 323 324
f 271 273 321
f 323 270 272
f 270 323 268
f 322 325 269
f 269 319 267
f 269 320 319
f 326 320 325
f 266 320 265
f 327 328 306
f 300 329 296
f 328 329 300
f 329 330 331
f 332 295 331
f 295 296 331
f 332 333 294
f 295 332 294
f 334 307 333
f 307 294 333
f 290 207 334
f 307 334 207
f 207 290 288
f 288 310 285
f 335 283 311
f 285 311 283
f 316 280 335
f 283 335 280
f 336 317 337
f 280 316 281
f 324 338 339
f 340 341 342
f 259 342 343
f 259 343 344
f 241 233 239
f 237 205 241
f 233 241 205
f 345 203 237
f 205 237 203
f 346 204 345
f 203 345 204
f 347 210 346
f 204 346 210
f 348 215 347
f 215 210 347
f 349 217 348
f 215 348 217
f 350 219 349
f 219 217 349
f 350 351 220
f 219 350 220
f 220 351 223
f 223 352 226
f 351 352 223
f 226 228 230
f 226 352 228
f 306 328 301
f 302 330 329
f 301 328 300
f 329 328 302
f 330 353 331
f 296 329 331
f 354 332 353
f 332 331 353
f 355 333 354
f 333 332 354
f 291 334 355
f 334 333 355
f 291 356 289
f 334 291 290
f 357 310 289
f 290 289 310
f 358 311 357
f 310 357 311
f 313 335 358
f 311 358 335
f 313 312 315
f 335 313 316
f 317 281 315
f 281 316 315
f 281 317 275
f 317 359 318
f 275 317 279
f 279 318 277
f 324 271 318
f 277 318 271
f 272 271 324
f 360 322 339
f 323 272 324
f 323 322 268
f 322 361 325
f 268 322 269
f 325 362 326
f 269 325 320
f 320 326 265
f 340 263 326
f 265 326 263
f 263 340 261
f 259 258 340
f 261 340 258
f 256 258 259
f 363 254 344
f 255 256 259
f 255 254 252
f 254 364 250
f 252 254 248
f 250 365 251
f 248 250 246
f 246 251 244
f 240 243 251
f 243 244 251
f 243 240 239
f 240 366 235
f 239 240 241
f 367 236 235
f 237 241 235
f 368 345 236
f 345 237 236
f 369 346 368
f 346 345 368
f 213 347 369
f 347 346 369
f 212 348 213
f 348 347 213
f 370 349 212
f 348 212 349
f 371 350 370
f 350 349 370
f 372 351 371
f 351 350 371
f 373 352 372
f 352 351 372
f 373 229 228
f 228 352 373
f 328 327 302
f 303 302 327
f 304 374 330
f 304 330 302
f 374 375 330
f 330 375 353
f 375 376 353
f 353 376 354
f 376 377 354
f 377 378 355
f 377 355 354
f 378 379 355
f 355 379 291
f 379 356 291
f 356 380 289
f 380 381 289
f 381 382 357
f 381 357 289
f 382 383 357
f 383 384 358
f 383 358 357
f 384 385 358
f 385 313 358
f 314 313 385
f 312 386 315
f 386 337 315
f 337 317 315
f 336 359 317
f 359 387 318
f 388 318 387
f 388 324 318
f 338 324 388
f 339 322 324
f 360 361 322
f 361 362 325
f 362 389 326
f 389 390 326
f 390 341 340
f 390 340 326
f 342 259 340
f 344 254 259
f 363 364 254
f 364 365 250
f 365 391 251
f 391 392 251
f 393 251 392
f 393 240 251
f 393 366 240
f 366 394 235
f 394 395 235
f 367 235 395
f 367 396 236
f 396 397 368
f 396 368 236
f 397 398 368
f 398 399 369
f 398 369 368
f 399 400 369
f 400 213 369
f 400 214 213
f 214 401 212
f 401 402 212
f 402 370 212
f 403 370 402
f 370 403 371
f 403 404 371
f 404 405 372
f 404 372 371
f 405 406 373
f 405 373 372
f 406 407 373
f 373 407 229
f 407 408 229
f 408 231 229
f 409 410 411
f 412 413 414
f 413 415 414
f 416 414 415
f 416 415 417
f 417 418 416
f 419 418 417
f 418 419 420
f 419 421 420
f 422 420 421
f 422 421 423
f 423 424 422
f 425 424 423
f 426 424 425
f 427 428 412
f 413 412 428
f 428 427 429
f 427 430 429
f 431 429 430
f 431 430 432
f 432 433 431
f 434 433 432
f 433 434 435
f 434 436 435
f 437 435 436
f 437 436 438
f 438 410 437
f 410 409 437
f 439 411 440
f 441 442 443
f 444 445 446
f 445 447 448
f 449 447 450
f 449 450 451
f 452 453 454
f 455 456 453
f 455 457 456
f 456 457 458
f 458 457 459
f 460 458 459
f 461 460 459
f 455 453 452
f 452 454 462
f 462 454 463
f 464 462 463
f 451 464 463
f 451 450 464
f 449 448 447
f 445 448 446
f 442 444 446
f 444 442 441
f 439 440 443
f 440 441 443
f 439 465 411
f 411 465 409
f 466 467 468
f 469 470 471
f 472 473 474
f 475 469 471
f 470 476 471
f 477 478 479
f 480 481 482
f 483 469 484
f 485 486 487
f 475 484 469
f 483 488 469
f 489 469 488
f 489 490 469
f 469 490 491
f 491 492 469
f 493 494 495
f 496 492 491
f 497 492 496
f 492 498 499
f 492 500 498
f 501 492 499
f 501 502 503
f 499 502 501
f 500 492 497
f 504 505 506
f 501 507 508
f 508 509 501
f 505 510 511
f 512 505 513
f 509 513 505
f 507 501 503
f 514 515 516
f 517 518 514
f 514 519 515
f 520 521 470
f 470 521 476
f 522 520 470
f 520 522 523
f 524 523 522
f 524 522 525
f 526 525 522
f 527 526 528
f 522 528 526
f 528 529 530
f 527 528 530
f 531 529 532
f 528 532 529
f 532 533 531
f 534 532 535
f 536 537 538
f 539 535 532
f 534 533 532
f 540 541 539
f 532 542 543
f 539 541 535
f 539 544 545
f 544 539 546
f 540 539 545
f 547 546 548
f 543 549 539
f 547 544 546
f 550 551 546
f 546 551 548
f 546 552 550
f 552 553 554
f 550 552 554
f 555 549 556
f 557 553 552
f 552 466 557
f 552 558 559
f 466 552 467
f 468 467 560
f 561 562 467
f 467 563 561
f 467 562 560
f 563 564 565
f 566 467 559
f 561 563 565
f 567 563 568
f 569 568 563
f 567 564 563
f 570 571 572
f 570 573 569
f 574 575 571
f 576 577 578
f 579 574 580
f 581 582 583
f 584 574 582
f 585 582 586
f 587 583 582
f 586 588 589
f 586 590 591
f 592 593 482
f 594 482 595
f 482 596 592
f 480 597 598
f 599 600 601
f 601 600 602
f 603 604 605
f 601 479 478
f 606 607 608
f 608 479 606
f 609 610 606
f 606 610 607
f 611 606 472
f 612 613 606
f 474 611 472
f 614 615 472
f 616 617 618
f 472 617 614
f 618 619 616
f 620 621 618
f 622 618 621
f 623 624 625
f 620 626 627
f 628 626 620
f 629 630 631
f 620 632 628
f 632 620 633
f 634 632 633
f 629 631 623
f 627 621 620
f 635 636 637
f 638 619 618
f 638 618 622
f 639 640 472
f 617 472 618
f 615 641 472
f 642 606 611
f 643 613 644
f 472 641 473
f 606 642 645
f 609 606 645
f 479 608 646
f 612 479 647
f 646 477 479
f 601 478 599
f 480 598 648
f 582 585 587
f 480 601 597
f 602 597 601
f 481 480 648
f 649 650 651
f 481 596 482
f 586 482 588
f 593 588 482
f 590 586 589
f 652 651 582
f 591 585 586
f 574 653 580
f 652 574 654
f 584 582 581
f 653 574 584
f 575 574 579
f 571 575 655
f 656 571 655
f 572 571 656
f 569 657 578
f 571 570 569
f 569 563 566
f 573 568 569
f 658 659 633
f 633 620 658
f 658 660 659
f 640 658 618
f 658 620 618
f 661 662 663
f 664 639 472
f 472 640 618
f 613 664 606
f 606 664 472
f 604 647 601
f 606 479 612
f 665 666 605
f 594 604 480
f 601 647 479
f 601 480 604
f 651 595 586
f 480 482 594
f 652 667 649
f 482 586 595
f 576 668 667
f 651 586 582
f 654 571 577
f 652 582 574
f 574 571 654
f 657 566 669
f 571 569 577
f 669 559 670
f 671 670 555
f 563 467 566
f 549 558 546
f 559 467 552
f 556 543 672
f 552 546 558
f 673 672 538
f 546 539 549
f 528 536 542
f 539 532 543
f 674 675 537
f 676 536 522
f 528 542 532
f 676 470 677
f 528 522 536
f 677 469 678
f 522 470 676
f 678 469 679
f 470 469 677
f 680 679 492
f 681 680 492
f 492 679 469
f 681 501 504
f 501 681 492
f 501 509 505
f 505 504 501
f 506 505 682
f 512 510 505
f 682 505 511
f 630 659 660
f 660 640 683
f 683 640 684
f 660 658 640
f 684 639 685
f 685 664 643
f 639 684 640
f 686 687 661
f 664 685 639
f 644 612 688
f 613 643 664
f 688 647 603
f 613 612 644
f 612 647 688
f 605 594 665
f 604 603 647
f 689 690 691
f 665 595 650
f 604 594 605
f 594 595 665
f 692 668 693
f 595 651 650
f 667 654 576
f 651 652 649
f 578 694 576
f 652 654 667
f 657 695 696
f 654 577 576
f 577 569 578
f 569 566 657
f 670 558 555
f 566 559 669
f 556 697 555
f 559 558 670
f 698 673 699
f 558 549 555
f 672 542 538
f 549 543 556
f 543 542 672
f 537 676 674
f 536 538 542
f 674 677 700
f 676 537 536
f 701 702 703
f 700 678 704
f 677 674 676
f 704 679 485
f 678 700 677
f 485 680 486
f 679 704 678
f 486 681 705
f 680 485 679
f 705 504 706
f 681 486 680
f 706 504 707
f 705 681 504
f 707 506 708
f 506 707 504
f 682 709 506
f 709 708 506
f 625 629 623
f 683 630 660
f 710 711 712
f 684 713 683
f 630 683 713
f 685 714 684
f 713 684 714
f 643 715 685
f 715 714 685
f 644 716 643
f 716 715 643
f 688 717 644
f 716 644 717
f 718 687 719
f 603 720 688
f 720 717 688
f 721 722 719
f 605 723 603
f 723 720 603
f 666 723 605
f 650 689 665
f 689 666 665
f 724 693 725
f 649 690 650
f 650 690 689
f 667 692 649
f 649 692 690
f 668 692 667
f 694 726 727
f 726 728 729
f 576 730 668
f 576 694 730
f 657 728 578
f 578 726 694
f 578 728 726
f 670 731 669
f 669 695 657
f 731 695 669
f 732 733 734
f 735 731 670
f 670 671 735
f 555 732 671
f 555 697 732
f 672 698 556
f 556 698 697
f 673 698 672
f 736 737 738
f 537 739 538
f 538 739 673
f 740 741 742
f 675 739 537
f 700 743 674
f 743 675 674
f 704 701 700
f 701 743 700
f 485 702 704
f 702 701 704
f 487 702 485
f 705 744 486
f 487 486 744
f 706 745 705
f 745 744 705
f 707 746 706
f 745 706 746
f 708 747 707
f 746 707 747
f 708 748 747
f 709 748 708
f 659 630 629
f 630 713 749
f 631 630 749
f 714 750 713
f 749 713 750
f 714 715 712
f 750 714 712
f 716 710 715
f 710 712 715
f 716 717 751
f 710 716 751
f 717 720 752
f 751 717 752
f 720 723 753
f 752 720 753
f 723 666 721
f 753 723 721
f 754 755 756
f 666 689 722
f 722 721 666
f 691 722 689
f 690 692 724
f 724 691 690
f 693 724 692
f 668 730 757
f 757 693 668
f 730 694 758
f 730 758 757
f 696 759 728
f 696 728 657
f 697 698 733
f 733 732 697
f 699 733 698
f 739 760 673
f 760 699 673
f 739 675 736
f 736 760 739
f 675 743 737
f 737 736 675
f 701 761 743
f 761 737 743
f 703 761 701
f 487 762 702
f 762 703 702
f 487 744 763
f 763 762 487
f 744 745 764
f 763 744 764
f 746 765 745
f 765 764 745
f 746 747 493
f 765 746 493
f 747 748 494
f 493 747 494
f 766 494 748
f 766 748 767
f 709 768 748
f 768 767 748
f 750 769 749
f 623 749 769
f 712 770 750
f 750 770 769
f 771 772 773
f 770 712 711
f 751 774 710
f 711 710 774
f 751 752 775
f 774 751 775
f 753 776 752
f 775 752 776
f 721 686 753
f 776 753 686
f 686 721 719
f 722 691 777
f 719 722 777
f 724 778 691
f 756 777 691
f 756 691 778
f 779 780 781
f 725 778 724
f 757 782 693
f 780 725 693
f 782 780 693
f 757 758 783
f 782 757 784
f 785 727 786
f 783 784 757
f 786 729 787
f 787 759 788
f 727 758 694
f 788 789 790
f 729 727 726
f 695 789 696
f 759 729 728
f 731 791 695
f 789 759 696
f 735 792 731
f 791 789 695
f 671 793 735
f 792 791 731
f 671 732 794
f 792 735 793
f 793 671 794
f 795 796 797
f 734 794 732
f 760 798 699
f 796 733 699
f 798 796 699
f 736 799 760
f 798 760 800
f 801 738 802
f 800 760 799
f 803 799 736
f 738 803 736
f 737 761 804
f 738 737 805
f 804 805 737
f 703 742 761
f 804 761 742
f 762 806 703
f 806 742 703
f 763 807 762
f 806 762 807
f 808 809 810
f 763 764 811
f 807 763 811
f 764 765 812
f 811 764 812
f 493 813 765
f 812 765 813
f 814 815 816
f 813 493 495
f 494 766 816
f 495 494 816
f 814 766 767
f 766 814 816
f 814 767 517
f 768 518 767
f 518 517 767
f 817 637 818
f 631 749 623
f 770 818 769
f 624 769 818
f 770 819 818
f 819 711 820
f 711 819 770
f 711 774 820
f 820 774 771
f 771 775 821
f 775 771 774
f 821 776 661
f 775 776 821
f 776 686 661
f 686 719 687
f 718 777 822
f 719 777 718
f 822 777 755
f 777 756 755
f 778 725 823
f 823 725 779
f 725 780 779
f 783 758 785
f 785 758 727
f 734 733 795
f 795 733 796
f 800 824 797
f 799 803 801
f 801 803 738
f 805 804 825
f 825 742 741
f 804 742 825
f 740 806 826
f 742 806 740
f 826 807 827
f 806 807 826
f 827 811 828
f 807 811 827
f 812 828 811
f 829 810 828
f 812 813 829
f 829 813 830
f 830 495 831
f 495 830 813
f 831 816 815
f 495 816 831
f 832 814 517
f 815 814 832
f 514 832 517
f 623 769 624
f 818 637 624
f 635 637 817
f 819 817 818
f 817 819 833
f 820 833 819
f 773 833 820
f 771 773 820
f 772 834 773
f 663 772 821
f 821 772 771
f 663 662 835
f 821 661 663
f 836 662 687
f 661 687 662
f 837 836 718
f 687 718 836
f 837 822 838
f 718 822 837
f 755 754 839
f 756 778 754
f 823 754 778
f 779 840 823
f 779 781 840
f 780 782 781
f 841 781 784
f 782 784 781
f 783 841 784
f 785 841 783
f 785 786 842
f 786 787 843
f 727 729 786
f 787 788 843
f 729 759 787
f 788 790 844
f 759 789 788
f 845 790 791
f 789 791 790
f 846 845 792
f 791 792 845
f 847 846 793
f 792 793 846
f 848 847 794
f 793 794 847
f 849 848 734
f 734 848 794
f 795 850 849
f 734 795 849
f 795 797 850
f 796 798 797
f 797 824 851
f 798 800 797
f 800 799 824
f 801 824 799
f 801 802 852
f 738 805 802
f 825 802 805
f 741 853 825
f 854 740 826
f 855 854 827
f 827 854 826
f 810 855 828
f 828 855 827
f 810 829 808
f 812 829 828
f 856 808 830
f 830 808 829
f 857 856 831
f 831 856 830
f 858 857 815
f 815 857 831
f 858 832 516
f 832 858 815
f 859 516 515
f 518 519 514
f 624 637 625
f 636 625 637
f 635 817 860
f 817 833 860
f 860 833 861
f 861 773 834
f 861 833 773
f 772 663 834
f 834 663 835
f 835 662 862
f 862 662 836
f 862 836 838
f 838 836 837
f 838 822 839
f 839 822 755
f 839 754 863
f 840 863 754
f 840 754 823
f 840 781 864
f 865 864 781
f 865 781 841
f 842 865 841
f 842 841 785
f 842 786 843
f 843 788 844
f 844 845 866
f 844 790 845
f 866 845 846
f 867 866 846
f 867 846 847
f 868 867 847
f 868 847 848
f 868 848 849
f 849 850 868
f 850 797 851
f 851 824 869
f 852 869 824
f 852 824 801
f 852 802 870
f 870 802 825
f 825 853 870
f 853 741 740
f 871 853 740
f 871 740 854
f 871 855 872
f 871 854 855
f 872 810 809
f 872 855 810
f 809 808 873
f 873 808 856
f 856 857 873
f 873 857 874
f 874 858 875
f 874 857 858
f 875 516 859
f 875 858 516
f 514 516 832
f 876 859 515
f 876 515 519
f 877 878 879
f 880 881 882
f 883 880 882
f 884 885 886
f 887 888 889
f 890 881 891
f 882 892 883
f 893 890 894
f 890 891 894
f 881 880 891
f 893 894 895
f 896 897 898
f 898 899 900
f 895 897 896
f 898 897 899
f 901 900 899
f 902 901 903
f 896 893 895
f 904 903 905
f 903 904 902
f 906 904 905
f 906 907 908
f 905 907 906
f 909 910 911
f 907 910 908
f 911 912 909
f 908 910 909
f 912 913 914
f 902 900 901
f 915 914 916
f 917 915 918
f 919 920 921
f 916 918 915
f 922 917 918
f 921 922 919
f 922 921 917
f 923 924 925
f 916 914 913
f 926 920 927
f 926 928 924
f 926 927 928
f 928 925 924
f 929 923 925
f 929 930 923
f 930 929 931
f 919 927 920
f 931 932 930
f 933 934 935
f 934 932 931
f 936 933 935
f 932 934 933
f 936 937 938
f 913 912 911
f 939 938 940
f 938 937 940
f 941 939 942
f 942 939 940
f 935 937 936
f 943 944 892
f 883 892 944
f 943 945 946
f 946 944 943
f 947 945 948
f 945 947 946
f 949 950 948
f 947 948 950
f 949 951 952
f 952 950 949
f 953 951 954
f 951 953 952
f 955 956 954
f 953 954 956
f 955 957 958
f 958 956 955
f 959 957 960
f 957 959 958
f 961 962 960
f 959 960 962
f 961 963 964
f 964 962 961
f 965 963 966
f 963 965 964
f 967 968 966
f 965 966 968
f 967 969 970
f 970 968 967
f 971 969 972
f 969 971 970
f 973 974 972
f 971 972 974
f 973 975 976
f 976 974 973
f 977 975 978
f 975 977 976
f 979 980 978
f 977 978 980
f 979 981 982
f 982 980 979
f 983 981 984
f 981 983 982
f 985 986 984
f 983 984 986
f 985 987 988
f 988 986 985
f 989 987 990
f 987 989 988
f 991 992 990
f 989 990 992
f 991 993 994
f 994 992 991
f 995 993 996
f 993 995 994
f 995 996 877
f 997 998 999
f 877 996 878
f 1000 1001 1002
f 1003 1004 1005
f 1006 1007 1008
f 1009 1010 1011
f 1012 1013 1014
f 1015 1016 1017
f 1018 1019 1020
f 1021 1022 1023
f 1024 1025 1026
f 1027 1028 1029
f 1030 1031 1032
f 1033 1034 1026
f 1035 1036 1037
f 1038 1039 1040
f 1041 1042 1043
f 1044 1035 1045
f 1046 1047 1048
f 1049 1047 1050
f 1051 1052 1053
f 1054 1051 1055
f 1056 1057 1058
f 1059 1060 1061
f 1062 1063 1064
f 1064 1057 1065
f 1066 888 887
f 889 1067 887
f 1068 1069 1070
f 1071 1072 1069
f 1073 884 1074
f 1068 886 885
f 1075 1076 1077
f 1074 1076 1078
f 1079 1080 1077
f 1075 1077 1080
f 1079 1081 1082
f 1082 1080 1079
f 1083 1081 1084
f 1081 1083 1082
f 1085 1086 1084
f 1083 1084 1086
f 1085 1087 1088
f 1088 1086 1085
f 1089 1087 1090
f 1087 1089 1088
f 1091 1092 1090
f 1089 1090 1092
f 1091 1093 1094
f 1094 1092 1091
f 1095 1093 1096
f 1093 1095 1094
f 1097 1098 1096
f 1095 1096 1098
f 1097 1099 1100
f 1100 1098 1097
f 1073 1074 1078
f 1078 1076 1075
f 1068 1070 886
f 884 1073 885
f 1063 1067 889
f 1071 1066 1072
f 1069 1072 1070
f 1071 888 1066
f 1050 1041 1049
f 1067 1063 1062
f 1057 1056 1065
f 1062 1064 1065
f 1024 1029 1028
f 1060 1059 1058
f 1056 1058 1059
f 1060 1053 1061
f 1052 1051 1054
f 1052 1061 1053
f 1055 1046 1048
f 1048 1054 1055
f 1047 1046 1050
f 1041 1043 1049
f 1045 1043 1042
f 1044 1036 1035
f 1042 1044 1045
f 1038 1037 1036
f 1027 1029 1018
f 1039 1031 1040
f 1037 1038 1040
f 1032 1034 1030
f 1031 1039 1032
f 1025 1033 1026
f 1033 1030 1034
f 1025 1024 1028
f 1014 1016 1015
f 1016 1008 1017
f 1018 1020 1027
f 1023 1019 1021
f 1019 1023 1020
f 1013 1022 1021
f 1014 1015 1012
f 1022 1013 1012
f 1008 1007 1017
f 1011 1010 1006
f 1010 1007 1006
f 1000 1002 1009
f 1000 1009 1011
f 1001 1003 1005
f 1001 1005 1002
f 999 1004 997
f 1003 997 1004
f 999 998 879
f 877 879 998
f 1101 1102 1103
f 1104 1105 1106
f 1107 1108 1104
f 1109 1108 1107
f 1110 1107 1111
f 1110 1109 1107
f 1104 1106 1107
f 1111 1112 1110
f 1113 1114 1111
f 1112 1111 1115
f 1114 1115 1111
f 1113 1116 1114
f 1117 1118 1113
f 1118 1119 1113
f 1120 1121 1122
f 1117 1123 1118
f 1123 1117 1124
f 1122 1125 1126
f 1122 1126 1117
f 1117 1126 1124
f 1127 1128 1120
f 1120 1129 1121
f 1129 1120 1128
f 1127 1120 1130
f 1130 1131 1132
f 1132 1127 1130
f 1131 1130 1133
f 1119 1116 1113
f 1122 1121 1125
f 1134 1135 1136
f 1133 1135 1137
f 1137 1135 1138
f 1139 1140 1141
f 1138 1135 1142
f 1137 1143 1133
f 1140 1135 1134
f 1135 1139 1144
f 1145 1140 1134
f 1146 1106 1105
f 1131 1133 1143
f 1146 1147 1106
f 1106 1148 1107
f 1149 1106 1147
f 1150 1151 1149
f 1150 1149 1147
f 1149 1151 1152
f 1153 1149 1152
f 1153 1154 1155
f 1155 1154 1156
f 1155 1149 1153
f 1157 1155 1156
f 1157 1158 1159
f 1159 1158 1160
f 1159 1155 1157
f 1161 1159 1160
f 1162 1155 1159
f 1161 1163 1159
f 1164 1163 1165
f 1166 1164 1165
f 1163 1164 1159
f 1166 1167 1164
f 1164 1167 1168
f 1169 1170 1168
f 1169 1171 1170
f 1164 1168 1170
f 1170 1171 1172
f 1173 1174 1172
f 1173 1175 1174
f 1170 1172 1174
f 1174 1175 1176
f 1170 1174 1177
f 1178 1174 1176
f 1178 1179 1180
f 1180 1179 1181
f 1180 1174 1178
f 1182 1180 1181
f 1183 1174 1180
f 1180 1182 1184
f 1184 1185 1186
f 1186 1185 1187
f 1186 1180 1184
f 1186 1187 1188
f 1189 1190 1191
f 1192 1193 1194
f 1193 1195 1196
f 1197 1198 1199
f 1200 1201 1202
f 1199 1198 1203
f 1204 1203 1201
f 1205 1206 1207
f 1207 1208 1209
f 1210 1208 1211
f 1212 1213 1214
f 1215 1216 1217
f 1218 1216 1215
f 1219 1220 1221
f 1221 1215 1217
f 1222 1223 1224
f 1222 1224 1220
f 1225 1224 1226
f 1227 1101 1228
f 1225 1229 1228
f 1230 1231 1232
f 1101 1227 1102
f 1233 1103 1234
f 1102 1235 1103
f 1236 1103 1233
f 1236 1233 1237
f 1236 1238 1239
f 1239 1240 1241
f 1239 1241 1242
f 1243 1242 1244
f 1241 1245 1242
f 1246 1242 1243
f 1242 1245 1244
f 1247 1248 1249
f 1250 1251 1248
f 1246 1252 1242
f 1249 1242 1252
f 1240 1239 1238
f 1238 1236 1237
f 1103 1235 1234
f 1194 1193 1191
f 1226 1224 1223
f 1228 1101 1225
f 1225 1253 1229
f 1225 1226 1253
f 1254 1215 1221
f 1221 1220 1224
f 1255 1221 1217
f 1255 1219 1221
f 1215 1213 1256
f 1213 1257 1256
f 1215 1256 1218
f 1212 1257 1213
f 1208 1214 1213
f 1214 1208 1258
f 1259 1208 1210
f 1258 1208 1259
f 1201 1205 1207
f 1208 1207 1211
f 1260 1207 1206
f 1260 1211 1207
f 1201 1261 1205
f 1200 1262 1201
f 1201 1262 1261
f 1203 1204 1199
f 1203 1202 1201
f 1203 1198 1263
f 1202 1203 1263
f 1264 1199 1196
f 1264 1197 1199
f 1193 1196 1199
f 1192 1265 1193
f 1193 1265 1195
f 1191 1190 1266
f 1194 1191 1266
f 1191 1267 1189
f 1191 1186 1267
f 1267 1186 1188
f 1268 1103 1236
f 1269 1270 1271
f 1209 1272 1273
f 1204 1274 1275
f 1276 1277 1278
f 1279 1280 1281
f 1282 1283 1284
f 1285 1282 1286
f 1136 1133 1130
f 1135 1140 1139
f 1142 1135 1144
f 1287 1251 1288
f 1242 1251 1287
f 1289 1239 1242
f 1242 1287 1289
f 1290 1236 1239
f 1239 1289 1290
f 1290 1268 1236
f 1291 1101 1103
f 1103 1268 1291
f 1231 1225 1101
f 1291 1231 1101
f 1225 1231 1230
f 1230 1224 1225
f 1224 1230 1292
f 1292 1221 1224
f 1221 1292 1293
f 1293 1254 1221
f 1269 1213 1215
f 1254 1269 1215
f 1294 1208 1213
f 1294 1213 1269
f 1294 1209 1208
f 1295 1201 1207
f 1295 1207 1209
f 1296 1204 1297
f 1295 1204 1201
f 1298 1299 1300
f 1204 1299 1199
f 1299 1193 1199
f 1301 1193 1299
f 1302 1191 1193
f 1302 1193 1301
f 1303 1191 1302
f 1304 1186 1191
f 1304 1191 1303
f 1305 1186 1304
f 1277 1180 1186
f 1305 1277 1186
f 1306 1183 1307
f 1277 1279 1180
f 1308 1309 1310
f 1279 1183 1180
f 1311 1177 1312
f 1183 1309 1174
f 1313 1314 1315
f 1309 1177 1174
f 1177 1314 1170
f 1314 1164 1170
f 1316 1164 1314
f 1316 1159 1164
f 1317 1162 1318
f 1316 1162 1159
f 1319 1320 1162
f 1162 1320 1155
f 1320 1149 1155
f 1321 1322 1323
f 1320 1324 1149
f 1322 1106 1149
f 1324 1322 1149
f 1325 1283 1148
f 1322 1148 1106
f 1148 1283 1107
f 1283 1111 1107
f 1283 1282 1111
f 1282 1113 1111
f 1113 1282 1285
f 1285 1117 1113
f 1285 1326 1117
f 1327 1122 1117
f 1117 1326 1327
f 1328 1120 1122
f 1327 1328 1122
f 1329 1130 1120
f 1120 1328 1329
f 1329 1136 1130
f 1133 1136 1135
f 1134 1330 1331
f 1249 1251 1242
f 1292 1230 1332
f 1293 1292 1333
f 1269 1271 1294
f 1209 1334 1295
f 1299 1335 1301
f 1301 1336 1302
f 1302 1337 1303
f 1303 1338 1304
f 1314 1339 1316
f 1285 1340 1326
f 1136 1329 1341
f 1136 1341 1342
f 1136 1342 1330
f 1136 1330 1134
f 1249 1248 1251
f 1288 1251 1250
f 1288 1343 1287
f 1343 1344 1287
f 1287 1344 1289
f 1344 1345 1289
f 1345 1346 1289
f 1346 1347 1290
f 1346 1290 1289
f 1347 1348 1290
f 1348 1349 1268
f 1348 1268 1290
f 1349 1350 1268
f 1350 1351 1268
f 1268 1351 1291
f 1351 1352 1291
f 1352 1353 1291
f 1353 1354 1231
f 1353 1231 1291
f 1232 1231 1354
f 1232 1355 1230
f 1355 1332 1230
f 1292 1332 1356
f 1356 1357 1292
f 1357 1333 1292
f 1333 1358 1293
f 1358 1359 1293
f 1359 1360 1254
f 1359 1254 1293
f 1361 1254 1360
f 1361 1362 1254
f 1362 1363 1269
f 1362 1269 1254
f 1270 1269 1363
f 1271 1364 1294
f 1364 1365 1294
f 1365 1366 1294
f 1272 1294 1366
f 1272 1209 1294
f 1367 1209 1273
f 1367 1334 1209
f 1334 1368 1295
f 1368 1369 1295
f 1369 1370 1295
f 1274 1295 1370
f 1274 1204 1295
f 1297 1204 1275
f 1300 1204 1296
f 1300 1299 1204
f 1371 1299 1298
f 1371 1335 1299
f 1335 1372 1301
f 1372 1336 1301
f 1336 1373 1302
f 1373 1337 1302
f 1337 1374 1303
f 1374 1338 1303
f 1338 1375 1304
f 1375 1376 1304
f 1376 1377 1305
f 1377 1278 1305
f 1376 1305 1304
f 1278 1277 1305
f 1280 1277 1276
f 1280 1279 1277
f 1307 1279 1281
f 1307 1183 1279
f 1310 1183 1306
f 1310 1309 1183
f 1312 1309 1308
f 1312 1177 1309
f 1315 1177 1311
f 1315 1314 1177
f 1313 1378 1314
f 1378 1339 1314
f 1339 1379 1316
f 1379 1380 1316
f 1380 1381 1316
f 1381 1382 1316
f 1382 1383 1162
f 1382 1162 1316
f 1318 1162 1383
f 1319 1162 1317
f 1319 1384 1320
f 1384 1385 1320
f 1385 1386 1320
f 1386 1387 1324
f 1386 1324 1320
f 1323 1324 1387
f 1323 1322 1324
f 1321 1388 1322
f 1388 1389 1322
f 1389 1390 1148
f 1389 1148 1322
f 1325 1148 1390
f 1325 1391 1283
f 1391 1392 1283
f 1284 1283 1392
f 1284 1393 1282
f 1393 1394 1282
f 1286 1282 1394
f 1286 1395 1285
f 1395 1340 1285
f 1340 1396 1326
f 1396 1397 1326
f 1326 1397 1327
f 1397 1398 1327
f 1398 1399 1327
f 1399 1400 1328
f 1399 1328 1327
f 1401 1328 1400
f 1401 1402 1328
f 1328 1402 1329
f 1402 1403 1329
f 1403 1341 1329
f 1404 1342 1341
f 1405 1330 1342
f 1331 1406 1134
f 1145 1134 1406
f 1407 1408 1409
f 1410 1411 1409
f 1412 1413 1414
f 1415 1416 1417
f 1418 1419 1420
f 1421 1422 1423
f 1424 1425 1426
f 1427 1428 1425
f 1429 1426 1430
f 1426 1431 1432
f 1433 1434 1435
f 1436 1437 1432
f 1438 1439 1435
f 1440 1441 1442
f 1443 1444 1438
f 1445 1446 1442
f 1447 1448 1449
f 1450 1451 1445
f 1452 1453 1454
f 1455 1456 1457
f 1458 1459 1460
f 1460 1456 1458
f 1461 1462 1458
f 1463 1464 1465
f 1464 1466 1465
f 1467 1468 1469
f 1470 1471 1472
f 1470 1473 1474
f 1475 1476 1473
f 1477 1475 1478
f 1475 1477 1479
f 1480 1481 1482
f 1475 1480 1478
f 1481 1483 1482
f 1484 1485 1486
f 1485 1487 1488
f 1489 1488 1487
f 1487 1490 1491
f 1489 1487 1492
f 1493 1492 1491
f 1494 1491 1495
f 1491 1494 1493
f 1496 1495 1497
f 1497 1498 1496
f 1498 1497 1499
f 1499 1497 1500
f 1500 1501 1499
f 1502 1500 1503
f 1502 1504 1500
f 1503 1505 1502
f 1503 1506 1507
f 1505 1503 1507
f 1508 1509 1506
f 1509 1508 1510
f 1510 1508 1511
f 1512 1510 1511
f 1511 1513 1512
f 1514 1511 1515
f 1511 1514 1513
f 1516 1514 1515
f 1515 1517 1516
f 1515 1518 1517
f 1517 1518 1519
f 1520 1519 1518
f 1521 1520 1518
f 1521 1522 1520
f 1523 1524 1525
f 1526 1527 1521
f 1522 1521 1528
f 1525 1529 1521
f 1523 1521 1527
f 1530 1523 1527
f 1501 1500 1504
f 1506 1503 1508
f 1487 1491 1492
f 1497 1495 1491
f 1485 1484 1487
f 1486 1531 1484
f 1476 1475 1479
f 1532 1533 1484
f 1484 1531 1532
f 1484 1533 1481
f 1481 1533 1483
f 1480 1475 1481
f 1475 1534 1481
f 1473 1476 1535
f 1473 1536 1474
f 1473 1535 1536
f 1473 1470 1472
f 1537 1472 1538
f 1471 1538 1472
f 1539 1466 1469
f 1537 1469 1472
f 1537 1467 1469
f 1469 1468 1539
f 1540 1472 1469
f 1458 1464 1461
f 1464 1541 1469
f 1469 1466 1464
f 1542 1464 1463
f 1461 1464 1542
f 1462 1543 1458
f 1543 1459 1458
f 1544 1456 1460
f 1544 1457 1456
f 1545 1454 1546
f 1547 1456 1455
f 1454 1456 1547
f 1546 1454 1547
f 1437 1430 1432
f 1545 1452 1454
f 1453 1548 1454
f 1548 1549 1550
f 1548 1453 1549
f 1551 1548 1550
f 1449 1551 1447
f 1449 1548 1551
f 1445 1448 1450
f 1548 1449 1552
f 1448 1445 1449
f 1449 1445 1552
f 1445 1451 1553
f 1445 1553 1446
f 1554 1442 1446
f 1438 1441 1443
f 1440 1442 1554
f 1444 1555 1438
f 1441 1438 1442
f 1442 1438 1556
f 1435 1557 1433
f 1555 1439 1438
f 1557 1435 1439
f 1432 1434 1436
f 1434 1432 1435
f 1558 1425 1424
f 1559 1426 1429
f 1432 1430 1426
f 1424 1426 1559
f 1427 1425 1558
f 1560 1561 1415
f 1425 1428 1421
f 1421 1428 1422
f 1421 1423 1562
f 1562 1563 1421
f 1564 1563 1562
f 1564 1565 1563
f 1566 1567 1568
f 1563 1565 1420
f 1420 1419 1416
f 1565 1418 1420
f 1416 1415 1420
f 1560 1415 1417
f 1414 1561 1412
f 1560 1569 1561
f 1414 1570 1571
f 1412 1561 1569
f 1414 1571 1572
f 1570 1414 1413
f 1410 1414 1573
f 1414 1572 1573
f 1574 1420 1415
f 1575 1576 1577
f 1556 1578 1579
f 1552 1580 1581
f 1582 1583 1584
f 1585 1586 1587
f 1588 1589 1590
f 1591 1588 1592
f 1526 1518 1515
f 1521 1523 1525
f 1528 1521 1529
f 1593 1408 1594
f 1414 1408 1593
f 1595 1561 1414
f 1414 1593 1595
f 1596 1415 1561
f 1561 1595 1596
f 1596 1574 1415
f 1597 1563 1420
f 1420 1574 1597
f 1566 1421 1563
f 1597 1566 1563
f 1421 1566 1568
f 1568 1425 1421
f 1425 1568 1598
f 1598 1426 1425
f 1426 1598 1599
f 1599 1431 1426
f 1575 1435 1432
f 1431 1575 1432
f 1600 1438 1435
f 1600 1435 1575
f 1600 1556 1438
f 1601 1445 1442
f 1601 1442 1556
f 1602 1552 1603
f 1601 1552 1445
f 1604 1605 1606
f 1552 1605 1548
f 1605 1454 1548
f 1607 1454 1605
f 1608 1456 1454
f 1608 1454 1607
f 1609 1456 1608
f 1610 1458 1456
f 1610 1456 1609
f 1611 1458 1610
f 1583 1464 1458
f 1611 1583 1458
f 1612 1541 1613
f 1583 1585 1464
f 1614 1615 1616
f 1585 1541 1464
f 1617 1540 1618
f 1541 1615 1469
f 1619 1620 1621
f 1615 1540 1469
f 1540 1620 1472
f 1620 1473 1472
f 1622 1473 1620
f 1622 1475 1473
f 1623 1534 1624
f 1622 1534 1475
f 1625 1626 1534
f 1534 1626 1481
f 1626 1484 1481
f 1627 1628 1629
f 1626 1630 1484
f 1628 1487 1484
f 1630 1628 1484
f 1631 1589 1490
f 1628 1490 1487
f 1490 1589 1491
f 1589 1497 1491
f 1589 1588 1497
f 1588 1500 1497
f 1500 1588 1591
f 1591 1503 1500
f 1591 1632 1503
f 1633 1508 1503
f 1503 1632 1633
f 1634 1511 1508
f 1633 1634 1508
f 1635 1515 1511
f 1511 1634 1635
f 1635 1526 1515
f 1518 1526 1521
f 1527 1636 1637
f 1410 1408 1414
f 1598 1568 1638
f 1599 1598 1639
f 1575 1577 1600
f 1556 1640 1601
f 1605 1641 1607
f 1607 1642 1608
f 1608 1643 1609
f 1609 1644 1610
f 1620 1645 1622
f 1591 1646 1632
f 1526 1635 1647
f 1526 1647 1648
f 1526 1648 1636
f 1526 1636 1527
f 1410 1409 1408
f 1594 1408 1407
f 1594 1649 1593
f 1649 1650 1593
f 1593 1650 1595
f 1650 1651 1595
f 1651 1652 1595
f 1652 1653 1596
f 1652 1596 1595
f 1653 1654 1596
f 1654 1655 1574
f 1654 1574 1596
f 1655 1656 1574
f 1656 1657 1574
f 1574 1657 1597
f 1657 1658 1597
f 1658 1659 1597
f 1659 1660 1566
f 1659 1566 1597
f 1567 1566 1660
f 1567 1661 1568
f 1661 1638 1568
f 1598 1638 1662
f 1662 1663 1598
f 1663 1639 1598
f 1639 1664 1599
f 1664 1665 1599
f 1665 1666 1431
f 1665 1431 1599
f 1667 1431 1666
f 1667 1668 1431
f 1668 1669 1575
f 1668 1575 1431
f 1576 1575 1669
f 1577 1670 1600
f 1670 1671 1600
f 1671 1672 1600
f 1578 1600 1672
f 1578 1556 1600
f 1673 1556 1579
f 1673 1640 1556
f 1640 1674 1601
f 1674 1675 1601
f 1675 1676 1601
f 1580 1601 1676
f 1580 1552 1601
f 1603 1552 1581
f 1606 1552 1602
f 1606 1605 1552
f 1677 1605 1604
f 1677 1641 1605
f 1641 1678 1607
f 1678 1642 1607
f 1642 1679 1608
f 1679 1643 1608
f 1643 1680 1609
f 1680 1644 1609
f 1644 1681 1610
f 1681 1682 1610
f 1682 1683 1611
f 1683 1584 1611
f 1682 1611 1610
f 1584 1583 1611
f 1586 1583 1582
f 1586 1585 1583
f 1613 1585 1587
f 1613 1541 1585
f 1616 1541 1612
f 1616 1615 1541
f 1618 1615 1614
f 1618 1540 1615
f 1621 1540 1617
f 1621 1620 1540
f 1619 1684 1620
f 1684 1645 1620
f 1645 1685 1622
f 1685 1686 1622
f 1686 1687 1622
f 1687 1688 1622
f 1688 1689 1534
f 1688 1534 1622
f 1624 1534 1689
f 1625 1534 1623
f 1625 1690 1626
f 1690 1691 1626
f 1691 1692 1626
f 1692 1693 1630
f 1692 1630 1626
f 1629 1630 1693
f 1629 1628 1630
f 1627 1694 1628
f 1694 1695 1628
f 1695 1696 1490
f 1695 1490 1628
f 1631 1490 1696
f 1631 1697 1589
f 1697 1698 1589
f 1590 1589 1698
f 1590 1699 1588
f 1699 1700 1588
f 1592 1588 1700
f 1592 1701 1591
f 1701 1646 1591
f 1646 1702 1632
f 1702 1703 1632
f 1632 1703 1633
f 1703 1704 1633
f 1704 1705 1633
f 1705 1706 1634
f 1705 1634 1633
f 1707 1634 1706
f 1707 1708 1634
f 1634 1708 1635
f 1708 1709 1635
f 1709 1647 1635
f 1710 1648 1647
f 1711 1636 1648
f 1637 1712 1527
f 1530 1527 1712
f 1713 1714 1715
f 1716 1717 1718
f 1719 1720 1721
f 1722 1723 1724
f 1725 1726 1727
f 1728 1729 1730
f 1731 1732 1733
f 1734 1735 1736
f 1737 1738 1739
f 1740 1741 1742
f 1743 1744 1745
f 1746 1747 1748
f 1749 1750 1751
f 1752 1753 1754
f 1755 1756 1757
f 1758 1759 1760
f 1761 1762 1763
f 1764 1765 1766
f 1767 1768 1769
f 1770 1771 1772
f 1773 1774 1775
f 1776 1777 1778
f 1779 1780 1781
f 1782 1783 1784
f 1785 1786 1787
f 1788 1789 1790
f 1791 1792 1793
f 1794 1795 1796
f 1797 1798 1799
f 1800 1801 1802
f 1803 1804 1805
f 1806 1807 1808
f 1809 1810 1811
f 1812 1813 1814
f 1815 1816 1817
f 1818 1819 1810
f 1820 1821 1822
f 1823 1824 1825
f 1826 1827 1828
f 1829 1827 1830
f 1831 1832 1833
f 1834 1835 1836
f 1837 1838 1839
f 1840 1841 1832
f 1842 1843 1844
f 1844 1838 1845
f 1846 1847 1848
f 1849 1850 1848
f 1851 1852 1853
f 1854 1846 1853
f 1855 1856 1857
f 1858 1859 1856
f 1860 1861 1862
f 1855 1863 1861
f 1864 1865 1866
f 1860 1867 1865
f 1868 1864 1866
f 1868 1869 1870
f 1870 1864 1868
f 1871 1869 1872
f 1869 1871 1870
f 1873 1874 1872
f 1871 1872 1874
f 1873 1875 1876
f 1876 1874 1873
f 1877 1875 1878
f 1875 1877 1876
f 1879 1880 1878
f 1877 1878 1880
f 1879 1881 1882
f 1882 1880 1879
f 1883 1881 1884
f 1881 1883 1882
f 1885 1886 1884
f 1883 1884 1886
f 1885 1887 1888
f 1888 1886 1885
f 1889 1887 1890
f 1887 1889 1888
f 1891 1892 1890
f 1889 1890 1892
f 1891 1893 1894
f 1894 1892 1891
f 1895 1893 1896
f 1893 1895 1894
f 1897 1898 1896
f 1895 1896 1898
f 1897 1899 1900
f 1900 1898 1897
f 1901 1899 1902
f 1899 1901 1900
f 1903 1904 1902
f 1901 1902 1904
f 1903 1905 1906
f 1906 1904 1903
f 1907 1905 1908
f 1905 1907 1906
f 1909 1910 1908
f 1907 1908 1910
f 1909 1911 1912
f 1912 1910 1909
f 1913 1911 1914
f 1911 1913 1912
f 1915 1916 1914
f 1913 1914 1916
f 1915 1917 1918
f 1918 1916 1915
f 1919 1917 1920
f 1917 1919 1918
f 1867 1866 1865
f 1919 1920 1921
f 1862 1867 1860
f 1851 1858 1852
f 1855 1857 1863
f 1862 1861 1863
f 1833 1835 1831
f 1858 1851 1859
f 1857 1856 1859
f 1852 1854 1853
f 1846 1854 1847
f 1848 1847 1849
f 1850 1849 1843
f 1842 1850 1843
f 1837 1845 1838
f 1845 1842 1844
f 1837 1839 1840
f 1787 1794 1785
f 1832 1841 1833
f 1841 1840 1839
f 1835 1834 1831
f 1827 1826 1830
f 1836 1828 1834
f 1836 1826 1828
f 1829 1820 1822
f 1830 1820 1829
f 1816 1824 1823
f 1825 1821 1823
f 1822 1821 1825
f 1824 1816 1815
f 1817 1819 1818
f 1818 1815 1817
f 1809 1811 1813
f 1810 1819 1811
f 1813 1812 1809
f 1922 1812 1814
f 1922 1805 1812
f 1808 1804 1803
f 1922 1803 1805
f 1800 1802 1799
f 1806 1797 1807
f 1804 1808 1807
f 1798 1800 1799
f 1797 1806 1798
f 1801 1793 1792
f 1792 1802 1801
f 1923 1791 1793
f 1923 1795 1791
f 1785 1794 1796
f 1923 1796 1795
f 1786 1924 1787
f 1924 1786 1788
f 1780 1790 1789
f 1790 1924 1788
f 1781 1780 1789
f 1774 1776 1925
f 1926 1779 1781
f 1926 1784 1783
f 1926 1783 1779
f 1775 1782 1773
f 1784 1773 1782
f 1774 1925 1775
f 1778 1925 1776
f 1768 1778 1777
f 1769 1768 1777
f 1767 1927 1771
f 1927 1767 1769
f 1927 1772 1771
f 1727 1928 1728
f 1761 1770 1929
f 1772 1929 1770
f 1763 1762 1764
f 1761 1929 1762
f 1755 1760 1930
f 1766 1763 1764
f 1757 1931 1765
f 1931 1766 1765
f 1930 1756 1755
f 1757 1756 1931
f 1932 1742 1741
f 1930 1760 1759
f 1759 1758 1749
f 1750 1933 1751
f 1749 1758 1750
f 1753 1752 1933
f 1752 1751 1933
f 1743 1745 1934
f 1934 1745 1754
f 1934 1754 1753
f 1747 1744 1748
f 1743 1748 1744
f 1746 1935 1747
f 1737 1935 1738
f 1935 1746 1738
f 1741 1740 1739
f 1740 1737 1739
f 1727 1726 1928
f 1932 1733 1742
f 1736 1735 1732
f 1736 1732 1731
f 1932 1731 1733
f 1734 1725 1735
f 1725 1734 1726
f 1729 1728 1928
f 1717 1716 1724
f 1721 1720 1730
f 1721 1730 1729
f 1722 1719 1723
f 1719 1722 1720
f 1717 1724 1723
f 1715 1716 1718
f 1714 1713 1936
f 1715 1718 1713
f 1937 1938 1939
f 1940 1941 1942
f 1943 1944 1945
f 1945 1944 1946
f 1947 1948 1949
f 1939 1950 1951
f 1946 1938 1952
f 1938 1944 1953
f 1944 1954 1953
f 1946 1944 1938
f 1950 1939 1953
f 1939 1938 1953
f 1955 1956 1950
f 1950 1953 1955
f 1957 1955 1958
f 1955 1957 1956
f 1947 1949 1958
f 1957 1958 1949
f 1947 1959 1960
f 1948 1947 1960
f 1960 1961 1962
f 1961 1960 1959
f 1963 1964 1961
f 1962 1961 1964
f 1965 1966 1964
f 1964 1963 1965
f 1967 1965 1968
f 1965 1967 1966
f 1969 1967 1970
f 1968 1970 1967
f 1971 1969 1970
f 1972 1971 1973
f 1971 1972 1969
f 1974 1975 1973
f 1972 1973 1975
f 1974 1976 1977
f 1977 1975 1974
f 1978 1976 1979
f 1976 1978 1977
f 1980 1981 1979
f 1978 1979 1981
f 1980 1982 1983
f 1983 1981 1980
f 1984 1985 1982
f 1982 1985 1983
f 1986 1984 1987
f 1984 1982 1987
f 1986 1988 1989
f 1989 1984 1986
f 1988 1990 1989
f 1991 1992 1993
f 1988 1994 1990
f 1995 1996 1997
f 1992 1998 1999
f 2000 2001 2002
f 2003 2004 2005
f 2006 2007 2008
f 2009 2010 2011
f 2012 2013 2014
f 2015 2016 2017
f 2018 2019 2020
f 2021 2022 2023
f 2024 2025 2026
f 2027 2028 2029
f 2030 2031 2032
f 2033 2034 2035
f 2036 2037 2038
f 2039 2040 2041
f 2042 2043 2044
f 2045 2046 2047
f 2048 2049 2050
f 2051 2052 2053
f 2054 2055 2056
f 2057 2058 2059
f 2060 2061 2062
f 2063 2064 2065
f 1942 2066 1940
f 2067 2068 2069
f 2070 2071 2072
f 1941 2073 2074
f 2075 2076 2077
f 2078 2079 2080
f 2081 2082 2083
f 2084 2085 2086
f 2087 2088 2089
f 2088 2090 2091
f 2092 2093 2094
f 2095 2096 2097
f 2098 2099 2100
f 2101 2102 2103
f 2104 2105 2106
f 2107 2105 2108
f 2109 2110 2111
f 2112 2113 2114
f 2115 2116 2117
f 2118 2111 2119
f 2120 2121 2122
f 2123 2122 2121
f 2115 2117 2122
f 2124 2110 2112
f 2120 2125 2126
f 2123 2127 2128
f 2123 2129 2122
f 2128 2130 2123
f 2131 2127 2121
f 2120 2132 2121
f 2120 2122 2125
f 2123 2121 2127
f 2118 2116 2115
f 2122 2117 2125
f 2111 2133 2119
f 2118 2119 2116
f 2109 2113 2110
f 2133 2111 2110
f 2114 2104 2112
f 2110 2113 2112
f 2105 2104 2134
f 2112 2104 2106
f 2107 2108 2098
f 2105 2134 2108
f 2103 2100 2099
f 2100 2107 2098
f 2093 2102 2101
f 2101 2103 2099
f 2094 2095 2092
f 2093 2092 2102
f 2096 2087 2097
f 2094 2096 2095
f 2088 2087 2090
f 2097 2087 2089
f 2081 2135 2091
f 2091 2135 2088
f 2086 2083 2082
f 2083 2135 2081
f 2084 2075 2085
f 2084 2086 2082
f 2077 2078 2075
f 2084 2076 2075
f 2079 2072 2080
f 2077 2079 2078
f 2071 2070 2073
f 2080 2072 2071
f 1941 2074 1942
f 2073 2070 2074
f 2066 2069 1940
f 2068 2067 2061
f 2069 2066 2067
f 2063 2060 2062
f 2060 2068 2061
f 2064 2063 2062
f 2065 2056 2055
f 2065 2064 2056
f 2058 2054 2059
f 2058 2055 2054
f 2048 2050 2059
f 2059 2050 2057
f 2051 2053 2049
f 2049 2053 2050
f 2043 2042 2052
f 2051 2043 2052
f 2044 2046 2045
f 2042 2044 2045
f 2047 2038 2037
f 2047 2046 2038
f 2040 2036 2041
f 2040 2037 2036
f 2032 2039 2030
f 2030 2039 2041
f 2033 2035 2031
f 2031 2035 2032
f 2033 2025 2034
f 2026 2027 2024
f 2025 2024 2034
f 2029 2028 2019
f 2026 2028 2027
f 2019 2018 2022
f 2019 2028 2020
f 2021 2023 2012
f 2022 2018 2023
f 2017 2014 2013
f 2014 2021 2012
f 2007 2016 2015
f 2015 2017 2013
f 2008 2009 2006
f 2007 2006 2016
f 2010 2002 2011
f 2008 2010 2009
f 2001 2000 2004
f 2011 2002 2001
f 2003 2005 1995
f 2004 2000 2005
f 1999 1997 1996
f 1997 2003 1995
f 1992 1991 1998
f 1992 1999 1996
f 1991 2136 1994
f 1991 1993 2136
f 1994 2136 1990
f 2137 2138 2139
f 2140 2141 2142
f 2142 2141 2143
f 2144 2142 2145
f 2146 2145 2147
f 2145 2142 2147
f 2148 2146 2147
f 2149 2147 2150
f 2144 2140 2142
f 2147 2151 2148
f 2152 2153 2154
f 2151 2147 2155
f 2155 2147 2156
f 2156 2157 2158
f 2158 2155 2156
f 2159 2160 2161
f 2162 2161 2160
f 2163 2164 2156
f 2156 2149 2165
f 2161 2162 2163
f 2156 2161 2163
f 2166 2167 2168
f 2169 2159 2161
f 2167 2169 2161
f 2170 2167 2171
f 2167 2172 2171
f 2173 2165 2174
f 2169 2167 2170
f 2166 2172 2167
f 2157 2156 2164
f 2175 2153 2138
f 2168 2176 2166
f 2168 2177 2178
f 2179 2168 2178
f 2176 2168 2179
f 2180 2177 2181
f 2182 2183 2177
f 2180 2182 2177
f 2181 2177 2184
f 2178 2177 2183
f 2185 2186 2187
f 2188 2181 2184
f 2184 2185 2189
f 2190 2191 2192
f 2193 2194 2184
f 2189 2195 2184
f 2187 2189 2185
f 2185 2196 2197
f 2185 2198 2199
f 2186 2185 2200
f 2201 2185 2194
f 2188 2184 2195
f 2200 2185 2199
f 2185 2197 2198
f 2202 2197 2196
f 2196 2203 2204
f 2205 2206 2201
f 2196 2207 2202
f 2207 2196 2204
f 2203 2196 2208
f 2196 2209 2208
f 2210 2209 2211
f 2196 2211 2209
f 2196 2212 2213
f 2214 2210 2211
f 2214 2211 2215
f 2211 2216 2217
f 2215 2211 2218
f 2219 2220 2216
f 2220 2217 2216
f 2221 2222 2223
f 2224 2225 2226
f 2227 2228 2225
f 2216 2229 2230
f 2228 2227 2231
f 2232 2219 2216
f 2211 2217 2218
f 2233 2230 2229
f 2234 2230 2235
f 2234 2216 2230
f 2167 2236 2237
f 2142 2143 2138
f 2139 2138 2143
f 2137 2238 2138
f 2238 2239 2138
f 2240 2238 2137
f 2238 2240 2241
f 2238 2242 2243
f 2239 2244 2245
f 2238 2241 2242
f 2246 2244 2247
f 2243 2244 2238
f 2247 2244 2243
f 2248 2249 2244
f 2250 2251 2245
f 2246 2248 2244
f 2250 2252 2253
f 2250 2244 2249
f 2250 2249 2252
f 2250 2253 2254
f 2255 2256 2257
f 2258 2259 2250
f 2250 2254 2258
f 2260 2259 2258
f 2261 2259 2260
f 2261 2262 2259
f 2263 2259 2262
f 2264 2259 2263
f 2265 2257 2264
f 2264 2263 2266
f 2266 2267 2264
f 2268 2264 2267
f 2264 2268 2269
f 2264 2269 2270
f 2265 2270 2271
f 2269 2272 2270
f 2273 2270 2272
f 2274 2275 2276
f 2277 2278 2270
f 2277 2270 2273
f 2279 2280 2278
f 2270 2278 2280
f 2281 2280 2279
f 2281 2282 2280
f 2283 2284 2285
f 2280 2282 2285
f 2282 2283 2285
f 2285 2286 2287
f 2285 2284 2286
f 2288 2287 2289
f 2287 2288 2285
f 2288 2290 2291
f 2288 2289 2290
f 2292 2291 2293
f 2291 2292 2288
f 2292 2294 2295
f 2292 2293 2294
f 2296 2297 2298
f 2292 2295 2299
f 2292 2299 2300
f 2292 2301 2302
f 2300 2301 2292
f 2302 2303 2304
f 2304 2292 2302
f 2305 2306 2307
f 2303 2308 2304
f 2309 2310 2304
f 2309 2304 2308
f 2311 2304 2310
f 2312 2304 2311
f 2312 2311 2313
f 2313 2314 2312
f 2315 2312 2314
f 2312 2315 2316
f 2317 2318 2319
f 2320 2319 2321
f 2321 2319 2322
f 2323 2324 2325
f 2326 2312 2316
f 2327 2322 2328
f 2326 2329 2324
f 2330 2324 2329
f 2331 2332 2324
f 2216 2234 2232
f 2229 2333 2233
f 2213 2229 2211
f 2229 2216 2211
f 2334 2335 2336
f 2337 2212 2196
f 2196 2213 2211
f 2201 2337 2185
f 2185 2337 2196
f 2190 2193 2177
f 2185 2184 2194
f 2338 2339 2191
f 2237 2190 2168
f 2177 2193 2184
f 2177 2168 2190
f 2165 2236 2161
f 2168 2167 2237
f 2149 2340 2174
f 2167 2161 2236
f 2154 2341 2340
f 2165 2161 2156
f 2150 2142 2152
f 2149 2156 2147
f 2147 2142 2150
f 2175 2239 2342
f 2142 2138 2152
f 2342 2245 2343
f 2344 2343 2256
f 2238 2244 2239
f 2257 2251 2259
f 2245 2244 2250
f 2255 2265 2345
f 2250 2259 2251
f 2346 2345 2276
f 2259 2264 2257
f 2280 2274 2271
f 2264 2270 2265
f 2347 2348 2275
f 2349 2274 2285
f 2280 2271 2270
f 2349 2288 2350
f 2280 2285 2274
f 2350 2292 2351
f 2285 2288 2349
f 2351 2292 2352
f 2288 2292 2350
f 2353 2352 2304
f 2354 2353 2304
f 2304 2352 2292
f 2354 2312 2323
f 2312 2354 2304
f 2312 2326 2324
f 2324 2323 2312
f 2325 2324 2355
f 2330 2331 2324
f 2355 2324 2332
f 2231 2233 2333
f 2333 2213 2356
f 2356 2213 2357
f 2333 2229 2213
f 2357 2212 2358
f 2358 2337 2206
f 2212 2357 2213
f 2359 2360 2334
f 2337 2358 2212
f 2205 2194 2361
f 2201 2206 2337
f 2361 2193 2192
f 2201 2194 2205
f 2194 2193 2361
f 2191 2237 2338
f 2190 2192 2193
f 2362 2363 2364
f 2338 2236 2173
f 2190 2237 2191
f 2237 2236 2338
f 2365 2341 2366
f 2236 2165 2173
f 2340 2150 2154
f 2165 2149 2174
f 2153 2367 2154
f 2149 2150 2340
f 2175 2368 2369
f 2150 2152 2154
f 2152 2138 2153
f 2138 2239 2175
f 2343 2251 2256
f 2239 2245 2342
f 2255 2370 2256
f 2245 2251 2343
f 2371 2346 2372
f 2251 2257 2256
f 2345 2271 2276
f 2257 2265 2255
f 2265 2271 2345
f 2275 2349 2347
f 2274 2276 2271
f 2347 2350 2373
f 2349 2275 2274
f 2374 2375 2376
f 2373 2351 2377
f 2350 2347 2349
f 2377 2352 2296
f 2351 2373 2350
f 2296 2353 2297
f 2352 2377 2351
f 2297 2354 2378
f 2353 2296 2352
f 2378 2323 2379
f 2354 2297 2353
f 2379 2323 2380
f 2378 2354 2323
f 2380 2325 2381
f 2325 2380 2323
f 2355 2382 2325
f 2382 2381 2325
f 2224 2227 2225
f 2356 2231 2333
f 2383 2384 2385
f 2357 2386 2356
f 2231 2356 2386
f 2358 2387 2357
f 2386 2357 2387
f 2206 2388 2358
f 2388 2387 2358
f 2205 2389 2206
f 2389 2388 2206
f 2361 2390 2205
f 2389 2205 2390
f 2391 2360 2392
f 2192 2393 2361
f 2393 2390 2361
f 2394 2395 2392
f 2191 2396 2192
f 2396 2393 2192
f 2397 2398 2399
f 2339 2396 2191
f 2173 2362 2338
f 2362 2339 2338
f 2400 2366 2401
f 2174 2363 2173
f 2173 2363 2362
f 2340 2365 2174
f 2174 2365 2363
f 2341 2365 2340
f 2367 2402 2403
f 2402 2404 2405
f 2154 2406 2341
f 2154 2367 2406
f 2175 2404 2153
f 2153 2402 2367
f 2153 2404 2402
f 2343 2407 2342
f 2342 2368 2175
f 2407 2368 2342
f 2408 2409 2410
f 2411 2407 2343
f 2343 2344 2411
f 2256 2408 2344
f 2256 2370 2408
f 2345 2371 2255
f 2255 2371 2370
f 2346 2371 2345
f 2412 2413 2414
f 2275 2415 2276
f 2276 2415 2346
f 2416 2417 2418
f 2348 2415 2275
f 2373 2419 2347
f 2419 2348 2347
f 2377 2374 2373
f 2374 2419 2373
f 2296 2375 2377
f 2375 2374 2377
f 2298 2375 2296
f 2378 2420 2297
f 2298 2297 2420
f 2379 2421 2378
f 2421 2420 2378
f 2380 2422 2379
f 2421 2379 2422
f 2381 2423 2380
f 2422 2380 2423
f 2381 2424 2423
f 2382 2424 2381
f 2233 2231 2227
f 2231 2386 2425
f 2228 2231 2425
f 2387 2426 2386
f 2425 2386 2426
f 2387 2388 2385
f 2426 2387 2385
f 2389 2383 2388
f 2383 2385 2388
f 2389 2390 2427
f 2383 2389 2427
f 2390 2393 2428
f 2427 2390 2428
f 2393 2396 2429
f 2428 2393 2429
f 2396 2339 2394
f 2429 2396 2394
f 2430 2431 2398
f 2339 2362 2395
f 2395 2394 2339
f 2364 2395 2362
f 2363 2365 2400
f 2400 2364 2363
f 2366 2400 2365
f 2341 2406 2432
f 2432 2366 2341
f 2406 2367 2433
f 2406 2433 2432
f 2369 2434 2404
f 2369 2404 2175
f 2370 2371 2409
f 2409 2408 2370
f 2372 2409 2371
f 2415 2435 2346
f 2435 2372 2346
f 2415 2348 2412
f 2412 2435 2415
f 2348 2419 2413
f 2413 2412 2348
f 2374 2436 2419
f 2436 2413 2419
f 2376 2436 2374
f 2298 2437 2375
f 2437 2376 2375
f 2298 2420 2438
f 2438 2437 2298
f 2420 2421 2439
f 2438 2420 2439
f 2422 2440 2421
f 2440 2439 2421
f 2422 2423 2306
f 2440 2422 2306
f 2423 2424 2307
f 2306 2423 2307
f 2441 2307 2424
f 2441 2424 2442
f 2382 2443 2424
f 2443 2442 2424
f 2426 2444 2425
f 2225 2425 2444
f 2385 2445 2426
f 2426 2445 2444
f 2446 2447 2448
f 2445 2385 2384
f 2427 2449 2383
f 2384 2383 2449
f 2427 2428 2450
f 2449 2427 2450
f 2429 2451 2428
f 2450 2428 2451
f 2394 2359 2429
f 2451 2429 2359
f 2359 2394 2392
f 2395 2364 2452
f 2392 2395 2452
f 2400 2399 2364
f 2398 2452 2364
f 2398 2364 2399
f 2453 2454 2455
f 2401 2399 2400
f 2432 2456 2366
f 2454 2401 2366
f 2456 2454 2366
f 2432 2433 2457
f 2456 2432 2458
f 2459 2403 2460
f 2457 2458 2432
f 2460 2405 2461
f 2461 2434 2462
f 2403 2433 2367
f 2462 2463 2464
f 2405 2403 2402
f 2368 2463 2369
f 2434 2405 2404
f 2407 2465 2368
f 2463 2434 2369
f 2411 2466 2407
f 2465 2463 2368
f 2344 2467 2411
f 2466 2465 2407
f 2344 2408 2468
f 2466 2411 2467
f 2467 2344 2468
f 2469 2470 2471
f 2410 2468 2408
f 2435 2472 2372
f 2470 2409 2372
f 2472 2470 2372
f 2412 2473 2435
f 2472 2435 2474
f 2475 2414 2476
f 2474 2435 2473
f 2477 2473 2412
f 2414 2477 2412
f 2413 2436 2478
f 2414 2413 2479
f 2478 2479 2413
f 2376 2418 2436
f 2478 2436 2418
f 2437 2480 2376
f 2480 2418 2376
f 2438 2481 2437
f 2480 2437 2481
f 2482 2483 2484
f 2438 2439 2485
f 2481 2438 2485
f 2439 2440 2486
f 2485 2439 2486
f 2306 2487 2440
f 2486 2440 2487
f 2488 2489 2490
f 2487 2306 2305
f 2307 2441 2490
f 2305 2307 2490
f 2488 2441 2442
f 2441 2488 2490
f 2488 2442 2317
f 2443 2318 2442
f 2318 2317 2442
f 2491 2222 2492
f 2228 2425 2225
f 2445 2492 2444
f 2226 2444 2492
f 2445 2493 2492
f 2493 2384 2494
f 2384 2493 2445
f 2384 2449 2494
f 2494 2449 2446
f 2446 2450 2495
f 2450 2446 2449
f 2495 2451 2334
f 2450 2451 2495
f 2451 2359 2334
f 2359 2392 2360
f 2391 2452 2496
f 2392 2452 2391
f 2496 2452 2431
f 2452 2398 2431
f 2397 2399 2497
f 2497 2401 2453
f 2497 2399 2401
f 2401 2454 2453
f 2457 2433 2459
f 2459 2433 2403
f 2410 2409 2469
f 2469 2409 2470
f 2474 2498 2471
f 2473 2477 2475
f 2475 2477 2414
f 2479 2478 2499
f 2499 2418 2417
f 2478 2418 2499
f 2416 2480 2500
f 2418 2480 2416
f 2500 2481 2501
f 2480 2481 2500
f 2501 2485 2502
f 2481 2485 2501
f 2486 2502 2485
f 2503 2484 2502
f 2486 2487 2503
f 2503 2487 2504
f 2504 2305 2505
f 2305 2504 2487
f 2505 2490 2489
f 2305 2490 2505
f 2506 2488 2317
f 2489 2488 2506
f 2319 2506 2317
f 2225 2444 2226
f 2492 2222 2226
f 2223 2222 2491
f 2493 2491 2492
f 2491 2493 2507
f 2494 2507 2493
f 2448 2507 2494
f 2446 2448 2494
f 2447 2508 2448
f 2336 2447 2495
f 2495 2447 2446
f 2336 2335 2509
f 2495 2334 2336
f 2510 2335 2360
f 2334 2360 2335
f 2511 2510 2391
f 2360 2391 2510
f 2511 2496 2512
f 2391 2496 2511
f 2431 2430 2513
f 2398 2397 2430
f 2453 2514 2497
f 2453 2455 2514
f 2454 2456 2455
f 2515 2455 2458
f 2456 2458 2455
f 2457 2515 2458
f 2459 2515 2457
f 2459 2460 2516
f 2460 2461 2517
f 2403 2405 2460
f 2461 2462 2517
f 2405 2434 2461
f 2462 2464 2518
f 2434 2463 2462
f 2519 2464 2465
f 2463 2465 2464
f 2520 2519 2466
f 2465 2466 2519
f 2521 2520 2467
f 2466 2467 2520
f 2522 2521 2468
f 2467 2468 2521
f 2523 2522 2410
f 2410 2522 2468
f 2469 2524 2523
f 2410 2469 2523
f 2469 2471 2524
f 2470 2472 2471
f 2471 2498 2525
f 2472 2474 2471
f 2474 2473 2498
f 2475 2498 2473
f 2475 2476 2526
f 2414 2479 2476
f 2499 2476 2479
f 2417 2527 2499
f 2528 2416 2500
f 2529 2528 2501
f 2501 2528 2500
f 2484 2529 2502
f 2502 2529 2501
f 2484 2503 2482
f 2486 2503 2502
f 2530 2482 2504
f 2504 2482 2503
f 2531 2530 2505
f 2505 2530 2504
f 2532 2531 2489
f 2489 2531 2505
f 2532 2506 2320
f 2506 2532 2489
f 2327 2320 2321
f 2318 2322 2319
f 2226 2222 2224
f 2221 2224 2222
f 2223 2491 2533
f 2491 2507 2533
f 2533 2507 2534
f 2534 2448 2508
f 2534 2507 2448
f 2447 2336 2508
f 2508 2336 2509
f 2509 2335 2535
f 2535 2335 2510
f 2535 2510 2512
f 2512 2510 2511
f 2512 2496 2513
f 2513 2496 2431
f 2513 2430 2536
f 2536 2430 2397
f 2514 2536 2397
f 2514 2397 2497
f 2514 2455 2537
f 2538 2537 2455
f 2538 2455 2515
f 2516 2538 2515
f 2516 2515 2459
f 2516 2460 2517
f 2517 2462 2518
f 2518 2519 2539
f 2518 2464 2519
f 2539 2519 2520
f 2540 2539 2520
f 2540 2520 2521
f 2541 2540 2521
f 2541 2521 2522
f 2541 2522 2523
f 2523 2524 2541
f 2524 2471 2525
f 2525 2498 2542
f 2526 2542 2498
f 2526 2498 2475
f 2526 2476 2543
f 2543 2476 2527
f 2527 2476 2499
f 2527 2417 2544
f 2544 2417 2416
f 2545 2544 2416
f 2545 2416 2528
f 2545 2529 2546
f 2545 2528 2529
f 2546 2484 2483
f 2546 2529 2484
f 2483 2482 2547
f 2547 2482 2530
f 2530 2531 2547
f 2547 2531 2548
f 2548 2532 2549
f 2548 2531 2532
f 2549 2532 2320
f 2327 2549 2320
f 2319 2320 2506
f 2327 2321 2322
f 2550 2551 2552
f 2553 2554 2555
f 2554 2553 2556
f 2557 2558 2559
f 2560 2561 2559
f 2562 2563 2564
f 2564 2565 2562
f 2566 2567 2568
f 2569 2567 2566
f 2568 2570 2566
f 2571 2572 2573
f 2574 2575 2576
f 2577 2576 2575
f 2578 2579 2580
f 2581 2580 2582
f 2582 2583 2581
f 2584 2583 2582
f 2583 2584 2585
f 2584 2586 2585
f 2587 2585 2586
f 2587 2586 2588
f 2588 2589 2587
f 2590 2589 2588
f 2589 2590 2591
f 2590 2592 2591
f 2593 2591 2592
f 2593 2592 2594
f 2581 2578 2580
f 2577 2579 2578
f 2579 2577 2575
f 2574 2576 2595
f 2596 2597 2595
f 2597 2574 2595
f 2571 2597 2596
f 2596 2572 2571
f 2573 2572 2570
f 2568 2573 2570
f 2567 2569 2565
f 2565 2569 2562
f 2564 2563 2598
f 2598 2563 2599
f 2599 2600 2598
f 2599 2601 2600
f 2560 2600 2601
f 2561 2560 2601
f 2561 2557 2559
f 2602 2558 2557
f 2558 2602 2603
f 2603 2602 2556
f 2556 2553 2603
f 2555 2554 2604
f 2604 2550 2552
f 2604 2552 2555
f 2551 2550 2605
f 2606 2607 2608
f 2609 2610 2611
f 2612 2613 2614
f 2608 2607 2611
f 2611 2607 2609
f 2615 2616 2617
f 2618 2619 2620
f 2621 2617 2616
f 2622 2623 2624
f 2625 2626 2627
f 2628 2629 2630
f 2631 2632 2633
f 2634 2633 2635
f 2636 2637 2638
f 2639 2640 2636
f 2637 2636 2641
f 2642 2643 2644
f 2645 2646 2647
f 2648 2649 2650
f 2651 2647 2646
f 2652 2650 2653
f 2651 2654 2650
f 2655 2649 2656
f 2655 2657 2652
f 2658 2659 2660
f 2661 2662 2660
f 2663 2664 2662
f 2663 2665 2664
f 2666 2667 2665
f 2666 2665 2663
f 2668 2667 2666
f 2669 2670 2668
f 2670 2669 2671
f 2672 2673 2674
f 2675 2676 2671
f 2675 2677 2676
f 2678 2677 2679
f 2680 2678 2681
f 2679 2681 2678
f 2682 2681 2683
f 2681 2682 2680
f 2683 2684 2682
f 2683 2685 2684
f 2686 2684 2685
f 2686 2685 2687
f 2688 2689 2690
f 2687 2689 2686
f 2687 2690 2689
f 2691 2692 2693
f 2688 2690 2691
f 2693 2694 2695
f 2694 2693 2692
f 2677 2675 2679
f 2666 2669 2668
f 2671 2676 2670
f 2696 2697 2698
f 2699 2697 2700
f 2663 2662 2661
f 2661 2660 2701
f 2658 2702 2659
f 2660 2659 2701
f 2624 2621 2703
f 2657 2655 2702
f 2658 2657 2702
f 2704 2702 2656
f 2653 2655 2652
f 2705 2637 2641
f 2651 2650 2652
f 2654 2651 2646
f 2647 2644 2645
f 2643 2645 2644
f 2705 2706 2642
f 2643 2642 2706
f 2706 2705 2641
f 2707 2641 2640
f 2636 2638 2708
f 2709 2710 2711
f 2638 2710 2712
f 2638 2712 2708
f 2712 2710 2713
f 2709 2713 2710
f 2714 2639 2712
f 2715 2711 2716
f 2711 2715 2709
f 2715 2716 2717
f 2717 2632 2718
f 2716 2632 2717
f 2631 2718 2632
f 2719 2720 2717
f 2633 2634 2631
f 2634 2721 2722
f 2721 2634 2635
f 2628 2723 2724
f 2725 2722 2721
f 2726 2626 2725
f 2626 2722 2725
f 2623 2727 2726
f 2726 2727 2626
f 2623 2622 2727
f 2727 2619 2627
f 2703 2622 2624
f 2621 2616 2703
f 2617 2610 2615
f 2615 2610 2609
f 2728 2606 2608
f 2729 2606 2728
f 2730 2731 2729
f 2607 2732 2609
f 2731 2732 2607
f 2732 2733 2734
f 2735 2615 2734
f 2615 2609 2734
f 2735 2736 2616
f 2615 2735 2616
f 2737 2703 2736
f 2703 2616 2736
f 2619 2622 2737
f 2703 2737 2622
f 2622 2619 2727
f 2727 2627 2626
f 2738 2722 2625
f 2626 2625 2722
f 2724 2634 2738
f 2722 2738 2634
f 2634 2724 2631
f 2714 2739 2740
f 2741 2742 2743
f 2648 2744 2745
f 2698 2663 2661
f 2699 2666 2698
f 2663 2698 2666
f 2746 2669 2699
f 2666 2699 2669
f 2747 2671 2746
f 2669 2746 2671
f 2748 2675 2747
f 2671 2747 2675
f 2749 2679 2748
f 2679 2675 2748
f 2750 2681 2749
f 2679 2749 2681
f 2751 2683 2750
f 2683 2681 2750
f 2751 2752 2685
f 2683 2751 2685
f 2685 2752 2687
f 2687 2753 2690
f 2752 2753 2687
f 2690 2692 2691
f 2690 2753 2692
f 2729 2731 2606
f 2614 2733 2732
f 2606 2731 2607
f 2732 2731 2614
f 2733 2754 2734
f 2609 2732 2734
f 2755 2735 2754
f 2735 2734 2754
f 2756 2736 2755
f 2736 2735 2755
f 2620 2737 2756
f 2737 2736 2756
f 2620 2757 2618
f 2737 2620 2619
f 2758 2627 2618
f 2619 2618 2627
f 2759 2625 2758
f 2627 2758 2625
f 2628 2738 2759
f 2625 2759 2738
f 2628 2630 2723
f 2738 2628 2724
f 2719 2631 2723
f 2631 2724 2723
f 2631 2719 2718
f 2719 2760 2720
f 2718 2719 2717
f 2717 2720 2715
f 2714 2709 2720
f 2715 2720 2709
f 2713 2709 2714
f 2761 2639 2740
f 2712 2713 2714
f 2712 2639 2708
f 2639 2762 2640
f 2708 2639 2636
f 2640 2763 2707
f 2636 2640 2641
f 2641 2707 2706
f 2741 2643 2707
f 2706 2707 2643
f 2643 2741 2645
f 2648 2646 2741
f 2645 2741 2646
f 2654 2646 2648
f 2764 2649 2745
f 2650 2654 2648
f 2650 2649 2653
f 2649 2765 2656
f 2653 2649 2655
f 2656 2766 2704
f 2655 2656 2702
f 2702 2704 2659
f 2696 2701 2704
f 2701 2659 2704
f 2701 2696 2661
f 2696 2767 2697
f 2661 2696 2698
f 2768 2700 2697
f 2699 2698 2697
f 2769 2746 2700
f 2746 2699 2700
f 2770 2747 2769
f 2747 2746 2769
f 2674 2748 2770
f 2748 2747 2770
f 2673 2749 2674
f 2749 2748 2674
f 2771 2750 2673
f 2749 2673 2750
f 2772 2751 2771
f 2751 2750 2771
f 2773 2752 2772
f 2752 2751 2772
f 2774 2753 2773
f 2753 2752 2773
f 2774 2694 2692
f 2692 2753 2774
f 2731 2730 2614
f 2612 2614 2730
f 2613 2775 2733
f 2613 2733 2614
f 2775 2776 2733
f 2733 2776 2754
f 2776 2777 2754
f 2754 2777 2755
f 2777 2778 2755
f 2778 2779 2756
f 2778 2756 2755
f 2779 2780 2756
f 2756 2780 2620
f 2780 2757 2620
f 2757 2781 2618
f 2781 2782 2618
f 2782 2783 2758
f 2782 2758 2618
f 2783 2784 2758
f 2784 2785 2759
f 2784 2759 2758
f 2785 2786 2759
f 2786 2629 2628
f 2786 2628 2759
f 2630 2787 2723
f 2788 2723 2787
f 2788 2719 2723
f 2719 2788 2789
f 2789 2760 2719
f 2760 2790 2720
f 2791 2720 2790
f 2791 2714 2720
f 2739 2714 2791
f 2740 2639 2714
f 2761 2762 2639
f 2762 2763 2640
f 2763 2792 2707
f 2792 2793 2707
f 2793 2742 2741
f 2793 2741 2707
f 2794 2741 2743
f 2794 2648 2741
f 2744 2648 2794
f 2745 2649 2648
f 2764 2765 2649
f 2765 2766 2656
f 2766 2795 2704
f 2795 2796 2704
f 2797 2704 2796
f 2797 2696 2704
f 2797 2767 2696
f 2767 2798 2697
f 2798 2799 2697
f 2768 2697 2799
f 2768 2800 2700
f 2800 2801 2769
f 2800 2769 2700
f 2801 2802 2769
f 2802 2803 2770
f 2802 2770 2769
f 2803 2804 2770
f 2804 2674 2770
f 2804 2672 2674
f 2672 2805 2673
f 2805 2806 2673
f 2806 2771 2673
f 2807 2771 2806
f 2807 2808 2771
f 2771 2808 2772
f 2808 2809 2772
f 2809 2773 2772
f 2809 2810 2773
f 2810 2774 2773
f 2810 2811 2774
f 2774 2811 2694
f 2811 2812 2694
f 2812 2695 2694
f 2813 2814 2815
f 2815 2816 2813
f 2813 2816 2817
f 2818 2814 2813
f 2814 2819 2820
f 2819 2814 2818
f 2821 2819 2818
f 2822 2823 2824
f 2825 2820 2819
f 2825 2819 2821
f 2823 2822 2826
f 2826 2825 2827
f 2826 2822 2825
f 2822 2820 2825
f 2824 2823 2828
f 2829 2824 2828
f 2829 2828 2830
f 2823 2831 2828
f 2832 2833 2834
f 2828 2835 2830
f 2836 2830 2835
f 2836 2835 2837
f 2838 2839 2837
f 2837 2835 2833
f 2837 2839 2836
f 2813 2817 2818
f 2840 2841 2842
f 2840 2838 2841
f 2843 2844 2845
f 2842 2841 2846
f 2842 2846 2847
f 2848 2844 2849
f 2847 2850 2851
f 2846 2850 2847
f 2850 2852 2851
f 2852 2853 2851
f 2854 2855 2856
f 2852 2857 2853
f 2858 2859 2857
f 2857 2859 2853
f 2857 2860 2858
f 2861 2862 2863
f 2860 2864 2865
f 2865 2858 2860
f 2864 2863 2866
f 2864 2866 2865
f 2867 2868 2869
f 2863 2870 2866
f 2871 2872 2867
f 2873 2861 2874
f 2838 2840 2839
f 2875 2816 2815
f 2876 2816 2875
f 2876 2875 2877
f 2878 2877 2879
f 2878 2876 2877
f 2879 2880 2878
f 2879 2881 2882
f 2880 2879 2882
f 2883 2881 2884
f 2883 2882 2881
f 2885 2886 2887
f 2884 2885 2887
f 2884 2887 2883
f 2885 2888 2886
f 2885 2889 2890
f 2885 2884 2889
f 2891 2890 2889
f 2892 2893 2894
f 2890 2891 2895
f 2896 2890 2895
f 2897 2896 2895
f 2896 2897 2898
f 2899 2900 2901
f 2902 2898 2897
f 2898 2902 2903
f 2899 2904 2905
f 2906 2903 2907
f 2903 2902 2907
f 2908 2906 2909
f 2906 2907 2909
f 2910 2911 2912
f 2908 2909 2910
f 2913 2914 2915
f 2910 2912 2908
f 2916 2912 2911
f 2917 2916 2918
f 2911 2918 2916
f 2916 2917 2919
f 2920 2921 2922
f 2921 2919 2917
f 2919 2921 2920
f 2923 2920 2922
f 2923 2924 2925
f 2923 2922 2924
f 2926 2925 2927
f 2927 2925 2924
f 2928 2929 2930
f 2931 2932 2930
f 2927 2933 2926
f 2863 2862 2870
f 2863 2934 2874
f 2934 2863 2864
f 2864 2935 2934
f 2935 2864 2860
f 2860 2936 2935
f 2936 2860 2857
f 2936 2857 2937
f 2937 2857 2852
f 2937 2852 2938
f 2938 2852 2850
f 2848 2850 2846
f 2850 2848 2938
f 2844 2846 2841
f 2846 2844 2848
f 2845 2841 2838
f 2841 2845 2844
f 2939 2838 2837
f 2845 2838 2939
f 2939 2837 2833
f 2834 2835 2828
f 2834 2833 2835
f 2834 2828 2831
f 2831 2823 2826
f 2888 2885 2890
f 2896 2940 2890
f 2888 2890 2940
f 2941 2894 2893
f 2942 2896 2898
f 2940 2896 2942
f 2903 2904 2898
f 2942 2898 2904
f 2905 2903 2906
f 2904 2903 2905
f 2943 2906 2908
f 2906 2943 2905
f 2914 2908 2912
f 2908 2914 2943
f 2915 2912 2916
f 2914 2912 2915
f 2944 2916 2919
f 2915 2916 2944
f 2945 2919 2920
f 2919 2945 2944
f 2946 2920 2923
f 2945 2920 2946
f 2925 2947 2923
f 2946 2923 2947
f 2926 2931 2925
f 2925 2931 2947
f 2926 2933 2932
f 2861 2863 2874
f 2934 2871 2874
f 2874 2871 2867
f 2935 2948 2934
f 2934 2948 2871
f 2936 2949 2935
f 2935 2949 2948
f 2937 2950 2936
f 2949 2936 2950
f 2938 2854 2937
f 2937 2854 2950
f 2848 2855 2938
f 2938 2855 2854
f 2849 2951 2855
f 2848 2849 2855
f 2952 2849 2843
f 2844 2843 2849
f 2939 2953 2845
f 2845 2953 2843
f 2833 2954 2939
f 2953 2939 2954
f 2954 2832 2955
f 2954 2833 2832
f 2831 2956 2834
f 2832 2834 2956
f 2826 2827 2831
f 2831 2827 2956
f 2827 2821 2957
f 2827 2825 2821
f 2821 2817 2958
f 2821 2818 2817
f 2876 2959 2816
f 2817 2816 2959
f 2878 2959 2876
f 2880 2960 2878
f 2959 2878 2960
f 2882 2960 2880
f 2883 2961 2882
f 2960 2882 2961
f 2887 2961 2883
f 2962 2961 2886
f 2887 2886 2961
f 2886 2963 2964
f 2886 2888 2963
f 2940 2963 2888
f 2963 2940 2893
f 2942 2893 2940
f 2893 2965 2941
f 2893 2942 2965
f 2904 2965 2942
f 2904 2899 2965
f 2899 2905 2966
f 2943 2966 2905
f 2966 2943 2967
f 2914 2967 2943
f 2914 2913 2967
f 2915 2968 2913
f 2944 2968 2915
f 2968 2969 2970
f 2968 2944 2969
f 2945 2969 2944
f 2945 2971 2969
f 2946 2971 2945
f 2946 2972 2971
f 2947 2972 2946
f 2972 2947 2929
f 2931 2929 2947
f 2932 2931 2926
f 2873 2874 2867
f 2869 2873 2867
f 2872 2868 2867
f 2872 2871 2973
f 2871 2948 2973
f 2973 2948 2974
f 2974 2949 2975
f 2974 2948 2949
f 2975 2950 2976
f 2975 2949 2950
f 2976 2950 2977
f 2977 2950 2854
f 2977 2854 2978
f 2856 2978 2854
f 2856 2855 2951
f 2849 2979 2951
f 2979 2849 2952
f 2952 2843 2980
f 2981 2980 2843
f 2981 2843 2953
f 2981 2953 2982
f 2982 2954 2983
f 2982 2953 2954
f 2955 2983 2954
f 2955 2832 2984
f 2984 2832 2985
f 2985 2956 2986
f 2985 2832 2956
f 2987 2986 2956
f 2988 2987 2956
f 2988 2956 2827
f 2989 2988 2827
f 2989 2827 2957
f 2957 2821 2990
f 2990 2821 2958
f 2958 2817 2991
f 2991 2817 2992
f 2992 2959 2993
f 2993 2959 2994
f 2992 2817 2959
f 2995 2994 2959
f 2995 2959 2960
f 2996 2995 2960
f 2997 2996 2960
f 2997 2960 2961
f 2998 2997 2961
f 2962 2998 2961
f 2962 2886 2964
f 2964 2963 2999
f 2999 2963 2892
f 2892 2963 2893
f 2941 2965 3000
f 3000 2965 2901
f 2901 2965 2899
f 2900 2899 3001
f 3001 2966 3002
f 3001 2899 2966
f 3002 2966 3003
f 3003 2966 2967
f 3004 3003 2967
f 3004 2967 3005
f 3005 2967 2913
f 3005 2913 3006
f 3006 2913 3007
f 2913 2968 3007
f 3007 2968 2970
f 2970 2969 3008
f 3008 2969 3009
f 3009 2969 2971
f 3009 2971 3010
f 3010 2971 2972
f 3010 2972 3011
f 3011 2929 3012
f 3011 2972 2929
f 3012 2929 3013
f 2929 2931 2930
f 2928 3013 2929
