#usda 1.0
(
    customLayerData = {
        dictionary cameraSettings = {
            dictionary Front = {
                double3 position = (5, 0, 0)
                double radius = 5
            }
            dictionary Perspective = {
                double3 position = (5, 5, 5)
                double3 target = (-3.978038609631085e-8, -3.978038431995401e-8, 7.956077041626486e-8)
            }
            dictionary Right = {
                double3 position = (0, -5, 0)
                double radius = 5
            }
            dictionary Top = {
                double3 position = (0, 0, 5)
                double radius = 5
            }
            string boundCamera = "/OmniverseKit_Persp"
        }
        dictionary omni_layer = {
            string authoring_layer = "./pallet.usd"
            dictionary locked = {
            }
            dictionary muteness = {
            }
        }
        dictionary renderSettings = {
        }
    }
    defaultPrim = "World"
    doc = """Generated from Composed Stage of root layer C:\\KP\\AI_and_Automation\\Sem_4\\Thesis\\robot_in_air\\usda\\raw\\pallet.usda
"""
    metersPerUnit = 1
    upAxis = "Z"
)

def Xform "World" (
    kind = "component"
)
{
    quatf xformOp:orient = (1, 0, 0, 0)
    float3 xformOp:scale = (1, 1, 1)
    double3 xformOp:translate = (0, 0, 0)
    uniform token[] xformOpOrder = ["xformOp:translate", "xformOp:orient", "xformOp:scale"]

    def Scope "Looks"
    {
        def Material "DefaultMaterial"
        {
            token outputs:mdl:displacement.connect = </World/Looks/DefaultMaterial/DefaultMaterial.outputs:out>
            token outputs:mdl:surface.connect = </World/Looks/DefaultMaterial/DefaultMaterial.outputs:out>
            token outputs:mdl:volume.connect = </World/Looks/DefaultMaterial/DefaultMaterial.outputs:out>

            def Shader "DefaultMaterial"
            {
                uniform token info:implementationSource = "sourceAsset"
                uniform asset info:mdl:sourceAsset = @OmniPBR.mdl@
                uniform token info:mdl:sourceAsset:subIdentifier = "OmniPBR"
                color3f inputs:diffuse_color_constant = (1, 1, 1) (
                    customData = {
                        float3 default = (1, 1, 1)
                        dictionary range = {
                            float3 max = (1, 1, 1)
                            float3 min = (0, 0, 0)
                        }
                    }
                    displayGroup = "Albedo"
                    displayName = "Base Color"
                )
                color3f inputs:emissive_color = (1, 1, 1) (
                    customData = {
                        float3 default = (1, 1, 1)
                        dictionary range = {
                            float3 max = (1, 1, 1)
                            float3 min = (0, 0, 0)
                        }
                    }
                    displayGroup = "Emissive"
                    displayName = "Emissive Color"
                )
                float inputs:emissive_intensity = 10000 (
                    customData = {
                        float default = 10000
                        dictionary range = {
                            float max = 100000
                            float min = 0
                        }
                    }
                    displayGroup = "Emissive"
                    displayName = "Emissive Intensity"
                )
                bool inputs:enable_emission = 0 (
                    customData = {
                        bool default = 0
                    }
                    displayGroup = "Emissive"
                    displayName = "Enable Emission"
                )
                bool inputs:enable_opacity = 0 (
                    customData = {
                        bool default = 0
                    }
                    displayGroup = "Opacity"
                    displayName = "Enable Opacity"
                )
                bool inputs:enable_opacity_texture = 0 (
                    customData = {
                        bool default = 0
                    }
                    displayGroup = "Opacity"
                    displayName = "Enable Opacity Texture"
                )
                float inputs:opacity_constant = 1 (
                    customData = {
                        float default = 1
                        dictionary range = {
                            float max = 1
                            float min = 0
                        }
                    }
                    displayGroup = "Opacity"
                    displayName = "Opacity Amount"
                )
                int inputs:opacity_mode = 1 (
                    customData = {
                        int default = 1
                        dictionary range = {
                            int max = 3
                            int min = 0
                        }
                    }
                    displayGroup = "Opacity"
                    displayName = "Opacity Mono Source"
                    renderType = "::base::mono_mode"
                    sdrMetadata = {
                        string __SDR__enum_value = "mono_average"
                        string options = "mono_alpha:0|mono_average:1|mono_luminance:2|mono_maximum:3"
                    }
                )
                float inputs:opacity_threshold = 0 (
                    customData = {
                        float default = 0
                        dictionary range = {
                            float max = 1
                            float min = 0
                        }
                    }
                    displayGroup = "Opacity"
                    displayName = "Opacity Threshold"
                )
                float inputs:texture_rotate = 0 (
                    customData = {
                        float default = 0
                        dictionary range = {
                            float max = 360
                            float min = 0
                        }
                    }
                    displayGroup = "UV"
                    displayName = "Texture Rotate"
                )
                float2 inputs:texture_scale = (1, 1) (
                    customData = {
                        float2 default = (1, 1)
                    }
                    displayGroup = "UV"
                    displayName = "Texture Scale"
                )
                float2 inputs:texture_translate = (0, 0) (
                    customData = {
                        float2 default = (0, 0)
                    }
                    displayGroup = "UV"
                    displayName = "Texture Translate"
                )
                token outputs:out
            }
        }
    }

    def Xform "node_"
    {
        quatf xformOp:orient = (1, 0, 0, 0)
        float3 xformOp:scale = (1, 1, 1)
        double3 xformOp:translate = (0, 0, 0)
        uniform token[] xformOpOrder = ["xformOp:translate", "xformOp:orient", "xformOp:scale"]

        def Mesh "mesh_" (
            apiSchemas = ["MaterialBindingAPI"]
        )
        {
            float3[] extent = [(-0.000057364814, -3.0873504e-17, -1.6502444e-11), (2083.5264, 3111.5955, 358.13998)]
            int[] faceVertexCounts = [3, 3, 3, 3, 3, 3, 3, 3, 3, 3, 3, 3, 3, 3, 3, 3, 3, 3, 3, 3, 3, 3, 3, 3, 3, 3, 3, 3, 3, 3, 3, 3, 3, 3, 3, 3, 3, 3, 3, 3, 3, 3, 3, 3, 3, 3, 3, 3, 3, 3, 3, 3, 3, 3, 3, 3, 3, 3, 3, 3, 3, 3, 3, 3, 3, 3, 3, 3, 3, 3, 3, 3, 3, 3, 3, 3, 3, 3, 3, 3, 3, 3, 3, 3, 3, 3, 3, 3, 3, 3, 3, 3, 3, 3, 3, 3, 3, 3, 3, 3, 3, 3, 3, 3, 3, 3, 3, 3, 3, 3, 3, 3, 3, 3, 3, 3, 3, 3, 3, 3, 3, 3, 3, 3, 3, 3, 3, 3, 3, 3, 3, 3, 3, 3, 3, 3, 3, 3, 3, 3, 3, 3, 3, 3, 3, 3, 3, 3, 3, 3, 3, 3, 3, 3, 3, 3, 3, 3, 3, 3, 3, 3, 3, 3, 3, 3, 3, 3, 3, 3, 3, 3, 3, 3, 3, 3, 3, 3, 3, 3, 3, 3, 3, 3, 3, 3, 3, 3, 3, 3, 3, 3, 3, 3, 3, 3, 3, 3, 3, 3, 3, 3, 3, 3, 3, 3, 3, 3, 3, 3, 3, 3, 3, 3, 3, 3, 3, 3, 3, 3, 3, 3, 3, 3, 3, 3, 3, 3, 3, 3, 3, 3, 3, 3, 3, 3, 3, 3, 3, 3, 3, 3, 3, 3, 3, 3, 3, 3, 3, 3, 3, 3, 3, 3, 3, 3, 3, 3, 3, 3, 3, 3, 3, 3, 3, 3, 3, 3, 3, 3, 3, 3, 3, 3, 3, 3, 3, 3, 3, 3, 3, 3, 3, 3, 3, 3, 3, 3, 3, 3, 3, 3, 3, 3, 3, 3, 3, 3, 3, 3, 3, 3, 3, 3, 3, 3, 3, 3, 3, 3, 3, 3, 3, 3, 3, 3, 3, 3, 3, 3, 3, 3, 3, 3, 3, 3, 3, 3, 3, 3, 3, 3, 3, 3, 3, 3, 3, 3, 3, 3, 3, 3, 3, 3, 3, 3, 3, 3, 3, 3, 3, 3, 3, 3, 3, 3, 3, 3, 3, 3, 3, 3, 3, 3, 3, 3, 3, 3, 3, 3, 3, 3, 3, 3, 3, 3, 3, 3, 3, 3, 3, 3, 3, 3, 3, 3, 3, 3, 3, 3, 3, 3, 3, 3, 3, 3, 3, 3, 3, 3, 3, 3, 3, 3, 3, 3, 3, 3, 3, 3, 3, 3, 3, 3, 3, 3, 3, 3, 3, 3, 3, 3, 3, 3, 3, 3, 3, 3, 3, 3, 3, 3, 3, 3, 3, 3, 3, 3, 3, 3, 3, 3, 3, 3, 3, 3, 3, 3, 3, 3, 3, 3, 3, 3, 3, 3, 3, 3, 3, 3, 3, 3, 3, 3, 3, 3, 3, 3, 3, 3, 3, 3, 3, 3, 3, 3, 3, 3, 3, 3, 3, 3, 3, 3, 3, 3, 3, 3, 3, 3, 3, 3, 3, 3, 3, 3, 3, 3, 3, 3, 3, 3, 3, 3, 3, 3, 3, 3, 3, 3, 3, 3, 3, 3, 3, 3, 3, 3, 3, 3, 3, 3, 3, 3, 3, 3, 3, 3, 3, 3, 3, 3, 3, 3, 3, 3, 3, 3, 3, 3, 3, 3, 3, 3, 3, 3, 3, 3, 3, 3, 3, 3, 3, 3, 3, 3, 3, 3, 3, 3, 3, 3, 3, 3, 3, 3, 3, 3, 3, 3, 3, 3, 3, 3, 3, 3, 3, 3, 3, 3, 3, 3, 3, 3, 3, 3, 3, 3, 3, 3, 3, 3, 3, 3, 3, 3, 3, 3, 3, 3, 3, 3, 3, 3, 3, 3, 3, 3, 3, 3, 3, 3, 3, 3, 3, 3, 3, 3, 3, 3, 3, 3, 3, 3, 3, 3, 3, 3, 3, 3, 3, 3, 3, 3, 3, 3, 3, 3, 3, 3, 3, 3, 3, 3, 3, 3, 3, 3, 3, 3, 3, 3, 3, 3, 3, 3, 3, 3, 3, 3, 3, 3, 3, 3, 3, 3, 3, 3, 3, 3, 3, 3, 3, 3, 3, 3, 3, 3, 3, 3, 3, 3, 3, 3, 3, 3, 3, 3, 3, 3, 3, 3, 3, 3, 3, 3, 3, 3, 3, 3, 3, 3, 3, 3, 3, 3, 3, 3, 3, 3, 3, 3, 3, 3, 3, 3, 3, 3, 3, 3, 3, 3, 3, 3, 3, 3, 3, 3, 3, 3, 3, 3, 3, 3, 3, 3, 3, 3, 3, 3, 3, 3, 3, 3, 3, 3, 3, 3, 3, 3, 3, 3, 3, 3, 3, 3, 3, 3, 3, 3, 3, 3, 3, 3, 3, 3, 3, 3, 3, 3, 3, 3, 3, 3, 3, 3, 3, 3, 3, 3, 3, 3, 3, 3, 3, 3, 3, 3, 3, 3, 3, 3, 3, 3, 3, 3, 3, 3, 3, 3, 3, 3, 3, 3, 3, 3, 3, 3, 3, 3, 3, 3, 3, 3, 3, 3, 3, 3, 3, 3, 3, 3, 3, 3, 3, 3, 3, 3, 3, 3, 3, 3, 3, 3, 3, 3, 3, 3, 3, 3, 3, 3, 3, 3, 3, 3, 3, 3, 3, 3, 3, 3, 3, 3, 3, 3, 3, 3, 3, 3, 3, 3, 3, 3, 3, 3, 3, 3, 3, 3, 3, 3, 3, 3, 3, 3, 3, 3, 3, 3, 3, 3, 3, 3, 3, 3, 3, 3, 3, 3, 3, 3, 3, 3, 3, 3, 3, 3, 3, 3, 3, 3, 3, 3, 3, 3, 3, 3, 3, 3, 3, 3, 3, 3, 3, 3, 3, 3, 3, 3, 3, 3, 3, 3, 3, 3, 3, 3, 3, 3, 3, 3, 3, 3, 3, 3, 3, 3, 3, 3, 3, 3, 3, 3, 3, 3, 3, 3, 3, 3, 3, 3, 3, 3, 3, 3, 3, 3, 3, 3, 3, 3, 3, 3, 3, 3, 3, 3, 3, 3, 3, 3, 3, 3, 3, 3, 3, 3, 3, 3, 3, 3, 3, 3, 3, 3, 3, 3, 3, 3, 3, 3, 3, 3, 3, 3, 3, 3, 3, 3, 3, 3, 3, 3, 3, 3, 3, 3, 3, 3, 3, 3, 3, 3, 3, 3, 3, 3, 3, 3, 3, 3, 3, 3, 3, 3, 3, 3, 3, 3, 3, 3, 3, 3, 3, 3, 3, 3, 3, 3, 3, 3, 3, 3, 3, 3, 3, 3, 3, 3, 3, 3, 3, 3, 3, 3, 3, 3, 3, 3, 3, 3, 3, 3, 3, 3, 3, 3, 3, 3, 3, 3, 3, 3, 3, 3, 3, 3, 3, 3, 3, 3, 3, 3, 3, 3, 3, 3, 3, 3, 3, 3, 3, 3, 3, 3, 3, 3, 3, 3, 3, 3, 3, 3, 3, 3, 3, 3, 3, 3, 3, 3, 3, 3, 3, 3, 3, 3, 3, 3, 3, 3, 3, 3, 3, 3, 3, 3, 3, 3, 3, 3, 3, 3, 3, 3, 3, 3, 3, 3, 3, 3, 3, 3, 3, 3, 3, 3, 3, 3, 3, 3, 3, 3, 3, 3, 3, 3, 3, 3, 3, 3, 3, 3, 3, 3, 3, 3, 3, 3, 3, 3, 3, 3, 3, 3, 3, 3, 3, 3, 3, 3, 3, 3, 3, 3, 3, 3, 3, 3, 3, 3, 3, 3, 3, 3, 3, 3, 3, 3, 3, 3, 3, 3, 3, 3, 3, 3, 3, 3, 3, 3, 3, 3, 3, 3, 3, 3, 3, 3, 3, 3, 3, 3, 3, 3, 3, 3, 3, 3, 3, 3, 3, 3, 3, 3, 3, 3, 3, 3, 3, 3, 3, 3, 3, 3, 3, 3, 3, 3, 3, 3, 3, 3, 3, 3, 3, 3, 3, 3, 3, 3, 3, 3, 3, 3, 3, 3, 3, 3, 3, 3, 3, 3, 3, 3, 3, 3, 3, 3, 3, 3, 3, 3, 3, 3, 3, 3, 3, 3, 3, 3, 3, 3, 3, 3, 3, 3, 3, 3, 3, 3, 3, 3, 3, 3, 3, 3, 3, 3, 3, 3, 3, 3, 3, 3, 3, 3, 3, 3, 3, 3, 3, 3, 3, 3, 3, 3, 3, 3, 3, 3, 3, 3, 3, 3, 3, 3, 3, 3, 3, 3, 3, 3, 3, 3, 3, 3, 3, 3, 3, 3, 3, 3, 3, 3, 3, 3, 3, 3, 3, 3, 3, 3, 3, 3, 3, 3, 3, 3, 3, 3, 3, 3, 3, 3, 3, 3, 3, 3, 3, 3, 3, 3, 3, 3, 3, 3, 3, 3, 3, 3, 3, 3, 3, 3, 3, 3, 3, 3, 3, 3, 3, 3, 3, 3, 3, 3, 3, 3, 3, 3, 3, 3, 3, 3, 3, 3, 3, 3, 3, 3, 3, 3, 3, 3, 3, 3, 3, 3, 3, 3, 3, 3, 3, 3, 3, 3, 3, 3, 3, 3, 3, 3, 3, 3, 3, 3, 3, 3, 3, 3, 3, 3, 3, 3, 3, 3, 3, 3, 3, 3, 3, 3, 3, 3, 3, 3, 3, 3, 3, 3, 3, 3, 3, 3, 3]
            int[] faceVertexIndices = [0, 1, 2, 3, 4, 5, 6, 7, 8, 9, 10, 11, 12, 13, 14, 15, 16, 17, 18, 19, 20, 21, 22, 23, 24, 25, 26, 27, 28, 29, 30, 31, 32, 33, 34, 35, 36, 37, 38, 39, 40, 41, 42, 43, 44, 45, 46, 47, 48, 49, 50, 51, 52, 53, 54, 55, 56, 57, 58, 59, 60, 61, 62, 63, 64, 65, 66, 67, 68, 69, 70, 71, 72, 73, 74, 75, 76, 77, 78, 79, 80, 81, 82, 83, 84, 85, 86, 87, 88, 89, 90, 91, 92, 93, 94, 95, 96, 97, 98, 99, 100, 101, 102, 103, 104, 105, 106, 107, 108, 109, 110, 111, 112, 113, 114, 115, 116, 117, 118, 119, 120, 121, 122, 123, 124, 125, 126, 127, 128, 129, 130, 131, 132, 133, 134, 135, 136, 137, 138, 139, 140, 141, 142, 143, 144, 145, 146, 147, 148, 149, 150, 151, 152, 153, 154, 155, 156, 157, 158, 159, 160, 161, 162, 163, 164, 165, 166, 167, 168, 169, 170, 171, 172, 173, 174, 175, 176, 177, 178, 179, 180, 181, 182, 183, 184, 185, 186, 187, 188, 189, 190, 191, 192, 193, 194, 195, 196, 197, 198, 199, 200, 201, 202, 203, 204, 205, 206, 207, 208, 209, 210, 211, 212, 213, 214, 215, 216, 217, 218, 219, 220, 221, 222, 223, 224, 225, 226, 227, 228, 229, 230, 231, 232, 233, 234, 235, 236, 237, 238, 239, 240, 241, 242, 243, 244, 245, 246, 247, 248, 249, 250, 251, 252, 253, 254, 255, 256, 257, 258, 259, 260, 261, 262, 263, 264, 265, 266, 267, 268, 269, 270, 271, 272, 273, 274, 275, 276, 277, 278, 279, 280, 281, 282, 283, 284, 285, 286, 287, 288, 289, 290, 291, 292, 293, 294, 295, 296, 297, 298, 299, 300, 301, 302, 303, 304, 305, 306, 307, 308, 309, 310, 311, 312, 313, 314, 315, 316, 317, 318, 319, 320, 321, 322, 323, 324, 325, 326, 327, 328, 329, 330, 331, 332, 333, 334, 335, 336, 337, 338, 339, 340, 341, 342, 343, 344, 345, 346, 347, 348, 349, 350, 351, 352, 353, 354, 355, 356, 357, 358, 359, 360, 361, 362, 363, 364, 365, 366, 367, 368, 369, 370, 371, 372, 373, 374, 375, 376, 377, 378, 379, 380, 381, 382, 383, 384, 385, 386, 387, 388, 389, 390, 391, 392, 393, 394, 395, 396, 397, 398, 399, 400, 401, 402, 403, 404, 405, 406, 407, 408, 409, 410, 411, 412, 413, 414, 415, 416, 417, 418, 419, 420, 421, 422, 423, 424, 425, 426, 427, 428, 429, 430, 431, 432, 433, 434, 435, 436, 437, 438, 439, 440, 441, 442, 443, 444, 445, 446, 447, 448, 449, 450, 451, 452, 453, 454, 455, 456, 457, 458, 459, 460, 461, 462, 463, 464, 465, 466, 467, 468, 469, 470, 471, 472, 473, 474, 475, 476, 477, 478, 479, 480, 481, 482, 483, 484, 485, 486, 487, 488, 489, 490, 491, 492, 493, 494, 495, 496, 497, 498, 499, 500, 501, 502, 503, 504, 505, 506, 507, 508, 509, 510, 511, 512, 513, 514, 515, 516, 517, 518, 519, 520, 521, 522, 523, 524, 525, 526, 527, 528, 529, 530, 531, 532, 533, 534, 535, 536, 537, 538, 539, 540, 541, 542, 543, 544, 545, 546, 547, 548, 549, 550, 551, 552, 553, 554, 555, 556, 557, 558, 559, 560, 561, 562, 563, 564, 565, 566, 567, 568, 569, 570, 571, 572, 573, 574, 575, 576, 577, 578, 579, 580, 581, 582, 583, 584, 585, 586, 587, 588, 589, 590, 591, 592, 593, 594, 595, 596, 597, 598, 599, 600, 601, 602, 603, 604, 605, 606, 607, 608, 609, 610, 611, 612, 613, 614, 615, 616, 617, 618, 619, 620, 621, 622, 623, 624, 625, 626, 627, 628, 629, 630, 631, 632, 633, 634, 635, 636, 637, 638, 639, 640, 641, 642, 643, 644, 645, 646, 647, 648, 649, 650, 651, 652, 653, 654, 655, 656, 657, 658, 659, 660, 661, 662, 663, 664, 665, 666, 667, 668, 669, 670, 671, 672, 673, 674, 675, 676, 677, 678, 679, 680, 681, 682, 683, 684, 685, 686, 687, 688, 689, 690, 691, 692, 693, 694, 695, 696, 697, 698, 699, 700, 701, 702, 703, 704, 705, 706, 707, 708, 709, 710, 711, 712, 713, 714, 715, 716, 717, 718, 719, 720, 721, 722, 723, 724, 725, 726, 727, 728, 729, 730, 731, 732, 733, 734, 735, 736, 737, 738, 739, 740, 741, 742, 743, 744, 745, 746, 747, 748, 749, 750, 751, 752, 753, 754, 755, 756, 757, 758, 759, 760, 761, 762, 763, 764, 765, 766, 767, 768, 769, 770, 771, 772, 773, 774, 775, 776, 777, 778, 779, 780, 781, 782, 783, 784, 785, 786, 787, 788, 789, 790, 791, 792, 793, 794, 795, 796, 797, 798, 799, 800, 801, 802, 803, 804, 805, 806, 807, 808, 809, 810, 811, 812, 813, 814, 815, 816, 817, 818, 819, 820, 821, 822, 823, 824, 825, 826, 827, 828, 829, 830, 831, 832, 833, 834, 835, 836, 837, 838, 839, 840, 841, 842, 843, 844, 845, 846, 847, 848, 849, 850, 851, 852, 853, 854, 855, 856, 857, 858, 859, 860, 861, 862, 863, 864, 865, 866, 867, 868, 869, 870, 871, 872, 873, 874, 875, 876, 877, 878, 879, 880, 881, 882, 883, 884, 885, 886, 887, 888, 889, 890, 891, 892, 893, 894, 895, 896, 897, 898, 899, 900, 901, 902, 903, 904, 905, 906, 907, 908, 909, 910, 911, 912, 913, 914, 915, 916, 917, 918, 919, 920, 921, 922, 923, 924, 925, 926, 927, 928, 929, 930, 931, 932, 933, 934, 935, 936, 937, 938, 939, 940, 941, 942, 943, 944, 945, 946, 947, 948, 949, 950, 951, 952, 953, 954, 955, 956, 957, 958, 959, 960, 961, 962, 963, 964, 965, 966, 967, 968, 969, 970, 971, 972, 973, 974, 975, 976, 977, 978, 979, 980, 981, 982, 983, 984, 985, 986, 987, 988, 989, 990, 991, 992, 993, 994, 995, 996, 997, 998, 999, 1000, 1001, 1002, 1003, 1004, 1005, 1006, 1007, 1008, 1009, 1010, 1011, 1012, 1013, 1014, 1015, 1016, 1017, 1018, 1019, 1020, 1021, 1022, 1023, 1024, 1025, 1026, 1027, 1028, 1029, 1030, 1031, 1032, 1033, 1034, 1035, 1036, 1037, 1038, 1039, 1040, 1041, 1042, 1043, 1044, 1045, 1046, 1047, 1048, 1049, 1050, 1051, 1052, 1053, 1054, 1055, 1056, 1057, 1058, 1059, 1060, 1061, 1062, 1063, 1064, 1065, 1066, 1067, 1068, 1069, 1070, 1071, 1072, 1073, 1074, 1075, 1076, 1077, 1078, 1079, 1080, 1081, 1082, 1083, 1084, 1085, 1086, 1087, 1088, 1089, 1090, 1091, 1092, 1093, 1094, 1095, 1096, 1097, 1098, 1099, 1100, 1101, 1102, 1103, 1104, 1105, 1106, 1107, 1108, 1109, 1110, 1111, 1112, 1113, 1114, 1115, 1116, 1117, 1118, 1119, 1120, 1121, 1122, 1123, 1124, 1125, 1126, 1127, 1128, 1129, 1130, 1131, 1132, 1133, 1134, 1135, 1136, 1137, 1138, 1139, 1140, 1141, 1142, 1143, 1144, 1145, 1146, 1147, 1148, 1149, 1150, 1151, 1152, 1153, 1154, 1155, 1156, 1157, 1158, 1159, 1160, 1161, 1162, 1163, 1164, 1165, 1166, 1167, 1168, 1169, 1170, 1171, 1172, 1173, 1174, 1175, 1176, 1177, 1178, 1179, 1180, 1181, 1182, 1183, 1184, 1185, 1186, 1187, 1188, 1189, 1190, 1191, 1192, 1193, 1194, 1195, 1196, 1197, 1198, 1199, 1200, 1201, 1202, 1203, 1204, 1205, 1206, 1207, 1208, 1209, 1210, 1211, 1212, 1213, 1214, 1215, 1216, 1217, 1218, 1219, 1220, 1221, 1222, 1223, 1224, 1225, 1226, 1227, 1228, 1229, 1230, 1231, 1232, 1233, 1234, 1235, 1236, 1237, 1238, 1239, 1240, 1241, 1242, 1243, 1244, 1245, 1246, 1247, 1248, 1249, 1250, 1251, 1252, 1253, 1254, 1255, 1256, 1257, 1258, 1259, 1260, 1261, 1262, 1263, 1264, 1265, 1266, 1267, 1268, 1269, 1270, 1271, 1272, 1273, 1274, 1275, 1276, 1277, 1278, 1279, 1280, 1281, 1282, 1283, 1284, 1285, 1286, 1287, 1288, 1289, 1290, 1291, 1292, 1293, 1294, 1295, 1296, 1297, 1298, 1299, 1300, 1301, 1302, 1303, 1304, 1305, 1306, 1307, 1308, 1309, 1310, 1311, 1312, 1313, 1314, 1315, 1316, 1317, 1318, 1319, 1320, 1321, 1322, 1323, 1324, 1325, 1326, 1327, 1328, 1329, 1330, 1331, 1332, 1333, 1334, 1335, 1336, 1337, 1338, 1339, 1340, 1341, 1342, 1343, 1344, 1345, 1346, 1347, 1348, 1349, 1350, 1351, 1352, 1353, 1354, 1355, 1356, 1357, 1358, 1359, 1360, 1361, 1362, 1363, 1364, 1365, 1366, 1367, 1368, 1369, 1370, 1371, 1372, 1373, 1374, 1375, 1376, 1377, 1378, 1379, 1380, 1381, 1382, 1383, 1384, 1385, 1386, 1387, 1388, 1389, 1390, 1391, 1392, 1393, 1394, 1395, 1396, 1397, 1398, 1399, 1400, 1401, 1402, 1403, 1404, 1405, 1406, 1407, 1408, 1409, 1410, 1411, 1412, 1413, 1414, 1415, 1416, 1417, 1418, 1419, 1420, 1421, 1422, 1423, 1424, 1425, 1426, 1427, 1428, 1429, 1430, 1431, 1432, 1433, 1434, 1435, 1436, 1437, 1438, 1439, 1440, 1441, 1442, 1443, 1444, 1445, 1446, 1447, 1448, 1449, 1450, 1451, 1452, 1453, 1454, 1455, 1456, 1457, 1458, 1459, 1460, 1461, 1462, 1463, 1464, 1465, 1466, 1467, 1468, 1469, 1470, 1471, 1472, 1473, 1474, 1475, 1476, 1477, 1478, 1479, 1480, 1481, 1482, 1483, 1484, 1485, 1486, 1487, 1488, 1489, 1490, 1491, 1492, 1493, 1494, 1495, 1496, 1497, 1498, 1499, 1500, 1501, 1502, 1503, 1504, 1505, 1506, 1507, 1508, 1509, 1510, 1511, 1512, 1513, 1514, 1515, 1516, 1517, 1518, 1519, 1520, 1521, 1522, 1523, 1524, 1525, 1526, 1527, 1528, 1529, 1530, 1531, 1532, 1533, 1534, 1535, 1536, 1537, 1538, 1539, 1540, 1541, 1542, 1543, 1544, 1545, 1546, 1547, 1548, 1549, 1550, 1551, 1552, 1553, 1554, 1555, 1556, 1557, 1558, 1559, 1560, 1561, 1562, 1563, 1564, 1565, 1566, 1567, 1568, 1569, 1570, 1571, 1572, 1573, 1574, 1575, 1576, 1577, 1578, 1579, 1580, 1581, 1582, 1583, 1584, 1585, 1586, 1587, 1588, 1589, 1590, 1591, 1592, 1593, 1594, 1595, 1596, 1597, 1598, 1599, 1600, 1601, 1602, 1603, 1604, 1605, 1606, 1607, 1608, 1609, 1610, 1611, 1612, 1613, 1614, 1615, 1616, 1617, 1618, 1619, 1620, 1621, 1622, 1623, 1624, 1625, 1626, 1627, 1628, 1629, 1630, 1631, 1632, 1633, 1634, 1635, 1636, 1637, 1638, 1639, 1640, 1641, 1642, 1643, 1644, 1645, 1646, 1647, 1648, 1649, 1650, 1651, 1652, 1653, 1654, 1655, 1656, 1657, 1658, 1659, 1660, 1661, 1662, 1663, 1664, 1665, 1666, 1667, 1668, 1669, 1670, 1671, 1672, 1673, 1674, 1675, 1676, 1677, 1678, 1679, 1680, 1681, 1682, 1683, 1684, 1685, 1686, 1687, 1688, 1689, 1690, 1691, 1692, 1693, 1694, 1695, 1696, 1697, 1698, 1699, 1700, 1701, 1702, 1703, 1704, 1705, 1706, 1707, 1708, 1709, 1710, 1711, 1712, 1713, 1714, 1715, 1716, 1717, 1718, 1719, 1720, 1721, 1722, 1723, 1724, 1725, 1726, 1727, 1728, 1729, 1730, 1731, 1732, 1733, 1734, 1735, 1736, 1737, 1738, 1739, 1740, 1741, 1742, 1743, 1744, 1745, 1746, 1747, 1748, 1749, 1750, 1751, 1752, 1753, 1754, 1755, 1756, 1757, 1758, 1759, 1760, 1761, 1762, 1763, 1764, 1765, 1766, 1767, 1768, 1769, 1770, 1771, 1772, 1773, 1774, 1775, 1776, 1777, 1778, 1779, 1780, 1781, 1782, 1783, 1784, 1785, 1786, 1787, 1788, 1789, 1790, 1791, 1792, 1793, 1794, 1795, 1796, 1797, 1798, 1799, 1800, 1801, 1802, 1803, 1804, 1805, 1806, 1807, 1808, 1809, 1810, 1811, 1812, 1813, 1814, 1815, 1816, 1817, 1818, 1819, 1820, 1821, 1822, 1823, 1824, 1825, 1826, 1827, 1828, 1829, 1830, 1831, 1832, 1833, 1834, 1835, 1836, 1837, 1838, 1839, 1840, 1841, 1842, 1843, 1844, 1845, 1846, 1847, 1848, 1849, 1850, 1851, 1852, 1853, 1854, 1855, 1856, 1857, 1858, 1859, 1860, 1861, 1862, 1863, 1864, 1865, 1866, 1867, 1868, 1869, 1870, 1871, 1872, 1873, 1874, 1875, 1876, 1877, 1878, 1879, 1880, 1881, 1882, 1883, 1884, 1885, 1886, 1887, 1888, 1889, 1890, 1891, 1892, 1893, 1894, 1895, 1896, 1897, 1898, 1899, 1900, 1901, 1902, 1903, 1904, 1905, 1906, 1907, 1908, 1909, 1910, 1911, 1912, 1913, 1914, 1915, 1916, 1917, 1918, 1919, 1920, 1921, 1922, 1923, 1924, 1925, 1926, 1927, 1928, 1929, 1930, 1931, 1932, 1933, 1934, 1935, 1936, 1937, 1938, 1939, 1940, 1941, 1942, 1943, 1944, 1945, 1946, 1947, 1948, 1949, 1950, 1951, 1952, 1953, 1954, 1955, 1956, 1957, 1958, 1959, 1960, 1961, 1962, 1963, 1964, 1965, 1966, 1967, 1968, 1969, 1970, 1971, 1972, 1973, 1974, 1975, 1976, 1977, 1978, 1979, 1980, 1981, 1982, 1983, 1984, 1985, 1986, 1987, 1988, 1989, 1990, 1991, 1992, 1993, 1994, 1995, 1996, 1997, 1998, 1999, 2000, 2001, 2002, 2003, 2004, 2005, 2006, 2007, 2008, 2009, 2010, 2011, 2012, 2013, 2014, 2015, 2016, 2017, 2018, 2019, 2020, 2021, 2022, 2023, 2024, 2025, 2026, 2027, 2028, 2029, 2030, 2031, 2032, 2033, 2034, 2035, 2036, 2037, 2038, 2039, 2040, 2041, 2042, 2043, 2044, 2045, 2046, 2047, 2048, 2049, 2050, 2051, 2052, 2053, 2054, 2055, 2056, 2057, 2058, 2059, 2060, 2061, 2062, 2063, 2064, 2065, 2066, 2067, 2068, 2069, 2070, 2071, 2072, 2073, 2074, 2075, 2076, 2077, 2078, 2079, 2080, 2081, 2082, 2083, 2084, 2085, 2086, 2087, 2088, 2089, 2090, 2091, 2092, 2093, 2094, 2095, 2096, 2097, 2098, 2099, 2100, 2101, 2102, 2103, 2104, 2105, 2106, 2107, 2108, 2109, 2110, 2111, 2112, 2113, 2114, 2115, 2116, 2117, 2118, 2119, 2120, 2121, 2122, 2123, 2124, 2125, 2126, 2127, 2128, 2129, 2130, 2131, 2132, 2133, 2134, 2135, 2136, 2137, 2138, 2139, 2140, 2141, 2142, 2143, 2144, 2145, 2146, 2147, 2148, 2149, 2150, 2151, 2152, 2153, 2154, 2155, 2156, 2157, 2158, 2159, 2160, 2161, 2162, 2163, 2164, 2165, 2166, 2167, 2168, 2169, 2170, 2171, 2172, 2173, 2174, 2175, 2176, 2177, 2178, 2179, 2180, 2181, 2182, 2183, 2184, 2185, 2186, 2187, 2188, 2189, 2190, 2191, 2192, 2193, 2194, 2195, 2196, 2197, 2198, 2199, 2200, 2201, 2202, 2203, 2204, 2205, 2206, 2207, 2208, 2209, 2210, 2211, 2212, 2213, 2214, 2215, 2216, 2217, 2218, 2219, 2220, 2221, 2222, 2223, 2224, 2225, 2226, 2227, 2228, 2229, 2230, 2231, 2232, 2233, 2234, 2235, 2236, 2237, 2238, 2239, 2240, 2241, 2242, 2243, 2244, 2245, 2246, 2247, 2248, 2249, 2250, 2251, 2252, 2253, 2254, 2255, 2256, 2257, 2258, 2259, 2260, 2261, 2262, 2263, 2264, 2265, 2266, 2267, 2268, 2269, 2270, 2271, 2272, 2273, 2274, 2275, 2276, 2277, 2278, 2279, 2280, 2281, 2282, 2283, 2284, 2285, 2286, 2287, 2288, 2289, 2290, 2291, 2292, 2293, 2294, 2295, 2296, 2297, 2298, 2299, 2300, 2301, 2302, 2303, 2304, 2305, 2306, 2307, 2308, 2309, 2310, 2311, 2312, 2313, 2314, 2315, 2316, 2317, 2318, 2319, 2320, 2321, 2322, 2323, 2324, 2325, 2326, 2327, 2328, 2329, 2330, 2331, 2332, 2333, 2334, 2335, 2336, 2337, 2338, 2339, 2340, 2341, 2342, 2343, 2344, 2345, 2346, 2347, 2348, 2349, 2350, 2351, 2352, 2353, 2354, 2355, 2356, 2357, 2358, 2359, 2360, 2361, 2362, 2363, 2364, 2365, 2366, 2367, 2368, 2369, 2370, 2371, 2372, 2373, 2374, 2375, 2376, 2377, 2378, 2379, 2380, 2381, 2382, 2383, 2384, 2385, 2386, 2387, 2388, 2389, 2390, 2391, 2392, 2393, 2394, 2395, 2396, 2397, 2398, 2399, 2400, 2401, 2402, 2403, 2404, 2405, 2406, 2407, 2408, 2409, 2410, 2411, 2412, 2413, 2414, 2415, 2416, 2417, 2418, 2419, 2420, 2421, 2422, 2423, 2424, 2425, 2426, 2427, 2428, 2429, 2430, 2431, 2432, 2433, 2434, 2435, 2436, 2437, 2438, 2439, 2440, 2441, 2442, 2443, 2444, 2445, 2446, 2447, 2448, 2449, 2450, 2451, 2452, 2453, 2454, 2455, 2456, 2457, 2458, 2459, 2460, 2461, 2462, 2463, 2464, 2465, 2466, 2467, 2468, 2469, 2470, 2471, 2472, 2473, 2474, 2475, 2476, 2477, 2478, 2479, 2480, 2481, 2482, 2483, 2484, 2485, 2486, 2487, 2488, 2489, 2490, 2491, 2492, 2493, 2494, 2495, 2496, 2497, 2498, 2499, 2500, 2501, 2502, 2503, 2504, 2505, 2506, 2507, 2508, 2509, 2510, 2511, 2512, 2513, 2514, 2515, 2516, 2517, 2518, 2519, 2520, 2521, 2522, 2523, 2524, 2525, 2526, 2527, 2528, 2529, 2530, 2531, 2532, 2533, 2534, 2535, 2536, 2537, 2538, 2539, 2540, 2541, 2542, 2543, 2544, 2545, 2546, 2547, 2548, 2549, 2550, 2551, 2552, 2553, 2554, 2555, 2556, 2557, 2558, 2559, 2560, 2561, 2562, 2563, 2564, 2565, 2566, 2567, 2568, 2569, 2570, 2571, 2572, 2573, 2574, 2575, 2576, 2577, 2578, 2579, 2580, 2581, 2582, 2583, 2584, 2585, 2586, 2587, 2588, 2589, 2590, 2591, 2592, 2593, 2594, 2595, 2596, 2597, 2598, 2599, 2600, 2601, 2602, 2603, 2604, 2605, 2606, 2607, 2608, 2609, 2610, 2611, 2612, 2613, 2614, 2615, 2616, 2617, 2618, 2619, 2620, 2621, 2622, 2623, 2624, 2625, 2626, 2627, 2628, 2629, 2630, 2631, 2632, 2633, 2634, 2635, 2636, 2637, 2638, 2639, 2640, 2641, 2642, 2643, 2644, 2645, 2646, 2647, 2648, 2649, 2650, 2651, 2652, 2653, 2654, 2655, 2656, 2657, 2658, 2659, 2660, 2661, 2662, 2663, 2664, 2665, 2666, 2667, 2668, 2669, 2670, 2671, 2672, 2673, 2674, 2675, 2676, 2677, 2678, 2679, 2680, 2681, 2682, 2683, 2684, 2685, 2686, 2687, 2688, 2689, 2690, 2691, 2692, 2693, 2694, 2695, 2696, 2697, 2698, 2699, 2700, 2701, 2702, 2703, 2704, 2705, 2706, 2707, 2708, 2709, 2710, 2711, 2712, 2713, 2714, 2715, 2716, 2717, 2718, 2719, 2720, 2721, 2722, 2723, 2724, 2725, 2726, 2727, 2728, 2729, 2730, 2731, 2732, 2733, 2734, 2735, 2736, 2737, 2738, 2739, 2740, 2741, 2742, 2743, 2744, 2745, 2746, 2747, 2748, 2749, 2750, 2751, 2752, 2753, 2754, 2755, 2756, 2757, 2758, 2759, 2760, 2761, 2762, 2763, 2764, 2765, 2766, 2767, 2768, 2769, 2770, 2771, 2772, 2773, 2774, 2775, 2776, 2777, 2778, 2779, 2780, 2781, 2782, 2783, 2784, 2785, 2786, 2787, 2788, 2789, 2790, 2791, 2792, 2793, 2794, 2795, 2796, 2797, 2798, 2799, 2800, 2801, 2802, 2803, 2804, 2805, 2806, 2807, 2808, 2809, 2810, 2811, 2812, 2813, 2814, 2815, 2816, 2817, 2818, 2819, 2820, 2821, 2822, 2823, 2824, 2825, 2826, 2827, 2828, 2829, 2830, 2831, 2832, 2833, 2834, 2835, 2836, 2837, 2838, 2839, 2840, 2841, 2842, 2843, 2844, 2845, 2846, 2847, 2848, 2849, 2850, 2851, 2852, 2853, 2854, 2855, 2856, 2857, 2858, 2859, 2860, 2861, 2862, 2863, 2864, 2865, 2866, 2867, 2868, 2869, 2870, 2871, 2872, 2873, 2874, 2875, 2876, 2877, 2878, 2879, 2880, 2881, 2882, 2883, 2884, 2885, 2886, 2887, 2888, 2889, 2890, 2891, 2892, 2893, 2894, 2895, 2896, 2897, 2898, 2899, 2900, 2901, 2902, 2903, 2904, 2905, 2906, 2907, 2908, 2909, 2910, 2911, 2912, 2913, 2914, 2915, 2916, 2917, 2918, 2919, 2920, 2921, 2922, 2923, 2924, 2925, 2926, 2927, 2928, 2929, 2930, 2931, 2932, 2933, 2934, 2935, 2936, 2937, 2938, 2939, 2940, 2941, 2942, 2943, 2944, 2945, 2946, 2947, 2948, 2949, 2950, 2951, 2952, 2953, 2954, 2955, 2956, 2957, 2958, 2959, 2960, 2961, 2962, 2963, 2964, 2965, 2966, 2967, 2968, 2969, 2970, 2971, 2972, 2973, 2974, 2975, 2976, 2977, 2978, 2979, 2980, 2981, 2982, 2983, 2984, 2985, 2986, 2987, 2988, 2989, 2990, 2991, 2992, 2993, 2994, 2995, 2996, 2997, 2998, 2999, 3000, 3001, 3002, 3003, 3004, 3005, 3006, 3007, 3008, 3009, 3010, 3011, 3012, 3013, 3014, 3015, 3016, 3017, 3018, 3019, 3020, 3021, 3022, 3023, 3024, 3025, 3026, 3027, 3028, 3029, 3030, 3031, 3032, 3033, 3034, 3035, 3036, 3037, 3038, 3039, 3040, 3041, 3042, 3043, 3044, 3045, 3046, 3047, 3048, 3049, 3050, 3051, 3052, 3053, 3054, 3055, 3056, 3057, 3058, 3059, 3060, 3061, 3062, 3063, 3064, 3065, 3066, 3067, 3068, 3069, 3070, 3071, 3072, 3073, 3074, 3075, 3076, 3077, 3078, 3079, 3080, 3081, 3082, 3083, 3084, 3085, 3086, 3087, 3088, 3089, 3090, 3091, 3092, 3093, 3094, 3095, 3096, 3097, 3098, 3099, 3100, 3101, 3102, 3103, 3104, 3105, 3106, 3107, 3108, 3109, 3110, 3111, 3112, 3113, 3114, 3115, 3116, 3117, 3118, 3119, 3120, 3121, 3122, 3123, 3124, 3125, 3126, 3127, 3128, 3129, 3130, 3131, 3132, 3133, 3134, 3135, 3136, 3137, 3138, 3139, 3140, 3141, 3142, 3143, 3144, 3145, 3146, 3147, 3148, 3149, 3150, 3151, 3152, 3153, 3154, 3155, 3156, 3157, 3158, 3159, 3160, 3161, 3162, 3163, 3164, 3165, 3166, 3167, 3168, 3169, 3170, 3171, 3172, 3173, 3174, 3175, 3176, 3177, 3178, 3179, 3180, 3181, 3182, 3183, 3184, 3185, 3186, 3187, 3188, 3189, 3190, 3191, 3192, 3193, 3194, 3195, 3196, 3197, 3198, 3199, 3200, 3201, 3202, 3203, 3204, 3205, 3206, 3207, 3208, 3209, 3210, 3211, 3212, 3213, 3214, 3215, 3216, 3217, 3218, 3219, 3220, 3221, 3222, 3223, 3224, 3225, 3226, 3227, 3228, 3229, 3230, 3231, 3232, 3233, 3234, 3235, 3236, 3237, 3238, 3239, 3240, 3241, 3242, 3243, 3244, 3245, 3246, 3247, 3248, 3249, 3250, 3251, 3252, 3253, 3254, 3255, 3256, 3257, 3258, 3259, 3260, 3261, 3262, 3263, 3264, 3265, 3266, 3267, 3268, 3269, 3270, 3271, 3272, 3273, 3274, 3275, 3276, 3277, 3278, 3279, 3280, 3281, 3282, 3283, 3284, 3285, 3286, 3287, 3288, 3289, 3290, 3291, 3292, 3293, 3294, 3295, 3296, 3297, 3298, 3299, 3300, 3301, 3302, 3303, 3304, 3305, 3306, 3307, 3308, 3309, 3310, 3311, 3312, 3313, 3314, 3315, 3316, 3317, 3318, 3319, 3320, 3321, 3322, 3323, 3324, 3325, 3326, 3327, 3328, 3329, 3330, 3331, 3332, 3333, 3334, 3335, 3336, 3337, 3338, 3339, 3340, 3341, 3342, 3343, 3344, 3345, 3346, 3347, 3348, 3349, 3350, 3351, 3352, 3353, 3354, 3355, 3356, 3357, 3358, 3359, 3360, 3361, 3362, 3363, 3364, 3365, 3366, 3367, 3368, 3369, 3370, 3371, 3372, 3373, 3374, 3375, 3376, 3377, 3378, 3379, 3380, 3381, 3382, 3383, 3384, 3385, 3386, 3387, 3388, 3389, 3390, 3391, 3392, 3393, 3394, 3395, 3396, 3397, 3398, 3399, 3400, 3401, 3402, 3403, 3404, 3405, 3406, 3407, 3408, 3409, 3410, 3411, 3412, 3413, 3414, 3415, 3416, 3417, 3418, 3419, 3420, 3421, 3422, 3423, 3424, 3425, 3426, 3427, 3428, 3429, 3430, 3431, 3432, 3433, 3434, 3435, 3436, 3437, 3438, 3439, 3440, 3441, 3442, 3443, 3444, 3445, 3446, 3447, 3448, 3449, 3450, 3451, 3452, 3453, 3454, 3455, 3456, 3457, 3458, 3459, 3460, 3461, 3462, 3463, 3464, 3465, 3466, 3467, 3468, 3469, 3470, 3471, 3472, 3473, 3474, 3475, 3476, 3477, 3478, 3479, 3480, 3481, 3482, 3483, 3484, 3485, 3486, 3487, 3488, 3489, 3490, 3491, 3492, 3493, 3494, 3495, 3496, 3497, 3498, 3499, 3500, 3501, 3502, 3503, 3504, 3505, 3506, 3507, 3508, 3509, 3510, 3511, 3512, 3513, 3514, 3515, 3516, 3517, 3518, 3519, 3520, 3521, 3522, 3523, 3524, 3525, 3526, 3527, 3528, 3529, 3530, 3531, 3532, 3533, 3534, 3535, 3536, 3537, 3538, 3539, 3540, 3541, 3542, 3543, 3544, 3545, 3546, 3547, 3548, 3549, 3550, 3551, 3552, 3553, 3554, 3555, 3556, 3557, 3558, 3559, 3560, 3561, 3562, 3563, 3564, 3565, 3566, 3567, 3568, 3569, 3570, 3571, 3572, 3573, 3574, 3575, 3576, 3577, 3578, 3579, 3580, 3581, 3582, 3583, 3584, 3585, 3586, 3587, 3588, 3589, 3590, 3591, 3592, 3593, 3594, 3595, 3596, 3597, 3598, 3599, 3600, 3601, 3602, 3603, 3604, 3605, 3606, 3607, 3608, 3609, 3610, 3611, 3612, 3613, 3614, 3615, 3616, 3617, 3618, 3619, 3620, 3621, 3622, 3623, 3624, 3625, 3626, 3627, 3628, 3629, 3630, 3631, 3632, 3633, 3634, 3635, 3636, 3637, 3638, 3639, 3640, 3641, 3642, 3643, 3644, 3645, 3646, 3647, 3648, 3649, 3650, 3651, 3652, 3653, 3654, 3655, 3656, 3657, 3658, 3659, 3660, 3661, 3662, 3663, 3664, 3665, 3666, 3667, 3668, 3669, 3670, 3671, 3672, 3673, 3674, 3675, 3676, 3677, 3678, 3679, 3680, 3681, 3682, 3683, 3684, 3685, 3686, 3687, 3688, 3689, 3690, 3691, 3692, 3693, 3694, 3695, 3696, 3697, 3698, 3699, 3700, 3701, 3702, 3703, 3704, 3705, 3706, 3707, 3708, 3709, 3710, 3711, 3712, 3713, 3714, 3715, 3716, 3717, 3718, 3719, 3720, 3721, 3722, 3723, 3724, 3725, 3726, 3727, 3728, 3729, 3730, 3731, 3732, 3733, 3734, 3735, 3736, 3737, 3738, 3739, 3740, 3741, 3742, 3743, 3744, 3745, 3746, 3747, 3748, 3749, 3750, 3751, 3752, 3753, 3754, 3755, 3756, 3757, 3758, 3759, 3760, 3761, 3762, 3763, 3764, 3765, 3766, 3767, 3768, 3769, 3770, 3771, 3772, 3773, 3774, 3775, 3776, 3777, 3778, 3779, 3780, 3781, 3782, 3783, 3784, 3785, 3786, 3787, 3788, 3789, 3790, 3791, 3792, 3793, 3794, 3795, 3796, 3797, 3798, 3799, 3800, 3801, 3802, 3803, 3804, 3805, 3806, 3807, 3808, 3809, 3810, 3811, 3812, 3813, 3814, 3815, 3816, 3817, 3818, 3819, 3820, 3821, 3822, 3823, 3824, 3825, 3826, 3827, 3828, 3829, 3830, 3831, 3832, 3833, 3834, 3835, 3836, 3837, 3838, 3839, 3840, 3841, 3842, 3843, 3844, 3845, 3846, 3847, 3848, 3849, 3850, 3851, 3852, 3853, 3854, 3855, 3856, 3857, 3858, 3859, 3860, 3861, 3862, 3863, 3864, 3865, 3866, 3867, 3868, 3869, 3870, 3871, 3872, 3873, 3874, 3875, 3876, 3877, 3878, 3879, 3880, 3881, 3882, 3883, 3884, 3885, 3886, 3887, 3888, 3889, 3890, 3891, 3892, 3893, 3894, 3895, 3896, 3897, 3898, 3899, 3900, 3901, 3902, 3903, 3904, 3905, 3906, 3907, 3908, 3909, 3910, 3911, 3912, 3913, 3914, 3915, 3916, 3917, 3918, 3919, 3920, 3921, 3922, 3923, 3924, 3925, 3926, 3927, 3928, 3929, 3930, 3931, 3932, 3933, 3934, 3935, 3936, 3937, 3938, 3939, 3940, 3941, 3942, 3943, 3944, 3945, 3946, 3947, 3948, 3949, 3950, 3951, 3952, 3953, 3954, 3955, 3956, 3957, 3958, 3959, 3960, 3961, 3962, 3963, 3964, 3965, 3966, 3967, 3968, 3969, 3970, 3971, 3972, 3973, 3974, 3975, 3976, 3977, 3978, 3979, 3980, 3981, 3982, 3983, 3984, 3985, 3986, 3987, 3988, 3989, 3990, 3991, 3992, 3993, 3994, 3995, 3996, 3997, 3998, 3999, 4000, 4001, 4002, 4003, 4004, 4005, 4006, 4007, 4008, 4009, 4010, 4011, 4012, 4013, 4014, 4015, 4016, 4017, 4018, 4019, 4020, 4021, 4022, 4023, 4024, 4025, 4026, 4027, 4028, 4029, 4030, 4031, 4032, 4033, 4034, 4035, 4036, 4037, 4038, 4039, 4040, 4041, 4042, 4043, 4044, 4045, 4046, 4047, 4048, 4049, 4050, 4051, 4052, 4053, 4054, 4055, 4056, 4057, 4058, 4059, 4060, 4061, 4062, 4063, 4064, 4065, 4066, 4067, 4068, 4069, 4070, 4071, 4072, 4073, 4074, 4075, 4076, 4077, 4078, 4079, 4080, 4081, 4082, 4083, 4084, 4085, 4086, 4087, 4088, 4089, 4090, 4091, 4092, 4093, 4094, 4095, 4096, 4097, 4098, 4099, 4100, 4101, 4102, 4103, 4104, 4105, 4106, 4107, 4108, 4109, 4110, 4111, 4112, 4113, 4114, 4115, 4116, 4117, 4118, 4119, 4120, 4121, 4122, 4123, 4124, 4125, 4126, 4127, 4128, 4129, 4130, 4131, 4132, 4133, 4134, 4135, 4136, 4137, 4138, 4139, 4140, 4141, 4142, 4143, 4144, 4145, 4146, 4147, 4148, 4149, 4150, 4151, 4152, 4153, 4154, 4155, 4156, 4157, 4158, 4159, 4160, 4161, 4162, 4163, 4164, 4165, 4166, 4167, 4168, 4169, 4170, 4171, 4172, 4173, 4174, 4175, 4176, 4177, 4178, 4179, 4180, 4181, 4182, 4183, 4184, 4185, 4186, 4187, 4188, 4189, 4190, 4191, 4192, 4193, 4194, 4195, 4196, 4197, 4198, 4199, 4200, 4201, 4202, 4203, 4204, 4205, 4206, 4207, 4208, 4209, 4210, 4211, 4212, 4213, 4214, 4215, 4216, 4217, 4218, 4219, 4220, 4221, 4222, 4223, 4224, 4225, 4226, 4227, 4228, 4229, 4230, 4231, 4232, 4233, 4234, 4235, 4236, 4237, 4238, 4239, 4240, 4241, 4242, 4243, 4244, 4245, 4246, 4247, 4248, 4249, 4250, 4251, 4252, 4253, 4254, 4255, 4256, 4257, 4258, 4259, 4260, 4261, 4262, 4263, 4264, 4265, 4266, 4267, 4268, 4269, 4270, 4271, 4272, 4273, 4274, 4275, 4276, 4277, 4278, 4279, 4280, 4281, 4282, 4283, 4284, 4285, 4286, 4287, 4288, 4289, 4290, 4291, 4292, 4293, 4294, 4295, 4296, 4297, 4298, 4299, 4300, 4301, 4302, 4303, 4304, 4305, 4306, 4307, 4308, 4309, 4310, 4311, 4312, 4313, 4314, 4315, 4316, 4317, 4318, 4319, 4320, 4321, 4322, 4323, 4324, 4325, 4326, 4327, 4328, 4329, 4330, 4331, 4332, 4333, 4334, 4335, 4336, 4337, 4338, 4339, 4340, 4341, 4342, 4343, 4344, 4345, 4346, 4347, 4348, 4349, 4350, 4351, 4352, 4353, 4354, 4355, 4356, 4357, 4358, 4359, 4360, 4361, 4362, 4363, 4364, 4365, 4366, 4367, 4368, 4369, 4370, 4371, 4372, 4373, 4374, 4375, 4376, 4377, 4378, 4379, 4380, 4381, 4382, 4383, 4384, 4385, 4386, 4387, 4388, 4389, 4390, 4391, 4392, 4393, 4394, 4395, 4396, 4397, 4398, 4399, 4400, 4401, 4402, 4403, 4404, 4405, 4406, 4407, 4408, 4409, 4410, 4411, 4412, 4413, 4414, 4415, 4416, 4417, 4418, 4419, 4420, 4421, 4422, 4423, 4424, 4425, 4426, 4427, 4428, 4429, 4430]
            rel material:binding = </World/Looks/DefaultMaterial>
            normal3f[] normals = [(1, -1.3898516e-10, -8.1902846e-10), (1, -1.3898516e-10, -8.1902846e-10), (1, -1.3898516e-10, -8.1902846e-10), (1, 7.782642e-10, 4.250536e-15), (1, 7.782642e-10, 4.250536e-15), (1, 7.782642e-10, 4.250536e-15), (1, -0, 2.273512e-19), (1, -0, 2.273512e-19), (1, -0, 2.273512e-19), (1, -3.3344846e-20, -9.10526e-26), (1, -3.3344846e-20, -9.10526e-26), (1, -3.3344846e-20, -9.10526e-26), (1, 1.29070646e-20, -3.153542e-19), (1, 1.29070646e-20, -3.153542e-19), (1, 1.29070646e-20, -3.153542e-19), (1, -4.434869e-10, 1.0835575e-8), (1, -4.434869e-10, 1.0835575e-8), (1, -4.434869e-10, 1.0835575e-8), (1, 0, 2.4694168e-8), (1, 0, 2.4694168e-8), (1, 0, 2.4694168e-8), (1, 0, -7.150179e-10), (1, 0, -7.150179e-10), (1, 0, -7.150179e-10), (1, -1.4300357e-10, 1.2894265e-10), (1, -1.4300357e-10, 1.2894265e-10), (1, -1.4300357e-10, 1.2894265e-10), (1, 0, 0), (1, 0, 0), (1, 0, 0), (1, -1.4300357e-10, 2.098768e-10), (1, -1.4300357e-10, 2.098768e-10), (1, -1.4300357e-10, 2.098768e-10), (1, 9.4142786e-14, 0), (1, 9.4142786e-14, 0), (1, 9.4142786e-14, 0), (1, 9.4142786e-14, 2.3848853e-12), (1, 9.4142786e-14, 2.3848853e-12), (1, 9.4142786e-14, 2.3848853e-12), (1, -5.471622e-14, -1.3861064e-12), (1, -5.471622e-14, -1.3861064e-12), (1, -5.471622e-14, -1.3861064e-12), (1, 2.1239835e-13, 1.9616164e-13), (1, 2.1239835e-13, 1.9616164e-13), (1, 2.1239835e-13, 1.9616164e-13), (1, 2.1239835e-13, 2.0415646e-10), (1, 2.1239835e-13, 2.0415646e-10), (1, 2.1239835e-13, 2.0415646e-10), (1, -1.3898516e-10, 0), (1, -1.3898516e-10, 0), (1, -1.3898516e-10, 0), (1, 0, -0), (1, 0, -0), (1, 0, -0), (1, -4.434869e-10, -1.3452602e-8), (1, -4.434869e-10, -1.3452602e-8), (1, -4.434869e-10, -1.3452602e-8), (0, 5.292818e-16, 1), (0, 5.292818e-16, 1), (0, 5.292818e-16, 1), (0, 1, 0), (0, 1, 0), (0, 1, 0), (0, 1, -0), (0, 1, -0), (0, 1, -0), (-1, 0, 0), (-1, 0, 0), (-1, 0, 0), (-6.4837026e-15, 0, 1), (-6.4837026e-15, 0, 1), (-6.4837026e-15, 0, 1), (-0, -1, 0), (-0, -1, 0), (-0, -1, 0), (-0, -1, -0), (-0, -1, -0), (-0, -1, -0), (-1, 0, 0), (-1, 0, 0), (-1, 0, 0), (1, -2.6268177e-8, 0), (1, -2.6268177e-8, 0), (1, -2.6268177e-8, 0), (1, 0, -2.4694156e-8), (1, 0, -2.4694156e-8), (1, 0, -2.4694156e-8), (1, -2.4252252e-14, -2.4694012e-8), (1, -2.4252252e-14, -2.4694012e-8), (1, -2.4252252e-14, -2.4694012e-8), (1, 0, 0), (1, 0, 0), (1, 0, 0), (1, -3.5979833e-10, 5.2770427e-10), (1, -3.5979833e-10, 5.2770427e-10), (1, -3.5979833e-10, 5.2770427e-10), (1, -3.5979833e-10, 3.159397e-10), (1, -3.5979833e-10, 3.159397e-10), (1, -3.5979833e-10, 3.159397e-10), (1, 0, 0), (1, 0, 0), (1, 0, 0), (1, -2.4354517e-8, 1.4135928e-7), (1, -2.4354517e-8, 1.4135928e-7), (1, -2.4354517e-8, 1.4135928e-7), (0, 0, 1), (0, 0, 1), (0, 0, 1), (0, 0, 1), (0, 0, 1), (0, 0, 1), (0, 0, 1), (0, 0, 1), (0, 0, 1), (0, 0, 1), (0, 0, 1), (0, 0, 1), (0, 0, 1), (0, 0, 1), (0, 0, 1), (0, 0, 1), (0, 0, 1), (0, 0, 1), (0, 0, 1), (0, 0, 1), (0, 0, 1), (0, 0, 1), (0, 0, 1), (0, 0, 1), (0, 0, 1), (0, 0, 1), (0, 0, 1), (0, 0, 1), (0, 0, 1), (0, 0, 1), (0, 0, 1), (0, 0, 1), (0, 0, 1), (0, 0, 1), (0, 0, 1), (0, 0, 1), (0, 0, 1), (0, 0, 1), (0, 0, 1), (0, 0, 1), (0, 0, 1), (0, 0, 1), (0, 0, 1), (0, 0, 1), (0, 0, 1), (-0, 0, 1), (-0, 0, 1), (-0, 0, 1), (0, 0, 1), (0, 0, 1), (0, 0, 1), (0, 0, 1), (0, 0, 1), (0, 0, 1), (0, 0, 1), (0, 0, 1), (0, 0, 1), (0, -0, 1), (0, -0, 1), (0, -0, 1), (0, 0, 1), (0, 0, 1), (0, 0, 1), (-0, -0, 1), (-0, -0, 1), (-0, -0, 1), (-0, 0, 1), (-0, 0, 1), (-0, 0, 1), (0, -0, 1), (0, -0, 1), (0, -0, 1), (-0, -0, 1), (-0, -0, 1), (-0, -0, 1), (0, 0, 1), (0, 0, 1), (0, 0, 1), (1, -3.6222625e-9, 3.0851456e-12), (1, -3.6222625e-9, 3.0851456e-12), (1, -3.6222625e-9, 3.0851456e-12), (1, 0, 2.4694168e-8), (1, 0, 2.4694168e-8), (1, 0, 2.4694168e-8), (1, 7.8016227e-10, 2.1303372e-15), (1, 7.8016227e-10, 2.1303372e-15), (1, 7.8016227e-10, 2.1303372e-15), (0, -1, 0), (0, -1, 0), (0, -1, 0), (0, -1, 0), (0, -1, 0), (0, -1, 0), (-0, -1, -0), (-0, -1, -0), (-0, -1, -0), (0, -1, 0), (0, -1, 0), (0, -1, 0), (0, -1, 0), (0, -1, 0), (0, -1, 0), (-0, -1, -0), (-0, -1, -0), (-0, -1, -0), (0, -1, 0), (0, -1, 0), (0, -1, 0), (0, -1, 0), (0, -1, 0), (0, -1, 0), (0, -1, 0), (0, -1, 0), (0, -1, 0), (0, -1, 0), (0, -1, 0), (0, -1, 0), (0, -1, 0), (0, -1, 0), (0, -1, 0), (0, -1, 0), (0, -1, 0), (0, -1, 0), (-0, -1, 0), (-0, -1, 0), (-0, -1, 0), (0, -1, 0), (0, -1, 0), (0, -1, 0), (0, -1, 0), (0, -1, 0), (0, -1, 0), (-0, -1, 0), (-0, -1, 0), (-0, -1, 0), (-0, -1, -0), (-0, -1, -0), (-0, -1, -0), (0, -1, 0), (0, -1, 0), (0, -1, 0), (0, -1, 0), (0, -1, 0), (0, -1, 0), (1, 0, 0), (1, 0, 0), (1, 0, 0), (1, 0, 0), (1, 0, 0), (1, 0, 0), (0, 0, -1), (0, 0, -1), (0, 0, -1), (-0, 1, 0), (-0, 1, 0), (-0, 1, 0), (0, 1, 0), (0, 1, 0), (0, 1, 0), (0, 0, -1), (0, 0, -1), (0, 0, -1), (0, -1, 0), (0, -1, 0), (0, -1, 0), (0, -1, 0), (0, -1, 0), (0, -1, 0), (1, 0, 0), (1, 0, 0), (1, 0, 0), (1, 0, 0), (1, 0, 0), (1, 0, 0), (0, 0, -1), (0, 0, -1), (0, 0, -1), (0, 0, -1), (0, 0, -1), (0, 0, -1), (-0, 1, 0), (-0, 1, 0), (-0, 1, 0), (0, 1, 0), (0, 1, 0), (0, 1, 0), (-1, 0, 0), (-1, 0, 0), (-1, 0, 0), (-1, 0, 0), (-1, 0, 0), (-1, 0, 0), (0, -1, 0), (0, -1, 0), (0, -1, 0), (0, -1, 0), (0, -1, 0), (0, -1, 0), (0, -1, 0), (0, -1, 0), (0, -1, 0), (0, -1, 0), (0, -1, 0), (0, -1, 0), (1, 0, 0), (1, 0, 0), (1, 0, 0), (1, 0, 0), (1, 0, 0), (1, 0, 0), (0, 0, -1), (0, 0, -1), (0, 0, -1), (0, 0, -1), (0, 0, -1), (0, 0, -1), (0, -1, 0), (0, -1, 0), (0, -1, 0), (0, -1, 0), (0, -1, 0), (0, -1, 0), (0, -1, 0), (0, -1, 0), (0, -1, 0), (0, 0, 1), (0, 0, 1), (0, 0, 1), (0, 0, 1), (0, 0, 1), (0, 0, 1), (0, -0, 1), (0, -0, 1), (0, -0, 1), (0, 0, 1), (0, 0, 1), (0, 0, 1), (0, 0, 1), (0, 0, 1), (0, 0, 1), (0, -0, 1), (0, -0, 1), (0, -0, 1), (0, 0, 1), (0, 0, 1), (0, 0, 1), (0, -0, 1), (0, -0, 1), (0, -0, 1), (0, 0, 1), (0, 0, 1), (0, 0, 1), (0, 0, 1), (0, 0, 1), (0, 0, 1), (0, -0, 1), (0, -0, 1), (0, -0, 1), (0, 0, 1), (0, 0, 1), (0, 0, 1), (0, 0, 1), (0, 0, 1), (0, 0, 1), (0, -0, 1), (0, -0, 1), (0, -0, 1), (0.74096906, -0.67153883, -0.0007079985), (0.74096906, -0.67153883, -0.0007079985), (0.74096906, -0.67153883, -0.0007079985), (0.8186459, -0.5742981, 0.00077424856), (0.8186459, -0.5742981, 0.00077424856), (0.8186459, -0.5742981, 0.00077424856), (0.8404601, -0.5418731, -0.0005807919), (0.8404601, -0.5418731, -0.0005807919), (0.8404601, -0.5418731, -0.0005807919), (0.9060413, -0.4231888, 0.0006304618), (0.9060413, -0.4231888, 0.0006304618), (0.9060413, -0.4231888, 0.0006304618), (0.9175003, -0.39773482, -0.00042035832), (0.9175003, -0.39773482, -0.00042035832), (0.9175003, -0.39773482, -0.00042035832), (0.9658278, -0.25918406, 0.00045349792), (0.9658278, -0.25918406, 0.00045349792), (0.9658278, -0.25918406, 0.00045349792), (0.9700335, -0.24297105, -0.00022677208), (0.9700335, -0.24297105, -0.00022677208), (0.9700335, -0.24297105, -0.00022677208), (0.9961837, -0.08728109, 0.00024332374), (0.9961837, -0.08728109, 0.00024332374), (0.9961837, -0.08728109, 0.00024332374), (0.99665546, -0.081718, 0), (0.99665546, -0.081718, 0), (0.99665546, -0.081718, 0), (0.7063049, -0.7079072, 0.00088475685), (0.7063049, -0.7079072, 0.00088475685), (0.7063049, -0.7079072, 0.00088475685), (0.6216867, -0.7832656, -0.00080203323), (0.6216867, -0.7832656, -0.00080203323), (0.6216867, -0.7832656, -0.00080203323), (0.57243896, -0.81994677, 0.00096212176), (0.57243896, -0.81994677, 0.00096212176), (0.57243896, -0.81994677, 0.00096212176), (0.48579997, -0.8740696, -0.00086263544), (0.48579997, -0.8740696, -0.00086263544), (0.48579997, -0.8740696, -0.00086263544), (0.4211352, -0.9069973, 0.0010063011), (0.4211352, -0.9069973, 0.0010063011), (0.4211352, -0.9069973, 0.0010063011), (0.33693394, -0.94152784, -0.00089013204), (0.33693394, -0.94152784, -0.00089013204), (0.33693394, -0.94152784, -0.00089013204), (0.25699276, -0.9664128, 0.0010171627), (0.25699276, -0.9664128, 0.0010171627), (0.25699276, -0.9664128, 0.0010171627), (0.19511783, -0.9807797, -0.0004954042), (0.19511783, -0.9807797, -0.0004954042), (0.19511783, -0.9807797, -0.0004954042), (0.08502044, -0.99637896, 0.00073772477), (0.08502044, -0.99637896, 0.00073772477), (0.08502044, -0.99637896, 0.00073772477), (0.065295, -0.997866, 0.000035691875), (0.065295, -0.997866, 0.000035691875), (0.065295, -0.997866, 0.000035691875), (-0.06528395, -0.99786675, -0.000043278324), (-0.06528395, -0.99786675, -0.000043278324), (-0.06528395, -0.99786675, -0.000043278324), (-0.08953731, -0.9959832, 0.00079068943), (-0.08953731, -0.9959832, 0.00079068943), (-0.08953731, -0.9959832, 0.00079068943), (-0.19512688, -0.98077786, -0.00052135426), (-0.19512688, -0.98077786, -0.00052135426), (-0.19512688, -0.98077786, -0.00052135426), (-0.261376, -0.96523654, 0.0010167892), (-0.261376, -0.96523654, 0.0010167892), (-0.261376, -0.96523654, 0.0010167892), (-0.3288705, -0.9443748, -0.0006778624), (-0.3288705, -0.9443748, -0.0006778624), (-0.3288705, -0.9443748, -0.0006778624), (-0.42524013, -0.90508014, 0.0008907515), (-0.42524013, -0.90508014, 0.0008907515), (-0.42524013, -0.90508014, 0.0008907515), (-0.46322212, -0.8862421, -0.00044539425), (-0.46322212, -0.8862421, -0.00044539425), (-0.46322212, -0.8862421, -0.00044539425), (-0.5761542, -0.81734085, 0.0005516752), (-0.5761542, -0.81734085, 0.0005516752), (-0.5761542, -0.81734085, 0.0005516752), (-0.58764756, -0.809117, -0), (-0.58764756, -0.809117, -0), (-0.58764756, -0.809117, -0), (1, 0, 0), (1, 0, 0), (1, 0, 0), (1, 0, 0), (1, 0, 0), (1, 0, 0), (0.9999041, 0.013850588, -2.0801498e-9), (0.9999041, 0.013850588, -2.0801498e-9), (0.9999041, 0.013850588, -2.0801498e-9), (0.9991431, 0.041388277, -0.00020231404), (0.9991431, 0.041388277, -0.00020231404), (0.9991431, 0.041388277, -0.00020231404), (0.99764043, 0.0686526, -0.00060322066), (0.99764043, 0.0686526, -0.00060322066), (0.99764043, 0.0686526, -0.00060322066), (0.99591655, 0.090272315, -0.0010806236), (0.99591655, 0.090272315, -0.0010806236), (0.99591655, 0.090272315, -0.0010806236), (0.9856091, 0.16903763, 0.0009982432), (0.9856091, 0.16903763, 0.0009982432), (0.9856091, 0.16903763, 0.0009982432), (0.96344477, 0.26790497, -0.0010620772), (0.96344477, 0.26790497, -0.0010620772), (0.96344477, 0.26790497, -0.0010620772), (0.9413104, 0.33754078, 0.00097383454), (0.9413104, 0.33754078, 0.00097383454), (0.9413104, 0.33754078, 0.00097383454), (0.89956766, 0.43678024, -0.0010330355), (0.89956766, 0.43678024, -0.0010330355), (0.89956766, 0.43678024, -0.0010330355), (0.8684386, 0.4957958, 0.000938965), (0.8684386, 0.4957958, 0.000938965), (0.8684386, 0.4957958, 0.000938965), (0.80636466, 0.59141785, -0.0009929896), (0.80636466, 0.59141785, -0.0009929896), (0.80636466, 0.59141785, -0.0009929896), (0.769201, 0.6390063, 0.0008937484), (0.769201, 0.6390063, 0.0008937484), (0.769201, 0.6390063, 0.0008937484), (0.68686014, 0.726789, -0.00094200467), (0.68686014, 0.726789, -0.00094200467), (0.68686014, 0.726789, -0.00094200467), (0.64662045, 0.7628114, 0.00083699636), (0.64662045, 0.7628114, 0.00083699636), (0.64662045, 0.7628114, 0.00083699636), (0.54498005, 0.8384486, -0.0008806871), (0.54498005, 0.8384486, -0.0008806871), (0.54498005, 0.8384486, -0.0008806871), (0.5043983, 0.8634708, 0.000770388), (0.5043983, 0.8634708, 0.000770388), (0.5043983, 0.8634708, 0.000770388), (0.38531956, 0.92278284, -0.0008078906), (0.38531956, 0.92278284, -0.0008078906), (0.38531956, 0.92278284, -0.0008078906), (0.3468802, 0.9379092, 0.0006925197), (0.3468802, 0.9379092, 0.0006925197), (0.3468802, 0.9379092, 0.0006925197), (0.21310145, 0.9770298, -0.0007248382), (0.21310145, 0.9770298, -0.0007248382), (0.21310145, 0.9770298, -0.0007248382), (0.17882323, 0.98388106, 0.00060396286), (0.17882323, 0.98388106, 0.00060396286), (0.17882323, 0.98388106, 0.00060396286), (0.03393633, 0.9994238, -0.00063087593), (0.03393633, 0.9994238, -0.00063087593), (0.03393633, 0.9994238, -0.00063087593), (0.005340577, 0.99998564, 0.00050470047), (0.005340577, 0.99998564, 0.00050470047), (0.005340577, 0.99998564, 0.00050470047), (-0.14633702, 0.9892346, -0.0005261524), (-0.14633702, 0.9892346, -0.0005261524), (-0.14633702, 0.9892346, -0.0005261524), (-0.16830578, 0.98573476, 0.00039467678), (-0.16830578, 0.98573476, 0.00039467678), (-0.16830578, 0.98573476, 0.00039467678), (-0.3218362, 0.9467953, -0.00041067225), (-0.3218362, 0.9467953, -0.00041067225), (-0.3218362, 0.9467953, -0.00041067225), (-0.33683878, 0.9415623, 0.00027388227), (-0.33683878, 0.9415623, 0.00027388227), (-0.33683878, 0.9415623, 0.00027388227), (-0.48684698, 0.87348723, -0.00028452347), (-0.48684698, 0.87348723, -0.00028452347), (-0.48684698, 0.87348723, -0.00028452347), (-0.4951555, 0.86880434, 0.00014248515), (-0.4951555, 0.86880434, 0.00014248515), (-0.4951555, 0.86880434, 0.00014248515), (-0.63598716, 0.7716996, -0.00014740152), (-0.63598716, 0.7716996, -0.00014740152), (-0.63598716, 0.7716996, -0.00014740152), (-0.63843286, 0.7696775, 3.371491e-8), (-0.63843286, 0.7696775, 3.371491e-8), (-0.63843286, 0.7696775, 3.371491e-8), (-1, 0, 0), (-1, 0, 0), (-1, 0, 0), (0, 0, 1), (0, 0, 1), (0, 0, 1), (0, 0, 1), (0, 0, 1), (0, 0, 1), (0, 0, 1), (0, 0, 1), (0, 0, 1), (0, 0, 1), (0, 0, 1), (0, 0, 1), (-1, 0, 0), (-1, 0, 0), (-1, 0, 0), (-1, 0, 0), (-1, 0, 0), (-1, 0, 0), (-1, 0, -0), (-1, 0, -0), (-1, 0, -0), (-1, -0, 0), (-1, -0, 0), (-1, -0, 0), (-1, 0, 0), (-1, 0, 0), (-1, 0, 0), (-0.99591637, -0.090280384, -1.8078339e-8), (-0.99591637, -0.090280384, -1.8078339e-8), (-0.99591637, -0.090280384, -1.8078339e-8), (-0.99591637, -0.09028076, 0), (-0.99591637, -0.09028076, 0), (-0.99591637, -0.09028076, 0), (-0.9634514, -0.26788324, 0), (-0.9634514, -0.26788324, 0), (-0.9634514, -0.26788324, 0), (-0.9634517, -0.26788217, -5.364249e-8), (-0.9634517, -0.26788217, -5.364249e-8), (-0.9634517, -0.26788217, -5.364249e-8), (-0.89956856, -0.43677956, -8.746362e-8), (-0.89956856, -0.43677956, -8.746362e-8), (-0.89956856, -0.43677956, -8.746362e-8), (-0.8995678, -0.4367812, 0), (-0.8995678, -0.4367812, 0), (-0.8995678, -0.4367812, 0), (-0.80635345, -0.591434, 0), (-0.80635345, -0.591434, 0), (-0.80635345, -0.591434, 0), (-0.80635345, -0.591434, 0), (-0.80635345, -0.591434, 0), (-0.80635345, -0.591434, 0), (-0.68686455, -0.7267854, 0), (-0.68686455, -0.7267854, 0), (-0.68686455, -0.7267854, 0), (-0.68686455, -0.7267854, 0), (-0.68686455, -0.7267854, 0), (-0.68686455, -0.7267854, 0), (-0.54498076, -0.8384486, 0), (-0.54498076, -0.8384486, 0), (-0.54498076, -0.8384486, 0), (-0.54498076, -0.8384486, 0), (-0.54498076, -0.8384486, 0), (-0.54498076, -0.8384486, 0), (-0.3853181, -0.9227838, 0), (-0.3853181, -0.9227838, 0), (-0.3853181, -0.9227838, 0), (-0.3853181, -0.9227838, 0), (-0.3853181, -0.9227838, 0), (-0.3853181, -0.9227838, 0), (-0.21310695, -0.9770289, 0), (-0.21310695, -0.9770289, 0), (-0.21310695, -0.9770289, 0), (-0.21310695, -0.9770289, 0), (-0.21310695, -0.9770289, 0), (-0.21310695, -0.9770289, 0), (-0.0339363, -0.999424, 0), (-0.0339363, -0.999424, 0), (-0.0339363, -0.999424, 0), (-0.0339363, -0.999424, 0), (-0.0339363, -0.999424, 0), (-0.0339363, -0.999424, 0), (0.14633252, -0.98923546, 0), (0.14633252, -0.98923546, 0), (0.14633252, -0.98923546, 0), (0.14633252, -0.98923546, 0), (0.14633252, -0.98923546, 0), (0.14633252, -0.98923546, 0), (0.3218392, -0.94679433, 0), (0.3218392, -0.94679433, 0), (0.3218392, -0.94679433, 0), (0.3218392, -0.94679433, 0), (0.3218392, -0.94679433, 0), (0.3218392, -0.94679433, 0), (0.48684233, -0.87348986, 0), (0.48684233, -0.87348986, 0), (0.48684233, -0.87348986, 0), (0.48684233, -0.87348986, 0), (0.48684233, -0.87348986, 0), (0.48684233, -0.87348986, 0), (0.6359909, -0.77169657, 0), (0.6359909, -0.77169657, 0), (0.6359909, -0.77169657, 0), (0.6359909, -0.77169657, 0), (0.6359909, -0.77169657, 0), (0.6359909, -0.77169657, 0), (-1, 0, 0), (-1, 0, 0), (-1, 0, 0), (-1, 0, 0), (-1, 0, 0), (-1, 0, 0), (-1, 0, -0), (-1, 0, -0), (-1, 0, -0), (-1, 0, 0), (-1, 0, 0), (-1, 0, 0), (-6.4970266e-14, 0, 1), (-6.4970266e-14, 0, 1), (-6.4970266e-14, 0, 1), (0, 5.3036943e-15, 1), (0, 5.3036943e-15, 1), (0, 5.3036943e-15, 1), (0, 1, 0), (0, 1, 0), (0, 1, 0), (-0, 1, 0), (-0, 1, 0), (-0, 1, 0), (1, 0, 0), (1, 0, 0), (1, 0, 0), (1, 0, 0), (1, 0, 0), (1, 0, 0), (0, -1, 0), (0, -1, 0), (0, -1, 0), (-0, 0, -1), (-0, 0, -1), (-0, 0, -1), (0, 0, -1), (0, 0, -1), (0, 0, -1), (0, 0, -1), (0, 0, -1), (0, 0, -1), (-0, 0, -1), (-0, 0, -1), (-0, 0, -1), (0, 0, -1), (0, 0, -1), (0, 0, -1), (0, 0, -1), (0, 0, -1), (0, 0, -1), (-0, 0, -1), (-0, 0, -1), (-0, 0, -1), (0, 0, -1), (0, 0, -1), (0, 0, -1), (0, 0, -1), (0, 0, -1), (0, 0, -1), (0, 0, -1), (0, 0, -1), (0, 0, -1), (0, 0, -1), (0, 0, -1), (0, 0, -1), (0, 0, -1), (0, 0, -1), (0, 0, -1), (0, 0, -1), (0, 0, -1), (0, 0, -1), (0, 0, -1), (0, 0, -1), (0, 0, -1), (0, 0, -1), (0, 0, -1), (0, 0, -1), (0, 0, -1), (0, 0, -1), (0, 0, -1), (0, 0, -1), (0, 0, -1), (0, 0, -1), (-1, 0, 0), (-1, 0, 0), (-1, 0, 0), (-1, 0, 0), (-1, 0, 0), (-1, 0, 0), (-1, 0, 0), (-1, 0, 0), (-1, 0, 0), (-1, 0, 0), (-1, 0, 0), (-1, 0, 0), (-0.9959165, -0.09027926, 0), (-0.9959165, -0.09027926, 0), (-0.9959165, -0.09027926, 0), (-0.9959165, -0.09027926, 0), (-0.9959165, -0.09027926, 0), (-0.9959165, -0.09027926, 0), (-0.9634502, -0.26788753, 0), (-0.9634502, -0.26788753, 0), (-0.9634502, -0.26788753, 0), (-0.9634416, -0.2679184, -0.0000015434072), (-0.9634416, -0.2679184, -0.0000015434072), (-0.9634416, -0.2679184, -0.0000015434072), (-0.89957017, -0.43677628, -0.0000014410869), (-0.89957017, -0.43677628, -0.0000014410869), (-0.89957017, -0.43677628, -0.0000014410869), (-0.8995767, -0.4367628, -7.2054866e-7), (-0.8995767, -0.4367628, -7.2054866e-7), (-0.8995767, -0.4367628, -7.2054866e-7), (-0.8063505, -0.59143794, -6.458758e-7), (-0.8063505, -0.59143794, -6.458758e-7), (-0.8063505, -0.59143794, -6.458758e-7), (-0.80635846, -0.59142715, 0), (-0.80635846, -0.59142715, 0), (-0.80635846, -0.59142715, 0), (-0.6868536, -0.7267958, 0), (-0.6868536, -0.7267958, 0), (-0.6868536, -0.7267958, 0), (-0.6868712, -0.7267792, 0.0000011642805), (-0.6868712, -0.7267792, 0.0000011642805), (-0.6868712, -0.7267792, 0.0000011642805), (-0.5450041, -0.8384333, 0.0000013431473), (-0.5450041, -0.8384333, 0.0000013431473), (-0.5450041, -0.8384333, 0.0000013431473), (-0.54498076, -0.8384486, 0), (-0.54498076, -0.8384486, 0), (-0.54498076, -0.8384486, 0), (-0.385311, -0.9227868, 0), (-0.385311, -0.9227868, 0), (-0.385311, -0.9227868, 0), (-0.385311, -0.9227868, 0), (-0.385311, -0.9227868, 0), (-0.385311, -0.9227868, 0), (-0.21310298, -0.97702974, 0), (-0.21310298, -0.97702974, 0), (-0.21310298, -0.97702974, 0), (-0.21310298, -0.97702974, 0), (-0.21310298, -0.97702974, 0), (-0.21310298, -0.97702974, 0), (-0.0339363, -0.999424, 0), (-0.0339363, -0.999424, 0), (-0.0339363, -0.999424, 0), (-0.033935733, -0.99942404, -2.7182061e-8), (-0.033935733, -0.99942404, -2.7182061e-8), (-0.033935733, -0.99942404, -2.7182061e-8), (0.14632438, -0.98923665, 1.1720384e-7), (0.14632438, -0.98923665, 1.1720384e-7), (0.14632438, -0.98923665, 1.1720384e-7), (0.1463268, -0.9892363, 0), (0.1463268, -0.9892363, 0), (0.1463268, -0.9892363, 0), (0.32186157, -0.94678676, 0), (0.32186157, -0.94678676, 0), (0.32186157, -0.94678676, 0), (0.32186157, -0.94678676, 0), (0.32186157, -0.94678676, 0), (0.32186157, -0.94678676, 0), (0.48683038, -0.87349653, 0), (0.48683038, -0.87349653, 0), (0.48683038, -0.87349653, 0), (0.48683038, -0.87349653, 0), (0.48683038, -0.87349653, 0), (0.48683038, -0.87349653, 0), (0.63597775, -0.77170736, 0), (0.63597775, -0.77170736, 0), (0.63597775, -0.77170736, 0), (0.63597775, -0.77170736, 0), (0.63597775, -0.77170736, 0), (0.63597775, -0.77170736, 0), (-1, 0, 0), (-1, 0, 0), (-1, 0, 0), (-1, 0, 0), (-1, 0, 0), (-1, 0, 0), (-1, 0, -0), (-1, 0, -0), (-1, 0, -0), (0, 0, 1), (0, 0, 1), (0, 0, 1), (-0, 0, 1), (-0, 0, 1), (-0, 0, 1), (0, 0, 1), (0, 0, 1), (0, 0, 1), (0, 0, 1), (0, 0, 1), (0, 0, 1), (0, 0, 1), (0, 0, 1), (0, 0, 1), (0, 0, 1), (0, 0, 1), (0, 0, 1), (0, 0, 1), (0, 0, 1), (0, 0, 1), (0, 0, 1), (0, 0, 1), (0, 0, 1), (0, 0, 1), (0, 0, 1), (0, 0, 1), (0, 0, 1), (0, 0, 1), (0, 0, 1), (0, 0, 1), (0, 0, 1), (0, 0, 1), (0, 0, 1), (0, 0, 1), (0, 0, 1), (0, 0, 1), (0, 0, 1), (0, 0, 1), (0, 0, 1), (0, 0, 1), (0, 0, 1), (0, 0, 1), (0, 0, 1), (0, 0, 1), (0, 0, 1), (0, 0, 1), (0, 0, 1), (0, 0, 1), (0, 0, 1), (0, 0, 1), (0, 0, 1), (0, 0, 1), (0, 0, 1), (0, 0, 1), (0, 0, 1), (0, 0, 1), (0, 0, 1), (0, 0, 1), (0, 0, 1), (0, 0, 1), (0, 0, 1), (0, 0, 1), (0, 0, 1), (0, 0, 1), (0, 0, 1), (0, 0, 1), (0, 0, 1), (0, 0, 1), (-0, 0, 1), (-0, 0, 1), (-0, 0, 1), (-0, -0, 1), (-0, -0, 1), (-0, -0, 1), (0, 0, 1), (0, 0, 1), (0, 0, 1), (0, 0, 1), (0, 0, 1), (0, 0, 1), (0, -0, 1), (0, -0, 1), (0, -0, 1), (0, 0, 1), (0, 0, 1), (0, 0, 1), (0, -0, 1), (0, -0, 1), (0, -0, 1), (0, -0, 1), (0, -0, 1), (0, -0, 1), (0, 0, 1), (0, 0, 1), (0, 0, 1), (0, 0, 1), (0, 0, 1), (0, 0, 1), (0, 0, 1), (0, 0, 1), (0, 0, 1), (-0, 0, 1), (-0, 0, 1), (-0, 0, 1), (0, 0, 1), (0, 0, 1), (0, 0, 1), (0, 0, 1), (0, 0, 1), (0, 0, 1), (0, 0, 1), (0, 0, 1), (0, 0, 1), (0, 0, 1), (0, 0, 1), (0, 0, 1), (-0, 0, 1), (-0, 0, 1), (-0, 0, 1), (0, 0, 1), (0, 0, 1), (0, 0, 1), (0, 0, 1), (0, 0, 1), (0, 0, 1), (0, 0, 1), (0, 0, 1), (0, 0, 1), (0, 0, 1), (0, 0, 1), (0, 0, 1), (0, 0, 1), (0, 0, 1), (0, 0, 1), (-0, 0, 1), (-0, 0, 1), (-0, 0, 1), (-0, 0, 1), (-0, 0, 1), (-0, 0, 1), (0, 0, 1), (0, 0, 1), (0, 0, 1), (-1, 0, 0), (-1, 0, 0), (-1, 0, 0), (-1, 0, 0), (-1, 0, 0), (-1, 0, 0), (-0, -1, 0), (-0, -1, 0), (-0, -1, 0), (-1, 0, 0), (-1, 0, 0), (-1, 0, 0), (-0.99591625, -0.090282254, -0), (-0.99591625, -0.090282254, -0), (-0.99591625, -0.090282254, -0), (-0.99591625, -0.090282254, 0), (-0.99591625, -0.090282254, 0), (-0.99591625, -0.090282254, 0), (-0.9634526, -0.26787895, 0), (-0.9634526, -0.26787895, 0), (-0.9634526, -0.26787895, 0), (-0.9634526, -0.26787895, 0), (-0.9634526, -0.26787895, 0), (-0.9634526, -0.26787895, 0), (-0.899567, -0.4367828, 0), (-0.899567, -0.4367828, 0), (-0.899567, -0.4367828, 0), (-0.899567, -0.4367828, 0), (-0.899567, -0.4367828, 0), (-0.899567, -0.4367828, 0), (-0.8063563, -0.59143, 0), (-0.8063563, -0.59143, 0), (-0.8063563, -0.59143, 0), (-0.8063563, -0.59143, 0), (-0.8063563, -0.59143, 0), (-0.8063563, -0.59143, 0), (-0.68686235, -0.7267875, 0), (-0.68686235, -0.7267875, 0), (-0.68686235, -0.7267875, 0), (-0.68686235, -0.7267875, 0), (-0.68686235, -0.7267875, 0), (-0.68686235, -0.7267875, 0), (-0.5449691, -0.83845615, 0), (-0.5449691, -0.83845615, 0), (-0.5449691, -0.83845615, 0), (-0.5449691, -0.83845615, 0), (-0.5449691, -0.83845615, 0), (-0.5449691, -0.83845615, 0), (-0.38533935, -0.9227749, 0), (-0.38533935, -0.9227749, 0), (-0.38533935, -0.9227749, 0), (-0.38533935, -0.9227749, 0), (-0.38533935, -0.9227749, 0), (-0.38533935, -0.9227749, 0), (-0.2130871, -0.9770332, 0), (-0.2130871, -0.9770332, 0), (-0.2130871, -0.9770332, 0), (-0.2130871, -0.9770332, 0), (-0.2130871, -0.9770332, 0), (-0.2130871, -0.9770332, 0), (-0.033952914, -0.99942344, 0), (-0.033952914, -0.99942344, 0), (-0.033952914, -0.99942344, 0), (-0.033952914, -0.99942344, 0), (-0.033952914, -0.99942344, 0), (-0.033952914, -0.99942344, 0), (0.14634067, -0.98923427, 0), (0.14634067, -0.98923427, 0), (0.14634067, -0.98923427, 0), (0.14634067, -0.98923427, 0), (0.14634067, -0.98923427, 0), (0.14634067, -0.98923427, 0), (0.32183176, -0.9467969, 0), (0.32183176, -0.9467969, 0), (0.32183176, -0.9467969, 0), (0.32183176, -0.9467969, 0), (0.32183176, -0.9467969, 0), (0.32183176, -0.9467969, 0), (0.48685575, -0.8734824, 0), (0.48685575, -0.8734824, 0), (0.48685575, -0.8734824, 0), (0.48685575, -0.8734824, 0), (0.48685575, -0.8734824, 0), (0.48685575, -0.8734824, 0), (0.6359877, -0.7716992, 0), (0.6359877, -0.7716992, 0), (0.6359877, -0.7716992, 0), (0.6359877, -0.7716992, 0), (0.6359877, -0.7716992, 0), (0.6359877, -0.7716992, 0), (0.7030549, -0.71113557, 0), (0.7030549, -0.71113557, 0), (0.7030549, -0.71113557, 0), (0.7030549, -0.71113557, 0), (0.7030549, -0.71113557, 0), (0.7030549, -0.71113557, 0), (-0, 0, 1), (-0, 0, 1), (-0, 0, 1), (0, -0, 1), (0, -0, 1), (0, -0, 1), (-0, 0, 1), (-0, 0, 1), (-0, 0, 1), (0, -0, 1), (0, -0, 1), (0, -0, 1), (0, 0, 1), (0, 0, 1), (0, 0, 1), (-0, 0, 1), (-0, 0, 1), (-0, 0, 1), (0, 0, 1), (0, 0, 1), (0, 0, 1), (0, 0, 1), (0, 0, 1), (0, 0, 1), (0, 0, 1), (0, 0, 1), (0, 0, 1), (0, 0, 1), (0, 0, 1), (0, 0, 1), (-0, 0, 1), (-0, 0, 1), (-0, 0, 1), (0, 0, 1), (0, 0, 1), (0, 0, 1), (0, 0, 1), (0, 0, 1), (0, 0, 1), (0, 0, 1), (0, 0, 1), (0, 0, 1), (0, 0, 1), (0, 0, 1), (0, 0, 1), (-0, 0, 1), (-0, 0, 1), (-0, 0, 1), (0, 0, 1), (0, 0, 1), (0, 0, 1), (0, 0, 1), (0, 0, 1), (0, 0, 1), (0, 0, 1), (0, 0, 1), (0, 0, 1), (0, 0, 1), (0, 0, 1), (0, 0, 1), (-0, 0, 1), (-0, 0, 1), (-0, 0, 1), (0, 0, 1), (0, 0, 1), (0, 0, 1), (0, 0, 1), (0, 0, 1), (0, 0, 1), (0, 0, 1), (0, 0, 1), (0, 0, 1), (0, 0, 1), (0, 0, 1), (0, 0, 1), (0, 0, 1), (0, 0, 1), (0, 0, 1), (0, 0, 1), (0, 0, 1), (0, 0, 1), (0, 0, 1), (0, 0, 1), (0, 0, 1), (0, 0, 1), (0, 0, 1), (0, 0, 1), (0, 0, 1), (0, 0, 1), (0, 0, 1), (-0, 0, 1), (-0, 0, 1), (-0, 0, 1), (-1, 0, 0), (-1, 0, 0), (-1, 0, 0), (-1, 0, 0), (-1, 0, 0), (-1, 0, 0), (-1, 0, 0), (-1, 0, 0), (-1, 0, 0), (-1, 0, 0), (-1, 0, 0), (-1, 0, 0), (-1, 0, 0), (-1, 0, 0), (-1, 0, 0), (-0, -0, 1), (-0, -0, 1), (-0, -0, 1), (0, 0, 1), (0, 0, 1), (0, 0, 1), (0, -0, 1), (0, -0, 1), (0, -0, 1), (-0, 0, 1), (-0, 0, 1), (-0, 0, 1), (-0, 0, 1), (-0, 0, 1), (-0, 0, 1), (0, 0, 1), (0, 0, 1), (0, 0, 1), (0, 0, 1), (0, 0, 1), (0, 0, 1), (-0, 0, 1), (-0, 0, 1), (-0, 0, 1), (0, 0, 1), (0, 0, 1), (0, 0, 1), (-0.6348218, 0.7726586, -0.000217702), (-0.6348218, 0.7726586, -0.000217702), (-0.6348218, 0.7726586, -0.000217702), (-0.6384353, 0.7696755, 0), (-0.6384353, 0.7696755, 0), (-0.6384353, 0.7696755, 0), (-0.49515834, 0.8688027, 0.00020558272), (-0.49515834, 0.8688027, 0.00020558272), (-0.49515834, 0.8688027, 0.00020558272), (-0.48291376, 0.8756678, -0.00041171652), (-0.48291376, 0.8756678, -0.00041171652), (-0.48291376, 0.8756678, -0.00041171652), (0, 0, 1), (0, 0, 1), (0, 0, 1), (0, 0, 1), (0, 0, 1), (0, 0, 1), (0, 0, 1), (0, 0, 1), (0, 0, 1), (0, 0, 1), (0, 0, 1), (0, 0, 1), (-0.3147177, 0.94918513, -0.0005822238), (-0.3147177, 0.94918513, -0.0005822238), (-0.3147177, 0.94918513, -0.0005822238), (-0.3368327, 0.94156444, 0.00038819696), (-0.3368327, 0.94156444, 0.00038819696), (-0.3368327, 0.94156444, 0.00038819696), (-0.17024419, 0.98540175, 0.00053295656), (-0.17024419, 0.98540175, 0.00053295656), (-0.17024419, 0.98540175, 0.00053295656), (-0.16829766, 0.985736, 0.0006077803), (-0.16829766, 0.985736, 0.0006077803), (-0.16829766, 0.985736, 0.0006077803), (-0.05714428, 0.9983659, -0.00035392577), (-0.05714428, 0.9983659, -0.00035392577), (-0.05714428, 0.9983659, -0.00035392577), (0.0053271404, 0.9999853, 0.0010100772), (0.0053271404, 0.9999853, 0.0010100772), (0.0053271404, 0.9999853, 0.0010100772), (0.05714278, 0.998366, -0.00026900356), (0.05714278, 0.998366, -0.00026900356), (0.05714278, 0.998366, -0.00026900356), (0.17024419, 0.9854018, 0.00038547383), (0.17024419, 0.9854018, 0.00038547383), (0.17024419, 0.9854018, 0.00038547383), (0.17882927, 0.98387986, 0.0007006777), (0.17882927, 0.98387986, 0.0007006777), (0.17882927, 0.98387986, 0.0007006777), (0.30712262, 0.9516697, -0.0006665216), (0.30712262, 0.9516697, -0.0006665216), (0.30712262, 0.9516697, -0.0006665216), (0.3468802, 0.9379091, 0.00078036124), (0.3468802, 0.9379091, 0.00078036124), (0.3468802, 0.9379091, 0.00078036124), (0.46175486, 0.8870073, -0.0007405589), (0.46175486, 0.8870073, -0.0007405589), (0.46175486, 0.8870073, -0.0007405589), (0.50440776, 0.86346513, 0.00084888365), (0.50440776, 0.86346513, 0.00084888365), (0.50440776, 0.86346513, 0.00084888365), (0.6034391, 0.7974087, -0.0008025598), (0.6034391, 0.7974087, -0.0008025598), (0.6034391, 0.7974087, -0.0008025598), (0.6466172, 0.76281416, 0.00090483524), (0.6466172, 0.76281416, 0.00090483524), (0.6466172, 0.76281416, 0.00090483524), (0.728144, 0.6854237, -0.00085333455), (0.728144, 0.6854237, -0.00085333455), (0.728144, 0.6854237, -0.00085333455), (0.7692092, 0.63899636, 0.0009499859), (0.7692092, 0.63899636, 0.0009499859), (0.7692092, 0.63899636, 0.0009499859), (0.8324013, 0.55417264, -0.00089141174), (0.8324013, 0.55417264, -0.00089141174), (0.8324013, 0.55417264, -0.00089141174), (0.8684288, 0.49581283, 0.0009828366), (0.8684288, 0.49581283, 0.0009828366), (0.8684288, 0.49581283, 0.0009828366), (0.9132724, 0.40734833, -0.00091908954), (0.9132724, 0.40734833, -0.00091908954), (0.9132724, 0.40734833, -0.00091908954), (0.94131124, 0.33753836, 0.0010038818), (0.94131124, 0.33753836, 0.0010038818), (0.94131124, 0.33753836, 0.0010038818), (0.9684852, 0.24906951, -0.00093444873), (0.9684852, 0.24906951, -0.00093444873), (0.9684852, 0.24906951, -0.00093444873), (0.9856119, 0.16902114, 0.0010133879), (0.9856119, 0.16902114, 0.0010133879), (0.9856119, 0.16902114, 0.0010133879), (0.996482, 0.083801754, -0.0009376485), (0.996482, 0.083801754, -0.0009376485), (0.996482, 0.083801754, -0.0009376485), (0.9976401, 0.06865797, -0.00060329965), (0.9976401, 0.06865797, -0.00060329965), (0.9976401, 0.06865797, -0.00060329965), (0.99914324, 0.0413856, -0.00020227468), (0.99914324, 0.0413856, -0.00020227468), (0.99914324, 0.0413856, -0.00020227468), (0.9999041, 0.013851202, -0), (0.9999041, 0.013851202, -0), (0.9999041, 0.013851202, -0), (1, 0, 0), (1, 0, 0), (1, 0, 0), (1, 0, 0), (1, 0, 0), (1, 0, 0), (0, 0, 1), (0, 0, 1), (0, 0, 1), (-1, 0, -0), (-1, 0, -0), (-1, 0, -0), (-1, 0, 0), (-1, 0, 0), (-1, 0, 0), (-0, -1, -0), (-0, -1, -0), (-0, -1, -0), (0, -1, 0), (0, -1, 0), (0, -1, 0), (0, -0, 1), (0, -0, 1), (0, -0, 1), (0, 0, 1), (0, 0, 1), (0, 0, 1), (-1, 0, 0), (-1, 0, 0), (-1, 0, 0), (0, 0, -1), (0, 0, -1), (0, 0, -1), (0, 0, -1), (0, 0, -1), (0, 0, -1), (0, 0, -1), (0, 0, -1), (0, 0, -1), (-1, 0, 0), (-1, 0, 0), (-1, 0, 0), (-1, 0, 0), (-1, 0, 0), (-1, 0, 0), (0, 0, -1), (0, 0, -1), (0, 0, -1), (0, 0, -1), (0, 0, -1), (0, 0, -1), (-1, 0, 0), (-1, 0, 0), (-1, 0, 0), (-1, 0, 0), (-1, 0, 0), (-1, 0, 0), (0, 0, -1), (0, 0, -1), (0, 0, -1), (-0, 1, 0), (-0, 1, 0), (-0, 1, 0), (0, 1, 0), (0, 1, 0), (0, 1, 0), (0.99990255, -0.013959103, 2.795263e-9), (0.99990255, -0.013959103, 2.795263e-9), (0.99990255, -0.013959103, 2.795263e-9), (0.9991432, -0.041386727, -0.00020149924), (0.9991432, -0.041386727, -0.00020149924), (0.9991432, -0.041386727, -0.00020149924), (0.9976482, -0.06854009, -0.0006007803), (0.9976482, -0.06854009, -0.0006007803), (0.9976482, -0.06854009, -0.0006007803), (0.99618304, -0.08728297, -0.0010146424), (0.99618304, -0.08728297, -0.0010146424), (0.99618304, -0.08728297, -0.0010146424), (0.9849214, -0.172999, 0.0011090975), (0.9849214, -0.172999, 0.0011090975), (0.9849214, -0.172999, 0.0011090975), (0.9658257, -0.2591905, -0.0010162557), (0.9658257, -0.2591905, -0.0010162557), (0.9658257, -0.2591905, -0.0010162557), (0.937186, -0.3488283, 0.0011028557), (0.937186, -0.3488283, 0.0011028557), (0.937186, -0.3488283, 0.0011028557), (0.90604305, -0.4231843, -0.0010027976), (0.90604305, -0.4231843, -0.0010027976), (0.90604305, -0.4231843, -0.0010027976), (0.8583251, -0.5131051, 0.001081334), (0.8583251, -0.5131051, 0.001081334), (0.8583251, -0.5131051, 0.001081334), (0.81864667, -0.5742967, -0.0009727709), (0.81864667, -0.5742967, -0.0009727709), (0.81864667, -0.5742967, -0.0009727709), (0.75097513, -0.66032964, 0.0010441775), (0.75097513, -0.66032964, 0.0010441775), (0.75097513, -0.66032964, 0.0010441775), (0.7063037, -0.7079083, -0.0009274466), (0.7063037, -0.7079083, -0.0009274466), (0.7063037, -0.7079083, -0.0009274466), (0.6186916, -0.7856333, 0.0009909507), (0.6186916, -0.7856333, 0.0009909507), (0.6186916, -0.7856333, 0.0009909507), (0.57244194, -0.8199448, -0.0008665118), (0.57244194, -0.8199448, -0.0008665118), (0.57244194, -0.8199448, -0.0008665118), (0.46586496, -0.88485533, 0.0009220484), (0.46586496, -0.88485533, 0.0009220484), (0.46586496, -0.88485533, 0.0009220484), (0.42112938, -0.90700024, -0.0007900181), (0.42112938, -0.90700024, -0.0007900181), (0.42112938, -0.90700024, -0.0007900181), (0.29757082, -0.9546994, 0.0008371886), (0.29757082, -0.9546994, 0.0008371886), (0.29757082, -0.9546994, 0.0008371886), (0.2569929, -0.966413, -0.00069769745), (0.2569929, -0.966413, -0.00069769745), (0.2569929, -0.966413, -0.00069769745), (0.119395286, -0.99284655, 0.0007368319), (0.119395286, -0.99284655, 0.0007368319), (0.119395286, -0.99284655, 0.0007368319), (0.085024714, -0.99637866, -0.0005894162), (0.085024714, -0.99637866, -0.0005894162), (0.085024714, -0.99637866, -0.0005894162), (-0.06274158, -0.9980296, 0.0006209796), (-0.06274158, -0.9980296, 0.0006209796), (-0.06274158, -0.9980296, 0.0006209796), (-0.08954236, -0.9959829, -0.0004656376), (-0.08954236, -0.9959829, -0.0004656376), (-0.08954236, -0.9959829, -0.0004656376), (-0.2427974, -0.9700769, 0.0004891674), (-0.2427974, -0.9700769, 0.0004891674), (-0.2427974, -0.9700769, 0.0004891674), (-0.26137087, -0.9652384, -0.0003259434), (-0.26137087, -0.9652384, -0.0003259434), (-0.26137087, -0.9652384, -0.0003259434), (-0.41478604, -0.9099189, 0.0003419911), (-0.41478604, -0.9099189, 0.0003419911), (-0.41478604, -0.9099189, 0.0003419911), (-0.4252411, -0.9050801, -0.00017078072), (-0.4252411, -0.9050801, -0.00017078072), (-0.4252411, -0.9050801, -0.00017078072), (-0.5730103, -0.81954813, 0.0001789012), (-0.5730103, -0.81954813, 0.0001789012), (-0.5730103, -0.81954813, 0.0001789012), (-0.5761558, -0.8173399, -0), (-0.5761558, -0.8173399, -0), (-0.5761558, -0.8173399, -0), (-0.63598293, 0.7717031, 4.8290913e-9), (-0.63598293, 0.7717031, 4.8290913e-9), (-0.63598293, 0.7717031, 4.8290913e-9), (-0.63598263, 0.77170336, -1.1090077e-8), (-0.63598263, 0.77170336, -1.1090077e-8), (-0.63598263, 0.77170336, -1.1090077e-8), (-0.48684588, 0.8734879, -6.720123e-9), (-0.48684588, 0.8734879, -6.720123e-9), (-0.48684588, 0.8734879, -6.720123e-9), (-0.48684612, 0.8734878, 5.46603e-9), (-0.48684612, 0.8734878, 5.46603e-9), (-0.48684612, 0.8734878, 5.46603e-9), (-0.32183728, 0.946795, 5.9247647e-9), (-0.32183728, 0.946795, 5.9247647e-9), (-0.32183728, 0.946795, 5.9247647e-9), (-0.32183707, 0.94679505, -5.0934643e-9), (-0.32183707, 0.94679505, -5.0934643e-9), (-0.32183707, 0.94679505, -5.0934643e-9), (-0.14633547, 0.98923504, -5.6772653e-10), (-0.14633547, 0.98923504, -5.6772653e-10), (-0.14633547, 0.98923504, -5.6772653e-10), (-0.14633548, 0.98923504, 0), (-0.14633548, 0.98923504, 0), (-0.14633548, 0.98923504, 0), (0.03393682, 0.999424, 0), (0.03393682, 0.999424, 0), (0.03393682, 0.999424, 0), (0.033936836, 0.999424, -7.817627e-10), (0.033936836, 0.999424, -7.817627e-10), (0.033936836, 0.999424, -7.817627e-10), (0.21310277, 0.9770298, -7.6424567e-10), (0.21310277, 0.9770298, -7.6424567e-10), (0.21310277, 0.9770298, -7.6424567e-10), (0.2131028, 0.9770298, -1.9184045e-9), (0.2131028, 0.9770298, -1.9184045e-9), (0.2131028, 0.9770298, -1.9184045e-9), (0.3853211, 0.92278254, 4.9157617e-10), (0.3853211, 0.92278254, 4.9157617e-10), (0.3853211, 0.92278254, 4.9157617e-10), (0.3853212, 0.92278254, -2.8872509e-9), (0.3853212, 0.92278254, -2.8872509e-9), (0.3853212, 0.92278254, -2.8872509e-9), (0.54497737, 0.8384508, -2.6233893e-9), (0.54497737, 0.8384508, -2.6233893e-9), (0.54497737, 0.8384508, -2.6233893e-9), (0.5449773, 0.8384508, -1.8364705e-9), (0.5449773, 0.8384508, -1.8364705e-9), (0.5449773, 0.8384508, -1.8364705e-9), (0.68686616, 0.72678393, -2.4979396e-10), (0.68686616, 0.72678393, -2.4979396e-10), (0.68686616, 0.72678393, -2.4979396e-10), (0.6868662, 0.7267839, -4.797793e-9), (0.6868662, 0.7267839, -4.797793e-9), (0.6868662, 0.7267839, -4.797793e-9), (0.80636185, 0.59142244, -2.3559203e-9), (0.80636185, 0.59142244, -2.3559203e-9), (0.80636185, 0.59142244, -2.3559203e-9), (0.8063618, 0.59142256, 5.045975e-9), (0.8063618, 0.59142256, 5.045975e-9), (0.8063618, 0.59142256, 5.045975e-9), (0.89956856, 0.43677962, 5.6292353e-9), (0.89956856, 0.43677962, 5.6292353e-9), (0.89956856, 0.43677962, 5.6292353e-9), (0.8995686, 0.43677944, -4.059166e-9), (0.8995686, 0.43677944, -4.059166e-9), (0.8995686, 0.43677944, -4.059166e-9), (0.96344763, 0.26789665, -1.8455939e-9), (0.96344763, 0.26789665, -1.8455939e-9), (0.96344763, 0.26789665, -1.8455939e-9), (0.96344763, 0.2678967, 1.507243e-9), (0.96344763, 0.2678967, 1.507243e-9), (0.96344763, 0.2678967, 1.507243e-9), (0.9959164, 0.09027999, 1.558038e-9), (0.9959164, 0.09027999, 1.558038e-9), (0.9959164, 0.09027999, 1.558038e-9), (0.9959164, 0.09027997, 5.2554955e-10), (0.9959164, 0.09027997, 5.2554955e-10), (0.9959164, 0.09027997, 5.2554955e-10), (-0.7064217, -0.7077912, 0), (-0.7064217, -0.7077912, 0), (-0.7064217, -0.7077912, 0), (-0.7064217, -0.7077912, 0), (-0.7064217, -0.7077912, 0), (-0.7064217, -0.7077912, 0), (-0.8136963, -0.58129025, 0), (-0.8136963, -0.58129025, 0), (-0.8136963, -0.58129025, 0), (-0.8136963, -0.58129025, 0), (-0.8136963, -0.58129025, 0), (-0.8136963, -0.58129025, 0), (-0.8985852, -0.43879905, 0), (-0.8985852, -0.43879905, 0), (-0.8985852, -0.43879905, 0), (-0.8985852, -0.43879905, 0), (-0.8985852, -0.43879905, 0), (-0.8985852, -0.43879905, 0), (-0.958752, -0.28424403, 0), (-0.958752, -0.28424403, 0), (-0.958752, -0.28424403, 0), (-0.958752, -0.28424403, 0), (-0.958752, -0.28424403, 0), (-0.958752, -0.28424403, 0), (-0.9925471, -0.121861525, 0), (-0.9925471, -0.121861525, 0), (-0.9925471, -0.121861525, 0), (-0.9925471, -0.121861525, 0), (-0.9925471, -0.121861525, 0), (-0.9925471, -0.121861525, 0), (-0.9990371, 0.043873593, 0), (-0.9990371, 0.043873593, 0), (-0.9990371, 0.043873593, 0), (-0.9990371, 0.043873593, 0), (-0.9990371, 0.043873593, 0), (-0.9990371, 0.043873593, 0), (-0.9780443, 0.20839715, 0), (-0.9780443, 0.20839715, 0), (-0.9780443, 0.20839715, 0), (-0.9780443, 0.20839715, 0), (-0.9780443, 0.20839715, 0), (-0.9780443, 0.20839715, 0), (-0.930146, 0.36718997, 0), (-0.930146, 0.36718997, 0), (-0.930146, 0.36718997, 0), (-0.930146, 0.36718997, 0), (-0.930146, 0.36718997, 0), (-0.930146, 0.36718997, 0), (-0.85666007, 0.5158813, 0), (-0.85666007, 0.5158813, 0), (-0.85666007, 0.5158813, 0), (-0.85666007, 0.5158813, 0), (-0.85666007, 0.5158813, 0), (-0.85666007, 0.5158813, 0), (-0.7596083, 0.6503808, 0), (-0.7596083, 0.6503808, 0), (-0.7596083, 0.6503808, 0), (-0.7596083, 0.6503808, 0), (-0.7596083, 0.6503808, 0), (-0.7596083, 0.6503808, 0), (-0.7030552, 0.71113527, 0), (-0.7030552, 0.71113527, 0), (-0.7030552, 0.71113527, 0), (-0.7030552, 0.71113527, 4.4500754e-9), (-0.7030552, 0.71113527, 4.4500754e-9), (-0.7030552, 0.71113527, 4.4500754e-9), (-0.64529294, -0.7639352, 0), (-0.64529294, -0.7639352, 0), (-0.64529294, -0.7639352, 0), (-0.64529294, -0.7639352, -0), (-0.64529294, -0.7639352, -0), (-0.64529294, -0.7639352, -0), (-0.70642847, -0.7077845, 0), (-0.70642847, -0.7077845, 0), (-0.70642847, -0.7077845, 0), (-0.70642394, -0.70778894, 2.8291797e-7), (-0.70642394, -0.70778894, 2.8291797e-7), (-0.70642394, -0.70778894, 2.8291797e-7), (-0.81369555, -0.5812913, 3.258795e-7), (-0.81369555, -0.5812913, 3.258795e-7), (-0.81369555, -0.5812913, 3.258795e-7), (-0.81369984, -0.5812853, 0), (-0.81369984, -0.5812853, 0), (-0.81369984, -0.5812853, 0), (-0.898583, -0.43880358, 0), (-0.898583, -0.43880358, 0), (-0.898583, -0.43880358, 0), (-0.898583, -0.43880358, 0), (-0.898583, -0.43880358, 0), (-0.898583, -0.43880358, 0), (-0.958752, -0.28424403, 0), (-0.958752, -0.28424403, 0), (-0.958752, -0.28424403, 0), (-0.958752, -0.28424403, 0), (-0.958752, -0.28424403, 0), (-0.958752, -0.28424403, 0), (-0.9925482, -0.12185261, 0), (-0.9925482, -0.12185261, 0), (-0.9925482, -0.12185261, 0), (-0.9925482, -0.12185261, 0), (-0.9925482, -0.12185261, 0), (-0.9925482, -0.12185261, 0), (-0.9990372, 0.043871235, 0), (-0.9990372, 0.043871235, 0), (-0.9990372, 0.043871235, 0), (-0.9990372, 0.043871235, 0), (-0.9990372, 0.043871235, 0), (-0.9990372, 0.043871235, 0), (-0.9780436, 0.20840023, 0), (-0.9780436, 0.20840023, 0), (-0.9780436, 0.20840023, 0), (-0.9780436, 0.20840023, 0), (-0.9780436, 0.20840023, 0), (-0.9780436, 0.20840023, 0), (-0.93014705, 0.36718726, 0), (-0.93014705, 0.36718726, 0), (-0.93014705, 0.36718726, 0), (-0.93014705, 0.36718726, 0), (-0.93014705, 0.36718726, 0), (-0.93014705, 0.36718726, 0), (-0.8566605, 0.51588064, 0), (-0.8566605, 0.51588064, 0), (-0.8566605, 0.51588064, 0), (-0.8566611, 0.51587963, 5.165157e-8), (-0.8566611, 0.51587963, 5.165157e-8), (-0.8566611, 0.51587963, 5.165157e-8), (-0.75960386, 0.650386, 6.511879e-8), (-0.75960386, 0.650386, 6.511879e-8), (-0.75960386, 0.650386, 6.511879e-8), (-0.7596029, 0.6503871, 0), (-0.7596029, 0.6503871, 0), (-0.7596029, 0.6503871, 0), (1, 0, 0), (1, 0, 0), (1, 0, 0), (1, 0, 0), (1, 0, 0), (1, 0, 0), (0.9999041, 0.013848181, -0), (0.9999041, 0.013848181, -0), (0.9999041, 0.013848181, -0), (0.9991428, 0.04139462, -0.00020240727), (0.9991428, 0.04139462, -0.00020240727), (0.9991428, 0.04139462, -0.00020240727), (0.9976406, 0.0686505, -0.00060318975), (0.9976406, 0.0686505, -0.00060318975), (0.9976406, 0.0686505, -0.00060318975), (0.99591666, 0.09027096, -0.0010806139), (0.99591666, 0.09027096, -0.0010806139), (0.99591666, 0.09027096, -0.0010806139), (0.98560905, 0.1690379, 0.000998335), (0.98560905, 0.1690379, 0.000998335), (0.98560905, 0.1690379, 0.000998335), (0.9634432, 0.26791054, -0.0010620403), (0.9634432, 0.26791054, -0.0010620403), (0.9634432, 0.26791054, -0.0010620403), (0.9413132, 0.3375329, 0.0009734453), (0.9413132, 0.3375329, 0.0009734453), (0.9413132, 0.3375329, 0.0009734453), (0.8995697, 0.43677604, -0.001033654), (0.8995697, 0.43677604, -0.001033654), (0.8995697, 0.43677604, -0.001033654), (0.8684321, 0.49580726, 0.0009388096), (0.8684321, 0.49580726, 0.0009388096), (0.8684321, 0.49580726, 0.0009388096), (0.80637366, 0.5914056, -0.0009926507), (0.80637366, 0.5914056, -0.0009926507), (0.80637366, 0.5914056, -0.0009926507), (0.769205, 0.6390015, 0.0008944319), (0.769205, 0.6390015, 0.0008944319), (0.769205, 0.6390015, 0.0008944319), (0.6868491, 0.7267994, -0.00094156765), (0.6868491, 0.7267994, -0.00094156765), (0.6868491, 0.7267994, -0.00094156765), (0.6466315, 0.76280206, 0.0008364542), (0.6466315, 0.76280206, 0.0008364542), (0.6466315, 0.76280206, 0.0008364542), (0.5449805, 0.8384482, -0.00088148966), (0.5449805, 0.8384482, -0.00088148966), (0.5449805, 0.8384482, -0.00088148966), (0.5044003, 0.8634696, 0.00076950237), (0.5044003, 0.8634696, 0.00076950237), (0.5044003, 0.8634696, 0.00076950237), (0.38533923, 0.9227746, -0.00080861454), (0.38533923, 0.9227746, -0.00080861454), (0.38533923, 0.9227746, -0.00080861454), (0.34686786, 0.9379138, 0.00069304806), (0.34686786, 0.9379138, 0.00069304806), (0.34686786, 0.9379138, 0.00069304806), (0.2130677, 0.9770372, -0.0007245583), (0.2130677, 0.9770372, -0.0007245583), (0.2130677, 0.9770372, -0.0007245583), (0.1788141, 0.98388267, 0.00060326105), (0.1788141, 0.98388267, 0.00060326105), (0.1788141, 0.98388267, 0.00060326105), (0.033969525, 0.99942267, -0.00063122844), (0.033969525, 0.99942267, -0.00063122844), (0.033969525, 0.99942267, -0.00063122844), (0.005344382, 0.9999856, 0.000505516), (0.005344382, 0.9999856, 0.000505516), (0.005344382, 0.9999856, 0.000505516), (-0.14635812, 0.9892315, -0.00052551524), (-0.14635812, 0.9892315, -0.00052551524), (-0.14635812, 0.9892315, -0.00052551524), (-0.16829482, 0.9857366, 0.00039398027), (-0.16829482, 0.9857366, 0.00039398027), (-0.16829482, 0.9857366, 0.00039398027), (-0.3218292, 0.94679767, -0.00041142196), (-0.3218292, 0.94679767, -0.00041142196), (-0.3218292, 0.94679767, -0.00041142196), (-0.33686602, 0.9415526, 0.0002746934), (-0.33686602, 0.9415526, 0.0002746934), (-0.33686602, 0.9415526, 0.0002746934), (-0.4868522, 0.8734843, -0.00028370047), (-0.4868522, 0.8734843, -0.00028370047), (-0.4868522, 0.8734843, -0.00028370047), (-0.49513602, 0.8688155, 0.00014203387), (-0.49513602, 0.8688155, 0.00014203387), (-0.49513602, 0.8688155, 0.00014203387), (-0.63598186, 0.771704, -0.0001479029), (-0.63598186, 0.771704, -0.0001479029), (-0.63598186, 0.771704, -0.0001479029), (-0.6384353, 0.7696755, 0), (-0.6384353, 0.7696755, 0), (-0.6384353, 0.7696755, 0), (-0.6487005, 0.7610438, 6.495003e-8), (-0.6487005, 0.7610438, 6.495003e-8), (-0.6487005, 0.7610438, 6.495003e-8), (-0.63599616, 0.7716919, 0.00065235666), (-0.63599616, 0.7716919, 0.00065235666), (-0.63599616, 0.7716919, 0.00065235666), (-0.5296042, 0.8482447, -0.00050471124), (-0.5296042, 0.8482447, -0.00050471124), (-0.5296042, 0.8482447, -0.00050471124), (-0.48685086, 0.8734845, 0.001011514), (-0.48685086, 0.8734845, 0.001011514), (-0.48685086, 0.8734845, 0.001011514), (-0.39900514, 0.9169484, -0.00071875117), (-0.39900514, 0.9169484, -0.00071875117), (-0.39900514, 0.9169484, -0.00071875117), (-0.32182968, 0.94679695, 0.0010786218), (-0.32182968, 0.94679695, 0.0010786218), (-0.32182968, 0.94679695, 0.0010786218), (-0.25973296, 0.96568024, -0.00063972187), (-0.25973296, 0.96568024, -0.00063972187), (-0.25973296, 0.96568024, -0.00063972187), (-0.14632545, 0.9892361, 0.0008541826), (-0.14632545, 0.9892361, 0.0008541826), (-0.14632545, 0.9892361, 0.0008541826), (-0.14106722, 0.9899998, 0.0006667165), (-0.14106722, 0.9899998, 0.0006667165), (-0.14106722, 0.9899998, 0.0006667165), (-0.047278177, 0.9988817, -0.0002873694), (-0.047278177, 0.9988817, -0.0002873694), (-0.047278177, 0.9988817, -0.0002873694), (0.033936284, 0.99942356, 0.0009349336), (0.033936284, 0.99942356, 0.0009349336), (0.033936284, 0.99942356, 0.0009349336), (0.047278173, 0.99888164, 0.00049254607), (0.047278173, 0.99888164, 0.00049254607), (0.047278173, 0.99888164, 0.00049254607), (0.14106739, 0.98999995, -0.0002585892), (0.14106739, 0.98999995, -0.0002585892), (0.14106739, 0.98999995, -0.0002585892), (0.2131001, 0.97702986, 0.0010006354), (0.2131001, 0.97702986, 0.0010006354), (0.2131001, 0.97702986, 0.0010006354), (0.27180934, 0.9623507, -0.0008745263), (0.27180934, 0.9623507, -0.0008745263), (0.27180934, 0.9623507, -0.0008745263), (0.38531196, 0.9227859, 0.0009354827), (0.38531196, 0.9227859, 0.0009354827), (0.38531196, 0.9227859, 0.0009354827), (0.43316826, 0.9013127, -0.0008024506), (0.43316826, 0.9013127, -0.0008024506), (0.43316826, 0.9013127, -0.0008024506), (0.54497737, 0.8384503, 0.00085323746), (0.54497737, 0.8384503, 0.00085323746), (0.54497737, 0.8384503, 0.00085323746), (0.5816417, 0.8134448, -0.0007124706), (0.5816417, 0.8134448, -0.0007124706), (0.5816417, 0.8134448, -0.0007124706), (0.6868726, 0.7267775, 0.00075404637), (0.6868726, 0.7267775, 0.00075404637), (0.6868726, 0.7267775, 0.00075404637), (0.71278787, 0.7013794, -0.00060399564), (0.71278787, 0.7013794, -0.00060399564), (0.71278787, 0.7013794, -0.00060399564), (0.8063595, 0.5914253, 0.000638475), (0.8063595, 0.5914253, 0.000638475), (0.8063595, 0.5914253, 0.000638475), (0.8227412, 0.5684159, -0.00047925167), (0.8227412, 0.5684159, -0.00047925167), (0.8227412, 0.5684159, -0.00047925167), (0.8995711, 0.43677402, 0.0005046119), (0.8995711, 0.43677402, 0.0005046119), (0.8995711, 0.43677402, 0.0005046119), (0.9081955, 0.41854608, -0.00033663432), (0.9081955, 0.41854608, -0.00033663432), (0.9081955, 0.41854608, -0.00033663432), (0.96344894, 0.26789176, 0.00035386905), (0.96344894, 0.26789176, 0.00035386905), (0.96344894, 0.26789176, 0.00035386905), (0.96661997, 0.25621426, -0.00017688674), (0.96661997, 0.25621426, -0.00017688674), (0.96661997, 0.25621426, -0.00017688674), (0.9959165, 0.0902791, 0.00018561656), (0.9959165, 0.0902791, 0.00018561656), (0.9959165, 0.0902791, 0.00018561656), (0.9962726, 0.086260185, 1.0116592e-10), (0.9962726, 0.086260185, 1.0116592e-10), (0.9962726, 0.086260185, 1.0116592e-10), (0.99990255, -0.013958722, 1.1180747e-8), (0.99990255, -0.013958722, 1.1180747e-8), (0.99990255, -0.013958722, 1.1180747e-8), (0.9991428, -0.04139462, -0.00020154066), (0.9991428, -0.04139462, -0.00020154066), (0.9991428, -0.04139462, -0.00020154066), (0.99764806, -0.06854196, -0.0006006842), (0.99764806, -0.06854196, -0.0006006842), (0.99764806, -0.06854196, -0.0006006842), (0.9961822, -0.087292634, -0.0010146811), (0.9961822, -0.087292634, -0.0010146811), (0.9961822, -0.087292634, -0.0010146811), (0.98492116, -0.1730004, 0.0011089805), (0.98492116, -0.1730004, 0.0011089805), (0.98492116, -0.1730004, 0.0011089805), (0.9658284, -0.2591803, -0.0010159218), (0.9658284, -0.2591803, -0.0010159218), (0.9658284, -0.2591803, -0.0010159218), (0.9371875, -0.34882426, 0.001103527), (0.9371875, -0.34882426, 0.001103527), (0.9371875, -0.34882426, 0.001103527), (0.9060367, -0.42319798, -0.0010025132), (0.9060367, -0.42319798, -0.0010025132), (0.9060367, -0.42319798, -0.0010025132), (0.85833055, -0.51309603, 0.001081185), (0.85833055, -0.51309603, 0.001081185), (0.85833055, -0.51309603, 0.001081185), (0.81865233, -0.5742886, -0.00097293564), (0.81865233, -0.5742886, -0.00097293564), (0.81865233, -0.5742886, -0.00097293564), (0.75098515, -0.6603183, 0.0010439955), (0.75098515, -0.6603183, 0.0010439955), (0.75098515, -0.6603183, 0.0010439955), (0.706293, -0.70791906, -0.00092847145), (0.706293, -0.70791906, -0.00092847145), (0.706293, -0.70791906, -0.00092847145), (0.6186916, -0.7856333, 0.0009897354), (0.6186916, -0.7856333, 0.0009897354), (0.6186916, -0.7856333, 0.0009897354), (0.5724408, -0.8199456, -0.0008677372), (0.5724408, -0.8199456, -0.0008677372), (0.5724408, -0.8199456, -0.0008677372), (0.46585834, -0.88485885, 0.0009210548), (0.46585834, -0.88485885, 0.0009210548), (0.46585834, -0.88485885, 0.0009210548), (0.4211291, -0.90700036, -0.0007907153), (0.4211291, -0.90700036, -0.0007907153), (0.4211291, -0.90700036, -0.0007907153), (0.29755205, -0.95470524, 0.00083680905), (0.29755205, -0.95470524, 0.00083680905), (0.29755205, -0.95470524, 0.00083680905), (0.256991, -0.96641356, -0.0006973935), (0.256991, -0.96641356, -0.0006973935), (0.256991, -0.96641356, -0.0006973935), (0.11940032, -0.9928459, 0.0007371299), (0.11940032, -0.9928459, 0.0007371299), (0.11940032, -0.9928459, 0.0007371299), (0.08503753, -0.9963776, -0.00058879127), (0.08503753, -0.9963776, -0.00058879127), (0.08503753, -0.9963776, -0.00058879127), (-0.06272413, -0.9980307, 0.00062168646), (-0.06272413, -0.9980307, 0.00062168646), (-0.06272413, -0.9980307, 0.00062168646), (-0.08956216, -0.9959811, -0.00046644127), (-0.08956216, -0.9959811, -0.00046644127), (-0.08956216, -0.9959811, -0.00046644127), (-0.24278966, -0.9700788, 0.00048834167), (-0.24278966, -0.9700788, 0.00048834167), (-0.24278966, -0.9700788, 0.00048834167), (-0.26136103, -0.9652411, -0.00032665356), (-0.26136103, -0.9652411, -0.00032665356), (-0.26136103, -0.9652411, -0.00032665356), (-0.41478944, -0.90991735, 0.0003414437), (-0.41478944, -0.90991735, 0.0003414437), (-0.41478944, -0.90991735, 0.0003414437), (-0.4252409, -0.9050802, -0.00017114368), (-0.4252409, -0.9050802, -0.00017114368), (-0.4252409, -0.9050802, -0.00017114368), (-0.5730103, -0.81954813, 0.00017857297), (-0.5730103, -0.81954813, 0.00017857297), (-0.5730103, -0.81954813, 0.00017857297), (-0.57615006, -0.81734395, -0), (-0.57615006, -0.81734395, -0), (-0.57615006, -0.81734395, -0), (1, 0, 0), (1, 0, 0), (1, 0, 0), (-0, 0, 1), (-0, 0, 1), (-0, 0, 1), (0, -1, 0), (0, -1, 0), (0, -1, 0), (1, 0, 0), (1, 0, 0), (1, 0, 0), (-0, -1, -0), (-0, -1, -0), (-0, -1, -0), (-1, 0, 0), (-1, 0, 0), (-1, 0, 0), (-1, 0, 0), (-1, 0, 0), (-1, 0, 0), (0, 0, 1), (0, 0, 1), (0, 0, 1), (0, 1, 0), (0, 1, 0), (0, 1, 0), (-0, 1, 0), (-0, 1, 0), (-0, 1, 0), (-0, 0, -1), (-0, 0, -1), (-0, 0, -1), (0, 0, -1), (0, 0, -1), (0, 0, -1), (0, 0, -1), (0, 0, -1), (0, 0, -1), (-0, 0, -1), (-0, 0, -1), (-0, 0, -1), (0, 0, -1), (0, 0, -1), (0, 0, -1), (0, 0, -1), (0, 0, -1), (0, 0, -1), (-0, 0, -1), (-0, 0, -1), (-0, 0, -1), (0, 0, -1), (0, 0, -1), (0, 0, -1), (0, 0, -1), (0, 0, -1), (0, 0, -1), (0, 0, -1), (0, 0, -1), (0, 0, -1), (0, 0, -1), (0, 0, -1), (0, 0, -1), (0, 0, -1), (0, 0, -1), (0, 0, -1), (0, 0, -1), (0, 0, -1), (0, 0, -1), (0, 0, -1), (0, 0, -1), (0, 0, -1), (0, 0, -1), (0, 0, -1), (0, 0, -1), (0, 0, -1), (0, 0, -1), (0, 0, -1), (0, 0, -1), (0, 0, -1), (0, 0, -1), (0, 0, -1), (0, 0, -1), (0, 0, -1), (0, 0, -1), (0, 0, -1), (0, 0, -1), (0, -0, -1), (0, -0, -1), (0, -0, -1), (0, 0, -1), (0, 0, -1), (0, 0, -1), (0, 0, -1), (0, 0, -1), (0, 0, -1), (0, -0, -1), (0, -0, -1), (0, -0, -1), (0, 0, -1), (0, 0, -1), (0, 0, -1), (0, 0, -1), (0, 0, -1), (0, 0, -1), (0, -0, -1), (0, -0, -1), (0, -0, -1), (0, 0, -1), (0, 0, -1), (0, 0, -1), (0, 0, -1), (0, 0, -1), (0, 0, -1), (0, -0, -1), (0, -0, -1), (0, -0, -1), (0, 0, -1), (0, 0, -1), (0, 0, -1), (0, 0, -1), (0, 0, -1), (0, 0, -1), (-0.7064183, -0.7077946, 2.829157e-7), (-0.7064183, -0.7077946, 2.829157e-7), (-0.7064183, -0.7077946, 2.829157e-7), (-0.7064228, -0.70779014, 0), (-0.7064228, -0.70779014, 0), (-0.7064228, -0.70779014, 0), (-0.81369555, -0.5812913, 0), (-0.81369555, -0.5812913, 0), (-0.81369555, -0.5812913, 0), (-0.81369555, -0.5812913, 0), (-0.81369555, -0.5812913, 0), (-0.81369555, -0.5812913, 0), (-0.8985856, -0.43879822, 0), (-0.8985856, -0.43879822, 0), (-0.8985856, -0.43879822, 0), (-0.8985856, -0.43879822, 0), (-0.8985856, -0.43879822, 0), (-0.8985856, -0.43879822, 0), (-0.95875084, -0.28424773, 0), (-0.95875084, -0.28424773, 0), (-0.95875084, -0.28424773, 0), (-0.95875084, -0.28424773, 0), (-0.95875084, -0.28424773, 0), (-0.95875084, -0.28424773, 0), (-0.9925482, -0.12185233, 0), (-0.9925482, -0.12185233, 0), (-0.9925482, -0.12185233, 0), (-0.9925482, -0.12185233, 0), (-0.9925482, -0.12185233, 0), (-0.9925482, -0.12185233, 0), (-0.9990372, 0.043871433, 0), (-0.9990372, 0.043871433, 0), (-0.9990372, 0.043871433, 0), (-0.9990372, 0.043871433, 0), (-0.9990372, 0.043871433, 0), (-0.9990372, 0.043871433, 0), (-0.9780456, 0.20839112, 0), (-0.9780456, 0.20839112, 0), (-0.9780456, 0.20839112, 0), (-0.9780456, 0.20839112, 0), (-0.9780456, 0.20839112, 0), (-0.9780456, 0.20839112, 0), (-0.9301489, 0.3671826, 0), (-0.9301489, 0.3671826, 0), (-0.9301489, 0.3671826, 0), (-0.9301489, 0.3671826, 0), (-0.9301489, 0.3671826, 0), (-0.9301489, 0.3671826, 0), (-0.8566593, 0.5158826, 0), (-0.8566593, 0.5158826, 0), (-0.8566593, 0.5158826, 0), (-0.8566593, 0.5158826, 0), (-0.8566593, 0.5158826, 0), (-0.8566593, 0.5158826, 0), (-0.75960547, 0.6503841, 0), (-0.75960547, 0.6503841, 0), (-0.75960547, 0.6503841, 0), (-0.75960547, 0.6503841, 0), (-0.75960547, 0.6503841, 0), (-0.75960547, 0.6503841, 0), (-0.7030551, 0.7111354, 0), (-0.7030551, 0.7111354, 0), (-0.7030551, 0.7111354, 0), (-0.7030551, 0.7111354, 0), (-0.7030551, 0.7111354, 0), (-0.7030551, 0.7111354, 0), (0, 0, -1), (0, 0, -1), (0, 0, -1), (0, 0, -1), (0, 0, -1), (0, 0, -1), (0, 0, -1), (0, 0, -1), (0, 0, -1), (0, 0, -1), (0, 0, -1), (0, 0, -1), (0, 0, -1), (0, 0, -1), (0, 0, -1), (0, -0, -1), (0, -0, -1), (0, -0, -1), (0, 0, -1), (0, 0, -1), (0, 0, -1), (0, -0, -1), (0, -0, -1), (0, -0, -1), (0, 0, -1), (0, 0, -1), (0, 0, -1), (0, -0, -1), (0, -0, -1), (0, -0, -1), (0, 0, -1), (0, 0, -1), (0, 0, -1), (0, -0, -1), (0, -0, -1), (0, -0, -1), (-0, 0, -1), (-0, 0, -1), (-0, 0, -1), (0, -0, -1), (0, -0, -1), (0, -0, -1), (-0, 0, -1), (-0, 0, -1), (-0, 0, -1), (0, -0, -1), (0, -0, -1), (0, -0, -1), (-0, 0, -1), (-0, 0, -1), (-0, 0, -1), (0, 0, -1), (0, 0, -1), (0, 0, -1), (0, 0, -1), (0, 0, -1), (0, 0, -1), (0, 0, -1), (0, 0, -1), (0, 0, -1), (0, 0, -1), (0, 0, -1), (0, 0, -1), (0, 0, -1), (0, 0, -1), (0, 0, -1), (0, 0, -1), (0, 0, -1), (0, 0, -1), (0, 0, -1), (0, 0, -1), (0, 0, -1), (0, 0, -1), (0, 0, -1), (0, 0, -1), (0, 0, -1), (0, 0, -1), (0, 0, -1), (0, 0, -1), (0, 0, -1), (0, 0, -1), (-0.9964817, 0.08381069, 0), (-0.9964817, 0.08381069, 0), (-0.9964817, 0.08381069, 0), (-0.9961827, 0.08729267, 0.00015621203), (-0.9961827, 0.08729267, 0.00015621203), (-0.9961827, 0.08729267, 0.00015621203), (-0.9684823, 0.24908234, -0.00014869042), (-0.9684823, 0.24908234, -0.00014869042), (-0.9684823, 0.24908234, -0.00014869042), (-0.96583104, 0.2591724, 0.0002983198), (-0.96583104, 0.2591724, 0.0002983198), (-0.96583104, 0.2591724, 0.0002983198), (-0.91327643, 0.40734023, -0.00028577968), (-0.91327643, 0.40734023, -0.00028577968), (-0.91327643, 0.40734023, -0.00028577968), (-0.90604013, 0.42319155, 0.00042854573), (-0.90604013, 0.42319155, 0.00042854573), (-0.90604013, 0.42319155, 0.00042854573), (-0.83241117, 0.55415833, -0.0004089201), (-0.83241117, 0.55415833, -0.0004089201), (-0.83241117, 0.55415833, -0.0004089201), (-0.81865096, 0.57429117, 0.000545605), (-0.81865096, 0.57429117, 0.000545605), (-0.81865096, 0.57429117, 0.000545605), (-0.7281441, 0.68542385, -0.00051941193), (-0.7281441, 0.68542385, -0.00051941193), (-0.7281441, 0.68542385, -0.00051941193), (-0.70629746, 0.7079149, 0.0006498055), (-0.70629746, 0.7079149, 0.0006498055), (-0.70629746, 0.7079149, 0.0006498055), (-0.60343206, 0.7974142, -0.0006166682), (-0.60343206, 0.7974142, -0.0006166682), (-0.60343206, 0.7974142, -0.0006166682), (-0.57244897, 0.81994003, 0.00074074254), (-0.57244897, 0.81994003, 0.00074074254), (-0.57244897, 0.81994003, 0.00074074254), (-0.46175486, 0.8870073, -0.0007018523), (-0.46175486, 0.8870073, -0.0007018523), (-0.46175486, 0.8870073, -0.0007018523), (-0.4211324, 0.9069988, 0.0008185781), (-0.4211324, 0.9069988, 0.0008185781), (-0.4211324, 0.9069988, 0.0008185781), (-0.30712783, 0.95166796, -0.00077353336), (-0.30712783, 0.95166796, -0.00077353336), (-0.30712783, 0.95166796, -0.00077353336), (-0.2569985, 0.9664114, 0.0008843261), (-0.2569985, 0.9664114, 0.0008843261), (-0.2569985, 0.9664114, 0.0008843261), (-0.17032753, 0.9853874, -0.00043411079), (-0.17032753, 0.9853874, -0.00043411079), (-0.17032753, 0.9853874, -0.00043411079), (-0.08502188, 0.99637866, 0.00090469), (-0.08502188, 0.99637866, 0.00090469), (-0.08502188, 0.99637866, 0.00090469), (-0.056905057, 0.9983796, 0.00003036901), (-0.056905057, 0.9983796, 0.00003036901), (-0.056905057, 0.9983796, 0.00003036901), (0.0568818, 0.9983809, -0.000038351853), (0.0568818, 0.9983809, -0.000038351853), (0.0568818, 0.9983809, -0.000038351853), (0.089544296, 0.9959824, 0.00093794306), (0.089544296, 0.9959824, 0.00093794306), (0.089544296, 0.9959824, 0.00093794306), (0.1703531, 0.985383, -0.00042931992), (0.1703531, 0.985383, -0.00042931992), (0.1703531, 0.985383, -0.00042931992), (0.26137698, 0.9652364, 0.0008431713), (0.26137698, 0.9652364, 0.0008431713), (0.26137698, 0.9652364, 0.0008431713), (0.3023072, 0.9532104, -0.000561853), (0.3023072, 0.9532104, -0.000561853), (0.3023072, 0.9532104, -0.000561853), (0.4252408, 0.90508, 0.0006396593), (0.4252408, 0.90508, 0.0006396593), (0.4252408, 0.90508, 0.0006396593), (0.44828087, 0.8938927, -0.0003201963), (0.44828087, 0.8938927, -0.0003201963), (0.44828087, 0.8938927, -0.0003201963), (0.5761419, 0.8173496, 0.00035798192), (0.5761419, 0.8173496, 0.00035798192), (0.5761419, 0.8173496, 0.00035798192), (0.5830852, 0.812411, 0), (0.5830852, 0.812411, 0), (0.5830852, 0.812411, 0), (0.70642734, 0.70778555, -0), (0.70642734, 0.70778555, -0), (0.70642734, 0.70778555, -0), (0.7064092, 0.70780367, -0.0000011316483), (0.7064092, 0.70780367, -0.0000011316483), (0.7064092, 0.70780367, -0.0000011316483), (0.8136784, 0.5813153, -0.0000013034906), (0.8136784, 0.5813153, -0.0000013034906), (0.8136784, 0.5813153, -0.0000013034906), (0.81369555, 0.5812913, -0), (0.81369555, 0.5812913, -0), (0.81369555, 0.5812913, -0), (0.89858925, 0.43879074, -0), (0.89858925, 0.43879074, -0), (0.89858925, 0.43879074, -0), (0.89858925, 0.43879074, -0), (0.89858925, 0.43879074, -0), (0.89858925, 0.43879074, -0), (0.9587499, 0.2842511, -0), (0.9587499, 0.2842511, -0), (0.9587499, 0.2842511, -0), (0.9587499, 0.2842511, -0), (0.9587499, 0.2842511, -0), (0.9587499, 0.2842511, -0), (0.99254936, 0.12184341, -0), (0.99254936, 0.12184341, -0), (0.99254936, 0.12184341, -0), (0.99254936, 0.12184341, -0), (0.99254936, 0.12184341, -0), (0.99254936, 0.12184341, -0), (0.99903756, -0.043862395, 0), (0.99903756, -0.043862395, 0), (0.99903756, -0.043862395, 0), (0.99903756, -0.043862395, 0), (0.99903756, -0.043862395, 0), (0.99903756, -0.043862395, 0), (0.9780456, -0.20839112, 0), (0.9780456, -0.20839112, 0), (0.9780456, -0.20839112, 0), (0.9780456, -0.20839112, 0), (0.9780456, -0.20839112, 0), (0.9780456, -0.20839112, 0), (0.9301458, -0.36719045, 0), (0.9301458, -0.36719045, 0), (0.9301458, -0.36719045, 0), (0.9301458, -0.36719045, 0), (0.9301458, -0.36719045, 0), (0.9301458, -0.36719045, 0), (0.8566593, -0.5158826, 0), (0.8566593, -0.5158826, 0), (0.8566593, -0.5158826, 0), (0.8566593, -0.5158826, 0), (0.8566593, -0.5158826, 0), (0.8566593, -0.5158826, 0), (0.75960547, -0.6503841, 0), (0.75960547, -0.6503841, 0), (0.75960547, -0.6503841, 0), (0.75960547, -0.6503841, 0), (0.75960547, -0.6503841, 0), (0.75960547, -0.6503841, 0), (0, 0, -1), (0, 0, -1), (0, 0, -1), (-0, 0, -1), (-0, 0, -1), (-0, 0, -1), (0, -0, -1), (0, -0, -1), (0, -0, -1), (-0, 0, -1), (-0, 0, -1), (-0, 0, -1), (0, -0, -1), (0, -0, -1), (0, -0, -1), (-0, 0, -1), (-0, 0, -1), (-0, 0, -1), (0, -0, -1), (0, -0, -1), (0, -0, -1), (-0, 0, -1), (-0, 0, -1), (-0, 0, -1), (0, -0, -1), (0, -0, -1), (0, -0, -1), (-0, 0, -1), (-0, 0, -1), (-0, 0, -1), (0, -0, -1), (0, -0, -1), (0, -0, -1), (-0, 0, -1), (-0, 0, -1), (-0, 0, -1), (0, -0, -1), (0, -0, -1), (0, -0, -1), (0, 0, -1), (0, 0, -1), (0, 0, -1), (0, -0, -1), (0, -0, -1), (0, -0, -1), (0, 0, -1), (0, 0, -1), (0, 0, -1), (0, -0, -1), (0, -0, -1), (0, -0, -1), (0, 0, -1), (0, 0, -1), (0, 0, -1), (0, 0, -1), (0, 0, -1), (0, 0, -1), (0.99618334, -0.08728521, 1.9024117e-13), (0.99618334, -0.08728521, 1.9024117e-13), (0.99618334, -0.08728521, 1.9024117e-13), (0.99593544, -0.09007005, -0.00013014203), (0.99593544, -0.09007005, -0.00013014203), (0.99593544, -0.09007005, -0.00013014203), (0.9658294, -0.2591787, 0.00012621385), (0.9658294, -0.2591787, 0.00012621385), (0.9658294, -0.2591787, 0.00012621385), (0.9636189, -0.26727992, -0.00025220407), (0.9636189, -0.26727992, -0.00025220407), (0.9636189, -0.26727992, -0.00025220407), (0.9060381, -0.4231961, 0.00024364314), (0.9060381, -0.4231961, 0.00024364314), (0.9060381, -0.4231961, 0.00024364314), (0.900032, -0.4358237, -0.00036569175), (0.900032, -0.4358237, -0.00036569175), (0.900032, -0.4358237, -0.00036569175), (0.8186516, -0.57429034, 0.00035310278), (0.8186516, -0.57429034, 0.00035310278), (0.8186516, -0.57429034, 0.00035310278), (0.8072446, -0.5902168, -0.00047145208), (0.8072446, -0.5902168, -0.00047145208), (0.8072446, -0.5902168, -0.00047145208), (0.70629436, -0.70791817, 0.0004537428), (0.70629436, -0.70791817, 0.0004537428), (0.70629436, -0.70791817, 0.0004537428), (0.68825716, -0.7254666, -0.00056801917), (0.68825716, -0.7254666, -0.00056801917), (0.68825716, -0.7254666, -0.00056801917), (0.5724449, -0.819943, 0.0005467734), (0.5724449, -0.819943, 0.0005467734), (0.5724449, -0.819943, 0.0005467734), (0.54694927, -0.8371655, -0.00065669575), (0.54694927, -0.8371655, -0.00065669575), (0.54694927, -0.8371655, -0.00065669575), (0.42112866, -0.9070007, 0.00063130347), (0.42112866, -0.9070007, 0.00063130347), (0.42112866, -0.9070007, 0.00063130347), (0.38787434, -0.921712, -0.0007369117), (0.38787434, -0.921712, -0.0007369117), (0.38787434, -0.921712, -0.0007369117), (0.25698894, -0.9664141, 0.0007073311), (0.25698894, -0.9664141, 0.0007073311), (0.25698894, -0.9664141, 0.0007073311), (0.21623884, -0.9763402, -0.00080836576), (0.21623884, -0.9763402, -0.00080836576), (0.21623884, -0.9763402, -0.00080836576), (0.085037604, -0.99637747, 0.00077552494), (0.085037604, -0.99637747, 0.00077552494), (0.085037604, -0.99637747, 0.00077552494), (0.06369897, -0.99796915, 0.000034143748), (0.06369897, -0.99796915, 0.000034143748), (0.06369897, -0.99796915, 0.000034143748), (-0.06372323, -0.9979676, -0.000042151863), (-0.06372323, -0.9979676, -0.000042151863), (-0.06372323, -0.9979676, -0.000042151863), (-0.089563005, -0.9959808, 0.0008244645), (-0.089563005, -0.9959808, 0.0008244645), (-0.089563005, -0.9959808, 0.0008244645), (-0.19815876, -0.9801697, -0.0006179333), (-0.19815876, -0.9801697, -0.0006179333), (-0.19815876, -0.9801697, -0.0006179333), (-0.26136023, -0.9652408, 0.0010112778), (-0.26136023, -0.9652408, 0.0010112778), (-0.26136023, -0.9652408, 0.0010112778), (-0.33617908, -0.94179785, -0.00067479775), (-0.33617908, -0.94179785, -0.00067479775), (-0.33617908, -0.94179785, -0.00067479775), (-0.4252403, -0.90508, 0.00093671685), (-0.4252403, -0.90508, 0.00093671685), (-0.4252403, -0.90508, 0.00093671685), (-0.46734187, -0.88407654, -0.0004682177), (-0.46734187, -0.88407654, -0.0004682177), (-0.46734187, -0.88407654, -0.0004682177), (-0.5761602, -0.81733656, 0.0005996301), (-0.5761602, -0.81733656, 0.0005996301), (-0.5761602, -0.81733656, 0.0005996301), (-0.5889155, -0.8081946, -0), (-0.5889155, -0.8081946, -0), (-0.5889155, -0.8081946, -0), (0.9961835, -0.087283306, 1.902412e-13), (0.9961835, -0.087283306, 1.902412e-13), (0.9961835, -0.087283306, 1.902412e-13), (0.9961835, -0.08728345, 6.623438e-9), (0.9961835, -0.08728345, 6.623438e-9), (0.9961835, -0.08728345, 6.623438e-9), (0.965828, -0.25918388, 6.4216095e-9), (0.965828, -0.25918388, 6.4216095e-9), (0.965828, -0.25918388, 6.4216095e-9), (0.965828, -0.25918388, 7.554835e-9), (0.965828, -0.25918388, 7.554835e-9), (0.965828, -0.25918388, 7.554835e-9), (0.9060378, -0.4231968, 7.0871478e-9), (0.9060378, -0.4231968, 7.0871478e-9), (0.9060378, -0.4231968, 7.0871478e-9), (0.9060378, -0.4231967, 2.8348592e-9), (0.9060378, -0.4231967, 2.8348592e-9), (0.9060378, -0.4231967, 2.8348592e-9), (0.81864583, -0.5742987, 2.5614224e-9), (0.81864583, -0.5742987, 2.5614224e-9), (0.81864583, -0.5742987, 2.5614224e-9), (0.8186457, -0.57429886, -5.1228444e-9), (0.8186457, -0.57429886, -5.1228444e-9), (0.8186457, -0.57429886, -5.1228444e-9), (0.7063116, -0.70790106, -4.4198902e-9), (0.7063116, -0.70790106, -4.4198902e-9), (0.7063116, -0.70790106, -4.4198902e-9), (0.70631146, -0.70790124, -1.3259668e-8), (0.70631146, -0.70790124, -1.3259668e-8), (0.70631146, -0.70790124, -1.3259668e-8), (0.5724452, -0.819943, -1.0746581e-8), (0.5724452, -0.819943, -1.0746581e-8), (0.5724452, -0.819943, -1.0746581e-8), (0.572445, -0.81994313, -2.1493156e-8), (0.572445, -0.81994313, -2.1493156e-8), (0.572445, -0.81994313, -2.1493156e-8), (0.42112884, -0.90700084, -1.5811803e-8), (0.42112884, -0.90700084, -1.5811803e-8), (0.42112884, -0.90700084, -1.5811803e-8), (0.42112875, -0.9070009, -2.10824e-8), (0.42112875, -0.9070009, -2.10824e-8), (0.42112875, -0.9070009, -2.10824e-8), (0.25700533, -0.96641, -1.2866111e-8), (0.25700533, -0.96641, -1.2866111e-8), (0.25700533, -0.96641, -1.2866111e-8), (0.25700507, -0.96641004, -2.5732195e-8), (0.25700507, -0.96641004, -2.5732195e-8), (0.25700507, -0.96641004, -2.5732195e-8), (0.08500351, -0.9963806, -8.510832e-9), (0.08500351, -0.9963806, -8.510832e-9), (0.08500351, -0.9963806, -8.510832e-9), (0.08500351, -0.9963806, -8.510832e-9), (0.08500351, -0.9963806, -8.510832e-9), (0.08500351, -0.9963806, -8.510832e-9), (-0.08954601, -0.9959827, 8.965642e-9), (-0.08954601, -0.9959827, 8.965642e-9), (-0.08954601, -0.9959827, 8.965642e-9), (-0.08954601, -0.9959827, 8.965642e-9), (-0.08954601, -0.9959827, 8.965642e-9), (-0.08954601, -0.9959827, 8.965642e-9), (-0.26137653, -0.9652369, 2.6169879e-8), (-0.26137653, -0.9652369, 2.6169879e-8), (-0.26137653, -0.9652369, 2.6169879e-8), (-0.26137638, -0.96523696, 3.2712332e-8), (-0.26137638, -0.96523696, 3.2712332e-8), (-0.26137638, -0.96523696, 3.2712332e-8), (-0.4252548, -0.90507364, 5.322239e-8), (-0.4252548, -0.90507364, 5.322239e-8), (-0.4252548, -0.90507364, 5.322239e-8), (-0.4252548, -0.90507364, 5.322239e-8), (-0.4252548, -0.90507364, 5.322239e-8), (-0.4252548, -0.90507364, 5.322239e-8), (-0.57613754, -0.8173528, 7.210599e-8), (-0.57613754, -0.8173528, 7.210599e-8), (-0.57613754, -0.8173528, 7.210599e-8), (-0.5761378, -0.8173526, 5.7684815e-8), (-0.5761378, -0.8173526, 5.7684815e-8), (-0.5761378, -0.8173526, 5.7684815e-8), (-0.7064092, -0.70780367, 0), (-0.7064092, -0.70780367, 0), (-0.7064092, -0.70780367, 0), (-0.7064092, -0.70780367, 0), (-0.7064092, -0.70780367, 0), (-0.7064092, -0.70780367, 0), (-0.8137027, -0.58128124, 0), (-0.8137027, -0.58128124, 0), (-0.8137027, -0.58128124, 0), (-0.8137016, -0.58128273, 8.147049e-8), (-0.8137016, -0.58128273, 8.147049e-8), (-0.8137016, -0.58128273, 8.147049e-8), (-0.8985821, -0.43880537, 8.996901e-8), (-0.8985821, -0.43880537, 8.996901e-8), (-0.8985821, -0.43880537, 8.996901e-8), (-0.89858997, -0.43878928, -7.0292845e-7), (-0.89858997, -0.43878928, -7.0292845e-7), (-0.89858997, -0.43878928, -7.0292845e-7), (-0.958755, -0.2842337, -4.5533463e-7), (-0.958755, -0.2842337, -4.5533463e-7), (-0.958755, -0.2842337, -4.5533463e-7), (-0.9587521, -0.28424355, 0), (-0.9587521, -0.28424355, 0), (-0.9587521, -0.28424355, 0), (-0.99254686, -0.12186345, 0), (-0.99254686, -0.12186345, 0), (-0.99254686, -0.12186345, 0), (-0.99254686, -0.12186345, 0), (-0.99254686, -0.12186345, 0), (-0.99254686, -0.12186345, 0), (-0.999037, 0.043874487, 0), (-0.999037, 0.043874487, 0), (-0.999037, 0.043874487, 0), (-0.999037, 0.043874487, 0), (-0.999037, 0.043874487, 0), (-0.999037, 0.043874487, 0), (-0.97804624, 0.20838806, 0), (-0.97804624, 0.20838806, 0), (-0.97804624, 0.20838806, 0), (-0.97804576, 0.20839022, 9.792517e-8), (-0.97804576, 0.20839022, 9.792517e-8), (-0.97804576, 0.20839022, 9.792517e-8), (-0.93014246, 0.3671989, 9.3128925e-8), (-0.93014246, 0.3671989, 9.3128925e-8), (-0.93014246, 0.3671989, 9.3128925e-8), (-0.93014324, 0.36719695, 0), (-0.93014324, 0.36719695, 0), (-0.93014324, 0.36719695, 0), (-0.8566651, 0.51587296, 0), (-0.8566651, 0.51587296, 0), (-0.8566651, 0.51587296, 0), (-0.8566631, 0.5158763, 1.7154386e-7), (-0.8566631, 0.5158763, 1.7154386e-7), (-0.8566631, 0.5158763, 1.7154386e-7), (-0.7596044, 0.65038544, 1.5210819e-7), (-0.7596044, 0.65038544, 1.5210819e-7), (-0.7596044, 0.65038544, 1.5210819e-7), (-0.75960547, 0.6503841, 7.605421e-8), (-0.75960547, 0.6503841, 7.605421e-8), (-0.75960547, 0.6503841, 7.605421e-8), (0, -0, 1), (0, -0, 1), (0, -0, 1), (0, 0, 1), (0, 0, 1), (0, 0, 1), (0, 0, 1), (0, 0, 1), (0, 0, 1), (0, 0, 1), (0, 0, 1), (0, 0, 1), (0, 0, 1), (0, 0, 1), (0, 0, 1), (0, 0, 1), (0, 0, 1), (0, 0, 1), (0, 0, 1), (0, 0, 1), (0, 0, 1), (0, 0, 1), (0, 0, 1), (0, 0, 1), (0, 0, 1), (0, 0, 1), (0, 0, 1), (0, 0, 1), (0, 0, 1), (0, 0, 1), (0, 0, 1), (0, 0, 1), (0, 0, 1), (0, 0, 1), (0, 0, 1), (0, 0, 1), (0, 0, 1), (0, 0, 1), (0, 0, 1), (0, 0, 1), (0, 0, 1), (0, 0, 1), (-0.6359869, 0.77169985, 3.1838553e-8), (-0.6359869, 0.77169985, 3.1838553e-8), (-0.6359869, 0.77169985, 3.1838553e-8), (-0.6359874, 0.7716994, 0), (-0.6359874, 0.7716994, 0), (-0.6359874, 0.7716994, 0), (-0.48683843, 0.87349206, 0), (-0.48683843, 0.87349206, 0), (-0.48683843, 0.87349206, 0), (-0.48683843, 0.87349206, 0), (-0.48683843, 0.87349206, 0), (-0.48683843, 0.87349206, 0), (-0.32184508, 0.94679236, 0), (-0.32184508, 0.94679236, 0), (-0.32184508, 0.94679236, 0), (-0.32184476, 0.9467924, -1.6112079e-8), (-0.32184476, 0.9467924, -1.6112079e-8), (-0.32184476, 0.9467924, -1.6112079e-8), (-0.14634179, 0.9892341, -7.3261113e-9), (-0.14634179, 0.9892341, -7.3261113e-9), (-0.14634179, 0.9892341, -7.3261113e-9), (-0.14634186, 0.9892341, -3.6630574e-9), (-0.14634186, 0.9892341, -3.6630574e-9), (-0.14634186, 0.9892341, -3.6630574e-9), (0.03393628, 0.999424, 8.4945306e-10), (0.03393628, 0.999424, 8.4945306e-10), (0.03393628, 0.999424, 8.4945306e-10), (0.03393628, 0.999424, 8.4945306e-10), (0.03393628, 0.999424, 8.4945306e-10), (0.03393628, 0.999424, 8.4945306e-10), (0.21311599, 0.9770269, 5.334469e-9), (0.21311599, 0.9770269, 5.334469e-9), (0.21311599, 0.9770269, 5.334469e-9), (0.21311599, 0.9770269, 5.334469e-9), (0.21311599, 0.9770269, 5.334469e-9), (0.21311599, 0.9770269, 5.334469e-9), (0.38531166, 0.9227865, 9.644668e-9), (0.38531166, 0.9227865, 9.644668e-9), (0.38531166, 0.9227865, 9.644668e-9), (0.38531166, 0.9227865, 9.644668e-9), (0.38531166, 0.9227865, 9.644668e-9), (0.38531166, 0.9227865, 9.644668e-9), (0.5449771, 0.8384509, 1.3641227e-8), (0.5449771, 0.8384509, 1.3641227e-8), (0.5449771, 0.8384509, 1.3641227e-8), (0.5449771, 0.8384509, 1.3641227e-8), (0.5449771, 0.8384509, 1.3641227e-8), (0.5449771, 0.8384509, 1.3641227e-8), (0.6868723, 0.7267781, 1.719298e-8), (0.6868723, 0.7267781, 1.719298e-8), (0.6868723, 0.7267781, 1.719298e-8), (0.68687224, 0.72677815, 2.1491223e-8), (0.68687224, 0.72677815, 2.1491223e-8), (0.68687224, 0.72677815, 2.1491223e-8), (0.806359, 0.5914264, 2.5229788e-8), (0.806359, 0.5914264, 2.5229788e-8), (0.806359, 0.5914264, 2.5229788e-8), (0.80635905, 0.59142625, 2.0183831e-8), (0.80635905, 0.59142625, 2.0183831e-8), (0.80635905, 0.59142625, 2.0183831e-8), (0.8995707, 0.43677512, 2.2516996e-8), (0.8995707, 0.43677512, 2.2516996e-8), (0.8995707, 0.43677512, 2.2516996e-8), (0.89957076, 0.43677503, 1.6887748e-8), (0.89957076, 0.43677503, 1.6887748e-8), (0.89957076, 0.43677503, 1.6887748e-8), (0.9634475, 0.26789725, 1.8086913e-8), (0.9634475, 0.26789725, 1.8086913e-8), (0.9634475, 0.26789725, 1.8086913e-8), (0.9634475, 0.2678971, 1.05507e-8), (0.9634475, 0.2678971, 1.05507e-8), (0.9634475, 0.2678971, 1.05507e-8), (0.99591655, 0.090278804, 1.0906268e-8), (0.99591655, 0.090278804, 1.0906268e-8), (0.99591655, 0.090278804, 1.0906268e-8), (0.99591655, 0.09027858, 1.0435664e-10), (0.99591655, 0.09027858, 1.0435664e-10), (0.99591655, 0.09027858, 1.0435664e-10), (-0, 0, -1), (-0, 0, -1), (-0, 0, -1), (0, -0, -1), (0, -0, -1), (0, -0, -1), (-0, 0, -1), (-0, 0, -1), (-0, 0, -1), (0, -0, -1), (0, -0, -1), (0, -0, -1), (-0, 0, -1), (-0, 0, -1), (-0, 0, -1), (0, -0, -1), (0, -0, -1), (0, -0, -1), (-0, 0, -1), (-0, 0, -1), (-0, 0, -1), (0, -0, -1), (0, -0, -1), (0, -0, -1), (0, 0, -1), (0, 0, -1), (0, 0, -1), (0, -0, -1), (0, -0, -1), (0, -0, -1), (0, 0, -1), (0, 0, -1), (0, 0, -1), (0, -0, -1), (0, -0, -1), (0, -0, -1), (0, 0, -1), (0, 0, -1), (0, 0, -1), (0, -0, -1), (0, -0, -1), (0, -0, -1), (0, 0, -1), (0, 0, -1), (0, 0, -1), (0, -0, -1), (0, -0, -1), (0, -0, -1), (0, 0, -1), (0, 0, -1), (0, 0, -1), (0, -0, -1), (0, -0, -1), (0, -0, -1), (0, -0, -1), (0, -0, -1), (0, -0, -1), (0, 0, -1), (0, 0, -1), (0, 0, -1), (0, 0, -1), (0, 0, -1), (0, 0, -1), (-0, 0, -1), (-0, 0, -1), (-0, 0, -1), (0, 0, -1), (0, 0, -1), (0, 0, -1), (0, 0, -1), (0, 0, -1), (0, 0, -1), (-0, 0, -1), (-0, 0, -1), (-0, 0, -1), (0, 0, -1), (0, 0, -1), (0, 0, -1), (0, 0, -1), (0, 0, -1), (0, 0, -1), (-0, 0, -1), (-0, 0, -1), (-0, 0, -1), (0, 0, -1), (0, 0, -1), (0, 0, -1), (0, 0, -1), (0, 0, -1), (0, 0, -1), (0, 0, -1), (0, 0, -1), (0, 0, -1), (0, 0, -1), (0, 0, -1), (0, 0, -1), (0, 0, -1), (0, 0, -1), (0, 0, -1), (0, 0, -1), (0, 0, -1), (0, 0, -1), (0, 0, -1), (0, 0, -1), (0, 0, -1), (0, 0, -1), (0, 0, -1), (0, 0, -1), (0, 0, -1), (0, 0, -1), (0, 0, -1), (0, 0, -1), (0, 0, -1), (0, 0, -1), (0, 0, -1), (0, 0, -1), (0, 0, -1), (0, 0, -1), (0, 0, -1), (0, 0, -1), (0, 0, -1), (0, 0, -1), (0, 0, -1), (0, 0, -1), (0, 0, -1), (0, 0, -1), (0, 0, -1), (0, 0, -1), (0, 0, -1), (0, 0, -1), (0, 0, -1), (0, 0, -1), (0, 0, -1), (0, 0, -1), (0, 0, -1), (0, 0, -1), (0, 0, -1), (0, 0, -1), (0, -0, -1), (0, -0, -1), (0, -0, -1), (0, 0, -1), (0, 0, -1), (0, 0, -1), (0, 0, -1), (0, 0, -1), (0, 0, -1), (0, -0, -1), (0, -0, -1), (0, -0, -1), (0, 0, -1), (0, 0, -1), (0, 0, -1), (0, 0, -1), (0, 0, -1), (0, 0, -1), (0, -0, -1), (0, -0, -1), (0, -0, -1), (-0.7064183, -0.7077946, 0), (-0.7064183, -0.7077946, 0), (-0.7064183, -0.7077946, 0), (-0.7064183, -0.7077946, 0), (-0.7064183, -0.7077946, 0), (-0.7064183, -0.7077946, 0), (-0.8136966, -0.5812898, 0), (-0.8136966, -0.5812898, 0), (-0.8136966, -0.5812898, 0), (-0.8136966, -0.5812898, 0), (-0.8136966, -0.5812898, 0), (-0.8136966, -0.5812898, 0), (-0.8985856, -0.43879822, 0), (-0.8985856, -0.43879822, 0), (-0.8985856, -0.43879822, 0), (-0.8985856, -0.43879822, 0), (-0.8985856, -0.43879822, 0), (-0.8985856, -0.43879822, 0), (-0.9587515, -0.28424564, 0), (-0.9587515, -0.28424564, 0), (-0.9587515, -0.28424564, 0), (-0.9587515, -0.28424564, 0), (-0.9587515, -0.28424564, 0), (-0.9587515, -0.28424564, 0), (-0.99254686, -0.121863484, 0), (-0.99254686, -0.121863484, 0), (-0.99254686, -0.121863484, 0), (-0.99254686, -0.121863484, 0), (-0.99254686, -0.121863484, 0), (-0.99254686, -0.121863484, 0), (-0.99903715, 0.043872897, 0), (-0.99903715, 0.043872897, 0), (-0.99903715, 0.043872897, 0), (-0.99903715, 0.043872897, 0), (-0.99903715, 0.043872897, 0), (-0.99903715, 0.043872897, 0), (-0.9780446, 0.20839544, 0), (-0.9780446, 0.20839544, 0), (-0.9780446, 0.20839544, 0), (-0.9780446, 0.20839544, 0), (-0.9780446, 0.20839544, 0), (-0.9780446, 0.20839544, 0), (-0.93014246, 0.3671989, 0), (-0.93014246, 0.3671989, 0), (-0.93014246, 0.3671989, 0), (-0.93014246, 0.3671989, 0), (-0.93014246, 0.3671989, 0), (-0.93014246, 0.3671989, 0), (-0.8566631, 0.5158763, 0), (-0.8566631, 0.5158763, 0), (-0.8566631, 0.5158763, 0), (-0.8566631, 0.5158763, 0), (-0.8566631, 0.5158763, 0), (-0.8566631, 0.5158763, 0), (-0.7596066, 0.6503828, 0), (-0.7596066, 0.6503828, 0), (-0.7596066, 0.6503828, 0), (-0.7596066, 0.6503828, 0), (-0.7596066, 0.6503828, 0), (-0.7596066, 0.6503828, 0), (0, 0, -1), (0, 0, -1), (0, 0, -1), (0, 0, -1), (0, 0, -1), (0, 0, -1), (0, 0, -1), (0, 0, -1), (0, 0, -1), (0, 0, -1), (0, 0, -1), (0, 0, -1), (0, 0, -1), (0, 0, -1), (0, 0, -1), (0, 0, -1), (0, 0, -1), (0, 0, -1), (0, 0, -1), (0, 0, -1), (0, 0, -1), (0, 0, -1), (0, 0, -1), (0, 0, -1), (0, 0, -1), (0, 0, -1), (0, 0, -1), (0, 0, -1), (0, 0, -1), (0, 0, -1), (0, 0, -1), (0, 0, -1), (0, 0, -1), (0, 0, -1), (0, 0, -1), (0, 0, -1), (0, 0, -1), (0, 0, -1), (0, 0, -1), (0, 0, -1), (0, 0, -1), (0, 0, -1), (0, 0, -1), (0, 0, -1), (0, 0, -1), (0, 0, -1), (0, 0, -1), (0, 0, -1), (0, 0, -1), (0, 0, -1), (0, 0, -1), (0, 0, -1), (0, 0, -1), (0, 0, -1), (0, 0, -1), (0, 0, -1), (0, 0, -1), (0, 0, 1), (0, 0, 1), (0, 0, 1), (0, 0, 1), (0, 0, 1), (0, 0, 1), (0, -0, 1), (0, -0, 1), (0, -0, 1), (0, 0, 1), (0, 0, 1), (0, 0, 1), (0, 0, 1), (0, 0, 1), (0, 0, 1), (0, -0, 1), (0, -0, 1), (0, -0, 1), (0, 0, 1), (0, 0, 1), (0, 0, 1), (0, 0, 1), (0, 0, 1), (0, 0, 1), (0, -0, 1), (0, -0, 1), (0, -0, 1), (0, 0, 1), (0, 0, 1), (0, 0, 1), (0, 0, 1), (0, 0, 1), (0, 0, 1), (0, -0, 1), (0, -0, 1), (0, -0, 1), (0, 0, 1), (0, 0, 1), (0, 0, 1), (0, 0, 1), (0, 0, 1), (0, 0, 1), (0, -0, 1), (0, -0, 1), (0, -0, 1), (0.99990255, -0.013960245, 0), (0.99990255, -0.013960245, 0), (0.99990255, -0.013960245, 0), (0.99914324, -0.0413856, -0.00020147438), (0.99914324, -0.0413856, -0.00020147438), (0.99914324, -0.0413856, -0.00020147438), (0.99764806, -0.06854196, -0.000600794), (0.99764806, -0.06854196, -0.000600794), (0.99764806, -0.06854196, -0.000600794), (0.9961831, -0.0872826, -0.0010145992), (0.9961831, -0.0872826, -0.0010145992), (0.9961831, -0.0872826, -0.0010145992), (0.9849206, -0.17300321, 0.0011093065), (0.9849206, -0.17300321, 0.0011093065), (0.9849206, -0.17300321, 0.0011093065), (0.96582395, -0.25919694, -0.0010159494), (0.96582395, -0.25919694, -0.0010159494), (0.96582395, -0.25919694, -0.0010159494), (0.9371875, -0.34882426, 0.0011029682), (0.9371875, -0.34882426, 0.0011029682), (0.9371875, -0.34882426, 0.0011029682), (0.9060429, -0.42318478, -0.001002811), (0.9060429, -0.42318478, -0.001002811), (0.9060429, -0.42318478, -0.001002811), (0.8583262, -0.51310325, 0.001081358), (0.8583262, -0.51310325, 0.001081358), (0.8583262, -0.51310325, 0.001081358), (0.81864667, -0.5742967, -0.0009727538), (0.81864667, -0.5742967, -0.0009727538), (0.81864667, -0.5742967, -0.0009727538), (0.75098515, -0.6603183, 0.0010439955), (0.75098515, -0.6603183, 0.0010439955), (0.75098515, -0.6603183, 0.0010439955), (0.7063102, -0.70790184, -0.0009277358), (0.7063102, -0.70790184, -0.0009277358), (0.7063102, -0.70790184, -0.0009277358), (0.61868143, -0.7856413, 0.0009912057), (0.61868143, -0.7856413, 0.0009912057), (0.61868143, -0.7856413, 0.0009912057), (0.5724408, -0.8199456, -0.0008657669), (0.5724408, -0.8199456, -0.0008657669), (0.5724408, -0.8199456, -0.0008657669), (0.46585834, -0.88485885, 0.00092318107), (0.46585834, -0.88485885, 0.00092318107), (0.46585834, -0.88485885, 0.00092318107), (0.42113242, -0.9069988, -0.00078841153), (0.42113242, -0.9069988, -0.00078841153), (0.42113242, -0.9069988, -0.00078841153), (0.2975821, -0.9546959, 0.0008388365), (0.2975821, -0.9546959, 0.0008388365), (0.2975821, -0.9546959, 0.0008388365), (0.25697282, -0.9664184, -0.000697201), (0.25697282, -0.9664184, -0.000697201), (0.25697282, -0.9664184, -0.000697201), (0.11941657, -0.992844, 0.0007369628), (0.11941657, -0.992844, 0.0007369628), (0.11941657, -0.992844, 0.0007369628), (0.08500336, -0.9963805, -0.0005909054), (0.08500336, -0.9963805, -0.0005909054), (0.08500336, -0.9963805, -0.0005909054), (-0.06274055, -0.99802965, 0.0006194226), (-0.06274055, -0.99802965, 0.0006194226), (-0.06274055, -0.99802965, 0.0006194226), (-0.089510955, -0.99598575, -0.00046595847), (-0.089510955, -0.99598575, -0.00046595847), (-0.089510955, -0.99598575, -0.00046595847), (-0.24282068, -0.9700711, 0.00048931455), (-0.24282068, -0.9700711, 0.00048931455), (-0.24282068, -0.9700711, 0.00048931455), (-0.26137707, -0.9652367, -0.00032503944), (-0.26137707, -0.9652367, -0.00032503944), (-0.26137707, -0.9652367, -0.00032503944), (-0.41478944, -0.90991735, 0.00034290136), (-0.41478944, -0.90991735, 0.00034290136), (-0.41478944, -0.90991735, 0.00034290136), (-0.425255, -0.9050736, -0.00017038695), (-0.425255, -0.9050736, -0.00017038695), (-0.425255, -0.9050736, -0.00017038695), (-0.5730103, -0.81954813, 0.00017922942), (-0.5730103, -0.81954813, 0.00017922942), (-0.5730103, -0.81954813, 0.00017922942), (-0.57616156, -0.81733584, -0), (-0.57616156, -0.81733584, -0), (-0.57616156, -0.81733584, -0), (-0.99618286, 0.08729118, 0), (-0.99618286, 0.08729118, 0), (-0.99618286, 0.08729118, 0), (-0.99618286, 0.08729118, 0), (-0.99618286, 0.08729118, 0), (-0.99618286, 0.08729118, 0), (-0.9658311, 0.2591724, 0), (-0.9658311, 0.2591724, 0), (-0.9658311, 0.2591724, 0), (-0.9658311, 0.2591724, 0), (-0.9658311, 0.2591724, 0), (-0.9658311, 0.2591724, 0), (-0.90603715, 0.4231982, 0), (-0.90603715, 0.4231982, 0), (-0.90603715, 0.4231982, 0), (-0.90603715, 0.4231982, 0), (-0.90603715, 0.4231982, 0), (-0.90603715, 0.4231982, 0), (-0.8186511, 0.5742912, 0), (-0.8186511, 0.5742912, 0), (-0.8186511, 0.5742912, 0), (-0.8186511, 0.5742912, 0), (-0.8186511, 0.5742912, 0), (-0.8186511, 0.5742912, 0), (-0.7063062, 0.7079064, 0), (-0.7063062, 0.7079064, 0), (-0.7063062, 0.7079064, 0), (-0.7063062, 0.7079064, 0), (-0.7063062, 0.7079064, 0), (-0.7063062, 0.7079064, 0), (-0.5724491, 0.81994027, 0), (-0.5724491, 0.81994027, 0), (-0.5724491, 0.81994027, 0), (-0.5724491, 0.81994027, 0), (-0.5724491, 0.81994027, 0), (-0.5724491, 0.81994027, 0), (-0.42113253, 0.9069991, 0), (-0.42113253, 0.9069991, 0), (-0.42113253, 0.9069991, 0), (-0.4211194, 0.9070052, -6.746218e-7), (-0.4211194, 0.9070052, -6.746218e-7), (-0.4211194, 0.9070052, -6.746218e-7), (-0.25696647, 0.9664203, -4.1165328e-7), (-0.25696647, 0.9664203, -4.1165328e-7), (-0.25696647, 0.9664203, -4.1165328e-7), (-0.256975, 0.966418, 0), (-0.256975, 0.966418, 0), (-0.256975, 0.966418, 0), (-0.085039, 0.99637765, 0), (-0.085039, 0.99637765, 0), (-0.085039, 0.99637765, 0), (-0.085039, 0.99637765, 0), (-0.085039, 0.99637765, 0), (-0.085039, 0.99637765, 0), (0.089510195, 0.9959859, 0), (0.089510195, 0.9959859, 0), (0.089510195, 0.9959859, 0), (0.089510195, 0.9959859, -0), (0.089510195, 0.9959859, -0), (0.089510195, 0.9959859, -0), (0.26140913, 0.9652281, 0), (0.26140913, 0.9652281, 0), (0.26140913, 0.9652281, 0), (0.26140913, 0.9652281, -0), (0.26140913, 0.9652281, -0), (0.26140913, 0.9652281, -0), (0.4252268, 0.9050868, 0), (0.4252268, 0.9050868, 0), (0.4252268, 0.9050868, 0), (0.4252268, 0.9050868, -0), (0.4252268, 0.9050868, -0), (0.4252268, 0.9050868, -0), (0.57615346, 0.81734157, 0), (0.57615346, 0.81734157, 0), (0.57615346, 0.81734157, 0), (0.57615346, 0.81734157, 0), (0.57615346, 0.81734157, 0), (0.57615346, 0.81734157, 0), (-0.70642734, -0.70778555, 0), (-0.70642734, -0.70778555, 0), (-0.70642734, -0.70778555, 0), (-0.70642734, -0.70778555, 0), (-0.70642734, -0.70778555, 0), (-0.70642734, -0.70778555, 0), (-0.8136937, -0.5812939, 0), (-0.8136937, -0.5812939, 0), (-0.8136937, -0.5812939, 0), (-0.8136894, -0.58129984, 3.2587707e-7), (-0.8136894, -0.58129984, 3.2587707e-7), (-0.8136894, -0.58129984, 3.2587707e-7), (-0.8985891, -0.4387911, 3.598788e-7), (-0.8985891, -0.4387911, 3.598788e-7), (-0.8985891, -0.4387911, 3.598788e-7), (-0.89859265, -0.4387838, 0), (-0.89859265, -0.4387838, 0), (-0.89859265, -0.4387838, 0), (-0.95875084, -0.28424773, 0), (-0.95875084, -0.28424773, 0), (-0.95875084, -0.28424773, 0), (-0.95875084, -0.28424773, 0), (-0.95875084, -0.28424773, 0), (-0.95875084, -0.28424773, 0), (-0.992548, -0.12185452, 0), (-0.992548, -0.12185452, 0), (-0.992548, -0.12185452, 0), (-0.992548, -0.12185452, 0), (-0.992548, -0.12185452, 0), (-0.992548, -0.12185452, 0), (-0.9990372, 0.04387064, 0), (-0.9990372, 0.04387064, 0), (-0.9990372, 0.04387064, 0), (-0.9990372, 0.04387064, 0), (-0.9990372, 0.04387064, 0), (-0.9990372, 0.04387064, 0), (-0.9780456, 0.20839112, 0), (-0.9780456, 0.20839112, 0), (-0.9780456, 0.20839112, 0), (-0.9780456, 0.20839112, 0), (-0.9780456, 0.20839112, 0), (-0.9780456, 0.20839112, 0), (-0.930144, 0.36719498, 0), (-0.930144, 0.36719498, 0), (-0.930144, 0.36719498, 0), (-0.9301458, 0.36719045, -2.1571205e-7), (-0.9301458, 0.36719045, -2.1571205e-7), (-0.9301458, 0.36719045, -2.1571205e-7), (-0.8566641, 0.5158746, -4.8332896e-7), (-0.8566641, 0.5158746, -4.8332896e-7), (-0.8566641, 0.5158746, -4.8332896e-7), (-0.85665447, 0.51589066, 3.4308428e-7), (-0.85665447, 0.51589066, 3.4308428e-7), (-0.85665447, 0.51589066, 3.4308428e-7), (-0.75960547, 0.6503841, 3.0421683e-7), (-0.75960547, 0.6503841, 3.0421683e-7), (-0.75960547, 0.6503841, 3.0421683e-7), (-0.75960994, 0.6503789, 0), (-0.75960994, 0.6503789, 0), (-0.75960994, 0.6503789, 0), (0, 0, -1), (0, 0, -1), (0, 0, -1), (0, 0, -1), (0, 0, -1), (0, 0, -1), (0, 0, -1), (0, 0, -1), (0, 0, -1), (0, 0, -1), (0, 0, -1), (0, 0, -1), (0, 0, -1), (0, 0, -1), (0, 0, -1), (0, 0, -1), (0, 0, -1), (0, 0, -1), (0, 0, -1), (0, 0, -1), (0, 0, -1), (0, 0, -1), (0, 0, -1), (0, 0, -1), (0, 0, -1), (0, 0, -1), (0, 0, -1), (0, 0, -1), (0, 0, -1), (0, 0, -1), (0, 0, -1), (0, 0, -1), (0, 0, -1), (0, 0, -1), (0, 0, -1), (0, 0, -1), (0, 0, -1), (0, 0, -1), (0, 0, -1), (0, 0, -1), (0, 0, -1), (0, 0, -1), (0, 0, -1), (0, 0, -1), (0, 0, -1), (0, 0, -1), (0, 0, -1), (0, 0, -1), (0, 0, -1), (0, 0, -1), (0, 0, -1), (0, 0, -1), (0, 0, -1), (0, 0, -1), (0, 0, 1), (0, 0, 1), (0, 0, 1), (0, 0, 1), (0, 0, 1), (0, 0, 1), (0, 0, 1), (0, 0, 1), (0, 0, 1), (0, 0, 1), (0, 0, 1), (0, 0, 1), (0, 0, 1), (0, 0, 1), (0, 0, 1), (0, 0, 1), (0, 0, 1), (0, 0, 1), (0, 0, 1), (0, 0, 1), (0, 0, 1), (0, 0, 1), (0, 0, 1), (0, 0, 1), (0, 0, 1), (0, 0, 1), (0, 0, 1), (-0.9961828, 0.08729174, 0), (-0.9961828, 0.08729174, 0), (-0.9961828, 0.08729174, 0), (-0.9961828, 0.08729174, 0), (-0.9961828, 0.08729174, 0), (-0.9961828, 0.08729174, 0), (-0.9658305, 0.25917444, 0), (-0.9658305, 0.25917444, 0), (-0.9658305, 0.25917444, 0), (-0.9658305, 0.25917444, 0), (-0.9658305, 0.25917444, 0), (-0.9658305, 0.25917444, 0), (-0.9060402, 0.4231917, 0), (-0.9060402, 0.4231917, 0), (-0.9060402, 0.4231917, 0), (-0.9060402, 0.4231917, 0), (-0.9060402, 0.4231917, 0), (-0.9060402, 0.4231917, 0), (-0.81865084, 0.5742915, 0), (-0.81865084, 0.5742915, 0), (-0.81865084, 0.5742915, 0), (-0.81865084, 0.5742915, 0), (-0.81865084, 0.5742915, 0), (-0.81865084, 0.5742915, 0), (-0.7062994, 0.7079132, 0), (-0.7062994, 0.7079132, 0), (-0.7062994, 0.7079132, 0), (-0.7062994, 0.7079132, 0), (-0.7062994, 0.7079132, 0), (-0.7062994, 0.7079132, 0), (-0.57244515, 0.819943, 0), (-0.57244515, 0.819943, 0), (-0.57244515, 0.819943, 0), (-0.57244515, 0.819943, 0), (-0.57244515, 0.819943, 0), (-0.57244515, 0.819943, 0), (-0.42113778, 0.90699667, 0), (-0.42113778, 0.90699667, 0), (-0.42113778, 0.90699667, 0), (-0.42113778, 0.90699667, 1.4189296e-9), (-0.42113778, 0.90699667, 1.4189296e-9), (-0.42113778, 0.90699667, 1.4189296e-9), (-0.25698736, 0.96641475, 1.5118848e-9), (-0.25698736, 0.96641475, 1.5118848e-9), (-0.25698736, 0.96641475, 1.5118848e-9), (-0.25698733, 0.96641475, 0), (-0.25698733, 0.96641475, 0), (-0.25698733, 0.96641475, 0), (-0.085024014, 0.9963789, 0), (-0.085024014, 0.9963789, 0), (-0.085024014, 0.9963789, 0), (-0.085024014, 0.9963789, -7.991698e-12), (-0.085024014, 0.9963789, -7.991698e-12), (-0.085024014, 0.9963789, -7.991698e-12), (0.08953787, 0.9959834, -7.988526e-12), (0.08953787, 0.9959834, -7.988526e-12), (0.08953787, 0.9959834, -7.988526e-12), (0.089537874, 0.9959834, -3.895357e-10), (0.089537874, 0.9959834, -3.895357e-10), (0.089537874, 0.9959834, -3.895357e-10), (0.26137385, 0.9652376, -3.7751083e-10), (0.26137385, 0.9652376, -3.7751083e-10), (0.26137385, 0.9652376, -3.7751083e-10), (0.26137388, 0.9652376, -1.5100433e-9), (0.26137388, 0.9652376, -1.5100433e-9), (0.26137388, 0.9652376, -1.5100433e-9), (0.4252426, 0.9050794, -1.4159303e-9), (0.4252426, 0.9050794, -1.4159303e-9), (0.4252426, 0.9050794, -1.4159303e-9), (0.42524257, 0.9050794, -0), (0.42524257, 0.9050794, -0), (0.42524257, 0.9050794, -0), (0.57616234, 0.8173353, 0), (0.57616234, 0.8173353, 0), (0.57616234, 0.8173353, 0), (0.5761624, 0.81733525, -5.1146434e-9), (0.5761624, 0.81733525, -5.1146434e-9), (0.5761624, 0.81733525, -5.1146434e-9), (0.70644546, 0.7077675, 0), (0.70644546, 0.7077675, 0), (0.70644546, 0.7077675, 0), (0.70644546, 0.7077675, -0), (0.70644546, 0.7077675, -0), (0.70644546, 0.7077675, -0), (0.8136894, 0.58129984, 0), (0.8136894, 0.58129984, 0), (0.8136894, 0.58129984, 0), (0.8136894, 0.58129984, -0), (0.8136894, 0.58129984, -0), (0.8136894, 0.58129984, -0), (0.89858925, 0.43879074, 0), (0.89858925, 0.43879074, 0), (0.89858925, 0.43879074, 0), (0.89858925, 0.43879074, -0), (0.89858925, 0.43879074, -0), (0.89858925, 0.43879074, -0), (0.9587513, 0.28424618, 0), (0.9587513, 0.28424618, 0), (0.9587513, 0.28424618, 0), (0.9587513, 0.28424618, -0), (0.9587513, 0.28424618, -0), (0.9587513, 0.28424618, -0), (0.99254906, 0.1218456, -0), (0.99254906, 0.1218456, -0), (0.99254906, 0.1218456, -0), (0.99254906, 0.1218456, -0), (0.99254906, 0.1218456, -0), (0.99254906, 0.1218456, -0), (0.9990376, -0.0438616, 0), (0.9990376, -0.0438616, 0), (0.9990376, -0.0438616, 0), (0.9990376, -0.0438616, 0), (0.9990376, -0.0438616, 0), (0.9990376, -0.0438616, 0), (0.9780382, -0.20842576, 0), (0.9780382, -0.20842576, 0), (0.9780382, -0.20842576, 0), (0.9780382, -0.20842576, 0), (0.9780382, -0.20842576, 0), (0.9780382, -0.20842576, 0), (0.93015194, -0.36717477, 0), (0.93015194, -0.36717477, 0), (0.93015194, -0.36717477, 0), (0.93015194, -0.36717477, 0), (0.93015194, -0.36717477, 0), (0.93015194, -0.36717477, 0), (0.85665447, -0.51589066, 0), (0.85665447, -0.51589066, 0), (0.85665447, -0.51589066, 0), (0.85665447, -0.51589066, 0), (0.85665447, -0.51589066, 0), (0.85665447, -0.51589066, 0), (0.75960547, -0.6503841, 0), (0.75960547, -0.6503841, 0), (0.75960547, -0.6503841, 0), (0.75960547, -0.6503841, 0), (0.75960547, -0.6503841, 0), (0.75960547, -0.6503841, 0), (0, 0, 1), (0, 0, 1), (0, 0, 1), (0, 0, 1), (0, 0, 1), (0, 0, 1), (0, 0, 1), (0, 0, 1), (0, 0, 1), (0, 0, 1), (0, 0, 1), (0, 0, 1), (0, 0, 1), (0, 0, 1), (0, 0, 1), (0, 0, 1), (0, 0, 1), (0, 0, 1), (0, 0, 1), (0, 0, 1), (0, 0, 1), (0, 0, 1), (0, 0, 1), (0, 0, 1), (0, 0, 1), (0, 0, 1), (0, 0, 1), (0, 0, 1), (0, 0, 1), (0, 0, 1), (0, 0, 1), (0, 0, 1), (0, 0, 1), (0, 0, 1), (0, 0, 1), (0, 0, 1), (0, 0, 1), (0, 0, 1), (0, 0, 1), (0, 0, -1), (0, 0, -1), (0, 0, -1), (0, 0, -1), (0, 0, -1), (0, 0, -1), (0, 0, -1), (0, 0, -1), (0, 0, -1), (0, 0, -1), (0, 0, -1), (0, 0, -1), (0, 0, -1), (0, 0, -1), (0, 0, -1), (0, 0, -1), (0, 0, -1), (0, 0, -1), (0, 0, -1), (0, 0, -1), (0, 0, -1), (0, 0, -1), (0, 0, -1), (0, 0, -1), (0, 0, -1), (0, 0, -1), (0, 0, -1), (0, 0, -1), (0, 0, -1), (0, 0, -1), (0, -0, -1), (0, -0, -1), (0, -0, -1), (0, 0, -1), (0, 0, -1), (0, 0, -1), (0, 0, -1), (0, 0, -1), (0, 0, -1), (0, -0, -1), (0, -0, -1), (0, -0, -1), (0, 0, -1), (0, 0, -1), (0, 0, -1), (0, -0, -1), (0, -0, -1), (0, -0, -1), (0, 0, -1), (0, 0, -1), (0, 0, -1), (0, 0, -1), (0, 0, -1), (0, 0, -1), (0, 0, -1), (0, 0, -1), (0, 0, -1), (0, -0, 1), (0, -0, 1), (0, -0, 1), (-0, 0, 1), (-0, 0, 1), (-0, 0, 1), (0, -0, 1), (0, -0, 1), (0, -0, 1), (-0, 0, 1), (-0, 0, 1), (-0, 0, 1), (0, -0, 1), (0, -0, 1), (0, -0, 1), (0, 0, 1), (0, 0, 1), (0, 0, 1), (0, 0, 1), (0, 0, 1), (0, 0, 1), (0, 0, 1), (0, 0, 1), (0, 0, 1), (0, 0, 1), (0, 0, 1), (0, 0, 1), (0, 0, 1), (0, 0, 1), (0, 0, 1), (0, 0, 1), (0, 0, 1), (0, 0, 1), (0, 0, 1), (0, 0, 1), (0, 0, 1), (0, 0, 1), (0, 0, 1), (0, 0, 1), (0, 0, 1), (0, 0, 1), (0, 0, 1), (0, 0, 1), (0, 0, 1), (0, 0, 1), (0, 0, 1), (0, 0, 1), (0, 0, 1), (0, 0, 1), (0, 0, 1), (0, 0, 1), (0, 0, 1), (0, 0, 1), (0, 0, 1), (0, 0, 1), (0, 0, 1), (0, 0, 1), (0, 0, 1), (0, 0, 1), (0, 0, 1), (0, 0, 1), (0, 0, 1), (0, 0, 1), (0, 0, 1), (0, 0, 1), (0, 0, 1), (0, 0, 1), (0, 0, 1), (0, 0, 1), (0, 0, 1), (0, 0, 1), (0, 0, 1), (0.70642334, 0.70778954, 0), (0.70642334, 0.70778954, 0), (0.70642334, 0.70778954, 0), (0.70642334, 0.70778954, -0), (0.70642334, 0.70778954, -0), (0.70642334, 0.70778954, -0), (0.8136784, 0.5813153, 0), (0.8136784, 0.5813153, 0), (0.8136784, 0.5813153, 0), (0.8136784, 0.5813153, -0), (0.8136784, 0.5813153, -0), (0.8136784, 0.5813153, -0), (0.89859104, 0.4387872, 0), (0.89859104, 0.4387872, 0), (0.89859104, 0.4387872, 0), (0.89859104, 0.4387872, -0), (0.89859104, 0.4387872, -0), (0.89859104, 0.4387872, -0), (0.9587495, 0.28425235, 0), (0.9587495, 0.28425235, 0), (0.9587495, 0.28425235, 0), (0.9587495, 0.28425235, -0), (0.9587495, 0.28425235, -0), (0.9587495, 0.28425235, -0), (0.99254936, 0.12184341, 0), (0.99254936, 0.12184341, 0), (0.99254936, 0.12184341, 0), (0.99254936, 0.12184341, -0), (0.99254936, 0.12184341, -0), (0.99254936, 0.12184341, -0), (0.99903756, -0.043862294, 0), (0.99903756, -0.043862294, 0), (0.99903756, -0.043862294, 0), (0.99903756, -0.043862294, 0), (0.99903756, -0.043862294, 0), (0.99903756, -0.043862294, 0), (0.97804564, -0.20839065, 0), (0.97804564, -0.20839065, 0), (0.97804564, -0.20839065, 0), (0.97804564, -0.20839065, 0), (0.97804564, -0.20839065, 0), (0.97804564, -0.20839065, 0), (0.93014395, -0.3671951, 0), (0.93014395, -0.3671951, 0), (0.93014395, -0.3671951, 0), (0.93014395, -0.3671951, 0), (0.93014395, -0.3671951, 0), (0.93014395, -0.3671951, 0), (0.8566531, -0.5158929, 0), (0.8566531, -0.5158929, 0), (0.8566531, -0.5158929, 0), (0.8566531, -0.5158929, 0), (0.8566531, -0.5158929, 0), (0.8566531, -0.5158929, 0), (0.7596083, -0.6503808, 0), (0.7596083, -0.6503808, 0), (0.7596083, -0.6503808, 0), (0.7596083, -0.6503808, 0), (0.7596083, -0.6503808, 0), (0.7596083, -0.6503808, 0), (0, 0, 1), (0, 0, 1), (0, 0, 1), (0, 0, 1), (0, 0, 1), (0, 0, 1), (-0, 0, 1), (-0, 0, 1), (-0, 0, 1), (0, 0, 1), (0, 0, 1), (0, 0, 1), (0, 0, 1), (0, 0, 1), (0, 0, 1), (-0, 0, 1), (-0, 0, 1), (-0, 0, 1), (0, 0, 1), (0, 0, 1), (0, 0, 1), (0, 0, 1), (0, 0, 1), (0, 0, 1), (-0, 0, 1), (-0, 0, 1), (-0, 0, 1), (0, 0, 1), (0, 0, 1), (0, 0, 1), (0, 0, 1), (0, 0, 1), (0, 0, 1), (-0, 0, 1), (-0, 0, 1), (-0, 0, 1), (0, 0, 1), (0, 0, 1), (0, 0, 1), (0, 0, 1), (0, 0, 1), (0, 0, 1), (-0, 0, 1), (-0, 0, 1), (-0, 0, 1), (0, 0, -1), (0, 0, -1), (0, 0, -1), (0, 0, -1), (0, 0, -1), (0, 0, -1), (0, 0, -1), (0, 0, -1), (0, 0, -1), (0, 0, -1), (0, 0, -1), (0, 0, -1), (0, 0, -1), (0, 0, -1), (0, 0, -1), (0, 0, -1), (0, 0, -1), (0, 0, -1), (0, 0, -1), (0, 0, -1), (0, 0, -1), (0, 0, -1), (0, 0, -1), (0, 0, -1), (0, 0, -1), (0, 0, -1), (0, 0, -1), (0, 0, -1), (0, 0, -1), (0, 0, -1), (0, 0, -1), (0, 0, -1), (0, 0, -1), (0, 0, -1), (0, 0, -1), (0, 0, -1), (0, 0, -1), (0, 0, -1), (0, 0, -1), (0, 0, -1), (0, 0, -1), (0, 0, -1), (0, 0, -1), (0, 0, -1), (0, 0, -1), (0, 0, -1), (0, 0, -1), (0, 0, -1), (0, 0, -1), (0, 0, -1), (0, 0, -1), (0, 0, -1), (0, 0, -1), (0, 0, -1), (0, 0, -1), (0, 0, -1), (0, 0, -1), (0, 0, 1), (0, 0, 1), (0, 0, 1), (0, 0, 1), (0, 0, 1), (0, 0, 1), (0, 0, 1), (0, 0, 1), (0, 0, 1), (0, 0, 1), (0, 0, 1), (0, 0, 1), (0, 0, 1), (0, 0, 1), (0, 0, 1), (0, 0, 1), (0, 0, 1), (0, 0, 1), (0, 0, 1), (0, 0, 1), (0, 0, 1), (0, 0, 1), (0, 0, 1), (0, 0, 1), (0, 0, 1), (0, 0, 1), (0, 0, 1), (0, 0, 1), (0, 0, 1), (0, 0, 1), (0, 0, 1), (0, 0, 1), (0, 0, 1), (0, 0, 1), (0, 0, 1), (0, 0, 1), (0, 0, 1), (0, 0, 1), (0, 0, 1), (0, 0, 1), (0, 0, 1), (0, 0, 1), (0, 0, 1), (0, 0, 1), (0, 0, 1), (0, 0, -1), (0, 0, -1), (0, 0, -1), (0, 0, -1), (0, 0, -1), (0, 0, -1), (0, 0, -1), (0, 0, -1), (0, 0, -1), (0, 0, -1), (0, 0, -1), (0, 0, -1), (0, 0, -1), (0, 0, -1), (0, 0, -1), (0, 0, -1), (0, 0, -1), (0, 0, -1), (0, 0, -1), (0, 0, -1), (0, 0, -1), (0, 0, -1), (0, 0, -1), (0, 0, -1), (0, 0, -1), (0, 0, -1), (0, 0, -1), (0, 0, -1), (0, 0, -1), (0, 0, -1), (0, 0, -1), (0, 0, -1), (0, 0, -1), (0, 0, -1), (0, 0, -1), (0, 0, -1), (0, 0, -1), (0, 0, -1), (0, 0, -1), (0, 0, -1), (0, 0, -1), (0, 0, -1), (0, 0, -1), (0, 0, -1), (0, 0, -1), (0, 0, 1), (0, 0, 1), (0, 0, 1), (0, 0, 1), (0, 0, 1), (0, 0, 1), (0, 0, 1), (0, 0, 1), (0, 0, 1), (0, 0, 1), (0, 0, 1), (0, 0, 1), (0, 0, 1), (0, 0, 1), (0, 0, 1), (0, 0, 1), (0, 0, 1), (0, 0, 1), (0, 0, 1), (0, 0, 1), (0, 0, 1), (0, 0, 1), (0, 0, 1), (0, 0, 1), (0, 0, 1), (0, 0, 1), (0, 0, 1), (0, 0, 1), (0, 0, 1), (0, 0, 1), (0, 0, 1), (0, 0, 1), (0, 0, 1), (0, 0, 1), (0, 0, 1), (0, 0, 1), (0, 0, 1), (0, 0, 1), (0, 0, 1), (0, 0, 1), (0, 0, 1), (0, 0, 1), (-0, 0, 1), (-0, 0, 1), (-0, 0, 1), (0, 0, 1), (0, 0, 1), (0, 0, 1), (-0, 0, 1), (-0, 0, 1), (-0, 0, 1), (0, 0, 1), (0, 0, 1), (0, 0, 1), (0, 0, 1), (0, 0, 1), (0, 0, 1), (0, 0, 1), (0, 0, 1), (0, 0, 1), (0, 0, 1), (0, 0, 1), (0, 0, 1), (0, 0, 1), (0, 0, 1), (0, 0, 1), (0, 0, 1), (0, 0, 1), (0, 0, 1), (0, 0, 1), (0, 0, 1), (0, 0, 1), (0, 0, 1), (0, 0, 1), (0, 0, 1), (0, 0, 1), (0, 0, 1), (0, 0, 1), (-0, -0, 1), (-0, -0, 1), (-0, -0, 1), (0, 0, 1), (0, 0, 1), (0, 0, 1), (-0, 0, 1), (-0, 0, 1), (-0, 0, 1), (0, 0, -1), (0, 0, -1), (0, 0, -1), (0, 0, -1), (0, 0, -1), (0, 0, -1), (0, 0, -1), (0, 0, -1), (0, 0, -1), (0, 0, -1), (0, 0, -1), (0, 0, -1), (0, 0, -1), (0, 0, -1), (0, 0, -1), (-0, 0, -1), (-0, 0, -1), (-0, 0, -1), (0, 0, -1), (0, 0, -1), (0, 0, -1), (0, 0, -1), (0, 0, -1), (0, 0, -1), (0, 0, -1), (0, 0, -1), (0, 0, -1), (0, 0, -1), (0, 0, -1), (0, 0, -1), (0, 0, -1), (0, 0, -1), (0, 0, -1), (0, 0, 1), (0, 0, 1), (0, 0, 1), (0, 0, 1), (0, 0, 1), (0, 0, 1), (0, 0, 1), (0, 0, 1), (0, 0, 1), (0, 0, 1), (0, 0, 1), (0, 0, 1), (-0, -0, 1), (-0, -0, 1), (-0, -0, 1), (0, 0, 1), (0, 0, 1), (0, 0, 1), (-0, 0, 1), (-0, 0, 1), (-0, 0, 1), (0, 1, -0), (0, 1, -0), (0, 1, -0), (0, 1, 0), (0, 1, 0), (0, 1, 0), (1, 0, 0), (1, 0, 0), (1, 0, 0), (1, 0, 0), (1, 0, 0), (1, 0, 0), (-0, 0, -1), (-0, 0, -1), (-0, 0, -1), (0, 0, -1), (0, 0, -1), (0, 0, -1), (0, 1, -0), (0, 1, -0), (0, 1, -0), (0, 1, -0), (0, 1, -0), (0, 1, -0), (0, 1, 0), (0, 1, 0), (0, 1, 0), (-0, 1, 0), (-0, 1, 0), (-0, 1, 0), (0, 0, -1), (0, 0, -1), (0, 0, -1), (-0, 0, -1), (-0, 0, -1), (-0, 0, -1), (-1, 0, 0), (-1, 0, 0), (-1, 0, 0), (-1, 0, 0), (-1, 0, 0), (-1, 0, 0), (0, 0, -1), (0, 0, -1), (0, 0, -1), (0, 0, -1), (0, 0, -1), (0, 0, -1), (0, 0, -1), (0, 0, -1), (0, 0, -1), (0, 0, -1), (0, 0, -1), (0, 0, -1), (1, 0, 0), (1, 0, 0), (1, 0, 0), (1, 0, 0), (1, 0, 0), (1, 0, 0), (0, 0, -1), (0, 0, -1), (0, 0, -1), (-0, 0, -1), (-0, 0, -1), (-0, 0, -1), (0, 1, -0), (0, 1, -0), (0, 1, -0), (0, 1, 0), (0, 1, 0), (0, 1, 0), (-0, 0, 1), (-0, 0, 1), (-0, 0, 1), (0, 0, 1), (0, 0, 1), (0, 0, 1), (0, -1, 0), (0, -1, 0), (0, -1, 0), (0, -1, 0), (0, -1, 0), (0, -1, 0), (0, 1, 0), (0, 1, 0), (0, 1, 0), (-0, 1, 0), (-0, 1, 0), (-0, 1, 0), (0, 0, 1), (0, 0, 1), (0, 0, 1), (0, 0, 1), (0, 0, 1), (0, 0, 1), (0, 0, 1), (0, 0, 1), (0, 0, 1), (0, 0, 1), (0, 0, 1), (0, 0, 1), (-1, 0, 0), (-1, 0, 0), (-1, 0, 0), (-1, 0, 0), (-1, 0, 0), (-1, 0, 0), (0, 1, -0), (0, 1, -0), (0, 1, -0), (0, 1, 0), (0, 1, 0), (0, 1, 0), (1, 0, 0), (1, 0, 0), (1, 0, 0), (1, 0, 0), (1, 0, 0), (1, 0, 0), (0, 0, -1), (0, 0, -1), (0, 0, -1), (0, 0, -1), (0, 0, -1), (0, 0, -1), (-0, 0, -1), (-0, 0, -1), (-0, 0, -1), (0, 0, -1), (0, 0, -1), (0, 0, -1), (-1, 0, 0), (-1, 0, 0), (-1, 0, 0), (-1, 0, 0), (-1, 0, 0), (-1, 0, 0), (0, 1, -0), (0, 1, -0), (0, 1, -0), (0, 1, 0), (0, 1, 0), (0, 1, 0), (-0, 0, -1), (-0, 0, -1), (-0, 0, -1), (0, 0, -1), (0, 0, -1), (0, 0, -1), (0, 0, 1), (0, 0, 1), (0, 0, 1), (0, 0, 1), (0, 0, 1), (0, 0, 1), (-0, 0, -1), (-0, 0, -1), (-0, 0, -1), (0, 0, -1), (0, 0, -1), (0, 0, -1), (-0, 0, 1), (-0, 0, 1), (-0, 0, 1), (0, 0, 1), (0, 0, 1), (0, 0, 1), (0, 0, -1), (0, 0, -1), (0, 0, -1), (0, 0, -1), (0, 0, -1), (0, 0, -1), (0, 0, -1), (0, 0, -1), (0, 0, -1), (0, 0, -1), (0, 0, -1), (0, 0, -1), (0, 0, 1), (0, 0, 1), (0, 0, 1), (0, 0, 1), (0, 0, 1), (0, 0, 1), (0, 0, -1), (0, 0, -1), (0, 0, -1), (0, 0, -1), (0, 0, -1), (0, 0, -1), (0, 0, -1), (0, 0, -1), (0, 0, -1), (0, 0, -1), (0, 0, -1), (0, 0, -1), (0, 0, 1), (0, 0, 1), (0, 0, 1), (0, 0, 1), (0, 0, 1), (0, 0, 1), (-0, 0, -1), (-0, 0, -1), (-0, 0, -1), (0, 0, -1), (0, 0, -1), (0, 0, -1), (0, 0, 1), (0, 0, 1), (0, 0, 1), (0, 0, 1), (0, 0, 1), (0, 0, 1), (-0, 0, -1), (-0, 0, -1), (-0, 0, -1), (0, 0, -1), (0, 0, -1), (0, 0, -1), (0, 0, 1), (0, 0, 1), (0, 0, 1), (0, 0, 1), (0, 0, 1), (0, 0, 1), (-0, 0, -1), (-0, 0, -1), (-0, 0, -1), (0, 0, -1), (0, 0, -1), (0, 0, -1), (-0.6452928, -0.7639353, 3.2304424e-8), (-0.6452928, -0.7639353, 3.2304424e-8), (-0.6452928, -0.7639353, 3.2304424e-8), (-0.6452928, -0.7639353, 6.460884e-8), (-0.6452928, -0.7639353, 6.460884e-8), (-0.6452928, -0.7639353, 6.460884e-8), (-0.7030551, 0.7111354, 4.4500763e-9), (-0.7030551, 0.7111354, 4.4500763e-9), (-0.7030551, 0.7111354, 4.4500763e-9), (-0.7030551, 0.7111354, 0), (-0.7030551, 0.7111354, 0), (-0.7030551, 0.7111354, 0), (-0.6452928, -0.7639353, 0), (-0.6452928, -0.7639353, 0), (-0.6452928, -0.7639353, 0), (-0.6452928, -0.7639353, -0), (-0.6452928, -0.7639353, -0), (-0.6452928, -0.7639353, -0), (0.64529294, 0.76393527, -0), (0.64529294, 0.76393527, -0), (0.64529294, 0.76393527, -0), (0.64529294, 0.76393527, -0), (0.64529294, 0.76393527, -0), (0.64529294, 0.76393527, -0), (-0.70305485, 0.7111356, 7.039217e-8), (-0.70305485, 0.7111356, 7.039217e-8), (-0.70305485, 0.7111356, 7.039217e-8), (-0.70305556, 0.7111349, -0.0000010336304), (-0.70305556, 0.7111349, -0.0000010336304), (-0.70305556, 0.7111349, -0.0000010336304), (-0.64529216, -0.76393586, 6.460878e-8), (-0.64529216, -0.76393586, 6.460878e-8), (-0.64529216, -0.76393586, 6.460878e-8), (-0.64529216, -0.76393586, 6.460878e-8), (-0.64529216, -0.76393586, 6.460878e-8), (-0.64529216, -0.76393586, 6.460878e-8), (-0.70305514, 0.7111353, 0), (-0.70305514, 0.7111353, 0), (-0.70305514, 0.7111353, 0), (-0.70305514, 0.7111353, 0), (-0.70305514, 0.7111353, 0), (-0.70305514, 0.7111353, 0), (-0.64529294, -0.7639352, 0), (-0.64529294, -0.7639352, 0), (-0.64529294, -0.7639352, 0), (-0.64529294, -0.7639352, 0), (-0.64529294, -0.7639352, 0), (-0.64529294, -0.7639352, 0), (-0.6452922, -0.76393586, 0), (-0.6452922, -0.76393586, 0), (-0.6452922, -0.76393586, 0), (-0.6452922, -0.76393586, -0), (-0.6452922, -0.76393586, -0), (-0.6452922, -0.76393586, -0), (-0.7030551, 0.7111354, 0), (-0.7030551, 0.7111354, 0), (-0.7030551, 0.7111354, 0), (-0.7030551, 0.7111354, 0), (-0.7030551, 0.7111354, 0), (-0.7030551, 0.7111354, 0), (0.64529204, 0.763936, 0), (0.64529204, 0.763936, 0), (0.64529204, 0.763936, 0), (0.64529294, 0.76393527, -0.0000012238035), (0.64529294, 0.76393527, -0.0000012238035), (0.64529294, 0.76393527, -0.0000012238035), (0.7030549, -0.71113557, 5.631374e-7), (0.7030549, -0.71113557, 5.631374e-7), (0.7030549, -0.71113557, 5.631374e-7), (0.7030549, -0.71113557, 5.631374e-7), (0.7030549, -0.71113557, 5.631374e-7), (0.7030549, -0.71113557, 5.631374e-7), (0.64529264, 0.76393545, -4.7804836e-9), (0.64529264, 0.76393545, -4.7804836e-9), (0.64529264, 0.76393545, -4.7804836e-9), (0.64529264, 0.76393545, 0), (0.64529264, 0.76393545, 0), (0.64529264, 0.76393545, 0), (0.7030551, -0.7111354, 0), (0.7030551, -0.7111354, 0), (0.7030551, -0.7111354, 0), (0.7030551, -0.7111354, 0), (0.7030551, -0.7111354, 0), (0.7030551, -0.7111354, 0), (-0, 0, -1), (-0, 0, -1), (-0, 0, -1), (0, 0, -1), (0, 0, -1), (0, 0, -1), (0, 0, -1), (0, 0, -1), (0, 0, -1), (0, 0, -1), (0, 0, -1), (0, 0, -1), (0, 0, -1), (0, 0, -1), (0, 0, -1), (0, 0, -1), (0, 0, -1), (0, 0, -1), (0, 0, 1), (0, 0, 1), (0, 0, 1), (-0, 0, 1), (-0, 0, 1), (-0, 0, 1), (0, 0, 1), (0, 0, 1), (0, 0, 1), (-0, 0, 1), (-0, 0, 1), (-0, 0, 1), (0, 0, 1), (0, 0, 1), (0, 0, 1), (-0, 0, 1), (-0, 0, 1), (-0, 0, 1)] (
                interpolation = "faceVarying"
            )
            point3f[] points = [(-3.8832458e-11, 2.7804916, 0.24637999), (0, 3.0598917, 0.24637999), (-1.2704393e-20, 2.730595, 0.30226), (-1.2704393e-20, 2.730595, 0.30226), (0, 2.7305954, 0.24637999), (-3.8832458e-11, 2.7804916, 0.24637999), (0, 3.0598917, 0.24637999), (0, 3.1115954, 0.24637999), (-1.2704393e-20, 2.730595, 0.30226), (-1.2704393e-20, 2.730595, 0.30226), (0, 3.1115954, 0.24637999), (0, 3.1115952, 0.35814), (-1.2704393e-20, 2.730595, 0.30226), (0, 3.1115952, 0.35814), (0, 1.7462975, 0.30226), (0, 1.7462975, 0.30226), (0, 3.1115952, 0.35814), (-1.3799094e-9, 0.00009518799, 0.35814), (0, 1.7462975, 0.30226), (-1.3799094e-9, 0.00009518799, 0.35814), (0, 1.3652976, 0.30226), (0, 1.3652976, 0.30226), (-3.995522e-11, 1.4165118, 0.24637999), (0, 1.7462975, 0.30226), (0, 1.7462975, 0.30226), (-3.995522e-11, 1.4165118, 0.24637999), (0, 1.6959119, 0.24637999), (0, 1.6959119, 0.24637999), (0, 1.7462976, 0.24637999), (0, 1.7462975, 0.30226), (0, 1.6959119, 0.24637999), (-3.995522e-11, 1.4165118, 0.24637999), (2.630351e-14, 1.4165118, 0.055880006), (0, 1.6959119, 0.24637999), (2.630351e-14, 1.4165118, 0.055880006), (0, 1.6959119, 0.055880006), (2.630351e-14, 1.4165118, 0.055880006), (0, 3.1115, -1.6468604e-15), (0, 1.6959119, 0.055880006), (0, 1.6959119, 0.055880006), (0, 3.1115, -1.6468604e-15), (5.9344104e-14, 2.7804916, 0.055880006), (5.9344104e-14, 2.7804916, 0.055880006), (0, 3.1115, -1.6468604e-15), (0, 3.0598917, 0.055880006), (5.9344104e-14, 2.7804916, 0.055880006), (0, 3.0598917, 0.055880006), (-3.8832458e-11, 2.7804916, 0.24637999), (-3.8832458e-11, 2.7804916, 0.24637999), (0, 3.0598917, 0.055880006), (0, 3.0598917, 0.24637999), (0, 3.1115, -1.6468604e-15), (0, 3.1115003, 0.055880006), (0, 3.0598917, 0.055880006), (2.630351e-14, 1.4165118, 0.055880006), (-1.3799094e-9, 0, 0), (0, 3.1115, -1.6468604e-15), (0.254, 0, 0), (0, 3.1115, -1.6468604e-15), (-1.3799094e-9, 0, 0), (-1.3799094e-9, 0, 0), (-1.3799094e-9, 0, 0.055880006), (0.254, 0, 0), (0.254, 0, 0), (-1.3799094e-9, 0, 0.055880006), (0.254, 0, 0.055880006), (0.254, 0, 0), (0.254, 0, 0.055880006), (0.254, 3.1115, 0), (0.254, 3.1115, 0), (0, 3.1115, -1.6468604e-15), (0.254, 0, 0), (0.254, 3.1115, 0), (3.0004446e-15, 3.1115, 0.055880006), (0, 3.1115, -1.6468604e-15), (0.254, 3.1115, 0.055880006), (3.0004446e-15, 3.1115, 0.055880006), (0.254, 3.1115, 0), (0.254, 3.1115, 0), (0.254, 0, 0.055880006), (0.254, 3.1115, 0.055880006), (0, 0.052531604, 0.055880006), (-1.3799094e-9, 0, 0.055880006), (-1.3799094e-9, 0, 0), (0, 0.33193162, 0.055880006), (0, 0.052531604, 0.055880006), (-1.3799094e-9, 0, 0), (0, 0.33193162, 0.055880006), (-1.3799094e-9, 0, 0), (2.630351e-14, 1.4165118, 0.055880006), (0, 0.33193162, 0.24637999), (0, 0.052531604, 0.055880006), (0, 0.33193162, 0.055880006), (0, 0.33193162, 0.24637999), (-1.00527656e-10, 0.052531604, 0.24637999), (0, 0.052531604, 0.055880006), (0, 0.381, 0.30226), (-1.00527656e-10, 0.052531604, 0.24637999), (0, 0.33193162, 0.24637999), (0, 0.33193162, 0.24637999), (0, 0.38100004, 0.24637999), (0, 0.381, 0.30226), (0, 0.381, 0.30226), (-1.3799094e-9, 0, 0.24637999), (-1.00527656e-10, 0.052531604, 0.24637999), (-1.3799094e-9, 0, 0.24637999), (0.0038484263, 0.03313599, 0.24637999), (-1.00527656e-10, 0.052531604, 0.24637999), (0.014810625, 0.016679058, 0.24637999), (0.0038484263, 0.03313599, 0.24637999), (-1.3799094e-9, 0, 0.24637999), (-1.3799094e-9, 0, 0.24637999), (0.03122568, 0.005654252, 0.24637999), (0.014810625, 0.016679058, 0.24637999), (-1.3799094e-9, 0, 0.24637999), (0.0506065, 0.0017319721, 0.24637999), (0.03122568, 0.005654252, 0.24637999), (0.9650268, 8.181957e-11, 0.24637999), (0.0506065, 0.0017319721, 0.24637999), (-1.3799094e-9, 0, 0.24637999), (0.94558644, 0.0038668972, 0.24637999), (0.0506065, 0.0017319721, 0.24637999), (0.9650268, 8.181957e-11, 0.24637999), (0.94558644, 0.0038668972, 0.24637999), (0.07001664, 0.005506496, 0.24637999), (0.0506065, 0.0017319721, 0.24637999), (0.9291056, 0.014878949, 0.24637999), (0.07001664, 0.005506496, 0.24637999), (0.94558644, 0.0038668972, 0.24637999), (0.9291056, 0.014878949, 0.24637999), (0.0865152, 0.016405933, 0.24637999), (0.07001664, 0.005506496, 0.24637999), (0.91809356, 0.031359665, 0.24637999), (0.0865152, 0.016405933, 0.24637999), (0.9291056, 0.014878949, 0.24637999), (0.9142267, 0.0508, 0.24637999), (0.0865152, 0.016405933, 0.24637999), (0.91809356, 0.031359665, 0.24637999), (0.23891522, 0.16707434, 0.24637999), (0.0865152, 0.016405933, 0.24637999), (0.9142267, 0.0508, 0.24637999), (0.9142267, 0.0508, 0.24637999), (0.24874175, 0.18069246, 0.24637999), (0.23891522, 0.16707434, 0.24637999), (0.9142267, 0.0508, 0.24637999), (0.25359145, 0.19677024, 0.24637999), (0.24874175, 0.18069246, 0.24637999), (0.91422695, 0.33019996, 0.24637999), (0.25359145, 0.19677024, 0.24637999), (0.9142267, 0.0508, 0.24637999), (0.25293434, 0.21355063, 0.24637999), (0.25359145, 0.19677024, 0.24637999), (0.91422695, 0.33019996, 0.24637999), (0.91422695, 0.33019996, 0.24637999), (0.24684222, 0.2291999, 0.24637999), (0.25293434, 0.21355063, 0.24637999), (0.91422695, 0.33019996, 0.24637999), (0.23598087, 0.24200791, 0.24637999), (0.24684222, 0.2291999, 0.24637999), (0.91809386, 0.3496402, 0.24637999), (0.23598087, 0.24200791, 0.24637999), (0.91422695, 0.33019996, 0.24637999), (0.23598087, 0.24200791, 0.24637999), (0.91809386, 0.3496402, 0.24637999), (0.08358071, 0.3707393, 0.24637999), (0.08358071, 0.3707393, 0.24637999), (0.91809386, 0.3496402, 0.24637999), (0.9291059, 0.3661208, 0.24637999), (0.08358071, 0.3707393, 0.24637999), (0.9291059, 0.3661208, 0.24637999), (0.0775636, 0.37510931, 0.24637999), (0.0775636, 0.37510931, 0.24637999), (0.9291059, 0.3661208, 0.24637999), (0.9455865, 0.37713274, 0.24637999), (0.0775636, 0.37510931, 0.24637999), (0.9455865, 0.37713274, 0.24637999), (0.07097299, 0.3785541, 0.24637999), (0.07097299, 0.3785541, 0.24637999), (0.9455865, 0.37713274, 0.24637999), (0.06395008, 0.38099977, 0.24637999), (0.06395008, 0.38099977, 0.24637999), (0.9455865, 0.37713274, 0.24637999), (0.9650268, 0.3809997, 0.24637999), (0, 0.381, 0.30226), (-1.3799094e-9, 0.00009518799, 0.35814), (-1.3799094e-9, 0, 0.24637999), (0, 1.3652976, 0.30226), (-1.3799094e-9, 0.00009518799, 0.35814), (0, 0.381, 0.30226), (0, 1.3652977, 0.24637999), (-3.995522e-11, 1.4165118, 0.24637999), (0, 1.3652976, 0.30226), (2.0828001, 3.1115952, 0.30226), (2.0835264, 3.1115952, 0.35814), (1.8295264, 3.1115952, 0.35814), (2.0828001, 3.1115952, 0.30226), (1.8295264, 3.1115952, 0.35814), (1.8295261, 3.1115952, 0.30226), (2.0828001, 3.1115952, 0.30226), (1.8295261, 3.1115952, 0.30226), (2.0828001, 3.1115952, 0.24637999), (2.0828001, 3.1115952, 0.24637999), (1.8295261, 3.1115952, 0.30226), (1.7786052, 3.1115952, 0.30226), (2.0828001, 3.1115952, 0.24637999), (1.7786052, 3.1115952, 0.30226), (1.5246053, 3.1115952, 0.30226), (1.5246053, 3.1115952, 0.30226), (1.4736842, 3.1115952, 0.30226), (2.0828001, 3.1115952, 0.24637999), (2.0828001, 3.1115952, 0.24637999), (1.4736842, 3.1115952, 0.30226), (1.2196841, 3.1115952, 0.30226), (2.0828001, 3.1115952, 0.24637999), (1.2196841, 3.1115952, 0.30226), (1.168763, 3.1115952, 0.30226), (2.0828001, 3.1115952, 0.24637999), (1.168763, 3.1115952, 0.30226), (0.91476303, 3.1115952, 0.30226), (2.0828001, 3.1115952, 0.24637999), (0.91476303, 3.1115952, 0.30226), (-1.9515864e-8, 3.1115952, 0.24637999), (-1.9515864e-8, 3.1115952, 0.24637999), (0.91476303, 3.1115952, 0.30226), (0.8638422, 3.1115952, 0.30226), (-1.9515864e-8, 3.1115952, 0.24637999), (0.8638422, 3.1115952, 0.30226), (0.60984206, 3.1115952, 0.30226), (0.60984206, 3.1115952, 0.30226), (0.55892104, 3.1115952, 0.30226), (-1.9515864e-8, 3.1115952, 0.24637999), (-1.9515864e-8, 3.1115952, 0.24637999), (0.55892104, 3.1115952, 0.30226), (0.30492103, 3.1115952, 0.30226), (-1.9515864e-8, 3.1115952, 0.24637999), (0.30492103, 3.1115952, 0.30226), (0.254, 3.1115952, 0.30226), (0.254, 3.1115952, 0.30226), (-1.9515864e-8, 3.1115952, 0.35814), (-1.9515864e-8, 3.1115952, 0.24637999), (0.254, 3.1115952, 0.35814), (-1.9515864e-8, 3.1115952, 0.35814), (0.254, 3.1115952, 0.30226), (0.55892104, 3.1115952, 0.30226), (0.55892104, 3.1115952, 0.35814), (0.30492103, 3.1115952, 0.30226), (0.30492103, 3.1115952, 0.30226), (0.55892104, 3.1115952, 0.35814), (0.30492103, 3.1115952, 0.35814), (0.30492103, 3.1115952, 0.35814), (0.30492103, 0.00009518799, 0.35814), (0.30492103, 3.1115952, 0.30226), (0.30492103, 3.1115952, 0.30226), (0.30492103, 0.00009518799, 0.35814), (0.30492103, 0.000059442824, 0.30226), (0.30492103, 0.00009518799, 0.35814), (0.30492103, 3.1115952, 0.35814), (0.55892104, 0.00009518799, 0.35814), (0.30492103, 0.00009518799, 0.35814), (0.55892104, 0.00009518799, 0.35814), (0.30492103, 0.00009518799, 0.30226), (0.30492103, 0.00009518799, 0.30226), (0.55892104, 0.00009518799, 0.35814), (0.55892104, 0.00009518799, 0.30226), (0.55892104, 0.00009518799, 0.35814), (0.30492103, 3.1115952, 0.35814), (0.55892104, 3.1115954, 0.35814), (0.60984206, 3.1115952, 0.30226), (0.8638422, 3.1115952, 0.30226), (0.8638422, 3.1115952, 0.35814), (0.60984206, 3.1115952, 0.30226), (0.8638422, 3.1115952, 0.35814), (0.60984206, 3.1115952, 0.35814), (0.60984206, 3.1115952, 0.35814), (0.60984206, 0.00009518799, 0.35814), (0.60984206, 3.1115952, 0.30226), (0.60984206, 3.1115952, 0.30226), (0.60984206, 0.00009518799, 0.35814), (0.60984206, 0.000059442824, 0.30226), (0.60984206, 3.1115952, 0.35814), (0.8638422, 3.1115954, 0.35814), (0.60984206, 0.00009518799, 0.35814), (0.60984206, 0.00009518799, 0.35814), (0.8638422, 3.1115954, 0.35814), (0.8638422, 0.00009518799, 0.35814), (0.60984206, 0.00009518799, 0.35814), (0.8638422, 0.00009518799, 0.35814), (0.60984206, 0.00009518799, 0.30226), (0.60984206, 0.00009518799, 0.30226), (0.8638422, 0.00009518799, 0.35814), (0.8638422, 0.00009518799, 0.30226), (0.8638422, 3.1115954, 0.30226), (0.8638422, 0.00009518799, 0.35814), (0.8638422, 3.1115954, 0.35814), (0.8638422, 0.000059493028, 0.30226), (0.8638422, 0.00009518799, 0.35814), (0.8638422, 3.1115954, 0.30226), (0.91476303, 3.1115952, 0.30226), (1.168763, 3.1115952, 0.30226), (1.168763, 3.1115952, 0.35814), (0.91476303, 3.1115952, 0.30226), (1.168763, 3.1115952, 0.35814), (0.9147632, 3.1115952, 0.35814), (1.4736842, 3.1115952, 0.30226), (1.4736842, 3.1115952, 0.35814), (1.2196841, 3.1115952, 0.30226), (1.2196841, 3.1115952, 0.30226), (1.4736842, 3.1115952, 0.35814), (1.2196841, 3.1115952, 0.35814), (1.2196841, 3.1115952, 0.35814), (1.2196841, 0.00009515487, 0.35814), (1.2196841, 3.1115952, 0.30226), (1.2196841, 3.1115952, 0.30226), (1.2196841, 0.00009515487, 0.35814), (1.2196841, 0.000059417995, 0.30226), (1.2196841, 3.1115952, 0.35814), (1.4736842, 3.1115954, 0.35814), (1.2196841, 0.00009515487, 0.35814), (1.2196841, 0.00009515487, 0.35814), (1.4736842, 3.1115954, 0.35814), (1.4736842, 0.00009525178, 0.35814), (1.5246053, 3.1115952, 0.30226), (1.7786052, 3.1115952, 0.30226), (1.7786052, 3.1115952, 0.35814), (1.5246053, 3.1115952, 0.30226), (1.7786052, 3.1115952, 0.35814), (1.5246053, 3.1115952, 0.35814), (2.0835264, 3.1115952, 0.30226), (2.0835264, 3.1115952, 0.35814), (2.0828001, 3.1115952, 0.30226), (-1.9515873e-8, 0.38100004, 0.24637999), (0.010497235, 0.36285558, 0.24637999), (0.013560338, 0.36648318, 0.24637999), (-1.9515873e-8, 0.38100004, 0.24637999), (0.013560338, 0.36648318, 0.24637999), (0.016948737, 0.369809, 0.24637999), (0.016948737, 0.369809, 0.24637999), (0.020632839, 0.37280396, 0.24637999), (-1.9515873e-8, 0.38100004, 0.24637999), (-1.9515873e-8, 0.38100004, 0.24637999), (0.020632839, 0.37280396, 0.24637999), (0.024580458, 0.37544185, 0.24637999), (-1.9515873e-8, 0.38100004, 0.24637999), (0.024580458, 0.37544185, 0.24637999), (0.028757107, 0.3776997, 0.24637999), (0.028757107, 0.3776997, 0.24637999), (0.033126313, 0.37955773, 0.24637999), (-1.9515873e-8, 0.38100004, 0.24637999), (-1.9515873e-8, 0.38100004, 0.24637999), (0.033126313, 0.37955773, 0.24637999), (0.03764989, 0.38099977, 0.24637999), (0.007786186, 0.35895783, 0.24637999), (0.010497235, 0.36285558, 0.24637999), (-1.9515873e-8, 0.38100004, 0.24637999), (-1.9515873e-8, 0.38100004, 0.24637999), (0.0054508736, 0.35482398, 0.24637999), (0.007786186, 0.35895783, 0.24637999), (-1.9515873e-8, 0.38100004, 0.24637999), (0.003511698, 0.35049024, 0.24637999), (0.0054508736, 0.35482398, 0.24637999), (0.0019855965, 0.3459943, 0.24637999), (0.003511698, 0.35049024, 0.24637999), (-1.9515873e-8, 0.38100004, 0.24637999), (-1.9515873e-8, 0.38100004, 0.24637999), (0.0008859012, 0.34137556, 0.24637999), (0.0019855965, 0.3459943, 0.24637999), (-1.9515873e-8, 0.38100004, 0.24637999), (0.00022221803, 0.3366743, 0.24637999), (0.0008859012, 0.34137556, 0.24637999), (2.5836687e-7, 0.33193162, 0.24637999), (0.00022221803, 0.3366743, 0.24637999), (-1.9515873e-8, 0.38100004, 0.24637999), (0.01191813, 0.3646242, 0.055880006), (0.016072605, 0.36900738, 0.24637999), (0.010497164, 0.3628555, 0.24637999), (0.01191813, 0.3646242, 0.055880006), (0.010497164, 0.3628555, 0.24637999), (0.006825416, 0.35736468, 0.055880006), (0.006825416, 0.35736468, 0.055880006), (0.010497164, 0.3628555, 0.24637999), (0.0059982613, 0.35587758, 0.24637999), (0.006825416, 0.35736468, 0.055880006), (0.0059982613, 0.35587758, 0.24637999), (0.0030726986, 0.34933016, 0.055880006), (0.0030726986, 0.34933016, 0.055880006), (0.0059982613, 0.35587758, 0.24637999), (0.002696075, 0.34826005, 0.24637999), (0.0030726986, 0.34933016, 0.055880006), (0.002696075, 0.34826005, 0.24637999), (0.0007743293, 0.3407655, 0.055880006), (0.0007743293, 0.3407655, 0.055880006), (0.002696075, 0.34826005, 0.24637999), (0.0006788076, 0.34020633, 0.24637999), (0.0007743293, 0.3407655, 0.055880006), (0.0006788076, 0.34020633, 0.24637999), (3.4437886e-7, 0.33193162, 0.055880006), (3.4437886e-7, 0.33193162, 0.055880006), (0.0006788076, 0.34020633, 0.24637999), (3.4437886e-7, 0.33193162, 0.24637999), (0.018195651, 0.37088752, 0.055880006), (0.016072605, 0.36900738, 0.24637999), (0.01191813, 0.3646242, 0.055880006), (0.018195651, 0.37088752, 0.055880006), (0.022575667, 0.37416893, 0.24637999), (0.016072605, 0.36900738, 0.24637999), (0.025466694, 0.37596375, 0.055880006), (0.022575667, 0.37416893, 0.24637999), (0.018195651, 0.37088752, 0.055880006), (0.025466694, 0.37596375, 0.055880006), (0.029832631, 0.37820226, 0.24637999), (0.022575667, 0.37416893, 0.24637999), (0.0335097, 0.37969825, 0.055880006), (0.029832631, 0.37820226, 0.24637999), (0.025466694, 0.37596375, 0.055880006), (0.0335097, 0.37969825, 0.055880006), (0.037649665, 0.38099968, 0.24637999), (0.029832631, 0.37820226, 0.24637999), (0.042079575, 0.3819772, 0.055880006), (0.037649665, 0.38099968, 0.24637999), (0.0335097, 0.37969825, 0.055880006), (0.042079575, 0.3819772, 0.055880006), (0.044168007, 0.38229644, 0.24637999), (0.037649665, 0.38099968, 0.24637999), (0.050915178, 0.38273114, 0.055880006), (0.044168007, 0.38229644, 0.24637999), (0.042079575, 0.3819772, 0.055880006), (0.050915178, 0.38273114, 0.055880006), (0.050799966, 0.3827304, 0.24637999), (0.044168007, 0.38229644, 0.24637999), (0.050915178, 0.38273114, 0.055880006), (0.057431888, 0.3822965, 0.24637999), (0.050799966, 0.3827304, 0.24637999), (0.059747268, 0.38193715, 0.055880006), (0.057431888, 0.3822965, 0.24637999), (0.050915178, 0.38273114, 0.055880006), (0.059747268, 0.38193715, 0.055880006), (0.06395029, 0.38099968, 0.24637999), (0.057431888, 0.3822965, 0.24637999), (0.068306714, 0.37961933, 0.055880006), (0.06395029, 0.38099968, 0.24637999), (0.059747268, 0.38193715, 0.055880006), (0.068306714, 0.37961933, 0.055880006), (0.07097312, 0.37855405, 0.24637999), (0.06395029, 0.38099968, 0.24637999), (0.0763327, 0.3758484, 0.055880006), (0.07097312, 0.37855405, 0.24637999), (0.068306714, 0.37961933, 0.055880006), (0.0763327, 0.3758484, 0.055880006), (0.07756366, 0.3751093, 0.24637999), (0.07097312, 0.37855405, 0.24637999), (0.08358066, 0.37073925, 0.055880006), (0.07756366, 0.3751093, 0.24637999), (0.0763327, 0.3758484, 0.055880006), (0.08358066, 0.37073925, 0.24637999), (0.07756366, 0.3751093, 0.24637999), (0.08358066, 0.37073925, 0.055880006), (0.9142267, 0.33019996, 0.24637999), (0.9142267, 0.050799966, 0.24637999), (0.9142267, 0.33019993, 0.055880006), (0.9142267, 0.33019993, 0.055880006), (0.9142267, 0.050799966, 0.24637999), (0.9142267, 0.05079994, 0.055880006), (0.9142267, 0.05079994, 0.055880006), (0.9142267, 0.050799966, 0.24637999), (0.9142461, 0.049400948, 0.05588001), (0.9142461, 0.049400948, 0.05588001), (0.9142267, 0.050799966, 0.24637999), (0.91430396, 0.04800303, 0.05588001), (0.91430396, 0.04800303, 0.05588001), (0.9142267, 0.050799966, 0.24637999), (0.91440004, 0.0466072, 0.055880006), (0.91440004, 0.0466072, 0.055880006), (0.9142267, 0.050799966, 0.24637999), (0.9150547, 0.04166497, 0.24637999), (0.91440004, 0.0466072, 0.055880006), (0.9150547, 0.04166497, 0.24637999), (0.9158961, 0.037883736, 0.055880006), (0.9158961, 0.037883736, 0.055880006), (0.9150547, 0.04166497, 0.24637999), (0.91751206, 0.032827802, 0.24637999), (0.9158961, 0.037883736, 0.055880006), (0.91751206, 0.032827802, 0.24637999), (0.9188837, 0.02955235, 0.055880006), (0.9188837, 0.02955235, 0.055880006), (0.91751206, 0.032827802, 0.24637999), (0.92151845, 0.024576554, 0.24637999), (0.9188837, 0.02955235, 0.055880006), (0.92151845, 0.024576554, 0.24637999), (0.92327183, 0.021865956, 0.055880006), (0.92327183, 0.021865956, 0.055880006), (0.92151845, 0.024576554, 0.24637999), (0.9269431, 0.017180245, 0.24637999), (0.92327183, 0.021865956, 0.055880006), (0.9269431, 0.017180245, 0.24637999), (0.9289276, 0.015057878, 0.055880006), (0.9289276, 0.015057878, 0.055880006), (0.9269431, 0.017180245, 0.24637999), (0.9336096, 0.010880004, 0.24637999), (0.9289276, 0.015057878, 0.055880006), (0.9336096, 0.010880004, 0.24637999), (0.9356791, 0.0093347775, 0.055880006), (0.9356791, 0.0093347775, 0.055880006), (0.9336096, 0.010880004, 0.24637999), (0.94130015, 0.0058812313, 0.24637999), (0.9356791, 0.0093347775, 0.055880006), (0.94130015, 0.0058812313, 0.24637999), (0.9433216, 0.004870386, 0.055880006), (0.9433216, 0.004870386, 0.055880006), (0.94130015, 0.0058812313, 0.24637999), (0.94976443, 0.002346897, 0.24637999), (0.9433216, 0.004870386, 0.055880006), (0.94976443, 0.002346897, 0.24637999), (0.95162284, 0.001800221, 0.055880006), (0.95162284, 0.001800221, 0.055880006), (0.94976443, 0.002346897, 0.24637999), (0.95872617, 0.00039222714, 0.24637999), (0.95162284, 0.001800221, 0.055880006), (0.95872617, 0.00039222714, 0.24637999), (0.9603311, 0.00021748211, 0.055880006), (0.9603311, 0.00021748211, 0.055880006), (0.95872617, 0.00039222714, 0.24637999), (0.96789336, 0.0000809475, 0.24637999), (0.9603311, 0.00021748211, 0.055880006), (0.96789336, 0.0000809475, 0.24637999), (0.9691818, 0.00017021355, 0.055880006), (0.9691818, 0.00017021355, 0.055880006), (0.96789336, 0.0000809475, 0.24637999), (0.97696704, 0.0014232065, 0.24637999), (0.9691818, 0.00017021355, 0.055880006), (0.97696704, 0.0014232065, 0.24637999), (0.9779062, 0.0016598504, 0.055880006), (0.9779062, 0.0016598504, 0.055880006), (0.97696704, 0.0014232065, 0.24637999), (0.9856515, 0.0043752436, 0.24637999), (0.9779062, 0.0016598504, 0.055880006), (0.9856515, 0.0043752436, 0.24637999), (0.9862399, 0.0046411734, 0.055880006), (0.9862399, 0.0046411734, 0.055880006), (0.9856515, 0.0043752436, 0.24637999), (0.99366343, 0.008840818, 0.24637999), (0.9862399, 0.0046411734, 0.055880006), (0.99366343, 0.008840818, 0.24637999), (0.9939295, 0.009023682, 0.055880006), (0.9939295, 0.009023682, 0.055880006), (0.99366343, 0.008840818, 0.24637999), (1.0007418, 0.014674336, 0.24637999), (0.9939295, 0.009023682, 0.055880006), (1.0007418, 0.014674336, 0.24637999), (1.0007418, 0.014674344, 0.055880006), (2.0835264, 0.00009518799, 0.30226), (2.0835264, 0.00009525178, 0.35814), (2.0835264, 3.1115954, 0.30226), (2.0835264, 3.1115954, 0.30226), (2.0828001, 1.7462976, 0.30226), (2.0835264, 0.00009518799, 0.30226), (2.0835264, 0.00009518799, 0.30226), (2.0828001, 1.7462976, 0.30226), (2.0828001, 1.3652977, 0.30226), (2.0835264, 0.00009518799, 0.30226), (2.0828001, 1.3652977, 0.30226), (2.0828001, 0.38100004, 0.30226), (2.0828001, 0.38100004, 0.30226), (2.0828001, 0.000059493028, 0.30226), (2.0835264, 0.00009518799, 0.30226), (2.0828001, 0.000059493028, 0.30226), (2.0828001, 0.38100004, 0.30226), (2.0828001, 0.33020002, 0.24637999), (2.0828001, 0.33020002, 0.24637999), (2.0828001, 0.0508, 0.24637999), (2.0828001, 0.000059493028, 0.30226), (2.0828001, 0.000059493028, 0.30226), (2.0828001, 0.0508, 0.24637999), (2.0828001, 0, 0.24637999), (2.0828001, 0.33020002, 0.24637999), (2.0828001, 0.0508, 0.055880006), (2.0828001, 0.0508, 0.24637999), (2.0828001, 0.33020005, 0.055880006), (2.0828001, 0.0508, 0.055880006), (2.0828001, 0.33020002, 0.24637999), (2.0828001, 0.33020002, 0.24637999), (2.081972, 0.33933502, 0.24637999), (2.0828001, 0.33020005, 0.055880006), (2.0828001, 0.33020005, 0.055880006), (2.081972, 0.33933502, 0.24637999), (2.081972, 0.33933502, 0.055880006), (2.081972, 0.33933502, 0.055880006), (2.081972, 0.33933502, 0.24637999), (2.0795147, 0.34817216, 0.24637999), (2.081972, 0.33933502, 0.055880006), (2.0795147, 0.34817216, 0.24637999), (2.0795147, 0.3481722, 0.055880006), (2.0795147, 0.3481722, 0.055880006), (2.0795147, 0.34817216, 0.24637999), (2.0755084, 0.3564234, 0.24637999), (2.0795147, 0.3481722, 0.055880006), (2.0755084, 0.3564234, 0.24637999), (2.0755084, 0.3564234, 0.055880006), (2.0755084, 0.3564234, 0.055880006), (2.0755084, 0.3564234, 0.24637999), (2.0700834, 0.36381972, 0.24637999), (2.0755084, 0.3564234, 0.055880006), (2.0700834, 0.36381972, 0.24637999), (2.0700834, 0.36381972, 0.055880006), (2.0700834, 0.36381972, 0.055880006), (2.0700834, 0.36381972, 0.24637999), (2.063417, 0.37011996, 0.24637999), (2.0700834, 0.36381972, 0.055880006), (2.063417, 0.37011996, 0.24637999), (2.063417, 0.37011996, 0.055880006), (2.063417, 0.37011996, 0.055880006), (2.063417, 0.37011996, 0.24637999), (2.0557265, 0.37511873, 0.24637999), (2.063417, 0.37011996, 0.055880006), (2.0557265, 0.37511873, 0.24637999), (2.0557265, 0.37511873, 0.055880006), (2.0557265, 0.37511873, 0.055880006), (2.0557265, 0.37511873, 0.24637999), (2.0472622, 0.37865308, 0.24637999), (2.0557265, 0.37511873, 0.055880006), (2.0472622, 0.37865308, 0.24637999), (2.0472622, 0.37865308, 0.055880006), (2.0472622, 0.37865308, 0.055880006), (2.0472622, 0.37865308, 0.24637999), (2.0383008, 0.38060775, 0.24637999), (2.0472622, 0.37865308, 0.055880006), (2.0383008, 0.38060775, 0.24637999), (2.0383008, 0.38060775, 0.055880006), (2.0383008, 0.38060775, 0.055880006), (2.0383008, 0.38060775, 0.24637999), (2.0291333, 0.38091904, 0.24637999), (2.0383008, 0.38060775, 0.055880006), (2.0291333, 0.38091904, 0.24637999), (2.0291333, 0.38091904, 0.055880006), (2.0291333, 0.38091904, 0.055880006), (2.0291333, 0.38091904, 0.24637999), (2.0200596, 0.37957677, 0.24637999), (2.0291333, 0.38091904, 0.055880006), (2.0200596, 0.37957677, 0.24637999), (2.0200596, 0.37957677, 0.055880006), (2.0200596, 0.37957677, 0.055880006), (2.0200596, 0.37957677, 0.24637999), (2.0113752, 0.37662476, 0.24637999), (2.0200596, 0.37957677, 0.055880006), (2.0113752, 0.37662476, 0.24637999), (2.0113752, 0.37662476, 0.055880006), (2.0113752, 0.37662476, 0.055880006), (2.0113752, 0.37662476, 0.24637999), (2.0033631, 0.37215918, 0.24637999), (2.0113752, 0.37662476, 0.055880006), (2.0033631, 0.37215918, 0.24637999), (2.0033631, 0.37215918, 0.055880006), (2.0033631, 0.37215918, 0.055880006), (2.0033631, 0.37215918, 0.24637999), (1.996285, 0.36632568, 0.24637999), (2.0033631, 0.37215918, 0.055880006), (1.996285, 0.36632568, 0.24637999), (1.996285, 0.36632568, 0.055880006), (2.0828001, 0, 0), (2.0828001, 0.0508, 0.055880006), (2.0828001, 0.33020005, 0.055880006), (2.0828001, 0, 0), (2.0828001, 0.33020005, 0.055880006), (2.0828001, 1.41478, 0.055880006), (2.0828001, 1.41478, 0.055880006), (2.0828001, 1.6941801, 0.055880006), (2.0828001, 0, 0), (2.0828001, 0, 0), (2.0828001, 1.6941801, 0.055880006), (2.0828001, 3.1115, 0), (2.0828001, 3.1115, 0), (1.8288001, 3.1115, -1.6502443e-14), (2.0828001, 0, 0), (2.0828001, 0, 0), (1.8288001, 3.1115, -1.6502443e-14), (1.8288001, 0, 0), (1.8288001, 0, 0), (2.0828001, 0, 0.055880006), (2.0828001, 0, 0), (1.8288001, 0, 0.055880006), (2.0828001, 0, 0.055880006), (1.8288001, 0, 0), (1.8288001, 3.1115, -1.6502443e-14), (1.8288001, 0, 0.055880006), (1.8288001, 0, 0), (1.8288001, 3.1115, 0.055880006), (1.8288001, 0, 0.055880006), (1.8288001, 3.1115, -1.6502443e-14), (1.8288001, 3.1115, -1.6502443e-14), (2.0828001, 3.1115, 0.055880006), (1.8288001, 3.1115, 0.055880006), (2.0828001, 3.1115, 0.055880006), (2.0249796, 3.1084726, 0.055880006), (1.8288001, 3.1115, 0.055880006), (1.8288001, 3.1115, 0.055880006), (2.0249796, 3.1084726, 0.055880006), (2.01447, 3.1058395, 0.055880006), (1.8288001, 3.1115, 0.055880006), (2.01447, 3.1058395, 0.055880006), (2.004758, 3.1010377, 0.055880006), (2.004758, 3.1010377, 0.055880006), (1.996285, 3.094286, 0.055880006), (1.8288001, 3.1115, 0.055880006), (1.8288001, 3.1115, 0.055880006), (1.996285, 3.094286, 0.055880006), (1.843885, 2.943617, 0.055880006), (1.8288001, 3.1115, 0.055880006), (1.843885, 2.943617, 0.055880006), (1.8374828, 2.9358954, 0.055880006), (1.8374828, 2.9358954, 0.055880006), (1.8327228, 2.9270658, 0.055880006), (1.8288001, 3.1115, 0.055880006), (1.8288001, 3.1115, 0.055880006), (1.8327228, 2.9270658, 0.055880006), (1.8297905, 2.9174733, 0.055880006), (1.8288001, 3.1115, 0.055880006), (1.8297905, 2.9174733, 0.055880006), (1.8288001, 2.9074917, 0.055880006), (2.0828001, 3.1115, 0.055880006), (2.0358083, 3.108817, 0.055880006), (2.0249796, 3.1084726, 0.055880006), (2.0464637, 3.1068578, 0.055880006), (2.0358083, 3.108817, 0.055880006), (2.0828001, 3.1115, 0.055880006), (2.0828001, 3.1115, 0.055880006), (2.0564613, 3.1026828, 0.055880006), (2.0464637, 3.1068578, 0.055880006), (2.0828001, 3.1115, 0.055880006), (2.0653467, 3.096483, 0.055880006), (2.0564613, 3.1026828, 0.055880006), (2.072715, 3.08854, 0.055880006), (2.0653467, 3.096483, 0.055880006), (2.0828001, 3.1115, 0.055880006), (2.0828001, 3.1115, 0.055880006), (2.0782313, 3.079215, 0.055880006), (2.072715, 3.08854, 0.055880006), (2.0828001, 3.1115, 0.055880006), (2.0816445, 3.0689325, 0.055880006), (2.0782313, 3.079215, 0.055880006), (2.0828001, 3.05816, 0.055880006), (2.0816445, 3.0689325, 0.055880006), (2.0828001, 3.1115, 0.055880006), (2.0828001, 3.05816, 0.055880006), (2.0828001, 3.1115, 0.055880006), (2.0828001, 3.1115, 0), (2.0828001, 3.1115, 0), (2.0828001, 2.77876, 0.055880006), (2.0828001, 3.05816, 0.055880006), (2.0828001, 3.05816, 0.055880006), (2.0828001, 2.77876, 0.055880006), (2.0828001, 2.77876, 0.24637999), (2.0828001, 3.05816, 0.055880006), (2.0828001, 2.77876, 0.24637999), (2.0828001, 3.05816, 0.24637999), (2.0828001, 3.05816, 0.055880006), (2.0828001, 3.05816, 0.24637999), (2.081972, 3.067295, 0.055880006), (2.081972, 3.067295, 0.055880006), (2.0828001, 3.05816, 0.24637999), (2.081972, 3.067295, 0.24637999), (2.081972, 3.067295, 0.055880006), (2.081972, 3.067295, 0.24637999), (2.0795147, 3.0761323, 0.055880006), (2.0795147, 3.0761323, 0.055880006), (2.081972, 3.067295, 0.24637999), (2.0795145, 3.0761323, 0.24637999), (2.0795147, 3.0761323, 0.055880006), (2.0795145, 3.0761323, 0.24637999), (2.0755084, 3.0843835, 0.055880006), (2.0755084, 3.0843835, 0.055880006), (2.0795145, 3.0761323, 0.24637999), (2.0755084, 3.0843835, 0.24637999), (2.0755084, 3.0843835, 0.055880006), (2.0755084, 3.0843835, 0.24637999), (2.0700834, 3.0917797, 0.055880006), (2.0700834, 3.0917797, 0.055880006), (2.0755084, 3.0843835, 0.24637999), (2.0700834, 3.0917797, 0.24637999), (2.0700834, 3.0917797, 0.055880006), (2.0700834, 3.0917797, 0.24637999), (2.063417, 3.09808, 0.055880006), (2.063417, 3.09808, 0.055880006), (2.0700834, 3.0917797, 0.24637999), (2.063417, 3.0980802, 0.24637999), (2.063417, 3.09808, 0.055880006), (2.063417, 3.0980802, 0.24637999), (2.0557265, 3.1030788, 0.055880006), (2.0557265, 3.1030788, 0.055880006), (2.063417, 3.0980802, 0.24637999), (2.0557265, 3.1030788, 0.24637999), (2.0557265, 3.1030788, 0.055880006), (2.0557265, 3.1030788, 0.24637999), (2.0472622, 3.1066134, 0.055880006), (2.0472622, 3.1066134, 0.055880006), (2.0557265, 3.1030788, 0.24637999), (2.0472622, 3.1066134, 0.24637999), (2.0472622, 3.1066134, 0.055880006), (2.0472622, 3.1066134, 0.24637999), (2.0383008, 3.108568, 0.055880006), (2.0383008, 3.108568, 0.055880006), (2.0472622, 3.1066134, 0.24637999), (2.0383008, 3.108568, 0.24637999), (2.0383008, 3.108568, 0.055880006), (2.0383008, 3.108568, 0.24637999), (2.0291333, 3.108879, 0.055880006), (2.0291333, 3.108879, 0.055880006), (2.0383008, 3.108568, 0.24637999), (2.0291333, 3.108879, 0.24637999), (2.0291333, 3.108879, 0.055880006), (2.0291333, 3.108879, 0.24637999), (2.0200596, 3.1075368, 0.055880006), (2.0200596, 3.1075368, 0.055880006), (2.0291333, 3.108879, 0.24637999), (2.0200596, 3.1075368, 0.24637999), (2.0200596, 3.1075368, 0.055880006), (2.0200596, 3.1075368, 0.24637999), (2.0113752, 3.1045847, 0.055880006), (2.0113752, 3.1045847, 0.055880006), (2.0200596, 3.1075368, 0.24637999), (2.0113752, 3.1045847, 0.24637999), (2.0113752, 3.1045847, 0.055880006), (2.0113752, 3.1045847, 0.24637999), (2.0033634, 3.1001194, 0.055880006), (2.0033634, 3.1001194, 0.055880006), (2.0113752, 3.1045847, 0.24637999), (2.0033634, 3.1001194, 0.24637999), (2.0033634, 3.1001194, 0.055880006), (2.0033634, 3.1001194, 0.24637999), (1.996285, 3.094286, 0.055880006), (1.996285, 3.094286, 0.055880006), (2.0033634, 3.1001194, 0.24637999), (1.996285, 3.094286, 0.24637999), (2.0828001, 3.05816, 0.24637999), (2.0828001, 2.77876, 0.24637999), (2.0828001, 2.7305954, 0.30226), (2.0828001, 3.05816, 0.24637999), (2.0828001, 2.7305954, 0.30226), (2.0828001, 3.1115954, 0.30226), (2.0828001, 3.1115954, 0.30226), (2.0828001, 3.1115954, 0.24637999), (2.0828001, 3.05816, 0.24637999), (2.0828001, 3.1115954, 0.24637999), (2.0772896, 3.0811708, 0.24637999), (2.0828001, 3.05816, 0.24637999), (2.0619533, 3.0991898, 0.24637999), (2.0772896, 3.0811708, 0.24637999), (2.0828001, 3.1115954, 0.24637999), (2.0828001, 3.1115954, 0.24637999), (2.040119, 3.108307, 0.24637999), (2.0619533, 3.0991898, 0.24637999), (2.0828001, 3.1115954, 0.24637999), (0.971781, 3.1085086, 0.24637999), (2.040119, 3.108307, 0.24637999), (2.040119, 3.108307, 0.24637999), (0.971781, 3.1085086, 0.24637999), (2.016523, 3.106545, 0.24637999), (2.016523, 3.106545, 0.24637999), (0.971781, 3.1085086, 0.24637999), (0.9978073, 3.0969677, 0.24637999), (2.016523, 3.106545, 0.24637999), (0.9978073, 3.0969677, 0.24637999), (1.996285, 3.094286, 0.24637999), (1.996285, 3.094286, 0.24637999), (0.9978073, 3.0969677, 0.24637999), (1.1502076, 2.9682364, 0.24637999), (1.996285, 3.094286, 0.24637999), (1.1502076, 2.9682364, 0.24637999), (1.843885, 2.9436176, 0.24637999), (1.843885, 2.9436176, 0.24637999), (1.1502076, 2.9682364, 0.24637999), (1.1657131, 2.94521, 0.24637999), (1.843885, 2.9436176, 0.24637999), (1.1657131, 2.94521, 0.24637999), (1.8302273, 2.9194493, 0.24637999), (1.8302273, 2.9194493, 0.24637999), (1.1657131, 2.94521, 0.24637999), (1.1667993, 2.917471, 0.24637999), (1.8302273, 2.9194493, 0.24637999), (1.1667993, 2.917471, 0.24637999), (1.8313136, 2.8917103, 0.24637999), (1.8313136, 2.8917103, 0.24637999), (1.1667993, 2.917471, 0.24637999), (1.153142, 2.893303, 0.24637999), (1.8313136, 2.8917103, 0.24637999), (1.153142, 2.893303, 0.24637999), (1.8468189, 2.8686838, 0.24637999), (1.8468189, 2.8686838, 0.24637999), (1.153142, 2.893303, 0.24637999), (1.0007418, 2.7426343, 0.24637999), (1.8468189, 2.8686838, 0.24637999), (1.0007418, 2.7426343, 0.24637999), (1.9992192, 2.7399523, 0.24637999), (1.9992192, 2.7399523, 0.24637999), (1.0007418, 2.7426343, 0.24637999), (0.9948578, 2.7376413, 0.24637999), (1.9992192, 2.7399523, 0.24637999), (0.9948578, 2.7376413, 0.24637999), (2.0043545, 2.7361417, 0.24637999), (2.0043545, 2.7361417, 0.24637999), (0.9948578, 2.7376413, 0.24637999), (0.9882852, 2.7335973, 0.24637999), (2.0043545, 2.7361417, 0.24637999), (0.9882852, 2.7335973, 0.24637999), (2.009928, 2.7330058, 0.24637999), (2.009928, 2.7330058, 0.24637999), (0.9882852, 2.7335973, 0.24637999), (0.9811758, 2.730595, 0.24637999), (2.009928, 2.7330058, 0.24637999), (0.9811758, 2.730595, 0.24637999), (2.015851, 2.7305954, 0.24637999), (-1.9515836e-8, 3.1115954, 0.24637999), (0.971781, 3.1085086, 0.24637999), (2.0828001, 3.1115954, 0.24637999), (0.057554357, 3.1102402, 0.24637999), (0.971781, 3.1085086, 0.24637999), (-1.9515836e-8, 3.1115954, 0.24637999), (-1.9515836e-8, 3.1115954, 0.24637999), (0.029406585, 3.1059668, 0.24637999), (0.057554357, 3.1102402, 0.24637999), (-1.9515836e-8, 3.1115954, 0.24637999), (0.007978415, 3.0872214, 0.24637999), (0.029406585, 3.1059668, 0.24637999), (2.5836698e-7, 3.0598917, 0.24637999), (0.007978415, 3.0872214, 0.24637999), (-1.9515836e-8, 3.1115954, 0.24637999), (0.057554357, 3.1102402, 0.24637999), (0.9436332, 3.1042354, 0.24637999), (0.971781, 3.1085086, 0.24637999), (0.08358064, 3.0986993, 0.24637999), (0.9436332, 3.1042354, 0.24637999), (0.057554357, 3.1102402, 0.24637999), (0.9222051, 3.0854897, 0.24637999), (0.9436332, 3.1042354, 0.24637999), (0.08358064, 3.0986993, 0.24637999), (0.9222051, 3.0854897, 0.24637999), (0.08358064, 3.0986993, 0.24637999), (0.91422695, 3.05816, 0.24637999), (0.91422695, 3.05816, 0.24637999), (0.08358064, 3.0986993, 0.24637999), (0.2359809, 2.969968, 0.24637999), (0.91422695, 3.05816, 0.24637999), (0.2359809, 2.969968, 0.24637999), (0.25148642, 2.9469419, 0.24637999), (0.25148642, 2.9469419, 0.24637999), (0.2525727, 2.9192028, 0.24637999), (0.91422695, 3.05816, 0.24637999), (0.91422695, 3.05816, 0.24637999), (0.2525727, 2.9192028, 0.24637999), (0.9142267, 2.77876, 0.24637999), (0.9142267, 2.77876, 0.24637999), (0.2525727, 2.9192028, 0.24637999), (0.23891528, 2.8950343, 0.24637999), (0.9142267, 2.77876, 0.24637999), (0.23891528, 2.8950343, 0.24637999), (0.086515196, 2.7443662, 0.24637999), (0.086515196, 2.7443662, 0.24637999), (0.9185543, 2.7582424, 0.24637999), (0.9142267, 2.77876, 0.24637999), (0.086515196, 2.7443662, 0.24637999), (0.9308002, 2.741221, 0.24637999), (0.9185543, 2.7582424, 0.24637999), (0.078756526, 2.7380762, 0.24637999), (0.9308002, 2.741221, 0.24637999), (0.086515196, 2.7443662, 0.24637999), (0.9308002, 2.741221, 0.24637999), (0.078756526, 2.7380762, 0.24637999), (0.94887763, 2.730595, 0.24637999), (0.94887763, 2.730595, 0.24637999), (0.078756526, 2.7380762, 0.24637999), (0.06991714, 2.7334259, 0.24637999), (0.94887763, 2.730595, 0.24637999), (0.06991714, 2.7334259, 0.24637999), (0.060338765, 2.730595, 0.24637999), (2.0828001, 2.7305954, 0.30226), (2.0835264, 3.1115954, 0.30226), (2.0828001, 3.1115954, 0.30226), (2.0828001, 2.7305954, 0.30226), (2.0828001, 1.7462976, 0.30226), (2.0835264, 3.1115954, 0.30226), (1.8295264, 2.7305954, 0.30226), (2.0828001, 1.7462976, 0.30226), (2.0828001, 2.7305954, 0.30226), (1.8295264, 1.7462976, 0.30226), (2.0828001, 1.7462976, 0.30226), (1.8295264, 2.7305954, 0.30226), (2.0828001, 2.77876, 0.24637999), (2.0828001, 2.730595, 0.24637999), (2.0828001, 2.7305954, 0.30226), (2.0828001, 3.1115, 0), (2.0828001, 1.6941801, 0.055880006), (2.0828001, 2.77876, 0.055880006), (2.0828001, 3.1115, 0), (2.0828001, 3.1115, 0.055880006), (1.8288001, 3.1115, -1.6502443e-14), (2.0828001, 1.41478, 0.055880006), (2.0828001, 1.6941801, 0.24637999), (2.0828001, 1.6941801, 0.055880006), (2.0828001, 1.6941801, 0.24637999), (2.081972, 1.7033149, 0.24637999), (2.0828001, 1.6941801, 0.055880006), (2.0828001, 1.6941801, 0.055880006), (2.081972, 1.7033149, 0.24637999), (2.081972, 1.7033149, 0.055880006), (2.081972, 1.7033149, 0.055880006), (2.081972, 1.7033149, 0.24637999), (2.0795147, 1.7121522, 0.24637999), (2.081972, 1.7033149, 0.055880006), (2.0795147, 1.7121522, 0.24637999), (2.0795147, 1.7121522, 0.055880006), (2.0795147, 1.7121522, 0.055880006), (2.0795147, 1.7121522, 0.24637999), (2.0755084, 1.7204034, 0.24637999), (2.0795147, 1.7121522, 0.055880006), (2.0755084, 1.7204034, 0.24637999), (2.0755084, 1.7204034, 0.055880006), (2.0755084, 1.7204034, 0.055880006), (2.0755084, 1.7204034, 0.24637999), (2.0700834, 1.7277998, 0.24637999), (2.0755084, 1.7204034, 0.055880006), (2.0700834, 1.7277998, 0.24637999), (2.0700834, 1.7277998, 0.055880006), (2.0700834, 1.7277998, 0.055880006), (2.0700834, 1.7277998, 0.24637999), (2.063417, 1.7341001, 0.24637999), (2.0700834, 1.7277998, 0.055880006), (2.063417, 1.7341001, 0.24637999), (2.063417, 1.7341001, 0.055880006), (2.063417, 1.7341001, 0.055880006), (2.063417, 1.7341001, 0.24637999), (2.0557265, 1.7390987, 0.24637999), (2.063417, 1.7341001, 0.055880006), (2.0557265, 1.7390987, 0.24637999), (2.0557265, 1.7390987, 0.055880006), (2.0557265, 1.7390987, 0.055880006), (2.0557265, 1.7390987, 0.24637999), (2.0472622, 1.7426332, 0.24637999), (2.0557265, 1.7390987, 0.055880006), (2.0472622, 1.7426332, 0.24637999), (2.0472622, 1.7426332, 0.055880006), (2.0472622, 1.7426332, 0.055880006), (2.0472622, 1.7426332, 0.24637999), (2.0383008, 1.7445877, 0.24637999), (2.0472622, 1.7426332, 0.055880006), (2.0383008, 1.7445877, 0.24637999), (2.0383008, 1.7445877, 0.055880006), (2.0383008, 1.7445877, 0.055880006), (2.0383008, 1.7445877, 0.24637999), (2.0291333, 1.7448992, 0.24637999), (2.0383008, 1.7445877, 0.055880006), (2.0291333, 1.7448992, 0.24637999), (2.0291333, 1.7448992, 0.055880006), (2.0291333, 1.7448992, 0.055880006), (2.0291333, 1.7448992, 0.24637999), (2.0200596, 1.7435569, 0.24637999), (2.0291333, 1.7448992, 0.055880006), (2.0200596, 1.7435569, 0.24637999), (2.0200596, 1.7435569, 0.055880006), (2.0200596, 1.7435569, 0.055880006), (2.0200596, 1.7435569, 0.24637999), (2.0113752, 1.7406049, 0.24637999), (2.0200596, 1.7435569, 0.055880006), (2.0113752, 1.7406049, 0.24637999), (2.0113752, 1.7406049, 0.055880006), (2.0113752, 1.7406049, 0.055880006), (2.0113752, 1.7406049, 0.24637999), (2.0033634, 1.7361392, 0.24637999), (2.0113752, 1.7406049, 0.055880006), (2.0033634, 1.7361392, 0.24637999), (2.0033634, 1.7361392, 0.055880006), (2.0033634, 1.7361392, 0.055880006), (2.0033634, 1.7361392, 0.24637999), (1.996285, 1.7303057, 0.055880006), (1.996285, 1.7303057, 0.055880006), (2.0033634, 1.7361392, 0.24637999), (1.996285, 1.7303057, 0.24637999), (1.996285, 1.7303057, 0.055880006), (1.996285, 1.7303057, 0.24637999), (1.843885, 1.5796373, 0.055880006), (1.843885, 1.5796373, 0.055880006), (1.996285, 1.7303057, 0.24637999), (1.843885, 1.5796373, 0.24637999), (1.1502076, 1.6042564, 0.24637999), (1.843885, 1.5796373, 0.24637999), (1.996285, 1.7303057, 0.24637999), (1.1502076, 1.6042564, 0.24637999), (1.996285, 1.7303057, 0.24637999), (0.9978074, 1.7329876, 0.24637999), (0.9978074, 1.7329876, 0.24637999), (1.996285, 1.7303057, 0.24637999), (2.016523, 1.7425649, 0.24637999), (0.9978074, 1.7329876, 0.24637999), (2.016523, 1.7425649, 0.24637999), (0.9717811, 1.7445287, 0.24637999), (0.9717811, 1.7445287, 0.24637999), (2.016523, 1.7425649, 0.24637999), (2.040119, 1.7443272, 0.24637999), (0.9717811, 1.7445287, 0.24637999), (2.040119, 1.7443272, 0.24637999), (2.0828001, 1.7462976, 0.24637999), (2.0828001, 1.7462976, 0.24637999), (0.05727228, 1.7462974, 0.24637999), (0.9717811, 1.7445287, 0.24637999), (0.9717811, 1.7445287, 0.24637999), (0.05727228, 1.7462974, 0.24637999), (0.9436332, 1.7402552, 0.24637999), (0.9436332, 1.7402552, 0.24637999), (0.05727228, 1.7462974, 0.24637999), (0.06673029, 1.7441491, 0.24637999), (0.9436332, 1.7402552, 0.24637999), (0.06673029, 1.7441491, 0.24637999), (0.07560761, 1.7402419, 0.24637999), (0.07560761, 1.7402419, 0.24637999), (0.083580695, 1.7347193, 0.24637999), (0.9436332, 1.7402552, 0.24637999), (0.9436332, 1.7402552, 0.24637999), (0.083580695, 1.7347193, 0.24637999), (0.9222051, 1.7215098, 0.24637999), (0.9222051, 1.7215098, 0.24637999), (0.083580695, 1.7347193, 0.24637999), (0.91422695, 1.6941801, 0.24637999), (0.91422695, 1.6941801, 0.24637999), (0.083580695, 1.7347193, 0.24637999), (0.23598085, 1.6059878, 0.24637999), (0.91422695, 1.6941801, 0.24637999), (0.23598085, 1.6059878, 0.24637999), (0.25148642, 1.5829616, 0.24637999), (0.25148642, 1.5829616, 0.24637999), (0.2525727, 1.5552226, 0.24637999), (0.91422695, 1.6941801, 0.24637999), (0.91422695, 1.6941801, 0.24637999), (0.2525727, 1.5552226, 0.24637999), (0.9142267, 1.4147801, 0.24637999), (0.9142267, 1.4147801, 0.24637999), (0.2525727, 1.5552226, 0.24637999), (0.23891523, 1.5310545, 0.24637999), (0.9142267, 1.4147801, 0.24637999), (0.23891523, 1.5310545, 0.24637999), (0.08651523, 1.380386, 0.24637999), (0.08651523, 1.380386, 0.24637999), (0.9192291, 1.3927976, 0.24637999), (0.9142267, 1.4147801, 0.24637999), (0.08651523, 1.380386, 0.24637999), (0.9332513, 1.3751445, 0.24637999), (0.9192291, 1.3927976, 0.24637999), (0.06627709, 1.3681267, 0.24637999), (0.9332513, 1.3751445, 0.24637999), (0.08651523, 1.380386, 0.24637999), (0.9332513, 1.3751445, 0.24637999), (0.06627709, 1.3681267, 0.24637999), (0.9535318, 1.3652976, 0.24637999), (0.9535318, 1.3652976, 0.24637999), (0.06627709, 1.3681267, 0.24637999), (0.042681158, 1.3663646, 0.24637999), (0.9535318, 1.3652976, 0.24637999), (0.042681158, 1.3663646, 0.24637999), (-5.3156284e-24, 1.3652977, 0.24637999), (-5.3156284e-24, 1.3652977, 0.24637999), (0.042681158, 1.3663646, 0.24637999), (0.020846616, 1.375482, 0.24637999), (-5.3156284e-24, 1.3652977, 0.24637999), (0.020846616, 1.375482, 0.24637999), (0.005510503, 1.3935007, 0.24637999), (0.005510503, 1.3935007, 0.24637999), (-1.9897913e-11, 1.4165119, 0.24637999), (-5.3156284e-24, 1.3652977, 0.24637999), (2.0828001, 1.7462976, 0.24637999), (2.040119, 1.7443272, 0.24637999), (2.0619533, 1.7352098, 0.24637999), (2.0828001, 1.7462976, 0.24637999), (2.0619533, 1.7352098, 0.24637999), (2.0772896, 1.7171912, 0.24637999), (2.0772896, 1.7171912, 0.24637999), (2.0828001, 1.6941801, 0.24637999), (2.0828001, 1.7462976, 0.24637999), (2.0828001, 1.6941801, 0.24637999), (2.0828001, 1.7462976, 0.30226), (2.0828001, 1.7462976, 0.24637999), (2.0828001, 1.3652977, 0.30226), (2.0828001, 1.7462976, 0.30226), (2.0828001, 1.6941801, 0.24637999), (2.0828001, 1.41478, 0.24637999), (2.0828001, 1.3652977, 0.30226), (2.0828001, 1.6941801, 0.24637999), (2.0828001, 1.41478, 0.24637999), (2.0828001, 1.6941801, 0.24637999), (2.0828001, 1.41478, 0.055880006), (2.0828001, 1.3652976, 0.24637999), (2.0828001, 1.3652977, 0.30226), (2.0828001, 1.41478, 0.24637999), (1.1657131, 1.5812299, 0.24637999), (1.843885, 1.5796373, 0.24637999), (1.1502076, 1.6042564, 0.24637999), (1.1657131, 1.5812299, 0.24637999), (1.8302273, 1.555469, 0.24637999), (1.843885, 1.5796373, 0.24637999), (1.1667993, 1.5534911, 0.24637999), (1.8302273, 1.555469, 0.24637999), (1.1657131, 1.5812299, 0.24637999), (1.1667993, 1.5534911, 0.24637999), (1.8313136, 1.52773, 0.24637999), (1.8302273, 1.555469, 0.24637999), (1.153142, 1.5293227, 0.24637999), (1.8313136, 1.52773, 0.24637999), (1.1667993, 1.5534911, 0.24637999), (1.153142, 1.5293227, 0.24637999), (1.8468189, 1.5047036, 0.24637999), (1.8313136, 1.52773, 0.24637999), (1.0007418, 1.3786542, 0.24637999), (1.8468189, 1.5047036, 0.24637999), (1.153142, 1.5293227, 0.24637999), (1.0007418, 1.3786542, 0.24637999), (1.9992192, 1.3759723, 0.24637999), (1.8468189, 1.5047036, 0.24637999), (0.9935373, 1.372735, 0.24637999), (1.9992192, 1.3759723, 0.24637999), (1.0007418, 1.3786542, 0.24637999), (0.9939297, 1.3730037, 0.055880006), (0.9935373, 1.372735, 0.24637999), (1.0007418, 1.3786542, 0.24637999), (0.9939297, 1.3730037, 0.055880006), (1.0007418, 1.3786542, 0.24637999), (1.0007418, 1.3786542, 0.055880006), (0.9862399, 1.3686211, 0.055880006), (0.9935373, 1.372735, 0.24637999), (0.9939297, 1.3730037, 0.055880006), (0.9862399, 1.3686211, 0.055880006), (0.98537225, 1.3682321, 0.24637999), (0.9935373, 1.372735, 0.24637999), (2.0057216, 1.3713052, 0.24637999), (0.9935373, 1.372735, 0.24637999), (0.98537225, 1.3682321, 0.24637999), (2.0057216, 1.3713052, 0.24637999), (0.98537225, 1.3682321, 0.24637999), (2.012876, 1.3677174, 0.24637999), (2.012876, 1.3677174, 0.24637999), (0.98537225, 1.3682321, 0.24637999), (0.9765216, 1.3652976, 0.24637999), (2.012876, 1.3677174, 0.24637999), (0.9765216, 1.3652976, 0.24637999), (2.0205054, 1.3652977, 0.24637999), (0.9779062, 1.3656398, 0.055880006), (0.9765216, 1.3652976, 0.24637999), (0.98537225, 1.3682321, 0.24637999), (0.9779062, 1.3656398, 0.055880006), (0.98537225, 1.3682321, 0.24637999), (0.9862399, 1.3686211, 0.055880006), (0.9779062, 1.3656398, 0.055880006), (0.9708117, 1.364311, 0.24637999), (0.9765216, 1.3652976, 0.24637999), (0.9691818, 1.3641503, 0.055880006), (0.9708117, 1.364311, 0.24637999), (0.9779062, 1.3656398, 0.055880006), (0.9691818, 1.3641503, 0.055880006), (0.9650268, 1.3639799, 0.24637999), (0.9708117, 1.364311, 0.24637999), (0.9603311, 1.3641974, 0.055880006), (0.9650268, 1.3639799, 0.24637999), (0.9691818, 1.3641503, 0.055880006), (0.9603311, 1.3641974, 0.055880006), (0.9592417, 1.364311, 0.24637999), (0.9650268, 1.3639799, 0.24637999), (0.9603311, 1.3641974, 0.055880006), (0.9535318, 1.3652976, 0.24637999), (0.9592417, 1.364311, 0.24637999), (0.95162284, 1.3657801, 0.055880006), (0.9535318, 1.3652976, 0.24637999), (0.9603311, 1.3641974, 0.055880006), (0.95162284, 1.3657801, 0.055880006), (0.94542813, 1.3679128, 0.24637999), (0.9535318, 1.3652976, 0.24637999), (0.94332147, 1.3688504, 0.055880006), (0.94542813, 1.3679128, 0.24637999), (0.95162284, 1.3657801, 0.055880006), (0.94332147, 1.3688504, 0.055880006), (0.9378753, 1.3718446, 0.24637999), (0.94542813, 1.3679128, 0.24637999), (0.9356791, 1.3733149, 0.055880006), (0.9378753, 1.3718446, 0.24637999), (0.94332147, 1.3688504, 0.055880006), (0.9356791, 1.3733149, 0.055880006), (0.93108517, 1.376983, 0.24637999), (0.9378753, 1.3718446, 0.24637999), (0.92892754, 1.379038, 0.055880006), (0.93108517, 1.376983, 0.24637999), (0.9356791, 1.3733149, 0.055880006), (0.92892754, 1.379038, 0.055880006), (0.9252487, 1.3831834, 0.24637999), (0.93108517, 1.376983, 0.24637999), (0.92327183, 1.385846, 0.055880006), (0.9252487, 1.3831834, 0.24637999), (0.92892754, 1.379038, 0.055880006), (0.92327183, 1.385846, 0.055880006), (0.9205298, 1.3902712, 0.24637999), (0.9252487, 1.3831834, 0.24637999), (0.91888356, 1.3935325, 0.055880006), (0.9205298, 1.3902712, 0.24637999), (0.92327183, 1.385846, 0.055880006), (0.91888356, 1.3935325, 0.055880006), (0.91706115, 1.3980479, 0.24637999), (0.9205298, 1.3902712, 0.24637999), (0.915896, 1.4018639, 0.055880006), (0.91706115, 1.3980479, 0.24637999), (0.91888356, 1.3935325, 0.055880006), (0.915896, 1.4018639, 0.055880006), (0.91494024, 1.406295, 0.24637999), (0.91706115, 1.3980479, 0.24637999), (0.91440004, 1.4105873, 0.055880006), (0.91494024, 1.406295, 0.24637999), (0.915896, 1.4018639, 0.055880006), (0.91440004, 1.4105873, 0.055880006), (0.9142267, 1.41478, 0.24637999), (0.91494024, 1.406295, 0.24637999), (0.91430396, 1.411983, 0.05588001), (0.9142267, 1.41478, 0.24637999), (0.91440004, 1.4105873, 0.055880006), (0.9142461, 1.4133811, 0.05588001), (0.9142267, 1.41478, 0.24637999), (0.91430396, 1.411983, 0.05588001), (0.9142267, 1.41478, 0.055880006), (0.9142267, 1.41478, 0.24637999), (0.9142461, 1.4133811, 0.05588001), (0.9142267, 1.6941799, 0.055880006), (0.9142267, 1.41478, 0.24637999), (0.9142267, 1.41478, 0.055880006), (0.9142267, 1.6941801, 0.24637999), (0.9142267, 1.41478, 0.24637999), (0.9142267, 1.6941799, 0.055880006), (1.9992192, 1.3759723, 0.24637999), (0.9935373, 1.372735, 0.24637999), (2.0057216, 1.3713052, 0.24637999), (2.0828001, 6.77585e-23, 0.055880006), (2.0828001, 0.0508, 0.055880006), (2.0828001, 0, 0), (2.0828001, 0.33020002, 0.24637999), (2.0828001, 0.38100004, 0.30226), (2.0828001, 0.38100004, 0.24637999), (2.0828001, 0.38100004, 0.30226), (-5.7364797e-8, 0.38100004, 0.30226), (2.0828001, 0.38100004, 0.24637999), (2.0828001, 0.38100004, 0.24637999), (-5.7364797e-8, 0.38100004, 0.30226), (-1.9515873e-8, 0.38100004, 0.24637999), (2.0828001, 0.38100004, 0.30226), (2.0828001, 1.3652977, 0.30226), (1.8295264, 1.3652976, 0.30226), (2.0828001, 0.38100004, 0.30226), (1.8295264, 1.3652976, 0.30226), (1.8295264, 0.381, 0.30226), (2.0835264, 3.1115954, 0.30226), (2.0835264, 0.00009525178, 0.35814), (2.0835264, 3.1115954, 0.35814), (2.0835264, 0.00009525178, 0.35814), (1.8295264, 3.1115952, 0.35814), (2.0835264, 3.1115954, 0.35814), (1.8295261, 0.00009515487, 0.35814), (1.8295264, 3.1115952, 0.35814), (2.0835264, 0.00009525178, 0.35814), (-1.379982e-9, 0.00009518799, 0.35814), (0.254, 3.1115954, 0.35814), (0.254, 0.00009518799, 0.35814), (0.254, 3.1115954, 0.30226), (0.254, 0.00009518799, 0.35814), (0.254, 3.1115954, 0.35814), (0.254, 0.000059493028, 0.30226), (0.254, 0.00009518799, 0.35814), (0.254, 3.1115954, 0.30226), (-1.9515864e-8, 3.1115952, 0.35814), (0.254, 3.1115954, 0.35814), (-1.379982e-9, 0.00009518799, 0.35814), (1.168763, 0.00009518799, 0.35814), (0.9147632, 3.1115952, 0.35814), (1.168763, 3.1115954, 0.35814), (1.168763, 3.1115954, 0.30226), (1.168763, 0.00009518799, 0.35814), (1.168763, 3.1115954, 0.35814), (1.168763, 0.000059493028, 0.30226), (1.168763, 0.00009518799, 0.35814), (1.168763, 3.1115954, 0.30226), (0.91476303, 0.00009518799, 0.35814), (0.9147632, 3.1115952, 0.35814), (1.168763, 0.00009518799, 0.35814), (0.91476303, 0.00009518799, 0.35814), (1.168763, 0.00009518799, 0.35814), (0.91476303, 0.00009518799, 0.30226), (0.91476303, 0.00009518799, 0.30226), (1.168763, 0.00009518799, 0.35814), (1.1687632, 0.00009518799, 0.30226), (0.91424644, 0.33159897, 0.05588001), (0.91422695, 0.33019996, 0.24637999), (0.91422695, 0.33019993, 0.05588001), (0.9143043, 0.33299693, 0.05588001), (0.91422695, 0.33019996, 0.24637999), (0.91424644, 0.33159897, 0.05588001), (0.9144003, 0.33439285, 0.055880006), (0.91422695, 0.33019996, 0.24637999), (0.9143043, 0.33299693, 0.05588001), (0.9144003, 0.33439285, 0.055880006), (0.9150009, 0.33903384, 0.24637999), (0.91422695, 0.33019996, 0.24637999), (0.91600156, 0.34350958, 0.055880006), (0.9150009, 0.33903384, 0.24637999), (0.9144003, 0.33439285, 0.055880006), (0.91600156, 0.34350958, 0.055880006), (0.91729933, 0.34759855, 0.24637999), (0.9150009, 0.33903384, 0.24637999), (0.9192304, 0.3521844, 0.055880006), (0.91729933, 0.34759855, 0.24637999), (0.91600156, 0.34350958, 0.055880006), (0.9192304, 0.3521844, 0.055880006), (0.921052, 0.35563305, 0.24637999), (0.91729933, 0.34759855, 0.24637999), (0.9239799, 0.36012933, 0.055880006), (0.921052, 0.35563305, 0.24637999), (0.9192304, 0.3521844, 0.055880006), (0.9239799, 0.36012933, 0.055880006), (0.9261447, 0.36289257, 0.24637999), (0.921052, 0.35563305, 0.24637999), (0.9300921, 0.36708057, 0.055880006), (0.9261447, 0.36289257, 0.24637999), (0.9239799, 0.36012933, 0.055880006), (0.9300921, 0.36708057, 0.055880006), (0.9324222, 0.36915588, 0.24637999), (0.9261447, 0.36289257, 0.24637999), (0.93736416, 0.37280735, 0.055880006), (0.9324222, 0.36915588, 0.24637999), (0.9300921, 0.36708057, 0.055880006), (0.93736416, 0.37280735, 0.055880006), (0.9396933, 0.37423214, 0.24637999), (0.9324222, 0.36915588, 0.24637999), (0.94555455, 0.3771195, 0.055880006), (0.9396933, 0.37423214, 0.24637999), (0.93736416, 0.37280735, 0.055880006), (0.94555455, 0.3771195, 0.055880006), (0.9477363, 0.3779666, 0.24637999), (0.9396933, 0.37423214, 0.24637999), (0.95439154, 0.37987393, 0.055880006), (0.9477363, 0.3779666, 0.24637999), (0.94555455, 0.3771195, 0.055880006), (0.95439154, 0.37987393, 0.055880006), (0.9563062, 0.38024554, 0.24637999), (0.9477363, 0.3779666, 0.24637999), (0.9635816, 0.38097906, 0.055880006), (0.9563062, 0.38024554, 0.24637999), (0.95439154, 0.37987393, 0.055880006), (0.9635816, 0.38097906, 0.055880006), (0.96514183, 0.3809995, 0.24637999), (0.9563062, 0.38024554, 0.24637999), (0.97281957, 0.3803983, 0.055880006), (0.96514183, 0.3809995, 0.24637999), (0.9635816, 0.38097906, 0.055880006), (0.97281957, 0.3803983, 0.055880006), (0.9739739, 0.3802055, 0.24637999), (0.96514183, 0.3809995, 0.24637999), (0.9817988, 0.37815094, 0.055880006), (0.9739739, 0.3802055, 0.24637999), (0.97281957, 0.3803983, 0.055880006), (0.9817988, 0.37815094, 0.055880006), (0.98253334, 0.37788773, 0.24637999), (0.9739739, 0.3802055, 0.24637999), (0.9902213, 0.37431157, 0.055880006), (0.98253334, 0.37788773, 0.24637999), (0.9817988, 0.37815094, 0.055880006), (0.9902213, 0.37431157, 0.055880006), (0.9905594, 0.37411678, 0.24637999), (0.98253334, 0.37788773, 0.24637999), (0.9978073, 0.3690076, 0.055880006), (0.9905594, 0.37411678, 0.24637999), (0.9902213, 0.37431157, 0.055880006), (0.9978073, 0.3690076, 0.24637999), (0.9905594, 0.37411678, 0.24637999), (0.9978073, 0.3690076, 0.055880006), (0.0794368, 0.010572412, 0.055880006), (0.0865152, 0.016405933, 0.24637999), (0.0865152, 0.016405933, 0.055880006), (0.0794368, 0.010572412, 0.055880006), (0.079436794, 0.01057241, 0.24637999), (0.0865152, 0.016405933, 0.24637999), (0.071424775, 0.00610684, 0.055880006), (0.079436794, 0.01057241, 0.24637999), (0.0794368, 0.010572412, 0.055880006), (0.071424775, 0.00610684, 0.055880006), (0.071424775, 0.006106839, 0.24637999), (0.079436794, 0.01057241, 0.24637999), (0.06274035, 0.0031548056, 0.055880006), (0.071424775, 0.006106839, 0.24637999), (0.071424775, 0.00610684, 0.055880006), (0.06274035, 0.0031548056, 0.055880006), (0.06274034, 0.003154805, 0.24637999), (0.071424775, 0.006106839, 0.24637999), (0.05366663, 0.0018125498, 0.055880006), (0.06274034, 0.003154805, 0.24637999), (0.06274035, 0.0031548056, 0.055880006), (0.05366663, 0.0018125498, 0.055880006), (0.05366663, 0.0018125498, 0.24637999), (0.06274034, 0.003154805, 0.24637999), (0.044499464, 0.0021238336, 0.055880006), (0.05366663, 0.0018125498, 0.24637999), (0.05366663, 0.0018125498, 0.055880006), (0.044499464, 0.0021238336, 0.055880006), (0.044499464, 0.0021238336, 0.24637999), (0.05366663, 0.0018125498, 0.24637999), (0.03553771, 0.004078508, 0.055880006), (0.044499464, 0.0021238336, 0.24637999), (0.044499464, 0.0021238336, 0.055880006), (0.03553771, 0.004078508, 0.055880006), (0.035537705, 0.004078509, 0.24637999), (0.044499464, 0.0021238336, 0.24637999), (0.027073529, 0.0076128477, 0.055880006), (0.035537705, 0.004078509, 0.24637999), (0.03553771, 0.004078508, 0.055880006), (0.027073529, 0.0076128477, 0.055880006), (0.027073529, 0.007612848, 0.24637999), (0.035537705, 0.004078509, 0.24637999), (0.019382881, 0.012611626, 0.055880006), (0.027073529, 0.007612848, 0.24637999), (0.027073529, 0.0076128477, 0.055880006), (0.019382881, 0.012611626, 0.055880006), (0.01938288, 0.012611627, 0.24637999), (0.027073529, 0.007612848, 0.24637999), (0.012716492, 0.01891187, 0.055880006), (0.01938288, 0.012611627, 0.24637999), (0.019382881, 0.012611626, 0.055880006), (0.012716492, 0.01891187, 0.055880006), (0.01271649, 0.018911872, 0.24637999), (0.01938288, 0.012611627, 0.24637999), (0.0072916974, 0.026308186, 0.055880006), (0.01271649, 0.018911872, 0.24637999), (0.012716492, 0.01891187, 0.055880006), (0.0072916974, 0.026308186, 0.055880006), (0.007291696, 0.026308186, 0.24637999), (0.01271649, 0.018911872, 0.24637999), (0.003285358, 0.034559432, 0.055880006), (0.007291696, 0.026308186, 0.24637999), (0.0072916974, 0.026308186, 0.055880006), (0.003285358, 0.034559432, 0.055880006), (0.0032853577, 0.034559436, 0.24637999), (0.007291696, 0.026308186, 0.24637999), (0.00082808867, 0.04339661, 0.055880006), (0.0032853577, 0.034559436, 0.24637999), (0.003285358, 0.034559432, 0.055880006), (0.00082808867, 0.04339661, 0.055880006), (0.0008280884, 0.04339661, 0.24637999), (0.0032853577, 0.034559436, 0.24637999), (3.524951e-17, 0.052531604, 0.055880006), (0.0008280884, 0.04339661, 0.24637999), (0.00082808867, 0.04339661, 0.055880006), (-1.00527656e-10, 0.052531604, 0.24637999), (0.0008280884, 0.04339661, 0.24637999), (3.524951e-17, 0.052531604, 0.055880006), (0.24194446, 0.23605585, 0.055880006), (0.23598087, 0.24200791, 0.24637999), (0.23598087, 0.24200791, 0.055880006), (0.24194446, 0.23605585, 0.055880006), (0.24194446, 0.23605585, 0.24637999), (0.23598087, 0.24200791, 0.24637999), (0.24684222, 0.2291999, 0.055880006), (0.24194446, 0.23605585, 0.24637999), (0.24194446, 0.23605585, 0.055880006), (0.24684222, 0.2291999, 0.055880006), (0.24684222, 0.2291999, 0.24637999), (0.24194446, 0.23605585, 0.24637999), (0.2505394, 0.22162874, 0.055880006), (0.24684222, 0.2291999, 0.24637999), (0.24684222, 0.2291999, 0.055880006), (0.2505394, 0.22162874, 0.055880006), (0.2505394, 0.22162874, 0.24637999), (0.24684222, 0.2291999, 0.24637999), (0.25293434, 0.21355063, 0.055880006), (0.2505394, 0.22162874, 0.24637999), (0.2505394, 0.22162874, 0.055880006), (0.25293434, 0.21355063, 0.055880006), (0.25293434, 0.21355063, 0.24637999), (0.2505394, 0.22162874, 0.24637999), (0.25396112, 0.20518775, 0.055880006), (0.25293434, 0.21355063, 0.24637999), (0.25293434, 0.21355063, 0.055880006), (0.25396112, 0.20518775, 0.055880006), (0.25396112, 0.20518775, 0.24637999), (0.25293434, 0.21355063, 0.24637999), (0.25359145, 0.19677024, 0.055880006), (0.25396112, 0.20518775, 0.24637999), (0.25396112, 0.20518775, 0.055880006), (0.25359145, 0.19677024, 0.055880006), (0.25359145, 0.19677024, 0.24637999), (0.25396112, 0.20518775, 0.24637999), (0.25183555, 0.18852954, 0.055880006), (0.25359145, 0.19677024, 0.24637999), (0.25359145, 0.19677024, 0.055880006), (0.25183555, 0.18852954, 0.055880006), (0.25183555, 0.18852954, 0.24637999), (0.25359145, 0.19677024, 0.24637999), (0.24874175, 0.18069246, 0.055880006), (0.25183555, 0.18852954, 0.24637999), (0.25183555, 0.18852954, 0.055880006), (0.24874175, 0.18069246, 0.055880006), (0.24874175, 0.18069246, 0.24637999), (0.25183555, 0.18852954, 0.24637999), (0.2443951, 0.17347455, 0.055880006), (0.24874175, 0.18069246, 0.24637999), (0.24874175, 0.18069246, 0.055880006), (0.2443951, 0.17347455, 0.055880006), (0.2443951, 0.17347455, 0.24637999), (0.24874175, 0.18069246, 0.24637999), (0.23891522, 0.16707434, 0.055880006), (0.2443951, 0.17347455, 0.24637999), (0.2443951, 0.17347455, 0.055880006), (0.23891522, 0.16707434, 0.24637999), (0.2443951, 0.17347455, 0.24637999), (0.23891522, 0.16707434, 0.055880006), (0.0865152, 0.016405933, 0.055880006), (0.23891522, 0.16707434, 0.24637999), (0.23891522, 0.16707434, 0.055880006), (0.0865152, 0.01640593, 0.24637999), (0.23891522, 0.16707434, 0.24637999), (0.0865152, 0.016405933, 0.055880006), (1.1502076, 0.24027628, 0.055880006), (0.9978076, 0.36900792, 0.24637999), (0.9978076, 0.36900792, 0.055880006), (1.1502076, 0.24027628, 0.24637999), (0.9978076, 0.36900792, 0.24637999), (1.1502076, 0.24027628, 0.055880006), (1.1561711, 0.23432419, 0.055880006), (1.1502076, 0.24027628, 0.24637999), (1.1502076, 0.24027628, 0.055880006), (1.1561711, 0.23432419, 0.055880006), (1.1561711, 0.23432419, 0.24637999), (1.1502076, 0.24027628, 0.24637999), (1.1610688, 0.22746827, 0.055880006), (1.1561711, 0.23432419, 0.24637999), (1.1561711, 0.23432419, 0.055880006), (1.1610688, 0.22746827, 0.055880006), (1.1610688, 0.22746827, 0.24637999), (1.1561711, 0.23432419, 0.24637999), (1.1647661, 0.21989712, 0.055880006), (1.1610688, 0.22746827, 0.24637999), (1.1610688, 0.22746827, 0.055880006), (1.1647661, 0.21989712, 0.055880006), (1.1647661, 0.21989712, 0.24637999), (1.1610688, 0.22746827, 0.24637999), (1.167161, 0.211819, 0.055880006), (1.1647661, 0.21989712, 0.24637999), (1.1647661, 0.21989712, 0.055880006), (1.167161, 0.211819, 0.055880006), (1.167161, 0.211819, 0.24637999), (1.1647661, 0.21989712, 0.24637999), (1.1681877, 0.20345613, 0.055880006), (1.167161, 0.211819, 0.24637999), (1.167161, 0.211819, 0.055880006), (1.1681877, 0.20345613, 0.055880006), (1.1681877, 0.20345613, 0.24637999), (1.167161, 0.211819, 0.24637999), (1.1678181, 0.19503859, 0.055880006), (1.1681877, 0.20345613, 0.24637999), (1.1681877, 0.20345613, 0.055880006), (1.1678181, 0.19503859, 0.055880006), (1.1678181, 0.19503859, 0.24637999), (1.1681877, 0.20345613, 0.24637999), (1.1660621, 0.18679795, 0.055880006), (1.1678181, 0.19503859, 0.24637999), (1.1678181, 0.19503859, 0.055880006), (1.1660621, 0.18679795, 0.055880006), (1.1660621, 0.18679795, 0.24637999), (1.1678181, 0.19503859, 0.24637999), (1.1629684, 0.17896084, 0.055880006), (1.1660621, 0.18679795, 0.24637999), (1.1660621, 0.18679795, 0.055880006), (1.1629684, 0.17896084, 0.055880006), (1.1629684, 0.17896084, 0.24637999), (1.1660621, 0.18679795, 0.24637999), (1.1586217, 0.17174293, 0.055880006), (1.1629684, 0.17896084, 0.24637999), (1.1629684, 0.17896084, 0.055880006), (1.1586217, 0.17174293, 0.055880006), (1.1586217, 0.17174292, 0.24637999), (1.1629684, 0.17896084, 0.24637999), (1.1531419, 0.16534273, 0.055880006), (1.1586217, 0.17174292, 0.24637999), (1.1586217, 0.17174293, 0.055880006), (1.1531419, 0.16534273, 0.24637999), (1.1586217, 0.17174292, 0.24637999), (1.1531419, 0.16534273, 0.055880006), (0.9142267, 3.05816, 0.24637999), (0.9142267, 2.77876, 0.24637999), (0.9142267, 3.05816, 0.055880006), (0.9142267, 3.05816, 0.055880006), (0.9142267, 2.77876, 0.24637999), (0.9142267, 2.77876, 0.055880006), (0.9142267, 2.77876, 0.055880006), (0.9142267, 2.77876, 0.24637999), (0.9142461, 2.777361, 0.05588001), (0.9142461, 2.777361, 0.05588001), (0.9142267, 2.77876, 0.24637999), (0.91430396, 2.775963, 0.05588001), (0.91430396, 2.775963, 0.05588001), (0.9142267, 2.77876, 0.24637999), (0.91440004, 2.7745674, 0.055880006), (0.91440004, 2.7745674, 0.055880006), (0.9142267, 2.77876, 0.24637999), (0.9150547, 2.769625, 0.24637999), (0.91440004, 2.7745674, 0.055880006), (0.9150547, 2.769625, 0.24637999), (0.9158961, 2.7658439, 0.055880006), (0.9158961, 2.7658439, 0.055880006), (0.9150547, 2.769625, 0.24637999), (0.91751206, 2.7607882, 0.24637999), (0.9158961, 2.7658439, 0.055880006), (0.91751206, 2.7607882, 0.24637999), (0.9188837, 2.757512, 0.055880006), (0.9188837, 2.757512, 0.055880006), (0.91751206, 2.7607882, 0.24637999), (0.92151845, 2.7525365, 0.24637999), (0.9188837, 2.757512, 0.055880006), (0.92151845, 2.7525365, 0.24637999), (0.92327183, 2.7498262, 0.055880006), (0.92327183, 2.7498262, 0.055880006), (0.92151845, 2.7525365, 0.24637999), (0.9269431, 2.74514, 0.24637999), (0.92327183, 2.7498262, 0.055880006), (0.9269431, 2.74514, 0.24637999), (0.9289276, 2.743018, 0.055880006), (0.9289276, 2.743018, 0.055880006), (0.9269431, 2.74514, 0.24637999), (0.9336096, 2.73884, 0.24637999), (0.9289276, 2.743018, 0.055880006), (0.9336096, 2.73884, 0.24637999), (0.9356791, 2.7372947, 0.055880006), (0.9356791, 2.7372947, 0.055880006), (0.9336096, 2.73884, 0.24637999), (0.94130015, 2.7338414, 0.24637999), (0.9356791, 2.7372947, 0.055880006), (0.94130015, 2.7338414, 0.24637999), (0.9433216, 2.73283, 0.055880006), (0.9433216, 2.73283, 0.055880006), (0.94130015, 2.7338414, 0.24637999), (0.94976443, 2.7303066, 0.24637999), (0.9433216, 2.73283, 0.055880006), (0.94976443, 2.7303066, 0.24637999), (0.9516229, 2.7297602, 0.055880006), (0.9516229, 2.7297602, 0.055880006), (0.94976443, 2.7303066, 0.24637999), (0.95872617, 2.7283523, 0.24637999), (0.9516229, 2.7297602, 0.055880006), (0.95872617, 2.7283523, 0.24637999), (0.9603311, 2.7281775, 0.055880006), (0.9603311, 2.7281775, 0.055880006), (0.95872617, 2.7283523, 0.24637999), (0.96789336, 2.7280407, 0.24637999), (0.9603311, 2.7281775, 0.055880006), (0.96789336, 2.7280407, 0.24637999), (0.9691818, 2.72813, 0.055880006), (0.9691818, 2.72813, 0.055880006), (0.96789336, 2.7280407, 0.24637999), (0.9769671, 2.7293832, 0.24637999), (0.9691818, 2.72813, 0.055880006), (0.9769671, 2.7293832, 0.24637999), (0.9779064, 2.7296197, 0.055880006), (0.9779064, 2.7296197, 0.055880006), (0.9769671, 2.7293832, 0.24637999), (0.98565155, 2.732335, 0.24637999), (0.9779064, 2.7296197, 0.055880006), (0.98565155, 2.732335, 0.24637999), (0.98623997, 2.7326014, 0.055880006), (0.98623997, 2.7326014, 0.055880006), (0.98565155, 2.732335, 0.24637999), (0.99366355, 2.7368007, 0.24637999), (0.98623997, 2.7326014, 0.055880006), (0.99366355, 2.7368007, 0.24637999), (0.9939297, 2.7369835, 0.055880006), (0.9939297, 2.7369835, 0.055880006), (0.99366355, 2.7368007, 0.24637999), (1.0007418, 2.7426343, 0.24637999), (0.9939297, 2.7369835, 0.055880006), (1.0007418, 2.7426343, 0.24637999), (1.0007418, 2.7426343, 0.055880006), (0.08651518, 2.7443662, 0.055880006), (0.08081004, 2.7395031, 0.24637999), (0.086515196, 2.7443662, 0.24637999), (0.07943675, 2.7385325, 0.055880006), (0.08081004, 2.7395031, 0.24637999), (0.08651518, 2.7443662, 0.055880006), (0.07943675, 2.7385325, 0.055880006), (0.07445141, 2.7355332, 0.24637999), (0.08081004, 2.7395031, 0.24637999), (0.07142472, 2.734067, 0.055880006), (0.07445141, 2.7355332, 0.24637999), (0.07943675, 2.7385325, 0.055880006), (0.07142472, 2.734067, 0.055880006), (0.067577764, 2.732542, 0.24637999), (0.07445141, 2.7355332, 0.24637999), (0.06274028, 2.7311149, 0.055880006), (0.067577764, 2.732542, 0.24637999), (0.07142472, 2.734067, 0.055880006), (0.06274028, 2.7311149, 0.055880006), (0.06033879, 2.730595, 0.24637999), (0.067577764, 2.732542, 0.24637999), (0.053666558, 2.7297728, 0.055880006), (0.06033879, 2.730595, 0.24637999), (0.06274028, 2.7311149, 0.055880006), (0.053666558, 2.7297728, 0.055880006), (0.055590637, 2.7299185, 0.24637999), (0.06033879, 2.730595, 0.24637999), (0.053666558, 2.7297728, 0.055880006), (0.050800014, 2.729692, 0.24637999), (0.055590637, 2.7299185, 0.24637999), (0.044499382, 2.730084, 0.055880006), (0.050800014, 2.729692, 0.24637999), (0.053666558, 2.7297728, 0.055880006), (0.044499382, 2.730084, 0.055880006), (0.046009388, 2.7299185, 0.24637999), (0.050800014, 2.729692, 0.24637999), (0.044499382, 2.730084, 0.055880006), (0.041261237, 2.730595, 0.24637999), (0.046009388, 2.7299185, 0.24637999), (0.03553762, 2.7320385, 0.055880006), (0.041261237, 2.730595, 0.24637999), (0.044499382, 2.730084, 0.055880006), (0.03553762, 2.7320385, 0.055880006), (0.032826964, 2.7329774, 0.24637999), (0.041261237, 2.730595, 0.24637999), (0.027073449, 2.7355728, 0.055880006), (0.032826964, 2.7329774, 0.24637999), (0.03553762, 2.7320385, 0.055880006), (0.027073449, 2.7355728, 0.055880006), (0.024927653, 2.7367737, 0.24637999), (0.032826964, 2.7329774, 0.24637999), (0.0193828, 2.7405715, 0.055880006), (0.024927653, 2.7367737, 0.24637999), (0.027073449, 2.7355728, 0.055880006), (0.0193828, 2.7405715, 0.055880006), (0.017798416, 2.7418714, 0.24637999), (0.024927653, 2.7367737, 0.24637999), (0.012716418, 2.7468722, 0.055880006), (0.017798416, 2.7418714, 0.24637999), (0.0193828, 2.7405715, 0.055880006), (0.012716418, 2.7468722, 0.055880006), (0.011651453, 2.7481182, 0.24637999), (0.017798416, 2.7418714, 0.24637999), (0.0072916374, 2.7542682, 0.055880006), (0.011651453, 2.7481182, 0.24637999), (0.012716418, 2.7468722, 0.055880006), (0.0072916374, 2.7542682, 0.055880006), (0.0066697253, 2.7553291, 0.24637999), (0.011651453, 2.7481182, 0.24637999), (0.0032853151, 2.7625196, 0.055880006), (0.0066697253, 2.7553291, 0.24637999), (0.0072916374, 2.7542682, 0.055880006), (0.0032853151, 2.7625196, 0.055880006), (0.0030015092, 2.7632885, 0.24637999), (0.0066697253, 2.7553291, 0.24637999), (0.0008280653, 2.7713568, 0.055880006), (0.0030015092, 2.7632885, 0.24637999), (0.0032853151, 2.7625196, 0.055880006), (0.0008280653, 2.7713568, 0.055880006), (0.00075598864, 2.7717602, 0.24637999), (0.0030015092, 2.7632885, 0.24637999), (5.9344104e-14, 2.7804916, 0.055880006), (0.00075598864, 2.7717602, 0.24637999), (0.0008280653, 2.7713568, 0.055880006), (-1.9284865e-11, 2.7804916, 0.24637999), (0.00075598864, 2.7717602, 0.24637999), (5.9344104e-14, 2.7804916, 0.055880006), (0.91424644, 1.695579, 0.05588001), (0.91422695, 1.6941801, 0.24637999), (0.91422695, 1.6941799, 0.05588001), (0.9143043, 1.6969768, 0.05588001), (0.91422695, 1.6941801, 0.24637999), (0.91424644, 1.695579, 0.05588001), (0.9144003, 1.6983727, 0.055880006), (0.91422695, 1.6941801, 0.24637999), (0.9143043, 1.6969768, 0.05588001), (0.9144003, 1.6983727, 0.055880006), (0.915001, 1.7030139, 0.24637999), (0.91422695, 1.6941801, 0.24637999), (0.91600156, 1.7074893, 0.055880006), (0.915001, 1.7030139, 0.24637999), (0.9144003, 1.6983727, 0.055880006), (0.91600156, 1.7074893, 0.055880006), (0.91729933, 1.7115786, 0.24637999), (0.915001, 1.7030139, 0.24637999), (0.9192304, 1.7161644, 0.055880006), (0.91729933, 1.7115786, 0.24637999), (0.91600156, 1.7074893, 0.055880006), (0.9192304, 1.7161644, 0.055880006), (0.9210521, 1.7196131, 0.24637999), (0.91729933, 1.7115786, 0.24637999), (0.9239799, 1.7241094, 0.055880006), (0.9210521, 1.7196131, 0.24637999), (0.9192304, 1.7161644, 0.055880006), (0.9239799, 1.7241094, 0.055880006), (0.9261448, 1.7268727, 0.24637999), (0.9210521, 1.7196131, 0.24637999), (0.9300919, 1.7310606, 0.055880006), (0.9261448, 1.7268727, 0.24637999), (0.9239799, 1.7241094, 0.055880006), (0.9300919, 1.7310606, 0.055880006), (0.93242234, 1.7331358, 0.24637999), (0.9261448, 1.7268727, 0.24637999), (0.937364, 1.7367873, 0.055880006), (0.93242234, 1.7331358, 0.24637999), (0.9300919, 1.7310606, 0.055880006), (0.937364, 1.7367873, 0.055880006), (0.9396935, 1.7382121, 0.24637999), (0.93242234, 1.7331358, 0.24637999), (0.9455545, 1.7410996, 0.055880006), (0.9396935, 1.7382121, 0.24637999), (0.937364, 1.7367873, 0.055880006), (0.9455545, 1.7410996, 0.055880006), (0.94773644, 1.7419466, 0.24637999), (0.9396935, 1.7382121, 0.24637999), (0.9543915, 1.7438538, 0.055880006), (0.94773644, 1.7419466, 0.24637999), (0.9455545, 1.7410996, 0.055880006), (0.9543915, 1.7438538, 0.055880006), (0.9563062, 1.7442255, 0.24637999), (0.94773644, 1.7419466, 0.24637999), (0.9635815, 1.744959, 0.055880006), (0.9563062, 1.7442255, 0.24637999), (0.9543915, 1.7438538, 0.055880006), (0.9635815, 1.744959, 0.055880006), (0.96514183, 1.7449795, 0.24637999), (0.9563062, 1.7442255, 0.24637999), (0.97281957, 1.7443784, 0.055880006), (0.96514183, 1.7449795, 0.24637999), (0.9635815, 1.744959, 0.055880006), (0.97281957, 1.7443784, 0.055880006), (0.973974, 1.7441853, 0.24637999), (0.96514183, 1.7449795, 0.24637999), (0.9817988, 1.7421311, 0.055880006), (0.973974, 1.7441853, 0.24637999), (0.97281957, 1.7443784, 0.055880006), (0.9817988, 1.7421311, 0.055880006), (0.98253345, 1.7418677, 0.24637999), (0.973974, 1.7441853, 0.24637999), (0.9902213, 1.7382916, 0.055880006), (0.98253345, 1.7418677, 0.24637999), (0.9817988, 1.7421311, 0.055880006), (0.9902213, 1.7382916, 0.055880006), (0.9905594, 1.7380968, 0.24637999), (0.98253345, 1.7418677, 0.24637999), (0.9978073, 1.7329876, 0.055880006), (0.9905594, 1.7380968, 0.24637999), (0.9902213, 1.7382916, 0.055880006), (0.9978073, 1.7329876, 0.24637999), (0.9905594, 1.7380968, 0.24637999), (0.9978073, 1.7329876, 0.055880006), (0.91440004, 3.1115, 0), (0.91440004, 0, 0.055880006), (0.91440004, 0, 0), (0.91440004, 3.1115, 0), (0.91440004, 0, 0), (1.1683999, 3.1115, 0), (1.1683999, 3.1115, 0), (0.91440004, 3.1115, 0.055880006), (0.91440004, 3.1115, 0), (0.91440004, 3.1115, 0.055880006), (0.91440004, 0, 0.055880006), (0.91440004, 3.1115, 0), (1.1683999, 3.1115, 0.055880006), (0.91440004, 3.1115, 0.055880006), (1.1683999, 3.1115, 0), (1.1683999, 3.1115, 0), (1.1683999, 0, 0.055880006), (1.1683999, 3.1115, 0.055880006), (1.1683999, 0, 0), (1.1683999, 0, 0.055880006), (1.1683999, 3.1115, 0), (1.1683999, 3.1115, 0), (0.91440004, 0, 0), (1.1683999, 0, 0), (0.91440004, 0, 0), (1.1683999, 0, 0.055880006), (1.1683999, 0, 0), (0.91440004, 0, 0.055880006), (1.1683999, 0, 0.055880006), (0.91440004, 0, 0), (1.1683999, 3.1115, 0.055880006), (0.9672883, 3.1089091, 0.055880006), (0.91440004, 3.1115, 0.055880006), (0.91440004, 3.1115, 0.055880006), (0.9672883, 3.1089091, 0.055880006), (0.956211, 3.1081889, 0.055880006), (0.91440004, 3.1115, 0.055880006), (0.956211, 3.1081889, 0.055880006), (0.94555455, 3.1050794, 0.055880006), (0.94555455, 3.1050794, 0.055880006), (0.93582803, 3.09973, 0.055880006), (0.91440004, 3.1115, 0.055880006), (0.91440004, 3.1115, 0.055880006), (0.93582803, 3.09973, 0.055880006), (0.9274957, 3.092395, 0.055880006), (0.91440004, 3.1115, 0.055880006), (0.9274957, 3.092395, 0.055880006), (0.9209555, 3.0834255, 0.055880006), (0.9209555, 3.0834255, 0.055880006), (0.9165198, 3.0732496, 0.055880006), (0.91440004, 3.1115, 0.055880006), (0.91440004, 3.1115, 0.055880006), (0.9165198, 3.0732496, 0.055880006), (0.9144003, 3.0623531, 0.055880006), (1.1683999, 3.1115, 0.055880006), (0.9782576, 3.1072066, 0.055880006), (0.9672883, 3.1089091, 0.055880006), (0.9885952, 3.1031613, 0.055880006), (0.9782576, 3.1072066, 0.055880006), (1.1683999, 3.1115, 0.055880006), (1.1683999, 3.1115, 0.055880006), (0.9978073, 3.0969677, 0.055880006), (0.9885952, 3.1031613, 0.055880006), (1.1683999, 3.1115, 0.055880006), (1.1502076, 2.9682364, 0.055880006), (0.9978073, 3.0969677, 0.055880006), (1.157805, 2.9602544, 0.055880006), (1.1502076, 2.9682364, 0.055880006), (1.1683999, 3.1115, 0.055880006), (1.1683999, 3.1115, 0.055880006), (1.1635023, 2.9508224, 0.055880006), (1.157805, 2.9602544, 0.055880006), (1.1683999, 3.1115, 0.055880006), (1.1670315, 2.940383, 0.055880006), (1.1635023, 2.9508224, 0.055880006), (1.16827, 2.9294286, 0.055880006), (1.1670315, 2.940383, 0.055880006), (1.1683999, 3.1115, 0.055880006), (0.91440004, 0.046607118, 0.055880006), (0.91506433, 0.04161288, 0.055880006), (0.91440004, -5.0677056e-23, 0.055880006), (0.91440004, -5.0677056e-23, 0.055880006), (0.91506433, 0.04161288, 0.055880006), (0.91621995, 0.03670939, 0.055880006), (0.91440004, -5.0677056e-23, 0.055880006), (0.91621995, 0.03670939, 0.055880006), (0.9178556, 0.03194447, 0.055880006), (0.9178556, 0.03194447, 0.055880006), (0.9199552, 0.027364993, 0.055880006), (0.91440004, -5.0677056e-23, 0.055880006), (0.91440004, -5.0677056e-23, 0.055880006), (0.9199552, 0.027364993, 0.055880006), (0.9224979, 0.023015993, 0.055880006), (0.91440004, -5.0677056e-23, 0.055880006), (0.9224979, 0.023015993, 0.055880006), (0.92545897, 0.018940236, 0.055880006), (0.92545897, 0.018940236, 0.055880006), (0.9288092, 0.0151778115, 0.055880006), (0.91440004, -5.0677056e-23, 0.055880006), (0.91440004, -5.0677056e-23, 0.055880006), (0.9288092, 0.0151778115, 0.055880006), (0.9325156, 0.011765719, 0.055880006), (0.91440004, -5.0677056e-23, 0.055880006), (0.9325156, 0.011765719, 0.055880006), (0.93654174, 0.0087375175, 0.055880006), (0.93654174, 0.0087375175, 0.055880006), (0.9408481, 0.0061229854, 0.055880006), (0.91440004, -5.0677056e-23, 0.055880006), (0.91440004, -5.0677056e-23, 0.055880006), (0.9408481, 0.0061229854, 0.055880006), (0.9453921, 0.0039478373, 0.055880006), (0.91440004, -5.0677056e-23, 0.055880006), (0.9453921, 0.0039478373, 0.055880006), (0.95012933, 0.0022334652, 0.055880006), (0.95012933, 0.0022334652, 0.055880006), (0.95501286, 0.0009967292, 0.055880006), (0.91440004, -5.0677056e-23, 0.055880006), (0.91440004, -5.0677056e-23, 0.055880006), (0.95501286, 0.0009967292, 0.055880006), (0.9599951, 0.0002497922, 0.055880006), (0.91440004, -5.0677056e-23, 0.055880006), (0.9599951, 0.0002497922, 0.055880006), (0.9650268, 9.9977894e-11, 0.055880006), (1.1561711, 1.5983043, 0.055880006), (1.1502076, 1.6042564, 0.24637999), (1.1502075, 1.6042564, 0.055880006), (1.1561711, 1.5983043, 0.055880006), (1.1561711, 1.5983043, 0.24637999), (1.1502076, 1.6042564, 0.24637999), (1.1610688, 1.5914483, 0.055880006), (1.1561711, 1.5983043, 0.24637999), (1.1561711, 1.5983043, 0.055880006), (1.1610688, 1.5914483, 0.055880006), (1.1610688, 1.5914483, 0.24637999), (1.1561711, 1.5983043, 0.24637999), (1.1647661, 1.5838771, 0.055880006), (1.1610688, 1.5914483, 0.24637999), (1.1610688, 1.5914483, 0.055880006), (1.1647661, 1.5838771, 0.055880006), (1.1647661, 1.5838771, 0.24637999), (1.1610688, 1.5914483, 0.24637999), (1.167161, 1.5757991, 0.055880006), (1.1647661, 1.5838771, 0.24637999), (1.1647661, 1.5838771, 0.055880006), (1.167161, 1.5757991, 0.055880006), (1.167161, 1.5757991, 0.24637999), (1.1647661, 1.5838771, 0.24637999), (1.1681877, 1.5674363, 0.055880006), (1.167161, 1.5757991, 0.24637999), (1.167161, 1.5757991, 0.055880006), (1.1681877, 1.5674363, 0.055880006), (1.1681877, 1.5674363, 0.24637999), (1.167161, 1.5757991, 0.24637999), (1.1678181, 1.5590187, 0.055880006), (1.1681877, 1.5674363, 0.24637999), (1.1681877, 1.5674363, 0.055880006), (1.1678181, 1.5590187, 0.055880006), (1.1678181, 1.5590187, 0.24637999), (1.1681877, 1.5674363, 0.24637999), (1.1660622, 1.550778, 0.055880006), (1.1678181, 1.5590187, 0.24637999), (1.1678181, 1.5590187, 0.055880006), (1.1660622, 1.550778, 0.055880006), (1.1660622, 1.550778, 0.24637999), (1.1678181, 1.5590187, 0.24637999), (1.1629685, 1.5429409, 0.055880006), (1.1660622, 1.550778, 0.24637999), (1.1660622, 1.550778, 0.055880006), (1.1629685, 1.5429409, 0.055880006), (1.1629685, 1.5429409, 0.24637999), (1.1660622, 1.550778, 0.24637999), (1.1586218, 1.5357229, 0.055880006), (1.1629685, 1.5429409, 0.24637999), (1.1629685, 1.5429409, 0.055880006), (1.1586218, 1.5357229, 0.055880006), (1.1586218, 1.5357229, 0.24637999), (1.1629685, 1.5429409, 0.24637999), (1.1586218, 1.5357229, 0.055880006), (1.153142, 1.5293227, 0.24637999), (1.1586218, 1.5357229, 0.24637999), (1.153142, 1.5293227, 0.055880006), (1.153142, 1.5293227, 0.24637999), (1.1586218, 1.5357229, 0.055880006), (1.153142, 1.5293227, 0.055880006), (1.0007418, 1.3786542, 0.24637999), (1.153142, 1.5293227, 0.24637999), (1.0007418, 1.3786542, 0.055880006), (1.0007418, 1.3786542, 0.24637999), (1.153142, 1.5293227, 0.055880006), (1.1599303, 0.2292907, 0.055880006), (1.1613238, 1.5398811, 0.055880006), (1.1661084, 0.21598487, 0.055880006), (1.1661084, 0.21598487, 0.055880006), (1.1613238, 1.5398811, 0.055880006), (1.1664705, 1.552207, 0.055880006), (1.1661084, 0.21598487, 0.055880006), (1.1664705, 1.552207, 0.055880006), (1.16827, 0.20146841, 0.055880006), (1.16827, 0.20146841, 0.055880006), (1.1664705, 1.552207, 0.055880006), (1.16827, 1.5654485, 0.055880006), (1.1613238, 1.5398811, 0.055880006), (1.1599303, 0.2292907, 0.055880006), (1.153142, 1.5293227, 0.055880006), (1.153142, 1.5293227, 0.055880006), (1.1599303, 0.2292907, 0.055880006), (1.1502076, 0.24027628, 0.055880006), (1.153142, 1.5293227, 0.055880006), (1.1502076, 0.24027628, 0.055880006), (1.0007418, 1.3786542, 0.055880006), (1.0007418, 1.3786542, 0.055880006), (1.1502076, 0.24027628, 0.055880006), (0.9978074, 0.36900768, 0.055880006), (1.0007418, 1.3786542, 0.055880006), (0.9978074, 0.36900768, 0.055880006), (0.9813013, 1.3666575, 0.055880006), (0.9813013, 1.3666575, 0.055880006), (0.9978074, 0.36900768, 0.055880006), (0.9782576, 0.37924635, 0.055880006), (0.9813013, 1.3666575, 0.055880006), (0.9782576, 0.37924635, 0.055880006), (0.9585696, 1.3643919, 0.055880006), (0.9585696, 1.3643919, 0.055880006), (0.9782576, 0.37924635, 0.055880006), (0.9562109, 0.38022885, 0.055880006), (0.9585696, 1.3643919, 0.055880006), (0.9562109, 0.38022885, 0.055880006), (0.9371437, 1.3723161, 0.055880006), (0.9371437, 1.3723161, 0.055880006), (0.9562109, 0.38022885, 0.055880006), (0.935828, 0.3717697, 0.055880006), (0.9371437, 1.3723161, 0.055880006), (0.935828, 0.3717697, 0.055880006), (0.92135626, 1.3888274, 0.055880006), (0.92135626, 1.3888274, 0.055880006), (0.935828, 0.3717697, 0.055880006), (0.9209555, 0.35546526, 0.055880006), (0.92135626, 1.3888274, 0.055880006), (0.9209555, 0.35546526, 0.055880006), (0.91440004, 1.4105873, 0.055880006), (0.91440004, 1.4105873, 0.055880006), (0.9209555, 0.35546526, 0.055880006), (0.91440016, 0.33439273, 0.055880006), (1.1683999, 0, 0.055880006), (1.1672363, 0.19148669, 0.055880006), (1.16827, 0.20146844, 0.055880006), (1.164304, 0.18189411, 0.055880006), (1.1672363, 0.19148669, 0.055880006), (1.1683999, 0, 0.055880006), (1.1683999, 0, 0.055880006), (1.159544, 0.17306471, 0.055880006), (1.164304, 0.18189411, 0.055880006), (1.1683999, 0, 0.055880006), (1.153142, 0.16534273, 0.055880006), (1.159544, 0.17306471, 0.055880006), (1.0007418, 0.014674353, 0.055880006), (1.153142, 0.16534273, 0.055880006), (1.1683999, 0, 0.055880006), (0.99306834, 0.008440822, 0.055880006), (1.0007418, 0.014674353, 0.055880006), (1.1683999, 0, 0.055880006), (1.1683999, 0, 0.055880006), (0.9843328, 0.0038115983, 0.055880006), (0.99306834, 0.008440822, 0.055880006), (1.1683999, 0, 0.055880006), (0.9748661, 0.00096201577, 0.055880006), (0.9843328, 0.0038115983, 0.055880006), (0.9650268, 9.9977894e-11, 0.055880006), (0.9748661, 0.00096201577, 0.055880006), (1.1683999, 0, 0.055880006), (2.0828, 1.41478, 0.055880006), (2.0820858, 1.406295, 0.24637999), (2.0828, 1.41478, 0.24637999), (2.0820255, 1.4059461, 0.055880006), (2.0820858, 1.406295, 0.24637999), (2.0828, 1.41478, 0.055880006), (2.0820255, 1.4059461, 0.055880006), (2.079965, 1.398048, 0.24637999), (2.0820858, 1.406295, 0.24637999), (2.0797274, 1.3973814, 0.055880006), (2.079965, 1.398048, 0.24637999), (2.0820255, 1.4059461, 0.055880006), (2.0797274, 1.3973814, 0.055880006), (2.0764966, 1.3902717, 0.24637999), (2.079965, 1.398048, 0.24637999), (2.0759747, 1.389347, 0.055880006), (2.0764966, 1.3902717, 0.24637999), (2.0797274, 1.3973814, 0.055880006), (2.0759747, 1.389347, 0.055880006), (2.0717778, 1.3831835, 0.24637999), (2.0764966, 1.3902717, 0.24637999), (2.0708818, 1.3820873, 0.055880006), (2.0717778, 1.3831835, 0.24637999), (2.0759747, 1.389347, 0.055880006), (2.0708818, 1.3820873, 0.055880006), (2.0659413, 1.3769832, 0.24637999), (2.0717778, 1.3831835, 0.24637999), (2.0646043, 1.3758241, 0.055880006), (2.0659413, 1.3769832, 0.24637999), (2.0708818, 1.3820873, 0.055880006), (2.0646043, 1.3758241, 0.055880006), (2.0591514, 1.371845, 0.24637999), (2.0659413, 1.3769832, 0.24637999), (2.0573335, 1.3707478, 0.055880006), (2.0591514, 1.371845, 0.24637999), (2.0646043, 1.3758241, 0.055880006), (2.0573335, 1.3707478, 0.055880006), (2.0515983, 1.3679131, 0.24637999), (2.0591514, 1.371845, 0.24637999), (2.0492904, 1.3670135, 0.055880006), (2.0515983, 1.3679131, 0.24637999), (2.0573335, 1.3707478, 0.055880006), (2.0492904, 1.3670135, 0.055880006), (2.043495, 1.3652978, 0.24637999), (2.0515983, 1.3679131, 0.24637999), (2.0407202, 1.3647344, 0.055880006), (2.043495, 1.3652978, 0.24637999), (2.0492904, 1.3670135, 0.055880006), (2.0407202, 1.3647344, 0.055880006), (2.037785, 1.3643109, 0.24637999), (2.043495, 1.3652978, 0.24637999), (2.031885, 1.3639804, 0.055880006), (2.037785, 1.3643109, 0.24637999), (2.0407202, 1.3647344, 0.055880006), (2.031885, 1.3639804, 0.055880006), (2.032, 1.3639812, 0.24637999), (2.037785, 1.3643109, 0.24637999), (2.031885, 1.3639804, 0.055880006), (2.026215, 1.3643107, 0.24637999), (2.032, 1.3639812, 0.24637999), (2.0230527, 1.3647745, 0.055880006), (2.026215, 1.3643107, 0.24637999), (2.031885, 1.3639804, 0.055880006), (2.0230527, 1.3647745, 0.055880006), (2.0205054, 1.3652978, 0.24637999), (2.026215, 1.3643107, 0.24637999), (2.0144932, 1.3670923, 0.055880006), (2.0205054, 1.3652978, 0.24637999), (2.0230527, 1.3647745, 0.055880006), (2.0144932, 1.3670923, 0.055880006), (2.012876, 1.3677174, 0.24637999), (2.0205054, 1.3652978, 0.24637999), (2.0064673, 1.3708632, 0.055880006), (2.012876, 1.3677174, 0.24637999), (2.0144932, 1.3670923, 0.055880006), (2.0064673, 1.3708632, 0.055880006), (2.0057216, 1.3713055, 0.24637999), (2.012876, 1.3677174, 0.24637999), (1.9992192, 1.3759723, 0.055880006), (2.0057216, 1.3713055, 0.24637999), (2.0064673, 1.3708632, 0.055880006), (1.9992192, 1.3759723, 0.24637999), (2.0057216, 1.3713055, 0.24637999), (1.9992192, 1.3759723, 0.055880006), (1.8468193, 1.5047036, 0.055880006), (1.8408557, 1.5106558, 0.24637999), (1.8468193, 1.5047036, 0.24637999), (1.8408555, 1.5106558, 0.055880006), (1.8408557, 1.5106558, 0.24637999), (1.8468193, 1.5047036, 0.055880006), (1.8408555, 1.5106558, 0.055880006), (1.8359576, 1.5175117, 0.24637999), (1.8408557, 1.5106558, 0.24637999), (1.8359576, 1.5175117, 0.055880006), (1.8359576, 1.5175117, 0.24637999), (1.8408555, 1.5106558, 0.055880006), (1.8359576, 1.5175117, 0.055880006), (1.8322606, 1.5250828, 0.24637999), (1.8359576, 1.5175117, 0.24637999), (1.8322606, 1.5250828, 0.055880006), (1.8322606, 1.5250828, 0.24637999), (1.8359576, 1.5175117, 0.055880006), (1.8322606, 1.5250828, 0.055880006), (1.8298656, 1.533161, 0.24637999), (1.8322606, 1.5250828, 0.24637999), (1.8298656, 1.533161, 0.055880006), (1.8298656, 1.533161, 0.24637999), (1.8322606, 1.5250828, 0.055880006), (1.8298656, 1.533161, 0.055880006), (1.828839, 1.5415239, 0.24637999), (1.8298656, 1.533161, 0.24637999), (1.828839, 1.5415239, 0.055880006), (1.828839, 1.5415239, 0.24637999), (1.8298656, 1.533161, 0.055880006), (1.828839, 1.5415239, 0.055880006), (1.8292085, 1.5499414, 0.24637999), (1.828839, 1.5415239, 0.24637999), (1.8292085, 1.5499414, 0.055880006), (1.8292085, 1.5499414, 0.24637999), (1.828839, 1.5415239, 0.055880006), (1.8292085, 1.5499414, 0.055880006), (1.8309643, 1.5581821, 0.24637999), (1.8292085, 1.5499414, 0.24637999), (1.8309643, 1.5581821, 0.055880006), (1.8309643, 1.5581821, 0.24637999), (1.8292085, 1.5499414, 0.055880006), (1.8309643, 1.5581821, 0.055880006), (1.8340583, 1.5660193, 0.24637999), (1.8309643, 1.5581821, 0.24637999), (1.8340583, 1.5660193, 0.055880006), (1.8340583, 1.5660193, 0.24637999), (1.8309643, 1.5581821, 0.055880006), (1.8340583, 1.5660193, 0.055880006), (1.8384048, 1.5732372, 0.24637999), (1.8340583, 1.5660193, 0.24637999), (1.8384048, 1.5732372, 0.055880006), (1.8384048, 1.5732372, 0.24637999), (1.8340583, 1.5660193, 0.055880006), (1.8384048, 1.5732372, 0.055880006), (1.8438847, 1.5796373, 0.24637999), (1.8384048, 1.5732372, 0.24637999), (1.8438847, 1.5796373, 0.055880006), (1.8438847, 1.5796373, 0.24637999), (1.8384048, 1.5732372, 0.055880006), (1.8288001, 2.9074917, 0.055880006), (1.830556, 1.556753, 0.055880006), (1.8288001, 1.5435119, 0.055880006), (1.8309182, 2.8929756, 0.055880006), (1.830556, 1.556753, 0.055880006), (1.8288001, 2.9074917, 0.055880006), (1.8309182, 2.8929756, 0.055880006), (1.8357031, 1.5690789, 0.055880006), (1.830556, 1.556753, 0.055880006), (1.8370962, 2.8796694, 0.055880006), (1.8357031, 1.5690789, 0.055880006), (1.8309182, 2.8929756, 0.055880006), (1.8370962, 2.8796694, 0.055880006), (1.8438847, 1.5796373, 0.055880006), (1.8357031, 1.5690789, 0.055880006), (1.8468189, 2.8686838, 0.055880006), (1.8438847, 1.5796373, 0.055880006), (1.8370962, 2.8796694, 0.055880006), (1.8468189, 2.8686838, 0.055880006), (1.996285, 1.7303058, 0.055880006), (1.8438847, 1.5796373, 0.055880006), (1.9992192, 2.7399523, 0.055880006), (1.996285, 1.7303058, 0.055880006), (1.8468189, 2.8686838, 0.055880006), (1.9992192, 2.7399523, 0.055880006), (2.0127835, 1.7412051, 0.055880006), (1.996285, 1.7303058, 0.055880006), (2.0195813, 2.7295017, 0.055880006), (2.0127835, 1.7412051, 0.055880006), (1.9992192, 2.7399523, 0.055880006), (2.0195813, 2.7295017, 0.055880006), (2.0321937, 1.7449795, 0.055880006), (2.0127835, 1.7412051, 0.055880006), (2.0424643, 2.72905, 0.055880006), (2.0321937, 1.7449795, 0.055880006), (2.0195813, 2.7295017, 0.055880006), (2.0424643, 2.72905, 0.055880006), (2.0515745, 1.7410573, 0.055880006), (2.0321937, 1.7449795, 0.055880006), (2.0632231, 2.7386885, 0.055880006), (2.0515745, 1.7410573, 0.055880006), (2.0424643, 2.72905, 0.055880006), (2.0632231, 2.7386885, 0.055880006), (2.0679896, 1.7300327, 0.055880006), (2.0515745, 1.7410573, 0.055880006), (2.0776439, 2.756461, 0.055880006), (2.0679896, 1.7300327, 0.055880006), (2.0632231, 2.7386885, 0.055880006), (2.0776439, 2.756461, 0.055880006), (2.0789516, 1.7135756, 0.055880006), (2.0679896, 1.7300327, 0.055880006), (2.0828, 2.7787602, 0.055880006), (2.0789516, 1.7135756, 0.055880006), (2.0776439, 2.756461, 0.055880006), (2.0828001, 1.6941801, 0.055880006), (2.0789516, 1.7135756, 0.055880006), (2.0828, 2.7787602, 0.055880006), (0.00077434274, 1.7047455, 0.055880006), (3.443789e-7, 1.6959119, 0.24637999), (3.4437892e-7, 1.6959119, 0.055880006), (0.00077434274, 1.7047455, 0.055880006), (0.0008245445, 1.7050254, 0.24637999), (3.443789e-7, 1.6959119, 0.24637999), (0.0030727221, 1.7133105, 0.055880006), (0.0008245445, 1.7050254, 0.24637999), (0.00077434274, 1.7047455, 0.055880006), (0.0030727221, 1.7133105, 0.055880006), (0.0032703746, 1.7138432, 0.24637999), (0.0008245445, 1.7050254, 0.24637999), (0.0068254466, 1.7213447, 0.055880006), (0.0032703746, 1.7138432, 0.24637999), (0.0030727221, 1.7133105, 0.055880006), (0.0068254466, 1.7213447, 0.055880006), (0.0072584706, 1.7220792, 0.24637999), (0.0032703746, 1.7138432, 0.24637999), (0.011918163, 1.7286044, 0.055880006), (0.0072584706, 1.7220792, 0.24637999), (0.0068254466, 1.7213447, 0.055880006), (0.011918163, 1.7286044, 0.055880006), (0.012659426, 1.7294661, 0.24637999), (0.0072584706, 1.7220792, 0.24637999), (0.018195685, 1.7348676, 0.055880006), (0.012659426, 1.7294661, 0.24637999), (0.011918163, 1.7286044, 0.055880006), (0.018195685, 1.7348676, 0.055880006), (0.019297985, 1.7357641, 0.24637999), (0.012659426, 1.7294661, 0.24637999), (0.025466729, 1.7399439, 0.055880006), (0.019297985, 1.7357641, 0.24637999), (0.018195685, 1.7348676, 0.055880006), (0.025466729, 1.7399439, 0.055880006), (0.026958736, 1.7407691, 0.24637999), (0.019297985, 1.7357641, 0.24637999), (0.033509724, 1.7436782, 0.055880006), (0.026958736, 1.7407691, 0.24637999), (0.025466729, 1.7399439, 0.055880006), (0.033509724, 1.7436782, 0.055880006), (0.035393108, 1.7443186, 0.24637999), (0.026958736, 1.7407691, 0.24637999), (0.04207959, 1.7459571, 0.055880006), (0.035393108, 1.7443186, 0.24637999), (0.033509724, 1.7436782, 0.055880006), (0.04207959, 1.7459571, 0.055880006), (0.044327408, 1.7462974, 0.24637999), (0.035393108, 1.7443186, 0.24637999), (0.050915185, 1.7467113, 0.055880006), (0.044327408, 1.7462974, 0.24637999), (0.04207959, 1.7459571, 0.055880006), (0.050915185, 1.7467113, 0.055880006), (0.05080112, 1.7467104, 0.24637999), (0.044327408, 1.7462974, 0.24637999), (0.050915185, 1.7467113, 0.055880006), (0.05727236, 1.7462974, 0.24637999), (0.05080112, 1.7467104, 0.24637999), (0.059747268, 1.745917, 0.055880006), (0.05727236, 1.7462974, 0.24637999), (0.050915185, 1.7467113, 0.055880006), (0.059747268, 1.745917, 0.055880006), (0.06440709, 1.7448548, 0.24637999), (0.05727236, 1.7462974, 0.24637999), (0.06830671, 1.7435994, 0.055880006), (0.06440709, 1.7448548, 0.24637999), (0.059747268, 1.745917, 0.055880006), (0.06830671, 1.7435994, 0.055880006), (0.07126245, 1.7424078, 0.24637999), (0.06440709, 1.7448548, 0.24637999), (0.07633269, 1.7398285, 0.055880006), (0.07126245, 1.7424078, 0.24637999), (0.06830671, 1.7435994, 0.055880006), (0.07633269, 1.7398285, 0.055880006), (0.07769767, 1.7390062, 0.24637999), (0.07126245, 1.7424078, 0.24637999), (0.083580635, 1.7347193, 0.055880006), (0.07769767, 1.7390062, 0.24637999), (0.07633269, 1.7398285, 0.055880006), (0.083580635, 1.7347193, 0.24637999), (0.07769767, 1.7390062, 0.24637999), (0.083580635, 1.7347193, 0.055880006), (3.443791e-7, 3.0598917, 0.055880006), (0.0007743524, 3.0687256, 0.24637999), (3.4437906e-7, 3.0598917, 0.24637999), (0.0007743537, 3.0687256, 0.055880006), (0.0007743524, 3.0687256, 0.24637999), (3.443791e-7, 3.0598917, 0.055880006), (0.0007743537, 3.0687256, 0.055880006), (0.00307274, 3.0772903, 0.24637999), (0.0007743524, 3.0687256, 0.24637999), (0.0030727414, 3.0772903, 0.055880006), (0.00307274, 3.0772903, 0.24637999), (0.0007743537, 3.0687256, 0.055880006), (0.0030727414, 3.0772903, 0.055880006), (0.0068254713, 3.0853248, 0.24637999), (0.00307274, 3.0772903, 0.24637999), (0.0068254718, 3.0853248, 0.055880006), (0.0068254713, 3.0853248, 0.24637999), (0.0030727414, 3.0772903, 0.055880006), (0.011918192, 3.0925841, 0.055880006), (0.0068254713, 3.0853248, 0.24637999), (0.0068254718, 3.0853248, 0.055880006), (0.011918192, 3.0925841, 0.055880006), (0.011918193, 3.0925841, 0.24637999), (0.0068254713, 3.0853248, 0.24637999), (0.018195715, 3.0988476, 0.055880006), (0.011918193, 3.0925841, 0.24637999), (0.011918192, 3.0925841, 0.055880006), (0.018195715, 3.0988476, 0.055880006), (0.018195719, 3.0988476, 0.24637999), (0.011918193, 3.0925841, 0.24637999), (0.025466755, 3.1039238, 0.055880006), (0.018195719, 3.0988476, 0.24637999), (0.018195715, 3.0988476, 0.055880006), (0.025466755, 3.1039238, 0.055880006), (0.025466762, 3.1039238, 0.24637999), (0.018195719, 3.0988476, 0.24637999), (0.033509746, 3.1076584, 0.055880006), (0.025466762, 3.1039238, 0.24637999), (0.025466755, 3.1039238, 0.055880006), (0.033509746, 3.1076584, 0.055880006), (0.033509757, 3.1076584, 0.24637999), (0.025466762, 3.1039238, 0.24637999), (0.042079605, 3.1099374, 0.055880006), (0.033509757, 3.1076584, 0.24637999), (0.033509746, 3.1076584, 0.055880006), (0.042079605, 3.1099374, 0.055880006), (0.042079624, 3.1099374, 0.24637999), (0.033509757, 3.1076584, 0.24637999), (0.050915193, 3.110691, 0.055880006), (0.042079624, 3.1099374, 0.24637999), (0.042079605, 3.1099374, 0.055880006), (0.050915193, 3.110691, 0.055880006), (0.050915215, 3.110691, 0.24637999), (0.042079624, 3.1099374, 0.24637999), (0.05974727, 3.1098971, 0.055880006), (0.050915215, 3.110691, 0.24637999), (0.050915193, 3.110691, 0.055880006), (0.05974727, 3.1098971, 0.055880006), (0.05974729, 3.1098971, 0.24637999), (0.050915215, 3.110691, 0.24637999), (0.06830671, 3.1075792, 0.055880006), (0.05974729, 3.1098971, 0.24637999), (0.05974727, 3.1098971, 0.055880006), (0.06830671, 3.1075792, 0.055880006), (0.06830673, 3.1075792, 0.24637999), (0.05974729, 3.1098971, 0.24637999), (0.07633269, 3.1038084, 0.055880006), (0.06830673, 3.1075792, 0.24637999), (0.06830671, 3.1075792, 0.055880006), (0.07633269, 3.1038084, 0.055880006), (0.07633271, 3.1038084, 0.24637999), (0.06830673, 3.1075792, 0.24637999), (0.08358063, 3.0986993, 0.055880006), (0.07633271, 3.1038084, 0.24637999), (0.07633269, 3.1038084, 0.055880006), (0.08358064, 3.0986993, 0.24637999), (0.07633271, 3.1038084, 0.24637999), (0.08358063, 3.0986993, 0.055880006), (0.24194449, 2.9640162, 0.055880006), (0.2359809, 2.969968, 0.24637999), (0.2359809, 2.969968, 0.055880006), (0.24194449, 2.9640162, 0.055880006), (0.24194449, 2.9640162, 0.24637999), (0.2359809, 2.969968, 0.24637999), (0.24684222, 2.9571602, 0.055880006), (0.24194449, 2.9640162, 0.24637999), (0.24194449, 2.9640162, 0.055880006), (0.24684222, 2.9571602, 0.055880006), (0.24684225, 2.9571602, 0.24637999), (0.24194449, 2.9640162, 0.24637999), (0.25053942, 2.9495888, 0.055880006), (0.24684225, 2.9571602, 0.24637999), (0.24684222, 2.9571602, 0.055880006), (0.25053942, 2.9495888, 0.055880006), (0.25053942, 2.9495885, 0.24637999), (0.24684225, 2.9571602, 0.24637999), (0.25293434, 2.9415107, 0.055880006), (0.25053942, 2.9495885, 0.24637999), (0.25053942, 2.9495888, 0.055880006), (0.25293434, 2.9415107, 0.055880006), (0.25293434, 2.9415107, 0.24637999), (0.25053942, 2.9495885, 0.24637999), (0.25396112, 2.933148, 0.055880006), (0.25293434, 2.9415107, 0.24637999), (0.25293434, 2.9415107, 0.055880006), (0.25396112, 2.933148, 0.055880006), (0.25396112, 2.933148, 0.24637999), (0.25293434, 2.9415107, 0.24637999), (0.25396112, 2.933148, 0.055880006), (0.25359145, 2.9247305, 0.24637999), (0.25396112, 2.933148, 0.24637999), (0.25359145, 2.9247305, 0.055880006), (0.25359145, 2.9247305, 0.24637999), (0.25396112, 2.933148, 0.055880006), (0.25359145, 2.9247305, 0.055880006), (0.25183558, 2.9164896, 0.24637999), (0.25359145, 2.9247305, 0.24637999), (0.25183555, 2.9164896, 0.055880006), (0.25183558, 2.9164896, 0.24637999), (0.25359145, 2.9247305, 0.055880006), (0.25183555, 2.9164896, 0.055880006), (0.24874175, 2.9086525, 0.24637999), (0.25183558, 2.9164896, 0.24637999), (0.24874175, 2.9086525, 0.055880006), (0.24874175, 2.9086525, 0.24637999), (0.25183555, 2.9164896, 0.055880006), (0.24874175, 2.9086525, 0.055880006), (0.24439514, 2.9014347, 0.24637999), (0.24874175, 2.9086525, 0.24637999), (0.2443951, 2.9014347, 0.055880006), (0.24439514, 2.9014347, 0.24637999), (0.24874175, 2.9086525, 0.055880006), (0.2443951, 2.9014347, 0.055880006), (0.23891523, 2.8950343, 0.24637999), (0.24439514, 2.9014347, 0.24637999), (0.23891522, 2.8950343, 0.055880006), (0.23891523, 2.8950343, 0.24637999), (0.2443951, 2.9014347, 0.055880006), (-2.983475e-24, 2.7305954, 0.24637999), (0.00024725834, 2.7754855, 0.24637999), (-1.9284865e-11, 2.7804916, 0.24637999), (0.0009866632, 2.7705283, 0.24637999), (0.00024725834, 2.7754855, 0.24637999), (-2.983475e-24, 2.7305954, 0.24637999), (-2.983475e-24, 2.7305954, 0.24637999), (0.002211016, 2.7656677, 0.24637999), (0.0009866632, 2.7705283, 0.24637999), (-2.983475e-24, 2.7305954, 0.24637999), (0.0039083976, 2.7609518, 0.24637999), (0.002211016, 2.7656677, 0.24637999), (0.0060622836, 2.7564256, 0.24637999), (0.0039083976, 2.7609518, 0.24637999), (-2.983475e-24, 2.7305954, 0.24637999), (-2.983475e-24, 2.7305954, 0.24637999), (0.008651704, 2.752134, 0.24637999), (0.0060622836, 2.7564256, 0.24637999), (-2.983475e-24, 2.7305954, 0.24637999), (0.011651453, 2.7481182, 0.24637999), (0.008651704, 2.752134, 0.24637999), (0.015032324, 2.744418, 0.24637999), (0.011651453, 2.7481182, 0.24637999), (-2.983475e-24, 2.7305954, 0.24637999), (-2.983475e-24, 2.7305954, 0.24637999), (0.018761404, 2.7410688, 0.24637999), (0.015032324, 2.744418, 0.24637999), (-2.983475e-24, 2.7305954, 0.24637999), (0.022802388, 2.7381034, 0.24637999), (0.018761404, 2.7410688, 0.24637999), (0.02711594, 2.7355506, 0.24637999), (0.022802388, 2.7381034, 0.24637999), (-2.983475e-24, 2.7305954, 0.24637999), (-2.983475e-24, 2.7305954, 0.24637999), (0.03166006, 2.7334354, 0.24637999), (0.02711594, 2.7355506, 0.24637999), (-2.983475e-24, 2.7305954, 0.24637999), (0.036390517, 2.731778, 0.24637999), (0.03166006, 2.7334354, 0.24637999), (0.041261237, 2.730595, 0.24637999), (0.036390517, 2.731778, 0.24637999), (-2.983475e-24, 2.7305954, 0.24637999), (0.08651523, 1.380386, 0.055880006), (0.07943683, 1.3745525, 0.24637999), (0.08651524, 1.380386, 0.24637999), (0.07943683, 1.3745525, 0.055880006), (0.07943683, 1.3745525, 0.24637999), (0.08651523, 1.380386, 0.055880006), (0.07943683, 1.3745525, 0.055880006), (0.0714248, 1.3700869, 0.24637999), (0.07943683, 1.3745525, 0.24637999), (0.0714248, 1.3700869, 0.055880006), (0.0714248, 1.3700869, 0.24637999), (0.07943683, 1.3745525, 0.055880006), (0.06274036, 1.3671349, 0.055880006), (0.0714248, 1.3700869, 0.24637999), (0.0714248, 1.3700869, 0.055880006), (0.06274036, 1.3671349, 0.055880006), (0.062740356, 1.3671349, 0.24637999), (0.0714248, 1.3700869, 0.24637999), (0.053666644, 1.3657925, 0.055880006), (0.062740356, 1.3671349, 0.24637999), (0.06274036, 1.3671349, 0.055880006), (0.053666644, 1.3657925, 0.055880006), (0.05366664, 1.3657925, 0.24637999), (0.062740356, 1.3671349, 0.24637999), (0.044499464, 1.3661038, 0.055880006), (0.05366664, 1.3657925, 0.24637999), (0.053666644, 1.3657925, 0.055880006), (0.044499464, 1.3661038, 0.055880006), (0.044499457, 1.3661038, 0.24637999), (0.05366664, 1.3657925, 0.24637999), (0.035537697, 1.3680586, 0.055880006), (0.044499457, 1.3661038, 0.24637999), (0.044499464, 1.3661038, 0.055880006), (0.035537697, 1.3680586, 0.055880006), (0.035537694, 1.3680586, 0.24637999), (0.044499457, 1.3661038, 0.24637999), (0.027073514, 1.3715929, 0.055880006), (0.035537694, 1.3680586, 0.24637999), (0.035537697, 1.3680586, 0.055880006), (0.027073514, 1.3715929, 0.055880006), (0.027073508, 1.3715929, 0.24637999), (0.035537694, 1.3680586, 0.24637999), (0.019382857, 1.3765917, 0.055880006), (0.027073508, 1.3715929, 0.24637999), (0.027073514, 1.3715929, 0.055880006), (0.019382857, 1.3765917, 0.055880006), (0.019382853, 1.3765917, 0.24637999), (0.027073508, 1.3715929, 0.24637999), (0.012716466, 1.382892, 0.055880006), (0.019382853, 1.3765917, 0.24637999), (0.019382857, 1.3765917, 0.055880006), (0.012716466, 1.382892, 0.055880006), (0.01271646, 1.382892, 0.24637999), (0.019382853, 1.3765917, 0.24637999), (0.0072916723, 1.3902882, 0.055880006), (0.01271646, 1.382892, 0.24637999), (0.012716466, 1.382892, 0.055880006), (0.0072916723, 1.3902882, 0.055880006), (0.0072916676, 1.3902882, 0.24637999), (0.01271646, 1.382892, 0.24637999), (0.0032853377, 1.3985395, 0.055880006), (0.0072916676, 1.3902882, 0.24637999), (0.0072916723, 1.3902882, 0.055880006), (0.0032853377, 1.3985395, 0.055880006), (0.0032853342, 1.3985395, 0.24637999), (0.0072916676, 1.3902882, 0.24637999), (0.0008280765, 1.4073768, 0.055880006), (0.0032853342, 1.3985395, 0.24637999), (0.0032853377, 1.3985395, 0.055880006), (0.0008280765, 1.4073768, 0.055880006), (0.00082807435, 1.4073768, 0.24637999), (0.0032853342, 1.3985395, 0.24637999), (2.630351e-14, 1.4165118, 0.055880006), (0.00082807435, 1.4073768, 0.24637999), (0.0008280765, 1.4073768, 0.055880006), (-1.9935147e-11, 1.4165118, 0.24637999), (0.00082807435, 1.4073768, 0.24637999), (2.630351e-14, 1.4165118, 0.055880006), (0.0038484077, 1.3971161, 0.055880006), (2.582271e-7, 0.33193162, 0.055880006), (2.630351e-14, 1.4165118, 0.055880006), (0.0038484077, 1.3971161, 0.055880006), (0.0051561687, 0.3542306, 0.055880006), (2.582271e-7, 0.33193162, 0.055880006), (0.014810608, 1.3806592, 0.055880006), (0.0051561687, 0.3542306, 0.055880006), (0.0038484077, 1.3971161, 0.055880006), (0.014810608, 1.3806592, 0.055880006), (0.019577077, 0.3720032, 0.055880006), (0.0051561687, 0.3542306, 0.055880006), (0.03122568, 1.3696343, 0.055880006), (0.019577077, 0.3720032, 0.055880006), (0.014810608, 1.3806592, 0.055880006), (0.03122568, 1.3696343, 0.055880006), (0.040335815, 0.3816418, 0.055880006), (0.019577077, 0.3720032, 0.055880006), (0.050606523, 1.3657119, 0.055880006), (0.040335815, 0.3816418, 0.055880006), (0.03122568, 1.3696343, 0.055880006), (0.050606523, 1.3657119, 0.055880006), (0.063218646, 0.3811899, 0.055880006), (0.040335815, 0.3816418, 0.055880006), (0.070016675, 1.3694866, 0.055880006), (0.063218646, 0.3811899, 0.055880006), (0.050606523, 1.3657119, 0.055880006), (0.070016675, 1.3694866, 0.055880006), (0.08358071, 0.3707393, 0.055880006), (0.063218646, 0.3811899, 0.055880006), (0.08651523, 1.380386, 0.055880006), (0.08358071, 0.3707393, 0.055880006), (0.070016675, 1.3694866, 0.055880006), (0.08651523, 1.380386, 0.055880006), (0.23598087, 0.24200793, 0.055880006), (0.08358071, 0.3707393, 0.055880006), (0.23891522, 1.5310545, 0.055880006), (0.23598087, 0.24200793, 0.055880006), (0.08651523, 1.380386, 0.055880006), (0.23891522, 1.5310545, 0.055880006), (0.2457036, 0.23102234, 0.055880006), (0.23598087, 0.24200793, 0.055880006), (0.24709705, 1.5416125, 0.055880006), (0.2457036, 0.23102234, 0.055880006), (0.23891522, 1.5310545, 0.055880006), (0.24709705, 1.5416125, 0.055880006), (0.25188172, 0.2177165, 0.055880006), (0.2457036, 0.23102234, 0.055880006), (0.25224394, 1.5539386, 0.055880006), (0.25188172, 0.2177165, 0.055880006), (0.24709705, 1.5416125, 0.055880006), (0.25224394, 1.5539386, 0.055880006), (0.254, 0.2032, 0.055880006), (0.25188172, 0.2177165, 0.055880006), (0.254, 1.5671802, 0.055880006), (0.254, 0.2032, 0.055880006), (0.25224394, 1.5539386, 0.055880006), (3.4337363e-20, 3.1115003, 0.055880006), (0.0010803028, 3.0703106, 0.055880006), (2.5822155e-7, 3.0598922, 0.055880006), (3.4337363e-20, 3.1115003, 0.055880006), (0.0042741927, 3.0802865, 0.055880006), (0.0010803028, 3.0703106, 0.055880006), (0.009446221, 3.0893955, 0.055880006), (0.0042741927, 3.0802865, 0.055880006), (3.4337363e-20, 3.1115003, 0.055880006), (3.4337363e-20, 3.1115003, 0.055880006), (0.016376488, 3.0972497, 0.055880006), (0.009446221, 3.0893955, 0.055880006), (3.4337363e-20, 3.1115003, 0.055880006), (0.024770336, 3.1035159, 0.055880006), (0.016376488, 3.0972497, 0.055880006), (0.034270894, 3.107927, 0.055880006), (0.024770336, 3.1035159, 0.055880006), (3.4337363e-20, 3.1115003, 0.055880006), (3.4337363e-20, 3.1115003, 0.055880006), (0.044474214, 3.110296, 0.055880006), (0.034270894, 3.107927, 0.055880006), (3.4337363e-20, 3.1115003, 0.055880006), (0.054946486, 3.110522, 0.055880006), (0.044474214, 3.110296, 0.055880006), (0.254, 3.1115, 0.055880006), (0.054946486, 3.110522, 0.055880006), (3.4337363e-20, 3.1115003, 0.055880006), (0.254, 3.1115, 0.055880006), (0.06524246, 3.1085951, 0.055880006), (0.054946486, 3.110522, 0.055880006), (0.074924394, 3.1045973, 0.055880006), (0.06524246, 3.1085951, 0.055880006), (0.254, 3.1115, 0.055880006), (0.254, 3.1115, 0.055880006), (0.08358067, 3.0986993, 0.055880006), (0.074924394, 3.1045973, 0.055880006), (0.254, 3.1115, 0.055880006), (0.23598087, 2.969968, 0.055880006), (0.08358067, 3.0986993, 0.055880006), (0.24357818, 2.961986, 0.055880006), (0.23598087, 2.969968, 0.055880006), (0.254, 3.1115, 0.055880006), (0.254, 3.1115, 0.055880006), (0.24927554, 2.9525537, 0.055880006), (0.24357818, 2.961986, 0.055880006), (0.254, 3.1115, 0.055880006), (0.25280482, 2.9421146, 0.055880006), (0.24927554, 2.9525537, 0.055880006), (0.254, 2.93116, 0.055880006), (0.25280482, 2.9421146, 0.055880006), (0.254, 3.1115, 0.055880006), (0.25300968, 0.19321825, 0.055880006), (0.254, 0.2032, 0.055880006), (0.254, 0, 0.055880006), (0.254, 0, 0.055880006), (0.25007734, 0.1836257, 0.055880006), (0.25300968, 0.19321825, 0.055880006), (0.254, 0, 0.055880006), (0.24531735, 0.17479631, 0.055880006), (0.25007734, 0.1836257, 0.055880006), (0.23891522, 0.16707434, 0.055880006), (0.24531735, 0.17479631, 0.055880006), (0.254, 0, 0.055880006), (0.254, 0, 0.055880006), (0.0865152, 0.016405933, 0.055880006), (0.23891522, 0.16707434, 0.055880006), (0.254, 0, 0.055880006), (0.07804222, 0.009653852, 0.055880006), (0.0865152, 0.016405933, 0.055880006), (0.06833009, 0.004852092, 0.055880006), (0.07804222, 0.009653852, 0.055880006), (0.254, 0, 0.055880006), (0.254, 0, 0.055880006), (0.057820596, 0.0022190686, 0.055880006), (0.06833009, 0.004852092, 0.055880006), (0.254, 0, 0.055880006), (0.04699177, 0.0018745471, 0.055880006), (0.057820596, 0.0022190686, 0.055880006), (-1.379982e-9, 0, 0.055880006), (0.04699177, 0.0018745471, 0.055880006), (0.254, 0, 0.055880006), (0.036336157, 0.003834199, 0.055880006), (0.04699177, 0.0018745471, 0.055880006), (-1.379982e-9, 0, 0.055880006), (-1.379982e-9, 0, 0.055880006), (0.026338441, 0.008008887, 0.055880006), (0.036336157, 0.003834199, 0.055880006), (-1.379982e-9, 0, 0.055880006), (0.017453382, 0.014208722, 0.055880006), (0.026338441, 0.008008887, 0.055880006), (0.010085116, 0.022151703, 0.055880006), (0.017453382, 0.014208722, 0.055880006), (-1.379982e-9, 0, 0.055880006), (-1.379982e-9, 0, 0.055880006), (0.004568797, 0.031476535, 0.055880006), (0.010085116, 0.022151703, 0.055880006), (-1.379982e-9, 0, 0.055880006), (0.0011553367, 0.04175907, 0.055880006), (0.004568797, 0.031476535, 0.055880006), (3.524951e-17, 0.052531604, 0.055880006), (0.0011553367, 0.04175907, 0.055880006), (-1.379982e-9, 0, 0.055880006), (0.23598085, 1.6059878, 0.055880006), (0.24194445, 1.6000359, 0.24637999), (0.23598085, 1.6059878, 0.24637999), (0.24194445, 1.6000359, 0.055880006), (0.24194445, 1.6000359, 0.24637999), (0.23598085, 1.6059878, 0.055880006), (0.24194445, 1.6000359, 0.055880006), (0.24684219, 1.59318, 0.24637999), (0.24194445, 1.6000359, 0.24637999), (0.24684219, 1.59318, 0.055880006), (0.24684219, 1.59318, 0.24637999), (0.24194445, 1.6000359, 0.055880006), (0.24684219, 1.59318, 0.055880006), (0.2505394, 1.5856086, 0.24637999), (0.24684219, 1.59318, 0.24637999), (0.2505394, 1.5856086, 0.055880006), (0.2505394, 1.5856086, 0.24637999), (0.24684219, 1.59318, 0.055880006), (0.2505394, 1.5856086, 0.055880006), (0.25293434, 1.5775306, 0.24637999), (0.2505394, 1.5856086, 0.24637999), (0.25293434, 1.5775306, 0.055880006), (0.25293434, 1.5775306, 0.24637999), (0.2505394, 1.5856086, 0.055880006), (0.25293434, 1.5775306, 0.055880006), (0.25396112, 1.5691677, 0.24637999), (0.25293434, 1.5775306, 0.24637999), (0.25396112, 1.5691677, 0.055880006), (0.25396112, 1.5691677, 0.24637999), (0.25293434, 1.5775306, 0.055880006), (0.25396112, 1.5691677, 0.055880006), (0.25359145, 1.5607501, 0.24637999), (0.25396112, 1.5691677, 0.24637999), (0.25359145, 1.5607501, 0.055880006), (0.25359145, 1.5607501, 0.24637999), (0.25396112, 1.5691677, 0.055880006), (0.25359145, 1.5607501, 0.055880006), (0.25183558, 1.5525095, 0.24637999), (0.25359145, 1.5607501, 0.24637999), (0.25183558, 1.5525095, 0.055880006), (0.25183558, 1.5525095, 0.24637999), (0.25359145, 1.5607501, 0.055880006), (0.25183558, 1.5525095, 0.055880006), (0.24874175, 1.5446726, 0.24637999), (0.25183558, 1.5525095, 0.24637999), (0.24874175, 1.5446726, 0.055880006), (0.24874175, 1.5446726, 0.24637999), (0.25183558, 1.5525095, 0.055880006), (0.24874175, 1.5446726, 0.055880006), (0.2443951, 1.5374546, 0.24637999), (0.24874175, 1.5446726, 0.24637999), (0.2443951, 1.5374546, 0.055880006), (0.2443951, 1.5374546, 0.24637999), (0.24874175, 1.5446726, 0.055880006), (0.2443951, 1.5374546, 0.055880006), (0.23891523, 1.5310545, 0.24637999), (0.2443951, 1.5374546, 0.24637999), (0.23891523, 1.5310545, 0.055880006), (0.23891523, 1.5310545, 0.24637999), (0.2443951, 1.5374546, 0.055880006), (0.254, 1.5671802, 0.055880006), (0.2522439, 2.9179187, 0.055880006), (0.254, 2.9311602, 0.055880006), (0.25188172, 1.5816966, 0.055880006), (0.2522439, 2.9179187, 0.055880006), (0.254, 1.5671802, 0.055880006), (0.25188172, 1.5816966, 0.055880006), (0.24709703, 2.9055927, 0.055880006), (0.2522439, 2.9179187, 0.055880006), (0.24570358, 1.5950023, 0.055880006), (0.24709703, 2.9055927, 0.055880006), (0.25188172, 1.5816966, 0.055880006), (0.24570358, 1.5950023, 0.055880006), (0.23891523, 2.8950343, 0.055880006), (0.24709703, 2.9055927, 0.055880006), (0.23598085, 1.6059878, 0.055880006), (0.23891523, 2.8950343, 0.055880006), (0.24570358, 1.5950023, 0.055880006), (0.23598085, 1.6059878, 0.055880006), (0.08651521, 2.7443662, 0.055880006), (0.23891523, 2.8950343, 0.055880006), (0.083580695, 1.7347193, 0.055880006), (0.08651521, 2.7443662, 0.055880006), (0.23598085, 1.6059878, 0.055880006), (0.083580695, 1.7347193, 0.055880006), (0.07001662, 2.7334666, 0.055880006), (0.08651521, 2.7443662, 0.055880006), (0.063218646, 1.7451699, 0.055880006), (0.07001662, 2.7334666, 0.055880006), (0.083580695, 1.7347193, 0.055880006), (0.063218646, 1.7451699, 0.055880006), (0.05060646, 2.729692, 0.055880006), (0.07001662, 2.7334666, 0.055880006), (0.04033584, 1.7456219, 0.055880006), (0.05060646, 2.729692, 0.055880006), (0.063218646, 1.7451699, 0.055880006), (0.04033584, 1.7456219, 0.055880006), (0.031225622, 2.7336142, 0.055880006), (0.05060646, 2.729692, 0.055880006), (0.019577118, 1.7359834, 0.055880006), (0.031225622, 2.7336142, 0.055880006), (0.04033584, 1.7456219, 0.055880006), (0.019577118, 1.7359834, 0.055880006), (0.014810564, 2.744639, 0.055880006), (0.031225622, 2.7336142, 0.055880006), (0.005156203, 1.7182107, 0.055880006), (0.014810564, 2.744639, 0.055880006), (0.019577118, 1.7359834, 0.055880006), (0.005156203, 1.7182107, 0.055880006), (0.0038483848, 2.7610962, 0.055880006), (0.014810564, 2.744639, 0.055880006), (2.5822428e-7, 1.6959119, 0.055880006), (0.0038483848, 2.7610962, 0.055880006), (0.005156203, 1.7182107, 0.055880006), (5.9344104e-14, 2.7804916, 0.055880006), (0.0038483848, 2.7610962, 0.055880006), (2.5822428e-7, 1.6959119, 0.055880006), (-1.951588e-8, 1.7462976, 0.24637999), (0.0395179, 1.7454426, 0.24637999), (0.044327732, 1.7462974, 0.24637999), (-1.951588e-8, 1.7462976, 0.24637999), (0.034812402, 1.7441299, 0.24637999), (0.0395179, 1.7454426, 0.24637999), (0.030254753, 1.7423713, 0.24637999), (0.034812402, 1.7441299, 0.24637999), (-1.951588e-8, 1.7462976, 0.24637999), (-1.951588e-8, 1.7462976, 0.24637999), (0.0258871, 1.740183, 0.24637999), (0.030254753, 1.7423713, 0.24637999), (-1.951588e-8, 1.7462976, 0.24637999), (0.02174984, 1.7375852, 0.24637999), (0.0258871, 1.740183, 0.24637999), (0.01788123, 1.7346022, 0.24637999), (0.02174984, 1.7375852, 0.24637999), (-1.951588e-8, 1.7462976, 0.24637999), (-1.951588e-8, 1.7462976, 0.24637999), (0.014317047, 1.7312615, 0.24637999), (0.01788123, 1.7346022, 0.24637999), (-1.951588e-8, 1.7462976, 0.24637999), (0.011090252, 1.7275935, 0.24637999), (0.014317047, 1.7312615, 0.24637999), (0.008230685, 1.7236328, 0.24637999), (0.011090252, 1.7275935, 0.24637999), (-1.951588e-8, 1.7462976, 0.24637999), (-1.951588e-8, 1.7462976, 0.24637999), (0.0057647913, 1.7194155, 0.24637999), (0.008230685, 1.7236328, 0.24637999), (-1.951588e-8, 1.7462976, 0.24637999), (0.003715375, 1.7149812, 0.24637999), (0.0057647913, 1.7194155, 0.24637999), (0.0021013885, 1.7103701, 0.24637999), (0.003715375, 1.7149812, 0.24637999), (-1.951588e-8, 1.7462976, 0.24637999), (-1.951588e-8, 1.7462976, 0.24637999), (0.0009377581, 1.7056258, 0.24637999), (0.0021013885, 1.7103701, 0.24637999), (-1.951588e-8, 1.7462976, 0.24637999), (0.00023524446, 1.7007912, 0.24637999), (0.0009377581, 1.7056258, 0.24637999), (2.583669e-7, 1.6959119, 0.24637999), (0.00023524446, 1.7007912, 0.24637999), (-1.951588e-8, 1.7462976, 0.24637999), (0.91424644, 3.059559, 0.05588001), (0.91422695, 3.05816, 0.24637999), (0.91422695, 3.05816, 0.05588001), (0.9143043, 3.060957, 0.05588001), (0.91422695, 3.05816, 0.24637999), (0.91424644, 3.059559, 0.05588001), (0.9144003, 3.0623531, 0.055880006), (0.91422695, 3.05816, 0.24637999), (0.9143043, 3.060957, 0.05588001), (0.9144003, 3.0623531, 0.055880006), (0.9150009, 3.0669942, 0.24637999), (0.91422695, 3.05816, 0.24637999), (0.91600156, 3.0714695, 0.055880006), (0.9150009, 3.0669942, 0.24637999), (0.9144003, 3.0623531, 0.055880006), (0.91600156, 3.0714695, 0.055880006), (0.91729933, 3.0755587, 0.24637999), (0.9150009, 3.0669942, 0.24637999), (0.9192304, 3.0801444, 0.055880006), (0.91729933, 3.0755587, 0.24637999), (0.91600156, 3.0714695, 0.055880006), (0.9192304, 3.0801444, 0.055880006), (0.9210521, 3.0835934, 0.24637999), (0.91729933, 3.0755587, 0.24637999), (0.9239799, 3.0880895, 0.055880006), (0.9210521, 3.0835934, 0.24637999), (0.9192304, 3.0801444, 0.055880006), (0.9239799, 3.0880895, 0.055880006), (0.9261448, 3.0908525, 0.24637999), (0.9210521, 3.0835934, 0.24637999), (0.9300919, 3.0950406, 0.055880006), (0.9261448, 3.0908525, 0.24637999), (0.9239799, 3.0880895, 0.055880006), (0.9300919, 3.0950406, 0.055880006), (0.93242234, 3.0971162, 0.24637999), (0.9261448, 3.0908525, 0.24637999), (0.937364, 3.1007671, 0.055880006), (0.93242234, 3.0971162, 0.24637999), (0.9300919, 3.0950406, 0.055880006), (0.937364, 3.1007671, 0.055880006), (0.9396935, 3.1021924, 0.24637999), (0.93242234, 3.0971162, 0.24637999), (0.9455545, 3.1050794, 0.055880006), (0.9396935, 3.1021924, 0.24637999), (0.937364, 3.1007671, 0.055880006), (0.9455545, 3.1050794, 0.055880006), (0.9477363, 3.1059268, 0.24637999), (0.9396935, 3.1021924, 0.24637999), (0.9543915, 3.107834, 0.055880006), (0.9477363, 3.1059268, 0.24637999), (0.9455545, 3.1050794, 0.055880006), (0.9543915, 3.107834, 0.055880006), (0.9563062, 3.1082056, 0.24637999), (0.9477363, 3.1059268, 0.24637999), (0.9635815, 3.1089392, 0.055880006), (0.9563062, 3.1082056, 0.24637999), (0.9543915, 3.107834, 0.055880006), (0.9635815, 3.1089392, 0.055880006), (0.96514183, 3.1089594, 0.24637999), (0.9563062, 3.1082056, 0.24637999), (0.97281957, 3.1083584, 0.055880006), (0.96514183, 3.1089594, 0.24637999), (0.9635815, 3.1089392, 0.055880006), (0.97281957, 3.1083584, 0.055880006), (0.973974, 3.1081655, 0.24637999), (0.96514183, 3.1089594, 0.24637999), (0.9817988, 3.1061108, 0.055880006), (0.973974, 3.1081655, 0.24637999), (0.97281957, 3.1083584, 0.055880006), (0.9817988, 3.1061108, 0.055880006), (0.98253345, 3.1058476, 0.24637999), (0.973974, 3.1081655, 0.24637999), (0.9902213, 3.1022716, 0.055880006), (0.98253345, 3.1058476, 0.24637999), (0.9817988, 3.1061108, 0.055880006), (0.9902213, 3.1022716, 0.055880006), (0.9905594, 3.1020768, 0.24637999), (0.98253345, 3.1058476, 0.24637999), (0.9978073, 3.0969675, 0.055880006), (0.9905594, 3.1020768, 0.24637999), (0.9902213, 3.1022716, 0.055880006), (0.9978073, 3.0969675, 0.24637999), (0.9905594, 3.1020768, 0.24637999), (0.9978073, 3.0969675, 0.055880006), (2.0820255, 2.7699263, 0.055880006), (2.0828, 2.77876, 0.24637999), (2.0828, 2.77876, 0.055880006), (2.0820255, 2.7699263, 0.055880006), (2.0820255, 2.7699263, 0.24637999), (2.0828, 2.77876, 0.24637999), (2.0797274, 2.7613614, 0.055880006), (2.0820255, 2.7699263, 0.24637999), (2.0820255, 2.7699263, 0.055880006), (2.0797274, 2.7613614, 0.055880006), (2.0797274, 2.7613614, 0.24637999), (2.0820255, 2.7699263, 0.24637999), (2.0759747, 2.7533271, 0.055880006), (2.0797274, 2.7613614, 0.24637999), (2.0797274, 2.7613614, 0.055880006), (2.0759747, 2.7533271, 0.055880006), (2.0759747, 2.7533271, 0.24637999), (2.0797274, 2.7613614, 0.24637999), (2.0708818, 2.7460673, 0.055880006), (2.0759747, 2.7533271, 0.24637999), (2.0759747, 2.7533271, 0.055880006), (2.0708818, 2.7460673, 0.055880006), (2.0708818, 2.7460673, 0.24637999), (2.0759747, 2.7533271, 0.24637999), (2.0646043, 2.7398043, 0.055880006), (2.0708818, 2.7460673, 0.24637999), (2.0708818, 2.7460673, 0.055880006), (2.0646043, 2.7398043, 0.055880006), (2.0646043, 2.7398043, 0.24637999), (2.0708818, 2.7460673, 0.24637999), (2.0573335, 2.7347279, 0.055880006), (2.0646043, 2.7398043, 0.24637999), (2.0646043, 2.7398043, 0.055880006), (2.0573335, 2.7347279, 0.055880006), (2.0573335, 2.7347279, 0.24637999), (2.0646043, 2.7398043, 0.24637999), (2.0492904, 2.7309935, 0.055880006), (2.0573335, 2.7347279, 0.24637999), (2.0573335, 2.7347279, 0.055880006), (2.0492904, 2.7309935, 0.055880006), (2.04929, 2.7309935, 0.24637999), (2.0573335, 2.7347279, 0.24637999), (2.0407202, 2.7287147, 0.055880006), (2.04929, 2.7309935, 0.24637999), (2.0492904, 2.7309935, 0.055880006), (2.0407202, 2.7287147, 0.055880006), (2.0407202, 2.7287147, 0.24637999), (2.04929, 2.7309935, 0.24637999), (2.031885, 2.7279603, 0.055880006), (2.0407202, 2.7287147, 0.24637999), (2.0407202, 2.7287147, 0.055880006), (2.031885, 2.7279603, 0.055880006), (2.031885, 2.7279603, 0.24637999), (2.0407202, 2.7287147, 0.24637999), (2.0230527, 2.7287543, 0.055880006), (2.031885, 2.7279603, 0.24637999), (2.031885, 2.7279603, 0.055880006), (2.0230527, 2.7287543, 0.055880006), (2.0230527, 2.7287543, 0.24637999), (2.031885, 2.7279603, 0.24637999), (2.0144932, 2.7310722, 0.055880006), (2.0230527, 2.7287543, 0.24637999), (2.0230527, 2.7287543, 0.055880006), (2.0144932, 2.7310722, 0.055880006), (2.0144932, 2.7310722, 0.24637999), (2.0230527, 2.7287543, 0.24637999), (2.0064673, 2.7348433, 0.055880006), (2.0144932, 2.7310722, 0.24637999), (2.0144932, 2.7310722, 0.055880006), (2.0064673, 2.7348433, 0.055880006), (2.0064673, 2.7348433, 0.24637999), (2.0144932, 2.7310722, 0.24637999), (1.9992192, 2.7399523, 0.055880006), (2.0064673, 2.7348433, 0.24637999), (2.0064673, 2.7348433, 0.055880006), (1.9992192, 2.7399523, 0.24637999), (2.0064673, 2.7348433, 0.24637999), (1.9992192, 2.7399523, 0.055880006), (1.1561711, 2.962284, 0.055880006), (1.1502076, 2.9682364, 0.24637999), (1.1502076, 2.9682364, 0.055880006), (1.1561711, 2.962284, 0.055880006), (1.1561711, 2.962284, 0.24637999), (1.1502076, 2.9682364, 0.24637999), (1.1610688, 2.9554284, 0.055880006), (1.1561711, 2.962284, 0.24637999), (1.1561711, 2.962284, 0.055880006), (1.1610688, 2.9554284, 0.055880006), (1.1610689, 2.9554284, 0.24637999), (1.1561711, 2.962284, 0.24637999), (1.1647661, 2.947857, 0.055880006), (1.1610689, 2.9554284, 0.24637999), (1.1610688, 2.9554284, 0.055880006), (1.1647661, 2.947857, 0.055880006), (1.1647661, 2.947857, 0.24637999), (1.1610689, 2.9554284, 0.24637999), (1.167161, 2.939779, 0.055880006), (1.1647661, 2.947857, 0.24637999), (1.1647661, 2.947857, 0.055880006), (1.167161, 2.939779, 0.055880006), (1.167161, 2.939779, 0.24637999), (1.1647661, 2.947857, 0.24637999), (1.1681877, 2.9314163, 0.055880006), (1.167161, 2.939779, 0.24637999), (1.167161, 2.939779, 0.055880006), (1.1681877, 2.9314163, 0.055880006), (1.1681877, 2.9314163, 0.24637999), (1.167161, 2.939779, 0.24637999), (1.1681877, 2.9314163, 0.055880006), (1.1678181, 2.9229984, 0.24637999), (1.1681877, 2.9314163, 0.24637999), (1.1678181, 2.9229984, 0.055880006), (1.1678181, 2.9229984, 0.24637999), (1.1681877, 2.9314163, 0.055880006), (1.1678181, 2.9229984, 0.055880006), (1.1660622, 2.914758, 0.24637999), (1.1678181, 2.9229984, 0.24637999), (1.1660622, 2.914758, 0.055880006), (1.1660622, 2.914758, 0.24637999), (1.1678181, 2.9229984, 0.055880006), (1.1660622, 2.914758, 0.055880006), (1.1629685, 2.9069211, 0.24637999), (1.1660622, 2.914758, 0.24637999), (1.1629684, 2.906921, 0.055880006), (1.1629685, 2.9069211, 0.24637999), (1.1660622, 2.914758, 0.055880006), (1.1629684, 2.906921, 0.055880006), (1.1586218, 2.899703, 0.24637999), (1.1629685, 2.9069211, 0.24637999), (1.1586217, 2.899703, 0.055880006), (1.1586218, 2.899703, 0.24637999), (1.1629684, 2.906921, 0.055880006), (1.1586217, 2.899703, 0.055880006), (1.153142, 2.893303, 0.24637999), (1.1586218, 2.899703, 0.24637999), (1.153142, 2.893303, 0.055880006), (1.153142, 2.893303, 0.24637999), (1.1586217, 2.899703, 0.055880006), (1.16827, 1.5654485, 0.055880006), (1.1664705, 2.916187, 0.055880006), (1.16827, 2.9294286, 0.055880006), (1.1661084, 1.5799649, 0.055880006), (1.1664705, 2.916187, 0.055880006), (1.16827, 1.5654485, 0.055880006), (1.1661084, 1.5799649, 0.055880006), (1.1613238, 2.903861, 0.055880006), (1.1664705, 2.916187, 0.055880006), (1.1599303, 1.5932708, 0.055880006), (1.1613238, 2.903861, 0.055880006), (1.1661084, 1.5799649, 0.055880006), (1.1599303, 1.5932708, 0.055880006), (1.153142, 2.893303, 0.055880006), (1.1613238, 2.903861, 0.055880006), (1.1502075, 1.6042564, 0.055880006), (1.153142, 2.893303, 0.055880006), (1.1599303, 1.5932708, 0.055880006), (1.1502075, 1.6042564, 0.055880006), (1.0007421, 2.7426345, 0.055880006), (1.153142, 2.893303, 0.055880006), (0.9978074, 1.7329876, 0.055880006), (1.0007421, 2.7426345, 0.055880006), (1.1502075, 1.6042564, 0.055880006), (0.9978074, 1.7329876, 0.055880006), (0.98130137, 2.7306376, 0.055880006), (1.0007421, 2.7426345, 0.055880006), (0.9782576, 1.7432263, 0.055880006), (0.98130137, 2.7306376, 0.055880006), (0.9978074, 1.7329876, 0.055880006), (0.9782576, 1.7432263, 0.055880006), (0.9585697, 2.7283719, 0.055880006), (0.98130137, 2.7306376, 0.055880006), (0.9562109, 1.7442088, 0.055880006), (0.9585697, 2.7283719, 0.055880006), (0.9782576, 1.7432263, 0.055880006), (0.9562109, 1.7442088, 0.055880006), (0.9371438, 2.7362962, 0.055880006), (0.9585697, 2.7283719, 0.055880006), (0.935828, 1.7357496, 0.055880006), (0.9371438, 2.7362962, 0.055880006), (0.9562109, 1.7442088, 0.055880006), (0.935828, 1.7357496, 0.055880006), (0.92135626, 2.7528074, 0.055880006), (0.9371438, 2.7362962, 0.055880006), (0.9209555, 1.7194452, 0.055880006), (0.92135626, 2.7528074, 0.055880006), (0.935828, 1.7357496, 0.055880006), (0.9209555, 1.7194452, 0.055880006), (0.91440004, 2.7745674, 0.055880006), (0.92135626, 2.7528074, 0.055880006), (0.91440016, 1.6983727, 0.055880006), (0.91440004, 2.7745674, 0.055880006), (0.9209555, 1.7194452, 0.055880006), (0.9683112, 2.7280662, 0.24637999), (0.96174216, 2.7280662, 0.24637999), (0.9650268, 2.7279599, 0.24637999), (0.9683112, 2.7280662, 0.24637999), (0.95847136, 2.7283847, 0.24637999), (0.96174216, 2.7280662, 0.24637999), (0.9715821, 2.7283847, 0.24637999), (0.95847136, 2.7283847, 0.24637999), (0.9683112, 2.7280662, 0.24637999), (0.9715821, 2.7283847, 0.24637999), (0.955228, 2.7289138, 0.24637999), (0.95847136, 2.7283847, 0.24637999), (0.9748255, 2.728914, 0.24637999), (0.955228, 2.7289138, 0.24637999), (0.9715821, 2.7283847, 0.24637999), (0.9748255, 2.728914, 0.24637999), (0.95202565, 2.729652, 0.24637999), (0.955228, 2.7289138, 0.24637999), (0.9780278, 2.729652, 0.24637999), (0.95202565, 2.729652, 0.24637999), (0.9748255, 2.728914, 0.24637999), (0.9780278, 2.729652, 0.24637999), (0.94887763, 2.730595, 0.24637999), (0.95202565, 2.729652, 0.24637999), (0.9811758, 2.730595, 0.24637999), (0.94887763, 2.730595, 0.24637999), (0.9780278, 2.729652, 0.24637999), (2.0828, 0.0508, 0.055880006), (2.0820255, 0.041966133, 0.24637999), (2.0828, 0.0508, 0.24637999), (2.0820255, 0.041966133, 0.055880006), (2.0820255, 0.041966133, 0.24637999), (2.0828, 0.0508, 0.055880006), (2.0820255, 0.041966133, 0.055880006), (2.0797274, 0.03340145, 0.24637999), (2.0820255, 0.041966133, 0.24637999), (2.0797274, 0.03340145, 0.055880006), (2.0797274, 0.03340145, 0.24637999), (2.0820255, 0.041966133, 0.055880006), (2.0797274, 0.03340145, 0.055880006), (2.0759747, 0.025366934, 0.24637999), (2.0797274, 0.03340145, 0.24637999), (2.0759747, 0.025366934, 0.055880006), (2.0759747, 0.025366934, 0.24637999), (2.0797274, 0.03340145, 0.055880006), (2.0759747, 0.025366934, 0.055880006), (2.0708818, 0.018107418, 0.24637999), (2.0759747, 0.025366934, 0.24637999), (2.0708818, 0.018107418, 0.055880006), (2.0708818, 0.018107418, 0.24637999), (2.0759747, 0.025366934, 0.055880006), (2.0646043, 0.011844111, 0.055880006), (2.0708818, 0.018107418, 0.24637999), (2.0708818, 0.018107418, 0.055880006), (2.0646043, 0.011844111, 0.055880006), (2.0646043, 0.011844111, 0.24637999), (2.0708818, 0.018107418, 0.24637999), (2.0573335, 0.006767869, 0.055880006), (2.0646043, 0.011844111, 0.24637999), (2.0646043, 0.011844111, 0.055880006), (2.0573335, 0.006767869, 0.055880006), (2.0573335, 0.006767869, 0.24637999), (2.0646043, 0.011844111, 0.24637999), (2.0492904, 0.0030333768, 0.055880006), (2.0573335, 0.006767869, 0.24637999), (2.0573335, 0.006767869, 0.055880006), (2.0492904, 0.0030333768, 0.055880006), (2.0492904, 0.0030333763, 0.24637999), (2.0573335, 0.006767869, 0.24637999), (2.0407202, 0.0007544304, 0.055880006), (2.0492904, 0.0030333763, 0.24637999), (2.0492904, 0.0030333768, 0.055880006), (2.0407202, 0.0007544304, 0.055880006), (2.0407202, 0.0007544304, 0.24637999), (2.0492904, 0.0030333763, 0.24637999), (2.031885, 4.7492384e-7, 0.055880006), (2.0407202, 0.0007544304, 0.24637999), (2.0407202, 0.0007544304, 0.055880006), (2.031885, 4.7492384e-7, 0.055880006), (2.031885, 4.7492534e-7, 0.24637999), (2.0407202, 0.0007544304, 0.24637999), (2.0230527, 0.0007944845, 0.055880006), (2.031885, 4.7492534e-7, 0.24637999), (2.031885, 4.7492384e-7, 0.055880006), (2.0230527, 0.0007944845, 0.055880006), (2.0230527, 0.0007944846, 0.24637999), (2.031885, 4.7492534e-7, 0.24637999), (2.0144932, 0.003112264, 0.055880006), (2.0230527, 0.0007944846, 0.24637999), (2.0230527, 0.0007944845, 0.055880006), (2.0144932, 0.003112264, 0.055880006), (2.0144932, 0.0031122642, 0.24637999), (2.0230527, 0.0007944846, 0.24637999), (2.0064673, 0.0068831868, 0.055880006), (2.0144932, 0.0031122642, 0.24637999), (2.0144932, 0.003112264, 0.055880006), (2.0064673, 0.0068831868, 0.055880006), (2.0064673, 0.0068831868, 0.24637999), (2.0144932, 0.0031122642, 0.24637999), (1.9992195, 0.011992342, 0.055880006), (2.0064673, 0.0068831868, 0.24637999), (2.0064673, 0.0068831868, 0.055880006), (1.9992195, 0.011992344, 0.24637999), (2.0064673, 0.0068831868, 0.24637999), (1.9992195, 0.011992342, 0.055880006), (1.8408555, 2.874636, 0.055880006), (1.8468189, 2.8686836, 0.24637999), (1.8468189, 2.8686836, 0.055880006), (1.8408555, 2.874636, 0.055880006), (1.8408555, 2.874636, 0.24637999), (1.8468189, 2.8686836, 0.24637999), (1.8359576, 2.8814917, 0.055880006), (1.8408555, 2.874636, 0.24637999), (1.8408555, 2.874636, 0.055880006), (1.8359576, 2.8814917, 0.055880006), (1.8359576, 2.8814917, 0.24637999), (1.8408555, 2.874636, 0.24637999), (1.8322606, 2.8890626, 0.055880006), (1.8359576, 2.8814917, 0.24637999), (1.8359576, 2.8814917, 0.055880006), (1.8322606, 2.8890626, 0.055880006), (1.8322606, 2.8890626, 0.24637999), (1.8359576, 2.8814917, 0.24637999), (1.8298656, 2.8971412, 0.055880006), (1.8322606, 2.8890626, 0.24637999), (1.8322606, 2.8890626, 0.055880006), (1.8298656, 2.8971412, 0.055880006), (1.8298656, 2.8971412, 0.24637999), (1.8322606, 2.8890626, 0.24637999), (1.8298656, 2.8971412, 0.055880006), (1.828839, 2.905504, 0.24637999), (1.8298656, 2.8971412, 0.24637999), (1.828839, 2.905504, 0.055880006), (1.828839, 2.905504, 0.24637999), (1.8298656, 2.8971412, 0.055880006), (1.828839, 2.905504, 0.055880006), (1.8292085, 2.9139214, 0.24637999), (1.828839, 2.905504, 0.24637999), (1.8292085, 2.9139214, 0.055880006), (1.8292085, 2.9139214, 0.24637999), (1.828839, 2.905504, 0.055880006), (1.8292085, 2.9139214, 0.055880006), (1.8309646, 2.922162, 0.24637999), (1.8292085, 2.9139214, 0.24637999), (1.8309646, 2.922162, 0.055880006), (1.8309646, 2.922162, 0.24637999), (1.8292085, 2.9139214, 0.055880006), (1.8309646, 2.922162, 0.055880006), (1.8340584, 2.9299996, 0.24637999), (1.8309646, 2.922162, 0.24637999), (1.8340584, 2.9299996, 0.055880006), (1.8340584, 2.9299996, 0.24637999), (1.8309646, 2.922162, 0.055880006), (1.8340584, 2.9299996, 0.055880006), (1.838405, 2.937217, 0.24637999), (1.8340584, 2.9299996, 0.24637999), (1.838405, 2.937217, 0.055880006), (1.838405, 2.937217, 0.24637999), (1.8340584, 2.9299996, 0.055880006), (1.838405, 2.937217, 0.055880006), (1.843885, 2.943617, 0.24637999), (1.838405, 2.937217, 0.24637999), (1.843885, 2.943617, 0.055880006), (1.843885, 2.943617, 0.24637999), (1.838405, 2.937217, 0.055880006), (2.0526884, 2.7323637, 0.24637999), (2.0481489, 2.7305954, 0.24637999), (2.0828001, 2.730595, 0.24637999), (2.0828001, 2.730595, 0.24637999), (2.0570383, 2.7345593, 0.24637999), (2.0526884, 2.7323637, 0.24637999), (2.0828001, 2.730595, 0.24637999), (2.0611575, 2.7371612, 0.24637999), (2.0570383, 2.7345593, 0.24637999), (2.0650084, 2.740146, 0.24637999), (2.0611575, 2.7371612, 0.24637999), (2.0828001, 2.730595, 0.24637999), (2.0828001, 2.730595, 0.24637999), (2.0685556, 2.7434855, 0.24637999), (2.0650084, 2.740146, 0.24637999), (2.0828001, 2.730595, 0.24637999), (2.0717669, 2.7471497, 0.24637999), (2.0685556, 2.7434855, 0.24637999), (2.0746121, 2.7511048, 0.24637999), (2.0717669, 2.7471497, 0.24637999), (2.0828001, 2.730595, 0.24637999), (2.0828001, 2.730595, 0.24637999), (2.0770655, 2.7553144, 0.24637999), (2.0746121, 2.7511048, 0.24637999), (2.0828001, 2.730595, 0.24637999), (2.0791042, 2.759739, 0.24637999), (2.0770655, 2.7553144, 0.24637999), (2.08071, 2.764339, 0.24637999), (2.0791042, 2.759739, 0.24637999), (2.0828001, 2.730595, 0.24637999), (2.0828001, 2.730595, 0.24637999), (2.0818675, 2.7690718, 0.24637999), (2.08071, 2.764339, 0.24637999), (2.0828001, 2.730595, 0.24637999), (2.0825663, 2.7738936, 0.24637999), (2.0818675, 2.7690718, 0.24637999), (2.0828, 2.77876, 0.24637999), (2.0825663, 2.7738936, 0.24637999), (2.0828001, 2.730595, 0.24637999), (2.0287156, 2.7280667, 0.24637999), (2.0352845, 2.7280667, 0.24637999), (2.032, 2.72796, 0.24637999), (2.025445, 2.728385, 0.24637999), (2.0352845, 2.7280667, 0.24637999), (2.0287156, 2.7280667, 0.24637999), (2.025445, 2.728385, 0.24637999), (2.0385551, 2.728385, 0.24637999), (2.0352845, 2.7280667, 0.24637999), (2.0222015, 2.728914, 0.24637999), (2.0385551, 2.728385, 0.24637999), (2.025445, 2.728385, 0.24637999), (2.0222015, 2.728914, 0.24637999), (2.0417984, 2.728914, 0.24637999), (2.0385551, 2.728385, 0.24637999), (2.0189996, 2.7296522, 0.24637999), (2.0417984, 2.728914, 0.24637999), (2.0222015, 2.728914, 0.24637999), (2.0189996, 2.7296522, 0.24637999), (2.0450008, 2.7296522, 0.24637999), (2.0417984, 2.728914, 0.24637999), (2.0189996, 2.7296522, 0.24637999), (2.0481489, 2.7305954, 0.24637999), (2.0450008, 2.7296522, 0.24637999), (2.015851, 2.7305954, 0.24637999), (2.0481489, 2.7305954, 0.24637999), (2.0189996, 2.7296522, 0.24637999), (1.8288001, -1.0972464e-21, 0.055880006), (2.023138, 0.000779335, 0.055880006), (2.032, 2.5826836e-7, 0.055880006), (2.0145473, 0.003092439, 0.055880006), (2.023138, 0.000779335, 0.055880006), (1.8288001, -1.0972464e-21, 0.055880006), (1.8288001, -1.0972464e-21, 0.055880006), (2.0064924, 0.0068687145, 0.055880006), (2.0145473, 0.003092439, 0.055880006), (1.8288001, -1.0972464e-21, 0.055880006), (1.9992192, 0.011992265, 0.055880006), (2.0064924, 0.0068687145, 0.055880006), (1.8468189, 0.14072369, 0.055880006), (1.9992192, 0.011992265, 0.055880006), (1.8288001, -1.0972464e-21, 0.055880006), (1.8288001, -1.0972464e-21, 0.055880006), (1.8405995, 0.14698008, 0.055880006), (1.8468189, 0.14072369, 0.055880006), (1.8355561, 0.15421811, 0.055880006), (1.8405995, 0.14698008, 0.055880006), (1.8288001, -1.0972464e-21, 0.055880006), (1.8288001, -1.0972464e-21, 0.055880006), (1.831841, 0.16221952, 0.055880006), (1.8355561, 0.15421811, 0.055880006), (1.8288001, -1.0972464e-21, 0.055880006), (1.829566, 0.17074305, 0.055880006), (1.831841, 0.16221952, 0.055880006), (1.8288001, 0.17953162, 0.055880006), (1.829566, 0.17074305, 0.055880006), (1.8288001, -1.0972464e-21, 0.055880006), (0.9767959, 0.37961748, 0.24637999), (2.032, 0.381, 0.24637999), (0.9650266, 0.3809997, 0.24637999), (0.9767959, 0.37961748, 0.24637999), (2.0189455, 0.37929398, 0.24637999), (2.032, 0.381, 0.24637999), (0.9879246, 0.3755463, 0.24637999), (2.0189455, 0.37929398, 0.24637999), (0.9767959, 0.37961748, 0.24637999), (0.9879246, 0.3755463, 0.24637999), (2.0067677, 0.37429053, 0.24637999), (2.0189455, 0.37929398, 0.24637999), (0.9978074, 0.36900768, 0.24637999), (2.0067677, 0.37429053, 0.24637999), (0.9879246, 0.3755463, 0.24637999), (2.0067677, 0.37429053, 0.24637999), (0.9978074, 0.36900768, 0.24637999), (1.996285, 0.36632568, 0.24637999), (1.996285, 0.36632568, 0.24637999), (0.9978074, 0.36900768, 0.24637999), (1.1502076, 0.24027628, 0.24637999), (1.996285, 0.36632568, 0.24637999), (1.1502076, 0.24027628, 0.24637999), (1.843885, 0.21565732, 0.24637999), (1.843885, 0.21565732, 0.24637999), (1.1502076, 0.24027628, 0.24637999), (1.1630747, 0.22375947, 0.24637999), (1.843885, 0.21565732, 0.24637999), (1.1630747, 0.22375947, 0.24637999), (1.8323486, 0.1981849, 0.24637999), (1.8323486, 0.1981849, 0.24637999), (1.1630747, 0.22375947, 0.24637999), (1.1681877, 0.20345613, 0.24637999), (1.8323486, 0.1981849, 0.24637999), (1.1681877, 0.20345613, 0.24637999), (1.828839, 0.17754386, 0.24637999), (1.828839, 0.17754386, 0.24637999), (1.1681877, 0.20345613, 0.24637999), (1.164678, 0.18281516, 0.24637999), (1.828839, 0.17754386, 0.24637999), (1.164678, 0.18281516, 0.24637999), (1.8339521, 0.1572405, 0.24637999), (1.8339521, 0.1572405, 0.24637999), (1.164678, 0.18281516, 0.24637999), (1.153142, 0.16534275, 0.24637999), (1.8339521, 0.1572405, 0.24637999), (1.153142, 0.16534275, 0.24637999), (1.8468193, 0.14072366, 0.24637999), (1.8468193, 0.14072366, 0.24637999), (1.153142, 0.16534275, 0.24637999), (1.0007418, 0.014674336, 0.24637999), (1.8468193, 0.14072366, 0.24637999), (1.0007418, 0.014674336, 0.24637999), (1.9992192, 0.011992273, 0.24637999), (1.9992192, 0.011992273, 0.24637999), (1.0007418, 0.014674336, 0.24637999), (0.99025893, 0.0067095, 0.24637999), (1.9992192, 0.011992273, 0.24637999), (0.99025893, 0.0067095, 0.24637999), (2.009102, 0.0054536457, 0.24637999), (2.009102, 0.0054536457, 0.24637999), (0.99025893, 0.0067095, 0.24637999), (0.97808117, 0.0017060325, 0.24637999), (2.009102, 0.0054536457, 0.24637999), (0.97808117, 0.0017060325, 0.24637999), (2.020231, 0.0013824656, 0.24637999), (2.020231, 0.0013824656, 0.24637999), (0.97808117, 0.0017060325, 0.24637999), (0.9650268, 8.181957e-11, 0.24637999), (2.020231, 0.0013824656, 0.24637999), (0.9650268, 8.181957e-11, 0.24637999), (2.032, 2.5840825e-7, 0.24637999), (1.8408557, 0.14667575, 0.055880006), (1.8468193, 0.14072368, 0.24637999), (1.8468193, 0.14072368, 0.055880006), (1.8408557, 0.14667575, 0.055880006), (1.8408557, 0.14667575, 0.24637999), (1.8468193, 0.14072368, 0.24637999), (1.8359576, 0.15353167, 0.055880006), (1.8408557, 0.14667575, 0.24637999), (1.8408557, 0.14667575, 0.055880006), (1.8359576, 0.15353167, 0.055880006), (1.8359576, 0.15353167, 0.24637999), (1.8408557, 0.14667575, 0.24637999), (1.8322606, 0.16110288, 0.055880006), (1.8359576, 0.15353167, 0.24637999), (1.8359576, 0.15353167, 0.055880006), (1.8322606, 0.16110288, 0.055880006), (1.8322606, 0.16110288, 0.24637999), (1.8359576, 0.15353167, 0.24637999), (1.8298656, 0.16918099, 0.055880006), (1.8322606, 0.16110288, 0.24637999), (1.8322606, 0.16110288, 0.055880006), (1.8298656, 0.16918099, 0.055880006), (1.8298656, 0.16918099, 0.24637999), (1.8322606, 0.16110288, 0.24637999), (1.828839, 0.17754386, 0.055880006), (1.8298656, 0.16918099, 0.24637999), (1.8298656, 0.16918099, 0.055880006), (1.828839, 0.17754386, 0.055880006), (1.828839, 0.17754386, 0.24637999), (1.8298656, 0.16918099, 0.24637999), (1.8292085, 0.1859614, 0.055880006), (1.828839, 0.17754386, 0.24637999), (1.828839, 0.17754386, 0.055880006), (1.8292085, 0.1859614, 0.055880006), (1.8292085, 0.1859614, 0.24637999), (1.828839, 0.17754386, 0.24637999), (1.8309643, 0.19420208, 0.055880006), (1.8292085, 0.1859614, 0.24637999), (1.8292085, 0.1859614, 0.055880006), (1.8309643, 0.19420208, 0.055880006), (1.8309643, 0.19420208, 0.24637999), (1.8292085, 0.1859614, 0.24637999), (1.8340583, 0.20203918, 0.055880006), (1.8309643, 0.19420208, 0.24637999), (1.8309643, 0.19420208, 0.055880006), (1.8340583, 0.20203918, 0.055880006), (1.8340583, 0.20203918, 0.24637999), (1.8309643, 0.19420208, 0.24637999), (1.838405, 0.20925711, 0.055880006), (1.8340583, 0.20203918, 0.24637999), (1.8340583, 0.20203918, 0.055880006), (1.838405, 0.20925711, 0.055880006), (1.838405, 0.20925711, 0.24637999), (1.8340583, 0.20203918, 0.24637999), (1.843885, 0.21565732, 0.055880006), (1.838405, 0.20925711, 0.24637999), (1.838405, 0.20925711, 0.055880006), (1.843885, 0.21565732, 0.24637999), (1.838405, 0.20925711, 0.24637999), (1.843885, 0.21565732, 0.055880006), (2.0828001, 0.38100004, 0.24637999), (2.0825217, 0.33551008, 0.24637999), (2.0828001, 0.33020005, 0.24637999), (2.0828001, 0.38100004, 0.24637999), (2.0816898, 0.3407619, 0.24637999), (2.0825217, 0.33551008, 0.24637999), (2.0803137, 0.34589806, 0.24637999), (2.0816898, 0.3407619, 0.24637999), (2.0828001, 0.38100004, 0.24637999), (2.0828001, 0.38100004, 0.24637999), (2.0784082, 0.35086218, 0.24637999), (2.0803137, 0.34589806, 0.24637999), (2.0828001, 0.38100004, 0.24637999), (2.0759943, 0.35559997, 0.24637999), (2.0784082, 0.35086218, 0.24637999), (2.0730982, 0.36005947, 0.24637999), (2.0759943, 0.35559997, 0.24637999), (2.0828001, 0.38100004, 0.24637999), (2.0828001, 0.38100004, 0.24637999), (2.0697517, 0.36419183, 0.24637999), (2.0730982, 0.36005947, 0.24637999), (2.0828001, 0.38100004, 0.24637999), (2.0659919, 0.36795172, 0.24637999), (2.0697517, 0.36419183, 0.24637999), (2.0618596, 0.37129807, 0.24637999), (2.0659919, 0.36795172, 0.24637999), (2.0828001, 0.38100004, 0.24637999), (2.0828001, 0.38100004, 0.24637999), (2.0574002, 0.37419406, 0.24637999), (2.0618596, 0.37129807, 0.24637999), (2.0828001, 0.38100004, 0.24637999), (2.0526624, 0.3766081, 0.24637999), (2.0574002, 0.37419406, 0.24637999), (2.047698, 0.37851363, 0.24637999), (2.0526624, 0.3766081, 0.24637999), (2.0828001, 0.38100004, 0.24637999), (2.0828001, 0.38100004, 0.24637999), (2.042562, 0.37988988, 0.24637999), (2.047698, 0.37851363, 0.24637999), (2.0828001, 0.38100004, 0.24637999), (2.0373101, 0.38072172, 0.24637999), (2.042562, 0.37988988, 0.24637999), (2.032, 0.381, 0.24637999), (2.0373101, 0.38072172, 0.24637999), (2.0828001, 0.38100004, 0.24637999), (2.0789516, 0.3495956, 0.055880006), (2.0828, 1.41478, 0.055880006), (2.0828001, 0.33020005, 0.055880006), (2.0789516, 0.3495956, 0.055880006), (2.0776439, 1.392481, 0.055880006), (2.0828, 1.41478, 0.055880006), (2.0679896, 0.36605254, 0.055880006), (2.0776439, 1.392481, 0.055880006), (2.0789516, 0.3495956, 0.055880006), (2.0679896, 0.36605254, 0.055880006), (2.063223, 1.3747084, 0.055880006), (2.0776439, 1.392481, 0.055880006), (2.0515745, 0.37707734, 0.055880006), (2.063223, 1.3747084, 0.055880006), (2.0679896, 0.36605254, 0.055880006), (2.0515745, 0.37707734, 0.055880006), (2.0424643, 1.3650697, 0.055880006), (2.063223, 1.3747084, 0.055880006), (2.0321937, 0.3809996, 0.055880006), (2.0424643, 1.3650697, 0.055880006), (2.0515745, 0.37707734, 0.055880006), (2.0321937, 0.3809996, 0.055880006), (2.0195813, 1.3655217, 0.055880006), (2.0424643, 1.3650697, 0.055880006), (2.0127835, 0.3772251, 0.055880006), (2.0195813, 1.3655217, 0.055880006), (2.0321937, 0.3809996, 0.055880006), (2.0127835, 0.3772251, 0.055880006), (1.9992192, 1.3759723, 0.055880006), (2.0195813, 1.3655217, 0.055880006), (1.996285, 0.3663257, 0.055880006), (1.9992192, 1.3759723, 0.055880006), (2.0127835, 0.3772251, 0.055880006), (1.996285, 0.3663257, 0.055880006), (1.8468189, 1.5047036, 0.055880006), (1.9992192, 1.3759723, 0.055880006), (1.843885, 0.21565732, 0.055880006), (1.8468189, 1.5047036, 0.055880006), (1.996285, 0.3663257, 0.055880006), (1.843885, 0.21565732, 0.055880006), (1.8370965, 1.5156895, 0.055880006), (1.8468189, 1.5047036, 0.055880006), (1.8357031, 0.20509902, 0.055880006), (1.8370965, 1.5156895, 0.055880006), (1.843885, 0.21565732, 0.055880006), (1.8357031, 0.20509902, 0.055880006), (1.8309182, 1.5289953, 0.055880006), (1.8370965, 1.5156895, 0.055880006), (1.830556, 0.19277306, 0.055880006), (1.8309182, 1.5289953, 0.055880006), (1.8357031, 0.20509902, 0.055880006), (1.830556, 0.19277306, 0.055880006), (1.8288001, 1.5435119, 0.055880006), (1.8309182, 1.5289953, 0.055880006), (1.8288001, 0.17953162, 0.055880006), (1.8288001, 1.5435119, 0.055880006), (1.830556, 0.19277306, 0.055880006), (2.0828001, -3.0873505e-20, 0.24637999), (2.0373101, 0.00027863684, 0.24637999), (2.032, 2.5840822e-7, 0.24637999), (2.0828001, -3.0873505e-20, 0.24637999), (2.042562, 0.001110451, 0.24637999), (2.0373101, 0.00027863684, 0.24637999), (2.047698, 0.0024866734, 0.24637999), (2.042562, 0.001110451, 0.24637999), (2.0828001, -3.0873505e-20, 0.24637999), (2.0828001, -3.0873505e-20, 0.24637999), (2.0526621, 0.0043922258, 0.24637999), (2.047698, 0.0024866734, 0.24637999), (2.0828001, -3.0873505e-20, 0.24637999), (2.0573997, 0.0068062306, 0.24637999), (2.0526621, 0.0043922258, 0.24637999), (2.0618594, 0.009702239, 0.24637999), (2.0573997, 0.0068062306, 0.24637999), (2.0828001, -3.0873505e-20, 0.24637999), (2.0828001, -3.0873505e-20, 0.24637999), (2.0659916, 0.013048524, 0.24637999), (2.0618594, 0.009702239, 0.24637999), (2.0828001, -3.0873505e-20, 0.24637999), (2.0697515, 0.016808419, 0.24637999), (2.0659916, 0.013048524, 0.24637999), (2.073098, 0.020940732, 0.24637999), (2.0697515, 0.016808419, 0.24637999), (2.0828001, -3.0873505e-20, 0.24637999), (2.0828001, -3.0873505e-20, 0.24637999), (2.075994, 0.02540019, 0.24637999), (2.073098, 0.020940732, 0.24637999), (2.0828001, -3.0873505e-20, 0.24637999), (2.078408, 0.030137936, 0.24637999), (2.075994, 0.02540019, 0.24637999), (2.0803132, 0.03510206, 0.24637999), (2.078408, 0.030137936, 0.24637999), (2.0828001, -3.0873505e-20, 0.24637999), (2.0828001, -3.0873505e-20, 0.24637999), (2.0816896, 0.040238168, 0.24637999), (2.0803132, 0.03510206, 0.24637999), (2.0828001, -3.0873505e-20, 0.24637999), (2.0825214, 0.045489993, 0.24637999), (2.0816896, 0.040238168, 0.24637999), (2.0828, 0.0508, 0.24637999), (2.0825214, 0.045489993, 0.24637999), (2.0828001, -3.0873505e-20, 0.24637999), (2.0828001, 6.77585e-23, 0.055880006), (2.0825214, 0.045489993, 0.055880006), (2.0828, 0.0508, 0.055880006), (2.0828001, 6.77585e-23, 0.055880006), (2.0816896, 0.040238168, 0.055880006), (2.0825214, 0.045489993, 0.055880006), (2.0803132, 0.035102054, 0.055880006), (2.0816896, 0.040238168, 0.055880006), (2.0828001, 6.77585e-23, 0.055880006), (2.0828001, 6.77585e-23, 0.055880006), (2.078408, 0.030137936, 0.055880006), (2.0803132, 0.035102054, 0.055880006), (2.0828001, 6.77585e-23, 0.055880006), (2.075994, 0.02540019, 0.055880006), (2.078408, 0.030137936, 0.055880006), (2.073098, 0.02094073, 0.055880006), (2.075994, 0.02540019, 0.055880006), (2.0828001, 6.77585e-23, 0.055880006), (2.0828001, 6.77585e-23, 0.055880006), (2.0697515, 0.016808417, 0.055880006), (2.073098, 0.02094073, 0.055880006), (2.0828001, 6.77585e-23, 0.055880006), (2.0659916, 0.013048519, 0.055880006), (2.0697515, 0.016808417, 0.055880006), (2.0618594, 0.009702236, 0.055880006), (2.0659916, 0.013048519, 0.055880006), (2.0828001, 6.77585e-23, 0.055880006), (2.0828001, 6.77585e-23, 0.055880006), (2.0573997, 0.006806228, 0.055880006), (2.0618594, 0.009702236, 0.055880006), (2.0828001, 6.77585e-23, 0.055880006), (2.0526621, 0.004392223, 0.055880006), (2.0573997, 0.006806228, 0.055880006), (2.047698, 0.0024866709, 0.055880006), (2.0526621, 0.004392223, 0.055880006), (2.0828001, 6.77585e-23, 0.055880006), (2.0828001, 6.77585e-23, 0.055880006), (2.042562, 0.0011104492, 0.055880006), (2.047698, 0.0024866709, 0.055880006), (2.0828001, 6.77585e-23, 0.055880006), (2.0373101, 0.00027863588, 0.055880006), (2.042562, 0.0011104492, 0.055880006), (2.032, 2.5826836e-7, 0.055880006), (2.0373101, 0.00027863588, 0.055880006), (2.0828001, 6.77585e-23, 0.055880006), (2.0828001, 1.3652976, 0.24637999), (2.0481796, 1.3666259, 0.24637999), (2.0434947, 1.3652977, 0.24637999), (2.0527163, 1.3683962, 0.24637999), (2.0481796, 1.3666259, 0.24637999), (2.0828001, 1.3652976, 0.24637999), (2.0828001, 1.3652976, 0.24637999), (2.0570621, 1.3705931, 0.24637999), (2.0527163, 1.3683962, 0.24637999), (2.0828001, 1.3652976, 0.24637999), (2.0611777, 1.3731956, 0.24637999), (2.0570621, 1.3705931, 0.24637999), (2.0650253, 1.3761804, 0.24637999), (2.0611777, 1.3731956, 0.24637999), (2.0828001, 1.3652976, 0.24637999), (2.0828001, 1.3652976, 0.24637999), (2.0685697, 1.37952, 0.24637999), (2.0650253, 1.3761804, 0.24637999), (2.0828001, 1.3652976, 0.24637999), (2.0717778, 1.3831835, 0.24637999), (2.0685697, 1.37952, 0.24637999), (2.07462, 1.3871373, 0.24637999), (2.0717778, 1.3831835, 0.24637999), (2.0828001, 1.3652976, 0.24637999), (2.0828001, 1.3652976, 0.24637999), (2.0770712, 1.3913453, 0.24637999), (2.07462, 1.3871373, 0.24637999), (2.0828001, 1.3652976, 0.24637999), (2.079108, 1.3957684, 0.24637999), (2.0770712, 1.3913453, 0.24637999), (2.0807118, 1.4003662, 0.24637999), (2.079108, 1.3957684, 0.24637999), (2.0828001, 1.3652976, 0.24637999), (2.0828001, 1.3652976, 0.24637999), (2.0818682, 1.4050965, 0.24637999), (2.0807118, 1.4003662, 0.24637999), (2.0828001, 1.3652976, 0.24637999), (2.0825663, 1.4099159, 0.24637999), (2.0818682, 1.4050965, 0.24637999), (2.0828, 1.41478, 0.24637999), (2.0825663, 1.4099159, 0.24637999), (2.0828001, 1.3652976, 0.24637999), (0.049321346, 0.38270047, 0.24637999), (0.055229954, 0.38253006, 0.24637999), (0.052278105, 0.3827005, 0.24637999), (0.0463695, 0.38252997, 0.24637999), (0.055229954, 0.38253006, 0.24637999), (0.049321346, 0.38270047, 0.24637999), (0.0463695, 0.38252997, 0.24637999), (0.058167055, 0.38218966, 0.24637999), (0.055229954, 0.38253006, 0.24637999), (0.043432396, 0.3821896, 0.24637999), (0.058167055, 0.38218966, 0.24637999), (0.0463695, 0.38252997, 0.24637999), (0.06107966, 0.38168055, 0.24637999), (0.058167055, 0.38218966, 0.24637999), (0.043432396, 0.3821896, 0.24637999), (0.06107966, 0.38168055, 0.24637999), (0.043432396, 0.3821896, 0.24637999), (0.06395777, 0.38100216, 0.24637999), (0.06395777, 0.38100216, 0.24637999), (0.043432396, 0.3821896, 0.24637999), (0.040519807, 0.38168043, 0.24637999), (0.06395777, 0.38100216, 0.24637999), (0.040519807, 0.38168043, 0.24637999), (0.037641685, 0.38100207, 0.24637999), (2.0348985, 1.3640679, 0.24637999), (2.029102, 1.3640679, 0.24637999), (2.032, 1.3639859, 0.24637999), (2.0348985, 1.3640679, 0.24637999), (2.0262132, 1.364314, 0.24637999), (2.029102, 1.3640679, 0.24637999), (2.0377872, 1.364314, 0.24637999), (2.0262132, 1.364314, 0.24637999), (2.0348985, 1.3640679, 0.24637999), (2.0233428, 1.3647231, 0.24637999), (2.0262132, 1.364314, 0.24637999), (2.0377872, 1.364314, 0.24637999), (2.0233428, 1.3647231, 0.24637999), (2.0377872, 1.364314, 0.24637999), (2.0205004, 1.365296, 0.24637999), (2.0205004, 1.365296, 0.24637999), (2.0377872, 1.364314, 0.24637999), (2.0406578, 1.3647234, 0.24637999), (2.0205004, 1.365296, 0.24637999), (2.0406578, 1.3647234, 0.24637999), (2.0435, 1.365296, 0.24637999), (0.046692155, 2.7298598, 0.24637999), (0.05217061, 2.7297122, 0.24637999), (0.049429398, 2.7297122, 0.24637999), (0.046692155, 2.7298598, 0.24637999), (0.05490785, 2.7298598, 0.24637999), (0.05217061, 2.7297122, 0.24637999), (0.04396681, 2.7301543, 0.24637999), (0.05490785, 2.7298598, 0.24637999), (0.046692155, 2.7298598, 0.24637999), (0.04396681, 2.7301543, 0.24637999), (0.05763319, 2.7301543, 0.24637999), (0.05490785, 2.7298598, 0.24637999), (0.04126127, 2.730595, 0.24637999), (0.05763319, 2.7301543, 0.24637999), (0.04396681, 2.7301543, 0.24637999), (0.060338728, 2.730595, 0.24637999), (0.05763319, 2.7301543, 0.24637999), (0.04126127, 2.730595, 0.24637999), (0.052962683, 1.746665, 0.24637999), (0.04863732, 1.746665, 0.24637999), (0.0508, 1.7467113, 0.24637999), (0.05512146, 1.7465272, 0.24637999), (0.04863732, 1.746665, 0.24637999), (0.052962683, 1.746665, 0.24637999), (0.05512146, 1.7465272, 0.24637999), (0.046478547, 1.7465272, 0.24637999), (0.04863732, 1.746665, 0.24637999), (0.057272412, 1.7462976, 0.24637999), (0.046478547, 1.7465272, 0.24637999), (0.05512146, 1.7465272, 0.24637999), (0.044327587, 1.7462976, 0.24637999), (0.046478547, 1.7465272, 0.24637999), (0.057272412, 1.7462976, 0.24637999), (0.96792513, 1.3640679, 0.24637999), (0.96212864, 1.3640679, 0.24637999), (0.9650269, 1.3639858, 0.24637999), (0.96792513, 1.3640679, 0.24637999), (0.9592398, 1.364314, 0.24637999), (0.96212864, 1.3640679, 0.24637999), (0.970814, 1.364314, 0.24637999), (0.9592398, 1.364314, 0.24637999), (0.96792513, 1.3640679, 0.24637999), (0.9563694, 1.3647231, 0.24637999), (0.9592398, 1.364314, 0.24637999), (0.970814, 1.364314, 0.24637999), (0.9563694, 1.3647231, 0.24637999), (0.970814, 1.364314, 0.24637999), (0.9535271, 1.3652959, 0.24637999), (0.9535271, 1.3652959, 0.24637999), (0.970814, 1.364314, 0.24637999), (0.9736844, 1.3647234, 0.24637999), (0.9535271, 1.3652959, 0.24637999), (0.9736844, 1.3647234, 0.24637999), (0.97652674, 1.365296, 0.24637999), (2.0835264, 0.00009518799, 0.30226), (1.8295261, 0.00009518799, 0.35814), (2.0835264, 0.00009518799, 0.35814), (1.8295261, 0.00009518799, 0.30226), (1.8295261, 0.00009518799, 0.35814), (2.0835264, 0.00009518799, 0.30226), (1.8295261, 3.1115954, 0.30226), (1.8295261, 0.00009515487, 0.35814), (1.8295261, 0.000035670666, 0.30226), (1.8295261, 3.1115952, 0.35814), (1.8295261, 0.00009515487, 0.35814), (1.8295261, 3.1115954, 0.30226), (1.8295264, 0.381, 0.30226), (1.7786052, 0.000059493028, 0.30226), (1.7786052, 0.381, 0.30226), (1.8295261, 0.000035670666, 0.30226), (1.7786052, 0.000059493028, 0.30226), (1.8295264, 0.381, 0.30226), (2.0828001, 0, 0.24637999), (-2.7598188e-9, 0, 0.30226), (2.0828001, 0, 0.30226), (-1.3799094e-9, 0, 0.24637999), (-2.7598188e-9, 0, 0.30226), (2.0828001, 0, 0.24637999), (-2.7598535e-9, 0.00009518799, 0.30226), (0.254, 0.00009518799, 0.35814), (0.254, 0.00009518799, 0.30226), (-1.3799094e-9, 0.00009518799, 0.35814), (0.254, 0.00009518799, 0.35814), (-2.7598535e-9, 0.00009518799, 0.30226), (0.30492103, 2.730595, 0.30226), (0.254, 2.730595, 0.30226), (0.30492103, 3.1115952, 0.30226), (0.30492103, 3.1115952, 0.30226), (0.254, 2.730595, 0.30226), (0.254, 3.1115954, 0.30226), (0.55892104, 3.1115954, 0.30226), (0.55892104, 0.00009518799, 0.35814), (0.55892104, 3.1115954, 0.35814), (0.55892104, 0.000059493028, 0.30226), (0.55892104, 0.00009518799, 0.35814), (0.55892104, 3.1115954, 0.30226), (0.55892104, 2.730595, 0.30226), (0.60984206, 3.1115952, 0.30226), (0.60984206, 2.730595, 0.30226), (0.55892104, 3.1115954, 0.30226), (0.60984206, 3.1115952, 0.30226), (0.55892104, 2.730595, 0.30226), (0.8638422, 2.730595, 0.30226), (0.91476303, 3.1115952, 0.30226), (0.9147632, 2.730595, 0.30226), (0.8638422, 3.1115954, 0.30226), (0.91476303, 3.1115952, 0.30226), (0.8638422, 2.730595, 0.30226), (0.91476303, 3.1115952, 0.30226), (0.91476303, 0.00009518799, 0.35814), (0.91476303, 0.000059442824, 0.30226), (0.91476303, 3.1115952, 0.35814), (0.91476303, 0.00009518799, 0.35814), (0.91476303, 3.1115952, 0.30226), (1.2196841, 2.730595, 0.30226), (1.1687632, 2.730595, 0.30226), (1.2196841, 3.1115952, 0.30226), (1.2196841, 3.1115952, 0.30226), (1.1687632, 2.730595, 0.30226), (1.168763, 3.1115954, 0.30226), (2.0828001, 2.730595, 0.24637999), (0, 2.730595, 0.30226), (2.0828001, 2.730595, 0.30226), (0, 2.730595, 0.24637999), (0, 2.730595, 0.30226), (2.0828001, 2.730595, 0.24637999), (0.30492103, 2.730595, 0.30226), (0.55892104, 1.7462976, 0.30226), (0.55892104, 2.730595, 0.30226), (0.30492103, 1.7462976, 0.30226), (0.55892104, 1.7462976, 0.30226), (0.30492103, 2.730595, 0.30226), (-1.9515864e-8, 1.7462975, 0.24637999), (2.0828001, 1.7462975, 0.30226), (-5.7364755e-8, 1.7462975, 0.30226), (2.0828001, 1.7462975, 0.24637999), (2.0828001, 1.7462975, 0.30226), (-1.9515864e-8, 1.7462975, 0.24637999), (0, 1.3652976, 0.24637999), (2.0828001, 1.3652976, 0.30226), (2.0828001, 1.3652976, 0.24637999), (0, 1.3652976, 0.30226), (2.0828001, 1.3652976, 0.30226), (0, 1.3652976, 0.24637999), (0.25399995, 0.38100004, 0.30226), (7.219114e-16, 1.3652976, 0.30226), (-5.7364815e-8, 0.381, 0.30226), (0.254, 1.3652976, 0.30226), (7.219114e-16, 1.3652976, 0.30226), (0.25399995, 0.38100004, 0.30226), (1.7786052, 0.381, 0.30226), (1.5246053, 1.3652976, 0.30226), (1.5246053, 0.38099992, 0.30226), (1.7786052, 1.3652976, 0.30226), (1.5246053, 1.3652976, 0.30226), (1.7786052, 0.381, 0.30226), (1.778605, 3.1115954, 0.30226), (1.778605, 0.00009525178, 0.35814), (1.778605, 3.1115954, 0.35814), (1.778605, 0.000059493028, 0.30226), (1.778605, 0.00009525178, 0.35814), (1.778605, 3.1115954, 0.30226), (1.7786052, 0.00009518799, 0.30226), (1.5246053, 0.00009518799, 0.35814), (1.7786052, 0.00009518799, 0.35814), (1.5246053, 0.00009518799, 0.30226), (1.5246053, 0.00009518799, 0.35814), (1.7786052, 0.00009518799, 0.30226), (1.5246053, 3.1115954, 0.30226), (1.5246053, 0.00009515487, 0.35814), (1.5246053, 0.000059417995, 0.30226), (1.5246053, 3.1115952, 0.35814), (1.5246053, 0.00009515487, 0.35814), (1.5246053, 3.1115954, 0.30226), (1.7786052, 0.00009525178, 0.35814), (1.5246053, 3.1115952, 0.35814), (1.7786052, 3.1115954, 0.35814), (1.5246053, 0.00009515487, 0.35814), (1.5246053, 3.1115952, 0.35814), (1.7786052, 0.00009525178, 0.35814), (1.5246053, 0.38099992, 0.30226), (1.4736842, 0.000059493028, 0.30226), (1.4736842, 0.38100004, 0.30226), (1.5246053, 0.000059417995, 0.30226), (1.4736842, 0.000059493028, 0.30226), (1.5246053, 0.38099992, 0.30226), (1.4736841, 3.1115954, 0.30226), (1.4736841, 0.00009525178, 0.35814), (1.4736841, 3.1115954, 0.35814), (1.4736841, 0.000059493028, 0.30226), (1.4736841, 0.00009525178, 0.35814), (1.4736841, 3.1115954, 0.30226), (1.4736842, 0.00009518799, 0.30226), (1.2196841, 0.00009518799, 0.35814), (1.4736842, 0.00009518799, 0.35814), (1.2196841, 0.00009518799, 0.30226), (1.2196841, 0.00009518799, 0.35814), (1.4736842, 0.00009518799, 0.30226), (1.2196841, 0.38099995, 0.30226), (1.1687632, 0.000059493028, 0.30226), (1.168763, 0.38100004, 0.30226), (1.2196841, 0.000059417995, 0.30226), (1.1687632, 0.000059493028, 0.30226), (1.2196841, 0.38099995, 0.30226), (1.4736842, 0.38100004, 0.30226), (1.2196841, 1.3652976, 0.30226), (1.2196841, 0.38099995, 0.30226), (1.4736842, 1.3652977, 0.30226), (1.2196841, 1.3652976, 0.30226), (1.4736842, 0.38100004, 0.30226), (1.2196841, 1.7462976, 0.30226), (1.1687632, 1.3652976, 0.30226), (1.1687632, 1.7462976, 0.30226), (1.2196841, 1.3652976, 0.30226), (1.1687632, 1.3652976, 0.30226), (1.2196841, 1.7462976, 0.30226), (1.2196841, 2.730595, 0.30226), (1.4736842, 1.7462976, 0.30226), (1.4736842, 2.730595, 0.30226), (1.2196841, 1.7462976, 0.30226), (1.4736842, 1.7462976, 0.30226), (1.2196841, 2.730595, 0.30226), (1.4736842, 2.730595, 0.30226), (1.5246053, 3.1115954, 0.30226), (1.5246053, 2.7305954, 0.30226), (1.4736842, 3.1115954, 0.30226), (1.5246053, 3.1115954, 0.30226), (1.4736842, 2.730595, 0.30226), (1.5246053, 1.3652976, 0.30226), (1.4736842, 1.7462976, 0.30226), (1.5246053, 1.7462976, 0.30226), (1.4736842, 1.3652977, 0.30226), (1.4736842, 1.7462976, 0.30226), (1.5246053, 1.3652976, 0.30226), (1.7786052, 2.730595, 0.30226), (1.5246053, 1.7462976, 0.30226), (1.7786052, 1.7462976, 0.30226), (1.5246053, 2.7305954, 0.30226), (1.5246053, 1.7462976, 0.30226), (1.7786052, 2.730595, 0.30226), (1.7786052, 2.730595, 0.30226), (1.8295261, 3.1115954, 0.30226), (1.8295264, 2.7305954, 0.30226), (1.7786052, 3.1115954, 0.30226), (1.8295261, 3.1115954, 0.30226), (1.7786052, 2.730595, 0.30226), (1.7786052, 1.3652976, 0.30226), (1.8295264, 1.7462976, 0.30226), (1.8295264, 1.3652976, 0.30226), (1.7786052, 1.7462976, 0.30226), (1.8295264, 1.7462976, 0.30226), (1.7786052, 1.3652976, 0.30226), (1.168763, 0.38100004, 0.30226), (0.9147632, 1.3652976, 0.30226), (0.91476303, 0.38099995, 0.30226), (1.1687632, 1.3652976, 0.30226), (0.9147632, 1.3652976, 0.30226), (1.168763, 0.38100004, 0.30226), (0.91476303, 0.38099995, 0.30226), (0.8638422, 0.000059493028, 0.30226), (0.86384207, 0.38100004, 0.30226), (0.91476303, 0.000059442824, 0.30226), (0.8638422, 0.000059493028, 0.30226), (0.91476303, 0.38099995, 0.30226), (0.86384207, 0.38100004, 0.30226), (0.60984206, 1.3652976, 0.30226), (0.60984206, 0.38099995, 0.30226), (0.8638422, 1.3652976, 0.30226), (0.60984206, 1.3652976, 0.30226), (0.86384207, 0.38100004, 0.30226), (0.60984206, 0.38099995, 0.30226), (0.55892104, 0.000059493028, 0.30226), (0.55892104, 0.38100004, 0.30226), (0.60984206, 0.000059442824, 0.30226), (0.55892104, 0.000059493028, 0.30226), (0.60984206, 0.38099995, 0.30226), (0.55892104, 0.38100004, 0.30226), (0.30492103, 1.3652976, 0.30226), (0.30492103, 0.38099995, 0.30226), (0.55892104, 1.3652976, 0.30226), (0.30492103, 1.3652976, 0.30226), (0.55892104, 0.38100004, 0.30226), (0.30492103, 0.38099995, 0.30226), (0.254, 0.000059493028, 0.30226), (0.25399995, 0.38100004, 0.30226), (0.30492103, 0.000059442824, 0.30226), (0.254, 0.000059493028, 0.30226), (0.30492103, 0.38099995, 0.30226), (0.23598085, 0.24200791, 0.055880006), (0.08358087, 0.3707395, 0.24637999), (0.08358086, 0.3707395, 0.055880006), (0.23598087, 0.24200791, 0.24637999), (0.08358087, 0.3707395, 0.24637999), (0.23598085, 0.24200791, 0.055880006), (1.0007418, 0.014674316, 0.24637999), (1.153142, 0.16534272, 0.24637999), (1.0007418, 0.014674318, 0.055880006), (1.0007418, 0.014674318, 0.055880006), (1.153142, 0.16534272, 0.24637999), (1.153142, 0.16534272, 0.055880006), (1.1502075, 1.6042564, 0.055880006), (0.9978076, 1.7329878, 0.24637999), (0.9978076, 1.7329878, 0.055880006), (1.1502075, 1.6042564, 0.24637999), (0.9978076, 1.7329878, 0.24637999), (1.1502075, 1.6042564, 0.055880006), (1.999219, 1.3759719, 0.055880006), (1.8468189, 1.5047036, 0.24637999), (1.999219, 1.3759719, 0.24637999), (1.8468189, 1.5047036, 0.055880006), (1.8468189, 1.5047036, 0.24637999), (1.999219, 1.3759719, 0.055880006), (0.23891528, 2.8950343, 0.055880006), (0.086515225, 2.7443662, 0.24637999), (0.23891531, 2.8950343, 0.24637999), (0.086515196, 2.7443657, 0.055880006), (0.086515225, 2.7443662, 0.24637999), (0.23891528, 2.8950343, 0.055880006), (0.23598078, 2.969968, 0.055880006), (0.08358079, 3.0986993, 0.24637999), (0.08358078, 3.0986993, 0.055880006), (0.23598081, 2.969968, 0.24637999), (0.08358079, 3.0986993, 0.24637999), (0.23598078, 2.969968, 0.055880006), (0.23891516, 1.5310545, 0.055880006), (0.08651519, 1.380386, 0.24637999), (0.23891516, 1.5310545, 0.24637999), (0.08651519, 1.380386, 0.055880006), (0.08651519, 1.380386, 0.24637999), (0.23891516, 1.5310545, 0.055880006), (0.08358086, 1.7347195, 0.055880006), (0.2359809, 1.6059878, 0.24637999), (0.08358086, 1.7347195, 0.24637999), (0.2359809, 1.6059878, 0.055880006), (0.2359809, 1.6059878, 0.24637999), (0.08358086, 1.7347195, 0.055880006), (1.1502075, 2.9682364, 0.055880006), (0.99780756, 3.0969677, 0.24637999), (0.99780756, 3.0969677, 0.055880006), (1.1502075, 2.9682364, 0.24637999), (0.99780756, 3.0969677, 0.24637999), (1.1502075, 2.9682364, 0.055880006), (1.153142, 2.8933027, 0.055880006), (1.0007421, 2.7426343, 0.24637999), (1.153142, 2.8933027, 0.24637999), (1.0007421, 2.7426343, 0.055880006), (1.0007421, 2.7426343, 0.24637999), (1.153142, 2.8933027, 0.055880006), (1.8468189, 2.8686836, 0.055880006), (1.999219, 2.739952, 0.24637999), (1.999219, 2.739952, 0.055880006), (1.8468189, 2.8686838, 0.24637999), (1.999219, 2.739952, 0.24637999), (1.8468189, 2.8686836, 0.055880006), (1.843885, 2.9436176, 0.055880006), (1.9962848, 3.094286, 0.24637999), (1.8438847, 2.9436176, 0.24637999), (1.996285, 3.094286, 0.055880006), (1.9962848, 3.094286, 0.24637999), (1.843885, 2.9436176, 0.055880006), (1.8468189, 0.14072359, 0.055880006), (1.999219, 0.011991994, 0.24637999), (1.999219, 0.011991993, 0.055880006), (1.8468189, 0.14072359, 0.24637999), (1.999219, 0.011991994, 0.24637999), (1.8468189, 0.14072359, 0.055880006), (1.9962848, 0.3663257, 0.055880006), (1.8438847, 0.21565734, 0.24637999), (1.8438847, 0.21565734, 0.055880006), (1.9962848, 0.3663257, 0.24637999), (1.8438847, 0.21565734, 0.24637999), (1.9962848, 0.3663257, 0.055880006), (0.30492103, 1.7462976, 0.30226), (0.254, 1.3652976, 0.30226), (0.25399998, 1.7462976, 0.30226), (0.30492103, 1.3652976, 0.30226), (0.254, 1.3652976, 0.30226), (0.30492103, 1.7462976, 0.30226), (0.55892104, 1.3652976, 0.30226), (0.60984206, 1.7462976, 0.30226), (0.60984206, 1.3652976, 0.30226), (0.55892104, 1.7462976, 0.30226), (0.60984206, 1.7462976, 0.30226), (0.55892104, 1.3652976, 0.30226), (0.8638422, 1.3652976, 0.30226), (0.9147632, 1.7462976, 0.30226), (0.9147632, 1.3652976, 0.30226), (0.8638422, 1.7462976, 0.30226), (0.9147632, 1.7462976, 0.30226), (0.8638422, 1.3652976, 0.30226), (1.1687632, 2.730595, 0.30226), (0.9147632, 1.7462976, 0.30226), (1.1687632, 1.7462976, 0.30226), (0.9147632, 2.730595, 0.30226), (0.9147632, 1.7462976, 0.30226), (1.1687632, 2.730595, 0.30226), (0.8638422, 2.730595, 0.30226), (0.60984206, 1.7462976, 0.30226), (0.8638422, 1.7462976, 0.30226), (0.60984206, 2.730595, 0.30226), (0.60984206, 1.7462976, 0.30226), (0.8638422, 2.730595, 0.30226), (-5.7364815e-8, 1.7462975, 0.30226), (0.25399998, 1.7462976, 0.30226), (0, 2.730595, 0.30226), (0, 2.730595, 0.30226), (0.25399998, 1.7462976, 0.30226), (0.254, 2.730595, 0.30226)]
            uniform token subdivisionScheme = "none"
        }
    }
}

def "Render" (
    hide_in_stage_window = true
    no_delete = true
)
{
    def "OmniverseKit"
    {
        def "HydraTextures" (
            hide_in_stage_window = true
            no_delete = true
        )
        {
            def RenderProduct "omni_kit_widget_viewport_ViewportTexture_0" (
                apiSchemas = ["OmniRtxSettingsCommonAdvancedAPI_1", "OmniRtxSettingsRtAdvancedAPI_1", "OmniRtxSettingsPtAdvancedAPI_1", "OmniRtxPostColorGradingAPI_1", "OmniRtxPostChromaticAberrationAPI_1", "OmniRtxPostBloomPhysicalAPI_1", "OmniRtxPostMatteObjectAPI_1", "OmniRtxPostCompositingAPI_1", "OmniRtxPostDofAPI_1", "OmniRtxPostMotionBlurAPI_1", "OmniRtxPostTvNoiseAPI_1", "OmniRtxPostTonemapIrayReinhardAPI_1", "OmniRtxPostDebugSettingsAPI_1", "OmniRtxDebugSettingsAPI_1"]
                hide_in_stage_window = true
                no_delete = true
            )
            {
                rel camera = </OmniverseKit_Persp>
                token omni:rtx:ambientOcclusion:denoiserMode = "none"
                token omni:rtx:background:source:texture:textureMode = "repeatMirrored"
                token omni:rtx:background:source:type = "domeLight"
                bool omni:rtx:debug:view:pixelDebug:enableFixedTextPos = 1
                token omni:rtx:directLighting:sampledLighting:denoisingTechnique = "None"
                bool omni:rtx:dlss:frameGeneration = 0
                float3 omni:rtx:domeLight:rotationAxis = (0, 0, 1)
                bool omni:rtx:indirectDiffuse:denoiser:enabled = 0
                bool omni:rtx:material:db:syncLoads = 1
                token omni:rtx:post:dlss:execMode = "performance"
                bool omni:rtx:post:registeredCompositing:invertColorCorrection = 1
                bool omni:rtx:post:registeredCompositing:invertToneMap = 1
                bool omni:rtx:pt:adaptiveSampling:filterError = 0
                uint omni:rtx:pt:adaptiveSampling:fixedSppIterations = 2
                uint omni:rtx:pt:maxSamplesPerLaunch = 2073600
                uint omni:rtx:pt:mgpu:maxPixelsPerRegionExponent = 12
                bool omni:rtx:reflections:denoiser:enabled = 0
                token omni:rtx:rendermode = "RealTimePathTracing"
                color3f omni:rtx:rt:ambientLight:color = (0.1, 0.1, 0.1)
                bool omni:rtx:rt:demoire = 0
                bool omni:rtx:rt:lightcache:spatialCache:dontResolveConflicts = 1
                int omni:rtx:rt:sss:samples = 1
                uint omni:rtx:rtpt:maxVolumeBounces = 15
                float omni:rtx:rtpt:modulatingRoughnessThreshold = 0.08
                bool omni:rtx:scene:hydra:materialSyncLoads = 1
                bool omni:rtx:scene:hydra:mdlMaterialWarmup = 1
                rel orderedVars = </Render/Vars/LdrColor>
                custom bool overrideClipRange = 0
                uniform int2 resolution = (1280, 720)
            }
        }
    }

    def RenderSettings "OmniverseGlobalRenderSettings" (
        apiSchemas = ["OmniRtxSettingsGlobalRtAdvancedAPI_1", "OmniRtxSettingsGlobalPtAdvancedAPI_1"]
        no_delete = true
    )
    {
        rel products = </Render/OmniverseKit/HydraTextures/omni_kit_widget_viewport_ViewportTexture_0>
    }

    def "Vars"
    {
        def RenderVar "LdrColor" (
            hide_in_stage_window = true
            no_delete = true
        )
        {
            uniform string sourceName = "LdrColor"
            uniform token sourceType = "raw"
        }
    }
}

over "OmniverseKit_Persp" (
    apiSchemas = ["OmniRtxCameraAutoExposureAPI_1", "OmniRtxCameraExposureAPI_1"]
    customData = {
        dictionary omni = {
            dictionary kit = {
                bool hide_in_stage_window = 1
                bool no_delete = 1
            }
        }
    }
    hide_in_stage_window = true
    kind = "component"
    no_delete = true
)
{
    float2 clippingRange = (0.01, 10000000)
    float exposure:fStop = 5
    float exposure:responsivity = 1.1026709
    float exposure:time = 0.02
    float focalLength = 18.147562
    float focusDistance = 400
    custom uniform vector3d omni:kit:centerOfInterest = (0, 0, -8.660254037844386)
    float3 xformOp:rotateXYZ = (54.73561, -6.3611094e-15, 135)
    float3 xformOp:scale = (1, 1, 1)
    double3 xformOp:translate = (5, 5, 5)
    uniform token[] xformOpOrder = ["xformOp:translate", "xformOp:rotateXYZ", "xformOp:scale"]
}

over "OmniverseKit_Front" (
    customData = {
        dictionary omni = {
            dictionary kit = {
                bool hide_in_stage_window = 1
                bool no_delete = 1
            }
        }
    }
    hide_in_stage_window = true
    kind = "component"
    no_delete = true
)
{
    float2 clippingRange = (1, 10000000)
    float horizontalAperture = 50
    custom uniform vector3d omni:kit:centerOfInterest = (0, 0, -5)
    token projection = "orthographic"
    float verticalAperture = 50
    float3 xformOp:rotateXYZ = (90, -1.2722219e-14, 90)
    float3 xformOp:scale = (1, 1, 1)
    double3 xformOp:translate = (5, 0, 0)
    uniform token[] xformOpOrder = ["xformOp:translate", "xformOp:rotateXYZ", "xformOp:scale"]
}

over "OmniverseKit_Right" (
    customData = {
        dictionary omni = {
            dictionary kit = {
                bool hide_in_stage_window = 1
                bool no_delete = 1
            }
        }
    }
    hide_in_stage_window = true
    kind = "component"
    no_delete = true
)
{
    float2 clippingRange = (1, 10000000)
    float horizontalAperture = 50
    custom uniform vector3d omni:kit:centerOfInterest = (0, 0, -5)
    token projection = "orthographic"
    float verticalAperture = 50
    float3 xformOp:rotateXYZ = (90, 7.06225e-31, -1.2722219e-14)
    float3 xformOp:scale = (1, 1, 1)
    double3 xformOp:translate = (0, -5, 0)
    uniform token[] xformOpOrder = ["xformOp:translate", "xformOp:rotateXYZ", "xformOp:scale"]
}

over "OmniverseKit_Top" (
    customData = {
        dictionary omni = {
            dictionary kit = {
                bool hide_in_stage_window = 1
                bool no_delete = 1
            }
        }
    }
    hide_in_stage_window = true
    kind = "component"
    no_delete = true
)
{
    float2 clippingRange = (1, 10000000)
    float horizontalAperture = 50
    custom uniform vector3d omni:kit:centerOfInterest = (0, 0, -5)
    token projection = "orthographic"
    float verticalAperture = 50
    float3 xformOp:rotateXYZ = (1.2722219e-14, -7.016709e-15, -90)
    float3 xformOp:scale = (1, 1, 1)
    double3 xformOp:translate = (0, 0, 5)
    uniform token[] xformOpOrder = ["xformOp:translate", "xformOp:rotateXYZ", "xformOp:scale"]
}

